class,tf,side,rule,n_assets,years,edge_dsharpe,fold_sd,edge_t,n_folds_scored,exposure,fold_coverage,edge_vs_random,edge_vs_constant,edge_wealth,edge_headroom,sharpe,bench_sharpe,max_dd,bench_max_dd,profit_factor,trades_per_asset,expectancy,win_rate,avg_win,avg_loss,expectancy_r,roi,roi_ann,roe_ann,bench_roi,avg_pnl_per_asset,avg_bench_pnl_per_asset,wealth,bench_wealth,breadth,long_frac,short_frac,turnover_yr,max_leverage,noise_ceiling,n_trials,edge_gate_dsharpe,edge_gate_t,edge_gate_vs_random,edge_gate_vs_constant,edge_gate_wealth,edge_gate_headroom,edge_passed,edge_n,edge_powered,edge_rankable,edge_verdict,above_ceiling
crypto,5m,short,CDL2CROWS,20,3.429658268290769,-0.8246455541666667,1.2424203280726012,-1.3274823914801213,4,1.0,1.0,0.0,0.0,-12377.30394164816,0.0,-0.567182380475454,0.5228396897266194,-0.9565576725425158,-0.7890730334690031,0.0,1.0,-0.8885363814204429,0.0,0.0,0.8885363814204429,-1.0,-0.888536381420463,-0.492449794433827,-0.4924497944338225,0.3592540968896206,-7963.8537871796,6689.013890882079,1114.6361857953696,13592.540968896206,0.15,0.0,1.0,0.0,1.0,1.7520702456948671,416,False,False,True,True,False,False,2,6,False,True,underpowered,False
crypto,5m,short,CDL3BLACKCROWS,20,3.429658268290769,-0.8246455541666667,1.2424203280726012,-1.3274823914801213,4,1.0,1.0,0.0,0.0,-12377.30394164816,0.0,-0.567182380475454,0.5228396897266194,-0.9565576725425158,-0.7890730334690031,0.0,1.0,-0.8885363814204429,0.0,0.0,0.8885363814204429,-1.0,-0.888536381420463,-0.492449794433827,-0.4924497944338225,0.3592540968896206,-7963.8537871796,6689.013890882079,1114.6361857953696,13592.540968896206,0.15,0.0,1.0,0.0,1.0,1.7520702456948671,416,False,False,True,True,False,False,2,6,False,True,underpowered,False
crypto,5m,short,CDLADVANCEBLOCK,20,3.429658268290769,-0.8246455541666667,1.2424203280726012,-1.3274823914801213,4,1.0,1.0,0.0,0.0,-12377.30394164816,0.0,-0.567182380475454,0.5228396897266194,-0.9565576725425158,-0.7890730334690031,0.0,1.0,-0.8885363814204429,0.0,0.0,0.8885363814204429,-1.0,-0.888536381420463,-0.492449794433827,-0.4924497944338225,0.3592540968896206,-7963.8537871796,6689.013890882079,1114.6361857953696,13592.540968896206,0.15,0.0,1.0,0.0,1.0,1.7520702456948671,416,False,False,True,True,False,False,2,6,False,True,underpowered,False
crypto,5m,short,CDLDARKCLOUDCOVER,20,3.429658268290769,-0.8246455541666667,1.2424203280726012,-1.3274823914801213,4,1.0,1.0,0.0,0.0,-12377.30394164816,0.0,-0.567182380475454,0.5228396897266194,-0.9565576725425158,-0.7890730334690031,0.0,1.0,-0.8885363814204429,0.0,0.0,0.8885363814204429,-1.0,-0.888536381420463,-0.492449794433827,-0.4924497944338225,0.3592540968896206,-7963.8537871796,6689.013890882079,1114.6361857953696,13592.540968896206,0.15,0.0,1.0,0.0,1.0,1.7520702456948671,416,False,False,True,True,False,False,2,6,False,True,underpowered,False
crypto,5m,short,CDLEVENINGDOJISTAR,20,3.429658268290769,-0.8246455541666667,1.2424203280726012,-1.3274823914801213,4,1.0,1.0,0.0,0.0,-12377.30394164816,0.0,-0.567182380475454,0.5228396897266194,-0.9565576725425158,-0.7890730334690031,0.0,1.0,-0.8885363814204429,0.0,0.0,0.8885363814204429,-1.0,-0.888536381420463,-0.492449794433827,-0.4924497944338225,0.3592540968896206,-7963.8537871796,6689.013890882079,1114.6361857953696,13592.540968896206,0.15,0.0,1.0,0.0,1.0,1.7520702456948671,416,False,False,True,True,False,False,2,6,False,True,underpowered,False
crypto,5m,short,CDLEVENINGSTAR,20,3.429658268290769,-0.8246455541666667,1.2424203280726012,-1.3274823914801213,4,1.0,1.0,0.0,0.0,-12377.30394164816,0.0,-0.567182380475454,0.5228396897266194,-0.9565576725425158,-0.7890730334690031,0.0,1.0,-0.8885363814204429,0.0,0.0,0.8885363814204429,-1.0,-0.888536381420463,-0.492449794433827,-0.4924497944338225,0.3592540968896206,-7963.8537871796,6689.013890882079,1114.6361857953696,13592.540968896206,0.15,0.0,1.0,0.0,1.0,1.7520702456948671,416,False,False,True,True,False,False,2,6,False,True,underpowered,False
crypto,5m,short,CDLIDENTICAL3CROWS,20,3.429658268290769,-0.8246455541666667,1.2424203280726012,-1.3274823914801213,4,1.0,1.0,0.0,0.0,-12377.30394164816,0.0,-0.567182380475454,0.5228396897266194,-0.9565576725425158,-0.7890730334690031,0.0,1.0,-0.8885363814204429,0.0,0.0,0.8885363814204429,-1.0,-0.888536381420463,-0.492449794433827,-0.4924497944338225,0.3592540968896206,-7963.8537871796,6689.013890882079,1114.6361857953696,13592.540968896206,0.15,0.0,1.0,0.0,1.0,1.7520702456948671,416,False,False,True,True,False,False,2,6,False,True,underpowered,False
crypto,5m,short,CDLINNECK,20,3.429658268290769,-0.8246455541666667,1.2424203280726012,-1.3274823914801213,4,1.0,1.0,0.0,0.0,-12377.30394164816,0.0,-0.567182380475454,0.5228396897266194,-0.9565576725425158,-0.7890730334690031,0.0,1.0,-0.8885363814204429,0.0,0.0,0.8885363814204429,-1.0,-0.888536381420463,-0.492449794433827,-0.4924497944338225,0.3592540968896206,-7963.8537871796,6689.013890882079,1114.6361857953696,13592.540968896206,0.15,0.0,1.0,0.0,1.0,1.7520702456948671,416,False,False,True,True,False,False,2,6,False,True,underpowered,False
crypto,5m,short,CDLONNECK,20,3.429658268290769,-0.8246455541666667,1.2424203280726012,-1.3274823914801213,4,1.0,1.0,0.0,0.0,-12377.30394164816,0.0,-0.567182380475454,0.5228396897266194,-0.9565576725425158,-0.7890730334690031,0.0,1.0,-0.8885363814204429,0.0,0.0,0.8885363814204429,-1.0,-0.888536381420463,-0.492449794433827,-0.4924497944338225,0.3592540968896206,-7963.8537871796,6689.013890882079,1114.6361857953696,13592.540968896206,0.15,0.0,1.0,0.0,1.0,1.7520702456948671,416,False,False,True,True,False,False,2,6,False,True,underpowered,False
crypto,5m,short,CDLSHOOTINGSTAR,20,3.429658268290769,-0.8246455541666667,1.2424203280726012,-1.3274823914801213,4,1.0,1.0,0.0,0.0,-12377.30394164816,0.0,-0.567182380475454,0.5228396897266194,-0.9565576725425158,-0.7890730334690031,0.0,1.0,-0.8885363814204429,0.0,0.0,0.8885363814204429,-1.0,-0.888536381420463,-0.492449794433827,-0.4924497944338225,0.3592540968896206,-7963.8537871796,6689.013890882079,1114.6361857953696,13592.540968896206,0.15,0.0,1.0,0.0,1.0,1.7520702456948671,416,False,False,True,True,False,False,2,6,False,True,underpowered,False
crypto,5m,short,CDLSTALLEDPATTERN,20,3.429658268290769,-0.8246455541666667,1.2424203280726012,-1.3274823914801213,4,1.0,1.0,0.0,0.0,-12377.30394164816,0.0,-0.567182380475454,0.5228396897266194,-0.9565576725425158,-0.7890730334690031,0.0,1.0,-0.8885363814204429,0.0,0.0,0.8885363814204429,-1.0,-0.888536381420463,-0.492449794433827,-0.4924497944338225,0.3592540968896206,-7963.8537871796,6689.013890882079,1114.6361857953696,13592.540968896206,0.15,0.0,1.0,0.0,1.0,1.7520702456948671,416,False,False,True,True,False,False,2,6,False,True,underpowered,False
crypto,5m,short,CDLTHRUSTING,20,3.429658268290769,-0.8246455541666667,1.2424203280726012,-1.3274823914801213,4,1.0,1.0,0.0,0.0,-12377.30394164816,0.0,-0.567182380475454,0.5228396897266194,-0.9565576725425158,-0.7890730334690031,0.0,1.0,-0.8885363814204429,0.0,0.0,0.8885363814204429,-1.0,-0.888536381420463,-0.492449794433827,-0.4924497944338225,0.3592540968896206,-7963.8537871796,6689.013890882079,1114.6361857953696,13592.540968896206,0.15,0.0,1.0,0.0,1.0,1.7520702456948671,416,False,False,True,True,False,False,2,6,False,True,underpowered,False
crypto,5m,short,CDLUPSIDEGAP2CROWS,20,3.429658268290769,-0.8246455541666667,1.2424203280726012,-1.3274823914801213,4,1.0,1.0,0.0,0.0,-12377.30394164816,0.0,-0.567182380475454,0.5228396897266194,-0.9565576725425158,-0.7890730334690031,0.0,1.0,-0.8885363814204429,0.0,0.0,0.8885363814204429,-1.0,-0.888536381420463,-0.492449794433827,-0.4924497944338225,0.3592540968896206,-7963.8537871796,6689.013890882079,1114.6361857953696,13592.540968896206,0.15,0.0,1.0,0.0,1.0,1.7520702456948671,416,False,False,True,True,False,False,2,6,False,True,underpowered,False
crypto,5m,short,CDL3STARSINSOUTH,20,3.429658268290769,-0.8254954902777779,1.243725105639043,-1.3274565039090804,4,1.0,1.0,0.0,0.0,-12377.30394164816,0.0,-0.567182380475454,0.5228396897266194,-0.9565576725425158,-0.7890730334690031,0.0,1.0,-0.788760121915598,0.0,0.0,0.788760121915598,-1.0,-0.8890595637140061,-0.492449794433827,-0.4924497944338225,0.3592540968896206,-7965.963511800076,6689.013890882079,1109.4043628599395,13592.540968896206,0.15,0.0,1.0,0.0,1.0,1.7539102525747927,416,False,False,True,True,False,False,2,6,False,True,underpowered,False
crypto,5m,short,CDLMATHOLD,20,3.429658268290769,-0.8262378361111112,1.244852460225889,-1.3274470067901596,4,1.0,1.0,0.0,0.0,-12379.026341420413,0.0,-0.565737630860383,0.5228396897266194,-0.9563335454699416,-0.7890730334690031,0.0,1.0,-0.51889435239442,0.0,0.0,0.6272757196047654,-0.8272189344764781,-0.8886239804452084,-0.492449794433827,-0.4924497944338225,0.3592540968896206,-7965.804911927834,6689.013890882079,1113.7601955479158,13592.540968896206,0.15,0.0,1.0,0.0,1.0,1.7555000562695091,416,False,False,True,True,False,False,2,6,False,True,underpowered,False
crypto,5m,short,CDLCONCEALBABYSWALL,20,3.429658268290769,-0.8278277444444445,1.2409667358380632,-1.3341658894432604,4,1.0,1.0,0.0,0.0,-12395.031411540593,0.0,-0.5701631825428757,0.5228396897266194,-0.9565576725425158,-0.7890730334690031,0.0,3.0,-0.419809838121751,0.0,0.0,0.4745058220688123,-0.8847306367947381,-0.8887512269108545,-0.4929877606199122,-0.4929877606199049,0.3592540968896206,-7967.087225147496,6689.013890882079,1112.487730891455,13592.540968896206,0.15,1.6683790925358962e-05,0.9999833162090748,1.1651633888918422,1.0,1.7500203792801263,416,False,False,True,True,False,False,2,6,False,True,underpowered,False
crypto,5m,long,CDLUPSIDEGAP2CROWS,20,3.429658268290769,-0.674508075,1.6215183976395156,-0.8319462498629656,4,8.918234715075141e-05,1.0,4.020446440981486,-986.106764846475,-2043.126530667808,0.0,-0.596277265833668,0.5228396897266194,-0.0099489738266922,-0.7890730334690031,0.4837711130642409,4.5,-0.0009923979793566,0.4,0.0017574335786462,0.0026549737717717,-0.3737882422448253,0.1467485479569806,0.0413970995611889,-0.999997156357758,0.3592540968896206,1468.589965695166,6689.013890882079,11467.485479569808,13592.540968896206,0.0,0.0,8.918234715075141e-05,3.1096025546772617,1.0,2.2866771197782576,416,False,False,True,False,False,False,1,6,False,False,unrankable,False
crypto,5m,long,BBANDS,20,3.429658268290769,-0.829842109375,0.6943908019653925,-2.390129900990129,4,1.0,1.0,3.6038596296357257,-0.0233428769392183,-7430.345765346325,0.0,-0.3116828095321764,0.5228396897266194,-0.9054925448558192,-0.7890730334690031,0.2770593449979471,3.5,-0.0448046926973613,0.3021806853582554,0.0319307640157986,0.1807540780950586,-0.2478765246657311,-0.7509799624328459,-0.3853955871970698,-0.4600241431762007,0.3592540968896206,-4803.778574794553,6689.013890882079,2490.2003756715408,13592.540968896206,0.15,0.2894742668544161,0.624633476879799,1.4570376502227336,1.0,0.9792349944041382,416,False,False,True,False,False,False,1,6,False,True,underpowered,False
crypto,5m,short,BBANDS,20,3.429658268290769,-0.8608364444444444,0.8235552366987507,-2.090537236810336,4,1.0,1.0,0.6223807158617358,-0.0034524971062782,-8179.847773594995,0.0,-0.3625945458154863,0.5228396897266194,-0.9347458386876328,-0.7890730334690031,0.1353047646884646,3.5,-0.0639681214475918,0.2605140186915887,0.0179443654061813,0.229818196949879,-0.2783422822760316,-0.8856711241611352,-0.4845400252166206,-0.4845400252166119,0.3592540968896206,-5932.18036607453,6689.013890882079,1143.2887583886472,13592.540968896206,0.15,0.2894742668544161,0.7105257331455839,1.4570376502227336,1.0,1.1613836262197386,416,False,False,True,False,False,False,1,6,False,True,underpowered,False
crypto,5m,long,CDLBREAKAWAY,20,3.429658268290769,-0.8794636888888889,0.6849523761142522,-2.567955728186836,4,0.0001001233464439,1.0,4.284749779870072,-4792.488443999931,-2124.2219703870933,0.0,-0.4163221953711093,0.5228396897266194,-0.0108502352021863,-0.7890730334690031,0.4864225896000061,6.0,-0.0010898286461923,0.5,0.0024283540663315,0.0034922057584889,-0.3120745802400616,0.1489592352743618,0.0413540420888371,-0.9999999956338094,0.3592540968896206,1428.3381207367634,6689.013890882079,11489.592352743615,13592.540968896206,0.05,3.338587258513724e-05,5.008131554379134e-05,3.4967561888893544,1.0,0.9659248571451688,416,False,False,True,False,False,False,1,6,False,False,unrankable,False
crypto,5m,long,CDLMATHOLD,20,3.429658268290769,-0.9417743571428572,0.7289426344383231,-2.23776324606647,3,0.0,0.75,4.543779863279614,-19421.03573699511,-1940.944401921828,0.0,-0.2964821723364618,0.5228396897266194,0.0,-0.7890730334690031,0.0,0.0,-0.0004466340699266,0.0,0.0,0.0004466340699266,-1.0,0.1627837598918559,0.0450078650542999,-0.9995928480609336,0.3592540968896206,1545.0831287707686,6689.013890882079,11627.83759891856,13592.540968896206,0.05,0.0,0.0,0.0,1.0,1.1869862444112886,416,False,False,True,False,False,False,1,6,False,False,unrankable,False
crypto,5m,long,CDL2CROWS,20,3.429658268290769,-1.3729659637161085,1.1469001103706435,-2.3942206497345397,4,0.0001585134771189,1.0,4.248797610273408,-647.4477788764596,-2749.8627787925334,0.0,-0.7364982373420239,0.5228396897266194,-0.0192160840515047,-0.7890730334690031,0.4585159858633384,9.5,-0.0010434066007697,0.3452380952380952,0.0040779097128622,0.0041851967971536,-0.2493088500591905,0.1316403806217998,0.0373262905809713,-0.999999987894751,0.3592540968896206,1187.1411179405368,6689.013890882079,11316.403806217995,13592.540968896206,0.05,0.0,0.0001585134771189,5.541217130530329,1.0,1.6173669351352895,416,False,False,True,False,False,False,1,6,False,False,unrankable,False
crypto,5m,long,CDLCONCEALBABYSWALL,20,3.429658268290769,-1.4735528750000002,0.5699043717053893,-5.1712285364315465,4,1.6683790925358962e-05,1.0,5.321098272139093,-5356.234675426245,-2009.8334405631376,0.0,-0.4504968389590083,0.5228396897266194,-0.0018957771163939,-0.7890730334690031,0.0,1.0,-0.0014198703403566,0.0,0.0,0.0014198703403566,-1.0,0.1616929435391589,0.0447604037558069,-0.9999999999813818,0.3592540968896206,1529.5999265108223,6689.013890882079,11616.92943539159,13592.540968896206,0.1,1.6683790925358962e-05,0.0,0.5825816944459211,1.0,0.8036833187569127,416,False,False,True,False,False,False,1,6,False,False,unrankable,False
crypto,5m,long,CDLLADDERBOTTOM,20,3.429658268290769,-1.5249426583333334,0.9283704850897728,-3.28520279958248,4,0.0006256926255405,1.0,3.693161963780859,-247.75391238436495,-2451.202572554708,0.0,-1.1451334643364506,0.5228396897266194,-0.0478136202798824,-0.7890730334690031,0.4883688110035892,33.5,-0.0015338676049431,0.3721160184574819,0.0037770279158609,0.0050327107178324,-0.3047796090302189,0.0666074266705403,0.0214115349175859,-0.999999999997561,0.3592540968896206,661.9589644679693,6689.013890882079,10666.074266705404,13592.540968896206,0.0,0.0006256926255405,0.0,21.86808385838644,1.0,1.309194857130551,416,False,False,True,False,False,False,1,6,False,False,unrankable,False
crypto,5m,long,CDLUNIQUE3RIVER,20,3.429658268290769,-1.6282846976190477,1.003152077312437,-3.2463366910058444,4,0.0005590007043397,1.0,3.466016257464504,-206.67848324285563,-2995.12801944688,0.0,-1.2856289155386864,0.5228396897266194,-0.0446285585313204,-0.7890730334690031,0.5277844515478549,31.0,-0.0010808523136644,0.4127659574468085,0.0037883159563155,0.0045356700657288,-0.2383004711544789,0.0710745783824631,0.0202122180423615,-0.9999999944384224,0.3592540968896206,633.1805532506125,6689.013890882079,10710.745783824632,13592.540968896206,0.0,0.0005590007043397,0.0,19.54235617549384,1.0,1.414652406156874,416,False,False,True,False,False,False,1,6,False,False,unrankable,False
crypto,5m,long,CDLKICKINGBYLENGTH,20,3.429658268290769,-1.7673255220588235,0.7418319564192921,-4.764759745830929,4,0.000271160082646,1.0,3.580656480558923,-2981.9327605628378,-2002.996486113072,0.0,-1.0952090727243489,0.5228396897266194,-0.0218518105671511,-0.7890730334690031,0.4817336815752972,16.5,-0.0009183800575631,0.375,0.002820287531182,0.0031272343748814,-0.2936716432064473,0.120938908043834,0.0344448283293867,-0.999999898310448,0.3592540968896206,1130.5801287386544,6689.013890882079,11209.38908043834,13592.540968896206,0.1,0.0001501610065817,0.0001251506217415,9.623612987663495,1.0,1.0461368578572567,416,False,False,True,False,False,False,1,6,False,False,unrankable,False
crypto,5m,long,CDLABANDONEDBABY,20,3.429658268290769,-1.859697717575188,0.7383394762189892,-5.037513982317822,4,0.0002642001743195,1.0,3.6944529496308847,-1515.978533947166,-2600.5157795678106,0.0,-0.873143373147528,0.5228396897266194,-0.0265030349275118,-0.7890730334690031,0.4736625349522395,15.5,-0.0012294274596569,0.360813492063492,0.0030947928219938,0.0034761617461814,-0.3536738360945093,0.1143269648343006,0.0332501578162754,-0.999999998150218,0.3592540968896206,1061.1964650248906,6689.013890882079,11143.269648343006,13592.540968896206,0.0,0.0001084675503684,0.0001585312425864,9.045441034333006,1.0,1.0412117367011005,416,False,False,True,False,False,False,1,6,False,False,unrankable,False
crypto,5m,long,CDLRISEFALL3METHODS,20,3.429658268290769,-2.1787425224673207,0.8235188663900347,-5.291299595886673,4,0.0011248261454189,1.0,3.440047056130699,-535.8199532971544,-3701.869551254405,0.0,-1.534426652989321,0.5228396897266194,-0.0694309281778811,-0.7890730334690031,0.5559263700255168,67.0,-0.0011308196670535,0.3649334178820545,0.0045440561693564,0.0045050490789111,-0.251011619906012,0.0061179115535823,0.0017519877789931,-0.999999997784475,0.3592540968896206,394.637664136709,6689.013890882079,10061.179115535824,13592.540968896206,0.05,0.0004588587352444,0.0006760376839331,39.05912071292531,1.0,1.1613323365440238,416,False,False,True,False,False,False,1,6,False,False,unrankable,False
crypto,5m,long,CDL3STARSINSOUTH,20,3.429658268290769,-2.253157333333333,0.3929124816092423,-9.932448475029403,3,0.0,0.75,4.361570988010008,-19421.975607753466,-1962.3367154778443,0.0,-0.7648335690439707,0.5228396897266194,0.0,-0.7890730334690031,0.0,0.0,-0.0010999999999999,0.0,0.0,0.0010999999999999,-1.0,0.1628911406752554,0.0450081025576546,-0.9999999956742484,0.3592540968896206,1558.5858276933154,6689.013890882079,11628.911406752555,13592.540968896206,0.0,0.0,0.0,0.0,1.0,0.6398057801723153,416,False,False,True,False,False,False,1,6,False,False,unrankable,False
crypto,5m,long,CDL3BLACKCROWS,20,3.429658268290769,-2.283597059722222,0.9969674101128044,-4.581086676572184,4,0.0013684152116883,1.0,3.40071662048736,-56.97832280641551,-4370.4533139499845,0.0,-1.6656885141201163,0.5228396897266194,-0.1204443566952257,-0.7890730334690031,0.5323989657993995,82.0,-0.001443543030987,0.3592452830188679,0.0048993450321189,0.0045726715157317,-0.315689204007046,-0.0409481777970411,-0.0142251270887487,-0.9999999999851208,0.3592540968896206,-484.5568281369577,6689.013890882079,9590.518222029588,13592.540968896206,0.0,0.0,0.0013684152116883,47.87264955175088,1.0,1.4059307431776376,416,False,False,True,False,False,False,1,6,False,False,unrankable,False
crypto,5m,long,CDLTASUKIGAP,20,3.429658268290769,-2.3096071241310163,1.279935520965074,-3.60894292923376,4,0.0021523035443684,1.0,2.6322938108482354,-907.700364905805,-5108.688702051533,0.0,-2.1086956562813928,0.5228396897266194,-0.1772324777823999,-0.7890730334690031,0.5912053719016498,120.0,-0.0010414747655816,0.3845029239766082,0.0035734477431644,0.0042606128367169,-0.2444424794026072,-0.102802570006555,-0.0373425887276794,-0.9999999889030572,0.3592540968896206,-1220.3306619487278,6689.013890882079,8971.974299934449,13592.540968896206,0.0,0.0010449912259061,0.0010613904396612,75.04737829531655,1.0,1.8049744454598315,416,False,False,True,False,False,False,1,6,False,False,unrankable,False
crypto,5m,long,CDLKICKING,20,3.429658268290769,-2.578816980521156,0.5687509109310883,-9.068352879820225,4,0.000271160082646,1.0,3.624183381732269,-2881.2036573711466,-2055.9101649533404,0.0,-1.2086464999327362,0.5228396897266194,-0.0230936708776801,-0.7890730334690031,0.3339276374802604,16.5,-0.0016165820125055,0.3153153153153153,0.0027494770177778,0.0034556394719421,-0.467809800655203,0.1131951911444959,0.0328592791298525,-0.9999999999988876,0.3592540968896206,1009.7438259067774,6689.013890882079,11131.951911444958,13592.540968896206,0.1,0.000150169150164,0.0001168097589137,9.623612987663495,1.0,0.8020566999254548,416,False,False,True,False,False,False,1,6,False,False,unrankable,False
crypto,5m,long,CDLHIKKAKEMOD,20,3.429658268290769,-2.7695015861111107,0.4741133542192387,-11.682866814295394,4,0.0032483157228252,1.0,2.8564966178405653,-566.7935120331952,-6373.770904860061,0.0,-1.829843611915446,0.5228396897266194,-0.2586618724975845,-0.7890730334690031,0.6392827067385285,177.5,-0.0009638282152122,0.380251572327044,0.0050537913912436,0.0045627610882872,-0.2112379317177929,-0.1960988503149133,-0.0617043025880202,-0.9999998599807648,0.3592540968896206,-2341.303569440024,6689.013890882079,8039.011496850866,13592.540968896206,0.0,0.0015655808201195,0.0017756594568486,103.5391951655152,1.0,0.6685981243584243,416,False,False,True,False,False,False,1,6,False,False,unrankable,False
crypto,5m,long,CDLHOMINGPIGEON,20,3.429658268290769,-3.373718615277778,2.160975811938556,-3.122402940967026,4,0.0072613320171041,1.0,1.3096769866033764,-11.892340280829178,-8736.285574522386,0.0,-3.579166672943765,0.5228396897266194,-0.56130538086653,-0.7890730334690031,0.5913979606445938,403.5,-0.0010393394738421,0.4015172195801784,0.0038482806514713,0.0042739804768723,-0.2431783391305374,-0.5160326380067197,-0.2023045302697952,-0.9999999877449736,0.3592540968896206,-4856.324411253068,6689.013890882079,4839.673619932803,13592.540968896206,0.0,0.0072613320171041,0.0,246.0524530586723,1.0,3.0474239162179937,416,False,False,True,False,False,False,1,6,False,False,unrankable,False
crypto,5m,long,LINEARREG_INTERCEPT_1000,20,3.429658268290769,-3.4368308875,1.218138851454054,-5.642757200293815,4,1.0,1.0,2.070401821849104,-1.560125219379302,-13586.857413308411,0.0,-2.571647756014957,0.5228396897266194,-0.99978465454078,-0.7890730334690031,0.6030687468306257,3286.5,-0.0021221769885835,0.0667328534065761,0.0516997594418836,0.006236241023848,-0.3402974613181394,-0.9996893841079726,-0.9102694145963324,-0.9102694145963331,0.3592540968896206,-9989.148020082028,6689.013890882079,3.1061589202744124,13592.540968896206,0.0,0.4763101440699728,0.5236898559300271,1915.35253563786,1.0,1.7178283295384484,416,False,False,True,False,False,False,1,6,False,True,underpowered,False
crypto,5m,short,LINEARREG_INTERCEPT_1000,20,3.429658268290769,-3.4368308875,1.218138851454054,-5.642757200293815,4,1.0,1.0,4.102613786827471,-1.560125219379302,-13586.857413308411,0.0,-2.571647756014957,0.5228396897266194,-0.99978465454078,-0.7890730334690031,0.6030687468306257,3286.5,-0.0021221769885835,0.0667328534065761,0.0516997594418836,0.006236241023848,-0.3402974613181394,-0.9996893841079726,-0.9102694145963324,-0.9102694145963331,0.3592540968896206,-9989.148020082028,6689.013890882079,3.1061589202744124,13592.540968896206,0.0,0.4763101440699728,0.5236898559300271,1915.35253563786,1.0,1.7178283295384484,416,False,False,True,False,False,False,1,6,False,True,underpowered,False
crypto,5m,long,CDL3LINESTRIKE,20,3.429658268290769,-4.315657643055556,0.5145859192928208,-16.77332193226907,4,0.0077196624972101,1.0,1.481303621337721,-143.71412986046872,-11012.101738432702,0.0,-3.502852239290438,0.5228396897266194,-0.5560859922316312,-0.7890730334690031,0.5905169930381741,452.5,-0.0010940171835576,0.4020158481365378,0.0043252798657339,0.0051643352010173,-0.2118408548194444,-0.5485797824176939,-0.2088656298330977,-0.9999999958464444,0.3592540968896206,-5210.285312027991,6689.013890882079,4514.20217582306,13592.540968896206,0.0,0.0042534722678989,0.003319838452738,269.73568976776505,1.0,0.7256728320319361,416,False,False,True,False,False,False,1,6,False,False,unrankable,False
crypto,5m,long,CDLDARKCLOUDCOVER,20,3.429658268290769,-4.3165599125,0.8084251345087314,-10.678935446813174,4,0.0070868160066172,1.0,0.8779482442203959,-7.751337741276992,-8321.45877292321,0.0,-3.904639222867358,0.5228396897266194,-0.5329520586818759,-0.7890730334690031,0.5881859103253999,419.0,-0.0010090447309635,0.3757351748195019,0.0039249046478748,0.0041483233281373,-0.2432415824772889,-0.5244520798474733,-0.1948467009333163,-0.9999999789013918,0.3592540968896206,-4985.961180457342,6689.013890882079,4755.479201525266,13592.540968896206,0.0,0.0,0.0070868160066172,244.18616322112183,1.0,1.1400470453038585,416,False,False,True,False,False,False,1,6,False,False,unrankable,False
crypto,5m,long,CDLPIERCING,20,3.429658268290769,-4.404605339912281,0.8735819759259824,-10.084011486714736,4,0.0057834699658297,1.0,0.574182250069494,-14.146942414137628,-7519.546906583323,0.0,-4.100155938792744,0.5228396897266194,-0.440889198850837,-0.7890730334690031,0.5528875312025947,336.0,-0.0011088868530039,0.3758515252791011,0.0036566545651749,0.0039346384935484,-0.2818268704538312,-0.4365891503651472,-0.158973901033507,-0.999999995871104,0.3592540968896206,-4498.304767596621,6689.013890882079,5634.108496348528,13592.540968896206,0.0,0.0057834699658297,0.0,199.82252355256628,1.0,1.231931700256118,416,False,False,True,False,False,False,1,6,False,False,unrankable,False
crypto,5m,long,CDLSTICKSANDWICH,20,3.429658268290769,-4.4636872375,1.0647720737521071,-8.38430561344569,4,0.0049714186712453,1.0,0.995854384224794,-15.027739383826702,-6349.8785285613,0.0,-3.671790109018407,0.5228396897266194,-0.3856618912588156,-0.7890730334690031,0.5641131731384574,239.5,-0.0010100022762063,0.3672544729051358,0.0030832516064054,0.003666333811233,-0.2754801739852137,-0.3616934900827677,-0.1423851963861236,-0.9999999821202162,0.3592540968896206,-3617.438374273053,6689.013890882079,6383.065099172323,13592.540968896206,0.0,0.0049714186712453,0.0,172.80799083312695,1.0,1.501549376419148,416,False,False,True,False,False,False,1,6,False,False,unrankable,False
crypto,5m,long,CDLEVENINGDOJISTAR,20,3.429658268290769,-4.488339544444445,0.7521329975281591,-11.93496245795653,4,0.0056321680734609,1.0,1.491140598183049,-8.818134818549375,-8913.490134536514,0.0,-3.593805914698031,0.5228396897266194,-0.4301936512501197,-0.7890730334690031,0.5564976935067707,333.5,-0.0010393593893422,0.3694350521273598,0.0041483169806167,0.0039137556514972,-0.2655657332477227,-0.427686876072788,-0.1500648650964794,-0.9999999391691472,0.3592540968896206,-4318.683887687662,6689.013890882079,5723.131239272119,13592.540968896206,0.0,0.0,0.0056321680734609,196.58003775171767,1.0,1.060663461470161,416,False,False,True,False,False,False,1,6,False,False,unrankable,False
crypto,5m,long,T3_1000,20,3.429658268290769,-4.581171280555556,1.21456112445142,-7.543747594629674,4,1.0,1.0,1.2012731380384416,-2.588015137351475,-13591.578364403966,0.0,-3.3296090401730245,0.5228396897266194,-0.9999818291773548,-0.7890730334690031,0.5588552814870313,4398.0,-0.0021667698340639,0.055306962336213,0.0508031050671122,0.0054546195184619,-0.397235742425335,-0.9999744737370172,-0.9599656031150128,-0.9599656031150136,0.3592540968896206,-9998.897414919496,6689.013890882079,0.2552626298262638,13592.540968896206,0.0,0.4933002171115267,0.5066997828884732,2592.3084540166165,1.0,1.7127829927173277,416,False,False,True,False,False,False,1,6,False,True,underpowered,False
crypto,5m,short,T3_1000,20,3.429658268290769,-4.581171280555556,1.21456112445142,-7.543747594629674,4,1.0,1.0,3.2029872497494662,-2.588015137351475,-13591.578364403966,0.0,-3.3296090401730245,0.5228396897266194,-0.9999818291773548,-0.7890730334690031,0.5588552814870313,4398.0,-0.0021667698340639,0.055306962336213,0.0508031050671122,0.0054546195184619,-0.397235742425335,-0.9999744737370172,-0.9599656031150128,-0.9599656031150136,0.3592540968896206,-9998.897414919496,6689.013890882079,0.2552626298262638,13592.540968896206,0.0,0.4933002171115267,0.5066997828884732,2592.3084540166165,1.0,1.7127829927173277,416,False,False,True,False,False,False,1,6,False,True,underpowered,False
crypto,5m,long,TRIX,20,3.429658268290769,-4.5923313583333325,1.7086501932670448,-5.375390909654259,4,1.0,1.0,1.0763521767094502,-3.0926166281146186,-13591.727602424318,0.0,-3.3654313779159115,0.5228396897266194,-0.9999887412211668,-0.7890730334690031,0.7100901196876789,4476.5,-0.0022452075877025,0.2732725008792943,0.0206591837290735,0.0111088039847705,-0.2021106494254955,-0.9999876751895758,-0.963030910374466,-0.9630309103744668,0.3592540968896206,-9995.203631047712,6689.013890882079,0.123248104241793,13592.540968896206,0.0,0.4965031659455127,0.5034968340544874,2614.463396576153,1.0,2.409551016094641,416,False,False,True,False,False,False,1,6,False,True,underpowered,False
crypto,5m,short,TRIX,20,3.429658268290769,-4.5923313583333325,1.7086501932670448,-5.375390909654259,4,1.0,1.0,3.0966228756723995,-3.0926166281146186,-13591.727602424318,0.0,-3.3654313779159115,0.5228396897266194,-0.9999887412211668,-0.7890730334690031,0.7100901196876789,4476.5,-0.0022452075877025,0.2732725008792943,0.0206591837290735,0.0111088039847705,-0.2021106494254955,-0.9999876751895758,-0.963030910374466,-0.9630309103744668,0.3592540968896206,-9995.203631047712,6689.013890882079,0.123248104241793,13592.540968896206,0.0,0.4965031659455127,0.5034968340544874,2614.463396576153,1.0,2.409551016094641,416,False,False,True,False,False,False,1,6,False,True,underpowered,False
crypto,5m,long,CDLTRISTAR,20,3.429658268290769,-4.769814861695906,1.6469132274611202,-5.792430083337235,4,0.0025593541012639,1.0,1.4661408750355298,-552.5807930553931,-6304.78838000554,0.0,-3.4524983196913377,0.5228396897266194,-0.2139350456845116,-0.7890730334690031,0.3676595904832961,163.5,-0.001309037616275,0.3059652302875504,0.0025897187125621,0.0030545276778694,-0.4285564756080914,-0.1856837446110818,-0.0666923646143353,-0.9999999999725072,0.3592540968896206,-2537.4815972114734,6689.013890882079,8143.162553889181,13592.540968896206,0.0,0.0013276734246278,0.0012316806766361,95.41203221375758,1.0,2.322489094775433,416,False,False,True,False,False,False,1,6,False,False,unrankable,False
crypto,5m,long,CDLMORNINGDOJISTAR,20,3.429658268290769,-4.775009143055556,0.8038324534566778,-11.880608011089471,4,0.0056748504497597,1.0,0.8419859209916956,-14.62406501590926,-8034.010097970381,0.0,-3.9715036707561735,0.5228396897266194,-0.4742875545675996,-0.7890730334690031,0.51544789734041,330.5,-0.0012400009165939,0.3619461636703016,0.0037939943388262,0.0041083384832499,-0.3018254025683612,-0.4705153897113777,-0.1713858091588933,-0.9999999996437994,0.3592540968896206,-4577.382749394474,6689.013890882079,5294.846102886223,13592.540968896206,0.0,0.0056748504497597,0.0,197.4831474129268,1.0,1.133570412849081,416,False,False,True,False,False,False,1,6,False,False,unrankable,False
crypto,5m,long,CDLINNECK,20,3.429658268290769,-4.846238668055555,1.127897726854552,-8.593400895612412,4,0.0056154541784943,1.0,0.8583040919712701,-11.044719748240428,-6076.846635239856,0.0,-4.254106523065331,0.5228396897266194,-0.3898620080250105,-0.7890730334690031,0.4776109125842738,281.0,-0.0010694849448115,0.3525209327451157,0.0032943260011588,0.0036293497291478,-0.2946767395333579,-0.3841400788615972,-0.1401117113789206,-0.999999990112477,0.3592540968896206,-4196.915015965531,6689.013890882079,6158.599211384028,13592.540968896206,0.0,0.0,0.0056154541784943,194.67997849515385,1.0,1.5905696347341638,416,False,False,True,False,False,False,1,6,False,False,unrankable,False
crypto,5m,long,CDLONNECK,20,3.429658268290769,-5.0338590666666665,1.105283239352193,-9.108722339111944,4,0.0064598807549238,1.0,0.7629479349108754,-9.653746698717368,-6883.84808611109,0.0,-4.280488190412669,0.5228396897266194,-0.4482078486444912,-0.7890730334690031,0.4857323766547062,299.5,-0.0010030298047343,0.3612042514155569,0.003307062998551,0.0036599828398517,-0.2740531441330534,-0.4439555827666109,-0.1751254231948272,-0.9999999709442884,0.3592540968896206,-4683.137188915484,6689.013890882079,5560.4441723338905,13592.540968896206,0.0,0.0,0.0064598807549238,223.72015227813213,1.0,1.558678518837832,416,False,False,True,False,False,False,1,6,False,False,unrankable,False
crypto,5m,short,MIDPRICE_1000,20,3.429658268290769,-5.5120968319444446,1.4110562100799091,-7.812724670454185,4,1.0,1.0,2.311971736807086,-1.833765326159849,-13592.382260424882,0.0,-4.262831760176123,0.5228396897266194,-0.999998900043746,-0.7890730334690031,0.5460526831581443,5602.0,-0.0022454268498609,0.0654195923606642,0.0403295339589364,0.0053507022382196,-0.4196508700899147,-0.9999985216999652,-0.981629506905878,-0.9816295069058784,0.3592540968896206,-9999.781564695551,6689.013890882079,0.0147830003478493,13592.540968896206,0.0,0.4837327838602985,0.5162672161397015,3264.722428491274,1.0,1.9898818015311053,416,False,False,True,False,False,False,1,6,False,True,underpowered,False
crypto,5m,long,MIDPRICE_1000,20,3.429658268290769,-5.523010838888888,1.4189095335506734,-7.784866770283978,4,0.9987124474183404,1.0,0.4151319972616978,-1.863719304342958,-13592.38279850281,0.0,-4.262127502049825,0.5228396897266194,-0.9999988076331192,-0.7890730334690031,0.5527194903760336,5600.5,-0.0021512986740616,0.0660653692395218,0.0399019508172715,0.0052929895095047,-0.4064430262328149,-0.9999984034353768,-0.9811387786404626,-0.979192034089296,0.3592540968896206,-9999.781807097736,6689.013890882079,0.0159656462307154,13592.540968896206,0.0,0.4837327838602985,0.515631747091702,3267.8771043404518,1.0,2.0009566158045398,416,False,False,True,False,False,False,1,6,False,True,underpowered,False
crypto,5m,short,MIDPOINT_1000,20,3.429658268290769,-5.539076544444445,1.4968693707193084,-7.400881670499659,4,1.0,1.0,2.2552718765437905,-1.6520079814696889,-13592.476596902785,0.0,-4.093130080056801,0.5228396897266194,-0.9999984988710446,-0.7890730334690031,0.5288574336666703,5546.5,-0.0022645901952052,0.0629432638086388,0.0420972528343302,0.0053883082602517,-0.420278515227226,-0.9999981842398212,-0.9793568589590808,-0.9793568589590812,0.3592540968896206,-9999.778694724217,6689.013890882079,0.018157601786174,13592.540968896206,0.0,0.47525368380222,0.5247463161977799,3230.541868310853,1.0,2.110896149130012,416,False,False,True,False,False,False,1,6,False,True,underpowered,False
crypto,5m,long,MIDPOINT_1000,20,3.429658268290769,-5.556409958333333,1.5056731173857876,-7.380632481478588,4,0.9987623311176974,1.0,0.457100527967019,-1.6704095089701685,-13592.476193213532,0.0,-4.100547448785267,0.5228396897266194,-0.9999985393318318,-0.7890730334690031,0.5371619816321154,5540.5,-0.002182361293538,0.0641449323467287,0.0419944105411381,0.0053083762760231,-0.4111165411154696,-0.9999982254183534,-0.9799310128112996,-0.9772827698713562,0.3592540968896206,-9999.777012027847,6689.013890882079,0.0177458164664661,13592.540968896206,0.0,0.47525368380222,0.5239412526178667,3227.0469303007394,1.0,2.1233112571546067,416,False,False,True,False,False,False,1,6,False,True,underpowered,False
crypto,5m,long,TRIMA_1000,20,3.429658268290769,-5.668118431944444,1.5571522911501554,-7.2801080076218065,4,1.0,1.0,0.1832602163498724,-1.7732442775197137,-13592.51425517237,0.0,-4.448251134368324,0.5228396897266194,-0.9999994103280738,-0.7890730334690031,0.5059449001196386,5714.0,-0.0022307493245933,0.0580240331298905,0.042816615876565,0.0052117862747942,-0.4280201080734889,-0.9999993271486276,-0.984454232457713,-0.9844542324577136,0.3592540968896206,-9999.69036375764,6689.013890882079,0.006728513723381,13592.540968896206,0.0,0.4800360225775707,0.5199639774224293,3337.5889040929287,1.0,2.195907565012372,416,False,False,True,False,False,False,1,6,False,True,underpowered,False
crypto,5m,short,TRIMA_1000,20,3.429658268290769,-5.668118431944444,1.5571522911501554,-7.2801080076218065,4,1.0,1.0,2.120450596954983,-1.7732442775197137,-13592.51425517237,0.0,-4.448251134368324,0.5228396897266194,-0.9999994103280738,-0.7890730334690031,0.5059449001196386,5714.0,-0.0022307493245933,0.0580240331298905,0.042816615876565,0.0052117862747942,-0.4280201080734889,-0.9999993271486276,-0.984454232457713,-0.9844542324577136,0.3592540968896206,-9999.69036375764,6689.013890882079,0.006728513723381,13592.540968896206,0.0,0.4800360225775707,0.5199639774224293,3337.5889040929287,1.0,2.195907565012372,416,False,False,True,False,False,False,1,6,False,True,underpowered,False
crypto,5m,long,CDLIDENTICAL3CROWS,20,3.429658268290769,-6.464036983333333,1.4008390476812396,-9.228807540784974,4,0.0085751051056692,1.0,0.3886221651282833,-4.974129252586134,-12523.201787566164,0.0,-3.946168062052264,0.5228396897266194,-0.6270621458585792,-0.7890730334690031,0.5628488801082456,491.5,-0.0012416739939998,0.3546089541509003,0.0043391541300562,0.0043496613174422,-0.2854645231849879,-0.6220628749584461,-0.2707294071293539,-0.9999999990721108,0.3592540968896206,-6723.3491654091,6689.013890882079,3779.371250415538,13592.540968896206,0.0,0.0,0.0085751051056692,291.1034633674328,1.0,1.975473484289619,416,False,False,True,False,False,False,1,6,False,False,unrankable,False
crypto,5m,long,CDLCOUNTERATTACK,20,3.429658268290769,-6.838889944949495,2.057745327765098,-6.646974096038564,4,0.003827028305163,1.0,0.1176833689295855,-509.6932290313852,-7606.867370631909,0.0,-4.945448375468743,0.5228396897266194,-0.3597279127139359,-0.7890730334690031,0.3604810474464363,232.5,-0.0012500045401354,0.3181238615664845,0.0022544055655807,0.0030769575202227,-0.4062469279865029,-0.3032313101767781,-0.1005573867065363,-0.9999999998209224,0.3592540968896206,-3404.06582334854,6689.013890882079,6967.6868982322185,13592.540968896206,0.0,0.0020386705981646,0.0017883577069984,135.5567914806614,1.0,2.9018475314130425,416,False,False,True,False,False,False,1,6,False,False,unrankable,False
crypto,5m,short,CDLBREAKAWAY,20,3.429658268290769,-0.8298016333333333,1.2408777698144229,-1.3374429835380688,4,1.0,1.0,-6.341038964914614e-05,-0.0005139421727324,-12407.271440722514,0.0,-0.5673232710350178,0.5228396897266194,-0.9577113264602748,-0.7890730334690031,0.0030444776312523,5.0,-0.2205106289926291,0.1909090909090909,0.0027083460626341,0.2903667447005057,-0.7594210873565134,-0.8914966994398029,-0.4987194466025277,-0.4987194466025243,0.3592540968896206,-7986.303772049156,6689.013890882079,1085.033005601971,13592.540968896206,0.15,3.338587258513724e-05,0.9999666141274148,2.3325939198184877,1.0,1.7498949187420334,416,False,False,False,False,False,False,0,6,False,True,underpowered,False
crypto,5m,short,CDLKICKINGBYLENGTH,20,3.429658268290769,-0.8378413055555556,1.2381482449644243,-1.3533780126298676,4,1.0,1.0,-0.0042869537087578,-0.0027640935432448,-12371.707969713423,0.0,-0.5587811073615414,0.5228396897266194,-0.9586630834363616,-0.7890730334690031,0.1993752613005768,19.0,-0.0659199013013523,0.3157894736842105,0.0460635670251077,0.1282547848233858,-0.5139761560718984,-0.8919710709482536,-0.4942879052982735,-0.4942879052982694,0.3592540968896206,-8022.770955397497,6689.013890882079,1080.2892905174645,13592.540968896206,0.15,0.0001501610065817,0.9998498389934184,10.497293183546793,1.0,1.7460457228084911,416,False,False,False,False,False,False,0,6,False,True,underpowered,False
crypto,5m,short,CDLKICKING,20,3.429658268290769,-0.8433429791666667,1.237173519630377,-1.3633382315176408,4,1.0,1.0,-0.0067774109509857,-0.0049920241306527,-12384.769515663207,0.0,-0.5599951279761862,0.5228396897266194,-0.9581225730025658,-0.7890730334690031,0.2176516556919614,19.0,-0.0720240919066322,0.3205128205128205,0.0599301286899383,0.1309282726958674,-0.5501034300966962,-0.8943256953057079,-0.4929011277610169,-0.4929011277610169,0.3592540968896206,-8042.749998259846,6689.013890882079,1056.7430469429205,13592.540968896206,0.15,0.000150169150164,0.999849830849836,10.491214751562865,1.0,1.744671158003874,416,False,False,False,False,False,False,0,6,False,True,underpowered,False
crypto,5m,short,CDLABANDONEDBABY,20,3.429658268290769,-0.8441430222222223,1.236392321058645,-1.365493796498891,4,1.0,1.0,-0.0097863418442059,-0.0035648316147625,-12461.679962940736,0.0,-0.568493671324422,0.5228396897266194,-0.9573514053170538,-0.7890730334690031,0.1965902554749365,14.0,-0.0793754301281411,0.3188405797101449,0.0589825364860692,0.1596351417500506,-0.497230304417705,-0.8906845299334493,-0.4969984897414619,-0.496998489741459,0.3592540968896206,-8081.30688627462,6689.013890882079,1093.154700665507,13592.540968896206,0.15,0.0001084675503684,0.9998915324496316,7.580706963283945,1.0,1.7435695060567955,416,False,False,False,False,False,False,0,6,False,True,underpowered,False
crypto,5m,short,CDLLADDERBOTTOM,20,3.429658268290769,-0.8808461902777778,1.2485634468161366,-1.4109754574730733,4,1.0,1.0,-0.0551746794717636,-0.0230545534101128,-12504.288213049218,0.0,-0.5848541683037938,0.5228396897266194,-0.9643021001603184,-0.7890730334690031,0.3908149051495044,68.0,-0.0227111288679598,0.3567921440261866,0.0433848031894681,0.0609056930581604,-0.3728900818232604,-0.902033120284316,-0.5127046778455353,-0.5127046778455271,0.3592540968896206,-8314.144477099726,6689.013890882079,979.668797156838,13592.540968896206,0.15,0.0006256926255405,0.9993743073744594,43.73616771677288,1.0,1.760733316737029,416,False,False,False,False,False,False,0,6,False,True,underpowered,False
crypto,5m,short,CDLUNIQUE3RIVER,20,3.429658268290769,-0.8822831555555556,1.263793101294209,-1.3962461967105824,4,1.0,1.0,-0.0395783142418402,-0.017878320493505,-12644.114411982311,0.0,-0.6108434030539703,0.5228396897266194,-0.9607673646824152,-0.7890730334690031,0.4431923548674069,63.0,-0.0209181182891273,0.3616298811544991,0.0445652178860075,0.0616195051156595,-0.3394723513255122,-0.8958019395444816,-0.5208222844868591,-0.5208222844868582,0.3592540968896206,-8373.573537351625,6689.013890882079,1041.9806045551836,13592.540968896206,0.15,0.0005590007043397,0.9994409992956604,39.08471235098767,1.0,1.7822102870186074,416,False,False,False,False,False,False,0,6,False,True,underpowered,False
crypto,5m,short,CDLRISEFALL3METHODS,20,3.429658268290769,-0.8830836569444444,1.23989434090846,-1.4244498548116875,4,1.0,1.0,-0.0337478950878645,-0.013543037529883,-12723.963368951612,0.0,-0.6334825101336494,0.5228396897266194,-0.9585784212944636,-0.7890730334690031,0.5401617467447262,56.0,-0.0244446650995991,0.3483316481294236,0.0770372619705192,0.0989977265207302,-0.2469214794996367,-0.9002072575054528,-0.5392243188939049,-0.5392243188938965,0.3592540968896206,-8170.160295746337,6689.013890882079,997.9274249454712,13592.540968896206,0.15,0.0004588587352444,0.9995411412647556,32.05624656864714,1.0,1.7485080800965591,416,False,False,False,False,False,False,0,6,False,True,underpowered,False
crypto,5m,short,CDLTASUKIGAP,20,3.429658268290769,-0.9224198111111112,1.2468390844783983,-1.4796132437522929,4,1.0,1.0,-0.0675307972259498,-0.0358871063887912,-12797.69892409871,0.0,-0.6784983679383911,0.5228396897266194,-0.9594113584375248,-0.7890730334690031,0.4393514312829365,121.0,-0.0120219776253972,0.3566451433084034,0.0322441327504535,0.0390925662995907,-0.3075259253451241,-0.8986115145531486,-0.5294046439919173,-0.529404643991912,0.3592540968896206,-8552.602131574378,6689.013890882079,1013.8848544685148,13592.540968896206,0.1,0.0010449912259061,0.998955008774094,73.0399037969313,1.0,1.7583016083397311,416,False,False,False,False,False,False,0,6,False,True,underpowered,False
crypto,5m,short,CDLHIKKAKEMOD,20,3.429658268290769,-1.014775425,1.2006040151669344,-1.6904414980802869,4,1.0,1.0,-0.0835320404522922,-0.0513494240316667,-13187.211671610692,0.0,-0.7338813473897996,0.5228396897266194,-0.9601142760499106,-0.7890730334690031,0.6271083631986016,172.0,-0.0073008567870931,0.3663556607714803,0.0522111807496329,0.0442526581554618,-0.1649812031956326,-0.9361106828845968,-0.5651904358056297,-0.5651904358056287,0.3592540968896206,-8576.348704791504,6689.013890882079,638.8931711540315,13592.540968896206,0.15,0.0015655808201195,0.9984344191798804,99.70694032139384,1.0,1.6931005749874155,416,False,False,False,False,False,False,0,6,False,True,underpowered,False
crypto,5m,short,CDLTRISTAR,20,3.429658268290769,-1.171062647222222,1.2405981225767466,-1.8879000796646408,4,1.0,1.0,-0.1132678428303456,-0.044815053244493,-12555.990216645385,0.0,-0.8208804465551364,0.5228396897266194,-0.9816318010184948,-0.7890730334690031,0.588528230938901,164.0,-0.0099908026429823,0.2995885778041212,0.0479734815464809,0.0321826746407759,-0.3104404079058077,-0.9677987323540382,-0.6328899700423447,-0.6328899700423436,0.3592540968896206,-8725.639043407975,6689.013890882079,322.0126764596173,13592.540968896206,0.1,0.0013276734246278,0.998672326575372,98.61629633373174,1.0,1.7495005581594247,416,False,False,False,False,False,False,0,6,False,True,underpowered,False
crypto,5m,short,CDL3LINESTRIKE,20,3.429658268290769,-1.2811310541666665,1.2001661530498775,-2.1349228203295683,4,1.0,1.0,-0.2918725760311839,-0.1170079912049607,-13377.880170987391,0.0,-0.9161355274968518,0.5228396897266194,-0.9807265201934976,-0.7890730334690031,0.6814104256302462,481.0,-0.004221781136782,0.3813537872840602,0.0317525803921551,0.0311075711662491,-0.1357155502182876,-0.9692731564608044,-0.6680064677560055,-0.6680064677560056,0.3592540968896206,-9116.410708623112,6689.013890882079,307.268435391956,13592.540968896206,0.15,0.0042534722678989,0.9957465277321008,297.2508773808222,1.0,1.6924830986231951,416,False,False,False,False,False,False,0,6,False,True,underpowered,False
crypto,5m,short,CDLCOUNTERATTACK,20,3.429658268290769,-1.3506122597222223,1.2807269743043204,-2.109133776081921,4,1.0,1.0,-0.1629660528791735,-0.0666925012064166,-12578.180726488034,0.0,-0.8271662437608829,0.5228396897266194,-0.9822569270785662,-0.7890730334690031,0.3600303798596185,249.0,-0.0068027875294483,0.3198380566801619,0.0230218962096505,0.0189339230896471,-0.359290966654875,-0.9699914158182916,-0.6401438546669871,-0.6401438546669868,0.3592540968896206,-8898.097475489934,6689.013890882079,300.0858418170823,13592.540968896206,0.1,0.0020386705981646,0.9979613294018354,144.59557600707674,1.0,1.8060905587551608,416,False,False,False,False,False,False,0,6,False,True,underpowered,False
crypto,5m,short,CDLSTICKSANDWICH,20,3.429658268290769,-1.360536752777778,1.2190469682272271,-2.232131801707869,4,1.0,1.0,-0.3075006670912322,-0.1117443183984274,-12965.545522323086,0.0,-0.988407814350825,0.5228396897266194,-0.9878751050987696,-0.7890730334690031,0.6836575457968691,480.0,-0.0043166900032334,0.3734155438575399,0.0267817596884325,0.0223871308332338,-0.1928201534796647,-0.981975292702431,-0.6906837511267889,-0.6906837511267891,0.3592540968896206,-9398.63543675646,6689.013890882079,180.24707297569,13592.540968896206,0.05,0.0049714186712453,0.9950285813287546,345.6159816662539,1.0,1.7191089624627032,416,False,False,False,False,False,False,0,6,False,True,underpowered,False
crypto,5m,short,CDLPIERCING,20,3.429658268290769,-1.3844894111111112,1.242996636946727,-2.227663969408549,4,1.0,1.0,-0.4168468195163114,-0.1609070417331073,-13268.636057139553,0.0,-1.0188567078424682,0.5228396897266194,-0.9849872773762972,-0.7890730334690031,0.6680831098481452,673.0,-0.0042666889771219,0.3704887299617244,0.0231994771288617,0.0197387616939563,-0.216157884839773,-0.9763448382636646,-0.6965049439074211,-0.6965049439074207,0.3592540968896206,-9574.237783863377,6689.013890882079,236.55161736335413,13592.540968896206,0.05,0.0057834699658297,0.9942165300341704,399.64504710513256,1.0,1.7528829606898413,416,False,False,False,False,False,False,0,6,False,True,underpowered,False
crypto,5m,short,CDLHOMINGPIGEON,20,3.429658268290769,-1.437994025,1.4605705847162405,-1.9690852876916916,4,1.0,1.0,-0.4746528659697601,-0.1994777969152915,-13428.601161160615,0.0,-1.0168591899981618,0.5228396897266194,-0.985232813413985,-0.7890730334690031,0.563531313087344,808.0,-0.0039515393197204,0.3664147584882387,0.0149266837423039,0.0147388620510857,-0.2681034197907644,-0.9791715838757368,-0.6910892536167528,-0.691089253616753,0.3592540968896206,-9534.833871298912,6689.013890882079,208.2841612426336,13592.540968896206,0.05,0.0072613320171041,0.9927386679828958,492.1049061173446,1.0,2.05970733526902,416,False,False,False,False,False,False,0,6,False,True,underpowered,False
crypto,5m,short,CDLMORNINGDOJISTAR,20,3.429658268290769,-1.452171534722222,1.2294203098024523,-2.3623678950863627,4,1.0,1.0,-0.445466616696659,-0.1648531292362042,-13286.937188415,0.0,-1.064197564726019,0.5228396897266194,-0.9855316806917176,-0.7890730334690031,0.6917196758061719,662.0,-0.0049885646454582,0.3587463834891774,0.0299484355179944,0.0223978387911659,-0.2227252679140541,-0.97712197454018,-0.6780781308008503,-0.6780781308008461,0.3592540968896206,-9542.010735233423,6689.013890882079,228.78025459819835,13592.540968896206,0.05,0.0056748504497597,0.9943251495502404,394.9662948258536,1.0,1.7337375247227695,416,False,False,False,False,False,False,0,6,False,True,underpowered,False
crypto,5m,short,CDLXSIDEGAP3METHODS,20,3.429658268290769,-1.687195422222222,1.194755077971016,-2.824336892691829,4,1.0,1.0,-0.6327807071485481,-0.2372089350356458,-13564.108920343717,0.0,-1.2637572586614882,0.5228396897266194,-0.9936606325743836,-0.7890730334690031,0.677208150001829,982.0,-0.003400038954705,0.3698226349862031,0.023814591475832,0.0199268448570486,-0.1706260564126568,-0.987738070755489,-0.7238729307150926,-0.7238729307150964,0.3592540968896206,-9735.62459998555,6689.013890882079,122.61929244511016,13592.540968896206,0.05,0.0086696641985575,0.9913303358014424,606.373517296083,1.0,1.6848523609181854,416,False,False,False,False,False,False,0,6,False,True,underpowered,False
crypto,5m,short,CDL3WHITESOLDIERS,20,3.429658268290769,-2.1629447055555557,1.274190490587928,-3.39500996363196,4,1.0,1.0,-0.6943673394258869,-0.284060498250375,-13553.534563345396,0.0,-1.3636033892379498,0.5228396897266194,-0.9965556122417282,-0.7890730334690031,0.6832535346504794,1202.0,-0.0031835487226688,0.3427351723681694,0.0240937122861885,0.0183571186780619,-0.1734231160401783,-0.9953060206315064,-0.7907954248372409,-0.790795424837241,0.3592540968896206,-9810.400709668314,6689.013890882079,46.93979368493388,13592.540968896206,0.05,0.010287220919409,0.989712779080591,701.8262807149542,1.0,1.7968727615474105,416,False,False,False,False,False,False,0,6,False,True,underpowered,False
crypto,5m,short,CDLGAPSIDESIDEWHITE,20,3.429658268290769,-2.433015052777778,1.45910143254668,-3.3349498513359044,4,1.0,1.0,-0.8346799884299423,-0.2565061697286951,-13319.330460197343,0.0,-1.3658430488426148,0.5228396897266194,-0.9955969826057854,-0.7890730334690031,0.6395850528504285,1153.0,-0.0034606679229649,0.3152751048761217,0.0215173882970018,0.0154146859235951,-0.2245046016583246,-0.9947206563306248,-0.7836998525419019,-0.7836998525419037,0.3592540968896206,-9810.482760504176,6689.013890882079,52.79343669375312,13592.540968896206,0.0,0.0110319223057612,0.9889680776942388,766.6614635804929,1.0,2.0576355261199555,416,False,False,False,False,False,False,0,6,False,True,underpowered,False
crypto,5m,short,CDLMORNINGSTAR,20,3.429658268290769,-2.437878559722222,1.1585331430697512,-4.208560755133176,4,1.0,1.0,-1.1341622360303143,-0.3226221269092006,-13577.74807194257,0.0,-1.817585489787966,0.5228396897266194,-0.9984321593819748,-0.7890730334690031,0.6839949064152133,1860.0,-0.0030532342416687,0.3640094551261376,0.0187597231789998,0.0154494518285393,-0.1976273511548512,-0.9981571853539772,-0.8440199461558844,-0.8440199461558867,0.3592540968896206,-9951.498631959465,6689.013890882079,18.42814646022895,13592.540968896206,0.0,0.0163573761475563,0.9836426238524436,1129.3249827276152,1.0,1.6337719230437864,416,False,False,False,False,False,False,0,6,False,True,underpowered,False
crypto,5m,short,CDL3INSIDE,20,3.429658268290769,-2.850200898611112,1.2128143523012704,-4.700143749458374,4,1.0,1.0,-1.417281660626739,-0.3795572634708165,-13587.273449768463,0.0,-2.2167615300278056,0.5228396897266194,-0.9995758104809502,-0.7890730334690031,0.672325726273584,2392.0,-0.0028235994458873,0.3438931475029035,0.0172788851711686,0.0136343911173523,-0.207093915788715,-0.9995184055574996,-0.8943214639698742,-0.8943214639698764,0.3592540968896206,-9977.978198218148,6689.013890882079,4.8159444250030194,13592.540968896206,0.0,0.0202946760719353,0.9797053239280646,1417.0515041336084,1.0,1.7103196818384454,416,False,False,False,False,False,False,0,6,False,True,underpowered,False
crypto,5m,short,CDLDOJISTAR,20,3.429658268290769,-3.958555693055556,1.314560724033803,-6.022628883827452,4,1.0,1.0,-2.128410790519152,-0.4560796043757651,-13589.842322552584,0.0,-3.2585102803342973,0.5228396897266194,-0.9999760496492108,-0.7890730334690031,0.6387720790423163,3275.0,-0.0026515068102904,0.3694232258012758,0.0128553070457357,0.0112110207594673,-0.2365089555339013,-0.9999730609076148,-0.954668792072059,-0.9546687920720592,0.3592540968896206,-9996.143231601747,6689.013890882079,0.2693909238516759,13592.540968896206,0.0,0.0306281057239236,0.9693718942760764,2117.4136846203764,1.0,1.853803160410089,416,False,False,False,False,False,False,0,6,False,True,underpowered,False
crypto,5m,short,CDLINVERTEDHAMMER,20,3.429658268290769,-5.512374813888889,1.77794572792618,-6.200835860517068,4,1.0,1.0,-2.8673237676901326,-0.4969499720059127,-13592.52777932875,0.0,-4.324438247904444,0.5228396897266194,-0.9999988527579524,-0.7890730334690031,0.6057962577696214,5102.0,-0.0023765327228337,0.3522964652160025,0.0103887188506446,0.0089086557170082,-0.2667667040153447,-0.999998753152956,-0.9814117245001472,-0.9814117245001478,0.3592540968896206,-9999.698900200432,6689.013890882079,0.0124684704394335,13592.540968896206,0.0,0.0448081827338987,0.9551918172661014,2994.3890197276,1.0,2.507272086566931,416,False,False,False,False,False,False,0,6,False,True,underpowered,False
crypto,5m,long,CDLXSIDEGAP3METHODS,20,3.429658268290769,-6.103910626388888,0.191573371340219,-63.7239986297347,4,0.0171098635054891,1.0,-0.8274039252652607,-374.52451944982727,-13314.587965474446,0.0,-5.359895782996194,0.5228396897266194,-0.8836226061055218,-0.7890730334690031,0.6180222147262293,978.0,-0.0010564698306285,0.3864367713681182,0.0047545174402705,0.0048025105120867,-0.2199828252264508,-0.8833511436593178,-0.4968480824616615,-0.9999999937974168,0.3592540968896206,-8035.630973818725,6689.013890882079,1166.488563406822,13592.540968896206,0.0,0.0086696641985575,0.008471465295651,597.6308894943697,1.0,0.2701581712795654,416,False,False,False,False,False,False,0,6,False,False,unrankable,False
crypto,5m,long,CDLTHRUSTING,20,3.429658268290769,-6.473816648611111,1.1330414696024171,-11.427325163804932,4,0.0137147046186306,1.0,-0.8552188602989248,-2.8099345557680917,-10962.045406264231,0.0,-6.048627925644755,0.5228396897266194,-0.8104772102201611,-0.7890730334690031,0.5450014479016987,799.0,-0.0011415377063663,0.3651427189163038,0.0038874216790356,0.0042546868353014,-0.2683012288695275,-0.8065653392082512,-0.3810147944274139,-0.9999999970321952,0.3592540968896206,-7905.5692602217505,6689.013890882079,1934.3466079174875,13592.540968896206,0.0,0.0,0.0137147046186306,469.592220984845,1.0,1.597823378428155,416,False,False,False,False,False,False,0,6,False,False,unrankable,False
crypto,5m,long,CDL3WHITESOLDIERS,20,3.429658268290769,-6.626506252777778,1.0668551477251234,-12.42250415514723,4,0.010287220919409,1.0,-0.2391562259431507,-8.337750477468571,-11106.522911930942,0.0,-4.982679791654638,0.5228396897266194,-0.693331211987072,-0.7890730334690031,0.5519765905724094,600.5,-0.0012192123641537,0.348870440056381,0.0042529381625183,0.0042389385786617,-0.2876220878243135,-0.6862776655248046,-0.286939731988947,-0.9999999993069836,0.3592540968896206,-7103.803183312697,6689.013890882079,3137.223344751954,13592.540968896206,0.0,0.010287220919409,0.0,350.9131403574771,1.0,1.5044869425915923,416,False,False,False,False,False,False,0,6,False,False,unrankable,False
crypto,5m,long,CDLMORNINGSTAR,20,3.429658268290769,-6.791030791666667,0.567593904849664,-23.929188575290905,4,0.0163573761475563,1.0,-0.9444303282900632,-5.7462224940753845,-12262.87334386167,0.0,-5.711328688845624,0.5228396897266194,-0.8651202795698605,-0.7890730334690031,0.5951287123741621,929.5,-0.0010972746561584,0.378817175538487,0.0040790585365292,0.0045632037111592,-0.2404614664638116,-0.8636480096681111,-0.4495697783639484,-0.9999999964122812,0.3592540968896206,-8353.582023286772,6689.013890882079,1363.5199033188892,13592.540968896206,0.0,0.0163573761475563,0.0,564.6624913638076,1.0,0.8004250814759271,416,False,False,False,False,False,False,0,6,False,False,unrankable,False
crypto,5m,long,CDLEVENINGSTAR,20,3.429658268290769,-6.936363079166667,0.7408927340746072,-18.72433824804707,4,0.0164657810965504,1.0,-1.0212077861224795,-2.7465533729745437,-12562.096593211829,0.0,-5.6235853120801895,0.5228396897266194,-0.869643201896697,-0.7890730334690031,0.5732086078815617,935.5,-0.0010893301097568,0.3833352045594888,0.0041518728060276,0.0044320223452625,-0.2457862404329459,-0.8667803358676821,-0.4444927894969601,-0.9999999954959304,0.3592540968896206,-8365.575027076451,6689.013890882079,1332.1966413231785,13592.540968896206,0.0,0.0,0.0164657810965504,570.1078520271674,1.0,1.04481235962825,416,False,False,False,False,False,False,0,6,False,False,unrankable,False
crypto,5m,long,CDLSTALLEDPATTERN,20,3.429658268290769,-7.766192181944445,0.6441438836424594,-24.113221841147443,4,0.0220788555898129,1.0,-1.7707261973099675,-2.1846395106904963,-12831.349177658083,0.0,-6.150051160657282,0.5228396897266194,-0.924377876242242,-0.7890730334690031,0.6044942816765814,1274.0,-0.0010609471978552,0.4043043951431027,0.0040739319043141,0.0044545846656727,-0.2381697234381821,-0.9232737881114672,-0.5387352881321985,-0.9999999918956834,0.3592540968896206,-9187.578854159312,6689.013890882079,767.2621188853275,13592.540968896206,0.0,0.0,0.0220788555898129,762.0150550136552,1.0,0.9083764221944868,416,False,False,False,False,False,False,0,6,False,False,unrankable,False
crypto,5m,long,CDLGAPSIDESIDEWHITE,20,3.429658268290769,-9.285956343055556,2.528149509455645,-7.346049992949179,4,0.015301199036921,1.0,-3.068532475179906,-16.212533240085435,-10812.593482886828,0.0,-8.050324648342295,0.5228396897266194,-0.8541677741044331,-0.7890730334690031,0.4328686775112367,898.5,-0.0012551403872109,0.326820587138467,0.0028633961087785,0.0035960114303965,-0.3490368180149324,-0.8534088063128125,-0.4468947768665396,-0.9999999996838,0.3592540968896206,-7845.534480781503,6689.013890882079,1465.9119368718752,13592.540968896206,0.0,0.0110319223057612,0.0052095672689887,532.2621968115945,1.0,3.565214953506839,416,False,False,False,False,False,False,0,6,False,False,unrankable,False
crypto,5m,long,CDL3INSIDE,20,3.429658268290769,-10.2442583875,1.1004203120097884,-18.618810059567267,4,0.0394756865257583,1.0,-3.8886676482389166,-74.93662480978767,-13523.292737108806,0.0,-8.653169089783567,0.5228396897266194,-0.992828654011198,-0.7890730334690031,0.603654123322899,2337.0,-0.0011030106220937,0.3738543232878188,0.0043246908507658,0.0043578037966488,-0.2531115840832421,-0.9926626892996746,-0.7668183629485363,-0.999999996795262,0.3592540968896206,-9880.356586698806,6689.013890882079,73.37310700325372,13592.540968896206,0.0,0.0202946760719353,0.0196336745908968,1379.3101359589218,1.0,1.551820783085214,416,False,False,False,False,False,False,0,6,False,False,unrankable,False
crypto,5m,long,CDLSHOOTINGSTAR,20,3.429658268290769,-10.755527430555556,1.3404446035983817,-16.047701489017417,4,0.0405112077686369,1.0,-4.408957113057488,-1.3541140842877324,-13546.014704764268,0.0,-9.235652699725636,0.5228396897266194,-0.9937328453184824,-0.7890730334690031,0.5799175481878098,2292.5,-0.0010727472369288,0.3895101236948739,0.0037721067934369,0.0041882370726266,-0.2561333607259545,-0.9936036643972728,-0.7723795052380558,-0.9999999882358857,0.3592540968896206,-9833.74462008504,6689.013890882079,63.963356027271935,13592.540968896206,0.0,0.0,0.0405112077686369,1363.0105202131672,1.0,1.8903047969364333,416,False,False,False,False,False,False,0,6,False,False,unrankable,False
crypto,5m,long,CDLADVANCEBLOCK,20,3.429658268290769,-11.26053705,1.6297530518061365,-13.818703437948182,4,0.0612325690715394,1.0,-4.945303517096084,-1.1258319278579476,-13580.111154104068,0.0,-9.224381167078764,0.5228396897266194,-0.9988454106466756,-0.7890730334690031,0.60887396186093,3328.5,-0.0010946941777984,0.4143503701404735,0.0042529783237941,0.004955066995068,-0.220924193131599,-0.9988353784967128,-0.8779489672934961,-0.9999999923841374,0.3592540968896206,-9963.94528420291,6689.013890882079,11.646215032872831,13592.540968896206,0.0,0.0,0.0612325690715394,2039.057615653599,1.0,2.29828968939172,416,False,False,False,False,False,False,0,6,False,False,unrankable,False
crypto,5m,long,CDLINVERTEDHAMMER,20,3.429658268290769,-11.678861130555555,1.7348071214230243,-13.464160927556769,4,0.0448081827338987,1.0,-5.133197095167043,-2.6341429827629,-13563.540777336017,0.0,-9.675886931301765,0.5228396897266194,-0.9957511627427068,-0.7890730334690031,0.5793156334593029,2550.5,-0.0010085594510006,0.3889671251299654,0.0034791141170355,0.0040799208407856,-0.2472007400041566,-0.9957330142954728,-0.7999000769997177,-0.999999963656526,0.3592540968896206,-9936.090741363696,6689.013890882079,42.66985704527288,13592.540968896206,0.0,0.0448081827338987,0.0,1497.1945098637998,1.0,2.4464377077442903,416,False,False,False,False,False,False,0,6,False,False,unrankable,False
crypto,5m,long,CDLDOJISTAR,20,3.429658268290769,-13.385480316666666,1.8265945014596767,-14.65621439894842,4,0.0612879009036296,1.0,-6.636631226089207,-92.63321399295076,-13576.253852792428,0.0,-11.480023212361823,0.5228396897266194,-0.9989797509217244,-0.7890730334690031,0.5727008733855791,3244.5,-0.001081860178914,0.3904284118990254,0.0036480246673511,0.0040334200759544,-0.2682240278823606,-0.9989778965795074,-0.9008179618021072,-0.999999994330057,0.3592540968896206,-9974.83858748918,6689.013890882079,10.221034204925466,13592.540968896206,0.0,0.0306281057239236,0.0303227183354062,2124.409058878417,1.0,2.575876943290273,416,False,False,False,False,False,False,0,6,False,False,unrankable,False
crypto,5m,short,CDLHANGINGMAN,20,3.429658268290769,-0.8246455541666667,1.2424203280726012,-1.3274823914801213,4,1.0,1.0,0.0,0.0,-12377.30394164816,0.0,-0.567182380475454,0.5228396897266194,-0.9565576725425158,-0.7890730334690031,0.0,1.0,-0.8885363814204429,0.0,0.0,0.8885363814204429,-1.0,-0.888536381420463,-0.492449794433827,-0.4924497944338225,0.3592540968896206,-7963.8537871796,6689.013890882079,1114.6361857953696,13592.540968896206,0.15,0.0,1.0,0.0,1.0,1.7520702456948671,416,False,False,True,True,False,False,2,6,False,True,underpowered,False
crypto,5m,short,ASIN,20,3.429658268290769,-14.92215083611111,3.9781685006361824,-7.502020507037237,4,1.0,1.0,0.0,0.0,-12500.646963485557,0.0,-0.9235834984948182,0.5228396897266194,-0.9961534168535144,-0.7890730334690031,0.0,1.0,-0.5050318688980269,0.0,0.0,0.5050318688980269,-1.0,-0.9916232371939336,-0.8037622133856699,-0.8037622133856706,0.3592540968896206,-9044.048396642163,6689.013890882079,83.76762806066228,13592.540968896206,0.05,0.0,1.0,0.0,1.0,5.610042354295673,416,False,False,True,True,False,False,2,6,False,True,underpowered,False
crypto,5m,long,MA_1000,20,3.429658268290769,-5.899991866666667,1.5266609520320518,-7.729275919205929,4,1.0,1.0,0.1698910624442873,-1.641965059564266,-13592.53222474292,0.0,-4.515732842038561,0.5228396897266194,-0.999999217019603,-0.7890730334690031,0.5015847278895612,5947.5,-0.0022602601348015,0.0570968857358386,0.0400460892119187,0.0050247627052399,-0.4498242538786002,-0.9999990812268033,-0.9836697841393562,-0.9836697841393572,0.3592540968896206,-9999.86447172,6689.013890882079,0.0091877319682406,13592.540968896206,0.0,0.4744401169680935,0.5255598830319065,3464.105896389728,1.0,2.1529084552802438,416,False,False,True,False,False,False,1,6,False,True,underpowered,False
crypto,5m,long,SMA_1000,20,3.429658268290769,-5.899991866666667,1.5266609520320518,-7.729275919205929,4,1.0,1.0,0.1698910624442873,-1.641965059564266,-13592.53222474292,0.0,-4.515732842038561,0.5228396897266194,-0.999999217019603,-0.7890730334690031,0.5015847278895612,5947.5,-0.0022602601348015,0.0570968857358386,0.0400460892119187,0.0050247627052399,-0.4498242538786002,-0.9999990812268033,-0.9836697841393562,-0.9836697841393572,0.3592540968896206,-9999.86447172,6689.013890882079,0.0091877319682406,13592.540968896206,0.0,0.4744401169680935,0.5255598830319065,3464.105896389728,1.0,2.1529084552802438,416,False,False,True,False,False,False,1,6,False,True,underpowered,False
crypto,5m,short,MA_1000,20,3.429658268290769,-5.899991866666667,1.5266609520320518,-7.729275919205929,4,1.0,1.0,2.109991834081945,-1.641965059564266,-13592.53222474292,0.0,-4.515732842038561,0.5228396897266194,-0.999999217019603,-0.7890730334690031,0.5015847278895612,5947.5,-0.0022602601348015,0.0570968857358386,0.0400460892119187,0.0050247627052399,-0.4498242538786002,-0.9999990812268033,-0.9836697841393562,-0.9836697841393572,0.3592540968896206,-9999.86447172,6689.013890882079,0.0091877319682406,13592.540968896206,0.0,0.4744401169680935,0.5255598830319065,3464.105896389728,1.0,2.1529084552802438,416,False,False,True,False,False,False,1,6,False,True,underpowered,False
crypto,5m,short,SMA_1000,20,3.429658268290769,-5.899991866666667,1.5266609520320518,-7.729275919205929,4,1.0,1.0,2.109991834081945,-1.641965059564266,-13592.53222474292,0.0,-4.515732842038561,0.5228396897266194,-0.999999217019603,-0.7890730334690031,0.5015847278895612,5947.5,-0.0022602601348015,0.0570968857358386,0.0400460892119187,0.0050247627052399,-0.4498242538786002,-0.9999990812268033,-0.9836697841393562,-0.9836697841393572,0.3592540968896206,-9999.86447172,6689.013890882079,0.0091877319682406,13592.540968896206,0.0,0.4744401169680935,0.5255598830319065,3464.105896389728,1.0,2.1529084552802438,416,False,False,True,False,False,False,1,6,False,True,underpowered,False
crypto,5m,short,ACCBANDS,20,3.429658268290769,-6.024107286111112,1.5087726610777574,-7.985440671768174,4,1.0,1.0,2.0686314805155503,-2.7628639425031323,-13592.493107272254,0.0,-4.731637150019866,0.5228396897266194,-0.9999998450530038,-0.7890730334690031,0.6577374006003185,5208.5,-0.002605396951723,0.27860439374451,0.0178303685263344,0.0105533354717601,-0.2468790041494394,-0.9999998079864816,-0.98896440584066,-0.9889644058406604,0.3592540968896206,-9999.12494483908,6689.013890882079,0.0019201351851741,13592.540968896206,0.0,0.489913049765305,0.510086950234695,3035.962636821995,1.0,2.127682256368984,416,False,False,True,False,False,False,1,6,False,True,underpowered,False
crypto,5m,short,EMA_1000,20,3.429658268290769,-6.682308648611112,1.6098401011346075,-8.301829037432292,4,1.0,1.0,1.4509220837773094,-1.5478327532453202,-13592.526231549822,0.0,-5.210199459881736,0.5228396897266194,-0.9999999746416172,-0.7890730334690031,0.4770103492550876,6801.0,-0.0022755745931624,0.0603127888503103,0.035721785028991,0.0048473842521598,-0.4694438226448726,-0.9999999613153184,-0.9937235922228416,-0.9937235922228418,0.3592540968896206,-9999.959413146596,6689.013890882079,0.000386846816856,13592.540968896206,0.0,0.4602367033879881,0.5397632966120118,3961.929484186642,1.0,2.2702083005193248,416,False,False,True,False,False,False,1,6,False,True,underpowered,False
crypto,5m,short,LINEARREG_INTERCEPT_200,20,3.429658268290769,-7.770255936111113,2.1441370942857465,-7.247909619976548,4,1.0,1.0,0.6758479779798487,-2.6437581274973154,-13592.539648518848,0.0,-5.927405531776305,0.5228396897266194,-0.999999990629212,-0.7890730334690031,0.5422360076753024,7728.0,-0.0022730464913502,0.1015559478647191,0.0261308319341049,0.0059280299229859,-0.3834404550720046,-0.9999999898906646,-0.9962570067965276,-0.996257006796528,0.3592540968896206,-9999.99735999116,6689.013890882079,0.0001010933540691,13592.540968896206,0.0,0.4932001917827591,0.5067998082172409,4542.940004442122,1.0,3.023677833263192,416,False,False,True,False,False,False,1,6,False,True,underpowered,False
crypto,5m,short,WMA_1000,20,3.429658268290769,-7.807514799999999,1.922194701581292,-8.123542109003997,4,1.0,1.0,0.5400555662736348,-1.832873049037869,-13592.54048715718,0.0,-6.331549452688773,0.5228396897266194,-0.9999999958317066,-0.7890730334690031,0.4569464405225069,7776.0,-0.0022877696454923,0.0609692322824932,0.0335074599651645,0.0048321074430074,-0.4734517335294336,-0.9999999952902456,-0.9965670574119148,-0.996567057411915,0.3592540968896206,-9999.995114002752,6689.013890882079,4.709754281231007e-05,13592.540968896206,0.0,0.4805697189831833,0.5194302810168167,4562.501158384732,1.0,2.7106930456438145,416,False,False,True,False,False,False,1,6,False,True,underpowered,False
crypto,5m,short,TSF_1000,20,3.429658268290769,-8.766308681944444,2.561925595192958,-6.843531052106287,4,1.0,1.0,0.0061646637996695,-6.240913889997152,-13592.540509263865,0.0,-6.977669512736338,0.5228396897266194,-0.999999999628142,-0.7890730334690031,0.5074298270961789,8943.5,-0.0022761199563609,0.0846097055397171,0.0279717546469497,0.0053324602687006,-0.4268423657501738,-0.999999999562697,-0.9981816453732,-0.9981816453732002,0.3592540968896206,-9999.999450382991,6689.013890882079,4.373029789742425e-06,13592.540968896206,0.0,0.5073989823559563,0.4926010176440437,5265.53760597932,1.0,3.6128462369776986,416,False,False,True,False,False,False,1,6,False,True,underpowered,False
crypto,5m,short,LINEARREG_1000,20,3.429658268290769,-8.774587340277778,2.5676226697740714,-6.834795037114909,4,1.0,1.0,0.0400795633970099,-6.350011216061963,-13592.540578494922,0.0,-6.9723322944070985,0.5228396897266194,-0.9999999995654398,-0.7890730334690031,0.5082104484155887,8962.5,-0.0022659433787401,0.0848361375323921,0.0279348089318178,0.0053234010273322,-0.4256570878477858,-0.9999999994780536,-0.9981533779774784,-0.9981533779774788,0.3592540968896206,-9999.99943662348,6689.013890882079,5.219465403710359e-06,13592.540968896206,0.0,0.5073057871737701,0.49269421282623,5254.146283956308,1.0,3.620880293275343,416,False,False,True,False,False,False,1,6,False,True,underpowered,False
crypto,5m,short,CDLSEPARATINGLINES,20,3.429658268290769,-2.761027140277778,1.2889008629476162,-4.284312656853256,4,1.0,1.0,-1.2568734243376103,-0.3156583311501433,-13587.315557855196,0.0,-1.9832273016007351,0.5228396897266194,-0.999330410252208,-0.7890730334690031,0.6609948606724673,1860.5,-0.0030558076249616,0.3299437776442135,0.0182986973369723,0.0129726396096527,-0.2355578908310881,-0.9992550658964088,-0.8773722521166631,-0.8773722521166635,0.3592540968896206,-9958.070658731664,6689.013890882079,7.449341035913161,13592.540968896206,0.0,0.0159388156492728,0.9840611843507272,1120.258624160162,1.0,1.817617436382605,416,False,False,False,False,False,False,0,6,False,True,underpowered,False
crypto,5m,long,ACCBANDS,20,3.429658268290769,-6.024107286111112,1.5087726610777574,-7.985440671768174,4,1.0,1.0,-0.3663559945222236,-2.7628639425031323,-13592.493107272254,0.0,-4.731637150019866,0.5228396897266194,-0.9999998450530038,-0.7890730334690031,0.6577374006003185,5208.5,-0.002605396951723,0.27860439374451,0.0178303685263344,0.0105533354717601,-0.2468790041494394,-0.9999998079864816,-0.98896440584066,-0.9889644058406604,0.3592540968896206,-9999.12494483908,6689.013890882079,0.0019201351851741,13592.540968896206,0.0,0.489913049765305,0.510086950234695,3035.962636821995,1.0,2.127682256368984,416,False,False,False,False,False,False,0,6,False,True,underpowered,False
crypto,5m,short,CDL3OUTSIDE,20,3.429658268290769,-6.403536105555555,1.2671903832360851,-10.106667775054504,4,1.0,1.0,-3.6711998707179614,-0.491290697132988,-13592.540789377408,0.0,-5.653140405828145,0.5228396897266194,-0.999999977162489,-0.7890730334690031,0.6085210135171943,6253.0,-0.0024338616077727,0.3338466303057414,0.0120873580835911,0.0099353671720494,-0.2449694677233295,-0.999999971483326,-0.993919821909776,-0.993919821909776,0.3592540968896206,-9999.78451285214,6689.013890882079,0.0002851667399267,13592.540968896206,0.0,0.0533928616803196,0.9466071383196804,3714.486556564062,1.0,1.7870011588935324,416,False,False,False,False,False,False,0,6,False,True,underpowered,False
crypto,5m,long,EMA_1000,20,3.429658268290769,-6.682308648611112,1.6098401011346075,-8.301829037432292,4,1.0,1.0,-0.4698425185938273,-1.5478327532453202,-13592.526231549822,0.0,-5.210199459881736,0.5228396897266194,-0.9999999746416172,-0.7890730334690031,0.4770103492550876,6801.0,-0.0022755745931624,0.0603127888503103,0.035721785028991,0.0048473842521598,-0.4694438226448726,-0.9999999613153184,-0.9937235922228416,-0.9937235922228418,0.3592540968896206,-9999.959413146596,6689.013890882079,0.000386846816856,13592.540968896206,0.0,0.4602367033879881,0.5397632966120118,3961.929484186642,1.0,2.2702083005193248,416,False,False,False,False,False,False,0,6,False,True,underpowered,False
crypto,5m,long,LINEARREG_INTERCEPT_200,20,3.429658268290769,-7.770255936111113,2.1441370942857465,-7.247909619976548,4,1.0,1.0,-1.4203096628754903,-2.6437581274973154,-13592.539648518848,0.0,-5.927405531776305,0.5228396897266194,-0.999999990629212,-0.7890730334690031,0.5422360076753024,7728.0,-0.0022730464913502,0.1015559478647191,0.0261308319341049,0.0059280299229859,-0.3834404550720046,-0.9999999898906646,-0.9962570067965276,-0.996257006796528,0.3592540968896206,-9999.99735999116,6689.013890882079,0.0001010933540691,13592.540968896206,0.0,0.4932001917827591,0.5067998082172409,4542.940004442122,1.0,3.023677833263192,416,False,False,False,False,False,False,0,6,False,True,underpowered,False
crypto,5m,long,WMA_1000,20,3.429658268290769,-7.807514799999999,1.922194701581292,-8.123542109003997,4,1.0,1.0,-1.473328207549153,-1.832873049037869,-13592.54048715718,0.0,-6.331549452688773,0.5228396897266194,-0.9999999958317066,-0.7890730334690031,0.4569464405225069,7776.0,-0.0022877696454923,0.0609692322824932,0.0335074599651645,0.0048321074430074,-0.4734517335294336,-0.9999999952902456,-0.9965670574119148,-0.996567057411915,0.3592540968896206,-9999.995114002752,6689.013890882079,4.709754281231007e-05,13592.540968896206,0.0,0.4805697189831833,0.5194302810168167,4562.501158384732,1.0,2.7106930456438145,416,False,False,False,False,False,False,0,6,False,True,underpowered,False
crypto,5m,short,CDLMATCHINGLOW,20,3.429658268290769,-8.571070709722221,2.123008298380725,-8.074458037926279,4,1.0,1.0,-4.339753138320148,-0.5426713944522371,-13592.540967419967,0.0,-6.422054534178169,0.5228396897266194,-0.9999999993043436,-0.7890730334690031,0.5796628061969304,8140.0,-0.0022774729311033,0.3439782980299927,0.0093661082255849,0.0083377206481665,-0.273152942777492,-0.9999999992445412,-0.9978593170774804,-0.9978593170774804,0.3592540968896206,-9999.998489643078,6689.013890882079,7.554589010741951e-06,13592.540968896206,0.0,0.0725981850252948,0.9274018149747052,4781.070344937762,1.0,2.9938818505381057,416,False,False,False,False,False,False,0,6,False,True,underpowered,False
crypto,5m,long,SUM,20,3.429658268290769,-8.738335655555558,2.24580320295266,-7.781924653119088,4,0.9999749669856614,1.0,-2.4634208164569693,-3.9404304001852,-13592.540941499152,0.0,-6.85543990578261,0.5228396897266194,-0.9999999995574864,-0.7890730334690031,0.6134850579709165,8980.0,-0.0023084179681991,0.2553057375284221,0.014794889182407,0.0083553492748539,-0.2762802478104058,-0.9999999995170564,-0.9982736987346066,-0.9982672427557802,0.3592540968896206,-9999.999426995084,6689.013890882079,4.829435694259048e-06,13592.540968896206,0.0,0.4985168510147748,0.501455343726011,5235.244168545451,1.0,3.167048124271881,416,False,False,False,False,False,False,0,6,False,True,underpowered,False
crypto,5m,short,SUM,20,3.429658268290769,-8.743340538888889,2.252930966567656,-7.761747402504198,4,1.0,1.0,-0.3545615217424887,-4.589012409668207,-13592.54094150314,0.0,-6.856665136437108,0.5228396897266194,-0.9999999995579872,-0.7890730334690031,0.6132410819838408,8981.0,-0.0023095148113114,0.2552921910853574,0.0147973097887642,0.0083795175237392,-0.275614294590185,-0.9999999995176092,-0.998272479101149,-0.998272479101149,0.3592540968896206,-9999.999425698274,6689.013890882079,4.823908307439146e-06,13592.540968896206,0.0,0.4985168510147748,0.5014831489852252,5235.827098045469,1.0,3.177099748722968,416,False,False,False,False,False,False,0,6,False,True,underpowered,False
crypto,5m,long,TSF_1000,20,3.429658268290769,-8.766308681944444,2.561925595192958,-6.843531052106287,4,1.0,1.0,-2.2225706358353,-6.240913889997152,-13592.540509263865,0.0,-6.977669512736338,0.5228396897266194,-0.999999999628142,-0.7890730334690031,0.5074298270961789,8943.5,-0.0022761199563609,0.0846097055397171,0.0279717546469497,0.0053324602687006,-0.4268423657501738,-0.999999999562697,-0.9981816453732,-0.9981816453732002,0.3592540968896206,-9999.999450382991,6689.013890882079,4.373029789742425e-06,13592.540968896206,0.0,0.5073989823559563,0.4926010176440437,5265.53760597932,1.0,3.6128462369776986,416,False,False,False,False,False,False,0,6,False,True,underpowered,False
crypto,5m,long,LINEARREG_1000,20,3.429658268290769,-8.774587340277778,2.5676226697740714,-6.834795037114909,4,1.0,1.0,-2.278318986208806,-6.350011216061963,-13592.540578494922,0.0,-6.9723322944070985,0.5228396897266194,-0.9999999995654398,-0.7890730334690031,0.5082104484155887,8962.5,-0.0022659433787401,0.0848361375323921,0.0279348089318178,0.0053234010273322,-0.4256570878477858,-0.9999999994780536,-0.9981533779774784,-0.9981533779774788,0.3592540968896206,-9999.99943662348,6689.013890882079,5.219465403710359e-06,13592.540968896206,0.0,0.5073057871737701,0.49269421282623,5254.146283956308,1.0,3.620880293275343,416,False,False,False,False,False,False,0,6,False,True,underpowered,False
crypto,5m,long,DEMA_1000,20,3.429658268290769,-9.190674593055554,2.4796733247172686,-7.4128107936181244,4,1.0,1.0,-2.771416931352837,-4.609767543336066,-13592.540921282074,0.0,-7.434072046125575,0.5228396897266194,-0.9999999998686556,-0.7890730334690031,0.4659787804551143,9362.5,-0.0023130743054841,0.0738494359629146,0.0286517589744528,0.0049300713618886,-0.4691766377592559,-0.999999999839274,-0.9987369863691556,-0.9987369863691558,0.3592540968896206,-9999.999725505391,6689.013890882079,1.6072584541937864e-06,13592.540968896206,0.0,0.5115484884635388,0.4884515115364612,5507.932307320462,1.0,3.496853482766355,416,False,False,False,False,False,False,0,6,False,True,underpowered,False
crypto,5m,short,DEMA_1000,20,3.429658268290769,-9.190674593055554,2.4796733247172686,-7.4128107936181244,4,1.0,1.0,-0.4024985884541205,-4.609767543336066,-13592.540921282074,0.0,-7.434072046125575,0.5228396897266194,-0.9999999998686556,-0.7890730334690031,0.4659787804551143,9362.5,-0.0023130743054841,0.0738494359629146,0.0286517589744528,0.0049300713618886,-0.4691766377592559,-0.999999999839274,-0.9987369863691556,-0.9987369863691558,0.3592540968896206,-9999.999725505391,6689.013890882079,1.6072584541937864e-06,13592.540968896206,0.0,0.5115484884635388,0.4884515115364612,5507.932307320462,1.0,3.496853482766355,416,False,False,False,False,False,False,0,6,False,True,underpowered,False
crypto,5m,short,MAX,20,3.429658268290769,-9.473630109722222,2.147445346022037,-8.82316295245542,4,1.0,1.0,-1.4712821119496795,-0.9046744673995648,-13592.540966249857,0.0,-7.630253703768769,0.5228396897266194,-0.999999999970322,-0.7890730334690031,0.6023005926089262,9763.0,-0.0022947283608853,0.2678846786863453,0.0135660778455808,0.0082198385929687,-0.2791695159133967,-0.9999999999639536,-0.9990998784909622,-0.9990998784909622,0.3592540968896206,-9999.999892074147,6689.013890882079,3.604646935515538e-07,13592.540968896206,0.0,0.4213870188248322,0.5786129811751678,5691.091102668133,1.0,3.028343154090174,416,False,False,False,False,False,False,0,6,False,True,underpowered,False
crypto,5m,short,MIN,20,3.429658268290769,-9.853812009722224,2.082328330221828,-9.464225085649684,4,1.0,1.0,-1.7468084836990228,-0.8811598970594196,-13592.540968343375,0.0,-8.084337996610376,0.5228396897266194,-0.9999999999847584,-0.7890730334690031,0.5897045469436037,10051.0,-0.0023429494733766,0.2967019485889781,0.0115904342656963,0.0083869104159215,-0.2793578752109769,-0.9999999999828012,-0.9993095219648072,-0.9993095219648074,0.3592540968896206,-9999.999894854893,6689.013890882079,1.7198658553044016e-07,13592.540968896206,0.0,0.4035940357906202,0.5964059642093797,5878.434590606603,1.0,2.9365146615147357,416,False,False,False,False,False,False,0,6,False,True,underpowered,False
crypto,5m,long,T3_200,20,3.429658268290769,-9.887933009722222,2.4932893154720013,-7.931637093507819,4,1.0,1.0,-3.059973007001847,-2.9302230605769157,-13592.5409600204,0.0,-7.521131738114118,0.5228396897266194,-0.9999999999641804,-0.7890730334690031,0.5052880864011956,10322.0,-0.0022121964220554,0.0888558744108068,0.0261987985951772,0.0051881778498464,-0.4263917864960865,-0.9999999999575048,-0.999194038533701,-0.999194038533701,0.3592540968896206,-9999.99993480164,6689.013890882079,4.249516365100417e-07,13592.540968896206,0.0,0.4960780958261546,0.5039219041738454,6031.965222997755,1.0,3.516054852647378,416,False,False,False,False,False,False,0,6,False,True,underpowered,False
crypto,5m,short,T3_200,20,3.429658268290769,-9.887933009722222,2.4932893154720013,-7.931637093507819,4,1.0,1.0,-0.7807589345576851,-2.9302230605769157,-13592.5409600204,0.0,-7.521131738114118,0.5228396897266194,-0.9999999999641804,-0.7890730334690031,0.5052880864011956,10322.0,-0.0022121964220554,0.0888558744108068,0.0261987985951772,0.0051881778498464,-0.4263917864960865,-0.9999999999575048,-0.999194038533701,-0.999194038533701,0.3592540968896206,-9999.99993480164,6689.013890882079,4.249516365100417e-07,13592.540968896206,0.0,0.4960780958261546,0.5039219041738454,6031.965222997755,1.0,3.516054852647378,416,False,False,False,False,False,False,0,6,False,True,underpowered,False
crypto,5m,long,TEMA_1000,20,3.429658268290769,-10.418697009722225,2.903151379612889,-7.177508608670258,4,1.0,1.0,-3.659432457034419,-6.914007888401827,-13592.540958246109,0.0,-8.49003799175949,0.5228396897266194,-0.9999999999942456,-0.7890730334690031,0.4750808500661554,10733.0,-0.002277528859355,0.0855016287131617,0.0252380544210048,0.0050598305328147,-0.4501195928568181,-0.9999999999932458,-0.9994516893393256,-0.9994516893393256,0.3592540968896206,-9999.999969454562,6689.013890882079,6.754207014499429e-08,13592.540968896206,0.0,0.5060332482928732,0.4939667517071268,6290.150662585022,1.0,4.094045337183596,416,False,False,False,False,False,False,0,6,False,True,underpowered,False
crypto,5m,short,TEMA_1000,20,3.429658268290769,-10.418697009722225,2.903151379612889,-7.177508608670258,4,1.0,1.0,-1.2425853327183471,-6.914007888401827,-13592.540958246109,0.0,-8.49003799175949,0.5228396897266194,-0.9999999999942456,-0.7890730334690031,0.4750808500661554,10733.0,-0.002277528859355,0.0855016287131617,0.0252380544210048,0.0050598305328147,-0.4501195928568181,-0.9999999999932458,-0.9994516893393256,-0.9994516893393256,0.3592540968896206,-9999.999969454562,6689.013890882079,6.754207014499429e-08,13592.540968896206,0.0,0.5060332482928732,0.4939667517071268,6290.150662585022,1.0,4.094045337183596,416,False,False,False,False,False,False,0,6,False,True,underpowered,False
crypto,5m,long,MAX,20,3.429658268290769,-10.419781413888888,2.4969839097017403,-8.34589391898285,4,0.8295621672202235,1.0,-3.688448951532177,-7.759884827889586,-13592.540967105542,0.0,-8.468709384986967,0.5228396897266194,-0.9999999999707524,-0.7890730334690031,0.6831739102593757,9866.5,-0.0016092992376625,0.3270467275994837,0.0111224180366844,0.0079029461028597,-0.2036328246095755,-0.9999999999687704,-0.9991354928918608,-0.997640202484774,0.3592540968896206,-9999.999881630083,6689.013890882079,3.1229439004928857e-07,13592.540968896206,0.0,0.4213870188248322,0.4083392254245473,5750.5618246008,1.0,3.521264996488057,416,False,False,False,False,False,False,0,6,False,True,underpowered,False
crypto,5m,long,MIN,20,3.429658268290769,-10.595057590277776,2.4763218719902818,-8.557092444337428,4,0.8282280516982723,1.0,-4.076098724458845,-3.1463583927117744,-13592.54096794399,0.0,-8.682911520748632,0.5228396897266194,-0.9999999999864292,-0.7890730334690031,0.6697283952130006,9958.5,-0.0016901738711263,0.3251103163202834,0.0106456383100561,0.0078629193073389,-0.2149550065392184,-0.9999999999859124,-0.999317553420204,-0.998252285018419,0.3592540968896206,-9999.999818907814,6689.013890882079,1.408751258310501e-07,13592.540968896206,0.0,0.4035940357906202,0.4191155550435741,5821.819584166182,1.0,3.4921272395859044,416,False,False,False,False,False,False,0,6,False,True,underpowered,False
crypto,5m,long,LINEARREG_INTERCEPT_100,20,3.429658268290769,-11.086035316666669,3.1682633943799283,-6.99817782595462,4,1.0,1.0,-4.4511987519984855,-3.3091217204143195,-13592.540968459043,0.0,-9.017494181000457,0.5228396897266194,-0.9999999999990772,-0.7890730334690031,0.5132056217461968,11783.0,-0.0022702901842516,0.1203937887547429,0.0203196250774724,0.0056738690190034,-0.4001308765936888,-0.9999999999990464,-0.9997352506582178,-0.9997352506582178,0.3592540968896206,-9999.999965136478,6689.013890882079,9.537323901133011e-09,13592.540968896206,0.0,0.4951151684812603,0.5048848315187398,6866.764801125644,1.0,4.467908241994668,416,False,False,False,False,False,False,0,6,False,True,underpowered,False
crypto,5m,short,LINEARREG_INTERCEPT_100,20,3.429658268290769,-11.086867066666668,3.1689932942794434,-6.99709089740284,4,1.0,1.0,-2.1267580161850708,-3.3129221417190866,-13592.540968459043,0.0,-9.017494181000457,0.5228396897266194,-0.9999999999990772,-0.7890730334690031,0.5132056217461968,11783.0,-0.0022702901842516,0.1203937887547429,0.0203196250774724,0.0056738690190034,-0.4001308765936888,-0.9999999999990464,-0.9997352506582178,-0.9997352506582178,0.3592540968896206,-9999.999965136512,6689.013890882079,9.537323901133011e-09,13592.540968896206,0.0,0.4951151684812603,0.5048848315187398,6866.764801125644,1.0,4.4689375521784935,416,False,False,False,False,False,False,0,6,False,True,underpowered,False
crypto,5m,short,MIDPOINT_200,20,3.429658268290769,-11.790081794444443,2.9051263262268296,-8.11674293679158,4,1.0,1.0,-2.6972817196382257,-2.719561276717126,-13592.540968874626,0.0,-9.437254075424551,0.5228396897266194,-0.999999999999886,-0.7890730334690031,0.4811076108837164,12689.5,-0.0022496736018268,0.0982882821962653,0.0209639330367093,0.0049933548261437,-0.4505334950458912,-0.9999999999998744,-0.9998527301001184,-0.9998527301001184,0.3592540968896206,-9999.99999724898,6689.013890882079,1.2571436469112695e-09,13592.540968896206,0.0,0.4963745394104674,0.5036254605895325,7410.933503164108,1.0,4.096830421362386,416,False,False,False,False,False,False,0,6,False,True,underpowered,False
crypto,5m,short,CDLHARAMICROSS,20,3.429658268290769,-11.791634380555555,3.784263212764833,-6.231931405183854,4,1.0,1.0,-6.377940893729518,-0.5660429019035638,-13592.540357115397,0.0,-8.2843892390745,0.5228396897266194,-0.9999999999576056,-0.7890730334690031,0.5300047727841651,10669.0,-0.0022306198272847,0.3179546673296963,0.0073363837707099,0.0069232574127108,-0.3221922419336077,-0.9999999999570292,-0.9994771551586497,-0.9994771551586497,0.3592540968896206,-9999.999729711057,6689.013890882079,4.297078200228779e-07,13592.540968896206,0.0,0.0976485914751854,0.9023514085248144,6536.450848006917,1.0,5.336595697245776,416,False,False,False,False,False,False,0,6,False,True,underpowered,False
crypto,5m,long,MIDPOINT_200,20,3.429658268290769,-11.826606086111113,2.9071842797255174,-8.136124131235137,4,0.9969545102972734,1.0,-5.131728810314087,-2.7264921252214367,-13592.540968874617,0.0,-9.49075681720001,0.5228396897266194,-0.9999999999998928,-0.7890730334690031,0.4921764850462891,12702.0,-0.0021718959290201,0.1009943936025032,0.0205517901145357,0.0049049801092469,-0.4427940339504509,-0.9999999999998812,-0.9998531363878284,-0.999789916527948,0.3592540968896206,-9999.999997352985,6689.013890882079,1.1871541331309872e-09,13592.540968896206,0.0,0.4963745394104674,0.5011493025579123,7403.234840843207,1.0,4.099732562457959,416,False,False,False,False,False,False,0,6,False,True,underpowered,False
crypto,5m,short,MIDPRICE_200,20,3.429658268290769,-11.875763159722222,2.9317545841864976,-8.1014715377464,4,1.0,1.0,-2.7242017163747607,-3.0367029491106634,-13592.540968880152,0.0,-9.713831346774612,0.5228396897266194,-0.9999999999998004,-0.7890730334690031,0.4783494018084435,12858.5,-0.0022035452894651,0.0992147856108307,0.0208920531270686,0.0049928122639907,-0.4413435100209179,-0.9999999999997904,-0.9998181354234088,-0.9998181354234088,0.3592540968896206,-9999.999997077886,6689.013890882079,2.0961687773838942e-09,13592.540968896206,0.0,0.5048833874319404,0.4951166125680596,7490.161739437939,1.0,4.13438178575305,416,False,False,False,False,False,False,0,6,False,True,underpowered,False
crypto,5m,long,MIDPRICE_200,20,3.429658268290769,-11.909763234722222,2.9325771810232717,-8.122386896952202,4,0.9968892154730228,1.0,-5.334665248782275,-3.253817888508177,-13592.540968880028,0.0,-9.749796866890776,0.5228396897266194,-0.999999999999814,-0.7890730334690031,0.4894612869421617,12880.5,-0.0021361002289534,0.1017880458003036,0.0206300485195442,0.0049245952229501,-0.4337615849112943,-0.999999999999805,-0.9998161527106458,-0.9997535652649324,0.3592540968896206,-9999.999996870063,6689.013890882079,1.9498318701387272e-09,13592.540968896206,0.0,0.5048833874319404,0.4919396517173978,7502.9773522206415,1.0,4.135541817836676,416,False,False,False,False,False,False,0,6,False,True,underpowered,False
crypto,5m,long,TRIMA_200,20,3.429658268290769,-12.284375677777778,3.2883891605354485,-7.471363684812482,4,1.0,1.0,-5.172279650014714,-2.6531505991892965,-13592.540968878213,0.0,-9.768777947421,0.5228396897266194,-0.9999999999998896,-0.7890730334690031,0.4736332337742802,13117.5,-0.0022245722536585,0.0908328598636191,0.022126418272595,0.0049024441130234,-0.4537679986496715,-0.9999999999998792,-0.9998439025827496,-0.9998439025827496,0.3592540968896206,-9999.999999283422,6689.013890882079,1.2076537252532736e-09,13592.540968896206,0.0,0.4926134146675819,0.5073865853324182,7664.045947578628,1.0,4.637310477185792,416,False,False,False,False,False,False,0,6,False,True,underpowered,False
crypto,5m,short,TRIMA_200,20,3.429658268290769,-12.284375677777778,3.2883891605354485,-7.471363684812482,4,1.0,1.0,-3.0220528326422382,-2.6531505991892965,-13592.540968878213,0.0,-9.768777947421,0.5228396897266194,-0.9999999999998896,-0.7890730334690031,0.4736332337742802,13117.5,-0.0022245722536585,0.0908328598636191,0.022126418272595,0.0049024441130234,-0.4537679986496715,-0.9999999999998792,-0.9998439025827496,-0.9998439025827496,0.3592540968896206,-9999.999999283422,6689.013890882079,1.2076537252532736e-09,13592.540968896206,0.0,0.4926134146675819,0.5073865853324182,7664.045947578628,1.0,4.637310477185792,416,False,False,False,False,False,False,0,6,False,True,underpowered,False
crypto,5m,long,KAMA_1000,20,3.429658268290769,-12.573551213888887,3.359895165127233,-7.484490197427186,4,1.0,1.0,-5.674137541441574,-2.4041581267951244,-13592.540968893723,0.0,-9.99632607656324,0.5228396897266194,-0.9999999999999852,-0.7890730334690031,0.445010549497584,13525.0,-0.0022486693461615,0.0805270115870765,0.0224769160918022,0.0046446007364973,-0.4841469641279226,-0.999999999999984,-0.9999073432797064,-0.9999073432797064,0.3592540968896206,-9999.999999591191,6689.013890882079,1.600995651214258e-10,13592.540968896206,0.0,0.4883574272152284,0.5116425727847715,7878.431847224005,1.0,4.738148768545804,416,False,False,False,False,False,False,0,6,False,True,underpowered,False
crypto,5m,short,KAMA_1000,20,3.429658268290769,-12.573551213888887,3.359895165127233,-7.484490197427186,4,1.0,1.0,-3.229699050946768,-2.4041581267951244,-13592.540968893723,0.0,-9.99632607656324,0.5228396897266194,-0.9999999999999852,-0.7890730334690031,0.445010549497584,13525.0,-0.0022486693461615,0.0805270115870765,0.0224769160918022,0.0046446007364973,-0.4841469641279226,-0.999999999999984,-0.9999073432797064,-0.9999073432797064,0.3592540968896206,-9999.999999591191,6689.013890882079,1.600995651214258e-10,13592.540968896206,0.0,0.4883574272152284,0.5116425727847715,7878.431847224005,1.0,4.738148768545804,416,False,False,False,False,False,False,0,6,False,True,underpowered,False
crypto,5m,long,MA_200,20,3.429658268290769,-12.714962566666667,3.327492217212458,-7.642369530359641,4,1.0,1.0,-5.694517776316886,-2.67828312848246,-13592.54096889063,0.0,-10.397513861894613,0.5228396897266194,-0.9999999999999716,-0.7890730334690031,0.4540112138823781,13615.5,-0.0022327220718885,0.0865573786971393,0.0217747474917595,0.0047345284052305,-0.4715827809633371,-0.9999999999999698,-0.999896794276762,-0.999896794276762,0.3592540968896206,-9999.999999720432,6689.013890882079,3.0265398210319675e-10,13592.540968896206,0.0,0.4924734134570534,0.5075265865429466,7987.446414957129,1.0,4.692453894088661,416,False,False,False,False,False,False,0,6,False,True,underpowered,False
crypto,5m,long,SMA_200,20,3.429658268290769,-12.714962566666667,3.327492217212458,-7.642369530359641,4,1.0,1.0,-5.694517776316886,-2.67828312848246,-13592.54096889063,0.0,-10.397513861894613,0.5228396897266194,-0.9999999999999716,-0.7890730334690031,0.4540112138823781,13615.5,-0.0022327220718885,0.0865573786971393,0.0217747474917595,0.0047345284052305,-0.4715827809633371,-0.9999999999999698,-0.999896794276762,-0.999896794276762,0.3592540968896206,-9999.999999720432,6689.013890882079,3.0265398210319675e-10,13592.540968896206,0.0,0.4924734134570534,0.5075265865429466,7987.446414957129,1.0,4.692453894088661,416,False,False,False,False,False,False,0,6,False,True,underpowered,False
crypto,5m,short,MA_200,20,3.429658268290769,-12.714962566666667,3.327492217212458,-7.642369530359641,4,1.0,1.0,-3.5191238741768465,-2.67828312848246,-13592.54096889063,0.0,-10.397513861894613,0.5228396897266194,-0.9999999999999716,-0.7890730334690031,0.4540112138823781,13615.5,-0.0022327220718885,0.0865573786971393,0.0217747474917595,0.0047345284052305,-0.4715827809633371,-0.9999999999999698,-0.999896794276762,-0.999896794276762,0.3592540968896206,-9999.999999720432,6689.013890882079,3.0265398210319675e-10,13592.540968896206,0.0,0.4924734134570534,0.5075265865429466,7987.446414957129,1.0,4.692453894088661,416,False,False,False,False,False,False,0,6,False,True,underpowered,False
crypto,5m,short,SMA_200,20,3.429658268290769,-12.714962566666667,3.327492217212458,-7.642369530359641,4,1.0,1.0,-3.5191238741768465,-2.67828312848246,-13592.54096889063,0.0,-10.397513861894613,0.5228396897266194,-0.9999999999999716,-0.7890730334690031,0.4540112138823781,13615.5,-0.0022327220718885,0.0865573786971393,0.0217747474917595,0.0047345284052305,-0.4715827809633371,-0.9999999999999698,-0.999896794276762,-0.999896794276762,0.3592540968896206,-9999.999999720432,6689.013890882079,3.0265398210319675e-10,13592.540968896206,0.0,0.4924734134570534,0.5075265865429466,7987.446414957129,1.0,4.692453894088661,416,False,False,False,False,False,False,0,6,False,True,underpowered,False
crypto,5m,short,CDLGRAVESTONEDOJI,20,3.429658268290769,-14.065547141666666,3.3299671861610705,-8.447859306314687,4,1.0,1.0,-7.328184220591362,-0.5997819592186167,-13592.54096889619,0.0,-10.54151263677689,0.5228396897266194,-0.9999999999999966,-0.7890730334690031,0.4904203410209222,14479.5,-0.0022113893440453,0.3093854095700599,0.0070795030250068,0.0064501707456378,-0.3428419853134708,-0.9999999999999964,-0.9999382062429112,-0.9999382062429112,0.3592540968896206,-9999.999999817544,6689.013890882079,3.6015346897121115e-11,13592.540968896206,0.0,0.1390688437980397,0.8609311562019603,8520.142872480286,1.0,4.695944113425791,416,False,False,False,False,False,False,0,6,False,True,underpowered,False
crypto,5m,long,T3_100,20,3.429658268290769,-14.29538655138889,3.5043830972905194,-8.158575221094772,4,1.0,1.0,-7.245377166776135,-6.166458352293121,-13592.54096889569,0.0,-11.819951488334643,0.5228396897266194,-1.0,-0.7890730334690031,0.4664845592188223,15620.5,-0.0022689747382241,0.1019500643514344,0.019819437550037,0.0049659961484387,-0.4569022347988565,-1.0,-0.999978974487486,-0.999978974487486,0.3592540968896206,-9999.999999992671,6689.013890882079,1.2319211718023869e-12,13592.540968896206,0.0,0.4981785564936336,0.5018214435063665,9108.967489243874,1.0,4.941906708660961,416,False,False,False,False,False,False,0,6,False,True,underpowered,False
crypto,5m,short,T3_100,20,3.429658268290769,-14.29538655138889,3.5043830972905194,-8.158575221094772,4,1.0,1.0,-4.856709651034264,-6.166458352293121,-13592.54096889569,0.0,-11.819951488334643,0.5228396897266194,-1.0,-0.7890730334690031,0.4664845592188223,15620.5,-0.0022689747382241,0.1019500643514344,0.019819437550037,0.0049659961484387,-0.4569022347988565,-1.0,-0.999978974487486,-0.999978974487486,0.3592540968896206,-9999.999999992671,6689.013890882079,1.2319211718023869e-12,13592.540968896206,0.0,0.4981785564936336,0.5018214435063665,9108.967489243874,1.0,4.941906708660961,416,False,False,False,False,False,False,0,6,False,True,underpowered,False
crypto,5m,long,CDLMATCHINGLOW,20,3.429658268290769,-14.461680868055556,2.694253305145468,-10.73520506808824,4,0.0725981850252948,1.0,-6.672292199230807,-2.143265871938868,-13592.189851531,0.0,-11.508541200743274,0.5228396897266194,-0.9998623879779652,-0.7890730334690031,0.592846859329961,4069.5,-0.0010266398826726,0.3911590878658992,0.0037624119379549,0.0041609492926032,-0.2467321302130849,-0.9998551733978792,-0.928354128054873,-0.9999999639546588,0.3592540968896206,-9996.348746642943,6689.013890882079,1.4482660212087874,13592.540968896206,0.0,0.0725981850252948,0.0,2390.535172468881,1.0,3.7994557426740543,416,False,False,False,False,False,False,0,6,False,False,unrankable,False
crypto,5m,long,EMA_200,20,3.429658268290769,-14.631517020833334,3.5970843047234835,-8.135209398133966,4,1.0,1.0,-7.69905940481352,-2.55461340737675,-13592.54096889612,0.0,-12.194059722732836,0.5228396897266194,-1.0,-0.7890730334690031,0.4153794877348975,15917.0,-0.0022649697922957,0.0864698123588464,0.0191932485343068,0.0045009798820329,-0.5032170442123183,-1.0,-0.999983086639534,-0.999983086639534,0.3592540968896206,-9999.99999999333,6689.013890882079,7.217187850042395e-13,13592.540968896206,0.0,0.4900155657409252,0.5099844342590748,9276.131641008731,1.0,5.072634630293771,416,False,False,False,False,False,False,0,6,False,True,underpowered,False
crypto,5m,short,EMA_200,20,3.429658268290769,-14.631517020833334,3.5970843047234835,-8.135209398133966,4,1.0,1.0,-5.1063383762549925,-2.55461340737675,-13592.54096889612,0.0,-12.194059722732836,0.5228396897266194,-1.0,-0.7890730334690031,0.4153794877348975,15917.0,-0.0022649697922957,0.0864698123588464,0.0191932485343068,0.0045009798820329,-0.5032170442123183,-1.0,-0.999983086639534,-0.999983086639534,0.3592540968896206,-9999.99999999333,6689.013890882079,7.217187850042395e-13,13592.540968896206,0.0,0.4900155657409252,0.5099844342590748,9276.131641008731,1.0,5.072634630293771,416,False,False,False,False,False,False,0,6,False,True,underpowered,False
crypto,5m,long,APO,20,3.429658268290769,-14.920120109722223,2.976467434417834,-10.02538777155507,4,1.0,1.0,-7.990030226712843,-6.3651565391242375,-13592.540968896205,0.0,-12.555874447629948,0.5228396897266194,-1.0,-0.7890730334690031,0.5237300382341741,16002.5,-0.0023333246232317,0.2419503246060784,0.0108637585011225,0.0066665102596313,-0.3500069050161243,-1.0,-0.9999876615026382,-0.9999876615026382,0.3592540968896206,-9999.999999986669,6689.013890882079,1.575054256445019e-13,13592.540968896206,0.0,0.4988303626097324,0.5011696373902675,9330.182380662674,1.0,4.197436174610375,416,False,False,False,False,False,False,0,6,False,True,underpowered,False
crypto,5m,long,PPO,20,3.429658268290769,-14.920120109722223,2.976467434417834,-10.02538777155507,4,1.0,1.0,-7.990030226712843,-6.3651565391242375,-13592.540968896205,0.0,-12.555874447629948,0.5228396897266194,-1.0,-0.7890730334690031,0.5237300382341741,16002.5,-0.0023333246232317,0.2419503246060784,0.0108637585011225,0.0066665102596313,-0.3500069050161243,-1.0,-0.9999876615026382,-0.9999876615026382,0.3592540968896206,-9999.999999986669,6689.013890882079,1.575054256445019e-13,13592.540968896206,0.0,0.4988303626097324,0.5011696373902675,9330.182380662674,1.0,4.197436174610375,416,False,False,False,False,False,False,0,6,False,True,underpowered,False
crypto,5m,short,APO,20,3.429658268290769,-14.920421547222222,2.97692477277346,-10.02405010948367,4,1.0,1.0,-5.746073894416013,-6.3651565391242375,-13592.540968896205,0.0,-12.555874447629948,0.5228396897266194,-1.0,-0.7890730334690031,0.5237300382341741,16002.5,-0.0023333246232317,0.2419503246060784,0.0108637585011225,0.0066668068823904,-0.349991332341572,-1.0,-0.9999876615026382,-0.9999876615026382,0.3592540968896206,-9999.999999986669,6689.013890882079,1.575054256445019e-13,13592.540968896206,0.0,0.4988303626097324,0.5011696373902675,9330.182380662674,1.0,4.198081116508861,416,False,False,False,False,False,False,0,6,False,True,underpowered,False
crypto,5m,short,PPO,20,3.429658268290769,-14.920421547222222,2.97692477277346,-10.02405010948367,4,1.0,1.0,-5.746073894416013,-6.3651565391242375,-13592.540968896205,0.0,-12.555874447629948,0.5228396897266194,-1.0,-0.7890730334690031,0.5237300382341741,16002.5,-0.0023333246232317,0.2419503246060784,0.0108637585011225,0.0066668068823904,-0.349991332341572,-1.0,-0.9999876615026382,-0.9999876615026382,0.3592540968896206,-9999.999999986669,6689.013890882079,1.575054256445019e-13,13592.540968896206,0.0,0.4988303626097324,0.5011696373902675,9330.182380662674,1.0,4.198081116508861,416,False,False,False,False,False,False,0,6,False,True,underpowered,False
crypto,5m,long,CDLSEPARATINGLINES,20,3.429658268290769,-16.143370045833336,3.665548850961154,-8.808159815739648,4,0.0670793191720396,1.0,-9.104425240248236,-2.026270837848464,-13571.510043012911,0.0,-13.550440008728824,0.5228396897266194,-0.9997561684981991,-0.7890730334690031,0.497971540877168,3757.5,-0.0012139540236693,0.3416975862902014,0.0036599056559744,0.0038829344088515,-0.3126383028520816,-0.9997556628143988,-0.931893835751979,-0.9999999988829464,0.3592540968896206,-9977.351834166126,6689.013890882079,2.4433718560127957,13592.540968896206,0.0,0.0159388156492728,0.047864193524897,2253.775877537381,1.0,5.169183834808245,416,False,False,False,False,False,False,0,6,False,False,unrankable,False
crypto,5m,long,LINEARREG_INTERCEPT_50,20,3.429658268290769,-16.200733624999998,3.625312895482895,-8.937564338342192,4,1.0,1.0,-8.97340374479358,-3.525496507150744,-13592.540968896206,0.0,-13.451537055165314,0.5228396897266194,-1.0,-0.7890730334690031,0.4668615240820895,17432.5,-0.0023369784167667,0.1419746103090408,0.014986108736523,0.0053844728616614,-0.4340217653257162,-1.0,-0.99999549036612,-0.999995489740366,0.3592540968896206,-9999.99999999934,6689.013890882079,1.6503045657657828e-14,13592.540968896206,0.0,0.4980468750983237,0.5019531249016762,10164.271916346175,1.0,5.112442795718904,416,False,False,False,False,False,False,0,6,False,True,underpowered,False
crypto,5m,short,LINEARREG_INTERCEPT_50,20,3.429658268290769,-16.200856601388892,3.6254900333599966,-8.937195497610798,4,1.0,1.0,-6.765117669958277,-3.6004738726704133,-13592.540968896206,0.0,-13.451537055165314,0.5228396897266194,-1.0,-0.7890730334690031,0.4668650241091738,17432.5,-0.0023371594343731,0.1419746103090408,0.014986108736523,0.0053844728616614,-0.4340553837710206,-1.0,-0.999995492515148,-0.999995492515148,0.3592540968896206,-9999.99999999934,6689.013890882079,1.6503045657657828e-14,13592.540968896206,0.0,0.4980468750983237,0.5019531249016762,10164.271916346175,1.0,5.112692596850487,416,False,False,False,False,False,False,0,6,False,True,underpowered,False
crypto,5m,short,CDLTAKURI,20,3.429658268290769,-16.325178491666666,4.379306584034105,-7.455599729502532,4,1.0,1.0,-8.695588475238218,-0.60380193556715,-13592.540968896206,0.0,-11.713061832544584,0.5228396897266194,-1.0,-0.7890730334690031,0.4670070198046128,15275.5,-0.0023555743799812,0.2900656615785624,0.0071876964547447,0.0063516891648931,-0.3708579432697862,-1.0,-0.9999819293043872,-0.9999819293043872,0.3592540968896206,-9999.999999337708,6689.013890882079,5.384136168137689e-13,13592.540968896206,0.0,0.147884959466263,0.8521150405337369,8902.020821995851,1.0,6.175730217296814,416,False,False,False,False,False,False,0,6,False,True,underpowered,False
crypto,5m,short,CDLDRAGONFLYDOJI,20,3.429658268290769,-16.424480744444445,4.42150550100147,-7.429361216773021,4,1.0,1.0,-8.754628862977466,-0.6061073584613779,-13592.540968896206,0.0,-11.818784425751245,0.5228396897266194,-1.0,-0.7890730334690031,0.4664535401320649,15413.5,-0.0023574748958329,0.2911621566558172,0.0071076139226393,0.0063632068132143,-0.3704853488239996,-1.0,-0.9999822543105176,-0.9999822543105176,0.3592540968896206,-9999.999999538984,6689.013890882079,5.26527851771652e-13,13592.540968896206,0.0,0.1476307207235089,0.8523692792764911,8982.43209033705,1.0,6.235239439054129,416,False,False,False,False,False,False,0,6,False,True,underpowered,False
crypto,5m,long,WMA_200,20,3.429658268290769,-16.433135025,3.914053662273264,-8.39699015033724,4,1.0,1.0,-9.061992788168531,-3.119933042541972,-13592.540968896206,0.0,-13.513283442642711,0.5228396897266194,-1.0,-0.7890730334690031,0.4215837788757292,18092.0,-0.0022707779726359,0.0909140860716824,0.0180247257179486,0.0044901934013051,-0.5057194133276962,-1.0,-0.999995579653417,-0.999995579653417,0.3592540968896206,-9999.999999999894,6689.013890882079,5.553410152869742e-15,13592.540968896206,0.0,0.4937622846475836,0.5062377153524164,10563.00059875764,1.0,5.519627139681894,416,False,False,False,False,False,False,0,6,False,True,underpowered,False
crypto,5m,short,WMA_200,20,3.429658268290769,-16.433135025,3.914053662273264,-8.39699015033724,4,1.0,1.0,-6.614295139837657,-3.119933042541972,-13592.540968896206,0.0,-13.513283442642711,0.5228396897266194,-1.0,-0.7890730334690031,0.4215837788757292,18092.0,-0.0022707779726359,0.0909140860716824,0.0180247257179486,0.0044901934013051,-0.5057194133276962,-1.0,-0.999995579653417,-0.999995579653417,0.3592540968896206,-9999.999999999894,6689.013890882079,5.553410152869742e-15,13592.540968896206,0.0,0.4937622846475836,0.5062377153524164,10563.00059875764,1.0,5.519627139681894,416,False,False,False,False,False,False,0,6,False,True,underpowered,False
crypto,5m,long,MAMA,20,3.429658268290769,-16.545993169444444,3.189215667540556,-10.376214652303087,4,1.0,1.0,-9.003912626166269,-5.444518690065523,-13592.540968896206,0.0,-13.736129381171704,0.5228396897266194,-1.0,-0.7890730334690031,0.5000259780884847,17629.0,-0.0023357341818351,0.205793605094188,0.0117653063808433,0.0062018400594069,-0.3766195450803818,-1.0,-0.999995602240843,-0.999995602240843,0.3592540968896206,-9999.999999999924,6689.013890882079,4.6743101174215356e-15,13592.540968896206,0.0,0.4996933006757692,0.5003066993242308,10289.316748347694,1.0,4.4974552910528205,416,False,False,False,False,False,False,0,6,False,True,underpowered,False
crypto,5m,short,MAMA,20,3.429658268290769,-16.547784694444445,3.1917595066892366,-10.36906738102534,4,1.0,1.0,-6.989412393941128,-5.444518690065523,-13592.540968896206,0.0,-13.736129381171704,0.5228396897266194,-1.0,-0.7890730334690031,0.5000259780884847,17629.0,-0.0023357341818351,0.205793605094188,0.0117653063808433,0.0062018400594069,-0.3766195450803818,-1.0,-0.999995602240843,-0.999995602240843,0.3592540968896206,-9999.999999999924,6689.013890882079,4.6743101174215356e-15,13592.540968896206,0.0,0.4996933006757692,0.5003066993242308,10289.316748347694,1.0,4.501042631650468,416,False,False,False,False,False,False,0,6,False,True,underpowered,False
crypto,5m,long,KAMA_200,20,3.429658268290769,-16.703551651388892,3.7796372555802,-8.838706215379805,4,1.0,1.0,-9.06310454423584,-2.978632595562473,-13592.540968896206,0.0,-13.474208252719038,0.5228396897266194,-1.0,-0.7890730334690031,0.4326898960760338,18475.5,-0.0022639317255621,0.0905077346397452,0.0195520492274069,0.0045621201325675,-0.4962455305375642,-1.0,-0.999996445851018,-0.999996445851018,0.3592540968896206,-9999.999999999874,6689.013890882079,4.825365253549399e-15,13592.540968896206,0.0,0.4941037984695641,0.5058962015304359,10862.42367790894,1.0,5.330072138545133,416,False,False,False,False,False,False,0,6,False,True,underpowered,False
crypto,5m,short,KAMA_200,20,3.429658268290769,-16.703551651388892,3.7796372555802,-8.838706215379805,4,1.0,1.0,-7.081361089184503,-2.978632595562473,-13592.540968896206,0.0,-13.474208252719038,0.5228396897266194,-1.0,-0.7890730334690031,0.4326898960760338,18475.5,-0.0022639317255621,0.0905077346397452,0.0195520492274069,0.0045621201325675,-0.4962455305375642,-1.0,-0.999996445851018,-0.999996445851018,0.3592540968896206,-9999.999999999874,6689.013890882079,4.825365253549399e-15,13592.540968896206,0.0,0.4941037984695641,0.5058962015304359,10862.42367790894,1.0,5.330072138545133,416,False,False,False,False,False,False,0,6,False,True,underpowered,False
crypto,5m,long,CDL3OUTSIDE,20,3.429658268290769,-17.1465314125,1.7751890683165388,-19.317977694354024,4,0.1267585735897923,1.0,-9.922909017391014,-4.216142301547326,-13592.540585727556,0.0,-14.406451396269851,0.5228396897266194,-0.9999999507518554,-0.7890730334690031,0.5662263983887638,7178.0,-0.0012974540500419,0.3640834099459531,0.0048375558471637,0.0048268315986635,-0.2688003555792629,-0.999999950659368,-0.9939901230643636,-0.9999999998748604,0.3592540968896206,-9999.175175424569,6689.013890882079,0.0004934063209686,13592.540968896206,0.0,0.0533928616803196,0.0694949040203961,4383.332255562082,1.0,2.5033846249966154,416,False,False,False,False,False,False,0,6,False,True,underpowered,False
crypto,5m,short,CDLHAMMER,20,3.429658268290769,-17.61143010138889,3.722495533024562,-9.46216318872487,4,1.0,1.0,-10.114407185646456,-0.6293252814272082,-13592.540968896206,0.0,-14.0532797679369,0.5228396897266194,-1.0,-0.7890730334690031,0.464068411583755,18769.0,-0.0022476389815282,0.3230631177441355,0.0062817378704887,0.0063276961750957,-0.355206526883252,-1.0,-0.9999971134840548,-0.9999971134840548,0.3592540968896206,-9999.999999999967,6689.013890882079,1.5948578157034421e-15,13592.540968896206,0.0,0.1798486583764899,0.82015134162351,11186.167789639198,1.0,5.249490462911414,416,False,False,False,False,False,False,0,6,False,True,underpowered,False
crypto,5m,long,CDLHANGINGMAN,20,3.429658268290769,-18.482779731944444,2.9201702300866503,-12.658700195978646,4,0.1171254738759658,1.0,-10.03040650438322,-0.9017699487437374,-13592.508203767728,0.0,-14.36142831328537,0.5228396897266194,-0.9999974346804196,-0.7890730334690031,0.5921991101585782,6384.5,-0.0009928534975944,0.3902901588867708,0.0035646125874075,0.0040878107341112,-0.2428814742594329,-0.999997373662417,-0.9764561867467206,-0.9999998469199918,0.3592540968896206,-9999.503008454833,6689.013890882079,0.0262633758294965,13592.540968896206,0.0,0.0,0.1171254738759658,3719.191307309544,1.0,4.118045444761734,416,False,False,False,False,False,False,0,6,False,True,underpowered,False
crypto,5m,long,CDLGRAVESTONEDOJI,20,3.429658268290769,-19.34532097638889,3.017886890745146,-12.82044137287885,4,0.1390688437980397,1.0,-10.989793674584933,-1.703858002499575,-13592.540250418457,0.0,-15.928710959507605,0.5228396897266194,-0.9999997700210416,-0.7890730334690031,0.5639034625475282,7239.5,-0.0010811750314824,0.3809820786151829,0.0036616566285268,0.0040419263630044,-0.2674900367751298,-0.9999997692887076,-0.9899824094828308,-0.9999999362261274,0.3592540968896206,-9999.974691736146,6689.013890882079,0.002307112925191,13592.540968896206,0.0,0.1390688437980397,0.0,4260.071436240143,1.0,4.255846195264593,416,False,False,False,False,False,False,0,6,False,True,underpowered,False
crypto,5m,short,BETA,20,3.429658268290769,-19.72735697222222,6.376490861430413,-6.1875277173366365,4,1.0,1.0,-9.74518153960832,-0.4891100317276242,-13592.540968893343,0.0,-10.88808882213498,0.5228396897266194,-0.9999999999999986,-0.7890730334690031,0.4130452434329626,14982.0,-0.002265424878137,0.2525473518864702,0.0065456291457091,0.0053259428490062,-0.4253565880001453,-0.9999999999999984,-0.9999620547488384,-0.9999620547488384,0.3592540968896206,-9905.464585389727,6689.013890882079,1.6782295951491738e-11,13592.540968896206,0.0,0.0484068105039913,0.9515931894960086,8747.165302530135,1.0,8.992174111952083,416,False,False,False,False,False,False,0,6,False,True,underpowered,False
crypto,5m,long,BETA,20,3.429658268290769,-20.70708980650155,6.667223179069859,-6.211608416381341,4,1.0,1.0,-7.422910451528991,-0.4985713848906633,-13592.540968893343,0.0,-11.937577954245636,0.5228396897266194,-0.9999999999999986,-0.7890730334690031,0.4342245831565287,14982.0,-0.0022648072635698,0.2570368255780759,0.0067284620363263,0.0050290529131802,-0.4503446876914243,-0.9999999999999984,-0.9999620547488384,-0.9999841850300888,0.3592540968896206,-9418.512583255611,6689.013890882079,1.6782295951491738e-11,13592.540968896206,0.0,0.0484068105039913,0.9458220043845031,8747.165302530135,1.0,9.402166955507855,416,False,False,False,False,False,False,0,6,False,True,underpowered,False
crypto,5m,long,CDLHAMMER,20,3.429658268290769,-21.20335941388889,4.044991032525715,-10.483760900033143,4,0.1798486583764899,1.0,-12.55011538573521,-1.694137159007013,-13592.54094678652,0.0,-17.248500908268756,0.5228396897266194,-0.9999999982562312,-0.7890730334690031,0.5834619735423241,9384.0,-0.0010996596343127,0.3923112974018694,0.0040390906391313,0.0044213086690025,-0.2487181322630546,-0.9999999981861396,-0.9972849725386544,-0.9999999719282656,0.3592540968896206,-9999.999656114687,6689.013890882079,1.813860277053763e-05,13592.540968896206,0.0,0.1798486583764899,0.0,5593.083894819599,1.0,5.704275978150871,416,False,False,False,False,False,False,0,6,False,True,underpowered,False
crypto,5m,long,CDLTAKURI,20,3.429658268290769,-21.85501218888889,4.320018987423143,-10.118016727479816,4,0.147884959466263,1.0,-13.605358702226788,-1.7233422888093104,-13592.540805794624,0.0,-18.069965871070373,0.5228396897266194,-0.9999999729891078,-0.7890730334690031,0.5226294088846933,7637.5,-0.0011866940204491,0.3644749690897868,0.0037555336770824,0.0041321334784815,-0.2871867587600928,-0.9999999727526032,-0.9943209520978612,-0.9999999831248636,0.3592540968896206,-9999.958386112952,6689.013890882079,0.0002724739672721,13592.540968896206,0.0,0.147884959466263,0.0,4451.010410997926,1.0,6.092122414354655,416,False,False,False,False,False,False,0,6,False,True,underpowered,False
crypto,5m,long,CDLDRAGONFLYDOJI,20,3.429658268290769,-21.8584489125,4.375718017035187,-9.99079411762937,4,0.1476307207235089,1.0,-13.603117142684546,-1.7199389230324251,-13592.540803859469,0.0,-18.052931382669044,0.5228396897266194,-0.9999999743501498,-0.7890730334690031,0.5214948436709339,7706.5,-0.0011863933115389,0.364887777190958,0.003757154926441,0.0041613618289429,-0.2850973696368735,-0.9999999742924393,-0.9945029403358732,-0.999999986927802,0.3592540968896206,-9999.96523995263,6689.013890882079,0.00025707560835,13592.540968896206,0.0,0.1476307207235089,0.0,4491.216045168525,1.0,6.170669593833544,416,False,False,False,False,False,False,0,6,False,True,underpowered,False
crypto,5m,long,CDLHARAMICROSS,20,3.429658268290769,-24.8324622,5.205733153842029,-9.5404283954404,4,0.1878871156832843,1.0,-15.87123738745364,-29.75123285681333,-13592.5389608246,0.0,-20.95209080091051,0.5228396897266194,-0.9999999998564736,-0.7890730334690031,0.5069859889819667,10552.5,-0.0011805427608909,0.3586508203490275,0.0034506616026565,0.0038061952211623,-0.3101634814544275,-0.9999999998554544,-0.9988347274066398,-0.9999999984869564,0.3592540968896206,-9999.998420711858,6689.013890882079,1.4454552964325412e-06,13592.540968896206,0.0,0.0976485914751854,0.0902385242080989,6356.357665301894,1.0,7.341163018495736,416,False,False,False,False,False,False,0,6,False,True,underpowered,False
crypto,5m,long,ASIN,20,3.429658268290769,-36.19105730704365,4.852261378233498,-14.91719200016355,4,0.0,1.0,-25.81532737518437,-6.36090861663317,-7881.957353616246,0.0,-30.233962825687627,0.5228396897266194,0.0,-0.7890730334690031,0.3247095701552009,0.0,-0.0023101196613342,0.1338481338481338,0.0089186955943472,0.0041422705040413,-0.5576940615250462,0.1337050356365996,0.0435122503736433,-0.9999999999999812,0.3592540968896206,-3632.917382180972,6689.013890882079,11337.050356365997,13592.540968896206,0.0,0.0,0.0,0.0,1.0,6.842694531830368,416,False,False,False,False,False,False,0,6,False,False,unrankable,False
crypto,5m,short,ACOS,20,3.429658268290769,-16.773819338888885,4.443181240177513,-7.550364674396556,4,1.0,1.0,0.0,0.0,-12500.646963485557,0.0,-0.9235834984948182,0.5228396897266194,-0.9947256173092092,-0.7890730334690031,0.0,1.0,-0.5050318688980269,0.0,0.0,0.5050318688980269,-1.0,-0.9886483362605718,-0.7881733198288873,-0.7881733198288887,0.3592540968896206,-9041.057076660602,6689.013890882079,113.51663739428258,13592.540968896206,0.05,0.0,1.0,0.0,1.0,6.265806725185628,416,False,False,True,True,False,False,2,6,False,True,underpowered,False
crypto,5m,long,MAXINDEX,20,3.429658268290769,-5.623478969444444,1.1474836552775731,-9.801410143980029,4,0.8510125257221961,1.0,-2.7641354890205703,-1.1703573742980429,-13592.494323059533,0.0,-4.105676609522488,0.5228396897266194,-0.9999966616375466,-0.7890730334690031,0.8460694182195252,5903.5,-0.0008826648011374,0.4080824992007519,0.0124346953250189,0.010260262973251,-0.0860275027490591,-0.9999957872882091,-0.9766050879916894,-0.8828191604913083,0.3592540968896206,-9999.909458994534,6689.013890882079,0.0421271179079762,13592.540968896206,0.0,0.8510125257221961,0.0,3455.204204708574,1.0,1.6181898544367184,416,False,False,False,False,False,False,0,6,False,True,underpowered,False
crypto,5m,long,MININDEX,20,3.429658268290769,-5.6475464083333335,1.0916335600512517,-10.346963697356804,4,0.8483554184258271,1.0,-2.675295347138412,-1.1734219263924297,-13592.505963708947,0.0,-4.174037202987541,0.5228396897266194,-0.9999972070636473,-0.7890730334690031,0.8392192762534995,5978.0,-0.000911290587263,0.4761634885827517,0.0102969078480093,0.0112358002757661,-0.0811059795383266,-0.9999962741362206,-0.977849402194216,-0.890730802876029,0.3592540968896206,-9999.932928994416,6689.013890882079,0.0372586377937533,13592.540968896206,0.0,0.8483554184258271,0.0,3502.119566891894,1.0,1.5394296411222228,416,False,False,False,False,False,False,0,6,False,True,underpowered,False
crypto,5m,short,MAXINDEX,20,3.429658268290769,-10.30854247638889,1.9583894384568412,-10.52757155850651,4,1.0,1.0,-5.182845596716531,-1.2678122017476134,-13592.540968777355,0.0,-8.018977411525547,0.5228396897266194,-0.99999999999509,-0.7890730334690031,0.5965478639554064,11806.0,-0.0020744400683556,0.3311920602221022,0.0092818341977966,0.0078918564733653,-0.2628583116478017,-0.9999999999938982,-0.999494363591828,-0.999494363591828,0.3592540968896206,-9999.999998318044,6689.013890882079,6.10172595423717e-08,13592.540968896206,0.0,0.8510125257221961,0.1489874742778039,6910.408409417148,1.0,2.7617351286631604,416,False,False,False,False,False,False,0,6,False,True,underpowered,False
crypto,5m,short,MININDEX,20,3.429658268290769,-10.469858040277776,1.8695102280626807,-11.200642695736825,4,1.0,1.0,-5.1690454623522495,-1.2684663851068505,-13592.540968819065,0.0,-8.160691761987668,0.5228396897266194,-0.999999999993507,-0.7890730334690031,0.5863606524003293,11955.5,-0.0021008337479407,0.3851787290302228,0.0076040891161986,0.0081571536936213,-0.2575449509531149,-0.9999999999932516,-0.9995084593704766,-0.9995084593704766,0.3592540968896206,-9999.99999888384,6689.013890882079,6.748340956722547e-08,13592.540968896206,0.0,0.8483554184258271,0.151644581574173,7004.239133783788,1.0,2.6363970152454264,416,False,False,False,False,False,False,0,6,False,True,underpowered,False
crypto,5m,short,CEIL,20,3.429658268290769,-14.888283938888888,1.9793999935984103,-15.043229248296631,4,1.0,1.0,-2.188851329381173,-0.5032567021585236,-13469.197947058808,0.0,-3.0212317738500287,0.5228396897266194,-0.9997558164535776,-0.7890730334690031,0.3723903906104368,3862.0,-0.0023401822301657,0.1461831081547117,0.0082709578396378,0.0074380910148435,-0.3146213491466672,-0.9996618539601044,-0.9361779705823584,-0.936177970582358,0.3592540968896206,-9562.06821603778,6689.013890882079,3.381460398955044,13592.540968896206,0.05,0.0501122452723016,0.9498877547276984,2775.4931315673207,1.0,2.791364367397673,416,False,False,False,False,False,False,0,6,False,True,underpowered,False
crypto,5m,short,FLOOR,20,3.429658268290769,-14.932644397222225,2.005332338939289,-14.892937302473038,4,1.0,1.0,-2.2223308024718884,-0.5044771619687769,-13469.197947058808,0.0,-3.052555085252115,0.5228396897266194,-0.999712930256162,-0.7890730334690031,0.3708668953772821,3873.0,-0.0023611910356269,0.1501973963343186,0.0083058871221302,0.007392271956205,-0.3194134427975074,-0.9996026425865268,-0.9337528368722904,-0.9337528368722908,0.3592540968896206,-9572.588944316056,6689.013890882079,3.9735741347323104,13592.540968896206,0.05,0.0500212328542738,0.9499787671457262,2788.213885327796,1.0,2.827934350716702,416,False,False,False,False,False,False,0,6,False,True,underpowered,False
crypto,5m,short,ADXR,20,3.429658268290769,-15.815021429166666,2.4534430941254364,-12.892103727234929,4,1.0,1.0,-6.277465849175386,-1.627555775927561,-13592.540968896206,0.0,-12.548840849045884,0.5228396897266194,-1.0,-0.7890730334690031,0.5242244700254148,18362.0,-0.0021199547064522,0.3468277508967338,0.006957354625064,0.006946546674676,-0.3051810929566801,-1.0,-0.9999910333145086,-0.9999910333145086,0.3592540968896206,-9999.999999999827,6689.013890882079,5.717485671640515e-14,13592.540968896206,0.0,0.4794861665886992,0.5205138334113009,10754.268534589648,1.0,3.459863419484825,416,False,False,False,False,False,False,0,6,False,True,underpowered,False
crypto,5m,long,ADXR,20,3.429658268290769,-15.815279804166668,2.4538320532236937,-12.89027077740673,4,1.0,1.0,-8.325432946838726,-1.627555775927561,-13592.540968896206,0.0,-12.548840849045884,0.5228396897266194,-1.0,-0.7890730334690031,0.5242244700254148,18362.0,-0.0021199547064522,0.3468277508967338,0.006957354625064,0.006946546674676,-0.3051810929566801,-1.0,-0.9999910333145086,-0.9999910333145086,0.3592540968896206,-9999.999999999827,6689.013890882079,5.717485671640515e-14,13592.540968896206,0.0,0.4794861665886992,0.5205138334113009,10754.268534589648,1.0,3.4604119324537868,416,False,False,False,False,False,False,0,6,False,True,underpowered,False
crypto,5m,short,MIDPOINT_100,20,3.429658268290769,-17.0642403375,3.576056942380823,-9.543606610547526,4,1.0,1.0,-7.650671962195023,-3.1494423642952736,-13592.540968896206,0.0,-14.41260477398185,0.5228396897266194,-1.0,-0.7890730334690031,0.4339771881575223,19071.0,-0.0022994954521293,0.1094150724222093,0.0163566571873615,0.0047718237398226,-0.4818902745587965,-1.0,-0.9999982075342276,-0.9999982075342276,0.3592540968896206,-9999.99999999997,6689.013890882079,3.6753115862396494e-16,13592.540968896206,0.0,0.499666945433091,0.5003330545669091,11130.72800217855,1.0,5.042981689921189,416,False,False,False,False,False,False,0,6,False,True,underpowered,False
crypto,5m,long,MIDPOINT_100,20,3.429658268290769,-17.12681712638889,3.621303570369365,-9.45892372378049,4,0.9948806643100092,1.0,-10.052089551577549,-3.9155491883508775,-13592.540968896206,0.0,-14.497162714297048,0.5228396897266194,-1.0,-0.7890730334690031,0.4453045121872307,19098.0,-0.0022232207985003,0.1137798425451178,0.0159252658963042,0.0046807246144398,-0.4749736379794295,-1.0,-0.999998272481708,-0.99999761688154,0.3592540968896206,-9999.999999999967,6689.013890882079,3.218215243842329e-16,13592.540968896206,0.0,0.499666945433091,0.4939176868813165,11146.490509666444,1.0,5.106788816080925,416,False,False,False,False,False,False,0,6,False,True,underpowered,False
crypto,5m,short,MIDPRICE_100,20,3.429658268290769,-17.179921077777777,3.689166113015596,-9.313715106059336,4,1.0,1.0,-7.638331404465152,-3.661256593800638,-13592.540968896206,0.0,-14.601215736546056,0.5228396897266194,-1.0,-0.7890730334690031,0.4375888671241478,19282.0,-0.0022878644723703,0.1128911883743145,0.0160670305429313,0.0047867920165593,-0.4779535990817566,-1.0,-0.9999988924976482,-0.9999988924976482,0.3592540968896206,-9999.999999999933,6689.013890882079,4.666329251442125e-16,13592.540968896206,0.0,0.5073434754626094,0.4926565245373906,11242.155595779745,1.0,5.2024890707218905,416,False,False,False,False,False,False,0,6,False,True,underpowered,False
crypto,5m,short,CDLHIKKAKE,20,3.429658268290769,-17.215011063888888,3.1689806107476395,-10.864699522303134,4,1.0,1.0,-10.157880557505193,-0.6511104337423164,-13592.540968896206,0.0,-14.084194344827834,0.5228396897266194,-1.0,-0.7890730334690031,0.5052987171932068,18304.0,-0.0021606659242891,0.3494650782331855,0.0062509389680766,0.0066262899608314,-0.3260747623573715,-1.0,-0.9999940319047328,-0.9999940319047328,0.3592540968896206,-9999.999999848817,6689.013890882079,1.4557759396231172e-14,13592.540968896206,0.0,0.1788289878352483,0.8211710121647516,11028.39424391089,1.0,4.468919665769054,416,False,False,False,False,False,False,0,6,False,True,underpowered,False
crypto,5m,long,MIDPRICE_100,20,3.429658268290769,-17.252552030555556,3.72225544339956,-9.269945221598595,4,0.9947722006493586,1.0,-10.300844973637432,-4.003837968537493,-13592.540968896206,0.0,-14.695053061294654,0.5228396897266194,-1.0,-0.7890730334690031,0.4483883275951331,19320.0,-0.0022036966794279,0.1166857507109438,0.0155991084664352,0.0046936154994623,-0.4695094175652931,-1.0,-0.9999988981657816,-0.9999981563993152,0.3592540968896206,-9999.999999999933,6689.013890882079,3.955414088889018e-16,13592.540968896206,0.0,0.5073434754626094,0.4874315649919843,11258.919373149118,1.0,5.249151886763905,416,False,False,False,False,False,False,0,6,False,True,underpowered,False
crypto,5m,long,HT_DCPERIOD,20,3.429658268290769,-17.459424966666667,2.6852950092731627,-13.0037295018788,4,1.0,1.0,-9.535546438607843,-1.121366146830712,-13592.540968896206,0.0,-13.724247306739771,0.5228396897266194,-1.0,-0.7890730334690031,0.5234823484035251,19836.0,-0.0021831124479666,0.3501615729401913,0.006988055902859,0.0070106998759922,-0.3113972194762783,-1.0,-0.9999977252967834,-0.9999977252967834,0.3592540968896206,-9999.999999999998,6689.013890882079,5.210150211483676e-16,13592.540968896206,0.0,0.4602527715872686,0.5397472284127314,11584.80453771924,1.0,3.786822688227541,416,False,False,False,False,False,False,0,6,False,True,underpowered,False
crypto,5m,short,HT_DCPERIOD,20,3.429658268290769,-17.459424966666667,2.6852950092731627,-13.0037295018788,4,1.0,1.0,-7.804745250482963,-1.121366146830712,-13592.540968896206,0.0,-13.724247306739771,0.5228396897266194,-1.0,-0.7890730334690031,0.5234823484035251,19836.0,-0.0021831124479666,0.3501615729401913,0.006988055902859,0.0070106998759922,-0.3113972194762783,-1.0,-0.9999977252967834,-0.9999977252967834,0.3592540968896206,-9999.999999999998,6689.013890882079,5.210150211483676e-16,13592.540968896206,0.0,0.4602527715872686,0.5397472284127314,11584.80453771924,1.0,3.786822688227541,416,False,False,False,False,False,False,0,6,False,True,underpowered,False
crypto,5m,short,TRIMA_100,20,3.429658268290769,-17.585249206944443,3.7387159233241487,-9.407106379619842,4,1.0,1.0,-7.965907384714761,-3.1338761747529444,-13592.540968896206,0.0,-14.676371378890618,0.5228396897266194,-1.0,-0.7890730334690031,0.4328813307607328,19491.0,-0.0023029005275743,0.1066001287725435,0.0169149084983217,0.0047619369616438,-0.4836058406744117,-1.0,-0.9999986586445184,-0.9999986586445184,0.3592540968896206,-9999.999999999976,6689.013890882079,1.0272645500379455e-16,13592.540968896206,0.0,0.4967591829530288,0.5032408170469711,11379.024880717883,1.0,5.272364576104291,416,False,False,False,False,False,False,0,6,False,True,underpowered,False
crypto,5m,long,TRIMA_100,20,3.429658268290769,-17.585300544444443,3.73864823708586,-9.407304153413238,4,1.0,1.0,-10.415689097888366,-3.1338761747529444,-13592.540968896206,0.0,-14.676371378890618,0.5228396897266194,-1.0,-0.7890730334690031,0.4328813307607328,19491.0,-0.0023029005275743,0.1066001287725435,0.0169149084983217,0.0047619369616438,-0.4836058406744117,-1.0,-0.9999986586445184,-0.9999986586445184,0.3592540968896206,-9999.999999999976,6689.013890882079,1.0272645500379455e-16,13592.540968896206,0.0,0.4967591829530288,0.5032408170469711,11379.024880717883,1.0,5.272269124475345,416,False,False,False,False,False,False,0,6,False,True,underpowered,False
crypto,5m,short,MINMAX,20,3.429658268290769,-17.707711981944442,3.5491257233632845,-9.978633253467253,4,1.0,1.0,-7.524515694348336,-1.7925482316645875,-13592.540968896206,0.0,-13.72968906723116,0.5228396897266194,-1.0,-0.7890730334690031,0.5367630028538322,20600.0,-0.0020952102819941,0.3675771281885018,0.0065687522876552,0.0071820117921526,-0.2917302759490696,-1.0,-0.9999975563691998,-0.9999975563691998,0.3592540968896206,-9999.999999999967,6689.013890882079,5.770656640435697e-16,13592.540968896206,0.0,0.4825344602927174,0.5174655397072827,12056.408330301974,1.0,5.005003087627937,416,False,False,False,False,False,False,0,6,False,True,underpowered,False
crypto,5m,long,MINMAX,20,3.429658268290769,-17.779462055555555,3.597157503854505,-9.885284164790736,4,0.9911207515527752,1.0,-9.415148900960563,-2.1881408274999314,-13592.540968896206,0.0,-13.78141975111452,0.5228396897266194,-1.0,-0.7890730334690031,0.5463055686732883,20619.5,-0.0020340110548085,0.3695341054893897,0.0065053597704042,0.0070763917492491,-0.2874361859664369,-1.0,-0.9999975697461164,-0.9999970988917884,0.3592540968896206,-9999.999999999967,6689.013890882079,5.963257645673163e-16,13592.540968896206,0.0,0.4825344602927174,0.5069697455710811,12073.790515716038,1.0,5.072737856244421,416,False,False,False,False,False,False,0,6,False,True,underpowered,False
crypto,5m,short,CORREL,20,3.429658268290769,-18.14520916944445,3.694057917100837,-9.82399820286799,4,1.0,1.0,-9.148125475368564,-2.545604541580503,-13592.540968896206,0.0,-15.329200556313353,0.5228396897266194,-1.0,-0.7890730334690031,0.5111132691622973,22113.0,-0.0021854170559273,0.3481936474645805,0.0064098912540886,0.0069180029118195,-0.3159028817685952,-1.0,-0.9999994742028978,-0.9999994742028978,0.3592540968896206,-9905.464650013128,6689.013890882079,6.6866734973799486e-18,13592.540968896206,0.0,0.5231196019046225,0.4768803980953774,12898.507844596708,1.0,5.209387528668739,416,False,False,False,False,False,False,0,6,False,True,underpowered,False
crypto,5m,short,ADX,20,3.429658268290769,-18.16725649861111,3.557967506819539,-10.212154250307243,4,1.0,1.0,-8.010477417939725,-1.053689178691664,-13592.540968896206,0.0,-14.1578778679739,0.5228396897266194,-1.0,-0.7890730334690031,0.5263410699749345,21015.5,-0.0021029717433095,0.3717470914406269,0.0062297748968791,0.007049752357713,-0.2983043427062712,-1.0,-0.999998402165969,-0.999998402165969,0.3592540968896206,-9999.999999999996,6689.013890882079,2.2639269827985963e-16,13592.540968896206,0.0,0.4573614645495847,0.5426385354504153,12313.721838216125,1.0,5.01747183541204,416,False,False,False,False,False,False,0,6,False,True,underpowered,False
crypto,5m,long,ADX,20,3.429658268290769,-18.16751663611111,3.558396646697707,-10.21106888293135,4,1.0,1.0,-9.940219646827051,-1.053689178691664,-13592.540968896206,0.0,-14.1578778679739,0.5228396897266194,-1.0,-0.7890730334690031,0.5263410699749345,21015.5,-0.0021029717433095,0.3717470914406269,0.0062297748968791,0.007049752357713,-0.2983043427062712,-1.0,-0.999998402165969,-0.999998402165969,0.3592540968896206,-9999.999999999996,6689.013890882079,2.2639269827985963e-16,13592.540968896206,0.0,0.4573614645495847,0.5426385354504153,12313.721838216125,1.0,5.018077011611102,416,False,False,False,False,False,False,0,6,False,True,underpowered,False
crypto,5m,short,MA_100,20,3.429658268290769,-18.25939295694444,3.97385654801268,-9.189759487456053,4,1.0,1.0,-8.542739556997514,-3.4496738624942083,-13592.540968896206,0.0,-15.291834962481571,0.5228396897266194,-1.0,-0.7890730334690031,0.4201004823131034,20356.5,-0.0022938651156362,0.0995298898213342,0.016816549608263,0.0045873526265316,-0.5000411571522356,-1.0,-0.9999993240748132,-0.9999993240748132,0.3592540968896206,-9999.999999999996,6689.013890882079,2.9126440607899047e-17,13592.540968896206,0.0,0.4963137035726012,0.5036862964273988,11902.07124372542,1.0,5.603961607126794,416,False,False,False,False,False,False,0,6,False,True,underpowered,False
crypto,5m,short,SMA_100,20,3.429658268290769,-18.25939295694444,3.97385654801268,-9.189759487456053,4,1.0,1.0,-8.542739556997514,-3.4496738624942083,-13592.540968896206,0.0,-15.291834962481571,0.5228396897266194,-1.0,-0.7890730334690031,0.4201004823131034,20356.5,-0.0022938651156362,0.0995298898213342,0.016816549608263,0.0045873526265316,-0.5000411571522356,-1.0,-0.9999993240748132,-0.9999993240748132,0.3592540968896206,-9999.999999999996,6689.013890882079,2.9126440607899047e-17,13592.540968896206,0.0,0.4963137035726012,0.5036862964273988,11902.07124372542,1.0,5.603961607126794,416,False,False,False,False,False,False,0,6,False,True,underpowered,False
crypto,5m,long,MA_100,20,3.429658268290769,-18.259422809722224,3.973663599433088,-9.190220738528168,4,1.0,1.0,-10.886333929877106,-3.4496738624942083,-13592.540968896206,0.0,-15.291834962481571,0.5228396897266194,-1.0,-0.7890730334690031,0.4201004823131034,20356.5,-0.0022938651156362,0.0995298898213342,0.016816549608263,0.0045873526265316,-0.5000411571522356,-1.0,-0.9999993240748132,-0.9999993240748132,0.3592540968896206,-9999.999999999996,6689.013890882079,2.9126440607899047e-17,13592.540968896206,0.0,0.4963137035726012,0.5036848875004376,11902.07124372542,1.0,5.603689509626766,416,False,False,False,False,False,False,0,6,False,True,underpowered,False
crypto,5m,long,SMA_100,20,3.429658268290769,-18.259422809722224,3.973663599433088,-9.190220738528168,4,1.0,1.0,-10.886333929877106,-3.4496738624942083,-13592.540968896206,0.0,-15.291834962481571,0.5228396897266194,-1.0,-0.7890730334690031,0.4201004823131034,20356.5,-0.0022938651156362,0.0995298898213342,0.016816549608263,0.0045873526265316,-0.5000411571522356,-1.0,-0.9999993240748132,-0.9999993240748132,0.3592540968896206,-9999.999999999996,6689.013890882079,2.9126440607899047e-17,13592.540968896206,0.0,0.4963137035726012,0.5036848875004376,11902.07124372542,1.0,5.603689509626766,416,False,False,False,False,False,False,0,6,False,True,underpowered,False
crypto,5m,long,CORREL,20,3.429658268290769,-19.03585913003096,3.8493020632432136,-9.89055097120249,4,1.0,1.0,-11.227661471061992,-2.593644127625258,-13592.540968896206,0.0,-15.45729011244816,0.5228396897266194,-1.0,-0.7890730334690031,0.5135552750823598,22112.5,-0.0021792289846101,0.3506342163058581,0.0064798770224767,0.0068216926261409,-0.3194557573965189,-1.0,-0.9999994742028978,-0.9999994828266426,0.3592540968896206,-9418.512647879015,6689.013890882079,6.6866734973799486e-18,13592.540968896206,0.0,0.5231196019046225,0.4766191759292973,12898.507844596708,1.0,5.428313960511916,416,False,False,False,False,False,False,0,6,False,True,underpowered,False
crypto,5m,long,TSF_200,20,3.429658268290769,-19.09407121527778,3.76997198572776,-10.129556021935182,4,1.0,1.0,-11.855688346674818,-13.630797368816037,-13592.540968896206,0.0,-16.58623934266511,0.5228396897266194,-1.0,-0.7890730334690031,0.4251266391894111,21607.0,-0.0023307994865388,0.1214188253495162,0.0148661571118709,0.004888947873618,-0.4767486884277068,-1.0,-0.9999997068747924,-0.9999997068747924,0.3592540968896206,-9999.999999999998,6689.013890882079,4.200956771127507e-19,13592.540968896206,0.0,0.5030586515833485,0.4969413484166515,12616.740487121087,1.0,5.316442104214205,416,False,False,False,False,False,False,0,6,False,True,underpowered,False
crypto,5m,short,TSF_200,20,3.429658268290769,-19.09407121527778,3.76997198572776,-10.129556021935182,4,1.0,1.0,-9.5908387112629,-13.630797368816037,-13592.540968896206,0.0,-16.58623934266511,0.5228396897266194,-1.0,-0.7890730334690031,0.4251266391894111,21607.0,-0.0023307994865388,0.1214188253495162,0.0148661571118709,0.004888947873618,-0.4767486884277068,-1.0,-0.9999997068747924,-0.9999997068747924,0.3592540968896206,-9999.999999999998,6689.013890882079,4.200956771127507e-19,13592.540968896206,0.0,0.5030586515833485,0.4969413484166515,12616.740487121087,1.0,5.316442104214205,416,False,False,False,False,False,False,0,6,False,True,underpowered,False
crypto,5m,long,LINEARREG_200,20,3.429658268290769,-19.166939177777778,3.766139013380152,-10.1785617098479,4,1.0,1.0,-11.81834974926397,-13.36313741592435,-13592.540968896206,0.0,-16.609391756287692,0.5228396897266194,-1.0,-0.7890730334690031,0.423405747553406,21633.0,-0.002317254275711,0.1208928517554184,0.0148923155055436,0.0048625755485206,-0.476548745122536,-1.0,-0.999999692982638,-0.999999692982638,0.3592540968896206,-9999.999999999998,6689.013890882079,5.371368269564126e-19,13592.540968896206,0.0,0.5032056402720791,0.4967943597279208,12667.006320066264,1.0,5.311036818538274,416,False,False,False,False,False,False,0,6,False,True,underpowered,False
crypto,5m,short,LINEARREG_200,20,3.429658268290769,-19.166939177777778,3.766139013380152,-10.1785617098479,4,1.0,1.0,-9.599031239748491,-13.36313741592435,-13592.540968896206,0.0,-16.609391756287692,0.5228396897266194,-1.0,-0.7890730334690031,0.423405747553406,21633.0,-0.002317254275711,0.1208928517554184,0.0148923155055436,0.0048625755485206,-0.476548745122536,-1.0,-0.999999692982638,-0.999999692982638,0.3592540968896206,-9999.999999999998,6689.013890882079,5.371368269564126e-19,13592.540968896206,0.0,0.5032056402720791,0.4967943597279208,12667.006320066264,1.0,5.311036818538274,416,False,False,False,False,False,False,0,6,False,True,underpowered,False
crypto,5m,long,DEMA_200,20,3.429658268290769,-19.697116690277777,4.208453181821586,-9.360739368735038,4,1.0,1.0,-11.847599507276035,-19.782819361423712,-13592.540968896206,0.0,-16.35379552242922,0.5228396897266194,-1.0,-0.7890730334690031,0.4156840822214723,22183.5,-0.0022685704926743,0.1052427614505945,0.0157454089983184,0.004546005055857,-0.4990250703200553,-1.0,-0.9999996893274904,-0.9999996893274904,0.3592540968896206,-10000.0,6689.013890882079,1.088174628351895e-18,13592.540968896206,0.0,0.502459826786357,0.4975401732136429,12989.483466861882,1.0,5.934791498226853,416,False,False,False,False,False,False,0,6,False,True,underpowered,False
crypto,5m,short,DEMA_200,20,3.429658268290769,-19.697116690277777,4.208453181821586,-9.360739368735038,4,1.0,1.0,-9.677820206221451,-19.782819361423712,-13592.540968896206,0.0,-16.35379552242922,0.5228396897266194,-1.0,-0.7890730334690031,0.4156840822214723,22183.5,-0.0022685704926743,0.1052427614505945,0.0157454089983184,0.004546005055857,-0.4990250703200553,-1.0,-0.9999996893274904,-0.9999996893274904,0.3592540968896206,-10000.0,6689.013890882079,1.088174628351895e-18,13592.540968896206,0.0,0.502459826786357,0.4975401732136429,12989.483466861882,1.0,5.934791498226853,416,False,False,False,False,False,False,0,6,False,True,underpowered,False
crypto,5m,long,T3_50,20,3.429658268290769,-20.35417025694444,3.909396371068779,-10.412947844109178,4,1.0,1.0,-12.980105327662738,-5.9593979780622846,-13592.540968896206,0.0,-17.426674117106955,0.5228396897266194,-1.0,-0.7890730334690031,0.4239447460155573,22862.0,-0.0023152784112781,0.1211160124370668,0.014663527858069,0.0047928708024738,-0.4830671442432974,-1.0,-0.9999998774264316,-0.9999998774264316,0.3592540968896206,-10000.0,6689.013890882079,3.1225446924346593e-20,13592.540968896206,0.0,0.5007360697202999,0.4992639302797,13372.244079877284,1.0,5.5130593935169765,416,False,False,False,False,False,False,0,6,False,True,underpowered,False
crypto,5m,short,T3_50,20,3.429658268290769,-20.35417025694444,3.909396371068779,-10.412947844109178,4,1.0,1.0,-10.58300373902431,-5.9593979780622846,-13592.540968896206,0.0,-17.426674117106955,0.5228396897266194,-1.0,-0.7890730334690031,0.4239447460155573,22862.0,-0.0023152784112781,0.1211160124370668,0.014663527858069,0.0047928708024738,-0.4830671442432974,-1.0,-0.9999998774264316,-0.9999998774264316,0.3592540968896206,-10000.0,6689.013890882079,3.1225446924346593e-20,13592.540968896206,0.0,0.5007360697202999,0.4992639302797,13372.244079877284,1.0,5.5130593935169765,416,False,False,False,False,False,False,0,6,False,True,underpowered,False
crypto,5m,long,KAMA_100,20,3.429658268290769,-20.427110148611103,4.290341955599808,-9.522369247024418,4,1.0,1.0,-12.471746572952952,-3.502819550473542,-13592.540968896206,0.0,-17.18386593896954,0.5228396897266194,-1.0,-0.7890730334690031,0.4087322581044699,23048.5,-0.0022932193420844,0.0961428585255866,0.0173229737917901,0.0045020703968896,-0.5093699431418858,-1.0,-0.9999998846600744,-0.9999998846600744,0.3592540968896206,-10000.0,6689.013890882079,2.978938947921658e-20,13592.540968896206,0.0,0.4930937063717209,0.5069062936282791,13433.072083508536,1.0,6.050271646733307,416,False,False,False,False,False,False,0,6,False,True,underpowered,False
crypto,5m,short,KAMA_100,20,3.429658268290769,-20.427110148611103,4.290341955599808,-9.522369247024418,4,1.0,1.0,-10.49185335807424,-3.502819550473542,-13592.540968896206,0.0,-17.18386593896954,0.5228396897266194,-1.0,-0.7890730334690031,0.4087322581044699,23048.5,-0.0022932193420844,0.0961428585255866,0.0173229737917901,0.0045020703968896,-0.5093699431418858,-1.0,-0.9999998846600744,-0.9999998846600744,0.3592540968896206,-10000.0,6689.013890882079,2.978938947921658e-20,13592.540968896206,0.0,0.4930937063717209,0.5069062936282791,13433.072083508536,1.0,6.050271646733307,416,False,False,False,False,False,False,0,6,False,True,underpowered,False
crypto,5m,long,EMA_100,20,3.429658268290769,-20.469951655555555,4.480449064923994,-9.137455357235629,4,1.0,1.0,-13.0389594587222,-3.079034221378773,-13592.540968896206,0.0,-17.21971027240481,0.5228396897266194,-1.0,-0.7890730334690031,0.3871844894379661,22976.0,-0.0022955257476023,0.0995126448944225,0.0152003259049851,0.0043535931465903,-0.5272715364778969,-1.0,-0.9999999043886872,-0.9999999043886872,0.3592540968896206,-10000.0,6689.013890882079,5.890650652864146e-20,13592.540968896206,0.0,0.4945915549071992,0.5054084450928007,13413.018658164248,1.0,6.318362084579479,416,False,False,False,False,False,False,0,6,False,True,underpowered,False
crypto,5m,short,EMA_100,20,3.429658268290769,-20.469951655555555,4.480449064923994,-9.137455357235629,4,1.0,1.0,-10.576446410706756,-3.079034221378773,-13592.540968896206,0.0,-17.21971027240481,0.5228396897266194,-1.0,-0.7890730334690031,0.3871844894379661,22976.0,-0.0022955257476023,0.0995126448944225,0.0152003259049851,0.0043535931465903,-0.5272715364778969,-1.0,-0.9999999043886872,-0.9999999043886872,0.3592540968896206,-10000.0,6689.013890882079,5.890650652864146e-20,13592.540968896206,0.0,0.4945915549071992,0.5054084450928007,13413.018658164248,1.0,6.318362084579479,416,False,False,False,False,False,False,0,6,False,True,underpowered,False
crypto,5m,short,MINMAXINDEX,20,3.429658268290769,-20.492778738888887,3.454774971974514,-11.86345212358454,4,1.0,1.0,-10.292911628214766,-19.68027282401764,-13592.540968896206,0.0,-16.846865602496415,0.5228396897266194,-1.0,-0.7890730334690031,0.5059310134337028,23383.0,-0.0022305491880981,0.2724062828358082,0.0085503322746047,0.0062886225271476,-0.3546959892200546,-1.0,-0.9999998705656782,-0.9999998705656782,0.3592540968896206,-10000.0,6689.013890882079,9.987252226317512e-20,13592.540968896206,0.0,0.4981630573137172,0.5018369426862828,13691.859172963226,1.0,4.871948967027973,416,False,False,False,False,False,False,0,6,False,True,underpowered,False
crypto,5m,long,MINMAXINDEX,20,3.429658268290769,-20.53890373472222,3.465395796750181,-11.853713075997511,4,0.9939070433138856,1.0,-12.669930630003767,-30.89309806175625,-13592.540968896206,0.0,-16.904378206186582,0.5228396897266194,-1.0,-0.7890730334690031,0.5120251633499586,23369.0,-0.0021755077440229,0.2760813668168972,0.0084926266443094,0.0062538693151753,-0.3478658786079716,-1.0,-0.9999998633060916,-0.9999998247893584,0.3592540968896206,-10000.0,6689.013890882079,1.0201292787750912e-19,13592.540968896206,0.0,0.4981630573137172,0.4958577914493804,13696.230634696209,1.0,4.886926531909781,416,False,False,False,False,False,False,0,6,False,True,underpowered,False
crypto,5m,long,HT_SINE,20,3.429658268290769,-20.94430682361111,3.9023257500911206,-10.734268825775017,4,1.0,1.0,-13.077848743402098,-5.889122056079511,-13592.540968896206,0.0,-17.317527857674953,0.5228396897266194,-1.0,-0.7890730334690031,0.469858926165164,23393.0,-0.002275502194555,0.2312808888100538,0.0088133326505013,0.0056368517102033,-0.4036831748538156,-1.0,-0.999999882885892,-0.999999882885892,0.3592540968896206,-10000.0,6689.013890882079,1.7913608350926335e-20,13592.540968896206,0.0,0.4984682658570659,0.5015317341429341,13635.11632529168,1.0,5.503088352031557,416,False,False,False,False,False,False,0,6,False,True,underpowered,False
crypto,5m,short,HT_SINE,20,3.429658268290769,-20.94430682361111,3.9023257500911206,-10.734268825775017,4,1.0,1.0,-10.92974800895344,-5.889122056079511,-13592.540968896206,0.0,-17.317527857674953,0.5228396897266194,-1.0,-0.7890730334690031,0.469858926165164,23393.0,-0.002275502194555,0.2312808888100538,0.0088133326505013,0.0056368517102033,-0.4036831748538156,-1.0,-0.999999882885892,-0.999999882885892,0.3592540968896206,-10000.0,6689.013890882079,1.7913608350926335e-20,13592.540968896206,0.0,0.4984682658570659,0.5015317341429341,13635.11632529168,1.0,5.503088352031557,416,False,False,False,False,False,False,0,6,False,True,underpowered,False
crypto,5m,long,TEMA_200,20,3.429658268290769,-22.102113923611117,4.3198324801500885,-10.23285695691755,4,1.0,1.0,-14.46188114655894,-16.12744735410346,-13592.540968896206,0.0,-18.88537821103855,0.5228396897266194,-1.0,-0.7890730334690031,0.4075946723350782,25385.0,-0.0022976730626079,0.1176916903457221,0.0136835355207907,0.0046044091212916,-0.4990158350575426,-1.0,-0.9999999750739396,-0.9999999750739396,0.3592540968896206,-10000.0,6689.013890882079,3.6208433266339234e-22,13592.540968896206,0.0,0.5025580350073702,0.4974419649926298,14833.28019363558,1.0,6.091859400432281,416,False,False,False,False,False,False,0,6,False,True,underpowered,False
crypto,5m,short,TEMA_200,20,3.429658268290769,-22.102113923611117,4.3198324801500885,-10.23285695691755,4,1.0,1.0,-11.98360612493128,-16.12744735410346,-13592.540968896206,0.0,-18.88537821103855,0.5228396897266194,-1.0,-0.7890730334690031,0.4075946723350782,25385.0,-0.0022976730626079,0.1176916903457221,0.0136835355207907,0.0046044091212916,-0.4990158350575426,-1.0,-0.9999999750739396,-0.9999999750739396,0.3592540968896206,-10000.0,6689.013890882079,3.6208433266339234e-22,13592.540968896206,0.0,0.5025580350073702,0.4974419649926298,14833.28019363558,1.0,6.091859400432281,416,False,False,False,False,False,False,0,6,False,True,underpowered,False
crypto,5m,short,AROON,20,3.429658268290769,-22.236121708333336,3.757896284294567,-11.834345615798444,4,1.0,1.0,-12.093215693429338,-7.331315406830679,-13592.540968896206,0.0,-18.662501109005103,0.5228396897266194,-1.0,-0.7890730334690031,0.4593535096975767,25567.0,-0.0023027687163467,0.2300640935083032,0.0086145977173958,0.0057169651479867,-0.4027956541168804,-1.0,-0.999999978471386,-0.999999978471386,0.3592540968896206,-10000.0,6689.013890882079,1.0188354229712042e-22,13592.540968896206,0.0,0.4980327707991454,0.5019672292008546,14911.838003040457,1.0,5.299412861614952,416,False,False,False,False,False,False,0,6,False,True,underpowered,False
crypto,5m,short,AROONOSC,20,3.429658268290769,-22.236121708333336,3.757896284294567,-11.834345615798444,4,1.0,1.0,-12.093215693429338,-7.331315406830679,-13592.540968896206,0.0,-18.662501109005103,0.5228396897266194,-1.0,-0.7890730334690031,0.4593535096975767,25567.0,-0.0023027687163467,0.2300640935083032,0.0086145977173958,0.0057169651479867,-0.4027956541168804,-1.0,-0.999999978471386,-0.999999978471386,0.3592540968896206,-10000.0,6689.013890882079,1.0188354229712042e-22,13592.540968896206,0.0,0.4980327707991454,0.5019672292008546,14911.838003040457,1.0,5.299412861614952,416,False,False,False,False,False,False,0,6,False,True,underpowered,False
crypto,5m,long,AROON,20,3.429658268290769,-22.31153820555556,3.80272649061264,-11.734495373587096,4,0.9966667269536444,1.0,-14.322238229251898,-9.843055499872085,-13592.540968896206,0.0,-18.68668029884138,0.5228396897266194,-1.0,-0.7890730334690031,0.463861720899926,25561.5,-0.0022795827883244,0.2327319269292088,0.00862066214728,0.0056693459404107,-0.4020892025790345,-1.0,-0.9999999781374388,-0.9999999755393444,0.3592540968896206,-10000.0,6689.013890882079,1.0484628631209264e-22,13592.540968896206,0.0,0.4980327707991454,0.4975355110072309,14903.6694829537,1.0,5.362632746885267,416,False,False,False,False,False,False,0,6,False,True,underpowered,False
crypto,5m,long,AROONOSC,20,3.429658268290769,-22.31153820555556,3.80272649061264,-11.734495373587096,4,0.9966667269536444,1.0,-14.322238229251898,-9.843055499872085,-13592.540968896206,0.0,-18.68668029884138,0.5228396897266194,-1.0,-0.7890730334690031,0.463861720899926,25561.5,-0.0022795827883244,0.2327319269292088,0.00862066214728,0.0056693459404107,-0.4020892025790345,-1.0,-0.9999999781374388,-0.9999999755393444,0.3592540968896206,-10000.0,6689.013890882079,1.0484628631209264e-22,13592.540968896206,0.0,0.4980327707991454,0.4975355110072309,14903.6694829537,1.0,5.362632746885267,416,False,False,False,False,False,False,0,6,False,True,underpowered,False
crypto,5m,long,MACDEXT,20,3.429658268290769,-22.3659438,3.657668727616961,-12.229616985883698,4,0.9999972194919158,1.0,-14.479792368514762,-15.244469676980009,-13592.540968896206,0.0,-18.943733619655475,0.5228396897266194,-1.0,-0.7890730334690031,0.4768221729527727,25631.5,-0.0022512345004664,0.2752233567598927,0.0075729597845739,0.0060348346766395,-0.3730399623341551,-1.0,-0.999999965173116,-0.9999999651681934,0.3592540968896206,-10000.0,6689.013890882079,4.2613622936528745e-22,13592.540968896206,0.0,0.4974367100822429,0.5021971864096237,14968.0749620237,1.0,5.15807122715703,416,False,False,False,False,False,False,0,6,False,True,underpowered,False
crypto,5m,short,MACDEXT,20,3.429658268290769,-22.369386766666665,3.661315972267839,-12.219315096594052,4,1.0,1.0,-12.018405893186262,-12.868171186194775,-13592.540968896206,0.0,-18.943733619655475,0.5228396897266194,-1.0,-0.7890730334690031,0.476817040095128,25631.5,-0.0022512691162254,0.2752038734570832,0.0075729597845739,0.0060349666473268,-0.3730375406834542,-1.0,-0.9999999651766696,-0.9999999651766696,0.3592540968896206,-10000.0,6689.013890882079,4.2604163074427135e-22,13592.540968896206,0.0,0.4974367100822429,0.5025632899177572,14968.0749620237,1.0,5.163214598274827,416,False,False,False,False,False,False,0,6,False,True,underpowered,False
crypto,5m,short,TANH,20,3.429658268290769,-22.47551288611111,4.85000931433233,-9.268234937072558,4,1.0,1.0,-22.20368720021516,-2.588705076154369,-12500.646963485557,0.0,-28.006903553190465,0.5228396897266194,-1.0,-0.7890730334690031,0.3276062506746573,37266.0,-0.0024816151295713,0.1356332524334698,0.0083472980031036,0.0043157708646845,-0.5750108630368099,-1.0,-0.9999999999998004,-0.9999999999998004,0.3592540968896206,-9546.98971145554,6689.013890882079,1.288135545631465e-31,13592.540968896206,0.0,0.494393349345439,0.505606650654561,26601.871972585515,1.0,6.839518654823622,416,False,False,False,False,False,False,0,6,False,True,underpowered,False
crypto,5m,long,WMA_100,20,3.429658268290769,-22.90833901666667,4.594945171107278,-9.971104404341034,4,1.0,1.0,-14.779725023359989,-3.200546479985261,-13592.540968896206,0.0,-19.34685038747652,0.5228396897266194,-1.0,-0.7890730334690031,0.3841414744273438,26220.5,-0.0022938999475474,0.1051920184147155,0.0139710221983651,0.0043631826655174,-0.5257400671478542,-1.0,-0.9999999863401698,-0.9999999863401698,0.3592540968896206,-10000.0,6689.013890882079,2.837143745429172e-23,13592.540968896206,0.0,0.4969025727657074,0.5030974272342926,15302.597140626824,1.0,6.479825332048116,416,False,False,False,False,False,False,0,6,False,True,underpowered,False
crypto,5m,short,WMA_100,20,3.429658268290769,-22.90833901666667,4.594945171107278,-9.971104404341034,4,1.0,1.0,-12.69582476137182,-3.200546479985261,-13592.540968896206,0.0,-19.34685038747652,0.5228396897266194,-1.0,-0.7890730334690031,0.3841414744273438,26220.5,-0.0022938999475474,0.1051920184147155,0.0139710221983651,0.0043631826655174,-0.5257400671478542,-1.0,-0.9999999863401698,-0.9999999863401698,0.3592540968896206,-10000.0,6689.013890882079,2.837143745429172e-23,13592.540968896206,0.0,0.4969025727657074,0.5030974272342926,15302.597140626824,1.0,6.479825332048116,416,False,False,False,False,False,False,0,6,False,True,underpowered,False
crypto,5m,long,CDLRICKSHAWMAN,20,3.429658268290769,-23.390089718055552,4.574831307803319,-10.225552875866232,4,0.369077781783619,1.0,-14.807629280685935,-1.4717700134718257,-13592.540968896205,0.0,-19.001093635637048,0.5228396897266194,-0.9999999999999992,-0.7890730334690031,0.6247502278802821,16112.0,-0.0010897465919491,0.3946779774580239,0.0047864930200414,0.0049588392118409,-0.2197584042142281,-0.9999999999999992,-0.9999725805601536,-0.999999576811258,0.3592540968896206,-9999.997690130913,6689.013890882079,7.168158323168603e-12,13592.540968896206,0.0,0.369077781783619,0.0,9532.57014572568,1.0,6.451460614710054,416,False,False,False,False,False,False,0,6,False,True,underpowered,False
crypto,5m,long,CEIL,20,3.429658268290769,-23.52261293473193,4.542444362772965,-10.35680838603487,4,0.098844774442136,1.0,-6.425808377582933,-13.922911533869511,-7065.84012507597,0.0,-10.704057328208194,0.5228396897266194,-0.9998482739572432,-0.7890730334690031,0.4402063381269503,3868.5,-0.0021661144931782,0.1936708046568469,0.0115467151640411,0.0051446564516531,-0.4210416212499839,-0.999838330405278,-0.9505332798890256,-0.9999999999999474,0.3592540968896206,-6547.301488044575,6689.013890882079,1.6166959472197229,13592.540968896206,0.0,0.0501122452723016,0.0487325291698344,2780.833694258555,1.0,6.405788307637724,416,False,False,False,False,False,False,0,6,False,False,unrankable,False
crypto,5m,long,FLOOR,20,3.429658268290769,-23.574926316783216,4.548166974820397,-10.366781363700555,4,0.0989080884890565,1.0,-6.733036517446625,-11.25834030918226,-7065.84012507597,0.0,-11.011285468071886,0.5228396897266194,-0.9998173997184662,-0.7890730334690031,0.4402235074747345,3879.5,-0.0021678422942339,0.1911908646003262,0.0116542979478628,0.0051401741823382,-0.421744909283959,-0.9998053826678904,-0.9500944880893316,-0.9999999999999662,0.3592540968896206,-6570.396459102856,6689.013890882079,1.94617332109739,13592.540968896206,0.0,0.0500212328542738,0.0488868556347826,2793.5544480190306,1.0,6.413858377057398,416,False,False,False,False,False,False,0,6,False,False,unrankable,False
crypto,5m,short,LINEARREG_ANGLE,20,3.429658268290769,-23.676612531944443,3.85519580367304,-12.282962390333864,4,1.0,1.0,-12.959261998686769,-5.693457252023571,-13592.540968896206,0.0,-20.02275772062756,0.5228396897266194,-1.0,-0.7890730334690031,0.4545088346552342,27151.5,-0.0022794378531452,0.2191666191772673,0.0088013448360808,0.0055474633477935,-0.4108973255410306,-1.0,-0.999999990555767,-0.999999990555767,0.3592540968896206,-10000.0,6689.013890882079,1.120690262280252e-23,13592.540968896206,0.0,0.4990247623550816,0.5009752376449184,15860.112366639429,1.0,5.436625356429727,416,False,False,False,False,False,False,0,6,False,True,underpowered,False
crypto,5m,short,LINEARREG_SLOPE,20,3.429658268290769,-23.676612531944443,3.85519580367304,-12.282962390333864,4,1.0,1.0,-12.959261998686769,-5.693457252023571,-13592.540968896206,0.0,-20.02275772062756,0.5228396897266194,-1.0,-0.7890730334690031,0.4545088346552342,27151.5,-0.0022794378531452,0.2191666191772673,0.0088013448360808,0.0055474633477935,-0.4108973255410306,-1.0,-0.999999990555767,-0.999999990555767,0.3592540968896206,-10000.0,6689.013890882079,1.120690262280252e-23,13592.540968896206,0.0,0.4990247623550816,0.5009752376449184,15860.112366639429,1.0,5.436625356429727,416,False,False,False,False,False,False,0,6,False,True,underpowered,False
crypto,5m,long,LINEARREG_ANGLE,20,3.429658268290769,-23.679580341666664,3.855405924122866,-12.283832523836749,4,0.999780739189236,1.0,-15.50532144713452,-5.695085417615522,-13592.540968896206,0.0,-20.02303382446557,0.5228396897266194,-1.0,-0.7890730334690031,0.4549625049235719,27151.5,-0.0022756879012944,0.2193667764989126,0.0087962613755735,0.0055438467746964,-0.4104889607846536,-1.0,-0.9999999905766755,-0.9999999904704424,0.3592540968896206,-10000.0,6689.013890882079,1.1166111462211389e-23,13592.540968896206,0.0,0.4990247623550816,0.5007472209526067,15862.444553418043,1.0,5.43692166982692,416,False,False,False,False,False,False,0,6,False,True,underpowered,False
crypto,5m,long,LINEARREG_SLOPE,20,3.429658268290769,-23.679580341666664,3.855405924122866,-12.283832523836749,4,0.999780739189236,1.0,-15.50532144713452,-5.695085417615522,-13592.540968896206,0.0,-20.02303382446557,0.5228396897266194,-1.0,-0.7890730334690031,0.4549625049235719,27151.5,-0.0022756879012944,0.2193667764989126,0.0087962613755735,0.0055438467746964,-0.4104889607846536,-1.0,-0.9999999905766755,-0.9999999904704424,0.3592540968896206,-10000.0,6689.013890882079,1.1166111462211389e-23,13592.540968896206,0.0,0.4990247623550816,0.5007472209526067,15862.444553418043,1.0,5.43692166982692,416,False,False,False,False,False,False,0,6,False,True,underpowered,False
crypto,5m,short,MIDPOINT_50,20,3.429658268290769,-23.74915573333333,4.426541532276458,-10.73034356965346,4,1.0,1.0,-13.477664480139596,-3.82071807277808,-13592.540968896206,0.0,-20.13079647062498,0.5228396897266194,-1.0,-0.7890730334690031,0.3992466585085806,27454.0,-0.0022974151252613,0.124512982291999,0.012573251850963,0.0045356895188299,-0.5065194863368856,-1.0,-0.9999999927958074,-0.9999999927958074,0.3592540968896206,-10000.0,6689.013890882079,1.5195761449673224e-24,13592.540968896206,0.0,0.4993251418519474,0.5006748581480525,16060.23179138712,1.0,6.242341287240228,416,False,False,False,False,False,False,0,6,False,True,underpowered,False
crypto,5m,long,MIDPOINT_50,20,3.429658268290769,-23.86335969305556,4.523587846032384,-10.550633923904448,4,0.9930458580932658,1.0,-15.789401373818958,-6.028319472626645,-13592.540968896206,0.0,-20.18718676564895,0.5228396897266194,-1.0,-0.7890730334690031,0.4105538590533755,27481.0,-0.0022241896863047,0.1301051761744702,0.0122902604312766,0.0044819168033611,-0.4962585839694158,-1.0,-0.9999999926834034,-0.9999999876593456,0.3592540968896206,-10000.0,6689.013890882079,1.688074100386468e-24,13592.540968896206,0.0,0.4993251418519474,0.4915329056080247,16054.302655962882,1.0,6.3791967096317,416,False,False,False,False,False,False,0,6,False,True,underpowered,False
crypto,5m,short,SINH,20,3.429658268290769,-24.053884931944445,4.7259860429613445,-10.17941429080991,4,1.0,1.0,-22.49375767411896,-2.858687706614353,-12500.646963485557,0.0,-28.26232726931037,0.5228396897266194,-1.0,-0.7890730334690031,0.3477702900940678,45569.5,-0.0023583780374736,0.1414949022340317,0.0088948811132722,0.004315031900093,-0.5465493864420348,-1.0,-0.999999999999911,-0.999999999999911,0.3592540968896206,-9398.463408083288,6689.013890882079,5.833017285549327e-40,13592.540968896206,0.0,0.4936315291625897,0.5063684708374103,26827.69184196688,1.0,6.6646201292337,416,False,False,False,False,False,False,0,6,False,True,underpowered,False
crypto,5m,short,EXP,20,3.429658268290769,-24.053961548611117,4.723941675112209,-10.18385204683534,4,1.0,1.0,-22.496985759135757,-2.861805521793188,-12500.646963485557,0.0,-28.26547968196065,0.5228396897266194,-1.0,-0.7890730334690031,0.3477905257397383,45567.5,-0.002358345437006,0.1414902428377676,0.0088962535947953,0.0043154018524014,-0.5464949772159982,-1.0,-0.9999999999999108,-0.9999999999999108,0.3592540968896206,-9398.525071035818,6689.013890882079,5.929822592381676e-40,13592.540968896206,0.0,0.493571695250398,0.5064283047496019,26825.94397733795,1.0,6.661737146720623,416,False,False,False,False,False,False,0,6,False,True,underpowered,False
crypto,5m,short,COSH,20,3.429658268290769,-24.05718820277778,4.720042043239218,-10.1936330152975,4,1.0,1.0,-22.5133059532424,-2.863304105347241,-12500.646963485557,0.0,-28.282075041921978,0.5228396897266194,-1.0,-0.7890730334690031,0.3476755217627107,45569.5,-0.0023582700886673,0.141470180704496,0.0088927831686213,0.004315351387533,-0.5464839075400341,-1.0,-0.9999999999999124,-0.9999999999999124,0.3592540968896206,-9398.463408083288,6689.013890882079,5.657876863903584e-40,13592.540968896206,0.0,0.4935174272835265,0.5064825727164735,26835.265999090618,1.0,6.656237857293807,416,False,False,False,False,False,False,0,6,False,True,underpowered,False
crypto,5m,short,MIDPRICE_50,20,3.429658268290769,-24.102423023611117,4.662125551175969,-10.339671361931272,4,1.0,1.0,-13.670319267041153,-3.898495876378156,-13592.540968896206,0.0,-20.36890330276166,0.5228396897266194,-1.0,-0.7890730334690031,0.4018161862951471,27781.0,-0.0022809451146736,0.127847885161369,0.0123640800911835,0.0045733879792224,-0.4987429723951541,-1.0,-0.9999999948824904,-0.9999999948824904,0.3592540968896206,-10000.0,6689.013890882079,6.6833380938102915e-25,13592.540968896206,0.0,0.5064496503994669,0.493550349600533,16273.16178184508,1.0,6.574563596026319,416,False,False,False,False,False,False,0,6,False,True,underpowered,False
crypto,5m,long,MIDPRICE_50,20,3.429658268290769,-24.245565584722225,4.753808021963749,-10.200481581377208,4,0.9926744688232494,1.0,-16.152578625413344,-3.683989972229893,-13592.540968896206,0.0,-20.423469009408542,0.5228396897266194,-1.0,-0.7890730334690031,0.4128267884631107,27815.5,-0.0022233063628572,0.1327537363351155,0.0120584704757451,0.0045174115527126,-0.4921637838204584,-1.0,-0.9999999949297094,-0.9999999919649372,0.3592540968896206,-10000.0,6689.013890882079,6.050635368447644e-25,13592.540968896206,0.0,0.5064496503994669,0.4852202205997843,16320.424701113076,1.0,6.703854887781223,416,False,False,False,False,False,False,0,6,False,True,underpowered,False
crypto,5m,long,TRIMA_50,20,3.429658268290769,-24.49735219861111,4.729995486720489,-10.358298339771222,4,1.0,1.0,-16.11097915354771,-4.944557021573006,-13592.540968896206,0.0,-20.705525980910195,0.5228396897266194,-1.0,-0.7890730334690031,0.3972087298103386,27952.5,-0.0023102540240431,0.127864471799012,0.0125533509452743,0.0045721033545077,-0.505293481995631,-1.0,-0.9999999953278396,-0.9999999953278396,0.3592540968896206,-10000.0,6689.013890882079,3.4624942725988474e-25,13592.540968896206,0.0,0.4987018704081668,0.5012981295918331,16330.29040736493,1.0,6.6702742761865945,416,False,False,False,False,False,False,0,6,False,True,underpowered,False
crypto,5m,short,TRIMA_50,20,3.429658268290769,-24.49735219861111,4.729995486720489,-10.358298339771222,4,1.0,1.0,-14.014305206211962,-4.944557021573006,-13592.540968896206,0.0,-20.705525980910195,0.5228396897266194,-1.0,-0.7890730334690031,0.3972087298103386,27952.5,-0.0023102540240431,0.127864471799012,0.0125533509452743,0.0045721033545077,-0.505293481995631,-1.0,-0.9999999953278396,-0.9999999953278396,0.3592540968896206,-10000.0,6689.013890882079,3.4624942725988474e-25,13592.540968896206,0.0,0.4987018704081668,0.5012981295918331,16330.29040736493,1.0,6.6702742761865945,416,False,False,False,False,False,False,0,6,False,True,underpowered,False
crypto,5m,long,MACDFIX,20,3.429658268290769,-24.820213000000003,3.460206173430722,-14.346089080230314,4,1.0,1.0,-16.504923676299804,-46.1720462229468,-13592.540968896206,0.0,-21.04905042694707,0.5228396897266194,-1.0,-0.7890730334690031,0.4596253170335196,29145.0,-0.0022941817253351,0.2264523567423422,0.008469123582135,0.0056698083249072,-0.4046312668555129,-1.0,-0.9999999981478928,-0.9999999981478928,0.3592540968896206,-10000.0,6689.013890882079,4.706899892598393e-26,13592.540968896206,0.0,0.4993699796439121,0.5006300203560878,16998.346662216856,1.0,4.879608087097716,416,False,False,False,False,False,False,0,6,False,True,underpowered,False
crypto,5m,short,MACDFIX,20,3.429658268290769,-24.820213000000003,3.460206173430722,-14.346089080230314,4,1.0,1.0,-14.138098870522889,-46.1720462229468,-13592.540968896206,0.0,-21.04905042694707,0.5228396897266194,-1.0,-0.7890730334690031,0.4596253170335196,29145.0,-0.0022941817253351,0.2264523567423422,0.008469123582135,0.0056698083249072,-0.4046312668555129,-1.0,-0.9999999981478928,-0.9999999981478928,0.3592540968896206,-10000.0,6689.013890882079,4.706899892598393e-26,13592.540968896206,0.0,0.4993699796439121,0.5006300203560878,16998.346662216856,1.0,4.879608087097716,416,False,False,False,False,False,False,0,6,False,True,underpowered,False
crypto,5m,long,KAMA_50,20,3.429658268290769,-24.90513354583333,4.92315707729023,-10.11754577594808,4,1.0,1.0,-16.45202070364206,-3.653139799753398,-13592.540968896206,0.0,-20.895875279643388,0.5228396897266194,-1.0,-0.7890730334690031,0.3910137097748293,28847.0,-0.0023028867571038,0.1095199024854367,0.0141707822445416,0.0044255129126304,-0.5203660688756309,-1.0,-0.9999999974544462,-0.9999999974544462,0.3592540968896206,-10000.0,6689.013890882079,1.2204464125223724e-25,13592.540968896206,0.0,0.4946171122622348,0.5053828877377653,16819.990665744794,1.0,6.942672165855186,416,False,False,False,False,False,False,0,6,False,True,underpowered,False
crypto,5m,short,KAMA_50,20,3.429658268290769,-24.90513354583333,4.92315707729023,-10.11754577594808,4,1.0,1.0,-14.167158468677233,-3.653139799753398,-13592.540968896206,0.0,-20.895875279643388,0.5228396897266194,-1.0,-0.7890730334690031,0.3910137097748293,28847.0,-0.0023028867571038,0.1095199024854367,0.0141707822445416,0.0044255129126304,-0.5203660688756309,-1.0,-0.9999999974544462,-0.9999999974544462,0.3592540968896206,-10000.0,6689.013890882079,1.2204464125223724e-25,13592.540968896206,0.0,0.4946171122622348,0.5053828877377653,16819.990665744794,1.0,6.942672165855186,416,False,False,False,False,False,False,0,6,False,True,underpowered,False
crypto,5m,long,CDLHIKKAKE,20,3.429658268290769,-24.912827201388893,4.902388070131032,-10.163547579260904,4,0.3625701838914439,1.0,-15.550506732128287,-32.49344334468597,-13592.5409688962,0.0,-20.72545791221419,0.5228396897266194,-1.0,-0.7890730334690031,0.5510762259180724,18422.5,-0.0012980315896412,0.3755343101787339,0.0044945761710426,0.0048316756421077,-0.2686503991139096,-1.0,-0.9999929845162794,-0.9999999989338102,0.3592540968896206,-9999.999999799187,6689.013890882079,8.106227631563664e-14,13592.540968896206,0.0,0.1788289878352483,0.1846350656493658,11070.973338613449,1.0,6.9133835598544255,416,False,False,False,False,False,False,0,6,False,True,underpowered,False
crypto,5m,long,MACD,20,3.429658268290769,-24.985457790277778,3.4945281071865364,-14.299760668054097,4,1.0,1.0,-16.620491135376202,-44.88057939456158,-13592.540968896206,0.0,-21.1721495814387,0.5228396897266194,-1.0,-0.7890730334690031,0.4585359947819712,29382.0,-0.0022942928501548,0.225966697173502,0.008429844545458,0.005654546443927,-0.405743037555011,-1.0,-0.9999999983594668,-0.9999999983594668,0.3592540968896206,-10000.0,6689.013890882079,2.9647596921795936e-26,13592.540968896206,0.0,0.4995046706576722,0.5004953293423278,17126.130171805005,1.0,4.928009129441864,416,False,False,False,False,False,False,0,6,False,True,underpowered,False
crypto,5m,short,MACD,20,3.429658268290769,-24.985457790277778,3.4945281071865364,-14.299760668054097,4,1.0,1.0,-14.26917825384272,-44.88057939456158,-13592.540968896206,0.0,-21.1721495814387,0.5228396897266194,-1.0,-0.7890730334690031,0.4585359947819712,29382.0,-0.0022942928501548,0.225966697173502,0.008429844545458,0.005654546443927,-0.405743037555011,-1.0,-0.9999999983594668,-0.9999999983594668,0.3592540968896206,-10000.0,6689.013890882079,2.9647596921795936e-26,13592.540968896206,0.0,0.4995046706576722,0.5004953293423278,17126.130171805005,1.0,4.928009129441864,416,False,False,False,False,False,False,0,6,False,True,underpowered,False
crypto,5m,long,MA_50,20,3.429658268290769,-25.21471079444444,4.9363157507586415,-10.21600402712055,4,1.0,1.0,-16.83503839384916,-4.358923476826831,-13592.540968896206,0.0,-21.42981945772889,0.5228396897266194,-1.0,-0.7890730334690031,0.3830822361110986,28996.0,-0.0023037751835739,0.1168271666916535,0.0127611702724829,0.004400042779737,-0.5235801783980809,-1.0,-0.999999997704206,-0.9999999977039148,0.3592540968896206,-10000.0,6689.013890882079,2.903916404548628e-26,13592.540968896206,0.0,0.4982736377937579,0.5017263622062421,16929.91021362032,1.0,6.961228623549809,416,False,False,False,False,False,False,0,6,False,True,underpowered,False
crypto,5m,long,SMA_50,20,3.429658268290769,-25.21471079444444,4.9363157507586415,-10.21600402712055,4,1.0,1.0,-16.83503839384916,-4.358923476826831,-13592.540968896206,0.0,-21.42981945772889,0.5228396897266194,-1.0,-0.7890730334690031,0.3830822361110986,28996.0,-0.0023037751835739,0.1168271666916535,0.0127611702724829,0.004400042779737,-0.5235801783980809,-1.0,-0.999999997704206,-0.9999999977039148,0.3592540968896206,-10000.0,6689.013890882079,2.903916404548628e-26,13592.540968896206,0.0,0.4982736377937579,0.5017263622062421,16929.91021362032,1.0,6.961228623549809,416,False,False,False,False,False,False,0,6,False,True,underpowered,False
crypto,5m,short,MA_50,20,3.429658268290769,-25.215011794444443,4.936547824045608,-10.215645707562576,4,1.0,1.0,-14.74152487326188,-4.358923476826831,-13592.540968896206,0.0,-21.42981945772889,0.5228396897266194,-1.0,-0.7890730334690031,0.3830822361110986,28996.0,-0.0023037751835739,0.1168271666916535,0.0127610025286063,0.004400042779737,-0.5235801783980809,-1.0,-0.9999999977043178,-0.9999999977043178,0.3592540968896206,-10000.0,6689.013890882079,2.903916404548628e-26,13592.540968896206,0.0,0.4982736377937579,0.5017263622062421,16929.91021362032,1.0,6.961555894998711,416,False,False,False,False,False,False,0,6,False,True,underpowered,False
crypto,5m,short,SMA_50,20,3.429658268290769,-25.215011794444443,4.936547824045608,-10.215645707562576,4,1.0,1.0,-14.74152487326188,-4.358923476826831,-13592.540968896206,0.0,-21.42981945772889,0.5228396897266194,-1.0,-0.7890730334690031,0.3830822361110986,28996.0,-0.0023037751835739,0.1168271666916535,0.0127610025286063,0.004400042779737,-0.5235801783980809,-1.0,-0.9999999977043178,-0.9999999977043178,0.3592540968896206,-10000.0,6689.013890882079,2.903916404548628e-26,13592.540968896206,0.0,0.4982736377937579,0.5017263622062421,16929.91021362032,1.0,6.961555894998711,416,False,False,False,False,False,False,0,6,False,True,underpowered,False
crypto,5m,long,SAR,20,3.429658268290769,-25.32059068472222,3.263531374076241,-15.517295703577746,4,0.9998707820545216,1.0,-17.14631653325032,-6.668946065416264,-13592.540968896206,0.0,-21.61697034054495,0.5228396897266194,-1.0,-0.7890730334690031,0.4580167602122661,30111.5,-0.0022892226806709,0.2560272021492261,0.007758470856923,0.0058721482135496,-0.3898441588018319,-1.0,-0.999999999110366,-0.9999999990914934,0.3592540968896206,-10000.0,6689.013890882079,2.502293352075917e-27,13592.540968896206,0.0,0.5069629026882472,0.4928391326793956,17732.237312018467,1.0,4.602255844671385,416,False,False,False,False,False,False,0,6,False,True,underpowered,False
crypto,5m,short,SAR,20,3.429658268290769,-25.3234159125,3.2677825884724303,-15.498837653295515,4,1.0,1.0,-15.181019957530648,-6.727337305824324,-13592.540968896206,0.0,-21.617624617432355,0.5228396897266194,-1.0,-0.7890730334690031,0.4572564285022701,30107.5,-0.0022901816654423,0.2554487833722005,0.0077647466757582,0.0058623337998731,-0.3906603997015552,-1.0,-0.9999999991164428,-0.9999999991164428,0.3592540968896206,-10000.0,6689.013890882079,2.4869099657051632e-27,13592.540968896206,0.0,0.5069629026882472,0.4930370973117528,17726.989973928656,1.0,4.60825093834728,416,False,False,False,False,False,False,0,6,False,True,underpowered,False
crypto,5m,long,SAREXT,20,3.429658268290769,-25.365469543055557,3.2776135146140235,-15.478011321321164,4,1.0,1.0,-17.180750934531485,-6.663778241732093,-13592.540968896206,0.0,-21.64446876419934,0.5228396897266194,-1.0,-0.7890730334690031,0.4568651986696687,30162.5,-0.0022912515970934,0.255401727282955,0.007754013348076,0.0058542041869047,-0.3913856647191604,-1.0,-0.9999999991483828,-0.9999999991483828,0.3592540968896206,-10000.0,6689.013890882079,2.2229497258945804e-27,13592.540968896206,0.0,0.5070653159969373,0.4929346840030627,17782.37869784946,1.0,4.622114582390379,416,False,False,False,False,False,False,0,6,False,True,underpowered,False
crypto,5m,short,SAREXT,20,3.429658268290769,-25.365469543055557,3.2776135146140235,-15.478011321321164,4,1.0,1.0,-15.217437018501712,-6.663778241732093,-13592.540968896206,0.0,-21.64446876419934,0.5228396897266194,-1.0,-0.7890730334690031,0.4568651986696687,30162.5,-0.0022912515970934,0.255401727282955,0.007754013348076,0.0058542041869047,-0.3913856647191604,-1.0,-0.9999999991483828,-0.9999999991483828,0.3592540968896206,-10000.0,6689.013890882079,2.2229497258945804e-27,13592.540968896206,0.0,0.5070653159969373,0.4929346840030627,17782.37869784946,1.0,4.622114582390379,416,False,False,False,False,False,False,0,6,False,True,underpowered,False
crypto,5m,short,LINEARREG_INTERCEPT_21,20,3.429658268290769,-25.421070109722223,4.341300754412227,-11.71126883291181,4,1.0,1.0,-15.204645352079188,-5.9108223047487645,-13592.540968896206,0.0,-21.68419513530401,0.5228396897266194,-1.0,-0.7890730334690031,0.4152926324984113,29248.5,-0.0022865413955927,0.1632128780536268,0.0102659525344043,0.0049504584633709,-0.4618847754225486,-1.0,-0.9999999977138684,-0.9999999977138684,0.3592540968896206,-10000.0,6689.013890882079,2.968217481166525e-26,13592.540968896206,0.0,0.4992263370173854,0.5007736629826146,17069.65060490204,1.0,6.122134118022793,416,False,False,False,False,False,False,0,6,False,True,underpowered,False
crypto,5m,long,LINEARREG_INTERCEPT_21,20,3.429658268290769,-25.42302180833333,4.343435099247256,-11.706412656074589,4,0.9999920899216346,1.0,-17.520578847688043,-5.922491282819088,-13592.540968896206,0.0,-21.6849909356978,0.5228396897266194,-1.0,-0.7890730334690031,0.4153153701334275,29248.0,-0.0022864721996072,0.163207670710358,0.0102660699320916,0.0049504315376818,-0.4618733098726925,-1.0,-0.999999997715436,-0.9999999977124469,0.3592540968896206,-10000.0,6689.013890882079,2.972346437947763e-26,13592.540968896206,0.0,0.4992263370173854,0.5007625406794178,17068.94498425558,1.0,6.125143986740337,416,False,False,False,False,False,False,0,6,False,True,underpowered,False
crypto,5m,long,TSF_100,20,3.429658268290769,-25.7901825,4.033676240528132,-12.787433081948729,4,1.0,1.0,-17.649961196131677,-40.35822514578803,-13592.540968896206,0.0,-22.10254878367724,0.5228396897266194,-1.0,-0.7890730334690031,0.4074862909615793,30513.0,-0.0022813278759432,0.1421540776341355,0.0113159959244137,0.0046926651899485,-0.486147590676121,-1.0,-0.9999999989458463,-0.9999999989458463,0.3592540968896206,-10000.0,6689.013890882079,3.015569341382107e-27,13592.540968896206,0.0,0.5009830888577602,0.4990169111422398,17841.365325235023,1.0,5.6883197756103465,416,False,False,False,False,False,False,0,6,False,True,underpowered,False
crypto,5m,short,TSF_100,20,3.429658268290769,-25.790742966666667,4.034614523293011,-12.78473708839799,4,1.0,1.0,-15.211425904725584,-40.3795775344465,-13592.540968896206,0.0,-22.102454484579557,0.5228396897266194,-1.0,-0.7890730334690031,0.4074862909615793,30513.0,-0.0022813278759432,0.1421540776341355,0.0113159959244137,0.0046926651899485,-0.486147590676121,-1.0,-0.9999999989458463,-0.9999999989458463,0.3592540968896206,-10000.0,6689.013890882079,3.0164925024749977e-27,13592.540968896206,0.0,0.5009830888577602,0.4990169111422398,17841.365325235023,1.0,5.68964294883703,416,False,False,False,False,False,False,0,6,False,True,underpowered,False
crypto,5m,short,CDLHIGHWAVE,20,3.429658268290769,-26.28430819305556,6.236521807887987,-8.429156187607978,4,1.0,1.0,-17.138090184002827,-0.7960348896698581,-13592.540968896206,0.0,-22.68266269471165,0.5228396897266194,-1.0,-0.7890730334690031,0.4205239380369913,30564.0,-0.002242455731303,0.2826312109900614,0.0054727021074363,0.005470780129753,-0.4098968845608146,-1.0,-0.999999999060764,-0.999999999060764,0.3592540968896206,-9999.999999884549,6689.013890882079,3.5983238354711496e-27,13592.540968896206,0.0,0.3120758851783751,0.6879241148216249,18145.37057018443,1.0,8.794788727562732,416,False,False,False,False,False,False,0,6,False,True,underpowered,False
crypto,5m,long,MINUS_DI,20,3.429658268290769,-26.626793423611108,4.513439712835916,-11.798891806568864,4,1.0,1.0,-18.07240125214926,-2.674225449386787,-13592.540968896206,0.0,-22.451282826517463,0.5228396897266194,-1.0,-0.7890730334690031,0.3856497378169908,31792.5,-0.0022699323998013,0.1492882680451169,0.0099377519287755,0.0045163025089485,-0.502608581976913,-1.0,-0.9999999995755084,-0.9999999995755084,0.3592540968896206,-10000.0,6689.013890882079,2.570009195069577e-28,13592.540968896206,0.0,0.488072210048728,0.511927789951272,18644.17108978564,1.0,6.364885737876703,416,False,False,False,False,False,False,0,6,False,True,underpowered,False
crypto,5m,short,MINUS_DI,20,3.429658268290769,-26.626793423611108,4.513439712835916,-11.798891806568864,4,1.0,1.0,-15.868031364450916,-2.674225449386787,-13592.540968896206,0.0,-22.451282826517463,0.5228396897266194,-1.0,-0.7890730334690031,0.3856497378169908,31792.5,-0.0022699323998013,0.1492882680451169,0.0099377519287755,0.0045163025089485,-0.502608581976913,-1.0,-0.9999999995755084,-0.9999999995755084,0.3592540968896206,-10000.0,6689.013890882079,2.570009195069577e-28,13592.540968896206,0.0,0.488072210048728,0.511927789951272,18644.17108978564,1.0,6.364885737876703,416,False,False,False,False,False,False,0,6,False,True,underpowered,False
crypto,5m,short,CDLRICKSHAWMAN,20,3.429658268290769,-27.28969473055556,5.822151843258856,-9.374435935453237,4,1.0,1.0,-17.12111583662947,-0.8061825829105265,-13592.540968896206,0.0,-22.769036705331544,0.5228396897266194,-1.0,-0.7890730334690031,0.4310310436905216,32224.0,-0.0022446998238994,0.2939792353992835,0.0055709992186116,0.0056406905548334,-0.39794769843845,-1.0,-0.999999999555916,-0.999999999555916,0.3592540968896206,-9999.999999999764,6689.013890882079,1.1844596404178232e-27,13592.540968896206,0.0,0.369077781783619,0.630922218216381,19065.14029145136,1.0,8.210441168743722,416,False,False,False,False,False,False,0,6,False,True,underpowered,False
crypto,5m,long,CDLHIGHWAVE,20,3.429658268290769,-28.94244718194444,5.181001289514367,-11.172530391189042,4,0.4422761040412941,1.0,-19.254939862215327,-1.633665882010194,-13592.540968896206,0.0,-23.97899986473512,0.5228396897266194,-1.0,-0.7890730334690031,0.5299204097793037,21320.0,-0.0013503551436881,0.3575821527748597,0.0045369081535131,0.0045766572945687,-0.2950527113512878,-1.0,-0.9999993995232004,-0.99999999912728,0.3592540968896206,-9999.999996211976,6689.013890882079,1.4435989091204468e-17,13592.540968896206,0.0,0.3120758851783751,0.0989819868867183,12726.153645826998,1.0,7.306285962293444,416,False,False,False,False,False,False,0,6,False,True,underpowered,False
crypto,5m,long,SINH,20,3.429658268290769,-29.756271744485296,7.38990200630757,-8.053224987039654,4,1.0,1.0,-25.42217188396745,-3.3878082880747,-10717.242380476211,0.0,-29.81451719377962,0.5228396897266194,-1.0,-0.7890730334690031,0.3521438529636936,45569.5,-0.0023101196613342,0.1426821800367421,0.0090495108480238,0.0042965684751719,-0.5376662037817899,-1.0,-0.999999999999911,-0.9999999999999484,0.3592540968896206,-7714.707677772903,6689.013890882079,5.833017285549327e-40,13592.540968896206,0.0,0.4936315291625897,0.5027482230785192,26827.69184196688,1.0,10.421293930322507,416,False,False,False,False,False,False,0,6,False,True,underpowered,False
crypto,5m,long,EXP,20,3.429658268290769,-29.75650119724265,7.387620751127403,-8.055773895188542,4,1.0,1.0,-25.421300543245916,-3.2687828649954405,-10717.242380476211,0.0,-29.81364946917904,0.5228396897266194,-1.0,-0.7890730334690031,0.3521438529636936,45567.5,-0.0023102906936745,0.1425566518486392,0.0090495108480238,0.0042965684751719,-0.5377060105115874,-1.0,-0.9999999999999108,-0.999999999999949,0.3592540968896206,-7715.260509893989,6689.013890882079,5.929822592381676e-40,13592.540968896206,0.0,0.493571695250398,0.5027732481035443,26825.94397733795,1.0,10.41807688756033,416,False,False,False,False,False,False,0,6,False,True,underpowered,False
crypto,5m,long,COSH,20,3.429658268290769,-29.76014962665441,7.383244160449733,-8.061537443410687,4,1.0,1.0,-25.419391146503152,-3.223063206627124,-10717.242380476211,0.0,-29.811743688557243,0.5228396897266194,-1.0,-0.7890730334690031,0.3521415589528708,45569.5,-0.0023088083330737,0.1426821800367421,0.0090495108480238,0.0042965684751719,-0.537361000159867,-1.0,-0.9999999999999124,-0.9999999999999492,0.3592540968896206,-7714.707677772903,6689.013890882079,5.657876863903584e-40,13592.540968896206,0.0,0.4935174272835265,0.5028163471405689,26835.265999090618,1.0,10.411904987334076,416,False,False,False,False,False,False,0,6,False,True,underpowered,False
crypto,5m,long,TANH,20,3.429658268290769,-34.30577698557693,7.093376760790791,-9.672622262278486,4,0.9992049333686696,1.0,-26.1722835371778,-8.69647947228935,-9868.928298153687,0.0,-30.78486967717061,0.5228396897266194,-1.0,-0.7890730334690031,0.3495711827814722,37059.0,-0.0022728224996008,0.1442367454390303,0.0089031112094766,0.0041713108259471,-0.5448700886692566,-1.0,-0.999999999999792,-0.9999999999999716,0.3592540968896206,-6453.450624155336,6689.013890882079,1.2881355496393002e-31,13592.540968896206,0.0,0.494393349345439,0.4790513648569525,26601.871972585515,1.0,10.003131857448764,416,False,False,False,False,False,False,0,6,False,True,underpowered,False
crypto,5m,long,ACOS,20,3.429658268290769,-41.001924327876985,6.172247858048332,-13.285896895541008,4,0.0,1.0,-27.52605052536776,-6.146284540143245,-7881.957353616246,0.0,-31.648164206577487,0.5228396897266194,0.0,-0.7890730334690031,0.2126363024328202,0.0,-0.0020981441580258,0.2892722878625134,0.0019287280523123,0.0034897573167651,-0.6012292453535873,0.1337050356365996,0.0435122503736433,-0.9999999999996744,0.3592540968896206,-3630.156847531752,6689.013890882079,11337.050356365997,13592.540968896206,0.0,0.0,0.0,0.0,1.0,8.704149132779182,416,False,False,False,False,False,False,0,6,False,False,unrankable,False
crypto,5m,long,HT_TRENDMODE,20,3.429658268290769,-20.792871670833332,4.896397815723431,-8.493130032883668,4,0.419881846888977,1.0,-11.413958601178052,-1.4394788651272812,-13592.540968896206,0.0,-15.88440224192701,0.5228396897266194,-1.0,-0.7890730334690031,0.6156164247321706,17626.0,-0.0010137322387553,0.356691013072396,0.0045588464130024,0.0041403124098721,-0.2448443833219466,-1.0,-0.9999825024301178,-0.999997461426714,0.3592540968896206,-9999.999999998929,6689.013890882079,5.108186066049064e-13,13592.540968896206,0.0,0.419881846888977,0.0,10300.629933443182,1.0,6.904936059218324,416,False,False,False,False,False,False,0,6,False,True,underpowered,False
crypto,5m,long,CDLDOJI,20,3.429658268290769,-22.880775223611117,3.237820643232812,-14.133442055496772,4,0.5759272477194719,1.0,-15.680211825598931,-1.3082619881257067,-13592.540968896206,0.0,-19.271121938022237,0.5228396897266194,-1.0,-0.7890730334690031,0.6440367136441536,18893.5,-0.0010894070921648,0.4025560252258829,0.0052217028135741,0.0054148428153244,-0.2011890518930136,-1.0,-0.9999966973701412,-0.999988688094594,0.3592540968896206,-9999.99999999997,6689.013890882079,5.072396772542795e-15,13592.540968896206,0.0,0.5759272477194719,0.0,11091.778639972308,1.0,4.565998383739684,416,False,False,False,False,False,False,0,6,False,True,underpowered,False
crypto,5m,long,CDLLONGLEGGEDDOJI,20,3.429658268290769,-23.45723138888889,3.4663313169472607,-13.534327358844209,4,0.5578128660509396,1.0,-15.871061159136534,-1.312295283046682,-13592.540968896206,0.0,-19.94659161820817,0.5228396897266194,-1.0,-0.7890730334690031,0.6415878858289519,19089.5,-0.0010916027532567,0.4025175465619954,0.0052187633282097,0.0054132799698605,-0.2016527427612284,-1.0,-0.9999964950914424,-0.9999928635403172,0.3592540968896206,-9999.999999999982,6689.013890882079,4.660039176045643e-15,13592.540968896206,0.0,0.5578128660509396,0.0,11216.005234569388,1.0,4.888245809343122,416,False,False,False,False,False,False,0,6,False,True,underpowered,False
crypto,5m,long,LINEARREG_100,20,3.429658268290769,-26.061246768055558,4.105497241228,-12.695780918493734,4,1.0,1.0,-17.859205811310275,-33.59804887249605,-13592.540968896206,0.0,-22.557250739180517,0.5228396897266194,-1.0,-0.7890730334690031,0.4019369520721388,30814.0,-0.0022854132648128,0.1404216784969678,0.0113178268538338,0.0046696151032226,-0.4894221931130157,-1.0,-0.9999999992304284,-0.9999999992304284,0.3592540968896206,-10000.0,6689.013890882079,7.867644861295222e-28,13592.540968896206,0.0,0.5010531408594016,0.4989468591405984,18022.18246357859,1.0,5.789602276788898,416,False,False,False,False,False,False,0,6,False,True,underpowered,False
crypto,5m,short,LINEARREG_100,20,3.429658268290769,-26.06172823055556,4.106475962639092,-12.692989545131333,4,1.0,1.0,-15.614913975870692,-33.59804887249605,-13592.540968896206,0.0,-22.557250739180517,0.5228396897266194,-1.0,-0.7890730334690031,0.4019369520721388,30814.0,-0.0022854132648128,0.1404216784969678,0.0113178268538338,0.0046696151032226,-0.4894221931130157,-1.0,-0.9999999992304284,-0.9999999992304284,0.3592540968896206,-10000.0,6689.013890882079,7.867644861295222e-28,13592.540968896206,0.0,0.5010531408594016,0.4989468591405984,18022.18246357859,1.0,5.790982476890629,416,False,False,False,False,False,False,0,6,False,True,underpowered,False
crypto,5m,short,CDLHARAMI,20,3.429658268290769,-26.26553595138889,5.835569683835038,-9.00187552353162,4,1.0,1.0,-15.404569315366428,-0.7059695433774948,-13592.540968896206,0.0,-20.60474059450256,0.5228396897266194,-1.0,-0.7890730334690031,0.419155253881043,29887.0,-0.0021657851399949,0.3096574735128422,0.0048886071863212,0.0052684571631845,-0.4110852708700389,-1.0,-0.999999996131512,-0.999999996131512,0.3592540968896206,-10000.0,6689.013890882079,2.4946684213465646e-25,13592.540968896206,0.0,0.2824095428432221,0.7175904571567777,17970.962654511575,1.0,8.229363105791773,416,False,False,False,False,False,False,0,6,False,True,underpowered,False
crypto,5m,long,HT_DCPHASE,20,3.429658268290769,-26.480072998611117,4.893331533793359,-10.822922099489752,4,1.0,1.0,-18.253356207297443,-1.7761349450524015,-13592.540968896206,0.0,-21.994405951339665,0.5228396897266194,-1.0,-0.7890730334690031,0.4487733752849058,30121.0,-0.0022107588286668,0.2894406778083137,0.0061623935718094,0.0056659580518572,-0.3901827031603627,-1.0,-0.9999999974918116,-0.9999999974918116,0.3592540968896206,-10000.0,6689.013890882079,3.7811767101639184e-26,13592.540968896206,0.0,0.5721519851844047,0.4278480148155953,17559.68242093676,1.0,6.900611965984171,416,False,False,False,False,False,False,0,6,False,True,underpowered,False
crypto,5m,short,HT_DCPHASE,20,3.429658268290769,-26.480072998611117,4.893331533793359,-10.822922099489752,4,1.0,1.0,-16.064174745646362,-1.7761349450524015,-13592.540968896206,0.0,-21.994405951339665,0.5228396897266194,-1.0,-0.7890730334690031,0.4487733752849058,30121.0,-0.0022107588286668,0.2894406778083137,0.0061623935718094,0.0056659580518572,-0.3901827031603627,-1.0,-0.9999999974918116,-0.9999999974918116,0.3592540968896206,-10000.0,6689.013890882079,3.7811767101639184e-26,13592.540968896206,0.0,0.5721519851844047,0.4278480148155953,17559.68242093676,1.0,6.900611965984171,416,False,False,False,False,False,False,0,6,False,True,underpowered,False
crypto,5m,long,NATR,20,3.429658268290769,-26.58087108333333,5.244836291371468,-10.136015542396548,4,1.0,1.0,-16.676769175862283,-0.8896757479620857,-13592.540968896206,0.0,-21.108671323380964,0.5228396897266194,-1.0,-0.7890730334690031,0.4153939052203497,29639.5,-0.0021389888517454,0.283484130209293,0.0054716870020494,0.0050593394830222,-0.4227802579612114,-1.0,-0.9999999941112324,-0.9999999941112324,0.3592540968896206,-10000.0,6689.013890882079,7.494882554506472e-25,13592.540968896206,0.0,0.4291431803533174,0.5708568196466826,17600.064716896486,1.0,7.396306549417294,416,False,False,False,False,False,False,0,6,False,True,underpowered,False
crypto,5m,short,NATR,20,3.429658268290769,-26.58087108333333,5.244836291371468,-10.136015542396548,4,1.0,1.0,-15.114779563804088,-0.8896757479620857,-13592.540968896206,0.0,-21.108671323380964,0.5228396897266194,-1.0,-0.7890730334690031,0.4153939052203497,29639.5,-0.0021389888517454,0.283484130209293,0.0054716870020494,0.0050593394830222,-0.4227802579612114,-1.0,-0.9999999941112324,-0.9999999941112324,0.3592540968896206,-10000.0,6689.013890882079,7.494882554506472e-25,13592.540968896206,0.0,0.4291431803533174,0.5708568196466826,17600.064716896486,1.0,7.396306549417294,416,False,False,False,False,False,False,0,6,False,True,underpowered,False
crypto,5m,long,ATR,20,3.429658268290769,-26.59635930555556,5.186903488854108,-10.25519729168172,4,1.0,1.0,-16.681413542607714,-0.8909257902500916,-13592.540968896206,0.0,-21.153910648343498,0.5228396897266194,-1.0,-0.7890730334690031,0.414702483123947,29602.5,-0.0021592332775046,0.2778518505492565,0.0056472148658628,0.0050528337003182,-0.427331158230809,-1.0,-0.9999999942565816,-0.9999999942565816,0.3592540968896206,-10000.0,6689.013890882079,6.802697206572131e-25,13592.540968896206,0.0,0.4294309541095947,0.5705690458904052,17573.83813388759,1.0,7.314609287027967,416,False,False,False,False,False,False,0,6,False,True,underpowered,False
crypto,5m,short,ATR,20,3.429658268290769,-26.59635930555556,5.186903488854108,-10.25519729168172,4,1.0,1.0,-15.119409465469072,-0.8909257902500916,-13592.540968896206,0.0,-21.153910648343498,0.5228396897266194,-1.0,-0.7890730334690031,0.414702483123947,29602.5,-0.0021592332775046,0.2778518505492565,0.0056472148658628,0.0050528337003182,-0.427331158230809,-1.0,-0.9999999942565816,-0.9999999942565816,0.3592540968896206,-10000.0,6689.013890882079,6.802697206572131e-25,13592.540968896206,0.0,0.4294309541095947,0.5705690458904052,17573.83813388759,1.0,7.314609287027967,416,False,False,False,False,False,False,0,6,False,True,underpowered,False
crypto,5m,long,MINUS_DM,20,3.429658268290769,-26.626793423611108,4.513439712835916,-11.798891806568864,4,1.0,1.0,-18.07240125214926,-2.674225449386787,-13592.540968896206,0.0,-22.451282826517463,0.5228396897266194,-1.0,-0.7890730334690031,0.3856497378169908,31792.5,-0.0022699323998013,0.1492882680451169,0.0099377519287755,0.0045163025089485,-0.502608581976913,-1.0,-0.9999999995755084,-0.9999999995755084,0.3592540968896206,-10000.0,6689.013890882079,2.570009195069577e-28,13592.540968896206,0.0,0.488072210048728,0.511927789951272,18644.17108978564,1.0,6.364885737876703,416,False,False,False,False,False,False,0,6,False,True,underpowered,False
crypto,5m,long,PLUS_DI,20,3.429658268290769,-26.626793423611108,4.513439712835916,-11.798891806568864,4,1.0,1.0,-18.07240125214926,-2.674225449386787,-13592.540968896206,0.0,-22.451282826517463,0.5228396897266194,-1.0,-0.7890730334690031,0.3856497378169908,31792.5,-0.0022699323998013,0.1492882680451169,0.0099377519287755,0.0045163025089485,-0.502608581976913,-1.0,-0.9999999995755084,-0.9999999995755084,0.3592540968896206,-10000.0,6689.013890882079,2.570009195069577e-28,13592.540968896206,0.0,0.488072210048728,0.511927789951272,18644.17108978564,1.0,6.364885737876703,416,False,False,False,False,False,False,0,6,False,True,underpowered,False
crypto,5m,long,PLUS_DM,20,3.429658268290769,-26.626793423611108,4.513439712835916,-11.798891806568864,4,1.0,1.0,-18.07240125214926,-2.674225449386787,-13592.540968896206,0.0,-22.451282826517463,0.5228396897266194,-1.0,-0.7890730334690031,0.3856497378169908,31792.5,-0.0022699323998013,0.1492882680451169,0.0099377519287755,0.0045163025089485,-0.502608581976913,-1.0,-0.9999999995755084,-0.9999999995755084,0.3592540968896206,-10000.0,6689.013890882079,2.570009195069577e-28,13592.540968896206,0.0,0.488072210048728,0.511927789951272,18644.17108978564,1.0,6.364885737876703,416,False,False,False,False,False,False,0,6,False,True,underpowered,False
crypto,5m,short,MINUS_DM,20,3.429658268290769,-26.626793423611108,4.513439712835916,-11.798891806568864,4,1.0,1.0,-15.868031364450916,-2.674225449386787,-13592.540968896206,0.0,-22.451282826517463,0.5228396897266194,-1.0,-0.7890730334690031,0.3856497378169908,31792.5,-0.0022699323998013,0.1492882680451169,0.0099377519287755,0.0045163025089485,-0.502608581976913,-1.0,-0.9999999995755084,-0.9999999995755084,0.3592540968896206,-10000.0,6689.013890882079,2.570009195069577e-28,13592.540968896206,0.0,0.488072210048728,0.511927789951272,18644.17108978564,1.0,6.364885737876703,416,False,False,False,False,False,False,0,6,False,True,underpowered,False
crypto,5m,short,PLUS_DI,20,3.429658268290769,-26.626793423611108,4.513439712835916,-11.798891806568864,4,1.0,1.0,-15.868031364450916,-2.674225449386787,-13592.540968896206,0.0,-22.451282826517463,0.5228396897266194,-1.0,-0.7890730334690031,0.3856497378169908,31792.5,-0.0022699323998013,0.1492882680451169,0.0099377519287755,0.0045163025089485,-0.502608581976913,-1.0,-0.9999999995755084,-0.9999999995755084,0.3592540968896206,-10000.0,6689.013890882079,2.570009195069577e-28,13592.540968896206,0.0,0.488072210048728,0.511927789951272,18644.17108978564,1.0,6.364885737876703,416,False,False,False,False,False,False,0,6,False,True,underpowered,False
crypto,5m,short,PLUS_DM,20,3.429658268290769,-26.626793423611108,4.513439712835916,-11.798891806568864,4,1.0,1.0,-15.868031364450916,-2.674225449386787,-13592.540968896206,0.0,-22.451282826517463,0.5228396897266194,-1.0,-0.7890730334690031,0.3856497378169908,31792.5,-0.0022699323998013,0.1492882680451169,0.0099377519287755,0.0045163025089485,-0.502608581976913,-1.0,-0.9999999995755084,-0.9999999995755084,0.3592540968896206,-10000.0,6689.013890882079,2.570009195069577e-28,13592.540968896206,0.0,0.488072210048728,0.511927789951272,18644.17108978564,1.0,6.364885737876703,416,False,False,False,False,False,False,0,6,False,True,underpowered,False
crypto,5m,short,CDLMARUBOZU,20,3.429658268290769,-27.211591206944448,5.0867288017555445,-10.699053268793538,4,1.0,1.0,-17.3219984320828,-0.6965458444852581,-13592.540968896206,0.0,-22.294462305348183,0.5228396897266194,-1.0,-0.7890730334690031,0.3965305173985701,28671.0,-0.0023147536065931,0.2423579542057584,0.0062900059404002,0.0050119608637431,-0.4618459061279321,-1.0,-0.9999999986977736,-0.9999999986977736,0.3592540968896206,-10000.0,6689.013890882079,3.9697072715626986e-27,13592.540968896206,0.0,0.2346455778077646,0.7653544221922353,16718.701933226057,1.0,7.173342209637608,416,False,False,False,False,False,False,0,6,False,True,underpowered,False
crypto,5m,long,DEMA_100,20,3.429658268290769,-27.24495075833333,4.796060227231503,-11.361388084177715,4,1.0,1.0,-19.4348515535205,-11.73072922407366,-13592.540968896206,0.0,-23.639173919226195,0.5228396897266194,-1.0,-0.7890730334690031,0.3724583031607251,31905.0,-0.0023169802839153,0.1190347068190419,0.0120102600903576,0.0043646351601482,-0.5308531409614158,-1.0,-0.9999999996848932,-0.9999999996848932,0.3592540968896206,-10000.0,6689.013890882079,6.693556414280425e-29,13592.540968896206,0.0,0.5036542963654467,0.4963457036345534,18630.810698913592,1.0,6.76343925709001,416,False,False,False,False,False,False,0,6,False,True,underpowered,False
crypto,5m,short,DEMA_100,20,3.429658268290769,-27.24495075833333,4.796060227231503,-11.361388084177715,4,1.0,1.0,-16.996399371128195,-11.73072922407366,-13592.540968896206,0.0,-23.639173919226195,0.5228396897266194,-1.0,-0.7890730334690031,0.3724583031607251,31905.0,-0.0023169802839153,0.1190347068190419,0.0120102600903576,0.0043646351601482,-0.5308531409614158,-1.0,-0.9999999996848932,-0.9999999996848932,0.3592540968896206,-10000.0,6689.013890882079,6.693556414280425e-29,13592.540968896206,0.0,0.5036542963654467,0.4963457036345534,18630.810698913592,1.0,6.76343925709001,416,False,False,False,False,False,False,0,6,False,True,underpowered,False
crypto,5m,short,AVGDEV,20,3.429658268290769,-27.337995825,4.834112469559103,-11.310450883031844,4,1.0,1.0,-15.495521639292807,-0.9657333514709046,-13592.540968896206,0.0,-21.628438432309142,0.5228396897266194,-1.0,-0.7890730334690031,0.4538318565908068,32057.5,-0.0021376677147384,0.3354788900678105,0.0052531067978671,0.0059157851041351,-0.3613497916353052,-1.0,-0.999999998724334,-0.999999998724334,0.3592540968896206,-10000.0,6689.013890882079,3.9055601074929455e-27,13592.540968896206,0.0,0.4497532654998634,0.5502467345001365,18787.43504215374,1.0,6.81710080790155,416,False,False,False,False,False,False,0,6,False,True,underpowered,False
crypto,5m,long,AVGDEV,20,3.429658268290769,-27.341352136111112,4.840452101279496,-11.297024147345187,4,1.0,1.0,-17.522962489389045,-0.9657333514709046,-13592.540968896206,0.0,-21.628444551669613,0.5228396897266194,-1.0,-0.7890730334690031,0.4538194803002022,32057.5,-0.0021376677147384,0.3354788900678105,0.0052531067978671,0.0058857593631269,-0.3631931893326359,-1.0,-0.999999998724334,-0.999999998724334,0.3592540968896206,-10000.0,6689.013890882079,3.9055601074929455e-27,13592.540968896206,0.0,0.4497532654998634,0.5498121248240136,18787.14194527149,1.0,6.826041002982868,416,False,False,False,False,False,False,0,6,False,True,underpowered,False
crypto,5m,long,EMA_50,20,3.429658268290769,-28.10474577916667,5.379467442816146,-10.448895203073803,4,1.0,1.0,-19.14883821495019,-3.446425307334846,-13592.540968896206,0.0,-23.69151052118004,0.5228396897266194,-1.0,-0.7890730334690031,0.354677208011639,32908.0,-0.0022999173807214,0.1126590581248388,0.0117573269904802,0.004164889204813,-0.5522157415529005,-1.0,-0.9999999998382344,-0.9999999998382344,0.3592540968896206,-10000.0,6689.013890882079,1.0634478772553367e-29,13592.540968896206,0.0,0.497214148384878,0.502785851615122,19280.433204330977,1.0,7.586164385175498,416,False,False,False,False,False,False,0,6,False,True,underpowered,False
crypto,5m,short,EMA_50,20,3.429658268290769,-28.10474577916667,5.379467442816146,-10.448895203073803,4,1.0,1.0,-17.010530980138384,-3.446425307334846,-13592.540968896206,0.0,-23.69151052118004,0.5228396897266194,-1.0,-0.7890730334690031,0.354677208011639,32908.0,-0.0022999173807214,0.1126590581248388,0.0117573269904802,0.004164889204813,-0.5522157415529005,-1.0,-0.9999999998382344,-0.9999999998382344,0.3592540968896206,-10000.0,6689.013890882079,1.0634478772553367e-29,13592.540968896206,0.0,0.497214148384878,0.502785851615122,19280.433204330977,1.0,7.586164385175498,416,False,False,False,False,False,False,0,6,False,True,underpowered,False
crypto,5m,short,HT_TRENDMODE,20,3.429658268290769,-29.62804585694444,5.465987666219492,-10.840875488998842,4,1.0,1.0,-18.20882618769256,-0.86961536936643,-13592.540968896206,0.0,-24.23290594243844,0.5228396897266194,-1.0,-0.7890730334690031,0.4181776443980688,35253.0,-0.0021372157576682,0.2756751401168054,0.0053952803954,0.0050393291776148,-0.424107194100734,-1.0,-0.9999999997779456,-0.9999999997779456,0.3592540968896206,-10000.0,6689.013890882079,1.0191884273343708e-29,13592.540968896206,0.0,0.419881846888977,0.580118153111023,20601.259866886365,1.0,7.708175837862399,416,False,False,False,False,False,False,0,6,False,True,underpowered,False
crypto,5m,long,TEMA_100,20,3.429658268290769,-29.930967444444445,4.550047951393828,-13.156330554835412,4,1.0,1.0,-21.65631329256322,-29.078584712558268,-13592.540968896206,0.0,-25.9795626123878,0.5228396897266194,-1.0,-0.7890730334690031,0.3766116532546233,36182.0,-0.0022844374716008,0.1332272597736199,0.0105073217902053,0.0044364710813497,-0.5149222049940279,-1.0,-0.999999999976918,-0.999999999976918,0.3592540968896206,-10000.0,6689.013890882079,4.237380330820569e-33,13592.540968896206,0.0,0.5021067227457059,0.4978932772542941,21150.474727301866,1.0,6.416510943996857,416,False,False,False,False,False,False,0,6,False,True,underpowered,False
crypto,5m,short,TEMA_100,20,3.429658268290769,-29.930967444444445,4.550047951393828,-13.156330554835412,4,1.0,1.0,-19.21372215095964,-29.078584712558268,-13592.540968896206,0.0,-25.9795626123878,0.5228396897266194,-1.0,-0.7890730334690031,0.3766116532546233,36182.0,-0.0022844374716008,0.1332272597736199,0.0105073217902053,0.0044364710813497,-0.5149222049940279,-1.0,-0.999999999976918,-0.999999999976918,0.3592540968896206,-10000.0,6689.013890882079,4.237380330820569e-33,13592.540968896206,0.0,0.5021067227457059,0.4978932772542941,21150.474727301866,1.0,6.416510943996857,416,False,False,False,False,False,False,0,6,False,True,underpowered,False
crypto,5m,short,CDLENGULFING,20,3.429658268290769,-30.309491277777777,4.444054587051993,-13.640467588353308,4,1.0,1.0,-19.916295685366336,-0.742547663304811,-13592.540968896206,0.0,-25.25771264500763,0.5228396897266194,-1.0,-0.7890730334690031,0.3971434395226414,34689.5,-0.0022861906051156,0.2544066116764375,0.0060913428291023,0.0050549131584698,-0.4522709952563595,-1.0,-0.9999999999779507,-0.9999999999779507,0.3592540968896206,-10000.0,6689.013890882079,1.1564132315858194e-32,13592.540968896206,0.0,0.2746718924435432,0.7253281075564568,21238.12067431693,1.0,6.267038325344105,416,False,False,False,False,False,False,0,6,False,True,underpowered,False
crypto,5m,long,T3_21,20,3.429658268290769,-31.056790427777777,4.667673290474337,-13.307182613297998,4,1.0,1.0,-22.38894253128914,-8.232039587259118,-13592.540968896206,0.0,-26.65851507236881,0.5228396897266194,-1.0,-0.7890730334690031,0.3797529613782883,37162.0,-0.0022943286745544,0.1433638776164144,0.0099339727168537,0.0045131528068844,-0.5083649441372032,-1.0,-0.999999999988844,-0.999999999988844,0.3592540968896206,-10000.0,6689.013890882079,8.695329029469527e-34,13592.540968896206,0.0,0.5000113873146382,0.4999886126853617,21756.26444924684,1.0,6.582387058614556,416,False,False,False,False,False,False,0,6,False,True,underpowered,False
crypto,5m,short,T3_21,20,3.429658268290769,-31.056790427777777,4.667673290474337,-13.307182613297998,4,1.0,1.0,-20.057601616479115,-8.232039587259118,-13592.540968896206,0.0,-26.65851507236881,0.5228396897266194,-1.0,-0.7890730334690031,0.3797529613782883,37162.0,-0.0022943286745544,0.1433638776164144,0.0099339727168537,0.0045131528068844,-0.5083649441372032,-1.0,-0.999999999988844,-0.999999999988844,0.3592540968896206,-10000.0,6689.013890882079,8.695329029469527e-34,13592.540968896206,0.0,0.5000113873146382,0.4999886126853617,21756.26444924684,1.0,6.582387058614556,416,False,False,False,False,False,False,0,6,False,True,underpowered,False
crypto,5m,short,CDLSHORTLINE,20,3.429658268290769,-31.178004279166665,5.60609875379918,-11.122888000514704,4,1.0,1.0,-20.868163490335185,-0.7558039162848196,-13592.540968896206,0.0,-26.14209521428625,0.5228396897266194,-1.0,-0.7890730334690031,0.3887128046632151,35461.0,-0.0022700149916792,0.2549054889189901,0.0055882218214987,0.0049541206142899,-0.4582074536359758,-1.0,-0.9999999999565604,-0.9999999999565604,0.3592540968896206,-10000.0,6689.013890882079,1.4033283111998632e-31,13592.540968896206,0.0,0.2930685999864579,0.706931400013542,20689.49730262688,1.0,7.905761519691305,416,False,False,False,False,False,False,0,6,False,True,underpowered,False
crypto,5m,long,WMA_50,20,3.429658268290769,-31.27768714444445,5.5618287196295,-11.24726730043136,4,1.0,1.0,-22.390660693254883,-5.0309467651132245,-13592.540968896206,0.0,-26.57900568690381,0.5228396897266194,-1.0,-0.7890730334690031,0.3540076687010045,37231.5,-0.0022979415448919,0.1207406055810581,0.0107574060696225,0.0041907943665432,-0.5483307802542944,-1.0,-0.9999999999893414,-0.9999999999893414,0.3592540968896206,-10000.0,6689.013890882079,7.312108541584659e-34,13592.540968896206,0.0,0.4988618568883109,0.5011381431116891,21770.836345885247,1.0,7.843331593287157,416,False,False,False,False,False,False,0,6,False,True,underpowered,False
crypto,5m,short,WMA_50,20,3.429658268290769,-31.27768714444445,5.5618287196295,-11.24726730043136,4,1.0,1.0,-20.17445439207642,-5.0309467651132245,-13592.540968896206,0.0,-26.57900568690381,0.5228396897266194,-1.0,-0.7890730334690031,0.3540076687010045,37231.5,-0.0022979415448919,0.1207406055810581,0.0107574060696225,0.0041907943665432,-0.5483307802542944,-1.0,-0.9999999999893414,-0.9999999999893414,0.3592540968896206,-10000.0,6689.013890882079,7.312108541584659e-34,13592.540968896206,0.0,0.4988618568883109,0.5011381431116891,21770.836345885247,1.0,7.843331593287157,416,False,False,False,False,False,False,0,6,False,True,underpowered,False
crypto,5m,short,MULT,20,3.429658268290769,-31.468112891666664,4.989681423805303,-12.613275365250871,4,1.0,1.0,-19.7994871203856,-5.744434846006684,-13592.540968896206,0.0,-26.554338052318307,0.5228396897266194,-1.0,-0.7890730334690031,0.3814477941008539,37822.0,-0.002282826094919,0.1580932637485845,0.0088942265226995,0.0044945823676173,-0.5079061652905459,-1.0,-0.9999999999942792,-0.9999999999942792,0.3592540968896206,-10000.0,6689.013890882079,7.097149665975303e-35,13592.540968896206,0.0,0.498501940966801,0.501498059033199,22095.261913014183,1.0,7.036485286511518,416,False,False,False,False,False,False,0,6,False,True,underpowered,False
crypto,5m,short,ADD,20,3.429658268290769,-31.47127024305556,4.987735637428012,-12.6194620287791,4,1.0,1.0,-19.81268080918685,-5.786394761180821,-13592.540968896206,0.0,-26.581411032749248,0.5228396897266194,-1.0,-0.7890730334690031,0.3815137637921924,37818.5,-0.0022826733016431,0.1582325003654475,0.0089017853820596,0.0044944470445667,-0.5078874617963672,-1.0,-0.9999999999943732,-0.9999999999943732,0.3592540968896206,-10000.0,6689.013890882079,7.336292959051113e-35,13592.540968896206,0.0,0.4989100438543443,0.5010899561456558,22095.97752390438,1.0,7.033741324312013,416,False,False,False,False,False,False,0,6,False,True,underpowered,False
crypto,5m,long,MULT,20,3.429658268290769,-31.473633634722223,4.997415888763009,-12.595963327964194,4,1.0,1.0,-22.016143672547663,-5.516305187549566,-13592.540968896206,0.0,-26.554338052318307,0.5228396897266194,-1.0,-0.7890730334690031,0.3814661202753062,37825.0,-0.0022827600480154,0.1580932637485845,0.0088929615240563,0.0044944839005856,-0.507902597608149,-1.0,-0.9999999999942912,-0.9999999999942814,0.3592540968896206,-10000.0,6689.013890882079,7.097149665975303e-35,13592.540968896206,0.0,0.498501940966801,0.5004893687595344,22094.97053656292,1.0,7.04739248563936,416,False,False,False,False,False,False,0,6,False,True,underpowered,False
crypto,5m,long,ADD,20,3.429658268290769,-31.48978307777778,5.005887185865931,-12.581099776554632,4,0.9994115693391028,1.0,-22.023997109941515,-6.324368503856169,-13592.540968896206,0.0,-26.59351157477441,0.5228396897266194,-1.0,-0.7890730334690031,0.3827732899724096,37820.0,-0.0022750764008013,0.1586108566762842,0.0088793706816645,0.0044894206378022,-0.5067639199687589,-1.0,-0.9999999999943529,-0.9999999999939309,0.3592540968896206,-10000.0,6689.013890882079,7.287685727052954e-35,13592.540968896206,0.0,0.4989100438543443,0.4992818559879343,22091.60731782357,1.0,7.059338770854684,416,False,False,False,False,False,False,0,6,False,True,underpowered,False
crypto,5m,short,CDLSPINNINGTOP,20,3.429658268290769,-31.905044155555554,6.640280875481918,-9.60954657004326,4,1.0,1.0,-21.568128167365195,-0.8898879559298519,-13592.540968896206,0.0,-27.077161330088277,0.5228396897266194,-1.0,-0.7890730334690031,0.3961380836240485,37966.5,-0.002233943239322,0.2711651006824928,0.00533100239977,0.0050581999962251,-0.4416478670256689,-1.0,-0.9999999999898872,-0.9999999999898872,0.3592540968896206,-9999.999999999998,6689.013890882079,3.6088777212859983e-34,13592.540968896206,0.0,0.3831808268680561,0.6168191731319439,22591.586911512182,1.0,9.364172721672244,416,False,False,False,False,False,False,0,6,False,True,underpowered,False
crypto,5m,short,CDLDOJI,20,3.429658268290769,-32.26264714444444,5.15212341627155,-12.524019530491772,4,1.0,1.0,-21.44031813488993,-1.791262205232514,-13592.540968896206,0.0,-27.13785601130821,0.5228396897266194,-1.0,-0.7890730334690031,0.4011591127193232,37786.5,-0.002237298550856,0.2859805464720973,0.0052616823179281,0.0052780537871093,-0.4238870312993561,-1.0,-0.9999999999923188,-0.9999999999923188,0.3592540968896206,-10000.0,6689.013890882079,1.6858248718139259e-34,13592.540968896206,0.0,0.5759272477194719,0.4240727522805281,22183.557279944616,1.0,7.2655621739550975,416,False,False,False,False,False,False,0,6,False,True,underpowered,False
crypto,5m,short,CDLLONGLEGGEDDOJI,20,3.429658268290769,-32.486227811111114,5.277967854534838,-12.310127195336705,4,1.0,1.0,-21.47824154235632,-1.7435536092876558,-13592.540968896206,0.0,-27.241611359721382,0.5228396897266194,-1.0,-0.7890730334690031,0.4013178708081397,38179.0,-0.0022484592978133,0.285097353380893,0.0052529951574549,0.0052512582601654,-0.4281753413023864,-1.0,-0.9999999999921354,-0.9999999999921354,0.3592540968896206,-10000.0,6689.013890882079,9.636539824119235e-35,13592.540968896206,0.0,0.5578128660509396,0.4421871339490604,22432.01046913877,1.0,7.443028922434125,416,False,False,False,False,False,False,0,6,False,True,underpowered,False
crypto,5m,long,KAMA_21,20,3.429658268290769,-33.037671494444446,5.553817432779264,-11.897283947236849,4,1.0,1.0,-23.557190380299097,-4.031481359386218,-13592.540968896206,0.0,-27.88220888586196,0.5228396897266194,-1.0,-0.7890730334690031,0.3614455020930845,39715.5,-0.0023082716757207,0.1276161060353153,0.0105599954907485,0.0043160408512168,-0.5348122863735042,-1.0,-0.9999999999981476,-0.9999999999981476,0.3592540968896206,-10000.0,6689.013890882079,2.366929972794876e-36,13592.540968896206,0.0,0.4951258760636938,0.5048741239363062,23311.64400372284,1.0,7.832034017899123,416,False,False,False,False,False,False,0,6,False,True,underpowered,False
crypto,5m,short,KAMA_21,20,3.429658268290769,-33.037671494444446,5.553817432779264,-11.897283947236849,4,1.0,1.0,-21.37031788874297,-4.031481359386218,-13592.540968896206,0.0,-27.88220888586196,0.5228396897266194,-1.0,-0.7890730334690031,0.3614455020930845,39715.5,-0.0023082716757207,0.1276161060353153,0.0105599954907485,0.0043160408512168,-0.5348122863735042,-1.0,-0.9999999999981476,-0.9999999999981476,0.3592540968896206,-10000.0,6689.013890882079,2.366929972794876e-36,13592.540968896206,0.0,0.4951258760636938,0.5048741239363062,23311.64400372284,1.0,7.832034017899123,416,False,False,False,False,False,False,0,6,False,True,underpowered,False
crypto,5m,long,CDLSPINNINGTOP,20,3.429658268290769,-33.92333384305556,5.683981435987096,-11.936468908317025,4,0.5950076320396562,1.0,-24.206005311166663,-1.656123577513636,-13592.540968896206,0.0,-28.84463823827021,0.5228396897266194,-1.0,-0.7890730334690031,0.483405729782405,30202.5,-0.001565353313894,0.3263262455409084,0.0047144917025131,0.0044852387974467,-0.3490011088785543,-1.0,-0.9999999982704592,-0.9999999999897377,0.3592540968896206,-9999.99999999993,6689.013890882079,3.88865223735676e-26,13592.540968896206,0.0,0.3831808268680561,0.1851309640475958,18125.98452722264,1.0,8.015592248497914,416,False,False,False,False,False,False,0,6,False,True,underpowered,False
crypto,5m,short,HT_TRENDLINE,20,3.429658268290769,-34.862713175,5.981017244556703,-11.657787212276777,4,1.0,1.0,-23.240156879470128,-5.326951776339307,-13592.540968896206,0.0,-29.49964318450944,0.5228396897266194,-1.0,-0.7890730334690031,0.3480209590745284,42287.5,-0.0022801858484685,0.1327867782206425,0.0092706059557684,0.0041876198615099,-0.5445064079064624,-1.0,-0.999999999999518,-0.999999999999518,0.3592540968896206,-10000.0,6689.013890882079,2.2496129645348115e-38,13592.540968896206,0.0,0.4991560306997999,0.5008439693002,24689.15370846564,1.0,8.434474321127936,416,False,False,False,False,False,False,0,6,False,True,underpowered,False
crypto,5m,long,HT_TRENDLINE,20,3.429658268290769,-34.86328674722222,5.981335591394963,-11.657358532892962,4,0.9999763638541168,1.0,-25.455866960371537,-5.34459808087446,-13592.540968896206,0.0,-29.49995325101915,0.5228396897266194,-1.0,-0.7890730334690031,0.348043390438301,42288.5,-0.0022799738805165,0.1327964512164367,0.0092715166947797,0.0041874269095921,-0.5444808780527598,-1.0,-0.999999999999518,-0.9999999999995172,0.3592540968896206,-10000.0,6689.013890882079,2.2510792302999806e-38,13592.540968896206,0.0,0.4991560306997999,0.5008060561270951,24690.02758298133,1.0,8.434923256170709,416,False,False,False,False,False,False,0,6,False,True,underpowered,False
crypto,5m,short,MIDPOINT_21,20,3.429658268290769,-35.03925285416667,5.700278808277007,-12.29387334643647,4,1.0,1.0,-23.76049595034496,-3.968302180371592,-13592.540968896206,0.0,-30.040567594942857,0.5228396897266194,-1.0,-0.7890730334690031,0.3548066891315926,42769.5,-0.0022762842215271,0.141408819881804,0.0090633663288092,0.0042979211649073,-0.5296244705726839,-1.0,-0.9999999999996888,-0.9999999999996888,0.3592540968896206,-10000.0,6689.013890882079,1.0428061901346952e-38,13592.540968896206,0.0,0.4975808115303276,0.5024191884696723,24971.11431776824,1.0,8.038574922257334,416,False,False,False,False,False,False,0,6,False,True,underpowered,False
crypto,5m,short,MIDPRICE_21,20,3.429658268290769,-35.18053468472222,5.839401022938596,-12.049364154482443,4,1.0,1.0,-23.81101901294665,-3.669886763124687,-13592.540968896206,0.0,-30.02631772499238,0.5228396897266194,-1.0,-0.7890730334690031,0.3553574302077839,42819.5,-0.0022832806331857,0.1425977287918466,0.009060529622061,0.0043199613043659,-0.5285419179283433,-1.0,-0.9999999999997422,-0.9999999999997422,0.3592540968896206,-10000.0,6689.013890882079,4.8792953643041914e-39,13592.540968896206,0.0,0.5016142017981542,0.4983857982018458,25042.612709677614,1.0,8.234766088254982,416,False,False,False,False,False,False,0,6,False,True,underpowered,False
crypto,5m,short,TSF_50,20,3.429658268290769,-35.199218136111114,5.017222286124068,-14.031356845982364,4,1.0,1.0,-23.520000669471045,-44.55157822042558,-13592.540968896206,0.0,-30.29339335773269,0.5228396897266194,-1.0,-0.7890730334690031,0.3730216537524881,43622.0,-0.0022449084140574,0.1612497951498705,0.0084297324114065,0.0044797077445269,-0.5011283195427488,-1.0,-0.999999999999728,-0.999999999999728,0.3592540968896206,-10000.0,6689.013890882079,1.9657162734497715e-39,13592.540968896206,0.0,0.4993235711190276,0.5006764288809724,25648.26441666574,1.0,7.075323612252972,416,False,False,False,False,False,False,0,6,False,True,underpowered,False
crypto,5m,long,TSF_50,20,3.429658268290769,-35.19931318194445,5.017266365595392,-14.031271460217717,4,1.0,1.0,-25.87210527182629,-44.55157822042558,-13592.540968896206,0.0,-30.29415333844142,0.5228396897266194,-1.0,-0.7890730334690031,0.3730267760235402,43622.0,-0.0022449084140574,0.1612570744726779,0.0084297324114065,0.0044797077445269,-0.5011283195427488,-1.0,-0.9999999999997282,-0.9999999999997282,0.3592540968896206,-10000.0,6689.013890882079,1.9617524532780278e-39,13592.540968896206,0.0,0.4993235711190276,0.5006750384123566,25648.26441666574,1.0,7.075385773446256,416,False,False,False,False,False,False,0,6,False,True,underpowered,False
crypto,5m,long,MIDPOINT_21,20,3.429658268290769,-35.287636919444445,5.839947979310423,-12.084914812412828,4,0.9891200632750666,1.0,-26.17614096398012,-6.308809600586539,-13592.540968896206,0.0,-30.22514742667899,0.5228396897266194,-1.0,-0.7890730334690031,0.3677163570712868,42758.0,-0.0021982335081169,0.147512223744363,0.0087691182469801,0.0042452578536202,-0.5178091847218127,-1.0,-0.9999999999996922,-0.999999999999359,0.3592540968896206,-10000.0,6689.013890882079,9.331353426535308e-39,13592.540968896206,0.0,0.4975808115303276,0.4877923221993048,24972.28055437607,1.0,8.235537410136246,416,False,False,False,False,False,False,0,6,False,True,underpowered,False
crypto,5m,long,MIDPRICE_21,20,3.429658268290769,-35.415478676388894,5.971675310125793,-11.86115347441516,4,0.9887486287255224,1.0,-26.083825756381323,-4.026951349254777,-13592.540968896206,0.0,-30.13400944399517,0.5228396897266194,-1.0,-0.7890730334690031,0.3694226363605389,42819.5,-0.002215370178222,0.1499475003440845,0.0087629828926405,0.0042752969506572,-0.5181792525268902,-1.0,-0.9999999999997412,-0.9999999999995184,0.3592540968896206,-10000.0,6689.013890882079,4.454505185999776e-39,13592.540968896206,0.0,0.5016142017981542,0.4822765528725317,25026.80132276925,1.0,8.421300256776444,416,False,False,False,False,False,False,0,6,False,True,underpowered,False
crypto,5m,short,LINEARREG_50,20,3.429658268290769,-35.775454109722226,5.043762537427024,-14.186018411553675,4,1.0,1.0,-24.265066680143637,-46.30651628831339,-13592.540968896206,0.0,-30.908253404891468,0.5228396897266194,-1.0,-0.7890730334690031,0.3687967798931585,44343.0,-0.0022547574762704,0.1578993319451694,0.0083705970739852,0.0044382621028229,-0.5080271115210345,-1.0,-0.9999999999998536,-0.9999999999998536,0.3592540968896206,-10000.0,6689.013890882079,3.5985256608742287e-40,13592.540968896206,0.0,0.4998073197285911,0.5001926802714088,26082.57445559718,1.0,7.11275086901181,416,False,False,False,False,False,False,0,6,False,True,underpowered,False
crypto,5m,long,LINEARREG_50,20,3.429658268290769,-35.775950191666674,5.044195047312865,-14.18499873858969,4,0.999998609496582,1.0,-26.523226438451395,-46.126455409057584,-13592.540968896206,0.0,-30.9082460817415,0.5228396897266194,-1.0,-0.7890730334690031,0.3687995831316802,44343.0,-0.0022547303970819,0.1579100388125541,0.0083705970739852,0.0044382421301073,-0.5080232963827496,-1.0,-0.9999999999998536,-0.9999999999998532,0.3592540968896206,-10000.0,6689.013890882079,3.596908360709955e-40,13592.540968896206,0.0,0.4998073197285911,0.5001879215564875,26082.98851786375,1.0,7.1133607976203725,416,False,False,False,False,False,False,0,6,False,True,underpowered,False
crypto,5m,long,CDLHARAMI,20,3.429658268290769,-36.001254401388884,6.556992028991093,-10.981027349800913,4,0.5441175753479155,1.0,-24.90759875747973,-18.44388802391605,-13592.540968896206,0.0,-29.439264258781613,0.5228396897266194,-1.0,-0.7890730334690031,0.4807424924264438,29513.5,-0.0013978030441953,0.3458668025924997,0.0037735187414228,0.0041555225221519,-0.3363723904139745,-1.0,-0.999999993285087,-0.9999999998896358,0.3592540968896206,-10000.0,6689.013890882079,3.200181978612192e-24,13592.540968896206,0.0,0.2824095428432221,0.2707157722665221,17596.331545048222,1.0,9.246718180372842,416,False,False,False,False,False,False,0,6,False,True,underpowered,False
crypto,5m,long,TRIMA_21,20,3.429658268290769,-36.098773925,5.899322470887409,-12.238277905011632,4,1.0,1.0,-26.87734827331593,-6.3443083493711,-13592.540968896206,0.0,-30.921178786953675,0.5228396897266194,-1.0,-0.7890730334690031,0.3555888157344049,44190.5,-0.0022767336722214,0.1473769364925658,0.0086180122227984,0.0043032929790186,-0.5290677821198733,-1.0,-0.9999999999999004,-0.9999999999999004,0.3592540968896206,-10000.0,6689.013890882079,1.5249316118409083e-39,13592.540968896206,0.0,0.4982253017794866,0.5017746982205133,25791.026184660856,1.0,8.31926775299588,416,False,False,False,False,False,False,0,6,False,True,underpowered,False
crypto,5m,short,TRIMA_21,20,3.429658268290769,-36.098773925,5.899322470887409,-12.238277905011632,4,1.0,1.0,-24.6419734947077,-6.3443083493711,-13592.540968896206,0.0,-30.921178786953675,0.5228396897266194,-1.0,-0.7890730334690031,0.3555888157344049,44190.5,-0.0022767336722214,0.1473769364925658,0.0086180122227984,0.0043032929790186,-0.5290677821198733,-1.0,-0.9999999999999004,-0.9999999999999004,0.3592540968896206,-10000.0,6689.013890882079,1.5249316118409083e-39,13592.540968896206,0.0,0.4982253017794866,0.5017746982205133,25791.026184660856,1.0,8.31926775299588,416,False,False,False,False,False,False,0,6,False,True,underpowered,False
crypto,5m,long,DEMA_50,20,3.429658268290769,-36.32626770694444,5.269321296295867,-13.787835534902923,4,1.0,1.0,-27.0326673735124,-25.603988163930158,-13592.540968896206,0.0,-31.459802447580277,0.5228396897266194,-1.0,-0.7890730334690031,0.3474909054095666,45081.5,-0.0022783761571377,0.1323032254412637,0.009251108841924,0.0041826497529527,-0.5447207611704356,-1.0,-0.9999999999999338,-0.9999999999999338,0.3592540968896206,-10000.0,6689.013890882079,3.5024277908013725e-41,13592.540968896206,0.0,0.5019737115705399,0.49802628842946,26341.73986429784,1.0,7.430835482681195,416,False,False,False,False,False,False,0,6,False,True,underpowered,False
crypto,5m,short,DEMA_50,20,3.429658268290769,-36.32626770694444,5.269321296295867,-13.787835534902923,4,1.0,1.0,-24.595345549367792,-25.603988163930158,-13592.540968896206,0.0,-31.459802447580277,0.5228396897266194,-1.0,-0.7890730334690031,0.3474909054095666,45081.5,-0.0022783761571377,0.1323032254412637,0.009251108841924,0.0041826497529527,-0.5447207611704356,-1.0,-0.9999999999999338,-0.9999999999999338,0.3592540968896206,-10000.0,6689.013890882079,3.5024277908013725e-41,13592.540968896206,0.0,0.5019737115705399,0.49802628842946,26341.73986429784,1.0,7.430835482681195,416,False,False,False,False,False,False,0,6,False,True,underpowered,False
crypto,5m,long,CMO,20,3.429658268290769,-36.63235199166667,6.276795183693031,-11.672310763568222,4,1.0,1.0,-26.802699610615512,-4.5753090548168895,-13592.540968896206,0.0,-30.95655145433161,0.5228396897266194,-1.0,-0.7890730334690031,0.32881686600311,44876.5,-0.002286847351348,0.1229088076232632,0.0094101700142923,0.0040253952910222,-0.5681050396338326,-1.0,-0.99999999999994,-0.99999999999994,0.3592540968896206,-10000.0,6689.013890882079,5.477056950571361e-41,13592.540968896206,0.0,0.4985866070675779,0.501413392932422,26229.737337402992,1.0,8.851582537070957,416,False,False,False,False,False,False,0,6,False,True,underpowered,False
crypto,5m,long,RSI,20,3.429658268290769,-36.63235199166667,6.276795183693031,-11.672310763568222,4,1.0,1.0,-26.802699610615512,-4.5753090548168895,-13592.540968896206,0.0,-30.95655145433161,0.5228396897266194,-1.0,-0.7890730334690031,0.32881686600311,44876.5,-0.002286847351348,0.1229088076232632,0.0094101700142923,0.0040253952910222,-0.5681050396338326,-1.0,-0.99999999999994,-0.99999999999994,0.3592540968896206,-10000.0,6689.013890882079,5.477056950571361e-41,13592.540968896206,0.0,0.4985866070675779,0.501413392932422,26229.737337402992,1.0,8.851582537070957,416,False,False,False,False,False,False,0,6,False,True,underpowered,False
crypto,5m,short,CMO,20,3.429658268290769,-36.63235199166667,6.276795183693031,-11.672310763568222,4,1.0,1.0,-24.592535522811005,-4.5753090548168895,-13592.540968896206,0.0,-30.95655145433161,0.5228396897266194,-1.0,-0.7890730334690031,0.32881686600311,44876.5,-0.002286847351348,0.1229088076232632,0.0094101700142923,0.0040253952910222,-0.5681050396338326,-1.0,-0.99999999999994,-0.99999999999994,0.3592540968896206,-10000.0,6689.013890882079,5.477056950571361e-41,13592.540968896206,0.0,0.4985866070675779,0.501413392932422,26229.737337402992,1.0,8.851582537070957,416,False,False,False,False,False,False,0,6,False,True,underpowered,False
crypto,5m,short,RSI,20,3.429658268290769,-36.63235199166667,6.276795183693031,-11.672310763568222,4,1.0,1.0,-24.592535522811005,-4.5753090548168895,-13592.540968896206,0.0,-30.95655145433161,0.5228396897266194,-1.0,-0.7890730334690031,0.32881686600311,44876.5,-0.002286847351348,0.1229088076232632,0.0094101700142923,0.0040253952910222,-0.5681050396338326,-1.0,-0.99999999999994,-0.99999999999994,0.3592540968896206,-10000.0,6689.013890882079,5.477056950571361e-41,13592.540968896206,0.0,0.4985866070675779,0.501413392932422,26229.737337402992,1.0,8.851582537070957,416,False,False,False,False,False,False,0,6,False,True,underpowered,False
crypto,5m,short,MA_21,20,3.429658268290769,-36.73388429027777,5.949360967603033,-12.34885040269381,4,1.0,1.0,-25.185191216241968,-6.513943220457293,-13592.540968896206,0.0,-31.44308332660779,0.5228396897266194,-1.0,-0.7890730334690031,0.3441669182750126,45096.5,-0.0022706360687449,0.1353276511115869,0.0089720632868497,0.0041766210629404,-0.5436538375225025,-1.0,-0.9999999999999342,-0.9999999999999342,0.3592540968896206,-10000.0,6689.013890882079,4.745880794009251e-41,13592.540968896206,0.0,0.4993000720291454,0.5006999279708546,26370.457400307816,1.0,8.389832407528498,416,False,False,False,False,False,False,0,6,False,True,underpowered,False
crypto,5m,short,SMA_21,20,3.429658268290769,-36.73388429027777,5.949360967603033,-12.34885040269381,4,1.0,1.0,-25.185191216241968,-6.513943220457293,-13592.540968896206,0.0,-31.44308332660779,0.5228396897266194,-1.0,-0.7890730334690031,0.3441669182750126,45096.5,-0.0022706360687449,0.1353276511115869,0.0089720632868497,0.0041766210629404,-0.5436538375225025,-1.0,-0.9999999999999342,-0.9999999999999342,0.3592540968896206,-10000.0,6689.013890882079,4.745880794009251e-41,13592.540968896206,0.0,0.4993000720291454,0.5006999279708546,26370.457400307816,1.0,8.389832407528498,416,False,False,False,False,False,False,0,6,False,True,underpowered,False
crypto,5m,long,MA_21,20,3.429658268290769,-36.73390713888889,5.94946040664288,-12.348651685411197,4,1.0,1.0,-27.39829641332067,-6.513063796253952,-13592.540968896206,0.0,-31.442696792159,0.5228396897266194,-1.0,-0.7890730334690031,0.3441749021084346,45096.5,-0.0022706360687449,0.1353305238915609,0.0089720632868497,0.0041766210629404,-0.5436538375225025,-1.0,-0.9999999999999342,-0.9999999999999342,0.3592540968896206,-10000.0,6689.013890882079,4.75044342757969e-41,13592.540968896206,0.0,0.4993000720291454,0.5006929761572733,26370.457400307816,1.0,8.389972637190747,416,False,False,False,False,False,False,0,6,False,True,underpowered,False
crypto,5m,long,SMA_21,20,3.429658268290769,-36.73390713888889,5.94946040664288,-12.348651685411197,4,1.0,1.0,-27.39829641332067,-6.513063796253952,-13592.540968896206,0.0,-31.442696792159,0.5228396897266194,-1.0,-0.7890730334690031,0.3441749021084346,45096.5,-0.0022706360687449,0.1353305238915609,0.0089720632868497,0.0041766210629404,-0.5436538375225025,-1.0,-0.9999999999999342,-0.9999999999999342,0.3592540968896206,-10000.0,6689.013890882079,4.75044342757969e-41,13592.540968896206,0.0,0.4993000720291454,0.5006929761572733,26370.457400307816,1.0,8.389972637190747,416,False,False,False,False,False,False,0,6,False,True,underpowered,False
crypto,5m,short,CCI,20,3.429658268290769,-36.80114709583333,5.671634378948777,-12.977263567068766,4,1.0,1.0,-24.642750063781875,-6.804486153258486,-13592.540968896206,0.0,-31.331140827735428,0.5228396897266194,-1.0,-0.7890730334690031,0.3607813914094104,45530.5,-0.002287674785959,0.1675792858489682,0.0078250332775499,0.0043990125930391,-0.5200427908706196,-1.0,-0.9999999999999628,-0.9999999999999628,0.3592540968896206,-10000.0,6689.013890882079,1.8762403273592635e-41,13592.540968896206,0.0,0.4998848055914989,0.500115194408501,26609.19842630639,1.0,7.998180338236998,416,False,False,False,False,False,False,0,6,False,True,underpowered,False
crypto,5m,long,CCI,20,3.429658268290769,-36.81483020555555,5.68266895458724,-12.95688012085849,4,0.9995925129607852,1.0,-26.80578724439889,-6.279226542705873,-13592.540968896206,0.0,-31.33466049841052,0.5228396897266194,-1.0,-0.7890730334690031,0.3613264595351396,45532.0,-0.002282540525117,0.1676629943474591,0.0078231648857995,0.0043955482534913,-0.5192846019388089,-1.0,-0.9999999999999636,-0.9999999999999624,0.3592540968896206,-10000.0,6689.013890882079,1.8646376432865088e-41,13592.540968896206,0.0,0.4998848055914989,0.4994991595095727,26610.65685894178,1.0,8.013741377615686,416,False,False,False,False,False,False,0,6,False,True,underpowered,False
crypto,5m,short,IMI,20,3.429658268290769,-37.28548630277778,5.818414121670439,-12.816374195129752,4,1.0,1.0,-25.17102699093444,-3.790380894902572,-13592.540968896206,0.0,-31.928997154103627,0.5228396897266194,-1.0,-0.7890730334690031,0.3428990263658923,45445.5,-0.0022677763312239,0.1558287076176161,0.007849879556433,0.00423771926161,-0.5351407658756369,-1.0,-0.9999999999999624,-0.9999999999999624,0.3592540968896206,-10000.0,6689.013890882079,2.639272412730564e-42,13592.540968896206,0.0,0.4918370130905635,0.5081629869094366,26674.95175069505,1.0,8.205170206385986,416,False,False,False,False,False,False,0,6,False,True,underpowered,False
crypto,5m,long,IMI,20,3.429658268290769,-37.52907614861111,6.01160811501733,-12.485536458992197,4,0.9925103335931424,1.0,-27.565101531546453,-5.320507392162474,-13592.540968896206,0.0,-32.08395449785418,0.5228396897266194,-1.0,-0.7890730334690031,0.3575859174209851,45473.5,-0.0022181238065013,0.1605135085663004,0.0076405974521192,0.00418216711451,-0.5303766553960808,-1.0,-0.9999999999999624,-0.9999999999999366,0.3592540968896206,-10000.0,6689.013890882079,2.6974133005331838e-42,13592.540968896206,0.0,0.4918370130905635,0.4954153191637268,26661.11059402361,1.0,8.477613790688224,416,False,False,False,False,False,False,0,6,False,True,underpowered,False
crypto,5m,long,MAVP,20,3.429658268290769,-37.55369834861112,6.052887162226044,-12.408524177675288,4,1.0,1.0,-28.259935404958195,-5.924248172915495,-13592.540968896206,0.0,-32.303268260169,0.5228396897266194,-1.0,-0.7890730334690031,0.3409265337123671,46161.0,-0.0022748713147289,0.1358871658932389,0.0088138320999794,0.0041703938901913,-0.5454811642802746,-1.0,-0.9999999999999742,-0.9999999999999742,0.3592540968896206,-10000.0,6689.013890882079,9.131016590061888e-42,13592.540968896206,0.0,0.4998119438185964,0.5001866655194207,26989.43281484313,1.0,8.535825805375088,416,False,False,False,False,False,False,0,6,False,True,underpowered,False
crypto,5m,short,MAVP,20,3.429658268290769,-37.553838437500005,6.053187586429064,-12.407954619378982,4,1.0,1.0,-26.03705393874523,-5.924248172915495,-13592.540968896206,0.0,-32.30337202557625,0.5228396897266194,-1.0,-0.7890730334690031,0.34092190097929,46161.5,-0.0022749568782094,0.1358871658932389,0.0088145845526152,0.0041703561938617,-0.5455066120150248,-1.0,-0.9999999999999742,-0.9999999999999742,0.3592540968896206,-10000.0,6689.013890882079,9.099495446100936e-42,13592.540968896206,0.0,0.4998119438185964,0.5001880561814036,26989.724075234324,1.0,8.536249465786387,416,False,False,False,False,False,False,0,6,False,True,underpowered,False
crypto,5m,short,ATAN,20,3.429658268290769,-37.58350399722222,6.080929081522533,-12.361105842007987,4,1.0,1.0,-26.06086963040368,-8.20930489946372,-13592.540968896206,0.0,-32.33220501236438,0.5228396897266194,-1.0,-0.7890730334690031,0.3410249081329284,46172.5,-0.0022760119878505,0.1358770147316761,0.0088338001062094,0.0041713340089422,-0.5456316811291928,-1.0,-0.9999999999999748,-0.9999999999999748,0.3592540968896206,-10000.0,6689.013890882079,7.345209962621419e-42,13592.540968896206,0.0,0.5003622644538834,0.4996377355461166,26993.223371770386,1.0,8.575370725336093,416,False,False,False,False,False,False,0,6,False,True,underpowered,False
crypto,5m,short,LN,20,3.429658268290769,-37.58472364861111,6.083490715884082,-12.356301802344122,4,1.0,1.0,-26.040190557877267,-7.980264740460228,-13592.540968896206,0.0,-32.311924645005504,0.5228396897266194,-1.0,-0.7890730334690031,0.3407130964906955,46164.5,-0.0022764115822921,0.1358748808024498,0.0088334222015396,0.0041716556001003,-0.5456854065895107,-1.0,-0.9999999999999746,-0.9999999999999746,0.3592540968896206,-10000.0,6689.013890882079,7.157502928459225e-42,13592.540968896206,0.0,0.5001564828911879,0.4998435171088121,26997.301017247097,1.0,8.578983160873252,416,False,False,False,False,False,False,0,6,False,True,underpowered,False
crypto,5m,short,LOG10,20,3.429658268290769,-37.58472364861111,6.083490715884082,-12.356301802344122,4,1.0,1.0,-26.040190557877267,-7.980264740460228,-13592.540968896206,0.0,-32.311924645005504,0.5228396897266194,-1.0,-0.7890730334690031,0.3407130964906955,46164.5,-0.0022764115822921,0.1358748808024498,0.0088334222015396,0.0041716556001003,-0.5456854065895107,-1.0,-0.9999999999999746,-0.9999999999999746,0.3592540968896206,-10000.0,6689.013890882079,7.157502928459225e-42,13592.540968896206,0.0,0.5001564828911879,0.4998435171088121,26997.301017247097,1.0,8.578983160873252,416,False,False,False,False,False,False,0,6,False,True,underpowered,False
crypto,5m,short,SQRT,20,3.429658268290769,-37.58524893333333,6.081824123599939,-12.359860518651749,4,1.0,1.0,-26.04058061764683,-7.828392233488691,-13592.540968896206,0.0,-32.31180783140884,0.5228396897266194,-1.0,-0.7890730334690031,0.3406860707263464,46168.5,-0.0022769309319727,0.1358589487429792,0.0088312675943846,0.0041710670285968,-0.5458869196687812,-1.0,-0.9999999999999748,-0.9999999999999748,0.3592540968896206,-10000.0,6689.013890882079,6.991433436275572e-42,13592.540968896206,0.0,0.500089743086674,0.499910256913326,26994.97033814016,1.0,8.576632920228622,416,False,False,False,False,False,False,0,6,False,True,underpowered,False
crypto,5m,long,ATAN,20,3.429658268290769,-37.600018679166666,6.1015735373677495,-12.324695735909302,4,1.0,1.0,-28.289098494569,-7.443712844163038,-13592.540968896206,0.0,-32.33220501236438,0.5228396897266194,-1.0,-0.7890730334690031,0.3410249081329284,46172.5,-0.0022760119878505,0.1358770147316761,0.0088338001062094,0.0041713340089422,-0.5456316811291928,-1.0,-0.9999999999999748,-0.9999999999999748,0.3592540968896206,-10000.0,6689.013890882079,7.345209962621419e-42,13592.540968896206,0.0,0.5003622644538834,0.4991670413585306,26993.223371770386,1.0,8.604483688161707,416,False,False,False,False,False,False,0,6,False,True,underpowered,False
crypto,5m,long,LN,20,3.429658268290769,-37.60134527638889,6.1042589592274,-12.319708428997576,4,1.0,1.0,-28.26894341013633,-7.454227898014498,-13592.540968896206,0.0,-32.311924645005504,0.5228396897266194,-1.0,-0.7890730334690031,0.3407130964906955,46164.5,-0.0022764115822921,0.1358748808024498,0.0088334222015396,0.0041716556001003,-0.5456854065895107,-1.0,-0.9999999999999746,-0.9999999999999746,0.3592540968896206,-10000.0,6689.013890882079,7.157502928459225e-42,13592.540968896206,0.0,0.5001564828911879,0.4992685231533269,26997.301017247097,1.0,8.608270689735265,416,False,False,False,False,False,False,0,6,False,True,underpowered,False
crypto,5m,long,LOG10,20,3.429658268290769,-37.60134527638889,6.1042589592274,-12.319708428997576,4,1.0,1.0,-28.26894341013633,-7.454227898014498,-13592.540968896206,0.0,-32.311924645005504,0.5228396897266194,-1.0,-0.7890730334690031,0.3407130964906955,46164.5,-0.0022764115822921,0.1358748808024498,0.0088334222015396,0.0041716556001003,-0.5456854065895107,-1.0,-0.9999999999999746,-0.9999999999999746,0.3592540968896206,-10000.0,6689.013890882079,7.157502928459225e-42,13592.540968896206,0.0,0.5001564828911879,0.4992685231533269,26997.301017247097,1.0,8.608270689735265,416,False,False,False,False,False,False,0,6,False,True,underpowered,False
crypto,5m,long,SQRT,20,3.429658268290769,-37.60185051111111,6.102561073768375,-12.323301661901008,4,1.0,1.0,-28.26878106223337,-7.449879927300081,-13592.540968896206,0.0,-32.31180783140884,0.5228396897266194,-1.0,-0.7890730334690031,0.3406860707263464,46168.5,-0.0022769309319727,0.1358589487429792,0.0088312675943846,0.0041710670285968,-0.5458869196687812,-1.0,-0.9999999999999748,-0.9999999999999748,0.3592540968896206,-10000.0,6689.013890882079,6.991433436275572e-42,13592.540968896206,0.0,0.500089743086674,0.4993230329453354,26994.97033814016,1.0,8.605876319226237,416,False,False,False,False,False,False,0,6,False,True,underpowered,False
crypto,5m,long,CDLMARUBOZU,20,3.429658268290769,-39.95717442638889,5.403121656053601,-14.790403388982105,4,0.46271659417912,1.0,-28.916613535133397,-10.150089097047127,-13592.540968896206,0.0,-33.964251027065174,0.5228396897266194,-1.0,-0.7890730334690031,0.4279181066162817,28224.5,-0.0016123364476643,0.2912245966105063,0.0043922293268088,0.004222760945326,-0.381820441303673,-1.0,-0.9999999964187228,-0.9999999999996924,0.3592540968896206,-10000.0,6689.013890882079,1.1759134793095464e-25,13592.540968896206,0.0,0.2346455778077646,0.2307409042619098,16463.381109676433,1.0,7.619521729918045,416,False,False,False,False,False,False,0,6,False,True,underpowered,False
crypto,5m,long,EMA_21,20,3.429658268290769,-40.42751294722223,6.62138560697672,-12.211194256569256,4,1.0,1.0,-30.188669758197516,-5.368463014026907,-13592.540968896206,0.0,-34.246047398042066,0.5228396897266194,-1.0,-0.7890730334690031,0.3187126501976262,50470.5,-0.0022666429562834,0.1273770806228729,0.0085524814143607,0.0039669962817396,-0.5713751148991258,-1.0,-0.9999999999999982,-0.9999999999999982,0.3592540968896206,-10000.0,6689.013890882079,3.6667937367560255e-46,13592.540968896206,0.0,0.498981602953391,0.5010183970466089,29471.950711220168,1.0,9.337526475643951,416,False,False,False,False,False,False,0,6,False,True,underpowered,False
crypto,5m,short,EMA_21,20,3.429658268290769,-40.42751294722223,6.62138560697672,-12.211194256569256,4,1.0,1.0,-27.97777729609981,-5.368463014026907,-13592.540968896206,0.0,-34.246047398042066,0.5228396897266194,-1.0,-0.7890730334690031,0.3187126501976262,50470.5,-0.0022666429562834,0.1273770806228729,0.0085524814143607,0.0039669962817396,-0.5713751148991258,-1.0,-0.9999999999999982,-0.9999999999999982,0.3592540968896206,-10000.0,6689.013890882079,3.6667937367560255e-46,13592.540968896206,0.0,0.498981602953391,0.5010183970466089,29471.950711220168,1.0,9.337526475643951,416,False,False,False,False,False,False,0,6,False,True,underpowered,False
crypto,5m,long,TEMA_50,20,3.429658268290769,-40.435865340277786,5.6572375765086,-14.295268598294587,4,1.0,1.0,-30.68806974250576,-53.07204950905557,-13592.540968896206,0.0,-35.00278307151233,0.5228396897266194,-1.0,-0.7890730334690031,0.3442129159624443,51478.0,-0.0022531611293575,0.1488014552772653,0.007919631271548,0.0042137812890603,-0.5347124055078751,-1.0,-0.9999999999999984,-0.9999999999999984,0.3592540968896206,-10000.0,6689.013890882079,3.894241194748188e-47,13592.540968896206,0.0,0.4997161986520753,0.5002838013479247,30117.59587115944,1.0,7.977877861998774,416,False,False,False,False,False,False,0,6,False,True,underpowered,False
crypto,5m,short,TEMA_50,20,3.429658268290769,-40.435865340277786,5.6572375765086,-14.295268598294587,4,1.0,1.0,-28.333541708317355,-53.07204950905557,-13592.540968896206,0.0,-35.00278307151233,0.5228396897266194,-1.0,-0.7890730334690031,0.3442129159624443,51478.0,-0.0022531611293575,0.1488014552772653,0.007919631271548,0.0042137812890603,-0.5347124055078751,-1.0,-0.9999999999999984,-0.9999999999999984,0.3592540968896206,-10000.0,6689.013890882079,3.894241194748188e-47,13592.540968896206,0.0,0.4997161986520753,0.5002838013479247,30117.59587115944,1.0,7.977877861998774,416,False,False,False,False,False,False,0,6,False,True,underpowered,False
crypto,5m,long,CDLSHORTLINE,20,3.429658268290769,-40.67242076111111,6.332231881471997,-12.8461564650271,4,0.5542835471663012,1.0,-29.00276707184489,-3.3002656181088588,-13592.540968896206,0.0,-33.745155037791854,0.5228396897266194,-1.0,-0.7890730334690031,0.4470282638513326,34005.0,-0.0016365835848957,0.2942933970451189,0.0045726585174686,0.0042099498996842,-0.3887418197110956,-1.0,-0.9999999998379228,-0.9999999999998772,0.3592540968896206,-10000.0,6689.013890882079,2.5259986889303757e-29,13592.540968896206,0.0,0.2930685999864579,0.2575087704105722,19969.369577372527,1.0,8.929759774277617,416,False,False,False,False,False,False,0,6,False,True,underpowered,False
crypto,5m,long,CDLENGULFING,20,3.429658268290769,-40.99699968611111,6.682585799295526,-12.269801216898102,4,0.6688124440442877,1.0,-29.74990846391959,-1.1250006788065536,-13592.540968896206,0.0,-34.43352692583157,0.5228396897266194,-1.0,-0.7890730334690031,0.4478368714498071,39557.0,-0.0017315131245895,0.2832164798581582,0.00493046973859,0.0043875596429312,-0.3946415013136405,-1.0,-0.9999999999981514,-0.9999999999999613,0.3592540968896206,-10000.0,6689.013890882079,6.304821093745961e-36,13592.540968896206,0.0,0.2746718924435432,0.3896614787784787,23188.77399509938,1.0,9.423831435060489,416,False,False,False,False,False,False,0,6,False,True,underpowered,False
crypto,5m,short,WILLR,20,3.429658268290769,-41.75433440416667,6.798942354832128,-12.282596976128538,4,1.0,1.0,-29.22883779216434,-4.453453972137282,-13592.540968896206,0.0,-35.55338724883843,0.5228396897266194,-1.0,-0.7890730334690031,0.3363009319719163,52519.5,-0.0022619204435469,0.1510339372783859,0.0077258326048698,0.0041885974776747,-0.5400185755740303,-1.0,-0.9999999999999996,-0.9999999999999996,0.3592540968896206,-10000.0,6689.013890882079,2.6241950551817343e-48,13592.540968896206,0.0,0.5042336020537741,0.4957663979462258,30744.06704762409,1.0,9.587918301832447,416,False,False,False,False,False,False,0,6,False,True,underpowered,False
crypto,5m,long,WILLR,20,3.429658268290769,-41.91323033333333,6.8897911270830585,-12.166763711769647,4,0.9940141218899612,1.0,-31.501095533204296,-4.266669240824113,-13592.540968896206,0.0,-35.6024948770644,0.5228396897266194,-1.0,-0.7890730334690031,0.3425929839378575,52532.0,-0.0022311643589257,0.1560643745172217,0.0076246286124445,0.0041568825282988,-0.5367398149301964,-1.0,-0.9999999999999996,-0.9999999999999994,0.3592540968896206,-10000.0,6689.013890882079,2.674910871925486e-48,13592.540968896206,0.0,0.5042336020537741,0.4861376443224596,30735.473811871296,1.0,9.716033905804972,416,False,False,False,False,False,False,0,6,False,True,underpowered,False
crypto,5m,short,LINEARREG_INTERCEPT_9,20,3.429658268290769,-42.39724424722222,7.110039731937629,-11.92602175112406,4,1.0,1.0,-29.67873592962521,-8.242142394333559,-13592.540968896206,0.0,-36.1381155227562,0.5228396897266194,-1.0,-0.7890730334690031,0.342957962321777,52611.5,-0.0022837890896163,0.172578203335031,0.0068977665288306,0.0043854757093545,-0.5207619973233053,-1.0,-0.9999999999999996,-0.9999999999999996,0.3592540968896206,-10000.0,6689.013890882079,9.410797587906294e-49,13592.540968896206,0.0,0.49923052649766,0.50076947350234,30694.722074285277,1.0,10.02663010139374,416,False,False,False,False,False,False,0,6,False,True,underpowered,False
crypto,5m,long,LINEARREG_INTERCEPT_9,20,3.429658268290769,-42.42182573611111,7.140256314629451,-11.882437791258091,4,0.9998693203680876,1.0,-31.898089606872947,-7.329366815580657,-13592.540968896206,0.0,-36.13357296062756,0.5228396897266194,-1.0,-0.7890730334690031,0.3430294969179399,52614.5,-0.0022832209040987,0.172755401052239,0.006895473867405,0.0043851654647725,-0.5206692706217385,-1.0,-0.9999999999999996,-0.9999999999999996,0.3592540968896206,-10000.0,6689.013890882079,9.459720012506032e-49,13592.540968896206,0.0,0.49923052649766,0.5005317321115774,30699.09276808535,1.0,10.069241747601309,416,False,False,False,False,False,False,0,6,False,True,underpowered,False
crypto,5m,short,MOM,20,3.429658268290769,-43.99069675833333,6.819748561098626,-12.900973214545218,4,1.0,1.0,-30.57829281839762,-2.318291260023915,-13592.540968896206,0.0,-37.12643154589941,0.5228396897266194,-1.0,-0.7890730334690031,0.3267010835758906,54902.5,-0.0022548301087632,0.1530459498095774,0.0071985024801351,0.0040583495236888,-0.5556027384042761,-1.0,-1.0,-1.0,0.3592540968896206,-10000.0,6689.013890882079,3.461071463752017e-50,13592.540968896206,0.0,0.4867946508152676,0.5132053491847324,32027.765928158155,1.0,9.617259366286754,416,False,False,False,False,False,False,0,6,False,True,underpowered,False
crypto,5m,short,ROC,20,3.429658268290769,-43.99069675833333,6.819748561098626,-12.900973214545218,4,1.0,1.0,-30.57829281839762,-2.318291260023915,-13592.540968896206,0.0,-37.12643154589941,0.5228396897266194,-1.0,-0.7890730334690031,0.3267010835758906,54902.5,-0.0022548301087632,0.1530459498095774,0.0071985024801351,0.0040583495236888,-0.5556027384042761,-1.0,-1.0,-1.0,0.3592540968896206,-10000.0,6689.013890882079,3.461071463752017e-50,13592.540968896206,0.0,0.4867946508152676,0.5132053491847324,32027.765928158155,1.0,9.617259366286754,416,False,False,False,False,False,False,0,6,False,True,underpowered,False
crypto,5m,short,ROCP,20,3.429658268290769,-43.99069675833333,6.819748561098626,-12.900973214545218,4,1.0,1.0,-30.57829281839762,-2.318291260023915,-13592.540968896206,0.0,-37.12643154589941,0.5228396897266194,-1.0,-0.7890730334690031,0.3267010835758906,54902.5,-0.0022548301087632,0.1530459498095774,0.0071985024801351,0.0040583495236888,-0.5556027384042761,-1.0,-1.0,-1.0,0.3592540968896206,-10000.0,6689.013890882079,3.461071463752017e-50,13592.540968896206,0.0,0.4867946508152676,0.5132053491847324,32027.765928158155,1.0,9.617259366286754,416,False,False,False,False,False,False,0,6,False,True,underpowered,False
crypto,5m,short,ROCR,20,3.429658268290769,-43.99069675833333,6.819748561098626,-12.900973214545218,4,1.0,1.0,-30.57829281839762,-2.318291260023915,-13592.540968896206,0.0,-37.12643154589941,0.5228396897266194,-1.0,-0.7890730334690031,0.3267010835758906,54902.5,-0.0022548301087632,0.1530459498095774,0.0071985024801351,0.0040583495236888,-0.5556027384042761,-1.0,-1.0,-1.0,0.3592540968896206,-10000.0,6689.013890882079,3.461071463752017e-50,13592.540968896206,0.0,0.4867946508152676,0.5132053491847324,32027.765928158155,1.0,9.617259366286754,416,False,False,False,False,False,False,0,6,False,True,underpowered,False
crypto,5m,long,MOM,20,3.429658268290769,-44.76838139444445,7.38604304064561,-12.122426351453068,4,0.9725327306765216,1.0,-33.19824972263368,-6.427437185523772,-13592.540968896206,0.0,-37.56546479170026,0.5228396897266194,-1.0,-0.7890730334690031,0.3520878448439239,54935.5,-0.0021071702720056,0.1672133354103884,0.0067456780847719,0.0039011582494053,-0.5401396552746532,-1.0,-1.0,-0.9999999999999996,0.3592540968896206,-10000.0,6689.013890882079,3.27776376304454e-50,13592.540968896206,0.0,0.4867946508152676,0.4881634454173555,32059.09740573184,1.0,10.415851988684311,416,False,False,False,False,False,False,0,6,False,True,underpowered,False
crypto,5m,long,ROC,20,3.429658268290769,-44.76838139444445,7.38604304064561,-12.122426351453068,4,0.9725327306765216,1.0,-33.19824972263368,-6.427437185523772,-13592.540968896206,0.0,-37.56546479170026,0.5228396897266194,-1.0,-0.7890730334690031,0.3520878448439239,54935.5,-0.0021071702720056,0.1672133354103884,0.0067456780847719,0.0039011582494053,-0.5401396552746532,-1.0,-1.0,-0.9999999999999996,0.3592540968896206,-10000.0,6689.013890882079,3.27776376304454e-50,13592.540968896206,0.0,0.4867946508152676,0.4881634454173555,32059.09740573184,1.0,10.415851988684311,416,False,False,False,False,False,False,0,6,False,True,underpowered,False
crypto,5m,long,ROCP,20,3.429658268290769,-44.76838139444445,7.38604304064561,-12.122426351453068,4,0.9725327306765216,1.0,-33.19824972263368,-6.427437185523772,-13592.540968896206,0.0,-37.56546479170026,0.5228396897266194,-1.0,-0.7890730334690031,0.3520878448439239,54935.5,-0.0021071702720056,0.1672133354103884,0.0067456780847719,0.0039011582494053,-0.5401396552746532,-1.0,-1.0,-0.9999999999999996,0.3592540968896206,-10000.0,6689.013890882079,3.27776376304454e-50,13592.540968896206,0.0,0.4867946508152676,0.4881634454173555,32059.09740573184,1.0,10.415851988684311,416,False,False,False,False,False,False,0,6,False,True,underpowered,False
crypto,5m,long,ROCR,20,3.429658268290769,-44.76838139444445,7.38604304064561,-12.122426351453068,4,0.9725327306765216,1.0,-33.19824972263368,-6.427437185523772,-13592.540968896206,0.0,-37.56546479170026,0.5228396897266194,-1.0,-0.7890730334690031,0.3520878448439239,54935.5,-0.0021071702720056,0.1672133354103884,0.0067456780847719,0.0039011582494053,-0.5401396552746532,-1.0,-1.0,-0.9999999999999996,0.3592540968896206,-10000.0,6689.013890882079,3.27776376304454e-50,13592.540968896206,0.0,0.4867946508152676,0.4881634454173555,32059.09740573184,1.0,10.415851988684311,416,False,False,False,False,False,False,0,6,False,True,underpowered,False
crypto,5m,long,dyn_breakout2,20,3.429658268290769,-0.1335329416666666,0.1288490452964512,-2.0727036255400866,4,0.4886813735533086,1.0,4.6885598028751385,-0.1413825411799729,2181.0862774900484,10.0,0.4821917581931642,0.5228396897266194,-0.6451917010720661,-0.7890730334690031,1.949497587141741,12.5,0.0634230691334018,0.3571428571428571,0.3955976907476508,0.1361369904700216,0.4658768268229645,0.69675292481692,0.1664732266257452,0.2975878059883126,0.3592540968896206,6995.366862936583,6689.013890882079,16967.5292481692,13592.540968896206,0.45,0.4886813735533086,0.0,7.28568897585825,1.0,0.1817038673218734,416,False,False,True,False,True,True,3,6,False,True,underpowered,False
crypto,5m,long,donchian_s1,20,3.429658268290769,-0.1432862861111111,0.1422465895409096,-2.0146182284377714,4,0.3271876215363423,1.0,5.009836849610903,-0.1457044740262728,4249.193219541145,6.5,0.2865076012447618,0.5228396897266194,-0.6057831486616585,-0.7890730334690031,1.7223621584221482,17.5,0.0373499799107617,0.3535714285714285,0.3231991052591252,0.1107706322628239,0.3371830524731674,0.2564231304530806,0.0686144283729643,0.1400986282186283,0.3592540968896206,8989.447664038842,6689.013890882079,12564.231304530807,13592.540968896206,0.55,0.3271876215363423,0.0,10.059055845935225,1.0,0.2005971823342824,416,False,False,True,False,True,True,3,6,False,True,underpowered,False
crypto,5m,long,donchian_s2,20,3.429658268290769,-0.2643975458333333,0.3312758572454528,-1.5962379391712376,4,0.2728027569597363,1.0,5.040157429594318,-0.1485401529775265,5549.489377226939,20.0,0.5193200424001301,0.5228396897266194,-0.5412964809886316,-0.7890730334690031,2.964915008589035,7.0,0.1129024693931833,0.4722222222222222,0.2848437867748342,0.1301180425096267,0.8676926521149467,0.817242337582921,0.1900669344742804,0.6300700043930156,0.3592540968896206,7320.942728936177,6689.013890882079,18172.42337582921,13592.540968896206,0.6,0.2728027569597363,0.0,4.104091883774967,1.0,0.4671676400347028,416,False,False,True,False,True,True,3,6,False,True,underpowered,False
crypto,5m,short,connors_rsi,20,3.429658268290769,-0.8246455541666667,1.2424203280726012,-1.3274823914801213,4,1.0,1.0,0.0,0.0,-12377.30394164816,0.0,-0.567182380475454,0.5228396897266194,-0.9565576725425158,-0.7890730334690031,0.0,1.0,-0.8885363814204429,0.0,0.0,0.8885363814204429,-1.0,-0.888536381420463,-0.492449794433827,-0.4924497944338225,0.3592540968896206,-7963.8537871796,6689.013890882079,1114.6361857953696,13592.540968896206,0.15,0.0,1.0,0.0,1.0,1.7520702456948671,416,False,False,True,True,False,False,2,6,False,True,underpowered,False
crypto,5m,short,dual_thrust,20,3.429658268290769,-0.8340986166666666,1.2260280183139851,-1.3606518027438006,4,1.0,1.0,0.0,0.0,-12383.766051869612,0.0,-0.5523649299416045,0.5228396897266194,-0.9565576725425158,-0.7890730334690031,0.0552371783030733,5.0,-0.1901615653024926,0.2101694915254237,0.0491495048484299,0.3373227542104304,-0.5637377346440883,-0.8847270560430315,-0.4821434280945767,-0.4821434280945708,0.3592540968896206,-7966.897826494804,6689.013890882079,1152.7294395696852,13592.540968896206,0.15,6.773409302205755e-06,0.9999932265906978,2.3389302778748826,1.0,1.72895369042179,416,False,False,True,True,False,False,2,6,False,True,underpowered,False
crypto,5m,long,bb_outside_in,20,3.429658268290769,-0.1531378291666667,0.8777822720542661,-0.3489198495847487,4,1.0,1.0,4.563017169666691,-0.9893082367596392,-3513.0824901945352,0.0,0.1732001048599799,0.5228396897266194,-0.816936969151874,-0.7890730334690031,1.209890100941286,20.5,0.0143095860468663,0.4511278195488721,0.2047880082348745,0.1430718489262081,0.1000167828560516,-0.3672396693651645,-0.1255779518409087,-0.1255779518409133,0.3592540968896206,1230.0374516846937,6689.013890882079,6327.603306348354,13592.540968896206,0.45,0.4994257203763886,0.5005742796236113,11.369892467510862,1.0,1.2378549886177064,416,False,False,True,False,False,False,1,6,False,True,underpowered,False
crypto,5m,short,bb_outside_in,20,3.429658268290769,-0.1531378291666667,0.8777822720542661,-0.3489198495847487,4,1.0,1.0,6.449008510496133,-0.9893082367596392,-3513.0824901945352,0.0,0.1732001048599799,0.5228396897266194,-0.816936969151874,-0.7890730334690031,1.209890100941286,20.5,0.0143095860468663,0.4511278195488721,0.2047880082348745,0.1430718489262081,0.1000167828560516,-0.3672396693651645,-0.1255779518409087,-0.1255779518409133,0.3592540968896206,1230.0374516846937,6689.013890882079,6327.603306348354,13592.540968896206,0.45,0.4994257203763886,0.5005742796236113,11.369892467510862,1.0,1.2378549886177064,416,False,False,True,False,False,False,1,6,False,True,underpowered,False
crypto,5m,long,bollinger_mr,20,3.429658268290769,-0.2305620027777777,0.479376347474389,-0.961924817494654,4,0.3470366499742398,1.0,4.667236209968115,-0.3562801082933878,-4633.752881938769,0.0,0.1391205248571599,0.5228396897266194,-0.6187913848974641,-0.7890730334690031,0.9672687860010344,24.0,-0.0022265406092396,0.6291666666666667,0.0682972784259235,0.1396405855160246,-0.0159447957125916,-0.1526034443629311,-0.050162837775686,-0.187930563715205,0.3592540968896206,2086.5366240487865,6689.013890882079,8473.96555637069,13592.540968896206,0.25,0.3470366499742398,0.0,13.998650273715946,1.0,0.6760200359911376,416,False,False,True,False,False,False,1,6,False,True,underpowered,False
crypto,5m,short,dyn_breakout2,20,3.429658268290769,-0.2829136652777777,0.3809406893194945,-1.4853423286610286,4,1.0,1.0,6.158281715381286,-0.9835753126288892,-3954.806816858436,0.0,0.1216992103480218,0.5228396897266194,-0.8547097941321613,-0.7890730334690031,1.052215447503937,25.0,0.0055109858227455,0.3333333333333333,0.2825148549447855,0.1332592216313919,0.0413553805528707,-0.4555632459252784,-0.1623755519318679,-0.1623755519318604,0.3592540968896206,-2715.01057246492,6689.013890882079,5444.3675407472165,13592.540968896206,0.3,0.4886813735533086,0.5113186264466913,14.5713779517165,1.0,0.5372053499531739,416,False,False,True,False,False,False,1,6,False,True,underpowered,False
crypto,5m,short,donchian_s1,20,3.429658268290769,-0.3501211902777777,0.4925172587988277,-1.4217621170542056,4,1.0,1.0,5.361551050616159,-0.1675266795463446,-4985.930458515453,0.0,0.1146237149274534,0.5228396897266194,-0.8268512261241987,-0.7890730334690031,0.9606403074366248,34.5,-0.0026053009774294,0.3243243243243243,0.2478446071840283,0.1192116768186816,-0.0218544109684155,-0.4187928601992222,-0.1637596687355609,-0.1637596687355798,0.3592540968896206,-3323.573027425516,6689.013890882079,5812.071398007778,13592.540968896206,0.2,0.3271876215363423,0.6728123784636577,20.11811169187045,1.0,0.694551445380246,416,False,False,True,False,False,False,1,6,False,True,underpowered,False
crypto,5m,short,donchian_s2,20,3.429658268290769,-0.3743444527777777,0.6100765179838764,-1.2272049218182537,4,1.0,1.0,5.022829807926774,-0.0536043797054676,-7795.334904019074,0.0,0.1185596370033785,0.5228396897266194,-0.8103983324276426,-0.7890730334690031,0.8833665710884364,14.5,-0.0104788009388284,0.3,0.3064515490858072,0.1850228951533865,-0.0566351582064556,-0.4709293150788654,-0.1990790073529677,-0.1990790073529764,0.3592540968896206,-2881.3125808482723,6689.013890882079,5290.706849211347,13592.540968896206,0.3,0.2728027569597363,0.7271972430402638,8.208183767549935,1.0,0.8603343736454206,416,False,False,True,False,False,False,1,6,False,True,underpowered,False
crypto,5m,short,bollinger_mr,20,3.429658268290769,-0.7279784430555556,1.0294805414050308,-1.4142636286490926,4,1.0,1.0,5.614264453643047,-0.2430645455721825,-12733.524245466204,0.0,-0.1942570599751946,0.5228396897266194,-0.8969265532102138,-0.7890730334690031,0.8194166207716738,49.0,-0.0119459675084733,0.6372549019607843,0.085660827201828,0.1866764307782027,-0.0639929071853037,-0.8327017630370206,-0.4081886711166388,-0.4081886711166381,0.3592540968896206,-6720.16382293992,6689.013890882079,1672.9823696297942,13592.540968896206,0.2,0.3470366499742398,0.6529633500257603,27.99730054743189,1.0,1.451780999040605,416,False,False,True,False,False,False,1,6,False,True,underpowered,False
crypto,5m,long,dual_thrust,20,3.429658268290769,-2.342474740384615,1.2620091947966918,-3.712294252756193,4,6.773409302205755e-06,1.0,4.687743208761298,-17660.250485346092,-1893.1401778792188,0.0,-0.3071651050228694,0.5228396897266194,-0.0124489732329152,-0.7890730334690031,0.3827956075760489,2.0,-0.0004308154107171,0.3333333333333333,0.0185564525221548,0.0098585105492909,-0.0436998478181015,0.1612653261299264,0.0450086310102495,453391757.0067578,0.3592540968896206,1285.1845675220325,6689.013890882079,11612.653261299263,13592.540968896206,0.1,6.773409302205755e-06,0.0,1.1694651389374413,1.0,1.7796946090111088,416,False,False,True,False,False,False,1,6,False,False,unrankable,False
crypto,5m,long,atr_chandelier,20,3.429658268290769,-10.88242309027778,1.812005398385806,-12.011468729587891,4,0.3995764485074901,1.0,-4.412352741302243,-1.4755545609377494,-13592.54005316536,0.0,-8.694896580702846,0.5228396897266194,-0.9999999903448225,-0.7890730334690031,0.7626872289129107,8493.0,-0.0010211351126301,0.3267556255719893,0.010873335765468,0.0070003934454422,-0.1458682459190888,-0.9999999900291208,-0.99550509616042,-0.9990071431276942,0.3592540968896206,-9999.787159162586,6689.013890882079,9.97087914428274e-05,13592.540968896206,0.0,0.3995764485074901,0.0,4949.424338404378,1.0,2.555303283290071,416,False,False,False,False,False,False,0,6,False,True,underpowered,False
crypto,5m,short,atr_chandelier,20,3.429658268290769,-14.083923115277775,4.300818663169252,-6.549414992028241,4,1.0,1.0,-6.155352486791752,-0.9802373144370552,-13592.540968896194,0.0,-12.362484635297449,0.5228396897266194,-1.0,-0.7890730334690031,0.473246234465188,16986.0,-0.0022268032315646,0.2563600018970541,0.0079834262741215,0.0057475921356774,-0.387432368024522,-1.0,-0.9999883404343336,-0.9999883404343336,0.3592540968896206,-9999.999866656535,6689.013890882079,1.672373556918474e-13,13592.540968896206,0.0,0.3995764485074901,0.60042355149251,9898.848676808757,1.0,6.065045976475436,416,False,False,False,False,False,False,0,6,False,True,underpowered,False
crypto,5m,short,CDLLONGLINE,20,3.429658268290769,-39.22903298194444,5.574875785287733,-14.073509255747386,4,1.0,1.0,-28.142840322383872,-0.8101962982002787,-13592.540968896206,0.0,-33.96590486318222,0.5228396897266194,-1.0,-0.7890730334690031,0.3443921787863156,48566.0,-0.002266784862984,0.2155578828355853,0.0057705973492237,0.0046822410863387,-0.484123910150169,-1.0,-0.999999999999992,-0.999999999999992,0.3592540968896206,-10000.0,6689.013890882079,9.107909610355072e-45,13592.540968896206,0.0,0.3823442234123098,0.6176557765876902,28329.44247087962,1.0,7.8617306608304895,416,False,False,False,False,False,False,0,6,False,True,underpowered,False
crypto,5m,short,CDLCLOSINGMARUBOZU,20,3.429658268290769,-39.86906261527777,6.668741425041637,-11.956997602446052,4,1.0,1.0,-27.44437182318408,-0.8190670624977083,-13592.540968896206,0.0,-33.28723865745911,0.5228396897266194,-1.0,-0.7890730334690031,0.3394922831842646,46540.0,-0.0022964634966692,0.2172567619385154,0.0056914567218532,0.0045996998039777,-0.4992637768846054,-1.0,-0.9999999999999876,-0.9999999999999876,0.3592540968896206,-10000.0,6689.013890882079,2.4748342866300603e-44,13592.540968896206,0.0,0.371146968493006,0.628853031506994,27166.08850773637,1.0,9.404307997096357,416,False,False,False,False,False,False,0,6,False,True,underpowered,False
crypto,5m,short,CDLBELTHOLD,20,3.429658268290769,-40.9635223375,6.37137236594659,-12.858618201767612,4,1.0,1.0,-29.10575664392632,-0.8408707742156079,-13592.540968896206,0.0,-35.394884434624686,0.5228396897266194,-1.0,-0.7890730334690031,0.33946903191016,50361.5,-0.0022658012715234,0.209759802627906,0.0056384056777996,0.0044347287766964,-0.5109221748644017,-1.0,-0.9999999999999954,-0.9999999999999954,0.3592540968896206,-10000.0,6689.013890882079,7.946983181166821e-46,13592.540968896206,0.0,0.3814913712482417,0.6185086287517583,29352.59661439599,1.0,8.984955972134747,416,False,False,False,False,False,False,0,6,False,True,underpowered,False
crypto,5m,long,bar_updn,20,3.429658268290769,-43.072473130555565,4.69318473847332,-18.355328217728296,4,1.0,1.0,-34.1307620783001,-12.220303693302853,-13592.540968896206,0.0,-38.25007781067023,0.5228396897266194,-1.0,-0.7890730334690031,0.3501627886424456,53670.0,-0.0023131642923961,0.2152456051970952,0.0058323973836298,0.0045253332712315,-0.5111588812919867,-1.0,-1.0,-1.0,0.3592540968896206,-10000.0,6689.013890882079,2.105028572135973e-52,13592.540968896206,0.0,0.5025229728675094,0.4974770271324906,31869.843818934634,1.0,6.618363489419541,416,False,False,False,False,False,False,0,6,False,True,underpowered,False
crypto,5m,short,bar_updn,20,3.429658268290769,-43.072473130555565,4.69318473847332,-18.355328217728296,4,1.0,1.0,-31.925317312604665,-12.220303693302853,-13592.540968896206,0.0,-38.25007781067023,0.5228396897266194,-1.0,-0.7890730334690031,0.3501627886424456,53670.0,-0.0023131642923961,0.2152456051970952,0.0058323973836298,0.0045253332712315,-0.5111588812919867,-1.0,-1.0,-1.0,0.3592540968896206,-10000.0,6689.013890882079,2.105028572135973e-52,13592.540968896206,0.0,0.5025229728675094,0.4974770271324906,31869.843818934634,1.0,6.618363489419541,416,False,False,False,False,False,False,0,6,False,True,underpowered,False
crypto,5m,short,ROCR100,20,3.429658268290769,-43.99069675833333,6.819748561098626,-12.900973214545218,4,1.0,1.0,-30.57829281839762,-2.318291260023915,-13592.540968896206,0.0,-37.12643154589941,0.5228396897266194,-1.0,-0.7890730334690031,0.3267010835758906,54902.5,-0.0022548301087632,0.1530459498095774,0.0071985024801351,0.0040583495236888,-0.5556027384042761,-1.0,-1.0,-1.0,0.3592540968896206,-10000.0,6689.013890882079,3.461071463752017e-50,13592.540968896206,0.0,0.4867946508152676,0.5132053491847324,32027.765928158155,1.0,9.617259366286754,416,False,False,False,False,False,False,0,6,False,True,underpowered,False
crypto,5m,long,KAMA_9,20,3.429658268290769,-44.44866589027777,7.223300701984903,-12.307023540654662,4,1.0,1.0,-33.97375998746037,-5.899704311066957,-13592.540968896206,0.0,-38.017912641977176,0.5228396897266194,-1.0,-0.7890730334690031,0.3252451642485089,56284.5,-0.0022841339843956,0.1475166903803543,0.00764317745751,0.0041185261127392,-0.5545998548680876,-1.0,-1.0,-1.0,0.3592540968896206,-10000.0,6689.013890882079,7.758909995009178e-53,13592.540968896206,0.0,0.4997434699985512,0.5002565300014488,32845.136488952376,1.0,10.186351550837676,416,False,False,False,False,False,False,0,6,False,True,underpowered,False
crypto,5m,short,KAMA_9,20,3.429658268290769,-44.44866589027777,7.223300701984903,-12.307023540654662,4,1.0,1.0,-31.761915842845447,-5.899704311066957,-13592.540968896206,0.0,-38.017912641977176,0.5228396897266194,-1.0,-0.7890730334690031,0.3252451642485089,56284.5,-0.0022841339843956,0.1475166903803543,0.00764317745751,0.0041185261127392,-0.5545998548680876,-1.0,-1.0,-1.0,0.3592540968896206,-10000.0,6689.013890882079,7.758909995009178e-53,13592.540968896206,0.0,0.4997434699985512,0.5002565300014488,32845.136488952376,1.0,10.186351550837676,416,False,False,False,False,False,False,0,6,False,True,underpowered,False
crypto,5m,long,WMA_21,20,3.429658268290769,-44.617359541666666,6.958521780684671,-12.823803947992133,4,1.0,1.0,-34.23227240548629,-6.410361006156039,-13592.540968896206,0.0,-38.27609115798093,0.5228396897266194,-1.0,-0.7890730334690031,0.3163072470467036,56824.0,-0.0022755230732957,0.138318619121107,0.0077714209690015,0.0039903060130256,-0.5702627983587496,-1.0,-1.0,-1.0,0.3592540968896206,-10000.0,6689.013890882079,7.414604866432528e-52,13592.540968896206,0.0,0.5004539963424874,0.4995460036575125,33221.02627004651,1.0,9.812958376872954,416,False,False,False,False,False,False,0,6,False,True,underpowered,False
crypto,5m,short,WMA_21,20,3.429658268290769,-44.617359541666666,6.958521780684671,-12.823803947992133,4,1.0,1.0,-32.015732732100744,-6.410361006156039,-13592.540968896206,0.0,-38.27609115798093,0.5228396897266194,-1.0,-0.7890730334690031,0.3163072470467036,56824.0,-0.0022755230732957,0.138318619121107,0.0077714209690015,0.0039903060130256,-0.5702627983587496,-1.0,-1.0,-1.0,0.3592540968896206,-10000.0,6689.013890882079,7.414604866432528e-52,13592.540968896206,0.0,0.5004539963424874,0.4995460036575125,33221.02627004651,1.0,9.812958376872954,416,False,False,False,False,False,False,0,6,False,True,underpowered,False
crypto,5m,long,ROCR100,20,3.429658268290769,-44.76838139444445,7.38604304064561,-12.122426351453068,4,0.9725327306765216,1.0,-33.19824972263368,-6.427437185523772,-13592.540968896206,0.0,-37.56546479170026,0.5228396897266194,-1.0,-0.7890730334690031,0.3520878448439239,54935.5,-0.0021071702720056,0.1672133354103884,0.0067456780847719,0.0039011582494053,-0.5401396552746532,-1.0,-1.0,-0.9999999999999996,0.3592540968896206,-10000.0,6689.013890882079,3.27776376304454e-50,13592.540968896206,0.0,0.4867946508152676,0.4881634454173555,32059.09740573184,1.0,10.415851988684311,416,False,False,False,False,False,False,0,6,False,True,underpowered,False
crypto,5m,long,CDLBELTHOLD,20,3.429658268290769,-46.04728609722223,7.159301388689141,-12.863625540327597,4,0.7795717846545014,1.0,-34.70423239449397,-5.323478454061517,-13592.540968896206,0.0,-39.66492183799716,0.5228396897266194,-1.0,-0.7890730334690031,0.3817472651435728,50797.0,-0.0018841684517967,0.2491874034758464,0.0049975034008854,0.0042708429880748,-0.4411701523698621,-1.0,-0.9999999999999962,-0.9999999999999998,0.3592540968896206,-10000.0,6689.013890882079,3.0633389578452153e-46,13592.540968896206,0.0,0.3814913712482417,0.3991807521426286,29606.36076395581,1.0,10.096099250519666,416,False,False,False,False,False,False,0,6,False,True,underpowered,False
crypto,5m,long,CDLLONGLINE,20,3.429658268290769,-46.0842779625,6.074063941267344,-15.174116837790349,4,0.7538742862635855,1.0,-35.52326350024938,-13.446401811224897,-13592.540968896206,0.0,-40.02075855956711,0.5228396897266194,-1.0,-0.7890730334690031,0.3880850486684896,48182.0,-0.0018482688879294,0.2499243868874437,0.0050062268922913,0.0043566495451979,-0.4242408917115429,-1.0,-0.9999999999999916,-0.9999999999999992,0.3592540968896206,-10000.0,6689.013890882079,1.896954055496389e-44,13592.540968896206,0.0,0.3823442234123098,0.3735433979074265,28095.34653672057,1.0,8.565689454270366,416,False,False,False,False,False,False,0,6,False,True,underpowered,False
crypto,5m,long,ULTOSC,20,3.429658268290769,-46.48702778333333,7.965872541452621,-11.67154697528117,4,1.0,1.0,-35.9803232024684,-2.4494325573213147,-13592.540968896206,0.0,-40.00586810626942,0.5228396897266194,-1.0,-0.7890730334690031,0.3114147988666537,57792.5,-0.002275098574919,0.1617676277180508,0.0067031672455911,0.0041344559117994,-0.5502776238164923,-1.0,-1.0,-1.0,0.3592540968896206,-10000.0,6689.013890882079,2.8258980481062003e-55,13592.540968896206,0.0,0.5217309843135004,0.4782676255232945,33859.87348521358,1.0,11.233531797188464,416,False,False,False,False,False,False,0,6,False,True,underpowered,False
crypto,5m,short,ULTOSC,20,3.429658268290769,-46.48714638888889,7.966027663775526,-11.671349473284693,4,1.0,1.0,-33.530419578341736,-2.4494325573213147,-13592.540968896206,0.0,-40.00586810626942,0.5228396897266194,-1.0,-0.7890730334690031,0.3114110989829029,57793.0,-0.0022751005828851,0.1617676277180508,0.0067031672455911,0.0041344559117994,-0.5502781094828234,-1.0,-1.0,-1.0,0.3592540968896206,-10000.0,6689.013890882079,2.8258980481062003e-55,13592.540968896206,0.0,0.5217309843135004,0.4782690156864996,33859.87348521358,1.0,11.233750551824286,416,False,False,False,False,False,False,0,6,False,True,underpowered,False
crypto,5m,long,CDLCLOSINGMARUBOZU,20,3.429658268290769,-46.67265376527778,7.511416971600927,-12.42712365502732,4,0.7109401310678513,1.0,-34.34500271222505,-4.487451761185112,-13592.540968896206,0.0,-38.85192304119221,0.5228396897266194,-1.0,-0.7890730334690031,0.391075233067111,45805.0,-0.0018568670214038,0.2606268957307879,0.004922416614856,0.004297004394279,-0.4321305847106039,-1.0,-0.9999999999999852,-0.9999999999999996,0.3592540968896206,-10000.0,6689.013890882079,1.8903606471740244e-43,13592.540968896206,0.0,0.371146968493006,0.3414272355616558,26737.230071710776,1.0,10.59265522431181,416,False,False,False,False,False,False,0,6,False,True,underpowered,False
crypto,5m,long,T3_9,20,3.429658268290769,-48.03253610555555,7.437567200170466,-12.916195528143843,4,1.0,1.0,-37.075370023080495,-11.01696149043904,-13592.540968896206,0.0,-41.39842693804167,0.5228396897266194,-1.0,-0.7890730334690031,0.3203004730873517,61717.0,-0.0022554915538999,0.158945432046685,0.0067838534452166,0.0041294584396386,-0.5461954846789252,-1.0,-1.0,-1.0,0.3592540968896206,-10000.0,6689.013890882079,1.7012410399339952e-57,13592.540968896206,0.0,0.4998840602580696,0.5001159397419304,36081.62473783272,1.0,10.488511735790976,416,False,False,False,False,False,False,0,6,False,True,underpowered,False
crypto,5m,short,T3_9,20,3.429658268290769,-48.03260140555555,7.4376634951589295,-12.916045862203712,4,1.0,1.0,-34.849192111660656,-11.01696149043904,-13592.540968896206,0.0,-41.39842693804167,0.5228396897266194,-1.0,-0.7890730334690031,0.3203004730873517,61717.0,-0.0022554915538999,0.158945432046685,0.0067838534452166,0.0041294584396386,-0.5461954846789252,-1.0,-1.0,-1.0,0.3592540968896206,-10000.0,6689.013890882079,1.7012410399339952e-57,13592.540968896206,0.0,0.4998840602580696,0.5001159397419304,36081.62473783272,1.0,10.488647531688938,416,False,False,False,False,False,False,0,6,False,True,underpowered,False
crypto,5m,short,DX,20,3.429658268290769,-49.71966084583333,7.564176429666608,-13.146087034890783,4,1.0,1.0,-35.07849898374994,-1.3972134574550417,-13592.540968896206,0.0,-41.26245484135342,0.5228396897266194,-1.0,-0.7890730334690031,0.3131748640763809,60036.0,-0.002208475501902,0.2629743995297106,0.0038026028057653,0.0044049672024336,-0.5013602599996525,-1.0,-1.0,-1.0,0.3592540968896206,-10000.0,6689.013890882079,1.1532322618169269e-54,13592.540968896206,0.0,0.4745360458928417,0.5254639541071583,35177.62636380619,1.0,10.667056998467636,416,False,False,False,False,False,False,0,6,False,True,underpowered,False
crypto,5m,long,DX,20,3.429658268290769,-49.72990221388889,7.581491331599084,-13.11876517133731,4,1.0,1.0,-37.23184357953518,-1.4337668390993823,-13592.540968896206,0.0,-41.26245484135342,0.5228396897266194,-1.0,-0.7890730334690031,0.3132949459026258,60036.0,-0.0022034609091745,0.2626790267243409,0.0037912094051032,0.0043835731182967,-0.5026632041284903,-1.0,-1.0,-1.0,0.3592540968896206,-10000.0,6689.013890882079,1.1516606053425544e-54,13592.540968896206,0.0,0.4745360458928417,0.5250740408119159,35177.62636380619,1.0,10.69147459998103,416,False,False,False,False,False,False,0,6,False,True,underpowered,False
crypto,5m,short,MIDPRICE_9,20,3.429658268290769,-50.66752783194445,8.190690367958238,-12.37197978577104,4,1.0,1.0,-37.119070942500926,-3.6658444652063498,-13592.540968896206,0.0,-43.45339777487122,0.5228396897266194,-1.0,-0.7890730334690031,0.3085894696356978,65696.0,-0.0022667417618869,0.1578362154368745,0.0065259282073712,0.0040488300902358,-0.5598510461956369,-1.0,-1.0,-1.0,0.3592540968896206,-10000.0,6689.013890882079,3.5203463703694486e-61,13592.540968896206,0.0,0.4951588745697934,0.5048411254302065,38384.543355283386,1.0,11.550571542612902,416,False,False,False,False,False,False,0,6,False,True,underpowered,False
crypto,5m,short,TSF_21,20,3.429658268290769,-51.05607490555556,7.97958610536134,-12.796672466821782,4,1.0,1.0,-37.54619886955293,-17.43202969634823,-13592.540968896206,0.0,-44.134278952529584,0.5228396897266194,-1.0,-0.7890730334690031,0.3191694764811967,67115.5,-0.0022378907424008,0.1843912022830665,0.0058360906248089,0.0042581740141543,-0.5255517353123522,-1.0,-1.0,-1.0,0.3592540968896206,-10000.0,6689.013890882079,5.458806311388446e-62,13592.540968896206,0.0,0.4979011121044513,0.5020988878955487,39259.60687377349,1.0,11.25287076544583,416,False,False,False,False,False,False,0,6,False,True,underpowered,False
crypto,5m,long,TSF_21,20,3.429658268290769,-51.05954072916667,7.9849946761426365,-12.788872829614045,4,0.9999805353336388,1.0,-39.8981744914622,-17.53053975194087,-13592.540968896206,0.0,-44.13408747445038,0.5228396897266194,-1.0,-0.7890730334690031,0.3191926710558945,67116.0,-0.0022378220490073,0.1843986750076219,0.0058334916653685,0.0042582356702444,-0.5255279938225849,-1.0,-1.0,-1.0,0.3592540968896206,-10000.0,6689.013890882079,5.4759876721497955e-62,13592.540968896206,0.0,0.4979011121044513,0.5020812477071412,39259.02384142376,1.0,11.260497971572072,416,False,False,False,False,False,False,0,6,False,True,underpowered,False
crypto,5m,long,MIDPRICE_9,20,3.429658268290769,-51.16247808611111,8.485485697394326,-12.058821359352898,4,0.9838042680657932,1.0,-39.59181087830846,-5.102174369371083,-13592.540968896206,0.0,-43.80591530145945,0.5228396897266194,-1.0,-0.7890730334690031,0.3197368352956654,65726.0,-0.0021987360538099,0.1674337960979203,0.0063645549092137,0.0039891657638952,-0.5511769086434338,-1.0,-1.0,-1.0,0.3592540968896206,-10000.0,6689.013890882079,3.485933000895989e-61,13592.540968896206,0.0,0.4951588745697934,0.4844930949553523,38399.38433448333,1.0,11.96629407516036,416,False,False,False,False,False,False,0,6,False,True,underpowered,False
crypto,5m,short,MIDPOINT_9,20,3.429658268290769,-51.89594585555555,8.297242402223336,-12.509203260507244,4,1.0,1.0,-38.22411026998758,-3.0190815687147445,-13592.540968896206,0.0,-44.66146732502593,0.5228396897266194,-1.0,-0.7890730334690031,0.3038643560348054,67709.5,-0.0022646875257566,0.1567048838682438,0.0063970039446367,0.0040042336409067,-0.5655732729031815,-1.0,-1.0,-1.0,0.3592540968896206,-10000.0,6689.013890882079,3.4599493970586143e-63,13592.540968896206,0.0,0.4909514807838007,0.5090485192161993,39590.82602740606,1.0,11.700832001682942,416,False,False,False,False,False,False,0,6,False,True,underpowered,False
crypto,5m,long,DEMA_21,20,3.429658268290769,-52.13341428611111,7.465337881110687,-13.966792961380264,4,1.0,1.0,-41.06900183060978,-24.132788226612718,-13592.540968896206,0.0,-45.592570428385926,0.5228396897266194,-1.0,-0.7890730334690031,0.30184943498025,68833.5,-0.0022519268691554,0.1499927313710733,0.0066170302204951,0.0039735455925739,-0.5667298428295416,-1.0,-1.0,-1.0,0.3592540968896206,-10000.0,6689.013890882079,3.9109222077274814e-64,13592.540968896206,0.0,0.5002587994704566,0.4997412005295433,40318.1967526142,1.0,10.52767415343552,416,False,False,False,False,False,False,0,6,False,True,underpowered,False
crypto,5m,short,DEMA_21,20,3.429658268290769,-52.133491136111104,7.46544962420533,-13.966604494142716,4,1.0,1.0,-38.876774409408526,-24.132788226612718,-13592.540968896206,0.0,-45.592570428385926,0.5228396897266194,-1.0,-0.7890730334690031,0.30184943498025,68833.5,-0.0022519268691554,0.1499927313710733,0.0066170302204951,0.0039735455925739,-0.5667298428295416,-1.0,-1.0,-1.0,0.3592540968896206,-10000.0,6689.013890882079,3.9109222077274814e-64,13592.540968896206,0.0,0.5002587994704566,0.4997412005295433,40318.1967526142,1.0,10.527831734365952,416,False,False,False,False,False,False,0,6,False,True,underpowered,False
crypto,5m,long,MIDPOINT_9,20,3.429658268290769,-52.43533097361111,8.691228939964693,-12.066263893360084,4,0.983824096767936,1.0,-40.72734194229546,-11.005941277676047,-13592.540968896206,0.0,-45.06533857142522,0.5228396897266194,-1.0,-0.7890730334690031,0.313818287784681,67766.0,-0.0021953362535839,0.1660960128312544,0.0062481927140648,0.0039463115175153,-0.5563007998330003,-1.0,-1.0,-1.0,0.3592540968896206,-10000.0,6689.013890882079,3.810052151562914e-63,13592.540968896206,0.0,0.4909514807838007,0.490066340485228,39589.41764477984,1.0,12.256434702623803,416,False,False,False,False,False,False,0,6,False,True,underpowered,False
crypto,5m,short,TAN,20,3.429658268290769,-52.68185363888889,5.554874591566279,-18.967792259027203,4,1.0,1.0,-26.77369955825449,-7.1762459405946375,-13592.540968896206,0.0,-33.202229667395194,0.5228396897266194,-1.0,-0.7890730334690031,0.338750349528416,48152.0,-0.0022436276866895,0.1491015139952798,0.0080270598895257,0.0041712046011092,-0.537884832140069,-1.0,-0.9999999999999992,-0.9999999999999992,0.3592540968896206,-10000.0,6689.013890882079,3.07388875503281e-48,13592.540968896206,0.0,0.4990607349307403,0.5009392650692597,28067.260056363117,1.0,7.83352483096283,416,False,False,False,False,False,False,0,6,False,True,underpowered,False
crypto,5m,long,TAN,20,3.429658268290769,-52.719413900000006,5.612411298680274,-18.786725025800116,4,1.0,1.0,-29.06169118023607,-7.535768107223387,-13592.540968896206,0.0,-33.202229667395194,0.5228396897266194,-1.0,-0.7890730334690031,0.338750349528416,48152.0,-0.0022436276866895,0.1491015139952798,0.0080270598895257,0.0041712046011092,-0.537884832140069,-1.0,-0.9999999999999992,-0.9999999999999992,0.3592540968896206,-10000.0,6689.013890882079,3.07388875503281e-48,13592.540968896206,0.0,0.4990607349307403,0.5000291090039408,28067.260056363117,1.0,7.91466351671347,416,False,False,False,False,False,False,0,6,False,True,underpowered,False
crypto,5m,short,LINEARREG_21,20,3.429658268290769,-52.856794025,8.192965320828371,-12.90297028125484,4,1.0,1.0,-39.21869415935673,-19.687650043967665,-13592.540968896206,0.0,-45.80172539931392,0.5228396897266194,-1.0,-0.7890730334690031,0.3111922472011309,69847.0,-0.0022408146467121,0.1757122741694552,0.0059182777907256,0.0041634245698413,-0.5382143015016913,-1.0,-1.0,-1.0,0.3592540968896206,-10000.0,6689.013890882079,1.3782709742516906e-64,13592.540968896206,0.0,0.4983833075542737,0.5016166924457264,40913.03895142027,1.0,11.553779697811311,416,False,False,False,False,False,False,0,6,False,True,underpowered,False
crypto,5m,long,LINEARREG_21,20,3.429658268290769,-52.86032266944444,8.198913022383858,-12.89447089513706,4,0.9999837481423344,1.0,-41.56384199971427,-18.626417784006268,-13592.540968896206,0.0,-45.80110235487964,0.5228396897266194,-1.0,-0.7890730334690031,0.3112224243980859,69847.0,-0.0022406633374955,0.1757273883130037,0.0059179627003478,0.004163430086639,-0.5381772458930185,-1.0,-1.0,-1.0,0.3592540968896206,-10000.0,6689.013890882079,1.3872336575559361e-64,13592.540968896206,0.0,0.4983833075542737,0.5016051979959845,40912.33500533857,1.0,11.562167190103722,416,False,False,False,False,False,False,0,6,False,True,underpowered,False
crypto,5m,long,MA_9,20,3.429658268290769,-53.74733834027778,8.606345724954377,-12.490164829059944,4,1.0,1.0,-42.411237386286444,-8.737891342947801,-13592.540968896206,0.0,-46.55724458573579,0.5228396897266194,-1.0,-0.7890730334690031,0.2956742742952336,70443.0,-0.0022623319001938,0.1525553606952141,0.0063460584496012,0.0039431745718146,-0.5737336399876133,-1.0,-1.0,-1.0,0.3592540968896206,-10000.0,6689.013890882079,5.72821102256779e-66,13592.540968896206,0.0,0.5024322772118544,0.4975607713343186,41110.15052868625,1.0,12.136731771161624,416,False,False,False,False,False,False,0,6,False,True,underpowered,False
crypto,5m,long,SMA_9,20,3.429658268290769,-53.74733834027778,8.606345724954377,-12.490164829059944,4,1.0,1.0,-42.411237386286444,-8.737891342947801,-13592.540968896206,0.0,-46.55724458573579,0.5228396897266194,-1.0,-0.7890730334690031,0.2956742742952336,70443.0,-0.0022623319001938,0.1525553606952141,0.0063460584496012,0.0039431745718146,-0.5737336399876133,-1.0,-1.0,-1.0,0.3592540968896206,-10000.0,6689.013890882079,5.72821102256779e-66,13592.540968896206,0.0,0.5024322772118544,0.4975607713343186,41110.15052868625,1.0,12.136731771161624,416,False,False,False,False,False,False,0,6,False,True,underpowered,False
crypto,5m,short,MA_9,20,3.429658268290769,-53.74746366805556,8.606576389743118,-12.489859203970829,4,1.0,1.0,-40.165762106594784,-8.737891342947801,-13592.540968896206,0.0,-46.55724458573579,0.5228396897266194,-1.0,-0.7890730334690031,0.2956664397635898,70443.0,-0.002262383177685,0.1525553606952141,0.0063460584496012,0.0039431745718146,-0.5737466441015063,-1.0,-1.0,-1.0,0.3592540968896206,-10000.0,6689.013890882079,5.706533450174758e-66,13592.540968896206,0.0,0.5024322772118544,0.4975677227881456,41110.15052868625,1.0,12.137057056336014,416,False,False,False,False,False,False,0,6,False,True,underpowered,False
crypto,5m,short,SMA_9,20,3.429658268290769,-53.74746366805556,8.606576389743118,-12.489859203970829,4,1.0,1.0,-40.165762106594784,-8.737891342947801,-13592.540968896206,0.0,-46.55724458573579,0.5228396897266194,-1.0,-0.7890730334690031,0.2956664397635898,70443.0,-0.002262383177685,0.1525553606952141,0.0063460584496012,0.0039431745718146,-0.5737466441015063,-1.0,-1.0,-1.0,0.3592540968896206,-10000.0,6689.013890882079,5.706533450174758e-66,13592.540968896206,0.0,0.5024322772118544,0.4975677227881456,41110.15052868625,1.0,12.137057056336014,416,False,False,False,False,False,False,0,6,False,True,underpowered,False
crypto,5m,long,TRIMA_9,20,3.429658268290769,-54.896739395833336,8.832513375993672,-12.430604304555011,4,1.0,1.0,-43.03942376906244,-9.20263961280447,-13592.540968896206,0.0,-47.19722420305555,0.5228396897266194,-1.0,-0.7890730334690031,0.2942329331935955,72116.0,-0.002262171982398,0.1592518929272885,0.0060607708318031,0.0039763287013889,-0.5689097034678944,-1.0,-1.0,-1.0,0.3592540968896206,-10000.0,6689.013890882079,1.462704705958483e-67,13592.540968896206,0.0,0.5016567616478482,0.4983432383521518,42204.4383032141,1.0,12.45567504902909,416,False,False,False,False,False,False,0,6,False,True,underpowered,False
crypto,5m,short,TRIMA_9,20,3.429658268290769,-54.896739395833336,8.832513375993672,-12.430604304555011,4,1.0,1.0,-40.81971626306834,-9.20263961280447,-13592.540968896206,0.0,-47.19722420305555,0.5228396897266194,-1.0,-0.7890730334690031,0.2942329331935955,72116.0,-0.002262171982398,0.1592518929272885,0.0060607708318031,0.0039763287013889,-0.5689097034678944,-1.0,-1.0,-1.0,0.3592540968896206,-10000.0,6689.013890882079,1.462704705958483e-67,13592.540968896206,0.0,0.5016567616478482,0.4983432383521518,42204.4383032141,1.0,12.45567504902909,416,False,False,False,False,False,False,0,6,False,True,underpowered,False
crypto,5m,short,VAR,20,3.429658268290769,-55.15838951111112,8.182754831549403,-13.48161851273916,4,1.0,1.0,-40.9155565747613,-0.7896575044898322,-13592.540968896206,0.0,-46.59913056580104,0.5228396897266194,-1.0,-0.7890730334690031,0.3277788617790526,68280.0,-0.0021742044614387,0.2843923256179148,0.0036775180865572,0.0045317189910025,-0.4797747754782385,-1.0,-1.0,-1.0,0.3592540968896206,-10000.0,6689.013890882079,1.817310833744844e-61,13592.540968896206,0.0,0.3661879708902307,0.6338120291097693,39921.97905475813,1.0,11.539380791052102,416,False,False,False,False,False,False,0,6,False,True,underpowered,False
crypto,5m,long,VAR,20,3.429658268290769,-55.17829446388888,8.21524933068947,-13.43313933461786,4,1.0,1.0,-42.45461746716076,-0.7896625681223466,-13592.540968896206,0.0,-46.59913056580104,0.5228396897266194,-1.0,-0.7890730334690031,0.327783726763074,68280.0,-0.0021741880725705,0.2836437749394412,0.0036773862097146,0.0045088942108431,-0.4821998412253563,-1.0,-1.0,-1.0,0.3592540968896206,-10000.0,6689.013890882079,1.8211186391145168e-61,13592.540968896206,0.0,0.3661879708902307,0.6333387312828087,39921.97905475813,1.0,11.58520477171764,416,False,False,False,False,False,False,0,6,False,True,underpowered,False
crypto,5m,short,SIN,20,3.429658268290769,-55.744421308333344,5.790059683539365,-19.255214749101768,4,1.0,1.0,-27.439938146454462,-18.472224097153457,-13592.540968896206,0.0,-34.11554767647989,0.5228396897266194,-1.0,-0.7890730334690031,0.3114233915190917,48114.0,-0.0022059725029869,0.184305809524423,0.0044509620017032,0.004170677708467,-0.5289242317881587,-1.0,-0.9999999999999978,-0.9999999999999978,0.3592540968896206,-10000.0,6689.013890882079,1.1996469265926971e-46,13592.540968896206,0.0,0.5000597977493841,0.4999402022506158,28045.107219887483,1.0,8.165184570075674,416,False,False,False,False,False,False,0,6,False,True,underpowered,False
crypto,5m,long,SIN,20,3.429658268290769,-55.77440855694445,5.836837654108021,-19.11117350255233,4,1.0,1.0,-29.52897787915842,-22.4763025854915,-13592.540968896206,0.0,-34.11554767647989,0.5228396897266194,-1.0,-0.7890730334690031,0.3114233915190917,48114.0,-0.0022059725029869,0.184305809524423,0.0044509620017032,0.004170677708467,-0.5289242317881587,-1.0,-0.9999999999999978,-0.9999999999999978,0.3592540968896206,-10000.0,6689.013890882079,1.1982683632504964e-46,13592.540968896206,0.0,0.5000597977493841,0.4997464920364496,28045.107219887483,1.0,8.231151206756898,416,False,False,False,False,False,False,0,6,False,True,underpowered,False
crypto,5m,long,EMA_9,20,3.429658268290769,-56.39163297222223,8.624653245525383,-13.07684642312528,4,1.0,1.0,-44.350595537483215,-7.889262759489616,-13592.540968896206,0.0,-48.88429129586822,0.5228396897266194,-1.0,-0.7890730334690031,0.2777074790482565,75144.5,-0.0022609306097538,0.1390589279089508,0.0064597291350553,0.0037716813761455,-0.5994489948311537,-1.0,-1.0,-1.0,0.3592540968896206,-10000.0,6689.013890882079,3.828168832158304e-70,13592.540968896206,0.0,0.5009743885928573,0.4990256114071428,43964.182561567664,1.0,12.16254917074866,416,False,False,False,False,False,False,0,6,False,True,underpowered,False
crypto,5m,short,EMA_9,20,3.429658268290769,-56.39163297222223,8.624653245525383,-13.07684642312528,4,1.0,1.0,-42.19626259988691,-7.889262759489616,-13592.540968896206,0.0,-48.88429129586822,0.5228396897266194,-1.0,-0.7890730334690031,0.2777074790482565,75144.5,-0.0022609306097538,0.1390589279089508,0.0064597291350553,0.0037716813761455,-0.5994489948311537,-1.0,-1.0,-1.0,0.3592540968896206,-10000.0,6689.013890882079,3.828168832158304e-70,13592.540968896206,0.0,0.5009743885928573,0.4990256114071428,43964.182561567664,1.0,12.16254917074866,416,False,False,False,False,False,False,0,6,False,True,underpowered,False
crypto,5m,short,COS,20,3.429658268290769,-57.78426963333334,7.207352241462464,-16.034812146660997,4,1.0,1.0,-27.01159264198968,-10.266943590357627,-13592.540968896206,0.0,-33.314259603216776,0.5228396897266194,-1.0,-0.7890730334690031,0.2598059022482843,48174.0,-0.0021655012800548,0.2499800393631886,0.0023514150023077,0.0038814919317567,-0.5579043620669691,-1.0,-0.999999999999954,-0.999999999999954,0.3592540968896206,-10000.0,6689.013890882079,1.1084573242138515e-41,13592.540968896206,0.0,0.4999735720767023,0.5000264279232977,28080.08502710065,1.0,10.163860915008051,416,False,False,False,False,False,False,0,6,False,True,underpowered,False
crypto,5m,long,COS,20,3.429658268290769,-57.81384731111112,7.260465062535756,-15.925659530939006,4,1.0,1.0,-29.26440416756733,-10.992206427809467,-13592.540968896206,0.0,-33.314259603216776,0.5228396897266194,-1.0,-0.7890730334690031,0.2598059022482843,48174.0,-0.0021655012800548,0.2499800393631886,0.0023514150023077,0.0038814919317567,-0.5579043620669691,-1.0,-0.999999999999954,-0.999999999999954,0.3592540968896206,-10000.0,6689.013890882079,1.1084573242138515e-41,13592.540968896206,0.0,0.4999735720767023,0.4986355525235558,28080.08502710065,1.0,10.238761004265116,416,False,False,False,False,False,False,0,6,False,True,underpowered,False
crypto,5m,long,TEMA_21,20,3.429658268290769,-58.12093579444444,8.829329791604474,-13.165424141186746,4,1.0,1.0,-46.57309576210309,-14.625001804487091,-13592.540968896206,0.0,-51.00190337516086,0.5228396897266194,-1.0,-0.7890730334690031,0.2903248064456813,78716.5,-0.002225644837096,0.1644171419519538,0.0057645700580613,0.0039596806418195,-0.5620768537720515,-1.0,-1.0,-1.0,0.3592540968896206,-10000.0,6689.013890882079,4.420363767572783e-73,13592.540968896206,0.0,0.4981671331305107,0.5018328668694892,46079.5979629817,1.0,12.451185535007996,416,False,False,False,False,False,False,0,6,False,True,underpowered,False
crypto,5m,short,TEMA_21,20,3.429658268290769,-58.12093579444444,8.829329791604474,-13.165424141186746,4,1.0,1.0,-44.149641362304806,-14.625001804487091,-13592.540968896206,0.0,-51.00190337516086,0.5228396897266194,-1.0,-0.7890730334690031,0.2903248064456813,78716.5,-0.002225644837096,0.1644171419519538,0.0057645700580613,0.0039596806418195,-0.5620768537720515,-1.0,-1.0,-1.0,0.3592540968896206,-10000.0,6689.013890882079,4.420363767572783e-73,13592.540968896206,0.0,0.4981671331305107,0.5018328668694892,46079.5979629817,1.0,12.451185535007996,416,False,False,False,False,False,False,0,6,False,True,underpowered,False
crypto,5m,short,STDDEV,20,3.429658268290769,-58.50414597361111,8.726495783046264,-13.408393799323733,4,1.0,1.0,-43.354046511806544,-0.8860176697656859,-13592.540968896206,0.0,-49.37142512912197,0.5228396897266194,-1.0,-0.7890730334690031,0.3144993992653697,72694.5,-0.0021756468190285,0.2791189971602329,0.0035336566012695,0.0044250487656261,-0.4916661791230362,-1.0,-1.0,-1.0,0.3592540968896206,-10000.0,6689.013890882079,9.800105099092916e-66,13592.540968896206,0.0,0.428319959510984,0.5716800404890161,42478.89538245139,1.0,12.306168263019316,416,False,False,False,False,False,False,0,6,False,True,underpowered,False
crypto,5m,long,STDDEV,20,3.429658268290769,-58.52670562916666,8.763435877436125,-13.35702262165454,4,1.0,1.0,-45.13973056835293,-0.8860247849617842,-13592.540968896206,0.0,-49.37142512912197,0.5228396897266194,-1.0,-0.7890730334690031,0.3144993992653697,72694.5,-0.0021756468190285,0.2785608890114945,0.0035336566012695,0.0044031059494682,-0.4941163905654556,-1.0,-1.0,-1.0,0.3592540968896206,-10000.0,6689.013890882079,9.800105099092916e-66,13592.540968896206,0.0,0.428319959510984,0.5716155092194909,42478.89538245139,1.0,12.358261454664078,416,False,False,False,False,False,False,0,6,False,True,underpowered,False
crypto,5m,long,WMA_9,20,3.429658268290769,-63.16185474444445,9.65746049189,-13.08042726086958,4,1.0,1.0,-50.3826168935765,-8.897721171166813,-13592.540968896206,0.0,-54.96807044562231,0.5228396897266194,-1.0,-0.7890730334690031,0.2666497271879107,85885.0,-0.0022622332467008,0.1492636397410253,0.0057125204514672,0.0037633981780146,-0.601114508668407,-1.0,-1.0,-1.0,0.3592540968896206,-10000.0,6689.013890882079,4.865425326776893e-81,13592.540968896206,0.0,0.5020509127342827,0.4979490872657172,50137.78519551936,1.0,13.619021513486883,416,False,False,False,False,False,False,0,6,False,True,underpowered,False
crypto,5m,short,WMA_9,20,3.429658268290769,-63.16185474444445,9.65746049189,-13.08042726086958,4,1.0,1.0,-48.280490395552505,-8.897721171166813,-13592.540968896206,0.0,-54.96807044562231,0.5228396897266194,-1.0,-0.7890730334690031,0.2666497271879107,85885.0,-0.0022622332467008,0.1492636397410253,0.0057125204514672,0.0037633981780146,-0.601114508668407,-1.0,-1.0,-1.0,0.3592540968896206,-10000.0,6689.013890882079,4.865425326776893e-81,13592.540968896206,0.0,0.5020509127342827,0.4979490872657172,50137.78519551936,1.0,13.619021513486883,416,False,False,False,False,False,False,0,6,False,True,underpowered,False
crypto,5m,short,HT_PHASOR,20,3.429658268290769,-64.80501302777778,9.819642569737557,-13.19905741324957,4,1.0,1.0,-47.89907105396948,-13.865668218315893,-13592.540968896206,0.0,-54.11530081036547,0.5228396897266194,-1.0,-0.7890730334690031,0.2784013881281754,79240.0,-0.0022062371007229,0.2417572354891219,0.0035905953256664,0.0040340824945473,-0.546899351638185,-1.0,-1.0,-1.0,0.3592540968896206,-10000.0,6689.013890882079,4.8212756564040883e-73,13592.540968896206,0.0,0.5013477542025782,0.4986522457974219,46265.33689043463,1.0,13.84773186743166,416,False,False,False,False,False,False,0,6,False,True,underpowered,False
crypto,5m,long,HT_PHASOR,20,3.429658268290769,-64.81566970694445,9.83835512514172,-13.176119154574794,4,1.0,1.0,-50.10175104994579,-13.865668218315893,-13592.540968896206,0.0,-54.11530081036547,0.5228396897266194,-1.0,-0.7890730334690031,0.2784013881281754,79240.0,-0.0022062371007229,0.2417572354891219,0.0035905953256664,0.0040340824945473,-0.546899351638185,-1.0,-1.0,-1.0,0.3592540968896206,-10000.0,6689.013890882079,4.8212756564040883e-73,13592.540968896206,0.0,0.5013477542025782,0.4986522457974219,46265.33689043463,1.0,13.874120450106746,416,False,False,False,False,False,False,0,6,False,True,underpowered,False
crypto,5m,short,TSF_9,20,3.429658268290769,-71.05932262777777,10.671162635637389,-13.318009490450128,4,1.0,1.0,-55.261375211689696,-11.845480644361052,-13592.540968896206,0.0,-61.79828424148915,0.5228396897266194,-1.0,-0.7890730334690031,0.258444101210337,98953.0,-0.0022170387896455,0.2051106980750727,0.0040096255722506,0.0039280778563811,-0.5644080567405022,-1.0,-1.0,-1.0,0.3592540968896206,-10000.0,6689.013890882079,1.133071140097582e-91,13592.540968896206,0.0,0.4968181147135241,0.5031818852864758,57897.47209725795,1.0,15.04855170059528,416,False,False,False,False,False,False,0,6,False,True,underpowered,False
crypto,5m,long,TSF_9,20,3.429658268290769,-71.10596516527778,10.729989072003484,-13.253688272769322,4,0.9997468846726107,1.0,-57.43618863141488,-12.734530915926635,-13592.540968896206,0.0,-61.80618134210456,0.5228396897266194,-1.0,-0.7890730334690031,0.2585529105247497,98954.5,-0.0022159195022402,0.2053358488862186,0.0040080489576891,0.0039165250986448,-0.5657871318141231,-1.0,-1.0,-1.0,0.3592540968896206,-10000.0,6689.013890882079,1.137075787834248e-91,13592.540968896206,0.0,0.4968181147135241,0.5020369106885082,57897.47209725795,1.0,15.131509171982753,416,False,False,False,False,False,False,0,6,False,True,underpowered,False
crypto,5m,short,STOCH,20,3.429658268290769,-71.53548356388889,10.109705067936318,-14.151843814073072,4,1.0,1.0,-55.61831518202421,-32.064639232691746,-13592.540968896206,0.0,-62.3210680269917,0.5228396897266194,-1.0,-0.7890730334690031,0.2666745983651961,95342.0,-0.0022389826722672,0.2083397370862625,0.0042249938410645,0.0040241370090622,-0.556388280822713,-1.0,-1.0,-1.0,0.3592540968896206,-10000.0,6689.013890882079,6.169549422427646e-89,13592.540968896206,0.0,0.5000055191938761,0.4999944808061238,55742.76163597743,1.0,14.25678012670666,416,False,False,False,False,False,False,0,6,False,True,underpowered,False
crypto,5m,long,STOCH,20,3.429658268290769,-71.53561107777779,10.109633913774932,-14.151968644543416,4,0.9999986094772468,1.0,-58.04603990816,-32.064639232691746,-13592.540968896206,0.0,-62.3210680269917,0.5228396897266194,-1.0,-0.7890730334690031,0.2666959206353977,95341.5,-0.0022389276154946,0.2083427774559627,0.0042251539650732,0.0040240741698565,-0.5563832874319086,-1.0,-1.0,-1.0,0.3592540968896206,-10000.0,6689.013890882079,6.182886838313123e-89,13592.540968896206,0.0,0.5000055191938761,0.4999916998688923,55742.17856728071,1.0,14.256679784587163,416,False,False,False,False,False,False,0,6,False,True,underpowered,False
crypto,5m,short,DEMA_9,20,3.429658268290769,-72.78614575277778,11.079975953107578,-13.138321971242837,4,1.0,1.0,-57.11821277594317,-22.57007574621649,-13592.540968896206,0.0,-63.80717153589721,0.5228396897266194,-1.0,-0.7890730334690031,0.2532460220509573,102625.5,-0.0022328405658333,0.1585559564782349,0.0049753290689721,0.0037121773562176,-0.6014908102635347,-1.0,-1.0,-1.0,0.3592540968896206,-10000.0,6689.013890882079,3.737842486762773e-96,13592.540968896206,0.0,0.4980716141067911,0.5019283858932089,59896.50817798862,1.0,15.625063234895828,416,False,False,False,False,False,False,0,6,False,True,underpowered,False
crypto,5m,long,DEMA_9,20,3.429658268290769,-72.78729669027778,11.08174825146786,-13.136428483770432,4,1.0,1.0,-59.2134597251054,-16.511259042372135,-13592.540968896206,0.0,-63.80717153589721,0.5228396897266194,-1.0,-0.7890730334690031,0.2532460220509573,102625.5,-0.0022328405658333,0.1585559564782349,0.0049753290689721,0.0037121773562176,-0.6014908102635347,-1.0,-1.0,-1.0,0.3592540968896206,-10000.0,6689.013890882079,3.737842486762773e-96,13592.540968896206,0.0,0.4980716141067911,0.5019283858932089,59896.50817798862,1.0,15.627562543023185,416,False,False,False,False,False,False,0,6,False,True,underpowered,False
crypto,5m,short,LINEARREG_9,20,3.429658268290769,-78.19981018472222,11.555816965451994,-13.534276359432372,4,1.0,1.0,-62.02861106602106,-15.415913419217278,-13592.540968896206,0.0,-68.56050755232927,0.5228396897266194,-1.0,-0.7890730334690031,0.2452568703789866,111290.5,-0.0022300724379074,0.1814971944619765,0.0042441332995326,0.0037749109495627,-0.5907616014533394,-1.0,-1.0,-1.0,0.3592540968896206,-10000.0,6689.013890882079,1.277695348657403e-104,13592.540968896206,0.0,0.4974312396188234,0.5025687603811766,65089.90217240361,1.0,16.296097715395135,416,False,False,False,False,False,False,0,6,False,True,underpowered,False
crypto,5m,long,LINEARREG_9,20,3.429658268290769,-78.24959837222221,11.613967189809474,-13.475085144184206,4,0.9996940238436276,1.0,-64.05215731018899,-18.005755441702632,-13592.540968896206,0.0,-68.5678104694997,0.5228396897266194,-1.0,-0.7890730334690031,0.2453928612418415,111291.5,-0.0022285784644646,0.1816111862155354,0.0042302461548948,0.0037743195288666,-0.5904583455163555,-1.0,-1.0,-1.0,0.3592540968896206,-10000.0,6689.013890882079,1.2889229551941013e-104,13592.540968896206,0.0,0.4974312396188234,0.5019635879281735,65089.31862848653,1.0,16.37810158765572,416,False,False,False,False,False,False,0,6,False,True,underpowered,False
crypto,5m,long,TEMA_9,20,3.429658268290769,-81.4455089638889,11.99335583904507,-13.581771450278875,4,1.0,1.0,-67.1762415480816,-14.003701570139048,-13592.540968896206,0.0,-71.85783955199469,0.5228396897266194,-1.0,-0.7890730334690031,0.2354095750188759,117265.5,-0.0022333191638854,0.1700354008852618,0.0042805417571332,0.0036765695253247,-0.6074464656528311,-1.0,-1.0,-1.0,0.3592540968896206,-10000.0,6689.013890882079,4.464995234351752e-110,13592.540968896206,0.0,0.4973752614719797,0.5026247385280203,68542.2153336979,1.0,16.91311823931599,416,False,False,False,False,False,False,0,6,False,True,underpowered,False
crypto,5m,short,TEMA_9,20,3.429658268290769,-81.44603372638889,11.994171654244518,-13.580935153211124,4,1.0,1.0,-65.17236203208927,-14.003701570139048,-13592.540968896206,0.0,-71.85783955199469,0.5228396897266194,-1.0,-0.7890730334690031,0.2354095750188759,117265.5,-0.0022333191638854,0.1700354008852618,0.0042807473440272,0.0036765695253247,-0.6074464656528311,-1.0,-1.0,-1.0,0.3592540968896206,-10000.0,6689.013890882079,4.464995234351752e-110,13592.540968896206,0.0,0.4973752614719797,0.5026247385280203,68542.2153336979,1.0,16.914268707884993,416,False,False,False,False,False,False,0,6,False,True,underpowered,False
crypto,5m,short,STOCHRSI,20,3.429658268290769,-97.33685632777778,14.190273994722723,-13.718812809953745,4,1.0,1.0,-78.65344578393345,-1.3503962726275462,-13592.540968896206,0.0,-84.42221001027426,0.5228396897266194,-1.0,-0.7890730334690031,0.2166383479123582,141996.5,-0.002206671943533,0.1790749163776274,0.0036071743515037,0.0035162359037276,-0.6275665239620868,-1.0,-1.0,-1.0,0.3592540968896206,-10000.0,6689.013890882079,2.354432177920062e-134,13592.540968896206,0.0,0.4931088019126324,0.5068911980873675,82987.47566003718,1.0,20.011228311903867,416,False,False,False,False,False,False,0,6,False,True,underpowered,False
crypto,5m,long,STOCHRSI,20,3.429658268290769,-97.37404067361108,14.226387386063289,-13.68921540390534,4,0.999599502007551,1.0,-80.76754089078122,-1.347381107241032,-13592.540968896206,0.0,-84.44825486950218,0.5228396897266194,-1.0,-0.7890730334690031,0.216729892730529,141995.0,-0.0022050775944211,0.1792912748976859,0.0036084482541929,0.0035118336899097,-0.6278992085407715,-1.0,-1.0,-1.0,0.3592540968896206,-10000.0,6689.013890882079,2.388895745417355e-134,13592.540968896206,0.0,0.4931088019126324,0.5018542296960862,82986.89157835543,1.0,20.06215568085403,416,False,False,False,False,False,False,0,6,False,True,underpowered,False
crypto,5m,short,STOCHF,20,3.429658268290769,-104.43817969583334,14.96568694812879,-13.957017817867904,4,1.0,1.0,-85.54861283885472,-6.84789373715036,-13592.540968896206,0.0,-92.17938537828508,0.5228396897266194,-1.0,-0.7890730334690031,0.2063124154858671,152488.5,-0.0022125184213944,0.1720963961041003,0.0036343089303923,0.0035077480686797,-0.63075180374263,-1.0,-1.0,-1.0,0.3592540968896206,-10000.0,6689.013890882079,1.3503638534480772e-143,13592.540968896206,0.0,0.5019805414543796,0.4980194585456203,88993.04558582517,1.0,21.104721337647213,416,False,False,False,False,False,False,0,6,False,True,underpowered,False
crypto,5m,long,STOCHF,20,3.429658268290769,-104.44018213472222,14.968341811535376,-13.95480988471752,4,1.0,1.0,-87.82764146573518,-6.825518603300072,-13592.540968896206,0.0,-92.17938537828508,0.5228396897266194,-1.0,-0.7890730334690031,0.2063145504613454,152488.5,-0.0022125184213944,0.1720969589262629,0.0036342233098476,0.0035077329967166,-0.6307545139454674,-1.0,-1.0,-1.0,0.3592540968896206,-10000.0,6689.013890882079,1.362623887428604e-143,13592.540968896206,0.0,0.5019805414543796,0.4980138973825587,88991.87883784648,1.0,21.108465245466466,416,False,False,False,False,False,False,0,6,False,True,underpowered,False
crypto,5m,short,DIV,20,3.429658268290769,-114.86951563472223,16.333617839220185,-14.065409974133011,4,1.0,1.0,-92.80630934884049,-0.8526003363117696,-13592.540968896206,0.0,-98.731221566623,0.5228396897266194,-1.0,-0.7890730334690031,0.1914911433047442,146717.5,-0.0021929108905047,0.1874019434633905,0.002753475551334,0.0033302859102289,-0.6584752629704521,-1.0,-1.0,-1.0,0.3592540968896206,-10000.0,6689.013890882079,1.382439249718404e-136,13592.540968896206,0.0,0.4077972253758026,0.5922027746241973,85885.77414045377,1.0,23.03378749850614,416,False,False,False,False,False,False,0,6,False,True,underpowered,False
crypto,5m,short,SUB,20,3.429658268290769,-114.90367883611113,16.286905141684226,-14.109946344812927,4,1.0,1.0,-92.86785352040064,-0.8518192720245943,-13592.540968896206,0.0,-98.72630601581976,0.5228396897266194,-1.0,-0.7890730334690031,0.19214997769285,146696.5,-0.0021928603241675,0.1873234274920827,0.0027602258515267,0.0033312468390361,-0.6582701403183903,-1.0,-1.0,-1.0,0.3592540968896206,-10000.0,6689.013890882079,9.495274275098295e-137,13592.540968896206,0.0,0.4078376149391991,0.5921623850608009,85938.88559202588,1.0,22.96791291033366,416,False,False,False,False,False,False,0,6,False,True,underpowered,False
crypto,5m,short,TRANGE,20,3.429658268290769,-114.9051032986111,16.537352086685438,-13.89643308025395,4,1.0,1.0,-92.73484204320272,-0.8517256988056947,-13592.540968896206,0.0,-98.5942362833209,0.5228396897266194,-1.0,-0.7890730334690031,0.1918970293207393,146415.5,-0.0021921485079384,0.1887500267679307,0.0027511762873475,0.0033511824652425,-0.6541417934340306,-1.0,-1.0,-1.0,0.3592540968896206,-10000.0,6689.013890882079,1.8621045128828717e-136,13592.540968896206,0.0,0.4079178386591644,0.5920821613408356,85948.34126620344,1.0,23.32109502635918,416,False,False,False,False,False,False,0,6,False,True,underpowered,False
crypto,5m,long,DIV,20,3.429658268290769,-114.9331191652778,16.442813602358555,-13.979738741159457,4,1.0,1.0,-94.60712818406878,-0.8526098864903633,-13592.540968896206,0.0,-98.731221566623,0.5228396897266194,-1.0,-0.7890730334690031,0.1907439440409225,146717.5,-0.0021929108905047,0.187023282218516,0.0027495130087802,0.0033212832835481,-0.6602601173369576,-1.0,-1.0,-1.0,0.3592540968896206,-10000.0,6689.013890882079,1.382439249718404e-136,13592.540968896206,0.0,0.4077972253758026,0.5912210788814865,85885.77414045377,1.0,23.187776163395,416,False,False,False,False,False,False,0,6,False,True,underpowered,False
crypto,5m,long,TRANGE,20,3.429658268290769,-115.00848199166668,16.65995982545103,-13.806573748871942,4,0.999759371852186,1.0,-94.50800763009605,-0.8519988731021775,-13592.540968896206,0.0,-98.6124646986806,0.5228396897266194,-1.0,-0.7890730334690031,0.1919280029459117,146475.0,-0.0021915534772667,0.1883891902956684,0.0027468723262207,0.0033364046106932,-0.6568608226480693,-1.0,-1.0,-1.0,0.3592540968896206,-10000.0,6689.013890882079,1.6261205205165135e-136,13592.540968896206,0.0,0.4079178386591644,0.5908998978179205,85977.21664543246,1.0,23.493997357502117,416,False,False,False,False,False,False,0,6,False,True,underpowered,False
crypto,5m,long,SUB,20,3.429658268290769,-115.00914165138887,16.414748115827056,-14.012903620555392,4,0.9997858572723772,1.0,-94.636951321748,-0.8520960720141182,-13592.540968896206,0.0,-98.74231863356768,0.5228396897266194,-1.0,-0.7890730334690031,0.1914606200505744,146773.0,-0.0021920764153289,0.1869626414555747,0.0027552412391148,0.0033161225473565,-0.6610360093828138,-1.0,-1.0,-1.0,0.3592540968896206,-10000.0,6689.013890882079,8.365518898310683e-137,13592.540968896206,0.0,0.4078376149391991,0.5908415034016475,85985.47751083295,1.0,23.148198008746583,416,False,False,False,False,False,False,0,6,False,True,underpowered,False
crypto,5m,short,BOP,20,3.429658268290769,-116.72536346666666,16.309814993166015,-14.31351165118376,4,1.0,1.0,-95.20862710222669,-1.1858386494082207,-13592.540968896206,0.0,-101.41274253643974,0.5228396897266194,-1.0,-0.7890730334690031,0.1888696703050298,177543.5,-0.0022196170042284,0.1455883948217353,0.0036717268072543,0.0032576073553592,-0.6813641922120671,-1.0,-1.0,-1.0,0.3592540968896206,-10000.0,6689.013890882079,1.3235679578751752e-169,13592.540968896206,0.0,0.4586153855135974,0.5413846144864025,103639.9327175438,1.0,23.000220550676925,416,False,False,False,False,False,False,0,6,False,True,underpowered,False
crypto,5m,short,AVGPRICE,20,3.429658268290769,-120.26634519583334,17.787722763010688,-13.522399331062823,4,1.0,1.0,-100.12110615255342,-2.944332190118347,-13592.540968896206,0.0,-106.60181285790594,0.5228396897266194,-1.0,-0.7890730334690031,0.177931580061758,179965.5,-0.0022193322063214,0.142154315883318,0.0036260712320862,0.0032439694382184,-0.6841409108774514,-1.0,-1.0,-1.0,0.3592540968896206,-10000.0,6689.013890882079,1.3486568064901225e-171,13592.540968896206,0.0,0.4902561782775699,0.5097438217224302,105173.99858273916,1.0,25.08437691138547,416,False,False,False,False,False,False,0,6,False,True,underpowered,False
crypto,5m,long,BOP,20,3.429658268290769,-121.59942020416666,18.947614516612468,-12.835327644812851,4,0.9146097821884058,1.0,-101.83419632832282,-15.92392413802143,-13592.540968896206,0.0,-106.457589573398,0.5228396897266194,-1.0,-0.7890730334690031,0.2098893944598682,177664.0,-0.0020841205333001,0.1529862661810823,0.0034464475199618,0.0030823625867623,-0.6761438586916266,-1.0,-1.0,-1.0,0.3592540968896206,-10000.0,6689.013890882079,1.0870792545105904e-169,13592.540968896206,0.0,0.4586153855135974,0.4561791131828414,103831.50902226137,1.0,26.72006475695151,416,False,False,False,False,False,False,0,6,False,True,underpowered,False
crypto,5m,short,WCLPRICE,20,3.429658268290769,-121.64268844305556,18.13740552117637,-13.413460740129713,4,1.0,1.0,-101.3671422029564,-2.321131824477514,-13592.540968896206,0.0,-107.87415718983354,0.5228396897266194,-1.0,-0.7890730334690031,0.1768171624546762,179097.5,-0.0022236638788827,0.1434350159921375,0.0035734567450422,0.0032475466010453,-0.6847211609425305,-1.0,-1.0,-1.0,0.3592540968896206,-10000.0,6689.013890882079,3.1441688720618685e-171,13592.540968896206,0.0,0.4861906720800908,0.5138093279199092,104985.364013397,1.0,25.57750209790351,416,False,False,False,False,False,False,0,6,False,True,underpowered,False
crypto,5m,short,MEDPRICE,20,3.429658268290769,-121.6431087986111,18.137238837557696,-13.413630364366,4,1.0,1.0,-101.36826598114511,-2.321131824477514,-13592.540968896206,0.0,-107.87615115096273,0.5228396897266194,-1.0,-0.7890730334690031,0.1768116872486252,179098.5,-0.0022236787545261,0.1434314225604286,0.0035734567450422,0.0032475466010453,-0.6847257415214071,-1.0,-1.0,-1.0,0.3592540968896206,-10000.0,6689.013890882079,3.116207711754566e-171,13592.540968896206,0.0,0.4861906720800908,0.5138093279199092,104985.364013397,1.0,25.57726703944373,416,False,False,False,False,False,False,0,6,False,True,underpowered,False
crypto,5m,short,TYPPRICE,20,3.429658268290769,-121.69170840555556,18.110363724158724,-13.43890274751602,4,1.0,1.0,-101.34704850210753,-2.420986333876505,-13592.540968896206,0.0,-107.90959145797,0.5228396897266194,-1.0,-0.7890730334690031,0.1763327485275861,179034.5,-0.0022238979070435,0.1434683154434561,0.0035578518339561,0.0032479566585179,-0.6847067682418864,-1.0,-1.0,-1.0,0.3592540968896206,-10000.0,6689.013890882079,2.5279496988223248e-171,13592.540968896206,0.0,0.4864927107174164,0.5135072892825836,104996.2822124678,1.0,25.539367557704672,416,False,False,False,False,False,False,0,6,False,True,underpowered,False
crypto,5m,long,AVGPRICE,20,3.429658268290769,-122.22647263472224,18.92051987489998,-12.91999093501318,4,0.9709140299825428,1.0,-103.06272153806536,-12.308807666742917,-13592.540968896206,0.0,-107.78172884601489,0.5228396897266194,-1.0,-0.7890730334690031,0.1881145983790912,179915.5,-0.0021695801698851,0.1481505449914495,0.0035046382884943,0.0031896637934449,-0.6801908634834408,-1.0,-1.0,-1.0,0.3592540968896206,-10000.0,6689.013890882079,1.5991774256156974e-171,13592.540968896206,0.0,0.4902561782775699,0.4804009791217425,105119.01140134769,1.0,26.68185569477699,416,False,False,False,False,False,False,0,6,False,True,underpowered,False
crypto,5m,long,TYPPRICE,20,3.429658268290769,-124.3417503138889,19.66751208305404,-12.644380213298504,4,0.9610055983917032,1.0,-104.62491741933265,-6.374243269310897,-13592.540968896206,0.0,-109.3493832869914,0.5228396897266194,-1.0,-0.7890730334690031,0.1891459797790542,178998.0,-0.0021529757033718,0.1514497718294718,0.0033964093718012,0.0031869567919944,-0.6755584853801595,-1.0,-1.0,-1.0,0.3592540968896206,-10000.0,6689.013890882079,3.845260035630311e-171,13592.540968896206,0.0,0.4864927107174164,0.4710743091765052,104774.7424616685,1.0,27.735269577422475,416,False,False,False,False,False,False,0,6,False,True,underpowered,False
crypto,5m,long,WCLPRICE,20,3.429658268290769,-124.50548712638891,19.76898957398448,-12.59603953560026,4,0.9514577955020294,1.0,-104.63400005284552,-7.418519636010622,-13592.540968896206,0.0,-109.35610950668266,0.5228396897266194,-1.0,-0.7890730334690031,0.1908481683872964,178997.5,-0.002150754536257,0.1514644855931745,0.0033909354492407,0.003171967230628,-0.6780506795560933,-1.0,-1.0,-1.0,0.3592540968896206,-10000.0,6689.013890882079,3.63189352694975e-171,13592.540968896206,0.0,0.4861906720800908,0.4704719421601587,104661.66759268162,1.0,27.878373878317817,416,False,False,False,False,False,False,0,6,False,True,underpowered,False
crypto,5m,long,MEDPRICE,20,3.429658268290769,-124.5055084875,19.76913608860502,-12.595948343869743,4,0.951463944749471,1.0,-104.63361347075536,-7.418519636010622,-13592.540968896206,0.0,-109.35570785558828,0.5228396897266194,-1.0,-0.7890730334690031,0.1908481683872964,178998.0,-0.0021507503820301,0.151461271633568,0.0033909119975783,0.003171967230628,-0.6780493698871833,-1.0,-1.0,-1.0,0.3592540968896206,-10000.0,6689.013890882079,3.622801285219857e-171,13592.540968896206,0.0,0.4861906720800908,0.4704733329691367,104661.66759268162,1.0,27.87858049430872,416,False,False,False,False,False,False,0,6,False,True,underpowered,False
crypto,5m,long,connors_rsi,20,3.429658268290769,,,,0,0.0,0.0,,,-1962.3367154778443,0.0,,0.5228396897266194,0.0,-0.7890730334690031,,0.0,,,,,,0.162986260512214,0.0450087067035186,,0.3592540968896206,1571.153911692517,6689.013890882079,11629.86260512214,13592.540968896206,0.0,0.0,0.0,0.0,1.0,,416,False,False,False,False,False,False,0,6,False,False,unrankable,False
crypto,5m,short,volmanaged,20,3.429658268290769,-0.1022823972222222,0.1652379469086144,-1.238001308244164,4,0.9087248419457266,1.0,0.2261006517503277,-0.0851145715815877,-824.3796478323293,0.0,0.3144209510639569,0.5228396897266194,-0.7989803459045013,-0.7890730334690031,1.014693871338021,89094.0,9.033537286875264e-06,0.5075827552061858,0.0012492923993809,0.0012627819060029,0.0071536797002967,0.0801195047328805,0.0039173080250022,0.0039173080250414,0.3592540968896206,5608.4699578247,6689.013890882079,10801.195047328803,13592.540968896206,0.2,0.9760380426722064,0.0239619573277937,3.862245544559523,1.0,0.2330197628747862,416,False,False,True,False,False,False,1,6,False,True,underpowered,False
crypto,5m,long,turn_of_month,20,3.429658268290769,-0.5941514847222221,0.5161620164344896,-2.3021898776142544,4,0.1313767527097047,1.0,4.515952792823386,-0.8460834079730527,-5901.942432433196,0.0,-0.2619653302204409,0.5228396897266194,-0.5110484478541562,-0.7890730334690031,0.8402745121996189,42.0,-0.0053560362693707,0.4523809523809524,0.0641993224431248,0.0627107377732567,-0.0854085992216605,-0.2237143498364288,-0.0711830183225105,-0.5272683772899668,0.3592540968896206,-1064.2185799783142,6689.013890882079,7762.856501635711,13592.540968896206,0.1,0.1313767527097047,0.0,24.200661918116808,1.0,0.7278954557638951,416,False,False,True,False,False,False,1,6,False,True,underpowered,False
crypto,5m,short,tsmom12,20,3.429658268290769,-0.656110498611111,0.4992343748024751,-2.6284668353244096,4,1.0,1.0,5.525733310784876,-0.8950179924804161,-10727.593901407496,0.0,-0.2283398101303843,0.5228396897266194,-0.9438997588548724,-0.7890730334690031,0.6602628726836328,495.0,-0.0023036181198622,0.1224032229812576,0.0457808507674392,0.0080711052339051,-0.2854154484549633,-0.8761096822572347,-0.456009576568647,-0.4560095765686335,0.3592540968896206,-5740.81428718619,6689.013890882079,1238.9031774276527,13592.540968896206,0.15,0.5499443832454409,0.4500556167545592,288.2262217948221,1.0,0.7040239715623705,416,False,False,True,False,False,False,1,6,False,True,underpowered,False
crypto,5m,short,voltgt_tsmom,20,3.429658268290769,-0.7486072916666665,0.524235287883655,-2.8559973316134606,4,0.9416678668756648,1.0,5.299496082956761,-0.8656157849264405,-10926.654085485654,0.0,-0.4987173412023522,0.5228396897266194,-0.9419668323241576,-0.7890730334690031,0.9744773831941268,67670.5,-1.7365549374224336e-05,0.5042228089314539,0.0012405709675908,0.0013137609414511,-0.0132181958119734,-0.8861503010621188,-0.5165026259596616,-0.5165026259596522,0.3592540968896206,-5670.634500552636,6689.013890882079,1138.496989378812,13592.540968896206,0.15,0.5314117224637424,0.4685882775362576,289.3177629608025,1.0,0.739280442287292,416,False,False,True,False,False,False,1,6,False,True,underpowered,False
crypto,5m,long,voltgt_tsmom,20,3.429658268290769,-0.8478017486111111,0.5768740705026374,-2.9392957387473184,4,0.503833306253991,1.0,3.72561608415701,-0.4569050453339789,-5912.314053300219,0.0,0.0530375493323045,0.5228396897266194,-0.7407516358313142,-0.7890730334690031,1.0101708799938267,67345.0,8.367405834113161e-06,0.5051984387819568,0.0017021516215669,0.0017533151835345,0.0047723340975379,-0.345193657449915,-0.1170971329778165,-0.1229378646512728,0.3592540968896206,834.6551114571314,6689.013890882079,6548.06342550085,13592.540968896206,0.15,0.5499443832454409,0.0,144.65888148040125,1.0,0.8135120390443998,416,False,False,True,False,False,False,1,6,False,True,underpowered,False
crypto,5m,long,tsmom12,20,3.429658268290769,-0.8627072680555554,0.6587741411831061,-2.6191291191430244,4,0.5499443832454409,1.0,3.831922361515092,-0.435611326528288,-5540.676920171759,0.0,0.1879723447689,0.5228396897266194,-0.7779521494411035,-0.7890730334690031,1.1487111555725686,247.0,0.0009746548290887,0.1769565217391304,0.0302847721705619,0.0062798160272201,0.1552043602653495,-0.3532636947564971,-0.1199545020124087,-0.0930676180318367,0.3592540968896206,306.7251589274821,6689.013890882079,6467.363052435029,13592.540968896206,0.15,0.5499443832454409,0.0,144.11311089741105,1.0,0.9290081185251364,416,False,False,True,False,False,False,1,6,False,True,underpowered,False
crypto,5m,short,turn_of_month,20,3.429658268290769,-0.9612790236111112,1.0855178229973177,-1.7710976333061763,4,1.0,1.0,2.298977797271147,-0.1691285072949909,-13100.000386727334,0.0,-0.620422544772205,0.5228396897266194,-0.9710912227326672,-0.7890730334690031,0.6250105853941595,84.0,-0.0225314335961295,0.4511904761904762,0.0881824893270816,0.1029124532693332,-0.2189378727291853,-0.941222709223034,-0.5632998769724734,-0.563299876972477,0.3592540968896206,-8649.372158254253,6689.013890882079,587.7729077696599,13592.540968896206,0.15,0.1313767527097047,0.8686232472902953,48.401323836233615,1.0,1.530805183939271,416,False,False,True,False,False,False,1,6,False,True,underpowered,False
crypto,5m,long,trend_factor,20,3.429658268290769,-2.010860373611111,0.3244067816617936,-12.397153742041738,4,0.3635957295901554,1.0,3.5052534760046563,-0.9264058597842588,-12380.36993436846,0.0,-1.2421536575371075,0.5228396897266194,-0.9406038912835852,-0.7890730334690031,0.9244308495955867,1357.5,-0.0002069737480207,0.0549397230515561,0.0633841733503672,0.0039551603852216,-0.0523300518467247,-0.9041336762226356,-0.5363002796319463,-0.5539761024021062,0.3592540968896206,-8860.61502935849,6689.013890882079,958.6632377736448,13592.540968896206,0.0,0.3635957295901554,0.0,796.903288569154,1.0,0.4574808193399475,416,False,False,True,False,False,False,1,6,False,True,underpowered,False
crypto,5m,short,trend_factor,20,3.429658268290769,-2.725871745833333,0.8503669747268474,-6.4110479989158335,4,1.0,1.0,3.798749353171776,-0.768197569456016,-13565.098513479064,0.0,-1.6040308104009413,0.5228396897266194,-0.9984101310561208,-0.7890730334690031,0.5980667023561943,2715.0,-0.0019014514392065,0.050833642239849,0.0603931880249529,0.0051291915694259,-0.3707117220071605,-0.9972028872417296,-0.8354554517564337,-0.8354554517564357,0.3592540968896206,-9969.21032106296,6689.013890882079,27.97112758270387,13592.540968896206,0.0,0.3635957295901554,0.6364042704098445,1593.806577138308,1.0,1.199193735546643,416,False,False,True,False,False,False,1,6,False,True,underpowered,False
crypto,5m,short,supertrend_regime,20,3.429658268290769,-5.120839845833332,2.7257362488411814,-3.7573993800833847,4,1.0,1.0,0.2998503180530427,-0.6990596811997491,-13592.528650162429,0.0,-4.483754289970227,0.5228396897266194,-0.9999996639545552,-0.7890730334690031,0.613152555498759,5311.0,-0.0025090174091031,0.2810026386396149,0.0157858708611345,0.0100081818196567,-0.2506966254525135,-0.9999993472398384,-0.9870967988544588,-0.9870967988544588,0.3592540968896206,-9974.152835615185,6689.013890882079,0.0065276016164521,13592.540968896206,0.0,0.2220465608395082,0.7779534391604919,3094.8231969138246,1.0,3.8438532204436906,416,False,False,True,False,False,False,1,6,False,True,underpowered,False
crypto,5m,long,supertrend_regime,20,3.429658268290769,-5.301128073611111,0.5155702482290768,-20.564134923688336,4,0.2220465608395082,1.0,0.8467689580253555,-1.4430251506916152,-13555.14827662655,0.0,-4.004546537660392,0.5228396897266194,-0.9972424757058552,-0.7890730334690031,0.794213158943698,2655.5,-0.0010651238212322,0.314289052285204,0.0153046884487174,0.0090639496362792,-0.1175121071909944,-0.9971426859500172,-0.8389748908055734,-0.9827136813845097,0.3592540968896206,-9767.84107709341,6689.013890882079,28.573140499827662,13592.540968896206,0.0,0.2220465608395082,0.0,1547.4115984569123,1.0,0.7270609399067212,416,False,False,True,False,False,False,1,6,False,True,underpowered,False
crypto,5m,long,volmanaged,20,3.429658268290769,-0.0389571027777777,0.0820214158891209,-0.9499251471211172,4,0.9520938138518212,1.0,-0.0538215158273857,-0.0253448305706842,-111.0287883890602,0.0,0.3936239768548948,0.5228396897266194,-0.7754179852384195,-0.7890730334690031,1.0167742580832346,89094.0,1.4039031381285571e-05,0.5065669307947611,0.0017154137757055,0.0017443716456214,0.0080481882496342,0.207892853492653,0.0508566003484165,0.0508566003484399,0.3592540968896206,6719.931272186012,6689.013890882079,12078.92853492653,13592.540968896206,0.2,1.0,0.0,1.9311227722797613,1.0,0.1156672013826672,416,False,False,False,False,False,False,0,6,False,True,underpowered,False
crypto,5m,short,three_lower_lows,20,3.429658268290769,-12.469680425,7.751821977700235,-3.2172256950357445,4,1.0,1.0,-8.29095665330988,-0.568600093274983,-13592.540968894218,0.0,-10.443499781962842,0.5228396897266194,-0.999999999999996,-0.7890730334690031,0.4153647216206217,14735.0,-0.0021539936359148,0.3930000716645162,0.0040666724519466,0.006388924474931,-0.3371449520755424,-0.9999999999999908,-0.999918653329529,-0.999918653329529,0.3592540968896206,-9999.935255304958,6689.013890882079,9.261186087893802e-11,13592.540968896206,0.0,0.0956254550391108,0.9043745449608892,8594.772974403286,1.0,10.931676124554258,416,False,False,False,False,False,False,0,6,False,True,underpowered,False
crypto,5m,long,three_lower_lows,20,3.429658268290769,-15.96452366111111,5.059310291187539,-6.310948624328737,4,0.0956254550391108,1.0,-7.941715451785585,-2.020410914043644,-13592.523664152895,0.0,-12.096058671394706,0.5228396897266194,-0.9999997498101364,-0.7890730334690031,0.5743340607495218,7367.0,-0.0009670931684998,0.5130650197095856,0.0025450632131147,0.0049274688860167,-0.1962657077844385,-0.9999996679757216,-0.9870786904856844,-0.9999999998674752,0.3592540968896206,-9992.4648211041,6689.013890882079,0.0033202427843372,13592.540968896206,0.0,0.0956254550391108,0.0,4297.386487201643,1.0,7.134676425231136,416,False,False,False,False,False,False,0,6,False,False,unrankable,False
crypto,5m,short,mc_williams_r_reactive,20,3.429658268290769,0.0003393749999999,0.00067875,1.0,4,1.0,1.0,0.0,0.0,0.0,0.0,0.5228396897266194,0.5228396897266194,-0.7890730334690031,-0.7890730334690031,0.0,1.0,0.3592540968896575,1.0,0.5111248587031546,0.0,,0.3592540968896206,0.0934274360108957,0.0934274360109063,0.3592540968896206,6670.697612989445,6689.013890882079,13592.540968896206,13592.540968896206,0.05,1.0,0.0,0.0,1.0,0.0009571782209248,416,False,False,True,True,True,False,3,6,False,True,underpowered,False
crypto,5m,long,mc_williams_r_reactive,20,3.429658268290769,5.210000000000006e-05,0.0001042,1.0000000000000002,4,1.0,1.0,0.0,0.0,0.0,0.0,0.5228396897266194,0.5228396897266194,-0.7890730334690031,-0.7890730334690031,0.0,1.0,0.3592540968896575,1.0,0.5111248587031546,0.0,,0.3592540968896206,0.0934274360108957,0.0934274360109063,0.3592540968896206,6685.066038785766,6689.013890882079,13592.540968896206,13592.540968896206,0.05,1.0,0.0,0.0,1.0,0.0001469436031239,416,False,False,True,True,True,False,3,6,False,True,underpowered,False
crypto,5m,long,renko_delta,20,3.429658268290769,-0.1016265736111111,0.3581591383708636,-0.5674939585424157,4,0.4769520350416804,1.0,4.700585741939797,-0.2366318546570497,830.4231855580605,0.75,0.3307011733820447,0.5228396897266194,-0.6336570713234184,-0.7890730334690031,1.1776440744598409,175.5,0.0048355401875262,0.3750974831619993,0.0856083501928825,0.0427195863887082,0.1131925797110336,0.2054300489580856,0.0546425185273141,0.2241949085828558,0.3592540968896206,5502.783231775632,6689.013890882079,12054.300489580855,13592.540968896206,0.4,0.4769520350416804,0.0,110.46642339686515,1.0,0.5050786399613961,416,False,False,True,False,True,False,2,6,False,True,underpowered,False
crypto,5m,short,rsi2_connors,20,3.429658268290769,-0.8246455541666667,1.2424203280726012,-1.3274823914801213,4,1.0,1.0,0.0,0.0,-12377.30394164816,0.0,-0.567182380475454,0.5228396897266194,-0.9565576725425158,-0.7890730334690031,0.0,1.0,-0.8885363814204429,0.0,0.0,0.8885363814204429,-1.0,-0.888536381420463,-0.492449794433827,-0.4924497944338225,0.3592540968896206,-7963.8537871796,6689.013890882079,1114.6361857953696,13592.540968896206,0.15,0.0,1.0,0.0,1.0,1.7520702456948671,416,False,False,True,True,False,False,2,6,False,True,underpowered,False
crypto,5m,short,rsi2_raw,20,3.429658268290769,-0.8246455541666667,1.2424203280726012,-1.3274823914801213,4,1.0,1.0,0.0,0.0,-12377.30394164816,0.0,-0.567182380475454,0.5228396897266194,-0.9565576725425158,-0.7890730334690031,0.0,1.0,-0.8885363814204429,0.0,0.0,0.8885363814204429,-1.0,-0.888536381420463,-0.492449794433827,-0.4924497944338225,0.3592540968896206,-7963.8537871796,6689.013890882079,1114.6361857953696,13592.540968896206,0.15,0.0,1.0,0.0,1.0,1.7520702456948671,416,False,False,True,True,False,False,2,6,False,True,underpowered,False
crypto,5m,long,sell_in_may,20,3.429658268290769,-0.1603332444444445,0.3922910837520031,-0.8174197736587012,4,0.4643689889498187,1.0,4.724499160911064,-0.3063968338264077,-2942.194215798981,0.0,0.4337701942319598,0.5228396897266194,-0.8025420823836404,-0.7890730334690031,2.737732970159775,4.0,0.1599873276079907,0.5,0.39226396121778,0.3193863173559151,0.5009210442465679,0.4356974607026541,0.1110146530798651,0.1938345231264311,0.3592540968896206,3736.969449932546,6689.013890882079,14356.97460702654,13592.540968896206,0.4,0.4643689889498187,0.0,2.0410196798411766,1.0,0.5532117593081703,416,False,False,True,False,False,False,1,6,False,True,underpowered,False
crypto,5m,short,sell_in_may,20,3.429658268290769,-0.3132672166666667,0.3947766786353281,-1.5870603995634949,4,1.0,1.0,6.492549505598974,-0.3427011613504765,-9858.557779855351,0.0,0.0296413762920998,0.5228396897266194,-0.9023586103288316,-0.7890730334690031,1.0106053844980636,8.0,0.0043318797688798,0.5,0.3300317318548904,0.3034180848442659,0.0142769333314566,-0.5895717635280194,-0.229549257590944,-0.2295492575909518,0.3592540968896206,-4208.572788153987,6689.013890882079,4104.282364719807,13592.540968896206,0.3,0.4643689889498187,0.5356310110501812,4.082039359682353,1.0,0.5567169634162528,416,False,False,True,False,False,False,1,6,False,True,underpowered,False
crypto,5m,short,renko_delta,20,3.429658268290769,-0.3422844138888888,0.8305263442079602,-0.824259016648802,4,1.0,1.0,6.27349386021934,-0.8971406989958797,-5007.1690411471045,0.0,-0.0819378303652857,0.5228396897266194,-0.9022539001513336,-0.7890730334690031,1.0026778688098048,351.0,3.894988074263216e-05,0.3217720093320104,0.094117701535846,0.0430018441400305,0.0009057723342235,-0.65243733241225,-0.2824496420773766,-0.2824496420773697,0.3592540968896206,-1363.51585657461,6689.013890882079,3475.6266758775,13592.540968896206,0.2,0.4769520350416804,0.5230479649583195,220.93284679373036,1.0,1.1712143330831506,416,False,False,True,False,False,False,1,6,False,True,underpowered,False
crypto,5m,long,sma_fan_dip,20,3.429658268290769,-0.3858991823412697,0.538883393281424,-1.4322177567633432,4,0.0650940293111529,1.0,4.769486214391579,-1.1322777003307227,-4319.783041865243,0.0,-0.0364819726230688,0.5228396897266194,-0.2760843329856868,-0.7890730334690031,0.8395354513905613,11.0,-0.0028829733589492,0.8181818181818182,0.0329904466847755,0.127287210530806,-0.0226493561051956,0.0472665016121908,0.0135006097780112,-0.1817454189392358,0.3592540968896206,1118.1274602602523,6689.013890882079,10472.665016121908,13592.540968896206,0.15,0.0650940293111529,0.0,6.41405294944872,1.0,0.7599373077967668,416,False,False,True,False,False,False,1,6,False,False,unrankable,False
crypto,5m,short,momo_regime,20,3.429658268290769,-0.7561545555555554,0.5205785661082581,-2.9050545096714857,4,1.0,1.0,4.839307591194812,-0.4706678039461051,-11868.918288064224,0.0,-0.253981255220102,0.5228396897266194,-0.9681373284574808,-0.7890730334690031,0.552391917936988,506.0,-0.0040070275085018,0.0530770732746378,0.0613866754930865,0.0075992012602586,-0.5272958790362933,-0.8522789483843713,-0.4276056000824555,-0.4276056000824574,0.3592540968896206,-7248.304888629142,6689.013890882079,1477.210516156286,13592.540968896206,0.15,0.3796398353849706,0.6203601646150294,297.835473131993,1.0,0.7341237064590908,416,False,False,True,False,False,False,1,6,False,True,underpowered,False
crypto,5m,short,sma_fan_dip,20,3.429658268290769,-0.9142828708333331,1.015345319951484,-1.8009298961992957,4,1.0,1.0,1.1406875819000244,-0.0693639516632986,-12974.928964461877,0.0,-0.4058825024419229,0.5228396897266194,-0.943915932521706,-0.7890730334690031,0.3301537095688729,23.0,-0.066281011477128,0.472463768115942,0.0751329140512284,0.204414773144666,-0.3242476581192122,-0.8853559054883305,-0.4730294362681738,-0.4730294362681754,0.3592540968896206,-8080.818317175537,6689.013890882079,1146.4409451166948,13592.540968896206,0.2,0.0650940293111529,0.934905970688847,12.82810589889744,1.0,1.4318474062254527,416,False,False,True,False,False,False,1,6,False,True,underpowered,False
crypto,5m,long,momo_regime,20,3.429658268290769,-1.0608970678362573,0.7394207512450364,-2.869535554824284,4,0.3796398353849706,1.0,4.284607939711267,-0.5137089822297436,-5888.487985221893,0.0,-0.0093168586711735,0.5228396897266194,-0.77768373211318,-0.7890730334690031,0.8826965733042978,252.5,-0.0007905770989652,0.0863961950604549,0.0512169462555466,0.0054966757177243,-0.1438282226502817,-0.2397868556921606,-0.0940308818510399,-0.2333822348187778,0.3592540968896206,-1158.050784153844,6689.013890882079,7602.131443078393,13592.540968896206,0.15,0.3796398353849706,0.0,148.9177365659965,1.0,1.042736558661708,416,False,False,True,False,False,False,1,6,False,True,underpowered,False
crypto,5m,short,range_filter_macd,20,3.429658268290769,-5.427330758333333,1.977795544773017,-5.48826270003172,4,1.0,1.0,0.7073495730948123,-0.6578714360587554,-13592.223873171186,0.0,-4.357893411420569,0.5228396897266194,-0.999999722291602,-0.7890730334690031,0.6455834488889916,5756.0,-0.0023505666172059,0.3022631335517283,0.0146345358874461,0.010022868756411,-0.2345203428611663,-0.999999706834491,-0.9875448702122098,-0.9875448702122104,0.3592540968896206,-9999.670674495352,6689.013890882079,0.0029316550897491,13592.540968896206,0.0,0.2526597631181471,0.7473402368818529,3352.906970476098,1.0,2.789101761913688,416,False,False,True,False,False,False,1,6,False,True,underpowered,False
crypto,5m,long,range_filter_macd,20,3.429658268290769,-5.602455423611111,1.4866477395537758,-7.537031503229828,4,0.4996607954149631,1.0,0.3321439465589764,-2.341411838701651,-13590.628394106654,0.0,-4.7756505423866695,0.5228396897266194,-0.9999561047132676,-0.7890730334690031,0.8258945765727905,4393.0,-0.0010818740750356,0.3332974595867075,0.0158885103180978,0.0097627703646596,-0.1108162985121439,-0.9999545224991566,-0.9458124157385022,-0.9519524787482788,0.3592540968896206,-9991.891722519898,6689.013890882079,0.454775008433969,13592.540968896206,0.0,0.2526597631181471,0.2435197502284577,2559.696930074845,1.0,2.096481530000768,416,False,False,True,False,False,False,1,6,False,True,underpowered,False
crypto,5m,long,range_filter,20,3.429658268290769,-7.774676252777778,1.749524485803941,-8.88775929215436,4,1.0,1.0,-2.1625761728187896,-2.719778927971321,-13592.540923113396,0.0,-6.673349199983182,0.5228396897266194,-0.9999999996573706,-0.7890730334690031,0.6659732858481984,8785.0,-0.00227999708808,0.3024813185047596,0.0158253649367616,0.0105648266000605,-0.2158101760105496,-0.9999999996436502,-0.9982376279533248,-0.998237627953325,0.3592540968896206,-9999.983227153874,6689.013890882079,3.563498704109288e-06,13592.540968896206,0.0,0.5126651827172657,0.4873348172827343,5119.392906585448,1.0,2.4671922427790283,416,False,False,False,False,False,False,0,6,False,True,underpowered,False
crypto,5m,short,range_filter,20,3.429658268290769,-7.774676252777778,1.749524485803941,-8.88775929215436,4,1.0,1.0,-0.0194957814475982,-2.719778927971321,-13592.540923113396,0.0,-6.673349199983182,0.5228396897266194,-0.9999999996573706,-0.7890730334690031,0.6659732858481984,8785.0,-0.00227999708808,0.3024813185047596,0.0158253649367616,0.0105648266000605,-0.2158101760105496,-0.9999999996436502,-0.9982376279533248,-0.998237627953325,0.3592540968896206,-9999.983227153874,6689.013890882079,3.563498704109288e-06,13592.540968896206,0.0,0.5126651827172657,0.4873348172827343,5119.392906585448,1.0,2.4671922427790283,416,False,False,False,False,False,False,0,6,False,True,underpowered,False
crypto,5m,long,pivot_center,20,3.429658268290769,-34.302423641666664,5.658162667325626,-12.12493371381985,4,1.0,1.0,-24.55775385563854,-4.635097766238278,-13592.540968896206,0.0,-28.99715364390691,0.5228396897266194,-1.0,-0.7890730334690031,0.3616496754369355,41970.0,-0.0022839065665063,0.1422907141739164,0.0089020909580074,0.0042300087963362,-0.5399295075898076,-1.0,-0.9999999999998164,-0.9999999999998164,0.3592540968896206,-10000.0,6689.013890882079,3.396828216686173e-40,13592.540968896206,0.0,0.5087409262684293,0.4912590737315707,24572.682909012103,1.0,7.979182431843981,416,False,False,False,False,False,False,0,6,False,True,underpowered,False
crypto,5m,short,pivot_center,20,3.429658268290769,-34.302423641666664,5.658162667325626,-12.12493371381985,4,1.0,1.0,-22.506660231993926,-4.635097766238278,-13592.540968896206,0.0,-28.99715364390691,0.5228396897266194,-1.0,-0.7890730334690031,0.3616496754369355,41970.0,-0.0022839065665063,0.1422907141739164,0.0089020909580074,0.0042300087963362,-0.5399295075898076,-1.0,-0.9999999999998164,-0.9999999999998164,0.3592540968896206,-10000.0,6689.013890882079,3.396828216686173e-40,13592.540968896206,0.0,0.5087409262684293,0.4912590737315707,24572.682909012103,1.0,7.979182431843981,416,False,False,False,False,False,False,0,6,False,True,underpowered,False
crypto,5m,long,rsi2_connors,20,3.429658268290769,,,,0,0.0,0.0,,,-1962.3367154778443,0.0,,0.5228396897266194,0.0,-0.7890730334690031,,0.0,,,,,,0.162986260512214,0.0450087067035186,,0.3592540968896206,1571.153911692517,6689.013890882079,11629.86260512214,13592.540968896206,0.0,0.0,0.0,0.0,1.0,,416,False,False,False,False,False,False,0,6,False,False,unrankable,False
crypto,5m,long,rsi2_raw,20,3.429658268290769,,,,0,0.0,0.0,,,-1962.3367154778443,0.0,,0.5228396897266194,0.0,-0.7890730334690031,,0.0,,,,,,0.162986260512214,0.0450087067035186,,0.3592540968896206,1571.153911692517,6689.013890882079,11629.86260512214,13592.540968896206,0.0,0.0,0.0,0.0,1.0,,416,False,False,False,False,False,False,0,6,False,False,unrankable,False
crypto,5m,long,mc_atr_approx_from_closes,20,3.429658268290769,0.1378076597222222,0.479364378097122,0.5749599512139869,4,0.5544392656924766,1.0,4.1843661244946055,0.0052437578205683,2754.995653053961,4.0,0.5048158608322405,0.5228396897266194,-0.6145386999818931,-0.7890730334690031,1.6052759025164556,34.0,0.0259326339762797,0.6,0.1184491544847393,0.1098386427020069,0.2360975458030299,0.7719421481849054,0.1773499646359159,0.3344539678055777,0.3592540968896206,9658.032316579243,6689.013890882079,17719.421481849055,13592.540968896206,0.6,0.5544392656924766,0.0,19.809564849295946,1.0,0.6760031566876562,416,True,False,True,True,True,True,5,6,False,True,underpowered,False
crypto,5m,long,mc_adaptive_std_band,20,3.429658268290769,0.1920338166666666,0.3837039823483571,1.000947738365264,4,0.5185613820573249,1.0,4.503401547827211,-0.0002060628943856,4065.675163276268,5.0,0.5715561708790946,0.5228396897266194,-0.6734178379172875,-0.7890730334690031,1.7095495775369165,31.0,0.0332908752267897,0.6064516129032258,0.1122574575550608,0.1138619785579034,0.2923792090075092,0.9834772219224278,0.2210563180462924,0.489787164903377,0.3592540968896206,12576.594913927212,6689.013890882079,19834.77221922428,13592.540968896206,0.65,0.5185613820573249,0.0,17.806854476580675,1.0,0.5411021660198564,416,True,False,True,False,True,True,4,6,False,True,underpowered,False
crypto,5m,long,mc_atr_filtered_breakout,20,3.429658268290769,0.14162355,0.4644950279773903,0.6097957630103787,4,0.5544392656924766,1.0,4.3858014898627005,-0.0332613389513881,2594.5623290921394,5.0,0.5516878066822144,0.5228396897266194,-0.6265562773372197,-0.7890730334690031,1.6788586852764735,33.5,0.0267415250137635,0.6094819159335289,0.1184491544847393,0.1098386427020069,0.2434619033513868,0.91992949068944,0.209101332338062,0.3903708629502919,0.3592540968896206,9773.284363215736,6689.013890882079,19199.2949068944,13592.540968896206,0.55,0.5544392656924766,0.0,19.4026624373465,1.0,0.6550342902509514,416,True,False,True,False,True,True,4,6,False,True,underpowered,False
crypto,5m,long,mc_adx_threshold_trend,20,3.429658268290769,-0.0273174764705882,0.3009776586290391,-0.1815249450409043,4,0.5945698636264921,1.0,4.3038592585337145,-0.1287636671490013,85.9193885989207,5.0,0.2925423883644878,0.5228396897266194,-0.6827492884374856,-0.7890730334690031,1.638115937866618,5.0,0.1025808787063669,0.6,0.2540001766347657,0.2642020376369773,0.3882667962134213,0.1010303973455533,0.0270216063036752,-0.0025190585078253,0.3592540968896206,6106.964887434422,6689.013890882079,11010.303973455531,13592.540968896206,0.4,0.5945698636264921,0.0,2.623788011254116,1.0,0.4244408984525497,416,False,False,True,False,True,True,3,6,False,True,underpowered,False
crypto,5m,long,mc_adxr_persistence,20,3.429658268290769,-0.1154130388888888,0.1651094728444892,-1.398018380176071,4,0.4840206181420386,1.0,4.777095638477443,-0.1137543050825578,1252.9054466768634,10.0,0.2550191922297645,0.5228396897266194,-0.6308715406984299,-0.7890730334690031,1.7738551053545957,8.0,0.0439020573872417,0.5,0.2346636242763803,0.1856601232546972,0.2364646571251861,0.2819614152671851,0.0748807518528026,0.1088532532286976,0.3592540968896206,9535.452012285588,6689.013890882079,12819.614152671851,13592.540968896206,0.4,0.4840206181420386,0.0,4.810289811284701,1.0,0.2328385878086581,416,False,False,True,False,True,True,3,6,False,True,underpowered,False
crypto,5m,long,mc_adaptive_window_sma,20,3.429658268290769,-0.1178923013888888,0.2337290893543432,-1.0087944270399236,4,0.4961010658647574,1.0,4.233256839800838,-0.2295137306092888,242.84610937845127,1.0,0.2604526922049746,0.5228396897266194,-0.7047907076902273,-0.7890730334690031,1.2854680825029936,31.5,0.0183237514026746,0.5227703984819734,0.1133405397671565,0.1131940956393394,0.161879038824234,0.0460016112670674,0.0107359440404303,-0.0016604909496245,0.3592540968896206,6155.289882547539,6689.013890882079,10460.016112670675,13592.540968896206,0.25,0.4961010658647574,0.0,18.148662966522927,1.0,0.3296064735566463,416,False,False,True,False,True,False,2,6,False,True,underpowered,False
crypto,5m,long,mc_bollinger_band_breakout,20,3.429658268290769,-0.1620131138888888,0.1250052689001156,-2.592100562070613,4,0.5487440105945702,1.0,4.050423685417377,-0.1355673562065768,381.3634676805996,1.5,0.2570687914429594,0.5228396897266194,-0.7207124602288704,-0.7890730334690031,1.3385034607812598,30.5,0.0190689673411136,0.5178799489144317,0.1186119401746317,0.1306525408643035,0.1459517527555687,0.0694864966908789,0.0181230034875995,0.017086468241036,0.3592540968896206,4356.954785775025,6689.013890882079,10694.86496690879,13592.540968896206,0.25,0.5487440105945702,0.0,17.77490402488157,1.0,0.1762833456973026,416,False,False,True,False,True,False,2,6,False,True,underpowered,False
crypto,5m,short,mc_adaptive_threshold,20,3.429658268290769,-0.8246455541666667,1.2424203280726012,-1.3274823914801213,4,1.0,1.0,0.0,0.0,-12377.30394164816,0.0,-0.567182380475454,0.5228396897266194,-0.9565576725425158,-0.7890730334690031,0.0,1.0,-0.8885363814204429,0.0,0.0,0.8885363814204429,-1.0,-0.888536381420463,-0.492449794433827,-0.4924497944338225,0.3592540968896206,-7963.8537871796,6689.013890882079,1114.6361857953696,13592.540968896206,0.15,0.0,1.0,0.0,1.0,1.7520702456948671,416,False,False,True,True,False,False,2,6,False,True,underpowered,False
crypto,5m,short,mc_adaptive_std_band,20,3.429658268290769,-0.0627426624999999,0.9136767389459428,-0.1373410525310793,4,1.0,1.0,6.528786069196555,-0.8415297973199081,-5151.123260371947,0.0,0.2354718630787457,0.5228396897266194,-0.8538378677922251,-0.7890730334690031,1.2207147044867617,62.0,0.0104416758105837,0.6279489648531535,0.0948627064052071,0.1381608329877266,0.0755762366568197,-0.2613111468441838,-0.0855650984145257,-0.085565098414519,0.3592540968896206,4088.499918765364,6689.013890882079,7386.888531558161,13592.540968896206,0.25,0.5185613820573249,0.481438617942675,35.61370895316135,1.0,1.288473628706724,416,False,False,True,False,False,False,1,6,False,True,underpowered,False
crypto,5m,long,mc_adaptive_midpoint,20,3.429658268290769,-0.0691937777777778,0.3344742083580585,-0.4137465672911022,4,0.5739477759689902,1.0,3.840138581168972,-0.1771852081830744,-973.800182679398,0.0,0.2335490036975617,0.5228396897266194,-0.6950491167512595,-0.7890730334690031,1.2523384058720506,21.0,0.0148525466025831,0.6357894736842105,0.1132062300716772,0.1582366487826562,0.0938628738465236,0.020684828509097,0.0059724104425461,-0.0083795337750424,0.3592540968896206,3590.190463875981,6689.013890882079,10206.848285090971,13592.540968896206,0.4,0.5739477759689902,0.0,12.385628110995832,1.0,0.4716779781972912,416,False,False,True,False,False,False,1,6,False,True,underpowered,False
crypto,5m,short,mc_atr_filtered_breakout,20,3.429658268290769,-0.0817779708333333,1.0143466097790903,-0.1612426561984436,4,1.0,1.0,6.225155971894461,-0.5875079870814841,-2386.5519814970457,0.0,0.1538494862676917,0.5228396897266194,-0.8138780372430505,-0.7890730334690031,1.1222762433607771,67.5,0.0048806549816356,0.6071647274954073,0.0985217723763756,0.1443562366973299,0.0338097964680865,-0.3546038486559342,-0.1201019689337536,-0.1201019689337504,0.3592540968896206,829.3158893801416,6689.013890882079,6453.961513440658,13592.540968896206,0.35,0.5544392656924766,0.4455607343075233,38.805324874693,1.0,1.4304390178261432,416,False,False,True,False,False,False,1,6,False,True,underpowered,False
crypto,5m,short,mc_atr_approx_from_closes,20,3.429658268290769,-0.0878655652777778,1.0315892216692717,-0.1703499095029273,4,1.0,1.0,6.232667094673788,-0.8187649637821143,-2974.955602849506,0.0,0.1498652231591464,0.5228396897266194,-0.8405655732420834,-0.7890730334690031,1.1049658662223938,69.0,0.0054747295462976,0.6014492753623188,0.0968319570929027,0.1415647326119307,0.0386729762793777,-0.4186742532769774,-0.1467569319238891,-0.1467569319238756,0.3592540968896206,187.01390133635869,6689.013890882079,5813.257467230226,13592.540968896206,0.35,0.5544392656924766,0.4455607343075233,39.61912969859189,1.0,1.4547546753924658,416,False,False,True,False,False,False,1,6,False,True,underpowered,False
crypto,5m,long,mc_average_run_length_reversion,20,3.429658268290769,-0.1533723069444444,0.3291763723023746,-0.9318548951232732,4,0.4449820746017662,1.0,4.695235106333538,-0.3106946240179048,-345.1488932717273,2.5,0.1495285139596937,0.5228396897266194,-0.6801328516864581,-0.7890730334690031,1.0444435116495685,8.0,0.0019341644842371,0.375,0.2751393666065453,0.1565410264304678,0.012355639466158,-0.1054617678010815,-0.0321075571683362,-0.1219113065437355,0.3592540968896206,4764.830654382626,6689.013890882079,8945.382321989184,13592.540968896206,0.35,0.4449820746017662,0.0,4.516499349897279,1.0,0.464206930992089,416,False,False,True,False,False,False,1,6,False,True,underpowered,False
crypto,5m,short,mc_adxr_persistence,20,3.429658268290769,-0.4171295138888888,0.4802361733121674,-1.7371848980553266,4,1.0,1.0,6.506310353797156,-0.6242185148259444,-3700.9580515248354,0.0,-0.0844904429189408,0.5228396897266194,-0.8894613705055048,-0.7890730334690031,0.865873891462292,17.0,-0.0155378974948449,0.4721362229102167,0.2277843883919055,0.2313785200389764,-0.0671535866519829,-0.6835130122031459,-0.2965863432896748,-0.2965863432896863,0.3592540968896206,1707.8754386160265,6689.013890882079,3164.869877968541,13592.540968896206,0.2,0.4840206181420386,0.5159793818579612,9.620579622569402,1.0,0.6772325686846329,416,False,False,True,False,False,False,1,6,False,True,underpowered,False
crypto,5m,short,mc_adaptive_window_sma,20,3.429658268290769,-0.4389914430555555,0.7114794067107622,-1.2340243130438735,4,1.0,1.0,5.989187836172354,-1.184902626950426,-7189.944688485741,0.0,-0.0931582122276344,0.5228396897266194,-0.9397865386679152,-0.7890730334690031,0.9054542259434392,63.0,-0.0066396723216658,0.5163721413721414,0.1108951486099083,0.1406848474470428,-0.0471953621314135,-0.7962415092935128,-0.3715126190607636,-0.3715126190607604,0.3592540968896206,-1545.9229856695415,6689.013890882079,2037.5849070648724,13592.540968896206,0.2,0.4961010658647574,0.5038989341352427,36.297325933045855,1.0,1.0033334699669532,416,False,False,True,False,False,False,1,6,False,True,underpowered,False
crypto,5m,short,mc_adaptive_midpoint,20,3.429658268290769,-0.4463162263888889,0.8868141979156543,-1.006560849923015,4,1.0,1.0,5.795275736165443,-0.6049737564678266,-11731.861592009069,0.0,-0.1232298246573216,0.5228396897266194,-0.9111921402082565,-0.7890730334690031,0.8473334271155364,42.5,-0.0105145780983486,0.6464285714285715,0.0915145312099739,0.2043570094459676,-0.0514520061085975,-0.7019076582967655,-0.3370031447143961,-0.3370031447143931,0.3592540968896206,-5211.095449765015,6689.013890882079,2980.923417032345,13592.540968896206,0.25,0.5739477759689902,0.4260522240310097,24.771256221991663,1.0,1.2505918766140651,416,False,False,True,False,False,False,1,6,False,True,underpowered,False
crypto,5m,short,mc_adx_threshold_trend,20,3.429658268290769,-0.4495412541666667,0.8749847885687554,-1.0275407299411403,4,1.0,1.0,5.890809111157419,-0.5161393392582756,-4250.23800023158,0.0,-0.0051981446382378,0.5228396897266194,-0.883635016051595,-0.7890730334690031,0.8676608053150205,10.0,-0.0211509517757177,0.5,0.2694211874220387,0.3173690330346089,-0.0666446614954119,-0.6609957199699148,-0.2897261511045229,-0.2897261511045147,0.3592540968896206,-4247.003156065177,6689.013890882079,3390.0428003008524,13592.540968896206,0.2,0.5945698636264921,0.4054301363735079,5.247576022508232,1.0,1.23390995691866,416,False,False,True,False,False,False,1,6,False,True,underpowered,False
crypto,5m,short,mc_bollinger_band_breakout,20,3.429658268290769,-0.4638079888888888,0.4682157227903452,-1.9811722089331456,4,1.0,1.0,5.87628975854345,-0.8788116512945077,-9040.820094196431,0.0,-0.0306049714758559,0.5228396897266194,-0.9127631709775548,-0.7890730334690031,0.9872973645828969,61.5,-0.0007458387688303,0.4961538461538461,0.1130626595719574,0.1406779932160758,-0.0053017444433174,-0.6933212948867469,-0.2936761334281134,-0.2936761334281076,0.3592540968896206,-4221.717259406873,6689.013890882079,3066.787051132532,13592.540968896206,0.05,0.5487440105945702,0.4512559894054297,35.54980804976314,1.0,0.6602812413252327,416,False,False,True,False,False,False,1,6,False,True,underpowered,False
crypto,5m,short,mc_average_run_length_reversion,20,3.429658268290769,-0.5103303166666666,0.8092224129442119,-1.2612856700543438,4,1.0,1.0,6.022542881156485,-0.4525114479269226,-6430.328631436789,0.0,-0.1106720786921475,0.5228396897266194,-0.8474348313951626,-0.7890730334690031,0.7125581036465298,16.0,-0.0403296821750738,0.4142156862745098,0.2393299372349002,0.2236200147210543,-0.1803491616140955,-0.7186816941060397,-0.3100086433212166,-0.3100086433211958,0.3592540968896206,-2983.751543508605,6689.013890882079,2813.183058939604,13592.540968896206,0.25,0.4449820746017662,0.5550179253982337,9.032998699794556,1.0,1.141171373192558,416,False,False,True,False,False,False,1,6,False,True,underpowered,False
crypto,5m,long,mc_adaptive_threshold,20,3.429658268290769,,,,0,0.0,0.0,,,-1962.3367154778443,0.0,,0.5228396897266194,0.0,-0.7890730334690031,,0.0,,,,,,0.162986260512214,0.0450087067035186,,0.3592540968896206,1571.153911692517,6689.013890882079,11629.86260512214,13592.540968896206,0.0,0.0,0.0,0.0,1.0,,416,False,False,False,False,False,False,0,6,False,False,unrankable,False
crypto,5m,short,supertrend_pullback,20,3.429658268290769,-0.8246455541666667,1.2424203280726012,-1.3274823914801213,4,1.0,1.0,0.0,0.0,-12377.30394164816,0.0,-0.567182380475454,0.5228396897266194,-0.9565576725425158,-0.7890730334690031,0.0,1.0,-0.8885363814204429,0.0,0.0,0.8885363814204429,-1.0,-0.888536381420463,-0.492449794433827,-0.4924497944338225,0.3592540968896206,-7963.8537871796,6689.013890882079,1114.6361857953696,13592.540968896206,0.15,0.0,1.0,0.0,1.0,1.7520702456948671,416,False,False,True,True,False,False,2,6,False,True,underpowered,False
crypto,5m,short,supertrend_adx,20,3.429658268290769,-0.8924842180555556,1.344323254397182,-1.3277821612269307,4,1.0,1.0,0.0,0.0,-12377.30394164816,0.0,-0.6040830761970235,0.5228396897266194,-0.9682037329258204,-0.7890730334690031,0.0,1.0,-0.8104133281854702,0.0,0.0,0.8104133281854702,-1.0,-0.9287499522532424,-0.5408905993328161,-0.540890599332811,0.3592540968896206,-8051.906159546575,6689.013890882079,712.500477467575,13592.540968896206,0.15,0.0,1.0,0.0,1.0,1.895774498698768,416,False,False,True,True,False,False,2,6,False,True,underpowered,False
crypto,5m,long,supertrend_adx,20,3.429658268290769,-4.1164233333333335,,,2,0.0,0.5,3.6182929637833,-3.2105851749636125,-2089.2399321706957,0.0,-1.2045253033543557,0.5228396897266194,0.0,-0.7890730334690031,0.7202500531493234,0.0,-0.0020382867481426,0.2976878612716763,0.0167458385837566,0.0106115542073171,-0.1920818297038097,0.1628911406752554,0.0450082248270519,-0.8684315934210566,0.3592540968896206,840.4173914314539,6689.013890882079,11628.911406752555,13592.540968896206,0.0,0.0,0.0,0.0,1.0,,416,False,False,True,False,False,False,1,6,False,False,unrankable,False
crypto,5m,long,supertrend_dual,20,3.429658268290769,-5.913406945833333,1.1073661700338937,-10.680129311973364,4,0.3260468160556674,1.0,0.2171985126675215,-1.366026177360164,-13570.84786936114,0.0,-4.605050167811978,0.5228396897266194,-0.9996320491490917,-0.7890730334690031,0.8115757773489327,3642.0,-0.0009548241984708,0.3255188404448934,0.0146684600365703,0.008495024026796,-0.1123980574344434,-0.9996200517472232,-0.9014299795640824,-0.974507479638669,0.3592540968896206,-9983.520507509314,6689.013890882079,3.799482527766223,13592.540968896206,0.0,0.3260468160556674,0.0,2121.362170771543,1.0,1.5616158829398137,416,False,False,True,False,False,False,1,6,False,True,underpowered,False
crypto,5m,short,supertrend_dual,20,3.429658268290769,-7.028467591666666,1.7304351176549368,-8.12335293009027,4,1.0,1.0,0.3514069342302077,-0.7379025417267691,-13592.536288007332,0.0,-5.597680813523974,0.5228396897266194,-0.9999999741986948,-0.7890730334690031,0.6738964642485821,7284.0,-0.0022377191730473,0.2657424313726704,0.0182853615172513,0.0099898475575253,-0.2239993313373061,-0.9999999731516774,-0.9938143731570894,-0.9938143731570896,0.3592540968896206,-9999.96912608308,6689.013890882079,0.000268483225509,13592.540968896206,0.0,0.3260468160556674,0.6739531839443327,4242.724341543086,1.0,2.4402722760115245,416,False,False,True,False,False,False,1,6,False,True,underpowered,False
crypto,5m,long,supertrend_lf,20,3.429658268290769,-7.595244320833332,0.8889633724313821,-17.087867861326533,4,0.5186892207303064,1.0,-1.9239122601435323,-1.3463528156070517,-13592.43541339776,0.0,-6.247091883512287,0.5228396897266194,-0.9999969679247194,-0.7890730334690031,0.7965865868993396,5426.5,-0.001123443876186,0.3222664217257056,0.0142084678735017,0.0085041268189752,-0.1321057293829734,-0.9999968749484858,-0.9763596951058232,-0.9811346284462998,0.3592540968896206,-9998.900271478113,6689.013890882079,0.0312505151419374,13592.540968896206,0.0,0.5186892207303064,0.0,3165.1534064049297,1.0,1.2536226582559384,416,False,False,False,False,False,False,0,6,False,True,underpowered,False
crypto,5m,short,supertrend_lf,20,3.429658268290769,-10.319115844444443,1.4238042873093109,-14.495132422933482,4,1.0,1.0,-1.8930013919993631,-2.9555974344148312,-13592.540968566092,0.0,-8.678644937507126,0.5228396897266194,-0.9999999999986396,-0.7890730334690031,0.6234650019656601,10852.5,-0.0024058923526788,0.2907291903212496,0.0139813924971656,0.0093022572574515,-0.2586353275439245,-0.9999999999985838,-0.999693504011854,-0.999693504011854,0.3592540968896206,-9999.999737808086,6689.013890882079,1.4161975278692044e-08,13592.540968896206,0.0,0.5186892207303064,0.4813107792696935,6330.306812809859,1.0,2.0078592334024146,416,False,False,False,False,False,False,0,6,False,True,underpowered,False
crypto,5m,long,supertrend_pullback,20,3.429658268290769,,,,0,0.0,0.0,,,-1962.3367154778443,0.0,,0.5228396897266194,0.0,-0.7890730334690031,,0.0,,,,,,0.162986260512214,0.0450087067035186,,0.3592540968896206,1571.153911692517,6689.013890882079,11629.86260512214,13592.540968896206,0.0,0.0,0.0,0.0,1.0,,416,False,False,False,False,False,False,0,6,False,False,unrankable,False
crypto,5m,long,mc_momentum_within_bands,20,3.429658268290769,0.1378076597222222,0.479364378097122,0.5749599512139869,4,0.5544392656924766,1.0,4.1843661244946055,0.0052437578205683,2754.995653053961,4.0,0.5048158608322405,0.5228396897266194,-0.6145386999818931,-0.7890730334690031,1.6052759025164556,34.0,0.0259326339762797,0.6,0.1184491544847393,0.1098386427020069,0.2360975458030299,0.7719421481849054,0.1773499646359159,0.3344539678055777,0.3592540968896206,9658.032316579243,6689.013890882079,17719.421481849055,13592.540968896206,0.6,0.5544392656924766,0.0,19.809564849295946,1.0,0.6760031566876562,416,True,False,True,True,True,True,5,6,False,True,underpowered,False
crypto,5m,long,mc_min_max_slope,20,3.429658268290769,0.0,0.0,,4,1.0,1.0,0.0,0.0,0.0,0.0,0.5228396897266194,0.5228396897266194,-0.7890730334690031,-0.7890730334690031,0.0,1.0,0.3592540968896575,1.0,0.3592540968896575,0.0,,0.3592540968896206,0.0934274360108957,0.0934274360109063,0.3592540968896206,6689.013890882079,6689.013890882079,13592.540968896206,13592.540968896206,0.0,1.0,0.0,0.0,1.0,0.0,416,False,False,True,True,True,False,3,6,False,True,underpowered,False
crypto,5m,short,mc_min_max_slope,20,3.429658268290769,0.0,0.0,,4,1.0,1.0,0.0,0.0,0.0,0.0,0.5228396897266194,0.5228396897266194,-0.7890730334690031,-0.7890730334690031,0.0,1.0,0.3592540968896575,1.0,0.3592540968896575,0.0,,0.3592540968896206,0.0934274360108957,0.0934274360109063,0.3592540968896206,6689.013890882079,6689.013890882079,13592.540968896206,13592.540968896206,0.0,1.0,0.0,0.0,1.0,0.0,416,False,False,True,True,True,False,3,6,False,True,underpowered,False
crypto,5m,long,mc_min_max_sign_filter,20,3.429658268290769,-0.0399441638888889,0.6234647279153396,-0.1281360824451096,4,0.0769033821102593,1.0,5.001882967656033,-0.9105117583844698,440.4974438938602,1.5,0.1461125915547317,0.5228396897266194,-0.3425060331866122,-0.7890730334690031,1.2961799885243437,8.5,0.0156800409941764,0.5934065934065934,0.0913808344292091,0.0900273256885947,0.1741697964950535,0.1631288593235469,0.0451890472534343,0.0651502859231154,0.3592540968896206,3616.276800903505,6689.013890882079,11631.28859323547,13592.540968896206,0.4,0.0769033821102593,0.0,5.247014243224324,1.0,0.8792145253412825,416,False,False,True,False,True,False,2,6,False,False,unrankable,False
crypto,5m,long,mc_normalized_range_momentum,20,3.429658268290769,-0.3177834833333334,0.2779961385587757,-2.286243866413602,4,0.4291131937763052,1.0,4.758793339539917,-0.2174622853309714,352.72898795389017,1.5,0.3494225074333619,0.5228396897266194,-0.705219216084893,-0.7890730334690031,1.750955042161108,24.0,0.0406327135666208,0.3571428571428571,0.2833397554712948,0.0981981353227024,0.4137829443817043,0.2984022296195251,0.0788515995253896,0.1618019245295807,0.3592540968896206,6508.619437966705,6689.013890882079,12984.022296195251,13592.540968896206,0.35,0.4291131937763052,0.0,13.983379421667149,1.0,0.3920321905409427,416,False,False,True,False,True,False,2,6,False,True,underpowered,False
crypto,5m,short,mc_momentum_within_bands,20,3.429658268290769,-0.0878655652777778,1.0315892216692717,-0.1703499095029273,4,1.0,1.0,6.232667094673788,-0.8187649637821143,-2974.955602849506,0.0,0.1498652231591464,0.5228396897266194,-0.8405655732420834,-0.7890730334690031,1.1049658662223938,69.0,0.0054747295462976,0.6014492753623188,0.0968319570929027,0.1415647326119307,0.0386729762793777,-0.4186742532769774,-0.1467569319238891,-0.1467569319238756,0.3592540968896206,187.01390133635869,6689.013890882079,5813.257467230226,13592.540968896206,0.35,0.5544392656924766,0.4455607343075233,39.61912969859189,1.0,1.4547546753924658,416,False,False,True,False,False,False,1,6,False,True,underpowered,False
crypto,5m,long,mc_normalized_band_deviation_reversion,20,3.429658268290769,-0.1177569263888888,0.2419791037775564,-0.9732817797121772,4,0.5580561508367239,1.0,3.9847305381742686,-0.0826418325434095,-354.3788385920168,0.0,0.1923014280432239,0.5228396897266194,-0.7291318537261331,-0.7890730334690031,1.1828578413722977,18.0,0.0133449204236573,0.6180555555555556,0.1128559101554642,0.179343088661572,0.0744100066707322,-0.0891743183933704,-0.028483128949597,-0.0671731468820417,0.3592540968896206,3646.945798411936,6689.013890882079,9108.256816066296,13592.540968896206,0.4,0.5580561508367239,0.0,10.356249585502082,1.0,0.3412407043164482,416,False,False,True,False,False,False,1,6,False,True,underpowered,False
crypto,5m,long,mc_normalized_midpoint_deviation,20,3.429658268290769,-0.1540183652777778,0.3999855628470797,-0.7701196222257715,4,0.5754746323681068,1.0,4.0260953948077685,-0.3639344966917143,-5480.617245618901,0.0,0.1907717251301722,0.5228396897266194,-0.7004298248770813,-0.7890730334690031,1.0897020427699764,20.0,0.0059790541315394,0.5779352226720648,0.1173220102430089,0.1589212200509186,0.0376227550331146,-0.1872599013694403,-0.0601196460126141,-0.1224554367419726,0.3592540968896206,241.6766244807809,6689.013890882079,8127.400986305596,13592.540968896206,0.2,0.5754746323681068,0.0,11.27012699316677,1.0,0.5640625700796897,416,False,False,True,False,False,False,1,6,False,True,underpowered,False
crypto,5m,short,mc_normalized_range_momentum,20,3.429658268290769,-0.4623454027777778,0.3065208157386824,-3.016730864842408,4,1.0,1.0,5.993817953541649,-0.4525549874361438,-5788.101775288739,0.0,0.1322523083628268,0.5228396897266194,-0.8975516046194275,-0.7890730334690031,1.0173975507767827,48.0,0.0010260623948775,0.3333333333333333,0.2462526671161115,0.1106488888992456,0.0092731378063074,-0.6402302919088,-0.258893460885305,-0.2588934608853093,0.3592540968896206,-2343.786138408896,6689.013890882079,3597.6970809120003,13592.540968896206,0.2,0.4291131937763052,0.5708868062236948,27.966758843334297,1.0,0.43225789920469,416,False,False,True,False,False,False,1,6,False,True,underpowered,False
crypto,5m,short,mc_normalized_band_deviation_reversion,20,3.429658268290769,-0.4975043847222223,0.7658717900265817,-1.29918451417294,4,1.0,1.0,5.90369764422063,-0.9320270642878816,-11746.76017425155,0.0,-0.1776223140104212,0.5228396897266194,-0.8923680227354227,-0.7890730334690031,0.8360241209137416,36.0,-0.0106655650018464,0.6213235294117647,0.1048737277567804,0.2196670763739417,-0.0485533161268571,-0.6867745044677364,-0.3029643752365491,-0.3029643752365725,0.3592540968896206,-5146.917737842185,6689.013890882079,3132.2549553226363,13592.540968896206,0.2,0.5580561508367239,0.4419438491632761,20.712499171004165,1.0,1.080038007269492,416,False,False,True,False,False,False,1,6,False,True,underpowered,False
crypto,5m,short,mc_normalized_midpoint_deviation,20,3.429658268290769,-0.5152784416666668,0.9641044296412068,-1.0689266138076527,4,1.0,1.0,5.742608171138005,-0.9214555839879524,-11832.243318767178,0.0,-0.2878914692130208,0.5228396897266194,-0.9110220149257002,-0.7890730334690031,0.79011392680737,39.5,-0.0148288887896897,0.5677655677655677,0.1141631506108638,0.2018273994656711,-0.0734731202450635,-0.7414051845325597,-0.3477681343374522,-0.3477681343374565,0.3592540968896206,-6655.783401888499,6689.013890882079,2585.9481546744028,13592.540968896206,0.2,0.5754746323681068,0.4245253676318932,22.54025398633354,1.0,1.3595871274397495,416,False,False,True,False,False,False,1,6,False,True,underpowered,False
crypto,5m,short,mc_min_max_sign_filter,20,3.429658268290769,-0.6564307208333331,1.276461497839231,-1.0285162881050876,4,1.0,1.0,1.9059975094695611,-0.042154549556321,-12164.149387358206,0.0,-0.4474649122342091,0.5228396897266194,-0.9494964084155708,-0.7890730334690031,0.4863764046842571,18.0,-0.0572633530431798,0.5224171539961013,0.1313953050209821,0.2232374039579937,-0.2565132546244582,-0.8572497029187132,-0.4340266670649376,-0.434026667064937,0.3592540968896206,-6535.937681006777,6689.013890882079,1427.5029708128675,13592.540968896206,0.2,0.0769033821102593,0.9230966178897408,10.494028486448649,1.0,1.8000753526052513,416,False,False,True,False,False,False,1,6,False,True,underpowered,False
crypto,5m,long,mc_composite_atr_band,20,3.429658268290769,0.1581958277777778,0.4195108516528293,0.7541918267644454,4,0.5546913473637991,1.0,4.181760924154997,0.0502508423710215,4197.627068239926,5.0,0.5715018732693634,0.5228396897266194,-0.6242016587661727,-0.7890730334690031,1.811523789001006,30.5,0.0305127217432001,0.6206896551724138,0.1145155632970527,0.1306253491312262,0.2335895899696091,1.023138238048246,0.2280487879145495,0.4234933371221897,0.3592540968896206,11021.04720295432,6689.013890882079,20231.382380482457,13592.540968896206,0.75,0.5546913473637991,0.0,18.366892411105496,1.0,0.5915972753498645,416,True,False,True,True,True,True,5,6,False,True,underpowered,False
crypto,5m,long,mc_bollinger_bandwidth,20,3.429658268290769,0.0,0.0,,4,1.0,1.0,0.0,0.0,0.0,0.0,0.5228396897266194,0.5228396897266194,-0.7890730334690031,-0.7890730334690031,0.0,1.0,0.3592540968896575,1.0,0.3592540968896575,0.0,,0.3592540968896206,0.0934274360108957,0.0934274360109063,0.3592540968896206,6689.013890882079,6689.013890882079,13592.540968896206,13592.540968896206,0.0,1.0,0.0,0.0,1.0,0.0,416,False,False,True,True,True,False,3,6,False,True,underpowered,False
crypto,5m,short,mc_bollinger_bandwidth,20,3.429658268290769,0.0,0.0,,4,1.0,1.0,0.0,0.0,0.0,0.0,0.5228396897266194,0.5228396897266194,-0.7890730334690031,-0.7890730334690031,0.0,1.0,0.3592540968896575,1.0,0.3592540968896575,0.0,,0.3592540968896206,0.0934274360108957,0.0934274360109063,0.3592540968896206,6689.013890882079,6689.013890882079,13592.540968896206,13592.540968896206,0.0,1.0,0.0,0.0,1.0,0.0,416,False,False,True,True,True,False,3,6,False,True,underpowered,False
crypto,5m,short,mc_composite_atr_band,20,3.429658268290769,-0.0638978347222223,0.960601840209366,-0.1330370858092372,4,1.0,1.0,6.171415899021394,-0.5588225735115083,-3085.1342511220505,0.0,0.2621890996512176,0.5228396897266194,-0.8631466468012173,-0.7890730334690031,1.272034129494381,62.0,0.0113948173878472,0.623291990750473,0.0985982699451701,0.151393936070187,0.0752660092182591,-0.3249669031740232,-0.1161944160673972,-0.1161944160673951,0.3592540968896206,654.2420457215109,6689.013890882079,6750.330968259768,13592.540968896206,0.35,0.5546913473637991,0.4453086526362009,36.73378482221099,1.0,1.3546477501712415,416,False,False,True,False,False,False,1,6,False,True,underpowered,False
crypto,5m,long,mc_close_range_oscillator,20,3.429658268290769,-0.1177569263888888,0.2419791037775564,-0.9732817797121772,4,0.5580561508367239,1.0,3.9847305381742686,-0.0826418325434095,-354.3788385920168,0.0,0.1923014280432239,0.5228396897266194,-0.7291318537261331,-0.7890730334690031,1.1828578413722977,18.0,0.0133449204236573,0.6180555555555556,0.1128559101554642,0.179343088661572,0.0744100066707322,-0.0891743183933704,-0.028483128949597,-0.0671731468820417,0.3592540968896206,3646.945798411936,6689.013890882079,9108.256816066296,13592.540968896206,0.4,0.5580561508367239,0.0,10.356249585502082,1.0,0.3412407043164482,416,False,False,True,False,False,False,1,6,False,True,underpowered,False
crypto,5m,short,mc_close_range_oscillator,20,3.429658268290769,-0.4975043847222223,0.7658717900265817,-1.29918451417294,4,1.0,1.0,5.90369764422063,-0.9320270642878816,-11746.76017425155,0.0,-0.1776223140104212,0.5228396897266194,-0.8923680227354227,-0.7890730334690031,0.8360241209137416,36.0,-0.0106655650018464,0.6213235294117647,0.1048737277567804,0.2196670763739417,-0.0485533161268571,-0.6867745044677364,-0.3029643752365491,-0.3029643752365725,0.3592540968896206,-5146.917737842185,6689.013890882079,3132.2549553226363,13592.540968896206,0.2,0.5580561508367239,0.4419438491632761,20.712499171004165,1.0,1.080038007269492,416,False,False,True,False,False,False,1,6,False,True,underpowered,False
crypto,5m,long,mc_rolling_window_sign_change_reversion,20,3.429658268290769,0.0979871569444444,0.4976849678148694,0.3937718166359971,4,0.538026978254121,1.0,4.316664997973183,-0.0142357975107292,2194.217093999924,5.0,0.4912892269560504,0.5228396897266194,-0.6254493119711334,-0.7890730334690031,1.5851937922879709,31.0,0.0288908642394998,0.6064516129032258,0.1184348749912586,0.1082274214632813,0.2669458797861296,0.7302478052841653,0.1721941196012218,0.3505812028300092,0.3592540968896206,8268.34566202439,6689.013890882079,17302.478052841652,13592.540968896206,0.5,0.538026978254121,0.0,18.22519373593105,1.0,0.7018389864811403,416,False,False,True,False,True,True,3,6,False,True,underpowered,False
crypto,5m,long,mc_rolling_window_upper_envelope_forecast,20,3.429658268290769,0.0565163583333333,0.3429973355873025,0.3295440078947687,4,0.696382902859511,1.0,3.213127273054344,-0.0584584755600759,623.5320661012554,4.0,0.321869283878018,0.5228396897266194,-0.6670205140203722,-0.7890730334690031,1.387544789965728,24.0,0.0272205613882871,0.5577777777777778,0.1639833195328568,0.1533277913014883,0.1775318170126339,0.1124208120554494,0.0303209082075501,0.0336141427576226,0.3592540968896206,11810.10501300937,6689.013890882079,11124.208120554493,13592.540968896206,0.45,0.696382902859511,0.0,13.993304156590703,1.0,0.4836973546363392,416,False,False,True,False,True,True,3,6,False,True,underpowered,False
crypto,5m,long,mc_rolling_window_repeated_percentile_smoothing,20,3.429658268290769,-0.3564221986111111,0.1957951364853515,-3.640766619734469,4,0.4192947590928654,1.0,4.269236631876661,-0.2928786881675541,420.41404297883673,1.5,-0.1317890369225612,0.5228396897266194,-0.7031813448124506,-0.7890730334690031,0.8807704945484683,28.0,-0.0070294361833535,0.4814814814814814,0.1279683427562183,0.1212305633954013,-0.0579840263583248,-0.3550327746630627,-0.1209028292210123,-0.3061055116276098,0.3592540968896206,1925.9458554349312,6689.013890882079,6449.672253369372,13592.540968896206,0.25,0.4192947590928654,0.0,16.345451207791527,1.0,0.2761117354059453,416,False,False,True,False,True,False,2,6,False,True,underpowered,False
crypto,5m,short,mc_rolling_window_upper_envelope_forecast,20,3.429658268290769,-0.0994858875,0.8486155968183281,-0.2344663187266354,4,1.0,1.0,4.947196825103757,-0.4320690446978948,-1536.470495467229,0.0,0.08645565490382,0.5228396897266194,-0.8547291901274523,-0.7890730334690031,1.051432440160566,48.5,0.0023156751306436,0.5669642857142857,0.1291527812503751,0.1493536203292346,0.0155046467942257,-0.638155237440855,-0.256713270852384,-0.256713270852356,0.3592540968896206,10310.153131072608,6689.013890882079,3618.44762559145,13592.540968896206,0.3,0.696382902859511,0.3036170971404891,27.986608313181407,1.0,1.196723929593577,416,False,False,True,False,False,False,1,6,False,True,underpowered,False
crypto,5m,long,mc_rolling_window_smoothed_max,20,3.429658268290769,-0.1161023097222222,0.2061698283482369,-1.1262783759621349,4,0.8279770629419072,1.0,1.6947330251874773,-0.1811272650769075,-1958.896120798211,0.0,0.2103597118147847,0.5228396897266194,-0.7359732410040611,-0.7890730334690031,1.4715592091157117,10.0,0.0357546948656592,0.5555555555555556,0.2363724342198923,0.2671818521509779,0.1338215697578707,-0.1277057670976815,-0.039277948213023,-0.0566406543774727,0.3592540968896206,1821.950406292145,6689.013890882079,8722.942329023184,13592.540968896206,0.15,0.8279770629419072,0.0,5.827703660500918,1.0,0.2907422018515588,416,False,False,True,False,False,False,1,6,False,True,underpowered,False
crypto,5m,long,mc_rolling_window_mid_std_blend,20,3.429658268290769,-0.1165991416666666,0.3458742827588672,-0.6742284551289172,4,0.5675184232587398,1.0,4.002886753306778,-0.2981410327726113,-3637.502018439412,0.0,0.1980135780393139,0.5228396897266194,-0.6910260758923525,-0.7890730334690031,1.1466684686051858,21.0,0.0094644906605747,0.6086956521739131,0.1175984053147252,0.1632544768680884,0.0579738506541673,-0.0815598126948831,-0.0255124650208952,-0.0622433560129286,0.3592540968896206,1497.8851427521065,6689.013890882079,9184.401873051169,13592.540968896206,0.2,0.5675184232587398,0.0,11.975244468697287,1.0,0.4877544466074229,416,False,False,True,False,False,False,1,6,False,True,underpowered,False
crypto,5m,short,mc_rolling_window_sign_change_reversion,20,3.429658268290769,-0.1666562833333333,1.0547627829131194,-0.3160071364540376,4,1.0,1.0,5.932939167400011,-0.430389773908882,-5401.380915107988,0.0,0.1014570427471566,0.5228396897266194,-0.8969166360109926,-0.7890730334690031,1.0398777653886804,63.0,0.0024085472629977,0.5908399269628728,0.0968319570929027,0.1447982560625622,0.0166338140285132,-0.6011955641323208,-0.2697246912968871,-0.2697246912968833,0.3592540968896206,-1034.7844688930286,6689.013890882079,3988.044358676792,13592.540968896206,0.3,0.538026978254121,0.4619730217458789,36.4503874718621,1.0,1.487434201173503,416,False,False,True,False,False,False,1,6,False,True,underpowered,False
crypto,5m,short,mc_rolling_window_smoothed_max,20,3.429658268290769,-0.4048227944444443,0.5823350280830705,-1.3903432729335874,4,1.0,1.0,3.105186753568338,-0.6208791968100498,-11165.442494677616,0.0,-0.0088835686555118,0.5228396897266194,-0.8607051358530834,-0.7890730334690031,0.8899353712171416,20.0,-0.0080452516606548,0.5491071428571428,0.1565444932955788,0.2397448909023909,-0.0335575520728423,-0.5947705471230139,-0.2348761955230292,-0.2348761955230275,0.3592540968896206,-5209.114023352577,6689.013890882079,4052.294528769861,13592.540968896206,0.1,0.8279770629419072,0.1720229370580928,11.655407321001835,1.0,0.8212131214184477,416,False,False,True,False,False,False,1,6,False,True,underpowered,False
crypto,5m,short,mc_rolling_window_mid_std_blend,20,3.429658268290769,-0.4783251138888888,0.8900143879113338,-1.0748705198157789,4,1.0,1.0,5.903639995300307,-0.7950826521699073,-11828.294742909902,0.0,-0.3495484127668571,0.5228396897266194,-0.9019034260905332,-0.7890730334690031,0.7475661153978288,41.5,-0.0161427621694308,0.5875959079283888,0.0988143778656983,0.1932248507821384,-0.0835439235899931,-0.7513037007246652,-0.3337666389081607,-0.3337666389081724,0.3592540968896206,-6402.471162850199,6689.013890882079,2486.962992753348,13592.540968896206,0.2,0.5675184232587398,0.4324815767412601,23.950488937394574,1.0,1.2551048079830318,416,False,False,True,False,False,False,1,6,False,True,underpowered,False
crypto,5m,short,mc_rolling_window_repeated_percentile_smoothing,20,3.429658268290769,-0.7781455263888888,0.6954454558505329,-2.2378333767015945,4,1.0,1.0,5.663842916651384,-0.5505167706806492,-11546.332979959469,0.0,-0.4496915604067562,0.5228396897266194,-0.936099995150715,-0.7890730334690031,0.6717410133096768,56.0,-0.0195644662104961,0.4648117839607201,0.1176515438796196,0.1387465856401613,-0.1410086318176973,-0.8426110708071123,-0.4166818988316861,-0.416681898831679,0.3592540968896206,-6942.155132957656,6689.013890882079,1573.8892919288774,13592.540968896206,0.05,0.4192947590928654,0.5807052409071346,32.690902415583054,1.0,0.980722275036875,416,False,False,True,False,False,False,1,6,False,True,underpowered,False
crypto,5m,long,st_reversal,20,3.429658268290769,-2.592112570833333,0.7405331886506027,-7.000665494970382,4,0.5338589539756703,1.0,2.4107298508135484,-1.0721764412593229,-13440.667789682566,0.0,-1.7703687138290618,0.5228396897266194,-0.9881419478121484,-0.7890730334690031,0.6796825114704563,1826.0,-0.0011407497187257,0.5101475691541291,0.0048252121972472,0.0076034738577682,-0.1500300704736804,-0.9872458699754324,-0.7277213164296906,-0.7585499127398909,0.3592540968896206,-9765.21208510668,6689.013890882079,127.54130024567736,13592.540968896206,0.0,0.5338589539756703,0.0,1063.8740812747496,1.0,1.0443053260381354,416,False,False,True,False,False,False,1,6,False,True,underpowered,False
crypto,5m,short,st_reversal,20,3.429658268290769,-3.928379175000001,1.0464262513522864,-7.508181622782102,4,1.0,1.0,3.3474555818776457,-1.8966341675551892,-13592.089873698034,0.0,-3.051869582658399,0.5228396897266194,-0.9999595153948831,-0.7890730334690031,0.4423803845081711,3652.0,-0.0023276992570027,0.3551193191949179,0.0055815570793344,0.006628738685364,-0.3511526653090506,-0.999953996020168,-0.9471693869990268,-0.9471693869990264,0.3592540968896206,-9997.671205839182,6689.013890882079,0.4600397983206372,13592.540968896206,0.0,0.5338589539756703,0.4661410460243297,2127.7481625494997,1.0,1.4756779633126087,416,False,False,True,False,False,False,1,6,False,True,underpowered,False
crypto,5m,long,supertrend,20,3.429658268290769,-10.319115844444443,1.4238042873093109,-14.495132422933482,4,1.0,1.0,-4.197158400368796,-2.9555974344148312,-13592.540968566092,0.0,-8.678644937507126,0.5228396897266194,-0.9999999999986396,-0.7890730334690031,0.6234650019656601,10852.5,-0.0024058923526788,0.2907291903212496,0.0139813924971656,0.0093022572574515,-0.2586353275439245,-0.9999999999985838,-0.999693504011854,-0.999693504011854,0.3592540968896206,-9999.999737808086,6689.013890882079,1.4161975278692044e-08,13592.540968896206,0.0,0.5186892207303064,0.4813107792696935,6330.306812809859,1.0,2.0078592334024146,416,False,False,False,False,False,False,0,6,False,True,underpowered,False
crypto,5m,short,supertrend,20,3.429658268290769,-10.319115844444443,1.4238042873093109,-14.495132422933482,4,1.0,1.0,-1.8930013919993631,-2.9555974344148312,-13592.540968566092,0.0,-8.678644937507126,0.5228396897266194,-0.9999999999986396,-0.7890730334690031,0.6234650019656601,10852.5,-0.0024058923526788,0.2907291903212496,0.0139813924971656,0.0093022572574515,-0.2586353275439245,-0.9999999999985838,-0.999693504011854,-0.999693504011854,0.3592540968896206,-9999.999737808086,6689.013890882079,1.4161975278692044e-08,13592.540968896206,0.0,0.5186892207303064,0.4813107792696935,6330.306812809859,1.0,2.0078592334024146,416,False,False,False,False,False,False,0,6,False,True,underpowered,False
crypto,5m,long,ema_cross_sniper,20,3.429658268290769,-0.0804493791666667,0.3785921311586983,-0.4249923468850117,4,1.0,1.0,4.706333566662993,-0.2836704142837516,-657.8435204102593,0.0,0.2565935802301671,0.5228396897266194,-0.8678847586986997,-0.7890730334690031,1.3401424191675808,38.0,0.0194246040194393,0.301994301994302,0.2512588156276197,0.0899553475445966,0.2159360677230372,-0.3150665506239739,-0.1048595656578347,-0.1048595656578301,0.3592540968896206,1380.0373901760158,6689.013890882079,6849.3344937602615,13592.540968896206,0.4,0.4125060785666555,0.5874939214333446,21.807041612175205,1.0,0.5338933960348101,416,False,False,True,False,False,False,1,6,False,True,underpowered,False
crypto,5m,short,ema_cross_sniper,20,3.429658268290769,-0.0804493791666667,0.3785921311586983,-0.4249923468850117,4,1.0,1.0,5.9380439348142815,-0.2836704142837516,-657.8435204102593,0.0,0.2565935802301671,0.5228396897266194,-0.8678847586986997,-0.7890730334690031,1.3401424191675808,38.0,0.0194246040194393,0.301994301994302,0.2512588156276197,0.0899553475445966,0.2159360677230372,-0.3150665506239739,-0.1048595656578347,-0.1048595656578301,0.3592540968896206,1380.0373901760158,6689.013890882079,6849.3344937602615,13592.540968896206,0.4,0.4125060785666555,0.5874939214333446,21.807041612175205,1.0,0.5338933960348101,416,False,False,True,False,False,False,1,6,False,True,underpowered,False
crypto,5m,short,golden_cross,20,3.429658268290769,-0.5834840736111111,0.6548472657010732,-1.7820463004802765,4,1.0,1.0,5.086794573309584,-0.7043034849394989,-8663.648605634247,0.0,-0.4534746564795548,0.5228396897266194,-0.9544071941356658,-0.7890730334690031,0.1874779775249713,7.5,-0.2013368276631624,0.2083333333333333,0.4451766271789882,0.3269103885512255,-0.6158777289257474,-0.8921698380527654,-0.4950592790972957,-0.4950592790972921,0.3592540968896206,-2890.643205241153,6689.013890882079,1078.301619472346,13592.540968896206,0.2,0.4705926922423692,0.5294073077576307,4.081202789570565,1.0,0.9234704099613268,416,False,False,True,False,False,False,1,6,False,True,underpowered,False
crypto,5m,long,golden_cross,20,3.429658268290769,-0.6988489583333334,0.4684806402461001,-2.98346995925474,4,0.4705926922423692,1.0,3.964804098806637,-0.4266878186838428,-5593.816020548365,0.0,-0.114098052764735,0.5228396897266194,-0.7766771950575491,-0.7890730334690031,0.0220123847669602,3.5,-0.1958802952049305,0.2083333333333333,0.0135994737996513,0.2545522624937792,-0.7695091502465726,-0.593524061976745,-0.231478141764186,-0.4992485862114753,0.3592540968896206,2132.043619618364,6689.013890882079,4064.7593802325514,13592.540968896206,0.1,0.4705926922423692,0.0,2.0406013947852824,1.0,0.6606548298614999,416,False,False,True,False,False,False,1,6,False,True,underpowered,False
crypto,5m,short,faber_gtaa,20,3.429658268290769,-0.8026025124999999,0.4315773488050903,-3.719391273532627,4,1.0,1.0,5.204798426585093,-0.6964132645881329,-12618.540153187729,0.0,-0.373723021463555,0.5228396897266194,-0.9658087025342628,-0.7890730334690031,0.4008895656181676,540.0,-0.0040143790346918,0.014086076227941,0.2158543216667534,0.0068464189327355,-0.5863472676931041,-0.9106254341128106,-0.507814290652999,-0.5078142906530054,0.3592540968896206,-7060.169389858214,6689.013890882079,893.7456588718942,13592.540968896206,0.05,0.4441372469024232,0.5558627530975768,314.9763139619355,1.0,0.6086135380047387,416,False,False,True,False,False,False,1,6,False,True,underpowered,False
crypto,5m,long,ichimoku,20,3.429658268290769,-0.8459432645833334,0.4030057747078804,-4.198169444080632,4,0.3161534178618027,1.0,4.480664562812066,-0.472668863751107,-4013.980111505606,0.25,0.1058394168357095,0.5228396897266194,-0.7348160159833625,-0.7890730334690031,1.3711856604209731,317.5,0.0020319296728478,0.0371929404567157,0.190972994583022,0.0053902001359067,0.3769673892648534,-0.2018666252233207,-0.0636737176638588,0.0672867750325059,0.3592540968896206,-1144.9706671817723,6689.013890882079,7981.333747766792,13592.540968896206,0.1,0.3161534178618027,0.0,184.8581315859676,1.0,0.5683216949647539,416,False,False,True,False,False,False,1,6,False,True,underpowered,False
crypto,5m,short,ichimoku,20,3.429658268290769,-0.8666600138888889,0.6885623053205822,-2.517303102978859,4,1.0,1.0,4.880216068172133,-0.3521694978110592,-11126.87570167927,0.0,-0.334681734937949,0.5228396897266194,-0.9445945983434376,-0.7890730334690031,0.71369561256868,635.0,-0.0021311634121727,0.0301471154791415,0.1682355498414997,0.0070153616087999,-0.3037852545618534,-0.9013261432783864,-0.4919533480865102,-0.4919533480865107,0.3592540968896206,-7236.716850692288,6689.013890882079,986.7385672161367,13592.540968896206,0.15,0.3161534178618027,0.6838465821381972,369.7162631719352,1.0,0.9710156057497794,416,False,False,True,False,False,False,1,6,False,True,underpowered,False
crypto,5m,long,faber_gtaa,20,3.429658268290769,-1.1206283652777778,0.8094078122625838,-2.7690080285862853,4,0.4441372469024232,1.0,4.057223825410193,-0.5425466332188074,-6709.829508578968,0.0,-0.0377709703575526,0.5228396897266194,-0.8005613229666719,-0.7890730334690031,0.793348329128027,269.5,-0.0009637310260584,0.0224000573441468,0.1644890315479463,0.0050309049150835,-0.1915621627371699,-0.5034961961353599,-0.1846054219237978,-0.3182515809265873,0.3592540968896206,-1792.8892039084174,6689.013890882079,4965.0380386464,13592.540968896206,0.0,0.4441372469024232,0.0,157.48815698096774,1.0,1.141432824669125,416,False,False,True,False,False,False,1,6,False,True,underpowered,False
crypto,5m,long,heikin_reversal,20,3.429658268290769,-1.3166195555555555,0.3743544940142163,-7.034079070014082,4,0.5881659419744796,1.0,3.094076827075265,-0.8637136655651589,-12804.23910708823,0.0,-0.7004839477019082,0.5228396897266194,-0.923238523710578,-0.7890730334690031,0.7942504896032287,797.0,-0.0013244856079562,0.4803661388988844,0.0104238923994612,0.0127537397170089,-0.1038507635677876,-0.9067711027592332,-0.5000997382709784,-0.5499402946975944,0.3592540968896206,-8417.015321546107,6689.013890882079,932.2889724076664,13592.540968896206,0.0,0.5881659419744796,0.0,464.1524927823474,1.0,0.5279174490987065,416,False,False,True,False,False,False,1,6,False,True,underpowered,False
crypto,5m,short,heikin_reversal,20,3.429658268290769,-2.194895447222222,0.6369683894665769,-6.891693476532852,4,1.0,1.0,4.440729706079513,-1.371173190142747,-13577.258065284464,0.0,-1.5262045617172886,0.5228396897266194,-0.9969864327771474,-0.7890730334690031,0.6069717008880751,1594.5,-0.0029506359817236,0.4010698552548772,0.0106516298182401,0.0118557215711323,-0.2488786501960539,-0.9964862733789585,-0.8206791035712278,-0.8206791035712281,0.3592540968896206,-9897.532618216052,6689.013890882079,35.137266210416264,13592.540968896206,0.0,0.5881659419744796,0.4118340580255204,928.3049855646948,1.0,0.8982574877568766,416,False,False,True,False,False,False,1,6,False,True,underpowered,False
crypto,5m,long,ibs,20,3.429658268290769,-62.27148115138889,11.325543295056018,-10.99664352147636,4,0.4910544336962385,1.0,-45.22190724467804,-1.376707224041288,-13592.540968896206,0.0,-49.39161607824797,0.5228396897266194,-1.0,-0.7890730334690031,0.4667217450889409,48006.0,-0.0010232248338505,0.4142402895154725,0.0021334189488508,0.0030630760447183,-0.3340513976513592,-1.0,-0.999999999999898,-0.9999999999998987,0.3592540968896206,-10000.0,6689.013890882079,4.922996596659571e-41,13592.540968896206,0.0,0.4910544336962385,0.0,27988.71573088816,1.0,15.971364098959844,416,False,False,False,False,False,False,0,6,False,True,underpowered,False
crypto,5m,short,ibs,20,3.429658268290769,-92.044410675,15.32814382194065,-12.009857389679237,4,1.0,1.0,-69.61097145096926,-3.2243222835711864,-13592.540968896206,0.0,-76.05582607183294,0.5228396897266194,-1.0,-0.7890730334690031,0.2155831842150729,96012.0,-0.0021349167681238,0.2322847767229516,0.0023719054175801,0.0032816081639867,-0.6505702879316843,-1.0,-1.0,-1.0,0.3592540968896206,-10000.0,6689.013890882079,6.925590207112668e-86,13592.540968896206,0.0,0.4910544336962385,0.5089455663037614,55977.43146177632,1.0,21.615860675602597,416,False,False,False,False,False,False,0,6,False,True,underpowered,False
crypto,5m,long,mc_adaptive_channel_width,20,3.429658268290769,-0.1103558263888889,0.3216925553927535,-0.6860949968466369,4,0.4242595498776955,1.0,4.790623682986537,-0.1447768911992005,570.0941003995774,2.5,0.3998028519236382,0.5228396897266194,-0.607346838479207,-0.7890730334690031,1.5382256929335978,30.5,0.0268204437585322,0.4285714285714285,0.1912886337516856,0.0880370393733787,0.3046495423907041,0.4048581998585955,0.1036356869944724,0.2245814043581453,0.3592540968896206,6381.99202214222,6689.013890882079,14048.581998585956,13592.540968896206,0.4,0.4242595498776955,0.0,17.491903378165468,1.0,0.4536531975773143,416,False,False,True,False,True,False,2,6,False,True,underpowered,False
crypto,5m,long,mc_adaptive_ewma,20,3.429658268290769,-0.2963579013888888,0.1613626550863085,-3.673190692485507,4,0.4966624557204825,1.0,4.594301340355473,-0.2290605451823954,-1192.6123619329703,0.0,0.1948828931228642,0.5228396897266194,-0.7526351486284953,-0.7890730334690031,1.1933655645952577,32.0,0.0138502269770788,0.4354166666666667,0.1777525568871068,0.1095125649137446,0.1264715787452126,-0.0530221140276709,-0.0191470035540211,-0.067264820260945,0.3592540968896206,3837.542849611703,6689.013890882079,9469.77885972329,13592.540968896206,0.3,0.4966624557204825,0.0,18.35404062960159,1.0,0.2275547979657042,416,False,False,True,False,False,False,1,6,False,True,underpowered,False
crypto,5m,long,mc_adaptive_bounce,20,3.429658268290769,-0.3011892180555555,0.1342771979775537,-4.486081368869546,4,0.4543511067285041,1.0,4.63715303390434,-0.3277675971210908,-1024.8791360897235,0.0,0.2417355819451891,0.5228396897266194,-0.7226435489867393,-0.7890730334690031,1.3339720768745231,30.5,0.0178946644104635,0.4264705882352941,0.1838881201677772,0.1098256926801007,0.1629369592285381,-0.0069616782807956,-0.0020749866440435,-0.0302704080414995,0.3592540968896206,5016.999925777532,6689.013890882079,9930.383217192044,13592.540968896206,0.35,0.4543511067285041,0.0,17.364072845758237,1.0,0.1893586879866337,416,False,False,True,False,False,False,1,6,False,True,underpowered,False
crypto,5m,short,mc_adaptive_channel_width,20,3.429658268290769,-0.3575948416666666,0.8429909530467016,-0.848395443330116,4,1.0,1.0,6.025137300218802,-0.4831076888377322,-7038.565619366741,0.0,-0.0066394996769874,0.5228396897266194,-0.862196521198363,-0.7890730334690031,0.9832886915542488,61.0,-0.0012606051853511,0.3902277542372881,0.1802304966737682,0.1054490797156271,-0.0119546343007517,-0.612477325663952,-0.241503019519413,-0.2415030195193917,0.3592540968896206,-2888.53763800356,6689.013890882079,3875.22674336048,13592.540968896206,0.25,0.4242595498776955,0.5757404501223045,34.983806756330935,1.0,1.1887920157539285,416,False,False,True,False,False,False,1,6,False,True,underpowered,False
crypto,5m,short,mc_adaptive_ewma,20,3.429658268290769,-0.6267285347222221,0.5750813794597136,-2.179616858090696,4,1.0,1.0,6.440297469132791,-2.0925469935102097,-8325.631034986436,0.0,-0.135683105395638,0.5228396897266194,-0.8995571808600501,-0.7890730334690031,0.9138933177144248,64.0,-0.0069761756879848,0.445049082373026,0.1453891401353699,0.115546181099158,-0.060375649126803,-0.6568880260570261,-0.2785495066294707,-0.2785495066294873,0.3592540968896206,-3744.8639054262976,6689.013890882079,3431.1197394297387,13592.540968896206,0.25,0.4966624557204825,0.5033375442795175,36.70808125920318,1.0,0.8109839730066338,416,False,False,True,False,False,False,1,6,False,True,underpowered,False
crypto,5m,short,mc_adaptive_bounce,20,3.429658268290769,-0.62845875,0.6009125083147102,-2.0916813722601466,4,1.0,1.0,6.198894580341574,-0.7030713789786964,-9871.705466391491,0.0,-0.1627892359702134,0.5228396897266194,-0.9144860440582588,-0.7890730334690031,0.9308501506004156,60.5,-0.0037685907628623,0.4462594696969697,0.155147262672874,0.126056174110874,-0.0298961220221365,-0.7334922046742938,-0.3213992501552803,-0.3213992501552841,0.3592540968896206,-1230.4996620391971,6689.013890882079,2665.0779532570627,13592.540968896206,0.2,0.4543511067285041,0.5456488932714958,34.728145691516474,1.0,0.8474112200959981,416,False,False,True,False,False,False,1,6,False,True,underpowered,False
crypto,5m,short,sp100_momentum,20,3.429658268290769,-0.8246455541666667,1.2424203280726012,-1.3274823914801213,4,1.0,1.0,0.0,0.0,-12377.30394164816,0.0,-0.567182380475454,0.5228396897266194,-0.9565576725425158,-0.7890730334690031,0.0,1.0,-0.8885363814204429,0.0,0.0,0.8885363814204429,-1.0,-0.888536381420463,-0.492449794433827,-0.4924497944338225,0.3592540968896206,-7963.8537871796,6689.013890882079,1114.6361857953696,13592.540968896206,0.15,0.0,1.0,0.0,1.0,1.7520702456948671,416,False,False,True,True,False,False,2,6,False,True,underpowered,False
crypto,5m,long,sp100_momentum,20,3.429658268290769,,,,0,0.0,0.0,,,-1962.3367154778443,0.0,,0.5228396897266194,0.0,-0.7890730334690031,,0.0,,,,,,0.162986260512214,0.0450087067035186,,0.3592540968896206,1571.153911692517,6689.013890882079,11629.86260512214,13592.540968896206,0.0,0.0,0.0,0.0,1.0,,416,False,False,False,False,False,False,0,6,False,False,unrankable,False
crypto,5m,long,mc_mid_percentile_crossover,20,3.429658268290769,0.0484077152777777,0.2804724498008695,0.3451869537428463,4,0.6601773910844053,1.0,4.001290732011267,0.02763708854163,3955.7859883924034,5.0,0.4492488771086295,0.5228396897266194,-0.6927093707013745,-0.7890730334690031,1.6590060922593508,31.0,0.0327365224841891,0.4919354838709677,0.1656527878789933,0.105581968943559,0.3100578897301027,0.5515900523271963,0.1360194160099985,0.2142683430781908,0.3592540968896206,10728.192588861875,6689.013890882079,15515.90052327196,13592.540968896206,0.6,0.6601773910844053,0.0,17.76527293231214,1.0,0.3955243027901707,416,False,False,True,True,True,True,4,6,False,True,underpowered,False
crypto,5m,short,mc_mid_percentile_crossover,20,3.429658268290769,-0.0501489958333334,0.6587336183583951,-0.1522588021492143,4,1.0,1.0,6.134321815373799,-0.3563876998451431,-2655.3232396134454,0.0,0.3579851839921555,0.5228396897266194,-0.7967131095778588,-0.7890730334690031,1.315078933764699,61.0,0.0152068247246648,0.5289915966386555,0.13676077813985,0.1182147995493825,0.1286372330929038,0.195958188357472,0.0536949358107521,0.0536949358107714,0.3592540968896206,7861.963380092628,6689.013890882079,11959.58188357472,13592.540968896206,0.45,0.6601773910844053,0.3398226089155947,35.53054586462428,1.0,0.928950972940954,416,False,False,True,False,False,False,1,6,False,True,underpowered,False
crypto,5m,long,mc_min_max_blend,20,3.429658268290769,-0.068280586111111,0.2773395964187618,-0.4923969529977432,4,0.6016156981467297,1.0,3.856557381898383,-0.2132924314434165,-251.26859628409463,0.25,0.2806971588118512,0.5228396897266194,-0.7044292942562269,-0.7890730334690031,1.4634994601321578,15.0,0.0171686283051748,0.5972222222222223,0.1475766388209959,0.1873495924343616,0.0916395284456777,0.0805893184062516,0.0222890586855945,0.0184232904235752,0.3592540968896206,4232.106720870865,6689.013890882079,10805.893184062516,13592.540968896206,0.3,0.6016156981467297,0.0,9.049560466630474,1.0,0.3911063300068128,416,False,False,True,False,False,False,1,6,False,True,underpowered,False
crypto,5m,long,mc_median_reversion,20,3.429658268290769,-0.1031165319444444,0.2976350783930569,-0.69290577240542,4,0.544317721962261,1.0,3.9452945615311714,-0.2299053191057488,-1978.4378407249037,0.0,0.196074148232163,0.5228396897266194,-0.7145238990206564,-0.7890730334690031,1.1549968216060875,21.0,0.0118290936282836,0.5960144927536233,0.1103061266507351,0.157106121710416,0.0752936518290959,-0.1378712394478433,-0.0423226604802124,-0.0818181421661262,0.3592540968896206,3388.67787412212,6689.013890882079,8621.287605521567,13592.540968896206,0.2,0.544317721962261,0.0,11.9889052514674,1.0,0.4197271673238926,416,False,False,True,False,False,False,1,6,False,True,underpowered,False
crypto,5m,short,mc_min_max_blend,20,3.429658268290769,-0.4193154430555554,0.8351916357898678,-1.004117917581862,4,1.0,1.0,5.582762705413666,-0.481528589333879,-10286.7738341562,0.0,-0.1141912247912213,0.5228396897266194,-0.899771360927909,-0.7890730334690031,0.9053917382329384,30.5,-0.0097898959267958,0.6296296296296297,0.1244818615832526,0.2189714798343005,-0.0447085434788313,-0.7224403358232361,-0.3192128529894419,-0.3192128529894451,0.3592540968896206,-4284.534624707644,6689.013890882079,2775.5966417676395,13592.540968896206,0.25,0.6016156981467297,0.3983843018532703,18.09912093326095,1.0,1.1777933614389011,416,False,False,True,False,False,False,1,6,False,True,underpowered,False
crypto,5m,short,mc_median_reversion,20,3.429658268290769,-0.4751634124999999,0.8458129897913145,-1.1235661268745374,4,1.0,1.0,5.967004947902202,-0.8664043110530102,-11915.953251198573,0.0,-0.2842774567742496,0.5228396897266194,-0.8891672533730732,-0.7890730334690031,0.7529167468896569,42.0,-0.0157702210108038,0.6061224489795918,0.1005687208635315,0.1897296547543706,-0.0831194313362367,-0.7466188488500451,-0.335561708301425,-0.3355617083014107,0.3592540968896206,-4192.238378084722,6689.013890882079,2533.811511499549,13592.540968896206,0.25,0.544317721962261,0.4556822780377389,23.9778105029348,1.0,1.1927716726387805,416,False,False,True,False,False,False,1,6,False,True,underpowered,False
crypto,5m,long,mc_emaatr_band,20,3.429658268290769,0.1142667555555555,0.4129267361727086,0.5534480843486139,4,0.5604935417575332,1.0,4.210234101945964,-0.0283828072941199,1715.787600511478,4.0,0.5184866036883915,0.5228396897266194,-0.6494003520140841,-0.7890730334690031,1.6616908759237166,29.0,0.0314665985427653,0.6180371352785146,0.1208699254638008,0.1401135484203648,0.2245792708665127,0.8056520543051929,0.1878565332456595,0.3163527546295077,0.3592540968896206,9568.866844736063,6689.013890882079,18056.520543051927,13592.540968896206,0.65,0.5604935417575332,0.0,16.903580142457386,1.0,0.5823123074800661,416,True,False,True,False,True,True,4,6,False,True,underpowered,False
crypto,5m,long,mc_emaatr_hybrid,20,3.429658268290769,0.1102365305555555,0.4511513471565959,0.4886897988904468,4,0.578819065603164,1.0,4.2064369251945415,-0.0494613515962984,2129.800663210667,3.0,0.5052518390554097,0.5228396897266194,-0.642034946750385,-0.7890730334690031,1.6226531983375607,29.5,0.0299898986942042,0.6201923076923077,0.1263093378394347,0.1403551137975452,0.2136715783470708,0.7301021074001939,0.1734157322014522,0.3146513841606696,0.3592540968896206,8380.665024844397,6689.013890882079,17301.02107400194,13592.540968896206,0.55,0.578819065603164,0.0,17.48899653994644,1.0,0.6362169338330701,416,True,False,True,False,True,True,4,6,False,True,underpowered,False
crypto,5m,short,mc_emaatr_hybrid,20,3.429658268290769,-0.1203019208333334,1.0010941932343738,-0.2403408623211714,4,1.0,1.0,6.152281309311418,-0.6627303617887855,-5729.85098480005,0.0,0.0617862065154839,0.5228396897266194,-0.8760770764494412,-0.7890730334690031,1.1451954799942508,60.0,0.0057964903893209,0.6205663189269747,0.0974058285871074,0.1615802371584879,0.0358737583955603,-0.527621036458786,-0.2006701136215315,-0.2006701136215294,0.3592540968896206,-1747.4720049065224,6689.013890882079,4723.789635412139,13592.540968896206,0.25,0.578819065603164,0.421180934396836,34.97799307989288,1.0,1.4117503629587742,416,False,False,True,False,False,False,1,6,False,True,underpowered,False
crypto,5m,short,mc_emaatr_band,20,3.429658268290769,-0.1300332388888888,0.9545268477133012,-0.2724559067152508,4,1.0,1.0,6.069724552058471,-0.6628502518862831,-6074.311465655635,0.0,0.1070319896989356,0.5228396897266194,-0.8702557151562934,-0.7890730334690031,1.1089581164693385,59.0,0.0074144025212334,0.6239041496201052,0.096765067633078,0.1667603286344096,0.0444614290577953,-0.5518219949912856,-0.2097084836608179,-0.2097084836608106,0.3592540968896206,-485.60255656431934,6689.013890882079,4481.780050087144,13592.540968896206,0.35,0.5604935417575332,0.4395064582424668,33.80716028491477,1.0,1.3460807512621955,416,False,False,True,False,False,False,1,6,False,True,underpowered,False
crypto,5m,long,mc_rolling_sign_of_midpoint,20,3.429658268290769,0.0242749222222222,0.1951949290421162,0.2487249268343906,4,0.6187818916700667,1.0,3.87517767382129,-0.1101387235681943,545.3658055030289,12.5,0.2990020257398444,0.5228396897266194,-0.6946214259429778,-0.7890730334690031,1.8753818055704483,6.0,0.038197734422426,0.55,0.3343121198933502,0.2609713704688553,0.1463675281844167,0.248078180459135,0.06684447860067,0.0943318603125469,0.3592540968896206,7519.726941740087,6689.013890882079,12480.78180459135,13592.540968896206,0.4,0.6187818916700667,0.0,3.207123960657976,1.0,0.275265318473788,416,False,False,True,False,True,True,3,6,False,True,underpowered,False
crypto,5m,long,mc_rolling_range_ratio,20,3.429658268290769,-0.1487802125,0.3911961200487261,-0.7606425773418637,4,0.5754746323681068,1.0,4.0260953948077685,-0.3335264825723817,-5480.617245618901,0.0,0.1907717251301722,0.5228396897266194,-0.7004298248770813,-0.7890730334690031,1.0897020427699764,20.0,0.0059790541315394,0.5779352226720648,0.1173220102430089,0.1589212200509186,0.0376227550331146,-0.1872599013694403,-0.0601196460126141,-0.1224554367419726,0.3592540968896206,332.1110408470382,6689.013890882079,8127.400986305596,13592.540968896206,0.2,0.5754746323681068,0.0,11.36212719418893,1.0,0.5516676334746824,416,False,False,True,False,False,False,1,6,False,True,underpowered,False
crypto,5m,short,mc_rolling_sign_of_midpoint,20,3.429658268290769,-0.2724626138888888,0.674247563706176,-0.8081975480674418,4,1.0,1.0,5.795383074805575,-0.385853002139664,-4232.617700799357,0.0,-0.0233297565661135,0.5228396897266194,-0.8693370001384356,-0.7890730334690031,0.8989522427719694,12.0,-0.0081761285721608,0.5227272727272727,0.2919091588753095,0.3007487902938839,-0.0271859067634863,-0.4859321081057025,-0.1774668785892421,-0.1774668785892178,0.3592540968896206,-2412.582441280597,6689.013890882079,5140.678918942975,13592.540968896206,0.3,0.6187818916700667,0.3812181083299333,6.414247921315952,1.0,0.9508288522890412,416,False,False,True,False,False,False,1,6,False,True,underpowered,False
crypto,5m,short,mc_rolling_range_ratio,20,3.429658268290769,-0.5086806777777778,0.9521999549965128,-1.0684324759911183,4,1.0,1.0,5.742608171138005,-0.6848603141450222,-11832.243318767178,0.0,-0.2225323028918488,0.5228396897266194,-0.9110220149257002,-0.7890730334690031,0.8164855801736011,40.0,-0.0136822416348535,0.5677655677655677,0.1141631506108638,0.2018273994656711,-0.0677917947269631,-0.7414051845325597,-0.3477681343374522,-0.3477681343374565,0.3592540968896206,-6603.531181308301,6689.013890882079,2585.9481546744028,13592.540968896206,0.2,0.5754746323681068,0.4245253676318932,22.72425438837786,1.0,1.342799350111642,416,False,False,True,False,False,False,1,6,False,True,underpowered,False
crypto,5m,long,mc_wave_height_momentum,20,3.429658268290769,0.0,0.0,,4,1.0,1.0,0.0,0.0,0.0,0.0,0.5228396897266194,0.5228396897266194,-0.7890730334690031,-0.7890730334690031,0.0,1.0,0.3592540968896575,1.0,0.3592540968896575,0.0,,0.3592540968896206,0.0934274360108957,0.0934274360109063,0.3592540968896206,6689.013890882079,6689.013890882079,13592.540968896206,13592.540968896206,0.0,1.0,0.0,0.0,1.0,0.0,416,False,False,True,True,True,False,3,6,False,True,underpowered,False
crypto,5m,short,mc_wave_height_momentum,20,3.429658268290769,0.0,0.0,,4,1.0,1.0,0.0,0.0,0.0,0.0,0.5228396897266194,0.5228396897266194,-0.7890730334690031,-0.7890730334690031,0.0,1.0,0.3592540968896575,1.0,0.3592540968896575,0.0,,0.3592540968896206,0.0934274360108957,0.0934274360109063,0.3592540968896206,6689.013890882079,6689.013890882079,13592.540968896206,13592.540968896206,0.0,1.0,0.0,0.0,1.0,0.0,416,False,False,True,True,True,False,3,6,False,True,underpowered,False
crypto,5m,long,mc_directional_change_rate,20,3.429658268290769,0.0,0.0,,4,1.0,1.0,0.0,0.0,0.0,0.0,0.5228396897266194,0.5228396897266194,-0.7890730334690031,-0.7890730334690031,0.0,1.0,0.3592540968896575,1.0,0.3592540968896575,0.0,,0.3592540968896206,0.0934274360108957,0.0934274360109063,0.3592540968896206,6689.013890882079,6689.013890882079,13592.540968896206,13592.540968896206,0.0,1.0,0.0,0.0,1.0,0.0,416,False,False,True,True,True,False,3,6,False,True,underpowered,False
crypto,5m,short,mc_directional_change_rate,20,3.429658268290769,0.0,0.0,,4,1.0,1.0,0.0,0.0,0.0,0.0,0.5228396897266194,0.5228396897266194,-0.7890730334690031,-0.7890730334690031,0.0,1.0,0.3592540968896575,1.0,0.3592540968896575,0.0,,0.3592540968896206,0.0934274360108957,0.0934274360109063,0.3592540968896206,6689.013890882079,6689.013890882079,13592.540968896206,13592.540968896206,0.0,1.0,0.0,0.0,1.0,0.0,416,False,False,True,True,True,False,3,6,False,True,underpowered,False
crypto,5m,long,mc_donchian_trend_reversion,20,3.429658268290769,-0.0822261208333333,0.3079532161919955,-0.5340169643305098,4,0.4765456703210284,1.0,4.470899274253798,-0.193571215588237,-2421.141147229192,0.0,0.166228680138785,0.5228396897266194,-0.7473635069661945,-0.7890730334690031,1.1902956735913353,32.0,0.0068679963702862,0.3819444444444444,0.1966618585185423,0.0780616444920756,0.0879817023452981,-0.1431432525602756,-0.0441326526815309,-0.1114855390763347,0.3592540968896206,4387.225125722272,6689.013890882079,8568.567474397243,13592.540968896206,0.4,0.4765456703210284,0.0,18.52335426990515,1.0,0.4342778808143464,416,False,False,True,False,False,False,1,6,False,True,underpowered,False
crypto,5m,long,mc_distance_to_min_max,20,3.429658268290769,-0.1540183652777778,0.3999855628470797,-0.7701196222257715,4,0.5754746323681068,1.0,4.0260953948077685,-0.3639344966917143,-5480.617245618901,0.0,0.1907717251301722,0.5228396897266194,-0.7004298248770813,-0.7890730334690031,1.0897020427699764,20.0,0.0059790541315394,0.5779352226720648,0.1173220102430089,0.1589212200509186,0.0376227550331146,-0.1872599013694403,-0.0601196460126141,-0.1224554367419726,0.3592540968896206,241.6766244807809,6689.013890882079,8127.400986305596,13592.540968896206,0.2,0.5754746323681068,0.0,11.27012699316677,1.0,0.5640625700796897,416,False,False,True,False,False,False,1,6,False,True,underpowered,False
crypto,5m,short,mc_donchian_trend_reversion,20,3.429658268290769,-0.3461738472222222,0.7297278165260404,-0.9487752539576352,4,1.0,1.0,6.153484563823417,-0.8411966446695402,-11445.891084827012,0.0,-0.0388364371807882,0.5228396897266194,-0.9166954927054052,-0.7890730334690031,0.9881008391875056,64.0,-0.0009120176394496,0.3807134894091416,0.1613113298221095,0.1106414214826681,-0.0082430036348773,-0.7984982809795228,-0.3830580238073835,-0.3830580238073803,0.3592540968896206,-2179.428873029821,6689.013890882079,2015.017190204772,13592.540968896206,0.35,0.4765456703210284,0.5234543296789715,37.0467085398103,1.0,1.0290675111333554,416,False,False,True,False,False,False,1,6,False,True,underpowered,False
crypto,5m,short,mc_distance_to_min_max,20,3.429658268290769,-0.5152784416666668,0.9641044296412068,-1.0689266138076527,4,1.0,1.0,5.742608171138005,-0.9214555839879524,-11832.243318767178,0.0,-0.2878914692130208,0.5228396897266194,-0.9110220149257002,-0.7890730334690031,0.79011392680737,39.5,-0.0148288887896897,0.5677655677655677,0.1141631506108638,0.2018273994656711,-0.0734731202450635,-0.7414051845325597,-0.3477681343374522,-0.3477681343374565,0.3592540968896206,-6655.783401888499,6689.013890882079,2585.9481546744028,13592.540968896206,0.2,0.5754746323681068,0.4245253676318932,22.54025398633354,1.0,1.3595871274397495,416,False,False,True,False,False,False,1,6,False,True,underpowered,False
crypto,5m,long,mc_quantile_momentum,20,3.429658268290769,0.1600892069444444,0.5945254726096201,0.5385444840294098,4,0.5102885609524056,1.0,4.352561440585318,-0.1690035968700357,1434.627682762401,4.0,0.4198617785750423,0.5228396897266194,-0.6595657445960232,-0.7890730334690031,1.392680102062105,31.0,0.0218599955774261,0.5857142857142856,0.1264755276760873,0.1175988814816207,0.1858860841362896,0.296445652405843,0.0784862269452937,0.128128814666454,0.3592540968896206,11309.845117135195,6689.013890882079,12964.45652405843,13592.540968896206,0.45,0.5102885609524056,0.0,18.93477063761742,1.0,0.8384041755682904,416,True,False,True,False,True,True,4,6,False,True,underpowered,False
crypto,5m,short,mc_quantile_momentum,20,3.429658268290769,-0.0575484819444443,1.172044275861183,-0.0982018907129757,4,1.0,1.0,6.275196330520192,-1.3880218573436207,-3488.98267938531,0.0,0.1468746459499504,0.5228396897266194,-0.9061765143581866,-0.7890730334690031,1.1406884478845476,63.0,0.0056240012693285,0.5804432855280313,0.1155673416838883,0.1450019069963528,0.0387857055526174,-0.3810577498726801,-0.1310852792211178,-0.13108527922112,0.3592540968896206,7353.330519234967,6689.013890882079,6189.422501273199,13592.540968896206,0.35,0.5102885609524056,0.4897114390475944,37.86954127523484,1.0,1.6528254214570202,416,False,False,True,False,False,False,1,6,False,True,underpowered,False
crypto,5m,long,mc_quantile_atr_hybrid,20,3.429658268290769,-0.1031165319444444,0.2976350783930569,-0.69290577240542,4,0.544317721962261,1.0,3.9452945615311714,-0.2299053191057488,-1978.4378407249037,0.0,0.196074148232163,0.5228396897266194,-0.7145238990206564,-0.7890730334690031,1.1549968216060875,21.0,0.0118290936282836,0.5960144927536233,0.1103061266507351,0.157106121710416,0.0752936518290959,-0.1378712394478433,-0.0423226604802124,-0.0818181421661262,0.3592540968896206,3388.67787412212,6689.013890882079,8621.287605521567,13592.540968896206,0.2,0.544317721962261,0.0,11.9889052514674,1.0,0.4197271673238926,416,False,False,True,False,False,False,1,6,False,True,underpowered,False
crypto,5m,long,mc_range_bound_oscillator,20,3.429658268290769,-0.1487802125,0.3911961200487261,-0.7606425773418637,4,0.5754746323681068,1.0,4.0260953948077685,-0.3335264825723817,-5480.617245618901,0.0,0.1907717251301722,0.5228396897266194,-0.7004298248770813,-0.7890730334690031,1.0897020427699764,20.0,0.0059790541315394,0.5779352226720648,0.1173220102430089,0.1589212200509186,0.0376227550331146,-0.1872599013694403,-0.0601196460126141,-0.1224554367419726,0.3592540968896206,332.1110408470382,6689.013890882079,8127.400986305596,13592.540968896206,0.2,0.5754746323681068,0.0,11.36212719418893,1.0,0.5516676334746824,416,False,False,True,False,False,False,1,6,False,True,underpowered,False
crypto,5m,short,mc_quantile_atr_hybrid,20,3.429658268290769,-0.4751634124999999,0.8458129897913145,-1.1235661268745374,4,1.0,1.0,5.967004947902202,-0.8664043110530102,-11915.953251198573,0.0,-0.2842774567742496,0.5228396897266194,-0.8891672533730732,-0.7890730334690031,0.7529167468896569,42.0,-0.0157702210108038,0.6061224489795918,0.1005687208635315,0.1897296547543706,-0.0831194313362367,-0.7466188488500451,-0.335561708301425,-0.3355617083014107,0.3592540968896206,-4192.238378084722,6689.013890882079,2533.811511499549,13592.540968896206,0.25,0.544317721962261,0.4556822780377389,23.9778105029348,1.0,1.1927716726387805,416,False,False,True,False,False,False,1,6,False,True,underpowered,False
crypto,5m,short,mc_range_bound_oscillator,20,3.429658268290769,-0.5086806777777778,0.9521999549965128,-1.0684324759911183,4,1.0,1.0,5.742608171138005,-0.6848603141450222,-11832.243318767178,0.0,-0.2225323028918488,0.5228396897266194,-0.9110220149257002,-0.7890730334690031,0.8164855801736011,40.0,-0.0136822416348535,0.5677655677655677,0.1141631506108638,0.2018273994656711,-0.0677917947269631,-0.7414051845325597,-0.3477681343374522,-0.3477681343374565,0.3592540968896206,-6603.531181308301,6689.013890882079,2585.9481546744028,13592.540968896206,0.2,0.5754746323681068,0.4245253676318932,22.72425438837786,1.0,1.342799350111642,416,False,False,True,False,False,False,1,6,False,True,underpowered,False
crypto,5m,long,mc_peak_trough_ratio,20,3.429658268290769,-0.0988320513888888,0.2397589305974652,-0.8244285302958698,4,0.4395802337183012,1.0,4.932704269382948,-0.260281484487545,-182.5132835484028,0.25,0.3285324038591518,0.5228396897266194,-0.6721894073659561,-0.7890730334690031,1.4599121128581452,29.0,0.0275800743339279,0.4814814814814814,0.1701038908784814,0.1115064474514742,0.2473406243699976,0.317892291263427,0.0835951937482408,0.1629058646380272,0.3592540968896206,5136.653047901733,6689.013890882079,13178.922912634269,13592.540968896206,0.3,0.4395802337183012,0.0,16.584700495557005,1.0,0.3381097998381208,416,False,False,True,False,False,False,1,6,False,True,underpowered,False
crypto,5m,long,mc_peak_to_peak_forecast,20,3.429658268290769,-0.1165991416666666,0.3458742827588672,-0.6742284551289172,4,0.5675184232587398,1.0,4.002886753306778,-0.2981410327726113,-3637.502018439412,0.0,0.1980135780393139,0.5228396897266194,-0.6910260758923525,-0.7890730334690031,1.1466684686051858,21.0,0.0094644906605747,0.6086956521739131,0.1175984053147252,0.1632544768680884,0.0579738506541673,-0.0815598126948831,-0.0255124650208952,-0.0622433560129286,0.3592540968896206,1497.8851427521065,6689.013890882079,9184.401873051169,13592.540968896206,0.2,0.5675184232587398,0.0,11.975244468697287,1.0,0.4877544466074229,416,False,False,True,False,False,False,1,6,False,True,underpowered,False
crypto,5m,long,mc_peak_count_reversion,20,3.429658268290769,-0.2489859916666666,0.2979894551107691,-1.671106056918109,4,0.4636134860026941,1.0,4.769892060909306,-0.2670523266330854,-766.3732135409903,1.0,0.198008810290344,0.5228396897266194,-0.6389933600518909,-0.7890730334690031,1.22014321015375,31.0,0.0116798744808643,0.4651442307692308,0.1572981995374174,0.104320686437259,0.1119612502539355,0.0165032787992976,0.004696099240377,-0.0224428285045804,0.3592540968896206,5174.861884283905,6689.013890882079,10165.032787992975,13592.540968896206,0.3,0.4636134860026941,0.0,17.943741168272652,1.0,0.4202269119665401,416,False,False,True,False,False,False,1,6,False,True,underpowered,False
crypto,5m,short,mc_peak_trough_ratio,20,3.429658268290769,-0.4722976833333333,0.7131375368140912,-1.324562679573147,4,1.0,1.0,6.031976659730253,-0.540026932750691,-11489.033120309894,0.0,-0.1317266787625315,0.5228396897266194,-0.8783353630964841,-0.7890730334690031,0.8948738722775089,57.5,-0.0061068843131214,0.4490207373271889,0.1394043747714819,0.1202166481016999,-0.0507989900696216,-0.7907083117288429,-0.3660290825132267,-0.3660290825132277,0.3592540968896206,-4197.336578711381,6689.013890882079,2092.91688271157,13592.540968896206,0.25,0.4395802337183012,0.5604197662816988,33.16940099111401,1.0,1.005671777182226,416,False,False,True,False,False,False,1,6,False,True,underpowered,False
crypto,5m,short,mc_peak_to_peak_forecast,20,3.429658268290769,-0.4783251138888888,0.8900143879113338,-1.0748705198157789,4,1.0,1.0,5.903639995300307,-0.7950826521699073,-11828.294742909902,0.0,-0.3495484127668571,0.5228396897266194,-0.9019034260905332,-0.7890730334690031,0.7475661153978288,41.5,-0.0161427621694308,0.5875959079283888,0.0988143778656983,0.1932248507821384,-0.0835439235899931,-0.7513037007246652,-0.3337666389081607,-0.3337666389081724,0.3592540968896206,-6402.471162850199,6689.013890882079,2486.962992753348,13592.540968896206,0.2,0.5675184232587398,0.4324815767412601,23.950488937394574,1.0,1.2551048079830318,416,False,False,True,False,False,False,1,6,False,True,underpowered,False
crypto,5m,short,mc_peak_count_reversion,20,3.429658268290769,-0.5597948041666666,0.64099057518611,-1.7466553357797237,4,1.0,1.0,6.562907101110978,-0.6446911607924801,-9586.181152857984,0.0,-0.1423572883224427,0.5228396897266194,-0.8877290837468945,-0.7890730334690031,0.948475093115775,62.5,-0.0034398749677059,0.465452847805789,0.139039973032481,0.124117991244244,-0.0277145555871657,-0.758696868944243,-0.3466525972838501,-0.3466525972838484,0.3592540968896206,-1046.9718553180178,6689.013890882079,2413.0313105575688,13592.540968896206,0.25,0.4636134860026941,0.5363865139973059,35.887482336545304,1.0,0.9039296035156272,416,False,False,True,False,False,False,1,6,False,True,underpowered,False
crypto,5m,long,mc_rolling_window_em_aof_midpoint,20,3.429658268290769,-0.1056929986111111,0.3945024712909263,-0.5358293359494202,4,0.5754746323681068,1.0,4.030143136324259,-0.187396716903281,484.8052629890094,1.5,0.3167805892637763,0.5228396897266194,-0.7247872741238728,-0.7890730334690031,1.3215866450452798,18.5,0.0215544235275434,0.6099033816425121,0.1290781131312394,0.1660216322350601,0.12982900624074,0.1409720277523418,0.0390358270530997,0.0431053081715248,0.3592540968896206,4325.2391459908495,6689.013890882079,11409.720277523418,13592.540968896206,0.4,0.5754746323681068,0.0,10.790089370725006,1.0,0.5563302742109798,416,False,False,True,False,True,False,2,6,False,True,underpowered,False
crypto,5m,long,mc_rolling_window_envelope,20,3.429658268290769,-0.1165991416666666,0.3458742827588672,-0.6742284551289172,4,0.5675184232587398,1.0,4.002886753306778,-0.2981410327726113,-3637.502018439412,0.0,0.1980135780393139,0.5228396897266194,-0.6910260758923525,-0.7890730334690031,1.1466684686051858,21.0,0.0094644906605747,0.6086956521739131,0.1175984053147252,0.1632544768680884,0.0579738506541673,-0.0815598126948831,-0.0255124650208952,-0.0622433560129286,0.3592540968896206,1497.8851427521065,6689.013890882079,9184.401873051169,13592.540968896206,0.2,0.5675184232587398,0.0,11.975244468697287,1.0,0.4877544466074229,416,False,False,True,False,False,False,1,6,False,True,underpowered,False
crypto,5m,long,mc_rolling_window_irregularity_index,20,3.429658268290769,-0.3045562430555555,0.199876165797396,-3.0474493228399044,4,0.1895408933050248,1.0,4.834272024697252,-0.5505879510960097,-1584.4913133781747,0.5,0.1329623415084544,0.5228396897266194,-0.5201300623053442,-0.7890730334690031,1.2303136011483824,14.5,0.0085227502138506,0.5777777777777777,0.1083096030219816,0.1212723532029405,0.0702777672631486,0.1339610662578414,0.0372681271865952,0.0366812481474464,0.3592540968896206,1745.9819814491775,6689.013890882079,11339.610662578414,13592.540968896206,0.3,0.1895408933050248,0.0,8.30606410451836,1.0,0.2818668328298053,416,False,False,True,False,False,False,1,6,False,True,underpowered,False
crypto,5m,short,mc_rolling_window_em_aof_midpoint,20,3.429658268290769,-0.45896075,0.9571106023133044,-0.9590547819462184,4,1.0,1.0,5.670433805347415,-0.7804992302138378,-9687.275030098455,0.0,-0.0257353015379733,0.5228396897266194,-0.8682188729403062,-0.7890730334690031,0.9194314493451534,37.0,-0.0074839975135433,0.6087962962962963,0.1184159144619644,0.2044513696467591,-0.0366052696368522,-0.7238607158997289,-0.3126406899917393,-0.3126406899917214,0.3592540968896206,-3612.9641972618447,6689.013890882079,2761.392841002711,13592.540968896206,0.3,0.5754746323681068,0.4245253676318932,21.580178741450013,1.0,1.3497243809216248,416,False,False,True,False,False,False,1,6,False,True,underpowered,False
crypto,5m,short,mc_rolling_window_envelope,20,3.429658268290769,-0.4783251138888888,0.8900143879113338,-1.0748705198157789,4,1.0,1.0,5.903639995300307,-0.7950826521699073,-11828.294742909902,0.0,-0.3495484127668571,0.5228396897266194,-0.9019034260905332,-0.7890730334690031,0.7475661153978288,41.5,-0.0161427621694308,0.5875959079283888,0.0988143778656983,0.1932248507821384,-0.0835439235899931,-0.7513037007246652,-0.3337666389081607,-0.3337666389081724,0.3592540968896206,-6402.471162850199,6689.013890882079,2486.962992753348,13592.540968896206,0.2,0.5675184232587398,0.4324815767412601,23.950488937394574,1.0,1.2551048079830318,416,False,False,True,False,False,False,1,6,False,True,underpowered,False
crypto,5m,short,mc_rolling_window_irregularity_index,20,3.429658268290769,-0.8089404527777778,0.7525630326795796,-2.1498277689709537,4,1.0,1.0,3.729121033571485,-0.1348726103909107,-12848.603364998036,0.0,-0.3553656632990772,0.5228396897266194,-0.9166409659380654,-0.7890730334690031,0.610910777701535,29.5,-0.0338479887207512,0.517797552836485,0.1503001069252252,0.1951748989554938,-0.1734238823839211,-0.8514475523735745,-0.441224175010654,-0.4412241750106576,0.3592540968896206,-7662.658314209269,6689.013890882079,1485.524476264255,13592.540968896206,0.25,0.1895408933050248,0.8104591066949751,16.61212820903672,1.0,1.0612699001901198,416,False,False,True,False,False,False,1,6,False,True,underpowered,False
crypto,5m,long,mc_tema_projection,20,3.429658268290769,0.2737062152777778,0.5285408383342912,1.0357050786855726,4,0.4886231262952117,1.0,4.942457245382634,0.2680309871198057,7773.899245803697,5.0,0.6593758603629216,0.5228396897266194,-0.63236665346214,-0.7890730334690031,2.0053884314705206,34.0,0.0325656295179545,0.5469208211143695,0.1250614272352505,0.0917513317546855,0.354933589465762,1.3828363663097825,0.2879322111398121,0.6098990691204725,0.3592540968896206,14217.920273273325,6689.013890882079,23828.36366309782,13592.540968896206,0.7,0.4886231262952117,0.0,19.226930589022533,1.0,0.7453521610651072,416,True,False,True,True,True,True,5,6,False,True,underpowered,False
crypto,5m,short,mc_tema_projection,20,3.429658268290769,0.1524191916666666,1.040029786422498,0.2931054353567301,4,1.0,1.0,6.837968249588307,-0.6900878975214175,-4057.6852967845593,0.0,0.5127629694483801,0.5228396897266194,-0.8345170082071064,-0.7890730334690031,1.4366016956465075,67.0,0.0198523205652068,0.5329424307036248,0.1283984871945672,0.1160686190636992,0.171039517186913,0.5345908673757633,0.1330346708440051,0.1330346708440237,0.3592540968896206,6097.629572439862,6689.013890882079,15345.908673757633,13592.540968896206,0.35,0.4886231262952117,0.5113768737047882,38.45386117804507,1.0,1.4666576216231757,416,True,False,True,False,False,False,2,6,False,True,underpowered,False
crypto,5m,long,mc_symmetric_ma_filter,20,3.429658268290769,-0.0516294694444444,0.4146945173603834,-0.2490000098051777,4,0.5625282645233088,1.0,3.9090499908739256,-0.1792638961593225,-514.4758661459007,0.0,0.1998096508838779,0.5228396897266194,-0.6393896424612087,-0.7890730334690031,1.154263122141324,25.0,0.0092881882443606,0.6076923076923078,0.1245447584554894,0.1576207764785925,0.0589274361658924,-0.0687784433898045,-0.0205775125171958,-0.0604458775491547,0.3592540968896206,5136.531733852922,6689.013890882079,9312.215566101951,13592.540968896206,0.35,0.5625282645233088,0.0,14.734511567437025,1.0,0.5848052454575291,416,False,False,True,False,False,False,1,6,False,True,underpowered,False
crypto,5m,long,mc_smaema_difference,20,3.429658268290769,-0.301378550534188,0.1348790695905687,-4.468870543799504,4,0.4788011879900119,1.0,4.361206253258865,-0.2606503140968741,-410.7454081719197,0.0,-0.0154410898136352,0.5228396897266194,-0.6794793089287872,-0.7890730334690031,0.5328381703741301,4.0,-0.0048087367371361,0.2916666666666666,0.1878430294799659,0.2719895761120721,-0.0176798567278724,-0.1607090450882815,-0.0497958302058068,-0.1582659706010965,0.3592540968896206,4581.821892424174,6689.013890882079,8392.909549117185,13592.540968896206,0.25,0.4788011879900119,0.0,2.553258667735117,1.0,0.1902074517432023,416,False,False,True,False,False,False,1,6,False,True,underpowered,False
crypto,5m,short,mc_symmetric_ma_filter,20,3.429658268290769,-0.397438675,0.9890131423131322,-0.8037075707011518,4,1.0,1.0,5.634719742683275,-0.8513977984064564,-5370.230945880829,0.0,-0.15968011056399,0.5228396897266194,-0.9077332750547178,-0.7890730334690031,0.8514669075953614,51.0,-0.0117651058843192,0.6076388888888888,0.1003645371583731,0.1684778312292094,-0.0698317742962464,-0.7952593131237229,-0.4251075298801938,-0.4251075298801913,0.3592540968896206,-2748.31531977246,6689.013890882079,2047.40686876277,13592.540968896206,0.25,0.5625282645233088,0.4374717354766911,29.46902313487405,1.0,1.394713576472297,416,False,False,True,False,False,False,1,6,False,True,underpowered,False
crypto,5m,short,mc_smaema_difference,20,3.429658268290769,-0.6211062069444445,0.6528402809339799,-1.902781507464168,4,1.0,1.0,6.0161564915618415,-0.6628852267246924,-9275.944598216633,0.0,-0.4524603624351324,0.5228396897266194,-0.9232934662170325,-0.7890730334690031,0.4731728861517081,9.0,-0.1026790650068886,0.3205128205128205,0.228792620476039,0.269025145685019,-0.3816708833868925,-0.8847248721222006,-0.4721376020355222,-0.4721376020355214,0.3592540968896206,-3814.51216569384,6689.013890882079,1152.7512787779938,13592.540968896206,0.1,0.4788011879900119,0.5211988120099881,5.106517335470233,1.0,0.9206401453443256,416,False,False,True,False,False,False,1,6,False,True,underpowered,False
crypto,5m,long,mc_half_life_mean_reversion,20,3.429658268290769,0.0458485272058823,0.3870046277796214,0.2369404596990538,4,0.5638411644695487,1.0,4.370524495161453,-0.1230291468437712,855.6988694119609,12.5,0.3255504289710891,0.5228396897266194,-0.6753575708569804,-0.7890730334690031,1.3096512568867202,6.0,0.0712888449353945,0.6125,0.2620940117941326,0.2742824070217628,0.2599103810903124,0.3727548300990684,0.08912593892466,0.1022147709367554,0.3592540968896206,9534.300044037913,6689.013890882079,13727.548300990684,13592.540968896206,0.4,0.5638411644695487,0.0,3.20702647472436,1.0,0.5457567603797846,416,False,False,True,False,True,True,3,6,False,True,underpowered,False
crypto,5m,long,mc_high_low_range_break,20,3.429658268290769,-0.1004050277777777,0.4226933602293319,-0.4750726518311198,4,0.5749058259273777,1.0,4.226549318592741,-0.2420001987364588,-130.55755799505164,0.0,0.2212036919580807,0.5228396897266194,-0.6547119803145877,-0.7890730334690031,1.2024494478660257,24.5,0.011666438775864,0.5961538461538461,0.1228702501528105,0.1463337936872301,0.0797248433318114,-0.0008407967315686,-0.0008542872704535,-0.020849729934274,0.3592540968896206,2635.3549809568585,6689.013890882079,9991.592032684312,13592.540968896206,0.4,0.5749058259273777,0.0,14.504287214431969,1.0,0.5960852722520154,416,False,False,True,False,False,False,1,6,False,True,underpowered,False
crypto,5m,long,mc_holt_winters_seasonal,20,3.429658268290769,-0.184785236111111,0.2959848033831408,-1.2486129963362598,4,0.4535655258220505,1.0,4.547288715001638,-0.2844981102981375,-614.2307982895179,0.0,0.2338311259929616,0.5228396897266194,-0.6696770204992747,-0.7890730334690031,1.3821510614736918,7.5,0.0490534745664247,0.3875,0.2754569013381469,0.177234231133128,0.2767720109868539,-0.0003422786454975,0.0034863000821434,-0.0299642258803407,0.3592540968896206,2559.540042372228,6689.013890882079,9996.577213545024,13592.540968896206,0.35,0.4535655258220505,0.0,4.230626788026525,1.0,0.4173999374188787,416,False,False,True,False,False,False,1,6,False,True,underpowered,False
crypto,5m,short,mc_half_life_mean_reversion,20,3.429658268290769,-0.2859220319444444,0.9429172928428584,-0.6064625903347276,4,1.0,1.0,5.981937472959995,-0.4606697618686017,-4232.947072640838,0.0,0.0519227553646314,0.5228396897266194,-0.9029442419033208,-0.7890730334690031,0.8858513279749749,12.0,-0.019219202355579,0.5504807692307692,0.2280547035005543,0.3200723060307736,-0.0600464394871175,-0.5810976134081232,-0.2615576818385586,-0.2615576818385817,0.3592540968896206,-2236.9125446614325,6689.013890882079,4189.023865918769,13592.540968896206,0.25,0.5638411644695487,0.4361588355304513,6.41405294944872,1.0,1.3297088719596253,416,False,False,True,False,False,False,1,6,False,True,underpowered,False
crypto,5m,short,mc_high_low_range_break,20,3.429658268290769,-0.4394576819444444,0.9880362938725128,-0.88955777165236,4,1.0,1.0,5.877974244141711,-0.5739166849629991,-10668.687293465213,0.0,-0.1598175909125506,0.5228396897266194,-0.8827361785757015,-0.7890730334690031,0.8543692969717211,49.5,-0.0103094521555322,0.5857843137254902,0.1044651921912312,0.1766861229633031,-0.0583489635893672,-0.695882396710678,-0.3388461319109715,-0.3388461319109769,0.3592540968896206,-5327.975827010576,6689.013890882079,3041.1760328932214,13592.540968896206,0.2,0.5749058259273777,0.4250941740726223,29.008574428863938,1.0,1.3933360176472431,416,False,False,True,False,False,False,1,6,False,True,underpowered,False
crypto,5m,short,mc_holt_winters_seasonal,20,3.429658268290769,-0.5645695472222223,0.7577274219541474,-1.4901652780790775,4,1.0,1.0,6.2463186353873645,-0.5368528297478752,-12701.57718774692,0.0,-0.17929437557797,0.5228396897266194,-0.8961315613432603,-0.7890730334690031,0.6600719385580294,15.0,-0.0401452010407998,0.3484848484848485,0.2657827055910061,0.2302435803682287,-0.1743596975715698,-0.7394585238978888,-0.325607984967847,-0.325607984967853,0.3592540968896206,-4859.478326246545,6689.013890882079,2605.414761021112,13592.540968896206,0.25,0.4535655258220505,0.5464344741779494,8.46125357605305,1.0,1.0685527597672753,416,False,False,True,False,False,False,1,6,False,True,underpowered,False
crypto,5m,long,mc_max_pain_pivot,20,3.429658268290769,0.1142667555555555,0.4129267361727086,0.5534480843486139,4,0.5604935417575332,1.0,4.210234101945964,-0.0283828072941199,1715.787600511478,4.0,0.5184866036883915,0.5228396897266194,-0.6494003520140841,-0.7890730334690031,1.6616908759237166,29.0,0.0314665985427653,0.6180371352785146,0.1208699254638008,0.1401135484203648,0.2245792708665127,0.8056520543051929,0.1878565332456595,0.3163527546295077,0.3592540968896206,9568.866844736063,6689.013890882079,18056.520543051927,13592.540968896206,0.65,0.5604935417575332,0.0,16.903580142457386,1.0,0.5823123074800661,416,True,False,True,False,True,True,4,6,False,True,underpowered,False
crypto,5m,short,mc_max_pain_pivot,20,3.429658268290769,-0.1300332388888888,0.9545268477133012,-0.2724559067152508,4,1.0,1.0,6.069724552058471,-0.6628502518862831,-6074.311465655635,0.0,0.1070319896989356,0.5228396897266194,-0.8702557151562934,-0.7890730334690031,1.1089581164693385,59.0,0.0074144025212334,0.6239041496201052,0.096765067633078,0.1667603286344096,0.0444614290577953,-0.5518219949912856,-0.2097084836608179,-0.2097084836608106,0.3592540968896206,-485.60255656431934,6689.013890882079,4481.780050087144,13592.540968896206,0.35,0.5604935417575332,0.4395064582424668,33.80716028491477,1.0,1.3460807512621955,416,False,False,True,False,False,False,1,6,False,True,underpowered,False
crypto,5m,long,mc_mean_abs_deviation_score,20,3.429658268290769,-0.1833496125,0.3269471762190475,-1.121585539415454,4,0.4860546063359723,1.0,4.548921104538431,-0.2455161356423129,-29.31686348432441,1.0,0.3651375359231367,0.5228396897266194,-0.6624414435462983,-0.7890730334690031,1.49643563390796,29.0,0.0211815101716041,0.5172413793103449,0.152887623954879,0.1088573830190839,0.1945803728157859,0.2304301048699457,0.0630196889528786,0.1119842505902806,0.3592540968896206,3581.217634816627,6689.013890882079,12304.301048699455,13592.540968896206,0.25,0.4860546063359723,0.0,16.91503574740677,1.0,0.4610633023495378,416,False,False,True,False,False,False,1,6,False,True,underpowered,False
crypto,5m,short,mc_mean_abs_deviation_score,20,3.429658268290769,-0.5468115180555555,0.8351225430797882,-1.309536001839943,4,1.0,1.0,6.269358444469953,-0.8243117808897281,-11505.279121021264,0.0,-0.0831370139874686,0.5228396897266194,-0.9177855600451286,-0.7890730334690031,0.9566340204227594,59.0,-0.0026438088900124,0.4434159061277705,0.125335492212419,0.1297519680711502,-0.0203758673514897,-0.7333821958197673,-0.3212017237712002,-0.3212017237711988,0.3592540968896206,-5137.944111524072,6689.013890882079,2666.1780418023272,13592.540968896206,0.25,0.4860546063359723,0.5139453936640277,33.83007149481354,1.0,1.1776959263931366,416,False,False,True,False,False,False,1,6,False,True,underpowered,False
crypto,5m,long,mc_rolling_window_mean_std_band,20,3.429658268290769,-0.0278561951818886,0.756294059267649,-0.0736649847781772,4,0.072925618119183,1.0,4.978126388608395,-0.7812337543137184,1210.2279271334382,5.0,0.4293310028564527,0.5228396897266194,-0.2654054457866062,-0.7890730334690031,2.424140883873723,8.0,0.0347262798956554,0.5982142857142857,0.0998268101679623,0.0629186984641877,0.5519230490030097,0.4412544007442386,0.1123915494221559,1.7455027347663004,0.3592540968896206,4158.722324558926,6689.013890882079,14412.544007442386,13592.540968896206,0.45,0.072925618119183,0.0,4.960661908284351,1.0,1.066531421209334,416,False,False,True,False,True,True,3,6,False,False,unrankable,False
crypto,5m,short,mc_rolling_window_mean_std_band,20,3.429658268290769,-0.5713626347222222,1.3937029066162494,-0.8199202742705403,4,1.0,1.0,1.4859031976684411,0.0217826440595488,-11825.950563350336,0.0,-0.2910892321036223,0.5228396897266194,-0.9404442265373928,-0.7890730334690031,0.7845178552175142,17.0,-0.0254683125465357,0.5313725490196078,0.1626165860530271,0.2363045237697913,-0.1077775073461862,-0.8202546970191376,-0.4395927733204042,-0.4395927733204,0.3592540968896206,-5798.191494352455,6689.013890882079,1797.4530298086252,13592.540968896206,0.25,0.072925618119183,0.9270743818808168,9.921323816568702,1.0,1.965410045897198,416,False,False,True,True,False,False,2,6,False,True,underpowered,False
crypto,5m,long,mc_linear_decay_envelope,20,3.429658268290769,-0.1174508388888889,0.4896985669939486,-0.4796862674517088,4,0.2872346118296691,1.0,4.745629648237486,-0.2516159625395502,1050.9524226684323,3.0,0.2163396445131776,0.5228396897266194,-0.5787019706241219,-0.7890730334690031,1.455096462295319,19.5,0.0147573515879751,0.6514423076923077,0.0925279398020142,0.1331233694371671,0.110854703050019,0.2346972844023894,0.0633413745869317,0.1868584453364913,0.3592540968896206,4361.244367024212,6689.013890882079,12346.972844023894,13592.540968896206,0.35,0.2872346118296691,0.0,12.306753572528802,1.0,0.690576505553904,416,False,False,True,False,True,True,3,6,False,True,underpowered,False
crypto,5m,short,mc_linear_decay_envelope,20,3.429658268290769,-0.6512276458333334,1.064155264043777,-1.2239335139097582,4,1.0,1.0,5.259548984726158,-0.0766225437338336,-12197.453608428335,0.0,-0.26804800029039,0.5228396897266194,-0.904658818245064,-0.7890730334690031,0.8377860211922734,40.0,-0.0130303553987872,0.6198313930148535,0.1125489899159995,0.1994634739242926,-0.0653270252564283,-0.7274422183184638,-0.3153914425107192,-0.315391442510729,0.3592540968896206,-3030.405594078341,6689.013890882079,2725.577816815361,13592.540968896206,0.15,0.2872346118296691,0.7127653881703309,24.613507145057604,1.0,1.500679546851165,416,False,False,True,False,False,False,1,6,False,True,underpowered,False
crypto,5m,long,mc_drawdown_based_reentry,20,3.429658268290769,-0.0034052694444444,0.0845662482814817,-0.080534953687667,4,0.9306191834262418,1.0,0.7861942744356769,-0.0046829535528138,-153.6692970771967,0.0,0.3381524398018594,0.5228396897266194,-0.7835101252079417,-0.7890730334690031,1.882972146872731,2.5,0.1606899204115959,0.5,0.2950641256385329,0.4034147082202526,0.3983243970466836,0.2104008710208735,0.0572540323578995,0.0602601080759014,0.3592540968896206,4374.297599884322,6689.013890882079,12104.008710208736,13592.540968896206,0.4,0.9306191834262418,0.0,0.8740789704271004,1.0,0.1192559426598264,416,False,False,True,False,False,False,1,6,False,True,underpowered,False
crypto,5m,short,mc_drawdown_based_reentry,20,3.429658268290769,-0.1615385333333333,0.3630434268315569,-0.8899130043099952,4,1.0,1.0,1.4511648152315382,-0.0799262070985311,-415.5396195117796,0.0,0.2597194258364316,0.5228396897266194,-0.8297301234053541,-0.7890730334690031,1.1469635879182811,4.0,0.0148612370098392,0.5357142857142857,0.3308162808580775,0.3791986498483557,0.0391911654110118,-0.295296442251517,-0.0970316069513144,-0.0970316069513292,0.3592540968896206,352.7585853476332,6689.013890882079,7047.03557748483,13592.540968896206,0.4,0.9306191834262418,0.0693808165737581,1.7481579408542007,1.0,0.5119664993194663,416,False,False,True,False,False,False,1,6,False,True,underpowered,False
crypto,5m,long,mc_price_percentile_score,20,3.429658268290769,0.129520175,0.5710831527481681,0.4535948027068304,4,0.5141796599069592,1.0,4.447613060785763,-0.2249018587457739,987.6078897401017,1.0,0.2872099088254414,0.5228396897266194,-0.6784640262025057,-0.7890730334690031,1.3464591905236878,30.5,0.0223084948065616,0.5425925925925925,0.1373774869164261,0.119332136138006,0.1869445694055305,0.0530279894634427,0.0147607643494123,0.0068903778846417,0.3592540968896206,9358.41930424483,6689.013890882079,10530.279894634426,13592.540968896206,0.35,0.5141796599069592,0.0,18.64429632874912,1.0,0.8053456444164147,416,True,False,True,False,True,False,3,6,False,True,underpowered,False
crypto,5m,short,mc_price_percentile_score,20,3.429658268290769,-0.0946471125,1.1292188288113163,-0.1676328982215631,4,1.0,1.0,6.282584177559138,-1.598935741208937,-5755.723628146293,0.0,0.0248661729889146,0.5228396897266194,-0.9141795312426996,-0.7890730334690031,1.0076804105866184,60.5,0.0001766398226729,0.554945054945055,0.1158633934686106,0.1393024158975592,0.0012680312938926,-0.6657539007551538,-0.2734769975224987,-0.2734769975225146,0.3592540968896206,5383.536906956275,6689.013890882079,3342.4609924484616,13592.540968896206,0.3,0.5141796599069592,0.4858203400930407,37.28859265749824,1.0,1.5924326623888765,416,False,False,True,False,False,False,1,6,False,True,underpowered,False
crypto,5m,long,mc_rolling_outlier_clip,20,3.429658268290769,-0.0123745661764705,0.5511507689771716,-0.0449044685157034,4,0.0728200894892535,1.0,4.921535322432052,-0.7897159750196381,1200.7294302261662,3.0,0.2712822953456867,0.5228396897266194,-0.2931312084187325,-0.7890730334690031,1.8890801817266132,8.5,0.022352802933852,0.6666666666666666,0.0728112295288622,0.0745016267312039,0.3000310719992627,0.3137029807725855,0.0828653933877701,0.8229236081056243,0.3592540968896206,4059.421537400151,6689.013890882079,13137.029807725856,13592.540968896206,0.45,0.0728200894892535,0.0,5.105938205805663,1.0,0.7772368508448292,416,False,False,True,False,True,True,3,6,False,False,unrankable,False
crypto,5m,short,mc_rolling_outlier_clip,20,3.429658268290769,-0.6563059763888888,1.239842933238149,-1.058692127517777,4,1.0,1.0,1.5643968580066323,-0.0049629265076431,-11912.088846118617,0.0,-0.2843958174103754,0.5228396897266194,-0.9326350692395587,-0.7890730334690031,0.7413576095114711,18.0,-0.0325779398054859,0.5694736842105264,0.1580748950487704,0.263343416187332,-0.1237089587320886,-0.8221798969415545,-0.4128666142424141,-0.412866614242411,0.3592540968896206,-6434.013035869541,6689.013890882079,1778.2010305844549,13592.540968896206,0.25,0.0728200894892535,0.9271799105107466,10.211876411611328,1.0,1.7484355846233954,416,False,False,True,False,False,False,1,6,False,True,underpowered,False
crypto,5m,long,mc_ehlers_super_smoother,20,3.429658268290769,0.3400379013888889,0.5225846097989059,1.3013697495597425,4,0.5327880883895297,1.0,4.531496492367779,0.1463863743772548,7254.518064394675,5.0,0.6382386309899151,0.5228396897266194,-0.6601887474834403,-0.7890730334690031,1.874972477330832,32.0,0.0355755165329693,0.6191683569979716,0.1232248228525933,0.1211679698595428,0.2936049566086502,1.267384527464815,0.2693092194354044,0.501417711814073,0.3592540968896206,16743.24259023416,6689.013890882079,22673.84527464815,13592.540968896206,0.7,0.5327880883895297,0.0,19.09163353799802,1.0,0.7369526439631964,416,True,False,True,True,True,True,5,6,False,True,underpowered,False
crypto,5m,short,mc_ehlers_super_smoother,20,3.429658268290769,0.1824517458333333,1.0580154145988625,0.3448943055380878,4,1.0,1.0,6.412294409141829,-0.3683233522663081,-865.8881635449441,0.25,0.516505250486254,0.5228396897266194,-0.8418168218647776,-0.7890730334690031,1.4539414284213212,64.0,0.0183276140477938,0.6184599156118143,0.1138881511598941,0.129597314909119,0.1414197050351406,0.6744809194702934,0.1607416632848776,0.1607416632848867,0.3592540968896206,13673.705906813188,6689.013890882079,16744.809194702935,13592.540968896206,0.45,0.5327880883895297,0.4672119116104702,38.18326707599604,1.0,1.4920210861978611,416,True,False,True,False,False,False,2,6,False,True,underpowered,False
crypto,5m,long,mc_kalman_filter_price,20,3.429658268290769,-0.1133446233918128,0.4450421390145401,-0.5093658036193726,4,0.5160016041813291,1.0,4.556201151795179,-0.2681244878238247,-2210.371189868248,0.0,0.217613029355073,0.5228396897266194,-0.6914023223428247,-0.7890730334690031,1.3542804203292969,8.0,0.0447972758079646,0.4142857142857142,0.2767884406525559,0.1838627891345249,0.243645144397262,0.1645250286483781,0.0453711498291522,0.0507605945213283,0.3592540968896206,4108.21998308103,6689.013890882079,11645.25028648378,13592.540968896206,0.3,0.5160016041813291,0.0,4.371017705933959,1.0,0.6276016837694641,416,False,False,True,False,False,False,1,6,False,True,underpowered,False
crypto,5m,short,mc_kalman_filter_price,20,3.429658268290769,-0.3479197375,0.8893488095196728,-0.7824145796920952,4,1.0,1.0,6.148072897562914,-1.2668639840391085,-7305.962124340059,0.0,-0.0625162420248273,0.5228396897266194,-0.8883417731098086,-0.7890730334690031,0.8157606611865519,15.5,-0.0216674002147498,0.41875,0.2419689223611136,0.24611381424491,-0.088038130981093,-0.6686193000875664,-0.2775563298906131,-0.2775563298906126,0.3592540968896206,-4135.894895646292,6689.013890882079,3313.8069991243365,13592.540968896206,0.3,0.5160016041813291,0.4839983958186709,8.742035411867917,1.0,1.2541662044606507,416,False,False,True,False,False,False,1,6,False,True,underpowered,False
crypto,5m,long,mc_tukey_lambda_reversion,20,3.429658268290769,-0.0857848555555555,0.5504392622320722,-0.3116959906082702,4,0.2713186288586839,1.0,4.920545912952503,-0.3225989710525125,1259.0965412848846,2.5,0.1250224829722983,0.5228396897266194,-0.4749028213318322,-0.7890730334690031,1.1645059719788862,23.0,0.0060357814922129,0.5603864734299517,0.1019819416097377,0.0915621127268471,0.0659200766830186,0.0895389546823215,0.0252447099334247,-0.0098378984612051,0.3592540968896206,6608.954884194902,6689.013890882079,10895.389546823217,13592.540968896206,0.4,0.2713186288586839,0.0,13.99981913137034,1.0,0.7762334788220663,416,False,False,True,False,True,False,2,6,False,True,underpowered,False
crypto,5m,long,mc_trough_count_reversion,20,3.429658268290769,-0.2309329402777778,0.321088789130663,-1.4384366449107169,4,0.4551724209744761,1.0,4.726005843939832,-0.2605105951221241,-1577.2322894188155,0.0,0.2006506644497803,0.5228396897266194,-0.6389933600518867,-0.7890730334690031,1.3174422713418257,31.0,0.0141005151731742,0.4480286738351254,0.1628421862866238,0.1043206864372589,0.1351650919365324,-0.0346673943141235,-0.0105259492933794,-0.0584846593985042,0.3592540968896206,5070.1384061637,6689.013890882079,9653.326056858765,13592.540968896206,0.35,0.4551724209744761,0.0,17.943741168272652,1.0,0.4528017619727437,416,False,False,True,False,False,False,1,6,False,True,underpowered,False
crypto,5m,short,mc_trough_count_reversion,20,3.429658268290769,-0.5421940305555556,0.6730625959409754,-1.611125128109492,4,1.0,1.0,6.645198600558219,-0.5717367163300273,-9867.150378178809,0.0,-0.1248765003006732,0.5228396897266194,-0.8877290837468959,-0.7890730334690031,0.9804569338110268,62.5,-0.0015099482209862,0.4615020137408196,0.1418439621989153,0.1221056811263039,-0.0123659129293451,-0.6598045486453732,-0.3075520468047728,-0.3075520468047578,0.3592540968896206,-1831.3364596221377,6689.013890882079,3401.954513546268,13592.540968896206,0.3,0.4551724209744761,0.5448275790255239,35.887482336545304,1.0,0.9491578020682708,416,False,False,True,False,False,False,1,6,False,True,underpowered,False
crypto,5m,short,mc_tukey_lambda_reversion,20,3.429658268290769,-0.5460913416666665,1.150873276351514,-0.9490034270286984,4,1.0,1.0,4.975812978819893,-0.1562384467152627,-11694.983823241106,0.0,-0.202765796968808,0.5228396897266194,-0.948087724821445,-0.7890730334690031,0.8836509410884259,47.0,-0.009205872411492,0.5291153415453527,0.1130586541637925,0.1428018074173896,-0.0644660776917522,-0.7882808392913201,-0.3824429956478367,-0.3824429956478239,0.3592540968896206,-1650.5380850718648,6689.013890882079,2117.1916070868,13592.540968896206,0.25,0.2713186288586839,0.7286813711413161,27.99963826274068,1.0,1.6229699228995746,416,False,False,True,False,False,False,1,6,False,True,underpowered,False
crypto,5m,long,mc_return_atr_blend,20,3.429658268290769,-0.1350972972222222,0.3865272192353913,-0.6990312221191817,4,0.5541180395076885,1.0,3.974867277747826,-0.3053565750256548,-1704.0829296826323,0.0,0.2091915450112712,0.5228396897266194,-0.7118311408935813,-0.7890730334690031,1.330843347438302,21.0,0.0168154614004964,0.6099033816425121,0.1124704255045234,0.1827499630122825,0.0920134872988528,0.0066637484226284,0.0019086084198837,-0.0168894166373831,0.3592540968896206,2026.4573220610648,6689.013890882079,10066.637484226285,13592.540968896206,0.3,0.5541180395076885,0.0,12.243033234190088,1.0,0.5450835153543401,416,False,False,True,False,False,False,1,6,False,True,underpowered,False
crypto,5m,short,mc_return_atr_blend,20,3.429658268290769,-0.4874452194444444,0.9409700495578096,-1.0360483198663115,4,1.0,1.0,5.810595134757669,-0.9434349134659198,-10917.533443810542,0.0,-0.2036715864207465,0.5228396897266194,-0.8697079465192918,-0.7890730334690031,0.8474152755621356,43.0,-0.0122029770310847,0.6074317492416583,0.1037818317875513,0.1936398499758742,-0.0630189345457826,-0.7413680518087545,-0.3295893406856045,-0.3295893406855876,0.3592540968896206,-5465.736726716453,6689.013890882079,2586.319481912454,13592.540968896206,0.2,0.5541180395076885,0.4458819604923115,24.486066468380177,1.0,1.3269628552181287,416,False,False,True,False,False,False,1,6,False,True,underpowered,False
crypto,5m,long,mc_dema_projection,20,3.429658268290769,0.2837627944444444,0.6343175148456828,0.8947026932197465,4,0.4816866857919067,1.0,4.598117561928024,0.053015961521137,4836.994536869164,5.0,0.4892729118751592,0.5228396897266194,-0.5712600137719864,-0.7890730334690031,1.6012679727890378,35.0,0.0238507074899071,0.5651260504201681,0.1286048709492283,0.1003306174261095,0.2377211274262564,0.6792947353655742,0.1611647688267633,0.3048535596067738,0.3592540968896206,13329.242681997712,6689.013890882079,16792.94735365574,13592.540968896206,0.6,0.4816866857919067,0.0,20.256367968265813,1.0,0.894519204952424,416,True,False,True,True,True,True,5,6,False,True,underpowered,False
crypto,5m,short,mc_dema_projection,20,3.429658268290769,0.1275200708333333,1.1934209374579057,0.2137051007416756,4,1.0,1.0,6.387050282278082,-0.8035671919647066,-2199.232357426157,0.0,0.2713942167036903,0.5228396897266194,-0.8431241819127793,-0.7890730334690031,1.2169630904699114,69.5,0.0116874813999724,0.5335480407944176,0.1150824096837784,0.1171359021211305,0.0997771066627071,-0.2688723305411356,-0.0894800694605768,-0.0894800694605733,0.3592540968896206,10051.041930527226,6689.013890882079,7311.276694588644,13592.540968896206,0.4,0.4816866857919067,0.5183133142080932,40.51273593653163,1.0,1.6829709461958235,416,True,False,True,False,False,False,2,6,False,True,underpowered,False
crypto,5m,long,mc_round_number_magnet,20,3.429658268290769,-0.1282311106907894,0.2011534575702981,-1.274958056795776,4,0.4153405062512459,1.0,4.796657750460794,-0.2178451771151158,-4513.9149004201845,0.0,0.2534607174819809,0.5228396897266194,-0.6292506975416672,-0.7890730334690031,1.5411915861890706,6.0,0.0406335937157442,0.5,0.2511005388551527,0.2007795935231345,0.202379101395393,0.2036059445040481,0.0552438739480393,0.0793082997878233,0.3592540968896206,3879.328581369079,6689.013890882079,12036.05944504048,13592.540968896206,0.4,0.4153405062512459,0.0,3.510826338696302,1.0,0.2836680790423849,416,False,False,True,False,False,False,1,6,False,True,underpowered,False
crypto,5m,short,mc_round_number_magnet,20,3.429658268290769,-0.5041296430555555,0.7484526338031532,-1.3471250424863737,4,1.0,1.0,5.866218062809345,-0.3873569189760525,-13011.7157137378,0.0,-0.0582750927920518,0.5228396897266194,-0.934795622123382,-0.7890730334690031,0.9406582630659146,13.0,-0.0086350761269418,0.4721362229102167,0.2430440062830954,0.2652752698087833,-0.032551380055767,-0.7089640035138725,-0.3022222996145674,-0.3022222996145646,0.3592540968896206,-3300.7856271116952,6689.013890882079,2910.359964861276,13592.540968896206,0.3,0.4153405062512459,0.584659493748754,7.021652677392604,1.0,1.0554733855914764,416,False,False,True,False,False,False,1,6,False,True,underpowered,False
crypto,5m,long,mc_extreme_return_bounce,20,3.429658268290769,-0.1668635280032467,0.5876178609844956,-0.5679321173923592,4,0.0242933573100821,1.0,5.2603923854119845,-3.4772371830778828,1935.88178522812,10.0,0.2668694264394305,0.5228396897266194,-0.14772040852772,-0.7890730334690031,1.5070887743280732,3.0,0.0315008010002922,0.5,0.0770916954520714,0.0554802461150905,0.5677840890421729,0.1930742759807056,0.052777397240961,1.0630067000122825,0.3592540968896206,3582.8959742367056,6689.013890882079,11930.742759807055,13592.540968896206,0.35,0.0242933573100821,0.0,1.7491903378165468,1.0,0.8286630110656364,416,False,False,True,False,True,True,3,6,False,False,unrankable,False
crypto,5m,short,mc_extreme_return_bounce,20,3.429658268290769,-0.7324176541666668,1.2716730088831671,-1.1518962013826253,4,1.0,1.0,0.5108007958698109,0.0,-11423.743367913825,0.0,-0.3502887868346434,0.5228396897266194,-0.9258740867938138,-0.7890730334690031,0.2024678745966046,7.0,-0.1626149672092822,0.4285714285714285,0.1120064593133096,0.3795558415904083,-0.4284348951866894,-0.8433024701896739,-0.425556950444554,-0.4255569504445494,0.3592540968896206,-7614.52955150563,6689.013890882079,1566.975298103261,13592.540968896206,0.2,0.0242933573100821,0.975706642689918,3.498380675633093,1.0,1.7933225904102112,416,False,False,True,True,False,False,2,6,False,True,underpowered,False
crypto,5m,long,mc_simple_channel_reversion,20,3.429658268290769,0.033745294117647,0.7319094179517286,0.0922116679741171,4,0.0890746520503263,1.0,5.061914622892473,-0.3311479642220438,1421.8109227501127,5.0,0.3220433959508849,0.5228396897266194,-0.2801809057200085,-0.7890730334690031,1.9864766792277144,10.0,0.0247755376498624,0.6190476190476191,0.0803787107208762,0.0645982288050916,0.3835327702964762,0.3540768547349642,0.096508307112307,0.8352486699345756,0.3592540968896206,5932.568672548254,6689.013890882079,13540.768547349642,13592.540968896206,0.6,0.0890746520503263,0.0,6.128400968232947,1.0,1.032144021441138,416,False,False,True,False,True,True,3,6,False,False,unrankable,False
crypto,5m,short,mc_simple_channel_reversion,20,3.429658268290769,-0.5378102819444444,1.3872315261979469,-0.7753720583592087,4,1.0,1.0,2.148219796714697,0.0761535419683255,-12034.88304220915,0.0,-0.1739219250828164,0.5228396897266194,-0.9168410712744834,-0.7890730334690031,0.9636383391183476,21.0,-0.0024348214010795,0.6,0.1585149960454187,0.231557027653535,-0.0105149967839568,-0.6395110212762581,-0.2917193190824708,-0.291719319082473,0.3592540968896206,-5489.784955977367,6689.013890882079,3604.889787237419,13592.540968896206,0.3,0.0890746520503263,0.9109253479496736,12.256801936465894,1.0,1.9562840578372072,416,False,False,True,True,False,False,2,6,False,True,underpowered,False
crypto,5m,long,mc_run_length_reversion,20,3.429658268290769,-0.3011892180555555,0.1342771979775537,-4.486081368869546,4,0.4543511067285041,1.0,4.63715303390434,-0.3277675971210908,-1024.8791360897235,0.0,0.2417355819451891,0.5228396897266194,-0.7226435489867393,-0.7890730334690031,1.3339720768745231,30.5,0.0178946644104635,0.4264705882352941,0.1838881201677772,0.1098256926801007,0.1629369592285381,-0.0069616782807956,-0.0020749866440435,-0.0302704080414995,0.3592540968896206,5016.999925777532,6689.013890882079,9930.383217192044,13592.540968896206,0.35,0.4543511067285041,0.0,17.364072845758237,1.0,0.1893586879866337,416,False,False,True,False,False,False,1,6,False,True,underpowered,False
crypto,5m,short,mc_run_length_reversion,20,3.429658268290769,-0.62845875,0.6009125083147102,-2.0916813722601466,4,1.0,1.0,6.198894580341574,-0.7030713789786964,-9871.705466391491,0.0,-0.1627892359702134,0.5228396897266194,-0.9144860440582588,-0.7890730334690031,0.9308501506004156,60.5,-0.0037685907628623,0.4462594696969697,0.155147262672874,0.126056174110874,-0.0298961220221365,-0.7334922046742938,-0.3213992501552803,-0.3213992501552841,0.3592540968896206,-1230.4996620391971,6689.013890882079,2665.0779532570627,13592.540968896206,0.2,0.4543511067285041,0.5456488932714958,34.728145691516474,1.0,0.8474112200959981,416,False,False,True,False,False,False,1,6,False,True,underpowered,False
crypto,5m,long,mc_recursive_least_squares,20,3.429658268290769,0.0206878638888889,0.4489962400470723,0.0921516130590315,4,0.4986100451127662,1.0,4.496614456055977,-0.1477293747060962,-38.55471864548167,1.75,0.3958076072982669,0.5228396897266194,-0.6607096673906799,-0.7890730334690031,1.4341297944881983,31.0,0.0242076219286697,0.5322916666666666,0.1240156808007745,0.1071682152255645,0.2258843433915387,0.4023834640700131,0.1026974890229052,0.1986732156346459,0.3592540968896206,7205.841859399174,6689.013890882079,14023.834640700132,13592.540968896206,0.5,0.4986100451127662,0.0,18.562419947079302,1.0,0.6331777860039779,416,False,False,True,False,False,False,1,6,False,True,underpowered,False
crypto,5m,short,mc_recursive_least_squares,20,3.429658268290769,-0.2241730694444444,0.9646079216073008,-0.4647962439929184,4,1.0,1.0,6.269562495485632,-1.8485087638345847,-6804.277393556151,0.0,0.0059712116412611,0.5228396897266194,-0.8680988016228148,-0.7890730334690031,1.028519665613391,62.5,0.0017873194184062,0.5260416666666667,0.1129392833992896,0.1402865658692378,0.0127404887797468,-0.685184847781658,-0.2961950636711004,-0.2961950636711001,0.3592540968896206,-872.5423717537539,6689.013890882079,3148.1515221834206,13592.540968896206,0.25,0.4986100451127662,0.5013899548872338,37.12483989415861,1.0,1.3602971554977323,416,False,False,True,False,False,False,1,6,False,True,underpowered,False
crypto,5m,long,mc_composite_range_momentum,20,3.429658268290769,0.0,0.0,,4,1.0,1.0,0.0,0.0,0.0,0.0,0.5228396897266194,0.5228396897266194,-0.7890730334690031,-0.7890730334690031,0.0,1.0,0.3592540968896575,1.0,0.3592540968896575,0.0,,0.3592540968896206,0.0934274360108957,0.0934274360109063,0.3592540968896206,6689.013890882079,6689.013890882079,13592.540968896206,13592.540968896206,0.0,1.0,0.0,0.0,1.0,0.0,416,False,False,True,True,True,False,3,6,False,True,underpowered,False
crypto,5m,short,mc_composite_range_momentum,20,3.429658268290769,0.0,0.0,,4,1.0,1.0,0.0,0.0,0.0,0.0,0.5228396897266194,0.5228396897266194,-0.7890730334690031,-0.7890730334690031,0.0,1.0,0.3592540968896575,1.0,0.3592540968896575,0.0,,0.3592540968896206,0.0934274360108957,0.0934274360109063,0.3592540968896206,6689.013890882079,6689.013890882079,13592.540968896206,13592.540968896206,0.0,1.0,0.0,0.0,1.0,0.0,416,False,False,True,True,True,False,3,6,False,True,underpowered,False
crypto,5m,long,mc_rolling_window_l_infinity_norm,20,3.429658268290769,-0.0210640402777777,0.0276186699419708,-1.5253479129903846,4,0.9919073312577118,1.0,0.0486226015375886,0.0,0.0,0.0,0.5498753969426924,0.5228396897266194,-0.7906185093528872,-0.7890730334690031,0.8404814597896739,2.0,0.3968154449887742,0.5,0.5677315560588476,0.3564185904249666,1.1133410423840169,0.4288310878746041,0.1095702042915421,0.110049861699406,0.3592540968896206,6236.87338820194,6689.013890882079,14288.31087874604,13592.540968896206,0.2,0.9919073312577118,0.0,0.5826679564952886,1.0,0.0389480506215338,416,False,False,True,True,True,False,3,6,False,True,underpowered,False
crypto,5m,short,mc_rolling_window_l_infinity_norm,20,3.429658268290769,-0.0457563583333333,0.0517165399281318,-1.769505786617546,4,1.0,1.0,0.090600166030744,0.0,0.0,0.0,0.5062558305489013,0.5228396897266194,-0.7996945513651037,-0.7890730334690031,0.882107005623564,3.0,0.2534194329141513,0.6,0.4797113736082872,0.2559886392937715,0.9899635921863243,0.41920655561573,0.1073990154235264,0.1073990154235235,0.3592540968896206,5684.774605875373,6689.013890882079,14192.0655561573,13592.540968896206,0.2,0.9919073312577118,0.0080926687422882,1.1653359129905771,1.0,0.0729310433602914,416,False,False,True,True,True,False,3,6,False,True,underpowered,False
crypto,5m,long,mc_recursive_midpoint,20,3.429658268290769,-0.0691937777777778,0.3344742083580585,-0.4137465672911022,4,0.5739477759689902,1.0,3.840138581168972,-0.1771852081830744,-973.800182679398,0.0,0.2335490036975617,0.5228396897266194,-0.6950491167512595,-0.7890730334690031,1.2523384058720506,21.0,0.0148525466025831,0.6357894736842105,0.1132062300716772,0.1582366487826562,0.0938628738465236,0.020684828509097,0.0059724104425461,-0.0083795337750424,0.3592540968896206,3590.190463875981,6689.013890882079,10206.848285090971,13592.540968896206,0.4,0.5739477759689902,0.0,12.385628110995832,1.0,0.4716779781972912,416,False,False,True,False,False,False,1,6,False,True,underpowered,False
crypto,5m,short,mc_recursive_midpoint,20,3.429658268290769,-0.4463162263888889,0.8868141979156543,-1.006560849923015,4,1.0,1.0,5.795275736165443,-0.6049737564678266,-11731.861592009069,0.0,-0.1232298246573216,0.5228396897266194,-0.9111921402082565,-0.7890730334690031,0.8473334271155364,42.5,-0.0105145780983486,0.6464285714285715,0.0915145312099739,0.2043570094459676,-0.0514520061085975,-0.7019076582967655,-0.3370031447143961,-0.3370031447143931,0.3592540968896206,-5211.095449765015,6689.013890882079,2980.923417032345,13592.540968896206,0.25,0.5739477759689902,0.4260522240310097,24.771256221991663,1.0,1.2505918766140651,416,False,False,True,False,False,False,1,6,False,True,underpowered,False
crypto,5m,long,mc_down_day_reversion,20,3.429658268290769,0.0,0.0,,4,1.0,1.0,0.0,0.0,0.0,0.0,0.5228396897266194,0.5228396897266194,-0.7890730334690031,-0.7890730334690031,0.0,1.0,0.3592540968896575,1.0,0.3592540968896575,0.0,,0.3592540968896206,0.0934274360108957,0.0934274360109063,0.3592540968896206,6689.013890882079,6689.013890882079,13592.540968896206,13592.540968896206,0.0,1.0,0.0,0.0,1.0,0.0,416,False,False,True,True,True,False,3,6,False,True,underpowered,False
crypto,5m,short,mc_down_day_reversion,20,3.429658268290769,0.0,0.0,,4,1.0,1.0,0.0,0.0,0.0,0.0,0.5228396897266194,0.5228396897266194,-0.7890730334690031,-0.7890730334690031,0.0,1.0,0.3592540968896575,1.0,0.3592540968896575,0.0,,0.3592540968896206,0.0934274360108957,0.0934274360109063,0.3592540968896206,6689.013890882079,6689.013890882079,13592.540968896206,13592.540968896206,0.0,1.0,0.0,0.0,1.0,0.0,416,False,False,True,True,True,False,3,6,False,True,underpowered,False
crypto,5m,long,mc_rolling_window_z_score_mean,20,3.429658268290769,-0.1177569263888888,0.2419791037775564,-0.9732817797121772,4,0.5580561508367239,1.0,3.9847305381742686,-0.0826418325434095,-354.3788385920168,0.0,0.1923014280432239,0.5228396897266194,-0.7291318537261331,-0.7890730334690031,1.1828578413722977,18.0,0.0133449204236573,0.6180555555555556,0.1128559101554642,0.179343088661572,0.0744100066707322,-0.0891743183933704,-0.028483128949597,-0.0671731468820417,0.3592540968896206,3646.945798411936,6689.013890882079,9108.256816066296,13592.540968896206,0.4,0.5580561508367239,0.0,10.356249585502082,1.0,0.3412407043164482,416,False,False,True,False,False,False,1,6,False,True,underpowered,False
crypto,5m,short,mc_rolling_window_z_score_mean,20,3.429658268290769,-0.4975043847222223,0.7658717900265817,-1.29918451417294,4,1.0,1.0,5.90369764422063,-0.9320270642878816,-11746.76017425155,0.0,-0.1776223140104212,0.5228396897266194,-0.8923680227354227,-0.7890730334690031,0.8360241209137416,36.0,-0.0106655650018464,0.6213235294117647,0.1048737277567804,0.2196670763739417,-0.0485533161268571,-0.6867745044677364,-0.3029643752365491,-0.3029643752365725,0.3592540968896206,-5146.917737842185,6689.013890882079,3132.2549553226363,13592.540968896206,0.2,0.5580561508367239,0.4419438491632761,20.712499171004165,1.0,1.080038007269492,416,False,False,True,False,False,False,1,6,False,True,underpowered,False
crypto,5m,long,mc_kth_order_moment,20,3.429658268290769,-0.2129301944444444,0.415370117175823,-1.0252552393137744,4,0.5510331787230637,1.0,3.78091510939762,-0.286237452493993,-1357.28481693072,0.0,-0.1018239741960193,0.5228396897266194,-0.7682673307945801,-0.7890730334690031,0.8769578758676801,28.5,-0.0087850508479452,0.4508928571428571,0.1603371410211038,0.1266476089751905,-0.0693661010976228,-0.4860969654560245,-0.1765073347778079,-0.3308214218269276,0.3592540968896206,3298.405705722631,6689.013890882079,5139.0303454397545,13592.540968896206,0.2,0.5510331787230637,0.0,16.201813911065294,1.0,0.585757981265116,416,False,False,True,False,False,False,1,6,False,True,underpowered,False
crypto,5m,short,mc_kth_order_moment,20,3.429658268290769,-0.4629887527777778,0.8482815965722175,-1.09159211905256,4,1.0,1.0,5.448589899568173,-0.7632975995558617,-11368.525764526115,0.0,-0.2439013825028514,0.5228396897266194,-0.9375646786489786,-0.7890730334690031,0.7655148142748659,56.5,-0.0164261924628317,0.4601449275362319,0.113756762867275,0.1402145385642707,-0.1171504227095708,-0.8605645790180897,-0.4377951118161369,-0.4377951118161411,0.3592540968896206,-4352.51668408397,6689.013890882079,1394.354209819103,13592.540968896206,0.15,0.5510331787230637,0.4489668212769363,32.40362782213059,1.0,1.1962529200004122,416,False,False,True,False,False,False,1,6,False,True,underpowered,False
crypto,5m,long,mc_fractal_adaptive_ma,20,3.429658268290769,-0.2354461986111111,0.1553907795479596,-3.030375409609721,4,0.5103284410353636,1.0,4.345477572497362,-0.2179636676659951,-770.6924662757049,0.5,0.1100532589885866,0.5228396897266194,-0.7347664170929922,-0.7890730334690031,1.1447478210873294,30.0,0.0101091460769216,0.4530791788856305,0.1427248391683316,0.1174009676003808,0.0861078599567593,-0.114511031466525,-0.0350917402149049,-0.1035571846640039,0.3592540968896206,7360.848794200399,6689.013890882079,8854.889685334749,13592.540968896206,0.25,0.5103284410353636,0.0,17.480038694858656,1.0,0.2191332153456211,416,False,False,True,False,False,False,1,6,False,True,underpowered,False
crypto,5m,short,mc_fractal_adaptive_ma,20,3.429658268290769,-0.5438683319444444,0.5872966757693588,-1.852107646384944,4,1.0,1.0,6.213025726055436,-0.8805914189359436,-8025.94773022958,0.0,-0.4172201045802242,0.5228396897266194,-0.9477683740260616,-0.7890730334690031,0.7858904356692291,60.0,-0.0145595546207537,0.4495192307692308,0.1267947378807504,0.1346828228258544,-0.1081025353884904,-0.8373894452937976,-0.4181827264925009,-0.4181827264924928,0.3592540968896206,3897.760071054992,6689.013890882079,1626.1055470620236,13592.540968896206,0.1,0.5103284410353636,0.4896715589646364,34.96007738971731,1.0,0.8282100733230037,416,False,False,True,False,False,False,1,6,False,True,underpowered,False
crypto,5m,short,mc_current_run_reversion,20,3.429658268290769,-0.8246455541666667,1.2424203280726012,-1.3274823914801213,4,1.0,1.0,0.0,0.0,-12377.30394164816,0.0,-0.567182380475454,0.5228396897266194,-0.9565576725425158,-0.7890730334690031,0.0,1.0,-0.8885363814204429,0.0,0.0,0.8885363814204429,-1.0,-0.888536381420463,-0.492449794433827,-0.4924497944338225,0.3592540968896206,-7963.8537871796,6689.013890882079,1114.6361857953696,13592.540968896206,0.15,0.0,1.0,0.0,1.0,1.7520702456948671,416,False,False,True,True,False,False,2,6,False,True,underpowered,False
crypto,5m,long,mc_current_run_reversion,20,3.429658268290769,,,,0,0.0,0.0,,,-1962.3367154778443,0.0,,0.5228396897266194,0.0,-0.7890730334690031,,0.0,,,,,,0.162986260512214,0.0450087067035186,,0.3592540968896206,1571.153911692517,6689.013890882079,11629.86260512214,13592.540968896206,0.0,0.0,0.0,0.0,1.0,,416,False,False,False,False,False,False,0,6,False,False,unrankable,False
crypto,5m,long,mc_pivot_point_trend,20,3.429658268290769,-0.0638495333333333,0.3491093845863762,-0.3657852590183565,4,0.4885641772032004,1.0,4.627773636960597,-0.1832568109881472,-1321.5032687261082,0.25,0.3741257397270179,0.5228396897266194,-0.6312104823909117,-0.7890730334690031,1.401519259102063,31.5,0.0220265624035443,0.5227703984819734,0.1513792875252095,0.1045749800953667,0.2106293721830719,0.3066257400312657,0.0810890156097858,0.1454250086418314,0.3592540968896206,5034.850590481619,6689.013890882079,13066.257400312656,13592.540968896206,0.4,0.4885641772032004,0.0,18.506206752587534,1.0,0.4923166108973173,416,False,False,True,False,False,False,1,6,False,True,underpowered,False
crypto,5m,short,mc_pivot_point_trend,20,3.429658268290769,-0.3307409208333333,0.8869372025551371,-0.7458045955914732,4,1.0,1.0,6.444953256800927,-1.0054901807494847,-10882.885458725068,0.0,0.0202482122341522,0.5228396897266194,-0.8623692021084448,-0.7890730334690031,1.0425019889891425,63.0,0.0018277551082726,0.4794871794871795,0.1321814830261908,0.1162538094087059,0.0157221093878044,-0.4264337609450307,-0.1501970131319007,-0.1501970131319102,0.3592540968896206,976.5353744213973,6689.013890882079,5735.662390549693,13592.540968896206,0.35,0.4885641772032004,0.5114358227967996,37.01241350517508,1.0,1.2507653386575064,416,False,False,True,False,False,False,1,6,False,True,underpowered,False
crypto,5m,long,mc_rolling_min_max_weighted,20,3.429658268290769,0.1450958125,0.5007488424028563,0.5795153187124867,4,0.539272184078891,1.0,4.185221174549914,-0.0034616830869384,1513.2295954207991,4.0,0.4803861980676028,0.5228396897266194,-0.6628714490722714,-0.7890730334690031,1.597255420361661,33.5,0.0262081297445614,0.6142857142857143,0.1263309446360848,0.1153538091575391,0.2271977833759168,0.6760748811748636,0.1622138086112983,0.3067703262147989,0.3592540968896206,9443.814431894169,6689.013890882079,16760.748811748635,13592.540968896206,0.6,0.539272184078891,0.0,19.578996457036283,1.0,0.7061596848638529,416,True,False,True,False,True,True,4,6,False,True,underpowered,False
crypto,5m,short,mc_rolling_min_max_weighted,20,3.429658268290769,-0.084942236111111,1.0464278655880683,-0.1623470454188937,4,1.0,1.0,6.000515241057451,-0.5971619392583389,-3520.583853499728,0.0,0.2183387481896095,0.5228396897266194,-0.875330475411066,-0.7890730334690031,1.167734434448764,68.0,0.0075620201918258,0.6028169014084507,0.1000817142488903,0.1381226430416021,0.0547485917247338,-0.4031027854613743,-0.1408061005755717,-0.1408061005755833,0.3592540968896206,481.3113838503864,6689.013890882079,5968.972145386257,13592.540968896206,0.3,0.539272184078891,0.4607278159211089,39.157992914072565,1.0,1.4756802397197306,416,False,False,True,False,False,False,1,6,False,True,underpowered,False
crypto,5m,long,mc_liquidity_weighted_price,20,3.429658268290769,0.1142667555555555,0.4129267361727086,0.5534480843486139,4,0.5604935417575332,1.0,4.210234101945964,-0.0283828072941199,1715.787600511478,4.0,0.5184866036883915,0.5228396897266194,-0.6494003520140841,-0.7890730334690031,1.6616908759237166,29.0,0.0314665985427653,0.6180371352785146,0.1208699254638008,0.1401135484203648,0.2245792708665127,0.8056520543051929,0.1878565332456595,0.3163527546295077,0.3592540968896206,9568.866844736063,6689.013890882079,18056.520543051927,13592.540968896206,0.65,0.5604935417575332,0.0,16.903580142457386,1.0,0.5823123074800661,416,True,False,True,False,True,True,4,6,False,True,underpowered,False
crypto,5m,short,mc_liquidity_weighted_price,20,3.429658268290769,-0.1300332388888888,0.9545268477133012,-0.2724559067152508,4,1.0,1.0,6.069724552058471,-0.6628502518862831,-6074.311465655635,0.0,0.1070319896989356,0.5228396897266194,-0.8702557151562934,-0.7890730334690031,1.1089581164693385,59.0,0.0074144025212334,0.6239041496201052,0.096765067633078,0.1667603286344096,0.0444614290577953,-0.5518219949912856,-0.2097084836608179,-0.2097084836608106,0.3592540968896206,-485.60255656431934,6689.013890882079,4481.780050087144,13592.540968896206,0.35,0.5604935417575332,0.4395064582424668,33.80716028491477,1.0,1.3460807512621955,416,False,False,True,False,False,False,1,6,False,True,underpowered,False
crypto,5m,long,mc_local_convexity_reversion,20,3.429658268290769,-0.2942135041666666,0.5580446620365963,-1.05444429158386,4,0.2598039061628937,1.0,4.701925994237774,-0.4053624726953857,-1055.9334252736307,0.0,-0.0106363311369823,0.5228396897266194,-0.5771365082199567,-0.7890730334690031,0.9887990939295638,20.5,-0.000537937303108,0.5358851674641147,0.1163757004782948,0.1108421733568419,-0.0048531825641509,-0.1276087281095223,-0.0390805013454703,-0.2338328438107789,0.3592540968896206,524.6618714284793,6689.013890882079,8723.912718904776,13592.540968896206,0.15,0.2598039061628937,0.0,12.563303564945407,1.0,0.7869586693256634,416,False,False,True,False,False,False,1,6,False,True,underpowered,False
crypto,5m,short,mc_local_convexity_reversion,20,3.429658268290769,-0.7457018194444445,1.1769523380751137,-1.2671742012323586,4,1.0,1.0,4.662355525490839,-0.2561867255991658,-11986.68269915197,0.0,-0.3631300418487673,0.5228396897266194,-0.9485057786533584,-0.7890730334690031,0.7177058782671663,42.0,-0.0221347374606968,0.5166835187057635,0.123632103904456,0.1603417478789242,-0.1380472506599533,-0.8637071392840803,-0.448882164663169,-0.4488821646631776,0.3592540968896206,-8276.648361630228,6689.013890882079,1362.9286071591982,13592.540968896206,0.15,0.2598039061628937,0.7401960938371063,25.126607129890814,1.0,1.6597468067360155,416,False,False,True,False,False,False,1,6,False,True,underpowered,False
crypto,5m,long,mc_recursive_envelope,20,3.429658268290769,0.0968627683823529,0.292861556955789,0.6614918624978529,4,0.5931479191852986,1.0,4.276560374227292,-0.0147551995549185,2748.8735972509057,20.0,0.4761134482342732,0.5228396897266194,-0.6653231370558509,-0.7890730334690031,3.2046872999386986,4.0,0.1322504232211391,0.775,0.2880312794297703,0.3840581902785911,0.3443499619815589,0.5350895065765607,0.1331131215847151,0.3312956454695399,0.3592540968896206,8467.195756664889,6689.013890882079,15350.895065765608,13592.540968896206,0.55,0.5931479191852986,0.0,2.056357521301492,1.0,0.4129955124334755,416,False,False,True,False,True,True,3,6,False,True,underpowered,False
crypto,5m,short,mc_recursive_envelope,20,3.429658268290769,-0.3718452375,0.7394083251234457,-1.0057913195335466,4,1.0,1.0,5.4443901981929,-0.3124453802885833,-3732.955090709095,0.0,0.0508340241509501,0.5228396897266194,-0.8645231332183383,-0.7890730334690031,0.9611990728572696,7.5,-0.0076703472911763,0.6125,0.2694963949901042,0.4175572029063637,-0.0183695724508826,-0.6430219547147143,-0.2625716065215342,-0.2625716065215479,0.3592540968896206,-3385.590301403132,6689.013890882079,3569.780452852856,13592.540968896206,0.35,0.5931479191852986,0.4068520808147012,4.112715042602984,1.0,1.042719035254036,416,False,False,True,False,False,False,1,6,False,True,underpowered,False
crypto,5m,long,mc_rolling_window_weighted_midpoints,20,3.429658268290769,0.1499341291666667,0.4180881805241437,0.7172368708376262,4,0.5647487006656382,1.0,4.301565174285148,-0.0118918980961001,1966.796004466312,2.0,0.5589758371484027,0.5228396897266194,-0.7180873275118342,-0.7890730334690031,1.6542808857867597,32.5,0.0291459132550087,0.5905103668261563,0.1315986685600897,0.1220511546564233,0.238800799034267,0.9903123324484904,0.2151583226033989,0.3966984903463325,0.3592540968896206,9642.778797945768,6689.013890882079,19903.123324484903,13592.540968896206,0.65,0.5647487006656382,0.0,18.81809009563944,1.0,0.5895910141050521,416,True,False,True,False,True,False,3,6,False,True,underpowered,False
crypto,5m,short,mc_rolling_window_weighted_midpoints,20,3.429658268290769,-0.0656129361111112,0.8967413389762826,-0.1463363698299328,4,1.0,1.0,6.173861214843802,-0.6213892228091062,-3987.247605078601,0.0,0.3116341220620059,0.5228396897266194,-0.8509151204240133,-0.7890730334690031,1.2888772139297875,65.5,0.0134544160871862,0.5971479500891266,0.1035576022180801,0.136886224903671,0.0982890433033294,-0.2414497375880325,-0.077403655820321,-0.0774036558203284,0.3592540968896206,1235.834576147957,6689.013890882079,7585.502624119674,13592.540968896206,0.4,0.5647487006656382,0.4352512993343617,37.63618019127888,1.0,1.2645912036406322,416,False,False,True,False,False,False,1,6,False,True,underpowered,False
crypto,5m,long,mc_ehlers_homodyne_filter,20,3.429658268290769,0.1273562694444444,0.371792297598021,0.6850936410852765,4,0.5445390879543407,1.0,4.3310452128251455,0.007604648011597,2427.8396263516333,5.0,0.5827930671794856,0.5228396897266194,-0.6441887704040846,-0.7890730334690031,1.7999453758451265,30.5,0.030945529580232,0.6064516129032258,0.1185209061399665,0.1214877459540953,0.2547214069798028,1.050847792036541,0.2328480206558274,0.4663944730057143,0.3592540968896206,10128.545292565312,6689.013890882079,20508.47792036541,13592.540968896206,0.65,0.5445390879543407,0.0,17.91767306035795,1.0,0.5243042209479679,416,True,False,True,True,True,True,5,6,False,True,underpowered,False
crypto,5m,short,mc_ehlers_homodyne_filter,20,3.429658268290769,-0.1097088999999999,0.9192653885649752,-0.2386881990004251,4,1.0,1.0,6.247671478901677,-0.7928332342201718,-3897.242577537806,0.0,0.217214439316804,0.5228396897266194,-0.8161878652867369,-0.7890730334690031,1.2236646693243955,62.0,0.010271910712235,0.6180371352785146,0.1007972258818228,0.1486716153216904,0.0690912699778574,-0.454742033858667,-0.1621921756062966,-0.1621921756062904,0.3592540968896206,-114.22555168399064,6689.013890882079,5452.5796614133305,13592.540968896206,0.35,0.5445390879543407,0.4554609120456593,35.8353461207159,1.0,1.296354783328776,416,False,False,True,False,False,False,1,6,False,True,underpowered,False
crypto,5m,long,macd_cross,20,3.429658268290769,0.0277324180555555,0.2235468695009994,0.2481127838422407,4,0.5241211814535767,1.0,4.528137190318789,-0.0315720444549573,3485.892427929421,5.0,0.5333935913277981,0.5228396897266194,-0.7216492272549289,-0.7890730334690031,1.7866240043204809,33.5,0.034890337145963,0.3700189753320683,0.2517625799048555,0.0855261571856868,0.4079493139182225,0.751558925847809,0.1766672298785694,0.3653389292679651,0.3592540968896206,10237.004889568934,6689.013890882079,17515.58925847809,13592.540968896206,0.7,0.5241211814535767,0.0,19.23638123527234,1.0,0.3152474325484855,416,False,False,True,False,True,True,3,6,False,True,underpowered,False
crypto,5m,short,macd_cross,20,3.429658268290769,-0.1315590430555555,0.5000511236551156,-0.5261823714900462,4,1.0,1.0,6.42547956369434,-1.3535898391678178,-6409.865837700477,0.0,0.1929651140106071,0.5228396897266194,-0.8436996642193448,-0.7890730334690031,1.1193577218335435,66.0,0.0084873905249619,0.3437729385857597,0.2126066960613405,0.0879212993354759,0.0965339523996017,-0.4967857994443258,-0.181648520036377,-0.1816485200363871,0.3592540968896206,205.57004157520143,6689.013890882079,5032.142005556741,13592.540968896206,0.3,0.5241211814535767,0.4758788185464233,38.47276247054468,1.0,0.7051757567759438,416,False,False,True,False,False,False,1,6,False,True,underpowered,False
crypto,5m,long,mc_smaatr_hybrid,20,3.429658268290769,-0.1428768097222222,0.3426683855300653,-0.8339071577975282,4,0.566254906689395,1.0,3.887283359526292,-0.2853551857312745,-2966.9097669895964,0.0,0.1393562881616725,0.5228396897266194,-0.6761883645643848,-0.7890730334690031,1.1514986002586045,20.0,0.0080246783443769,0.6095238095238096,0.1139834184929414,0.1624539963350681,0.0493966201226945,-0.0758642756717848,-0.0232220135685435,-0.0701570344842483,0.3592540968896206,1305.5642902170405,6689.013890882079,9241.357243282151,13592.540968896206,0.2,0.566254906689395,0.0,11.51379654065045,1.0,0.4832334668565096,416,False,False,True,False,False,False,1,6,False,True,underpowered,False
crypto,5m,short,mc_smaatr_hybrid,20,3.429658268290769,-0.5118522291666667,0.8853133315338267,-1.15631881038066,4,1.0,1.0,5.674151443390313,-0.7059519811497779,-11807.3265176065,0.0,-0.3050282074948578,0.5228396897266194,-0.9172588658053842,-0.7890730334690031,0.7031381261612201,40.5,-0.0207749026583891,0.580171358629131,0.102806676755498,0.1884774793544346,-0.1102248540756515,-0.8057965995054723,-0.3825398015359925,-0.3825398015359904,0.3592540968896206,-6587.664999559005,6689.013890882079,1942.034004945276,13592.540968896206,0.2,0.566254906689395,0.4337450933106049,23.0275930813009,1.0,1.2484753438505978,416,False,False,True,False,False,False,1,6,False,True,underpowered,False
crypto,5m,long,mc_interquartile_range_reversion,20,3.429658268290769,-0.1470555902777778,0.2157428564546392,-1.3632487554339658,4,0.5484381695841332,1.0,4.058708944309933,-0.1822990211572114,-231.5200728383851,0.0,0.2877065921102656,0.5228396897266194,-0.7045022991839704,-0.7890730334690031,1.3387138476505795,18.5,0.0230083883641655,0.6339712918660287,0.106276209704358,0.1734685378364521,0.1326372416066486,0.0899049041461446,0.0240782514667358,0.0177875822853143,0.3592540968896206,1883.8861169813847,6689.013890882079,10899.049041461449,13592.540968896206,0.25,0.5484381695841332,0.0,10.639086149600924,1.0,0.3042421561966779,416,False,False,True,False,False,False,1,6,False,True,underpowered,False
crypto,5m,short,mc_interquartile_range_reversion,20,3.429658268290769,-0.5403620749999999,0.7436119131075188,-1.4533443197321905,4,1.0,1.0,5.8022560483017305,-0.9968671640415228,-12473.96900737931,0.0,-0.1863044384886022,0.5228396897266194,-0.9002678316019185,-0.7890730334690031,0.8451853263013288,37.0,-0.0110006268683499,0.6176470588235294,0.1027063716252667,0.2227347493235434,-0.0493889117066799,-0.6820318173542561,-0.2976260387980626,-0.2976260387980829,0.3592540968896206,-6023.723624617566,6689.013890882079,3179.68182645744,13592.540968896206,0.2,0.5484381695841332,0.4515618304158668,21.278172299201845,1.0,1.0486469658147672,416,False,False,True,False,False,False,1,6,False,True,underpowered,False
