ir_net,ir_hit_rate,ir_gross,headroom,t_stat,loo_retention,loo_dropped,n_assets,n_ir,years,legacy_gate_ir,legacy_gate_breadth,legacy_gate_headroom,legacy_gate_t,legacy_passed,legacy_gate_loo,net_return_pct,bench_return_pct,excess_return_pct,class,timeframe,rule,scenario,wf_mode,n_folds,n_switches,is_baseline,generic_fallback,rankable,base_rule,variant
-0.1933763624779227,0.36714285714285716,-0.1933763624779227,,-0.3849610158273382,,AMTM,702,700,3.963024252174938,False,False,False,False,0,False,,,,us_stocks,4h,MININDEX|base,gross,fixed_transform,5.0,0.0,False,False,True,MININDEX,base
-0.1933763624779227,0.36714285714285716,-0.1933763624779227,,-0.3849610158273382,,AMTM,702,700,3.963024252174938,False,False,False,False,0,False,,,,us_stocks,4h,MININDEX|long_only,gross,fixed_transform,5.0,0.0,False,False,True,MININDEX,long_only
-0.20980945791898087,0.33714285714285713,-0.20980945791898087,,-0.4176749475256842,,ARE,702,700,3.963024252174938,False,False,False,False,0,False,,,,us_stocks,4h,MININDEX|hold10,gross,fixed_transform,5.0,0.0,False,False,True,MININDEX,hold10
-0.2101358477386434,0.33714285714285713,-0.2101358477386434,,-0.4183247030331462,,KG,702,700,3.963024252174938,False,False,False,False,0,False,,,,us_stocks,4h,MININDEX|confirm2,gross,fixed_transform,5.0,0.0,False,False,True,MININDEX,confirm2
-0.25610162823792537,0.29386590584878747,-0.25610162823792537,,-0.5098303727414604,,PSKY,702,701,3.963024252174938,False,False,False,False,0,False,,,,us_stocks,4h,MAXINDEX|hold10,gross,fixed_transform,5.0,0.0,False,False,True,MAXINDEX,hold10
-0.26210009582926613,0.29386590584878747,-0.2621000958292662,,-0.5217717297293577,,PSKY,702,701,3.963024252174938,False,False,False,False,0,False,,,,us_stocks,4h,MAXINDEX|base,gross,fixed_transform,5.0,0.0,False,False,True,MAXINDEX,base
-0.26210009582926613,0.29386590584878747,-0.2621000958292662,,-0.5217717297293577,,PSKY,702,701,3.963024252174938,False,False,False,False,0,False,,,,us_stocks,4h,MAXINDEX|long_only,gross,fixed_transform,5.0,0.0,False,False,True,MAXINDEX,long_only
-0.2706076050362105,0.29529243937232524,-0.2706076050362105,,-0.5387079226771366,,PSKY,702,701,3.963024252174938,False,False,False,False,0,False,,,,us_stocks,4h,MAXINDEX|confirm2,gross,fixed_transform,5.0,0.0,False,False,True,MAXINDEX,confirm2
-0.31895920884634654,0.24890190336749635,-0.3189592088463465,,-0.6349631334025737,,BIG,702,683,3.963024252174938,False,False,False,False,0,False,,,,us_stocks,4h,CDLDOJI|confirm2,gross,fixed_transform,5.0,0.0,False,False,True,CDLDOJI,confirm2
-0.32051948695886284,0.2606837606837607,-0.32051948695886284,,-0.6380692330285609,,PSKY,702,702,3.963024252174938,False,False,False,False,0,False,,,,us_stocks,4h,HT_TRENDMODE|confirm2,gross,fixed_transform,5.0,0.0,False,False,True,HT_TRENDMODE,confirm2
-0.32961898949957713,0.23931623931623933,-0.32961898949957713,,-0.6561839275895197,,VRSK,702,702,3.963024252174938,False,False,False,False,0,False,,,,us_stocks,4h,CDLLONGLEGGEDDOJI|confirm2,gross,fixed_transform,5.0,0.0,False,False,True,CDLLONGLEGGEDDOJI,confirm2
-0.3323602449859578,0.23931623931623933,-0.3323602449859578,,-0.6616410397368218,,PSKY,702,702,3.963024252174938,False,False,False,False,0,False,,,,us_stocks,4h,HT_TRENDMODE|base,gross,fixed_transform,5.0,0.0,False,False,True,HT_TRENDMODE,base
-0.3323602449859578,0.23931623931623933,-0.3323602449859578,,-0.6616410397368218,,PSKY,702,702,3.963024252174938,False,False,False,False,0,False,,,,us_stocks,4h,HT_TRENDMODE|long_only,gross,fixed_transform,5.0,0.0,False,False,True,HT_TRENDMODE,long_only
-0.3446381474501268,0.24216524216524216,-0.3446381474501268,,-0.6860830850016617,,PSKY,702,702,3.963024252174938,False,False,False,False,0,False,,,,us_stocks,4h,ADX|invert,gross,fixed_transform,5.0,0.0,False,False,True,ADX,invert
-0.3513570925902383,0.21794871794871795,-0.3513570925902383,,-0.6994587215752412,,HAR,702,702,3.963024252174938,False,False,False,False,0,False,,,,us_stocks,4h,COS|base,gross,fixed_transform,5.0,0.0,False,False,True,COS,base
-0.35210497422634135,0.21652421652421652,-0.3521049742263414,,-0.7009475554257886,,HAR,702,702,3.963024252174938,False,False,False,False,0,False,,,,us_stocks,4h,COS|long_only,gross,fixed_transform,5.0,0.0,False,False,True,COS,long_only
-0.3538107155584634,0.21652421652421652,-0.3538107155584634,,-0.7043432337162381,,PSKY,702,702,3.963024252174938,False,False,False,False,0,False,55.38576878620993,123.28570876047975,-67.89993997426981,us_stocks,4h,BEST[MAXINDEX],gross,wf_transform,5.0,2.0,False,False,True,MAXINDEX,
-0.3555509934320785,0.2222222222222222,-0.3555509934320785,,-0.7078076650948416,,KG,702,702,3.963024252174938,False,False,False,False,0,False,,,,us_stocks,4h,HT_TRENDMODE|hold10,gross,fixed_transform,5.0,0.0,False,False,True,HT_TRENDMODE,hold10
-0.3618660358484518,0.2222222222222222,-0.3618660358484518,,-0.7203792385407809,,KG,702,702,3.963024252174938,False,False,False,False,0,False,49.546690890524815,123.28570876047975,-73.73901786995494,us_stocks,4h,BEST[MININDEX],gross,wf_transform,5.0,2.0,False,False,True,MININDEX,
-0.3627333266364262,0.21082621082621084,-0.36273332663642616,,-0.7221057843216513,,KG,702,702,3.963024252174938,False,False,False,False,0,False,,,,us_stocks,4h,MINMAX|confirm2,gross,fixed_transform,5.0,0.0,False,False,True,MINMAX,confirm2
-0.370664291197031,0.2149122807017544,-0.370664291197031,,-0.7378942298928601,,KG,702,684,3.963024252174938,False,False,False,False,0,False,,,,us_stocks,4h,CDLDOJI|base,gross,fixed_transform,5.0,0.0,False,False,True,CDLDOJI,base
-0.370664291197031,0.2149122807017544,-0.370664291197031,,-0.7378942298928601,,KG,702,684,3.963024252174938,False,False,False,False,0,False,,,,us_stocks,4h,CDLDOJI|long_only,gross,fixed_transform,5.0,0.0,False,False,True,CDLDOJI,long_only
-0.37083853304050135,0.21794871794871795,-0.37083853304050135,,-0.738241099159623,,KG,702,702,3.963024252174938,False,False,False,False,0,False,,,,us_stocks,4h,CDLLONGLEGGEDDOJI|hold10,gross,fixed_transform,5.0,0.0,False,False,True,CDLLONGLEGGEDDOJI,hold10
-0.3747988833261551,0.22335766423357664,-0.3747988833261551,,-0.7461251055059075,,PSKY,702,685,3.963024252174938,False,False,False,False,0,False,,,,us_stocks,4h,CDLDOJI|hold10,gross,fixed_transform,5.0,0.0,False,False,True,CDLDOJI,hold10
-0.3777336457931804,0.21367521367521367,-0.37773364579318036,,-0.7519674386951409,,KG,702,702,3.963024252174938,False,False,False,False,0,False,,,,us_stocks,4h,MINMAX|hold10,gross,fixed_transform,5.0,0.0,False,False,True,MINMAX,hold10
-0.380992808151924,0.21794871794871795,-0.380992808151924,,-0.758455565973424,,KG,702,702,3.963024252174938,False,False,False,False,0,False,,,,us_stocks,4h,MINMAX|base,gross,fixed_transform,5.0,0.0,False,False,True,MINMAX,base
-0.38247301858569277,0.21794871794871795,-0.3824730185856929,,-0.7614022721008955,,KG,702,702,3.963024252174938,False,False,False,False,0,False,,,,us_stocks,4h,MINMAX|long_only,gross,fixed_transform,5.0,0.0,False,False,True,MINMAX,long_only
-0.3837446611749311,0.22934472934472935,-0.383744661174931,,-0.7639337750035752,,KG,702,702,3.963024252174938,False,False,False,False,0,False,,,,us_stocks,4h,ADXR|hold10,gross,fixed_transform,5.0,0.0,False,False,True,ADXR,hold10
-0.38401206064886173,0.22792022792022792,-0.38401206064886173,,-0.7644660963886555,,KG,702,702,3.963024252174938,False,False,False,False,0,False,,,,us_stocks,4h,COS|confirm2,gross,fixed_transform,5.0,0.0,False,False,True,COS,confirm2
-0.385395583879019,0.22364672364672364,-0.38539558387901895,,-0.7672203239544101,,HAR,702,702,3.963024252174938,False,False,False,False,0,False,352949.49362895824,123.28570876047975,352826.20792019775,us_stocks,4h,BEST[COS],gross,wf_transform,5.0,2.0,False,False,True,COS,
-0.3868364436728038,0.19943019943019943,-0.3868364436728038,,-0.7700886934012885,,KG,702,702,3.963024252174938,False,False,False,False,0,False,,,,us_stocks,4h,CDLLONGLEGGEDDOJI|base,gross,fixed_transform,5.0,0.0,False,False,True,CDLLONGLEGGEDDOJI,base
-0.3868364436728038,0.19943019943019943,-0.3868364436728038,,-0.7700886934012885,,KG,702,702,3.963024252174938,False,False,False,False,0,False,,,,us_stocks,4h,CDLLONGLEGGEDDOJI|long_only,gross,fixed_transform,5.0,0.0,False,False,True,CDLLONGLEGGEDDOJI,long_only
-0.38699600744498436,0.19373219373219372,-0.3869960074449843,,-0.7704063425236568,,KG,702,702,3.963024252174938,False,False,False,False,0,False,,,,us_stocks,4h,MININDEX|voltgt,gross,fixed_transform,5.0,0.0,False,False,True,MININDEX,voltgt
-0.3870110798011029,0.2022792022792023,-0.3870110798011029,,-0.7704363475845026,,HAR,702,702,3.963024252174938,False,False,False,False,0,False,,,,us_stocks,4h,COS|voltgt,gross,fixed_transform,5.0,0.0,False,False,True,COS,voltgt
-0.38786646810285186,0.2150997150997151,-0.38786646810285186,,-0.7721391986742044,,PSKY,702,702,3.963024252174938,False,False,False,False,0,False,1.8651858377980477,123.28570876047975,-121.4205229226817,us_stocks,4h,BEST[CORREL],gross,wf_transform,5.0,2.0,False,False,True,CORREL,
-0.38816420010970615,0.24074074074074073,-0.38816420010970615,,-0.772731904082116,,KG,702,702,3.963024252174938,False,False,False,False,0,False,,,,us_stocks,4h,HT_DCPHASE|invert,gross,fixed_transform,5.0,0.0,False,False,True,HT_DCPHASE,invert
-0.39018918893349924,0.20512820512820512,-0.39018918893349924,,-0.7767631194005622,,KG,702,702,3.963024252174938,False,False,False,False,0,False,,,,us_stocks,4h,COS|hold10,gross,fixed_transform,5.0,0.0,False,False,True,COS,hold10
-0.391321619526011,0.21367521367521367,-0.391321619526011,,-0.7790174881644646,,KG,702,702,3.963024252174938,False,False,False,False,0,False,,,,us_stocks,4h,CORREL|invert,gross,fixed_transform,5.0,0.0,False,False,True,CORREL,invert
-0.3915260865298423,0.20655270655270655,-0.3915260865298423,,-0.7794245277037828,,KG,702,702,3.963024252174938,False,False,False,False,0,False,,,,us_stocks,4h,ADXR|confirm2,gross,fixed_transform,5.0,0.0,False,False,True,ADXR,confirm2
-0.39188903786789653,0.20085470085470086,-0.3918890378678966,,-0.7801470674909774,,KG,702,702,3.963024252174938,False,False,False,False,0,False,10.129073503544477,123.28570876047975,-113.15663525693527,us_stocks,4h,BEST[MINMAX],gross,wf_transform,5.0,2.0,False,False,True,MINMAX,
-0.3927389864222794,0.2022792022792023,-0.3927389864222793,,-0.781839089487376,,KG,702,702,3.963024252174938,False,False,False,False,0,False,,,,us_stocks,4h,ADXR|base,gross,fixed_transform,5.0,0.0,False,False,True,ADXR,base
-0.3930016458386449,0.2022792022792023,-0.39300164583864483,,-0.78236197467585,,KG,702,702,3.963024252174938,False,False,False,False,0,False,,,,us_stocks,4h,ADXR|long_only,gross,fixed_transform,5.0,0.0,False,False,True,ADXR,long_only
-0.3989638242484687,0.20085470085470086,-0.3989638242484687,,-0.7942310895344545,,PSKY,702,702,3.963024252174938,False,False,False,False,0,False,,,,us_stocks,4h,HT_DCPHASE|hold10,gross,fixed_transform,5.0,0.0,False,False,True,HT_DCPHASE,hold10
-0.4021219567315973,0.20655270655270655,-0.4021219567315974,,-0.8005180931436019,,PSKY,702,702,3.963024252174938,False,False,False,False,0,False,0.9031380352857058,123.28570876047975,-122.38257072519404,us_stocks,4h,BEST[HT_DCPHASE],gross,wf_transform,5.0,2.0,False,False,True,HT_DCPHASE,
-0.4044683817838245,0.1866096866096866,-0.4044683817838245,,-0.8051892026840517,,PSKY,702,702,3.963024252174938,False,False,False,False,0,False,,,,us_stocks,4h,HT_DCPHASE|confirm2,gross,fixed_transform,5.0,0.0,False,False,True,HT_DCPHASE,confirm2
-0.40593174121455955,0.18803418803418803,-0.4059317412145595,,-0.80810236293672,,VFC,702,702,3.963024252174938,False,False,False,False,0,False,42.072933591715845,123.28570876047975,-81.2127751687639,us_stocks,4h,BEST[CDLDOJI],gross,wf_transform,5.0,2.0,False,False,True,CDLDOJI,
-0.41165029298313105,0.19515669515669515,-0.41165029298313105,,-0.8194864818108241,,PSKY,702,702,3.963024252174938,False,False,False,False,0,False,,,,us_stocks,4h,ADXR|invert,gross,fixed_transform,5.0,0.0,False,False,True,ADXR,invert
-0.4121871898996276,0.18945868945868946,-0.4121871898996276,,-0.8205553010797391,,KG,702,702,3.963024252174938,False,False,False,False,0,False,,,,us_stocks,4h,CORREL|confirm2,gross,fixed_transform,5.0,0.0,False,False,True,CORREL,confirm2
-0.4136645241254366,0.1908831908831909,-0.4136645241254366,,-0.8234962814405049,,KG,702,702,3.963024252174938,False,False,False,False,0,False,39.49343345089726,123.28570876047975,-83.7922753095825,us_stocks,4h,BEST[CDLLONGLEGGEDDOJI],gross,wf_transform,5.0,2.0,False,False,True,CDLLONGLEGGEDDOJI,
-0.41520773791604143,0.18803418803418803,-0.41520773791604143,,-0.826568410530418,,PSKY,702,702,3.963024252174938,False,False,False,False,0,False,,,,us_stocks,4h,HT_DCPHASE|base,gross,fixed_transform,5.0,0.0,False,False,True,HT_DCPHASE,base
-0.4153277663841081,0.20085470085470086,-0.41532776638410823,,-0.8268073553549201,,KG,702,702,3.963024252174938,False,False,False,False,0,False,,,,us_stocks,4h,MINMAX|voltgt,gross,fixed_transform,5.0,0.0,False,False,True,MINMAX,voltgt
-0.41566353988871535,0.18803418803418803,-0.41566353988871535,,-0.8274757912886876,,PSKY,702,702,3.963024252174938,False,False,False,False,0,False,,,,us_stocks,4h,HT_DCPHASE|long_only,gross,fixed_transform,5.0,0.0,False,False,True,HT_DCPHASE,long_only
-0.4164741496191493,0.20085470085470086,-0.4164741496191494,,-0.8290895001270832,,PSKY,702,702,3.963024252174938,False,False,False,False,0,False,,,,us_stocks,4h,MINMAX|invert,gross,fixed_transform,5.0,0.0,False,False,True,MINMAX,invert
-0.41655835080775155,0.18945868945868946,-0.41655835080775155,,-0.8292571223466907,,APTV,702,702,3.963024252174938,False,False,False,False,0,False,46.09989710419407,123.28570876047975,-77.18581165628568,us_stocks,4h,BEST[HT_TRENDMODE],gross,wf_transform,5.0,2.0,False,False,True,HT_TRENDMODE,
-0.42207128693276247,0.19943019943019943,-0.42207128693276236,,-0.8402319150446231,,KG,702,702,3.963024252174938,False,False,False,False,0,False,,,,us_stocks,4h,ADXR|voltgt,gross,fixed_transform,5.0,0.0,False,False,True,ADXR,voltgt
-0.4232451752133183,0.18945868945868946,-0.4232451752133183,,-0.842568815062598,,PSKY,702,702,3.963024252174938,False,False,False,False,0,False,-10.640227381166218,123.28570876047975,-133.92593614164596,us_stocks,4h,BEST[ADX],gross,wf_transform,5.0,2.0,False,False,True,ADX,
-0.4233913302734518,0.19515669515669515,-0.4233913302734518,,-0.8428597709979374,,PSKY,702,702,3.963024252174938,False,False,False,False,0,False,,,,us_stocks,4h,COS|regime200,gross,fixed_transform,5.0,0.0,False,False,True,COS,regime200
-0.4236091203399806,0.18803418803418803,-0.4236091203399806,,-0.8432933332191608,,RDC,702,702,3.963024252174938,False,False,False,False,0,False,-4.446176762959061,123.28570876047975,-127.7318855234388,us_stocks,4h,BEST[ADXR],gross,wf_transform,5.0,2.0,False,False,True,ADXR,
-0.42645434784584574,0.1794871794871795,-0.42645434784584574,,-0.848957426063201,,BIG,702,702,3.963024252174938,False,False,False,False,0,False,,,,us_stocks,4h,CORREL|hold10,gross,fixed_transform,5.0,0.0,False,False,True,CORREL,hold10
-0.42660443739471776,0.17094017094017094,-0.42660443739471776,,-0.84925621452141,,KG,702,702,3.963024252174938,False,False,False,False,0,False,,,,us_stocks,4h,ADX|confirm2,gross,fixed_transform,5.0,0.0,False,False,True,ADX,confirm2
-0.4280522674129207,0.18233618233618235,-0.4280522674129207,,-0.8521384598352153,,HRL,702,702,3.963024252174938,False,False,False,False,0,False,,,,us_stocks,4h,CORREL|base,gross,fixed_transform,5.0,0.0,False,False,True,CORREL,base
-0.42847363677005595,0.18091168091168092,-0.42847363677005607,,-0.8529772943943245,,HRL,702,702,3.963024252174938,False,False,False,False,0,False,,,,us_stocks,4h,CORREL|long_only,gross,fixed_transform,5.0,0.0,False,False,True,CORREL,long_only
-0.4355677689985471,0.19515669515669515,-0.4355677689985471,,-0.8670998288866423,,KG,702,702,3.963024252174938,False,False,False,False,0,False,,,,us_stocks,4h,CDLHARAMI|base,gross,fixed_transform,5.0,0.0,False,False,True,CDLHARAMI,base
-0.4358438039961434,0.18803418803418803,-0.4358438039961434,,-0.8676493413074828,,KG,702,702,3.963024252174938,False,False,False,False,0,False,,,,us_stocks,4h,CDLHARAMI|confirm2,gross,fixed_transform,5.0,0.0,False,False,True,CDLHARAMI,confirm2
-0.4365625319590683,0.17663817663817663,-0.4365625319590683,,-0.869080137932084,,KG,702,702,3.963024252174938,False,False,False,False,0,False,,,,us_stocks,4h,CDLHARAMI|hold10,gross,fixed_transform,5.0,0.0,False,False,True,CDLHARAMI,hold10
-0.44411712293961014,0.18233618233618235,-0.44411712293961025,,-0.8841193235945067,,KG,702,702,3.963024252174938,False,False,False,False,0,False,,,,us_stocks,4h,ADXR|regime200,gross,fixed_transform,5.0,0.0,False,False,True,ADXR,regime200
-0.44513475090467686,0.17236467236467237,-0.44513475090467686,,-0.8861451507956525,,PSKY,702,702,3.963024252174938,False,False,False,False,0,False,,,,us_stocks,4h,MAXINDEX|voltgt,gross,fixed_transform,5.0,0.0,False,False,True,MAXINDEX,voltgt
-0.44640843772592503,0.2150997150997151,-0.44640843772592503,,-0.8886807232217269,,PSKY,702,702,3.963024252174938,False,False,False,False,0,False,,,,us_stocks,4h,COS|invert,gross,fixed_transform,5.0,0.0,False,False,True,COS,invert
-0.4471034989566501,0.15954415954415954,-0.4471034989566501,,-0.890064405663642,,PSKY,702,702,3.963024252174938,False,False,False,False,0,False,,,,us_stocks,4h,MINMAX|regime200,gross,fixed_transform,5.0,0.0,False,False,True,MINMAX,regime200
-0.44765148493061035,0.16809116809116809,-0.44765148493061035,,-0.891155300302944,,KG,702,702,3.963024252174938,False,False,False,False,0,False,,,,us_stocks,4h,ADX|hold10,gross,fixed_transform,5.0,0.0,False,False,True,ADX,hold10
-0.4542465105581327,0.17236467236467237,-0.4542465105581327,,-0.904284246015056,,HRL,702,702,3.963024252174938,False,False,False,False,0,False,,,,us_stocks,4h,CORREL|voltgt,gross,fixed_transform,5.0,0.0,False,False,True,CORREL,voltgt
-0.4554650314435888,0.16381766381766383,-0.45546503144358885,,-0.9067099977039448,,PSKY,702,702,3.963024252174938,False,False,False,False,0,False,,,,us_stocks,4h,HT_DCPHASE|voltgt,gross,fixed_transform,5.0,0.0,False,False,True,HT_DCPHASE,voltgt
-0.4565045574555851,0.14957264957264957,-0.45650455745558516,,-0.9087794181048107,,KG,702,702,3.963024252174938,False,False,False,False,0,False,,,,us_stocks,4h,ADX|base,gross,fixed_transform,5.0,0.0,False,False,True,ADX,base
-0.45669782658984187,0.14814814814814814,-0.4566978265898419,,-0.9091641656577079,,KG,702,702,3.963024252174938,False,False,False,False,0,False,,,,us_stocks,4h,ADX|long_only,gross,fixed_transform,5.0,0.0,False,False,True,ADX,long_only
-0.46189552030133074,0.1737891737891738,-0.46189552030133074,,-0.9195113943752952,,PSKY,702,702,3.963024252174938,False,False,False,False,0,False,,,,us_stocks,4h,CORREL|regime200,gross,fixed_transform,5.0,0.0,False,False,True,CORREL,regime200
-0.46362569798577,0.1737891737891738,-0.46362569798577,,-0.9229557189578282,,KG,702,702,3.963024252174938,False,False,False,False,0,False,,,,us_stocks,4h,CDLHARAMI|voltgt,gross,fixed_transform,5.0,0.0,False,False,True,CDLHARAMI,voltgt
-0.46739686512092476,0.15527065527065528,-0.4673968651209248,,-0.9304631118604617,,KG,702,702,3.963024252174938,False,False,False,False,0,False,,,,us_stocks,4h,CDLDOJI|voltgt,gross,fixed_transform,5.0,0.0,False,False,True,CDLDOJI,voltgt
-0.46841689134391956,0.1581196581196581,-0.46841689134391956,,-0.9324937133566473,,KG,702,702,3.963024252174938,False,False,False,False,0,False,2.453503598711287,123.28570876047975,-120.83220516176846,us_stocks,4h,BEST[CDLHARAMI],gross,wf_transform,5.0,2.0,False,False,True,CDLHARAMI,
-0.46901345878906464,0.1452991452991453,-0.46901345878906464,,-0.9336813208116111,,PSKY,702,702,3.963024252174938,False,False,False,False,0,False,,,,us_stocks,4h,HT_TRENDMODE|voltgt,gross,fixed_transform,5.0,0.0,False,False,True,HT_TRENDMODE,voltgt
-0.4702454668720596,0.1623931623931624,-0.47024546687205965,,-0.9361339219313131,,PSKY,702,702,3.963024252174938,False,False,False,False,0,False,,,,us_stocks,4h,HT_DCPHASE|regime200,gross,fixed_transform,5.0,0.0,False,False,True,HT_DCPHASE,regime200
-0.474926392403882,0.15384615384615385,-0.474926392403882,,-0.9454524023528703,,KG,702,702,3.963024252174938,False,False,False,False,0,False,,,,us_stocks,4h,CDLLONGLEGGEDDOJI|voltgt,gross,fixed_transform,5.0,0.0,False,False,True,CDLLONGLEGGEDDOJI,voltgt
-0.4775818073470657,0.16524216524216523,-0.4775818073470656,,-0.9507386287606495,,KG,702,702,3.963024252174938,False,False,False,False,0,False,,,,us_stocks,4h,CDLHARAMI|long_only,gross,fixed_transform,5.0,0.0,False,False,True,CDLHARAMI,long_only
-0.47865676514370364,0.1467236467236467,-0.47865676514370364,,-0.9528785844411817,,KG,702,702,3.963024252174938,False,False,False,False,0,False,,,,us_stocks,4h,ADX|voltgt,gross,fixed_transform,5.0,0.0,False,False,True,ADX,voltgt
-0.48588072178737424,0.1396011396011396,-0.48588072178737424,,-0.9672595648888699,,KG,702,702,3.963024252174938,False,False,False,False,0,False,,,,us_stocks,4h,ADX|regime200,gross,fixed_transform,5.0,0.0,False,False,True,ADX,regime200
-0.4996816762962929,0.15527065527065528,-0.4996816762962929,,-0.9947336025585295,,KG,702,702,3.963024252174938,False,False,False,False,0,False,,,,us_stocks,4h,CDLHARAMI|regime200,gross,fixed_transform,5.0,0.0,False,False,True,CDLHARAMI,regime200
-0.5203693769492901,0.13247863247863248,-0.5203693769492902,,-1.0359173240664719,,PSKY,702,702,3.963024252174938,False,False,False,False,0,False,,,,us_stocks,4h,CDLHARAMI|invert,gross,fixed_transform,5.0,0.0,False,False,True,CDLHARAMI,invert
-0.5291181843796355,0.1282051282051282,-0.5291181843796355,,-1.053333877736769,,KG,702,702,3.963024252174938,False,False,False,False,0,False,,,,us_stocks,4h,CDLLONGLEGGEDDOJI|invert,gross,fixed_transform,5.0,0.0,False,False,True,CDLLONGLEGGEDDOJI,invert
-0.5310654120325854,0.12535612535612536,-0.5310654120325854,,-1.0572102912017922,,KG,702,702,3.963024252174938,False,False,False,False,0,False,,,,us_stocks,4h,CDLDOJI|invert,gross,fixed_transform,5.0,0.0,False,False,True,CDLDOJI,invert
-0.532130892148714,0.1282051282051282,-0.5321308921487139,,-1.059331379335796,,BIG,702,702,3.963024252174938,False,False,False,False,0,False,,,,us_stocks,4h,HT_TRENDMODE|invert,gross,fixed_transform,5.0,0.0,False,False,True,HT_TRENDMODE,invert
-0.5448418072715587,0.11396011396011396,-0.5448418072715588,,-1.084635437882993,,KG,702,702,3.963024252174938,False,False,False,False,0,False,,,,us_stocks,4h,MAXINDEX|invert,gross,fixed_transform,5.0,0.0,False,False,True,MAXINDEX,invert
-0.5504351775953157,0.1225071225071225,-0.5504351775953157,,-1.0957703537234842,,PSKY,702,702,3.963024252174938,False,False,False,False,0,False,,,,us_stocks,4h,COS|long_regime200,gross,fixed_transform,5.0,0.0,False,False,True,COS,long_regime200
-0.5594136243631663,0.11538461538461539,-0.5594136243631662,,-1.1136440583687355,,KG,702,702,3.963024252174938,False,False,False,False,0,False,,,,us_stocks,4h,MININDEX|invert,gross,fixed_transform,5.0,0.0,False,False,True,MININDEX,invert
-0.5608258448388597,0.11823361823361823,-0.5608258448388597,,-1.1164554145341363,,KG,702,702,3.963024252174938,False,False,False,False,0,False,,,,us_stocks,4h,CDLHARAMI|long_regime200,gross,fixed_transform,5.0,0.0,False,False,True,CDLHARAMI,long_regime200
-0.5660031101940025,0.10541310541310542,-0.5660031101940025,,-1.126761975815901,,KG,702,702,3.963024252174938,False,False,False,False,0,False,,,,us_stocks,4h,ADXR|long_regime200,gross,fixed_transform,5.0,0.0,False,False,True,ADXR,long_regime200
-0.5672796095727589,0.10541310541310542,-0.5672796095727589,,-1.1293031472975248,,PSKY,702,702,3.963024252174938,False,False,False,False,0,False,,,,us_stocks,4h,MINMAX|long_regime200,gross,fixed_transform,5.0,0.0,False,False,True,MINMAX,long_regime200
-0.5691594787200154,0.11253561253561253,-0.5691594787200154,,-1.1330454678545834,,PSKY,702,702,3.963024252174938,False,False,False,False,0,False,,,,us_stocks,4h,CORREL|long_regime200,gross,fixed_transform,5.0,0.0,False,False,True,CORREL,long_regime200
-0.5724881678749801,0.09700427960057062,-0.5724881678749801,,-1.1396720045318103,,KG,702,701,3.963024252174938,False,False,False,False,0,False,,,,us_stocks,4h,MININDEX|long_regime200,gross,fixed_transform,5.0,0.0,False,False,True,MININDEX,long_regime200
-0.5724881678749801,0.09700427960057062,-0.5724881678749801,,-1.1396720045318103,,KG,702,701,3.963024252174938,False,False,False,False,0,False,,,,us_stocks,4h,MININDEX|regime200,gross,fixed_transform,5.0,0.0,False,False,True,MININDEX,regime200
-0.5776553226639588,0.10541310541310542,-0.5776553226639588,,-1.1499584383596748,,KG,702,702,3.963024252174938,False,False,False,False,0,False,,,,us_stocks,4h,CDLLONGLEGGEDDOJI|long_regime200,gross,fixed_transform,5.0,0.0,False,False,True,CDLLONGLEGGEDDOJI,long_regime200
-0.5776553226639588,0.10541310541310542,-0.5776553226639588,,-1.1499584383596748,,KG,702,702,3.963024252174938,False,False,False,False,0,False,,,,us_stocks,4h,CDLLONGLEGGEDDOJI|regime200,gross,fixed_transform,5.0,0.0,False,False,True,CDLLONGLEGGEDDOJI,regime200
-0.5805547047624189,0.1168091168091168,-0.5805547047624189,,-1.1557303386250044,,PSKY,702,702,3.963024252174938,False,False,False,False,0,False,,,,us_stocks,4h,HT_DCPHASE|long_regime200,gross,fixed_transform,5.0,0.0,False,False,True,HT_DCPHASE,long_regime200
-0.5874027856351962,0.10271041369472182,-0.5874027856351962,,-1.1693630501698453,,PSKY,702,701,3.963024252174938,False,False,False,False,0,False,,,,us_stocks,4h,MAXINDEX|long_regime200,gross,fixed_transform,5.0,0.0,False,False,True,MAXINDEX,long_regime200
-0.5874027856351962,0.10271041369472182,-0.5874027856351962,,-1.1693630501698453,,PSKY,702,701,3.963024252174938,False,False,False,False,0,False,,,,us_stocks,4h,MAXINDEX|regime200,gross,fixed_transform,5.0,0.0,False,False,True,MAXINDEX,regime200
-0.594053016814001,0.10683760683760683,-0.5940530168140011,,-1.1826018954830704,,PSKY,702,702,3.963024252174938,False,False,False,False,0,False,,,,us_stocks,4h,CDLDOJI|long_regime200,gross,fixed_transform,5.0,0.0,False,False,True,CDLDOJI,long_regime200
-0.594053016814001,0.10683760683760683,-0.5940530168140011,,-1.1826018954830704,,PSKY,702,702,3.963024252174938,False,False,False,False,0,False,,,,us_stocks,4h,CDLDOJI|regime200,gross,fixed_transform,5.0,0.0,False,False,True,CDLDOJI,regime200
-0.5969951011911303,0.09686609686609686,-0.5969951011911304,,-1.1884588046520943,,KG,702,702,3.963024252174938,False,False,False,False,0,False,,,,us_stocks,4h,ADX|long_regime200,gross,fixed_transform,5.0,0.0,False,False,True,ADX,long_regime200
-0.6076712447507292,0.09544159544159544,-0.6076712447507292,,-1.2097121730429228,,KG,702,702,3.963024252174938,False,False,False,False,0,False,,,,us_stocks,4h,HT_TRENDMODE|long_regime200,gross,fixed_transform,5.0,0.0,False,False,True,HT_TRENDMODE,long_regime200
-0.6076712447507292,0.09544159544159544,-0.6076712447507292,,-1.2097121730429228,,KG,702,702,3.963024252174938,False,False,False,False,0,False,,,,us_stocks,4h,HT_TRENDMODE|regime200,gross,fixed_transform,5.0,0.0,False,False,True,HT_TRENDMODE,regime200
-0.2508665395527568,0.3157142857142857,-0.1933763624779227,,-0.4994087005558602,,AMTM,702,700,3.963024252174938,False,False,False,False,0,False,,,,us_stocks,4h,MININDEX|base,pessimistic,fixed_transform,5.0,0.0,False,False,True,MININDEX,base
-0.2508665395527568,0.3157142857142857,-0.1933763624779227,,-0.4994087005558602,,AMTM,702,700,3.963024252174938,False,False,False,False,0,False,,,,us_stocks,4h,MININDEX|long_only,pessimistic,fixed_transform,5.0,0.0,False,False,True,MININDEX,long_only
-0.2622247700392235,0.2842857142857143,-0.20980945791898087,,-0.5220199229929896,,ARE,702,700,3.963024252174938,False,False,False,False,0,False,,,,us_stocks,4h,MININDEX|hold10,pessimistic,fixed_transform,5.0,0.0,False,False,True,MININDEX,hold10
-0.2653320384432841,0.29714285714285715,-0.2101358477386434,,-0.5282056697199813,,KG,702,700,3.963024252174938,False,False,False,False,0,False,,,,us_stocks,4h,MININDEX|confirm2,pessimistic,fixed_transform,5.0,0.0,False,False,True,MININDEX,confirm2
-0.3075369444009658,0.268188302425107,-0.25610162823792537,,-0.6122244363477862,,PSKY,702,701,3.963024252174938,False,False,False,False,0,False,,,,us_stocks,4h,MAXINDEX|hold10,pessimistic,fixed_transform,5.0,0.0,False,False,True,MAXINDEX,hold10
-0.31795948299075677,0.2653352353780314,-0.2621000958292662,,-0.6329729445501971,,PSKY,702,701,3.963024252174938,False,False,False,False,0,False,,,,us_stocks,4h,MAXINDEX|base,pessimistic,fixed_transform,5.0,0.0,False,False,True,MAXINDEX,base
-0.31795948299075677,0.2653352353780314,-0.2621000958292662,,-0.6329729445501971,,PSKY,702,701,3.963024252174938,False,False,False,False,0,False,,,,us_stocks,4h,MAXINDEX|long_only,pessimistic,fixed_transform,5.0,0.0,False,False,True,MAXINDEX,long_only
-0.32468743037428793,0.25962910128388017,-0.2706076050362105,,-0.6463665022012401,,PSKY,702,701,3.963024252174938,False,False,False,False,0,False,,,,us_stocks,4h,MAXINDEX|confirm2,pessimistic,fixed_transform,5.0,0.0,False,False,True,MAXINDEX,confirm2
-0.3961850154935907,0.19658119658119658,-0.3538107155584634,,-0.7886992187961688,,PSKY,702,702,3.963024252174938,False,False,False,False,0,False,47.9313037391907,123.28570876047975,-75.35440502128904,us_stocks,4h,BEST[MAXINDEX],pessimistic,wf_transform,5.0,2.0,False,False,True,MAXINDEX,
-0.4051980346873562,0.19373219373219372,-0.3618660358484518,,-0.8066417479659344,,KG,702,702,3.963024252174938,False,False,False,False,0,False,42.772624915517305,123.28570876047975,-80.51308384496244,us_stocks,4h,BEST[MININDEX],pessimistic,wf_transform,5.0,2.0,False,False,True,MININDEX,
-0.4132276238256208,0.2022792022792023,-0.3446381474501268,,-0.8226265288964133,,PSKY,702,702,3.963024252174938,False,False,False,False,0,False,,,,us_stocks,4h,ADX|invert,pessimistic,fixed_transform,5.0,0.0,False,False,True,ADX,invert
-0.41675271958808435,0.19658119658119658,-0.32051948695886284,,-0.8296440590030806,,PSKY,702,702,3.963024252174938,False,False,False,False,0,False,,,,us_stocks,4h,HT_TRENDMODE|confirm2,pessimistic,fixed_transform,5.0,0.0,False,False,True,HT_TRENDMODE,confirm2
-0.42112755000927293,0.18376068376068377,-0.3555509934320785,,-0.8383531852966594,,KG,702,702,3.963024252174938,False,False,False,False,0,False,,,,us_stocks,4h,HT_TRENDMODE|hold10,pessimistic,fixed_transform,5.0,0.0,False,False,True,HT_TRENDMODE,hold10
-0.42507942536890253,0.19230769230769232,-0.36273332663642616,,-0.8462203203144655,,KG,702,702,3.963024252174938,False,False,False,False,0,False,,,,us_stocks,4h,MINMAX|confirm2,pessimistic,fixed_transform,5.0,0.0,False,False,True,MINMAX,confirm2
-0.42760373069232266,0.18859649122807018,-0.3189592088463465,,-0.8512455422656391,,BIG,702,684,3.963024252174938,False,False,False,False,0,False,,,,us_stocks,4h,CDLDOJI|confirm2,pessimistic,fixed_transform,5.0,0.0,False,False,True,CDLDOJI,confirm2
-0.43156558396787226,0.198005698005698,-0.383744661174931,,-0.8591325406659145,,KG,702,702,3.963024252174938,False,False,False,False,0,False,,,,us_stocks,4h,ADXR|hold10,pessimistic,fixed_transform,5.0,0.0,False,False,True,ADXR,hold10
-0.434171132926799,0.1866096866096866,-0.32961898949957713,,-0.8643194971334135,,PSKY,702,702,3.963024252174938,False,False,False,False,0,False,,,,us_stocks,4h,CDLLONGLEGGEDDOJI|confirm2,pessimistic,fixed_transform,5.0,0.0,False,False,True,CDLLONGLEGGEDDOJI,confirm2
-0.4368196042294127,0.18803418803418803,-0.37773364579318036,,-0.8695919005956522,,KG,702,702,3.963024252174938,False,False,False,False,0,False,,,,us_stocks,4h,MINMAX|hold10,pessimistic,fixed_transform,5.0,0.0,False,False,True,MINMAX,hold10
-0.43929991952124015,0.19230769230769232,-0.3824730185856929,,-0.874529550068829,,KG,702,702,3.963024252174938,False,False,False,False,0,False,,,,us_stocks,4h,MINMAX|long_only,pessimistic,fixed_transform,5.0,0.0,False,False,True,MINMAX,long_only
-0.44095631734809276,0.18233618233618235,-0.37083853304050135,,-0.8778269985359972,,KG,702,702,3.963024252174938,False,False,False,False,0,False,,,,us_stocks,4h,CDLLONGLEGGEDDOJI|hold10,pessimistic,fixed_transform,5.0,0.0,False,False,True,CDLLONGLEGGEDDOJI,hold10
-0.44206539414241364,0.18518518518518517,-0.39300164583864483,,-0.8800348760857729,,KG,702,702,3.963024252174938,False,False,False,False,0,False,,,,us_stocks,4h,ADXR|long_only,pessimistic,fixed_transform,5.0,0.0,False,False,True,ADXR,long_only
-0.44303541941543567,0.1866096866096866,-0.38786646810285186,,-0.8819659389607578,,PSKY,702,702,3.963024252174938,False,False,False,False,0,False,-3.177896226335432,123.28570876047975,-126.46360498681518,us_stocks,4h,BEST[CORREL],pessimistic,wf_transform,5.0,2.0,False,False,True,CORREL,
-0.44591255290865794,0.17236467236467237,-0.3915260865298423,,-0.8876935481578134,,KG,702,702,3.963024252174938,False,False,False,False,0,False,,,,us_stocks,4h,ADXR|confirm2,pessimistic,fixed_transform,5.0,0.0,False,False,True,ADXR,confirm2
-0.4468401078448861,0.15384615384615385,-0.3869960074449843,,-0.8895400638638208,,KG,702,702,3.963024252174938,False,False,False,False,0,False,,,,us_stocks,4h,MININDEX|voltgt,pessimistic,fixed_transform,5.0,0.0,False,False,True,MININDEX,voltgt
-0.4470156463051469,0.18832116788321168,-0.3747988833261551,,-0.8898895143504928,,PSKY,702,685,3.963024252174938,False,False,False,False,0,False,,,,us_stocks,4h,CDLDOJI|hold10,pessimistic,fixed_transform,5.0,0.0,False,False,True,CDLDOJI,hold10
-0.44911163889217265,0.1794871794871795,-0.380992808151924,,-0.8940620793172173,,KG,702,702,3.963024252174938,False,False,False,False,0,False,,,,us_stocks,4h,MINMAX|base,pessimistic,fixed_transform,5.0,0.0,False,False,True,MINMAX,base
-0.45262454226050003,0.1794871794871795,-0.391321619526011,,-0.9010553376030068,,KG,702,702,3.963024252174938,False,False,False,False,0,False,,,,us_stocks,4h,CORREL|invert,pessimistic,fixed_transform,5.0,0.0,False,False,True,CORREL,invert
-0.4530822512069936,0.17663817663817663,-0.3927389864222793,,-0.9019665146400428,,KG,702,702,3.963024252174938,False,False,False,False,0,False,,,,us_stocks,4h,ADXR|base,pessimistic,fixed_transform,5.0,0.0,False,False,True,ADXR,base
-0.4534087850301397,0.17236467236467237,-0.3918890378678966,,-0.9026165568202222,,KG,702,702,3.963024252174938,False,False,False,False,0,False,0.43751395149828154,123.28570876047975,-122.84819480898148,us_stocks,4h,BEST[MINMAX],pessimistic,wf_transform,5.0,2.0,False,False,True,MINMAX,
-0.47020791969645614,0.16666666666666666,-0.4121871898996276,,-0.9360591754696642,,KG,702,702,3.963024252174938,False,False,False,False,0,False,,,,us_stocks,4h,CORREL|confirm2,pessimistic,fixed_transform,5.0,0.0,False,False,True,CORREL,confirm2
-0.4725597391504959,0.16381766381766383,-0.41165029298313105,,-0.9407410238324547,,PSKY,702,702,3.963024252174938,False,False,False,False,0,False,,,,us_stocks,4h,ADXR|invert,pessimistic,fixed_transform,5.0,0.0,False,False,True,ADXR,invert
-0.47332509099084386,0.17236467236467237,-0.38816420010970615,,-0.9422646362230813,,KG,702,702,3.963024252174938,False,False,False,False,0,False,,,,us_stocks,4h,HT_DCPHASE|invert,pessimistic,fixed_transform,5.0,0.0,False,False,True,HT_DCPHASE,invert
-0.47526011660412215,0.15954415954415954,-0.3989638242484687,,-0.946116758665526,,PSKY,702,702,3.963024252174938,False,False,False,False,0,False,,,,us_stocks,4h,HT_DCPHASE|hold10,pessimistic,fixed_transform,5.0,0.0,False,False,True,HT_DCPHASE,hold10
-0.47615347006454994,0.16951566951566951,-0.39018918893349924,,-0.9478951883102475,,KG,702,702,3.963024252174938,False,False,False,False,0,False,,,,us_stocks,4h,COS|hold10,pessimistic,fixed_transform,5.0,0.0,False,False,True,COS,hold10
-0.4769066335561618,0.1581196581196581,-0.3323602449859578,,-0.9493945369333145,,PSKY,702,702,3.963024252174938,False,False,False,False,0,False,,,,us_stocks,4h,HT_TRENDMODE|base,pessimistic,fixed_transform,5.0,0.0,False,False,True,HT_TRENDMODE,base
-0.4769066335561618,0.1581196581196581,-0.3323602449859578,,-0.9493945369333145,,PSKY,702,702,3.963024252174938,False,False,False,False,0,False,,,,us_stocks,4h,HT_TRENDMODE|long_only,pessimistic,fixed_transform,5.0,0.0,False,False,True,HT_TRENDMODE,long_only
-0.47795330150752047,0.16524216524216523,-0.4021219567315974,,-0.9514781750399882,,PSKY,702,702,3.963024252174938,False,False,False,False,0,False,-6.9364435750368925,123.28570876047975,-130.22215233551665,us_stocks,4h,BEST[HT_DCPHASE],pessimistic,wf_transform,5.0,2.0,False,False,True,HT_DCPHASE,
-0.47915425250240345,0.15242165242165243,-0.4236091203399806,,-0.953868949739775,,RDC,702,702,3.963024252174938,False,False,False,False,0,False,-9.274283538102393,123.28570876047975,-132.55999229858213,us_stocks,4h,BEST[ADXR],pessimistic,wf_transform,5.0,2.0,False,False,True,ADXR,
-0.47987216950418426,0.15527065527065528,-0.42847363677005607,,-0.9552981319559665,,BIG,702,702,3.963024252174938,False,False,False,False,0,False,,,,us_stocks,4h,CORREL|long_only,pessimistic,fixed_transform,5.0,0.0,False,False,True,CORREL,long_only
-0.4823039361827827,0.16809116809116809,-0.4164741496191494,,-0.9601391340249511,,PSKY,702,702,3.963024252174938,False,False,False,False,0,False,,,,us_stocks,4h,MINMAX|invert,pessimistic,fixed_transform,5.0,0.0,False,False,True,MINMAX,invert
-0.48256755096607673,0.15242165242165243,-0.42645434784584574,,-0.9606639210954264,,BIG,702,702,3.963024252174938,False,False,False,False,0,False,,,,us_stocks,4h,CORREL|hold10,pessimistic,fixed_transform,5.0,0.0,False,False,True,CORREL,hold10
-0.484687795128265,0.16381766381766383,-0.42207128693276236,,-0.964884764511959,,KG,702,702,3.963024252174938,False,False,False,False,0,False,,,,us_stocks,4h,ADXR|voltgt,pessimistic,fixed_transform,5.0,0.0,False,False,True,ADXR,voltgt
-0.48517486490600553,0.16666666666666666,-0.41532776638410823,,-0.9658543911716766,,KG,702,702,3.963024252174938,False,False,False,False,0,False,,,,us_stocks,4h,MINMAX|voltgt,pessimistic,fixed_transform,5.0,0.0,False,False,True,MINMAX,voltgt
-0.4858772886174471,0.14102564102564102,-0.4232451752133183,,-0.9672527303587044,,PSKY,702,702,3.963024252174938,False,False,False,False,0,False,-15.978958355398458,123.28570876047975,-139.2646671158782,us_stocks,4h,BEST[ADX],pessimistic,wf_transform,5.0,2.0,False,False,True,ADX,
-0.48692419367310663,0.16951566951566951,-0.4059317412145595,,-0.9693368404771139,,VFC,702,702,3.963024252174938,False,False,False,False,0,False,29.30470639910315,123.28570876047975,-93.9810023613766,us_stocks,4h,BEST[CDLDOJI],pessimistic,wf_transform,5.0,2.0,False,False,True,CDLDOJI,
-0.4876829828198148,0.13675213675213677,-0.42660443739471776,,-0.9708473882864351,,KG,702,702,3.963024252174938,False,False,False,False,0,False,,,,us_stocks,4h,ADX|confirm2,pessimistic,fixed_transform,5.0,0.0,False,False,True,ADX,confirm2
-0.48846456224809137,0.14814814814814814,-0.4365625319590683,,-0.9724033054978443,,KG,702,702,3.963024252174938,False,False,False,False,0,False,,,,us_stocks,4h,CDLHARAMI|hold10,pessimistic,fixed_transform,5.0,0.0,False,False,True,CDLHARAMI,hold10
-0.4895673267380897,0.15384615384615385,-0.4280522674129207,,-0.9745986169249922,,BIG,702,702,3.963024252174938,False,False,False,False,0,False,,,,us_stocks,4h,CORREL|base,pessimistic,fixed_transform,5.0,0.0,False,False,True,CORREL,base
-0.49160275913309703,0.16524216524216523,-0.4136645241254366,,-0.978650622622014,,KG,702,702,3.963024252174938,False,False,False,False,0,False,26.644485730591175,123.28570876047975,-96.64122302988858,us_stocks,4h,BEST[CDLLONGLEGGEDDOJI],pessimistic,wf_transform,5.0,2.0,False,False,True,CDLLONGLEGGEDDOJI,
-0.49463703142815413,0.15474452554744525,-0.370664291197031,,-0.9846910534690637,,KG,702,685,3.963024252174938,False,False,False,False,0,False,,,,us_stocks,4h,CDLDOJI|base,pessimistic,fixed_transform,5.0,0.0,False,False,True,CDLDOJI,base
-0.49463703142815413,0.15474452554744525,-0.370664291197031,,-0.9846910534690637,,KG,702,685,3.963024252174938,False,False,False,False,0,False,,,,us_stocks,4h,CDLDOJI|long_only,pessimistic,fixed_transform,5.0,0.0,False,False,True,CDLDOJI,long_only
-0.49518142536695425,0.14102564102564102,-0.4044683817838245,,-0.9857747973196839,,PSKY,702,702,3.963024252174938,False,False,False,False,0,False,,,,us_stocks,4h,HT_DCPHASE|confirm2,pessimistic,fixed_transform,5.0,0.0,False,False,True,HT_DCPHASE,confirm2
-0.4972803372846185,0.14245014245014245,-0.41655835080775155,,-0.9899531738989227,,APTV,702,702,3.963024252174938,False,False,False,False,0,False,32.88043079021524,123.28570876047975,-90.4052779702645,us_stocks,4h,BEST[HT_TRENDMODE],pessimistic,wf_transform,5.0,2.0,False,False,True,HT_TRENDMODE,
-0.500218583169267,0.1467236467236467,-0.44411712293961025,,-0.9958024416481489,,KG,702,702,3.963024252174938,False,False,False,False,0,False,,,,us_stocks,4h,ADXR|regime200,pessimistic,fixed_transform,5.0,0.0,False,False,True,ADXR,regime200
-0.5005022937173714,0.1452991452991453,-0.41566353988871535,,-0.9963672340529687,,PSKY,702,702,3.963024252174938,False,False,False,False,0,False,,,,us_stocks,4h,HT_DCPHASE|long_only,pessimistic,fixed_transform,5.0,0.0,False,False,True,HT_DCPHASE,long_only
-0.5041693762692111,0.15384615384615385,-0.44513475090467686,,-1.0036674221741517,,PSKY,702,702,3.963024252174938,False,False,False,False,0,False,,,,us_stocks,4h,MAXINDEX|voltgt,pessimistic,fixed_transform,5.0,0.0,False,False,True,MAXINDEX,voltgt
-0.5056796112213994,0.1467236467236467,-0.3868364436728038,,-1.0066738991493234,,KG,702,702,3.963024252174938,False,False,False,False,0,False,,,,us_stocks,4h,CDLLONGLEGGEDDOJI|base,pessimistic,fixed_transform,5.0,0.0,False,False,True,CDLLONGLEGGEDDOJI,base
-0.5056796112213994,0.1467236467236467,-0.3868364436728038,,-1.0066738991493234,,KG,702,702,3.963024252174938,False,False,False,False,0,False,,,,us_stocks,4h,CDLLONGLEGGEDDOJI|long_only,pessimistic,fixed_transform,5.0,0.0,False,False,True,CDLLONGLEGGEDDOJI,long_only
-0.5060087096360651,0.14245014245014245,-0.44765148493061035,,-1.0073290467505789,,KG,702,702,3.963024252174938,False,False,False,False,0,False,,,,us_stocks,4h,ADX|hold10,pessimistic,fixed_transform,5.0,0.0,False,False,True,ADX,hold10
-0.5085539260686991,0.13105413105413105,-0.4471034989566501,,-1.0123958971704126,,PSKY,702,702,3.963024252174938,False,False,False,False,0,False,,,,us_stocks,4h,MINMAX|regime200,pessimistic,fixed_transform,5.0,0.0,False,False,True,MINMAX,regime200
-0.5098722407455965,0.1396011396011396,-0.41520773791604143,,-1.0150203118129024,,PSKY,702,702,3.963024252174938,False,False,False,False,0,False,,,,us_stocks,4h,HT_DCPHASE|base,pessimistic,fixed_transform,5.0,0.0,False,False,True,HT_DCPHASE,base
-0.5105246792535512,0.14387464387464388,-0.4358438039961434,,-1.016319143725804,,KG,702,702,3.963024252174938,False,False,False,False,0,False,,,,us_stocks,4h,CDLHARAMI|confirm2,pessimistic,fixed_transform,5.0,0.0,False,False,True,CDLHARAMI,confirm2
-0.5117216167627354,0.13247863247863248,-0.4566978265898419,,-1.018701928640739,,KG,702,702,3.963024252174938,False,False,False,False,0,False,,,,us_stocks,4h,ADX|long_only,pessimistic,fixed_transform,5.0,0.0,False,False,True,ADX,long_only
-0.5117269535322234,0.150997150997151,-0.4355677689985471,,-1.018712552732417,,KG,702,702,3.963024252174938,False,False,False,False,0,False,,,,us_stocks,4h,CDLHARAMI|base,pessimistic,fixed_transform,5.0,0.0,False,False,True,CDLHARAMI,base
-0.5183669761160541,0.13817663817663817,-0.4542465105581327,,-1.031931075442398,,BIG,702,702,3.963024252174938,False,False,False,False,0,False,,,,us_stocks,4h,CORREL|voltgt,pessimistic,fixed_transform,5.0,0.0,False,False,True,CORREL,voltgt
-0.518485203114598,0.150997150997151,-0.46189552030133074,,-1.0321664340191883,,PSKY,702,702,3.963024252174938,False,False,False,False,0,False,,,,us_stocks,4h,CORREL|regime200,pessimistic,fixed_transform,5.0,0.0,False,False,True,CORREL,regime200
-0.5231241433217998,0.13247863247863248,-0.45650455745558516,,-1.041401332802283,,KG,702,702,3.963024252174938,False,False,False,False,0,False,,,,us_stocks,4h,ADX|base,pessimistic,fixed_transform,5.0,0.0,False,False,True,ADX,base
-0.5253929048392879,0.14814814814814814,-0.4775818073470656,,-1.045917834856881,,KG,702,702,3.963024252174938,False,False,False,False,0,False,,,,us_stocks,4h,CDLHARAMI|long_only,pessimistic,fixed_transform,5.0,0.0,False,False,True,CDLHARAMI,long_only
-0.5269488521132357,0.150997150997151,-0.38401206064886173,,-1.049015312932678,,KG,702,702,3.963024252174938,False,False,False,False,0,False,,,,us_stocks,4h,COS|confirm2,pessimistic,fixed_transform,5.0,0.0,False,False,True,COS,confirm2
-0.535267597102927,0.13532763532763534,-0.46841689134391956,,-1.0655757264217143,,KG,702,702,3.963024252174938,False,False,False,False,0,False,-6.746818301411638,123.28570876047975,-130.0325270618914,us_stocks,4h,BEST[CDLHARAMI],pessimistic,wf_transform,5.0,2.0,False,False,True,CDLHARAMI,
-0.5365830451472136,0.14957264957264957,-0.46362569798577,,-1.068194434359477,,KG,702,702,3.963024252174938,False,False,False,False,0,False,,,,us_stocks,4h,CDLHARAMI|voltgt,pessimistic,fixed_transform,5.0,0.0,False,False,True,CDLHARAMI,voltgt
-0.5458986523074637,0.11823361823361823,-0.48588072178737424,,-1.0867393358640118,,KG,702,702,3.963024252174938,False,False,False,False,0,False,,,,us_stocks,4h,ADX|regime200,pessimistic,fixed_transform,5.0,0.0,False,False,True,ADX,regime200
-0.5473174867659478,0.11823361823361823,-0.47865676514370364,,-1.0895638587138055,,KG,702,702,3.963024252174938,False,False,False,False,0,False,,,,us_stocks,4h,ADX|voltgt,pessimistic,fixed_transform,5.0,0.0,False,False,True,ADX,voltgt
-0.551957715152286,0.11965811965811966,-0.45546503144358885,,-1.0988013219196797,,PSKY,702,702,3.963024252174938,False,False,False,False,0,False,,,,us_stocks,4h,HT_DCPHASE|voltgt,pessimistic,fixed_transform,5.0,0.0,False,False,True,HT_DCPHASE,voltgt
-0.552413640187377,0.1339031339031339,-0.47024546687205965,,-1.0997089476625612,,PSKY,702,702,3.963024252174938,False,False,False,False,0,False,,,,us_stocks,4h,HT_DCPHASE|regime200,pessimistic,fixed_transform,5.0,0.0,False,False,True,HT_DCPHASE,regime200
-0.5540706646736179,0.1267806267806268,-0.4996816762962929,,-1.1030076436422567,,KG,702,702,3.963024252174938,False,False,False,False,0,False,,,,us_stocks,4h,CDLHARAMI|regime200,pessimistic,fixed_transform,5.0,0.0,False,False,True,CDLHARAMI,regime200
-0.5579216901832899,0.1452991452991453,-0.38539558387901895,,-1.1106740133742325,,HAR,702,702,3.963024252174938,False,False,False,False,0,False,21202632.258662444,123.28570876047975,21202508.972953685,us_stocks,4h,BEST[COS],pessimistic,wf_transform,5.0,2.0,False,False,True,COS,
-0.570236865959684,0.10968660968660969,-0.5448418072715588,,-1.135190259911418,,KG,702,702,3.963024252174938,False,False,False,False,0,False,,,,us_stocks,4h,MAXINDEX|invert,pessimistic,fixed_transform,5.0,0.0,False,False,True,MAXINDEX,invert
-0.5774467530296149,0.11253561253561253,-0.4673968651209248,,-1.1495432315718395,,KG,702,702,3.963024252174938,False,False,False,False,0,False,,,,us_stocks,4h,CDLDOJI|voltgt,pessimistic,fixed_transform,5.0,0.0,False,False,True,CDLDOJI,voltgt
-0.5831417212782609,0.10256410256410256,-0.474926392403882,,-1.160880401916811,,KG,702,702,3.963024252174938,False,False,False,False,0,False,,,,us_stocks,4h,CDLLONGLEGGEDDOJI|voltgt,pessimistic,fixed_transform,5.0,0.0,False,False,True,CDLLONGLEGGEDDOJI,voltgt
-0.5834442108837168,0.10826210826210826,-0.5291181843796355,,-1.161482578440877,,KG,702,702,3.963024252174938,False,False,False,False,0,False,,,,us_stocks,4h,CDLLONGLEGGEDDOJI|invert,pessimistic,fixed_transform,5.0,0.0,False,False,True,CDLLONGLEGGEDDOJI,invert
-0.5847198805332748,0.10826210826210826,-0.5594136243631662,,-1.1640220981518763,,KG,702,702,3.963024252174938,False,False,False,False,0,False,,,,us_stocks,4h,MININDEX|invert,pessimistic,fixed_transform,5.0,0.0,False,False,True,MININDEX,invert
-0.5852495426682918,0.11253561253561253,-0.5321308921487139,,-1.1650765148909679,,BIG,702,702,3.963024252174938,False,False,False,False,0,False,,,,us_stocks,4h,HT_TRENDMODE|invert,pessimistic,fixed_transform,5.0,0.0,False,False,True,HT_TRENDMODE,invert
-0.5853178974875695,0.10683760683760683,-0.5310654120325854,,-1.1652125911948588,,KG,702,702,3.963024252174938,False,False,False,False,0,False,,,,us_stocks,4h,CDLDOJI|invert,pessimistic,fixed_transform,5.0,0.0,False,False,True,CDLDOJI,invert
-0.5902462919837048,0.10398860398860399,-0.5608258448388597,,-1.175023716646382,,KG,702,702,3.963024252174938,False,False,False,False,0,False,,,,us_stocks,4h,CDLHARAMI|long_regime200,pessimistic,fixed_transform,5.0,0.0,False,False,True,CDLHARAMI,long_regime200
-0.5960215158158881,0.10398860398860399,-0.46901345878906464,,-1.1865206545584361,,PSKY,702,702,3.963024252174938,False,False,False,False,0,False,,,,us_stocks,4h,HT_TRENDMODE|voltgt,pessimistic,fixed_transform,5.0,0.0,False,False,True,HT_TRENDMODE,voltgt
-0.5970062405940807,0.10826210826210826,-0.5203693769492902,,-1.1884809802469836,,PSKY,702,702,3.963024252174938,False,False,False,False,0,False,,,,us_stocks,4h,CDLHARAMI|invert,pessimistic,fixed_transform,5.0,0.0,False,False,True,CDLHARAMI,invert
-0.5999443410927667,0.09829059829059829,-0.5660031101940025,,-1.1943299585713438,,KG,702,702,3.963024252174938,False,False,False,False,0,False,,,,us_stocks,4h,ADXR|long_regime200,pessimistic,fixed_transform,5.0,0.0,False,False,True,ADXR,long_regime200
-0.6053861797780641,0.10256410256410256,-0.5691594787200154,,-1.205163215135986,,PSKY,702,702,3.963024252174938,False,False,False,False,0,False,,,,us_stocks,4h,CORREL|long_regime200,pessimistic,fixed_transform,5.0,0.0,False,False,True,CORREL,long_regime200
-0.6067178127146512,0.09116809116809117,-0.5672796095727589,,-1.2078141428988671,,PSKY,702,702,3.963024252174938,False,False,False,False,0,False,,,,us_stocks,4h,MINMAX|long_regime200,pessimistic,fixed_transform,5.0,0.0,False,False,True,MINMAX,long_regime200
-0.6128636480053669,0.1282051282051282,-0.3521049742263414,,-1.2200488698650005,,HAR,702,702,3.963024252174938,False,False,False,False,0,False,,,,us_stocks,4h,COS|long_only,pessimistic,fixed_transform,5.0,0.0,False,False,True,COS,long_only
-0.6133565681895498,0.0898716119828816,-0.5724881678749801,,-1.2210301431312536,,KG,702,701,3.963024252174938,False,False,False,False,0,False,,,,us_stocks,4h,MININDEX|long_regime200,pessimistic,fixed_transform,5.0,0.0,False,False,True,MININDEX,long_regime200
-0.6133565681895498,0.0898716119828816,-0.5724881678749801,,-1.2210301431312536,,KG,702,701,3.963024252174938,False,False,False,False,0,False,,,,us_stocks,4h,MININDEX|regime200,pessimistic,fixed_transform,5.0,0.0,False,False,True,MININDEX,regime200
-0.6141593044956057,0.12535612535612536,-0.4233913302734518,,-1.2226281780713102,,PSKY,702,702,3.963024252174938,False,False,False,False,0,False,,,,us_stocks,4h,COS|regime200,pessimistic,fixed_transform,5.0,0.0,False,False,True,COS,regime200
-0.623113319573506,0.1267806267806268,-0.3513570925902383,,-1.2404532457060131,,HAR,702,702,3.963024252174938,False,False,False,False,0,False,,,,us_stocks,4h,COS|base,pessimistic,fixed_transform,5.0,0.0,False,False,True,COS,base
-0.6278469801305754,0.09415121255349501,-0.5874027856351962,,-1.2498767075670214,,PSKY,702,701,3.963024252174938,False,False,False,False,0,False,,,,us_stocks,4h,MAXINDEX|long_regime200,pessimistic,fixed_transform,5.0,0.0,False,False,True,MAXINDEX,long_regime200
-0.6278469801305754,0.09415121255349501,-0.5874027856351962,,-1.2498767075670214,,PSKY,702,701,3.963024252174938,False,False,False,False,0,False,,,,us_stocks,4h,MAXINDEX|regime200,pessimistic,fixed_transform,5.0,0.0,False,False,True,MAXINDEX,regime200
-0.6334431482693719,0.08831908831908832,-0.5969951011911304,,-1.2610171931147194,,KG,702,702,3.963024252174938,False,False,False,False,0,False,,,,us_stocks,4h,ADX|long_regime200,pessimistic,fixed_transform,5.0,0.0,False,False,True,ADX,long_regime200
-0.6353982906273862,0.10541310541310542,-0.5805547047624189,,-1.2649093626569723,,PSKY,702,702,3.963024252174938,False,False,False,False,0,False,,,,us_stocks,4h,HT_DCPHASE|long_regime200,pessimistic,fixed_transform,5.0,0.0,False,False,True,HT_DCPHASE,long_regime200
-0.6443370711754194,0.09259259259259259,-0.5776553226639588,,-1.2827041023859367,,KG,702,702,3.963024252174938,False,False,False,False,0,False,,,,us_stocks,4h,CDLLONGLEGGEDDOJI|long_regime200,pessimistic,fixed_transform,5.0,0.0,False,False,True,CDLLONGLEGGEDDOJI,long_regime200
-0.6443370711754194,0.09259259259259259,-0.5776553226639588,,-1.2827041023859367,,KG,702,702,3.963024252174938,False,False,False,False,0,False,,,,us_stocks,4h,CDLLONGLEGGEDDOJI|regime200,pessimistic,fixed_transform,5.0,0.0,False,False,True,CDLLONGLEGGEDDOJI,regime200
-0.6449592033996532,0.1168091168091168,-0.3870110798011029,,-1.283942602531203,,HAR,702,702,3.963024252174938,False,False,False,False,0,False,,,,us_stocks,4h,COS|voltgt,pessimistic,fixed_transform,5.0,0.0,False,False,True,COS,voltgt
-0.6619710471779561,0.09544159544159544,-0.5940530168140011,,-1.317808668569854,,PSKY,702,702,3.963024252174938,False,False,False,False,0,False,,,,us_stocks,4h,CDLDOJI|long_regime200,pessimistic,fixed_transform,5.0,0.0,False,False,True,CDLDOJI,long_regime200
-0.6619710471779561,0.09544159544159544,-0.5940530168140011,,-1.317808668569854,,PSKY,702,702,3.963024252174938,False,False,False,False,0,False,,,,us_stocks,4h,CDLDOJI|regime200,pessimistic,fixed_transform,5.0,0.0,False,False,True,CDLDOJI,regime200
-0.6773316735827787,0.07977207977207977,-0.6076712447507292,,-1.348387599049115,,KG,702,702,3.963024252174938,False,False,False,False,0,False,,,,us_stocks,4h,HT_TRENDMODE|long_regime200,pessimistic,fixed_transform,5.0,0.0,False,False,True,HT_TRENDMODE,long_regime200
-0.6773316735827787,0.07977207977207977,-0.6076712447507292,,-1.348387599049115,,KG,702,702,3.963024252174938,False,False,False,False,0,False,,,,us_stocks,4h,HT_TRENDMODE|regime200,pessimistic,fixed_transform,5.0,0.0,False,False,True,HT_TRENDMODE,regime200
-0.6834848045156892,0.09116809116809117,-0.5504351775953157,,-1.360636849702603,,PSKY,702,702,3.963024252174938,False,False,False,False,0,False,,,,us_stocks,4h,COS|long_regime200,pessimistic,fixed_transform,5.0,0.0,False,False,True,COS,long_regime200
-0.7190020178836733,0.11253561253561253,-0.44640843772592503,,-1.4313421952903116,,PSKY,702,702,3.963024252174938,False,False,False,False,0,False,,,,us_stocks,4h,COS|invert,pessimistic,fixed_transform,5.0,0.0,False,False,True,COS,invert
-0.2023260544567367,0.3557142857142857,-0.1933763624779227,,-0.4027774773191059,,AMTM,702,700,3.963024252174938,False,False,False,False,0,False,,,,us_stocks,4h,MININDEX|base,retail,fixed_transform,5.0,0.0,False,False,True,MININDEX,base
-0.2023260544567367,0.3557142857142857,-0.1933763624779227,,-0.4027774773191059,,AMTM,702,700,3.963024252174938,False,False,False,False,0,False,,,,us_stocks,4h,MININDEX|long_only,retail,fixed_transform,5.0,0.0,False,False,True,MININDEX,long_only
-0.21797782073853772,0.32142857142857145,-0.20980945791898087,,-0.43393599002523925,,ARE,702,700,3.963024252174938,False,False,False,False,0,False,,,,us_stocks,4h,MININDEX|hold10,retail,fixed_transform,5.0,0.0,False,False,True,MININDEX,hold10
-0.2187399726016022,0.33,-0.2101358477386434,,-0.4354532321103648,,KG,702,700,3.963024252174938,False,False,False,False,0,False,,,,us_stocks,4h,MININDEX|confirm2,retail,fixed_transform,5.0,0.0,False,False,True,MININDEX,confirm2
-0.2641044541073614,0.29101283880171186,-0.25610162823792537,,-0.5257618751066427,,PSKY,702,701,3.963024252174938,False,False,False,False,0,False,,,,us_stocks,4h,MAXINDEX|hold10,retail,fixed_transform,5.0,0.0,False,False,True,MAXINDEX,hold10
-0.2708153021016849,0.28815977175463625,-0.2621000958292662,,-0.5391213924119317,,PSKY,702,701,3.963024252174938,False,False,False,False,0,False,,,,us_stocks,4h,MAXINDEX|base,retail,fixed_transform,5.0,0.0,False,False,True,MAXINDEX,base
-0.2708153021016849,0.28815977175463625,-0.2621000958292662,,-0.5391213924119317,,PSKY,702,701,3.963024252174938,False,False,False,False,0,False,,,,us_stocks,4h,MAXINDEX|long_only,retail,fixed_transform,5.0,0.0,False,False,True,MAXINDEX,long_only
-0.2790242126478766,0.29243937232524964,-0.2706076050362105,,-0.5554631546738963,,PSKY,702,701,3.963024252174938,False,False,False,False,0,False,,,,us_stocks,4h,MAXINDEX|confirm2,retail,fixed_transform,5.0,0.0,False,False,True,MAXINDEX,confirm2
-0.3355122128200983,0.25213675213675213,-0.32051948695886284,,-0.6679157711659247,,PSKY,702,702,3.963024252174938,False,False,False,False,0,False,,,,us_stocks,4h,HT_TRENDMODE|confirm2,retail,fixed_transform,5.0,0.0,False,False,True,HT_TRENDMODE,confirm2
-0.3363078141361066,0.24561403508771928,-0.3189592088463465,,-0.6694996022344147,,BIG,702,684,3.963024252174938,False,False,False,False,0,False,,,,us_stocks,4h,CDLDOJI|confirm2,retail,fixed_transform,5.0,0.0,False,False,True,CDLDOJI,confirm2
-0.34589909769096344,0.23219373219373218,-0.32961898949957713,,-0.6885933022764107,,PSKY,702,702,3.963024252174938,False,False,False,False,0,False,,,,us_stocks,4h,CDLLONGLEGGEDDOJI|confirm2,retail,fixed_transform,5.0,0.0,False,False,True,CDLLONGLEGGEDDOJI,confirm2
-0.3548940991205565,0.21937321937321938,-0.3323602449859578,,-0.7064999628596029,,PSKY,702,702,3.963024252174938,False,False,False,False,0,False,,,,us_stocks,4h,HT_TRENDMODE|base,retail,fixed_transform,5.0,0.0,False,False,True,HT_TRENDMODE,base
-0.3548940991205565,0.21937321937321938,-0.3323602449859578,,-0.7064999628596029,,PSKY,702,702,3.963024252174938,False,False,False,False,0,False,,,,us_stocks,4h,HT_TRENDMODE|long_only,retail,fixed_transform,5.0,0.0,False,False,True,HT_TRENDMODE,long_only
-0.3567956211567642,0.22792022792022792,-0.3446381474501268,,-0.7102853885719113,,PSKY,702,702,3.963024252174938,False,False,False,False,0,False,,,,us_stocks,4h,ADX|invert,retail,fixed_transform,5.0,0.0,False,False,True,ADX,invert
-0.36167085765366025,0.21225071225071226,-0.3538107155584634,,-0.7199906905550214,,PSKY,702,702,3.963024252174938,False,False,False,False,0,False,54.2757547959043,123.28570876047975,-69.00995396457546,us_stocks,4h,BEST[MAXINDEX],retail,wf_transform,5.0,2.0,False,False,True,MAXINDEX,
-0.3657693735539692,0.2150997150997151,-0.3555509934320785,,-0.7281497479710878,,KG,702,702,3.963024252174938,False,False,False,False,0,False,,,,us_stocks,4h,HT_TRENDMODE|hold10,retail,fixed_transform,5.0,0.0,False,False,True,HT_TRENDMODE,hold10
-0.369094801641575,0.21794871794871795,-0.3618660358484518,,-0.7347697927286865,,KG,702,702,3.963024252174938,False,False,False,False,0,False,48.400414443829256,123.28570876047975,-74.88529431665049,us_stocks,4h,BEST[MININDEX],retail,wf_transform,5.0,2.0,False,False,True,MININDEX,
-0.3740511907003366,0.20512820512820512,-0.36273332663642616,,-0.7446366479246735,,KG,702,702,3.963024252174938,False,False,False,False,0,False,,,,us_stocks,4h,MINMAX|confirm2,retail,fixed_transform,5.0,0.0,False,False,True,MINMAX,confirm2
-0.381755356335274,0.2094017094017094,-0.37083853304050135,,-0.7599735970270551,,KG,702,702,3.963024252174938,False,False,False,False,0,False,,,,us_stocks,4h,CDLLONGLEGGEDDOJI|hold10,retail,fixed_transform,5.0,0.0,False,False,True,CDLLONGLEGGEDDOJI,hold10
-0.3860431770643475,0.21313868613138687,-0.3747988833261551,,-0.7685095101159058,,PSKY,702,685,3.963024252174938,False,False,False,False,0,False,,,,us_stocks,4h,CDLDOJI|hold10,retail,fixed_transform,5.0,0.0,False,False,True,CDLDOJI,hold10
-0.3885221787172329,0.20655270655270655,-0.37773364579318036,,-0.7734445444825874,,KG,702,702,3.963024252174938,False,False,False,False,0,False,,,,us_stocks,4h,MINMAX|hold10,retail,fixed_transform,5.0,0.0,False,False,True,MINMAX,hold10
-0.3903350413377478,0.20583941605839415,-0.370664291197031,,-0.7770534728283592,,KG,702,685,3.963024252174938,False,False,False,False,0,False,,,,us_stocks,4h,CDLDOJI|base,retail,fixed_transform,5.0,0.0,False,False,True,CDLDOJI,base
-0.3903350413377478,0.20583941605839415,-0.370664291197031,,-0.7770534728283592,,KG,702,685,3.963024252174938,False,False,False,False,0,False,,,,us_stocks,4h,CDLDOJI|long_only,retail,fixed_transform,5.0,0.0,False,False,True,CDLDOJI,long_only
-0.39133199450165357,0.21225071225071226,-0.3824730185856929,,-0.7790381419874621,,KG,702,702,3.963024252174938,False,False,False,False,0,False,,,,us_stocks,4h,MINMAX|long_only,retail,fixed_transform,5.0,0.0,False,False,True,MINMAX,long_only
-0.39271294718686733,0.2037037037037037,-0.3521049742263414,,-0.781787252280454,,HAR,702,702,3.963024252174938,False,False,False,False,0,False,,,,us_stocks,4h,COS|long_only,retail,fixed_transform,5.0,0.0,False,False,True,COS,long_only
-0.39281680335999636,0.2207977207977208,-0.383744661174931,,-0.7819940023578439,,KG,702,702,3.963024252174938,False,False,False,False,0,False,,,,us_stocks,4h,ADXR|hold10,retail,fixed_transform,5.0,0.0,False,False,True,ADXR,hold10
-0.3932039128402905,0.21367521367521367,-0.380992808151924,,-0.7827646345946947,,KG,702,702,3.963024252174938,False,False,False,False,0,False,,,,us_stocks,4h,MINMAX|base,retail,fixed_transform,5.0,0.0,False,False,True,MINMAX,base
-0.3943000075563645,0.21082621082621084,-0.38786646810285186,,-0.7849466682721097,,PSKY,702,702,3.963024252174938,False,False,False,False,0,False,4.272059600540506,123.28570876047975,-119.01364915993925,us_stocks,4h,BEST[CORREL],retail,wf_transform,5.0,2.0,False,False,True,CORREL,
-0.39526119923966135,0.20512820512820512,-0.3513570925902383,,-0.7868601458143764,,HAR,702,702,3.963024252174938,False,False,False,False,0,False,,,,us_stocks,4h,COS|base,retail,fixed_transform,5.0,0.0,False,False,True,COS,base
-0.3963081858588821,0.18518518518518517,-0.3869960074449843,,-0.7889444183041895,,KG,702,702,3.963024252174938,False,False,False,False,0,False,,,,us_stocks,4h,MININDEX|voltgt,retail,fixed_transform,5.0,0.0,False,False,True,MININDEX,voltgt
-0.40064603206326493,0.20085470085470086,-0.39300164583864483,,-0.797579918837677,,KG,702,702,3.963024252174938,False,False,False,False,0,False,,,,us_stocks,4h,ADXR|long_only,retail,fixed_transform,5.0,0.0,False,False,True,ADXR,long_only
-0.40162240031921853,0.2022792022792023,-0.3915260865298423,,-0.7995236089082582,,KG,702,702,3.963024252174938,False,False,False,False,0,False,,,,us_stocks,4h,ADXR|confirm2,retail,fixed_transform,5.0,0.0,False,False,True,ADXR,confirm2
-0.40236692534961216,0.2022792022792023,-0.391321619526011,,-0.8010057606476775,,KG,702,702,3.963024252174938,False,False,False,False,0,False,,,,us_stocks,4h,CORREL|invert,retail,fixed_transform,5.0,0.0,False,False,True,CORREL,invert
-0.4031661109723304,0.22507122507122507,-0.38816420010970615,,-0.8025967271195561,,KG,702,702,3.963024252174938,False,False,False,False,0,False,,,,us_stocks,4h,HT_DCPHASE|invert,retail,fixed_transform,5.0,0.0,False,False,True,HT_DCPHASE,invert
-0.40345449937710787,0.19230769230769232,-0.3918890378678966,,-0.8031708318955141,,KG,702,702,3.963024252174938,False,False,False,False,0,False,8.409919458201777,123.28570876047975,-114.87578930227798,us_stocks,4h,BEST[MINMAX],retail,wf_transform,5.0,2.0,False,False,True,MINMAX,
-0.4037673266914756,0.20085470085470086,-0.3927389864222793,,-0.8037935880544075,,KG,702,702,3.963024252174938,False,False,False,False,0,False,,,,us_stocks,4h,ADXR|base,retail,fixed_transform,5.0,0.0,False,False,True,ADXR,base
-0.4051525478510726,0.19943019943019943,-0.39018918893349924,,-0.806551195747048,,KG,702,702,3.963024252174938,False,False,False,False,0,False,,,,us_stocks,4h,COS|hold10,retail,fixed_transform,5.0,0.0,False,False,True,COS,hold10
-0.4053415447288656,0.19230769230769232,-0.3868364436728038,,-0.806927438371178,,KG,702,702,3.963024252174938,False,False,False,False,0,False,,,,us_stocks,4h,CDLLONGLEGGEDDOJI|base,retail,fixed_transform,5.0,0.0,False,False,True,CDLLONGLEGGEDDOJI,base
-0.4053415447288656,0.19230769230769232,-0.3868364436728038,,-0.806927438371178,,KG,702,702,3.963024252174938,False,False,False,False,0,False,,,,us_stocks,4h,CDLLONGLEGGEDDOJI|long_only,retail,fixed_transform,5.0,0.0,False,False,True,CDLLONGLEGGEDDOJI,long_only
-0.4078518483521105,0.20797720797720798,-0.38401206064886173,,-0.8119247866533381,,KG,702,702,3.963024252174938,False,False,False,False,0,False,,,,us_stocks,4h,COS|confirm2,retail,fixed_transform,5.0,0.0,False,False,True,COS,confirm2
-0.40930471373977745,0.2094017094017094,-0.4021219567315974,,-0.8148170560513649,,PSKY,702,702,3.963024252174938,False,False,False,False,0,False,3.674675781262163,123.28570876047975,-119.61103297921758,us_stocks,4h,BEST[HT_DCPHASE],retail,wf_transform,5.0,2.0,False,False,True,HT_DCPHASE,
-0.41228600866562043,0.19230769230769232,-0.3989638242484687,,-0.8207520230164429,,PSKY,702,702,3.963024252174938,False,False,False,False,0,False,,,,us_stocks,4h,HT_DCPHASE|hold10,retail,fixed_transform,5.0,0.0,False,False,True,HT_DCPHASE,hold10
-0.41433784687832675,0.20797720797720798,-0.38539558387901895,,-0.8248366883424181,,HAR,702,702,3.963024252174938,False,False,False,False,0,False,23752226.78236246,123.28570876047975,23752103.496653702,us_stocks,4h,BEST[COS],retail,wf_transform,5.0,2.0,False,False,True,COS,
-0.4186118384460233,0.1908831908831909,-0.4059317412145595,,-0.8333450712412109,,VFC,702,702,3.963024252174938,False,False,False,False,0,False,39.3210396611114,123.28570876047975,-83.96466909936835,us_stocks,4h,BEST[CDLDOJI],retail,wf_transform,5.0,2.0,False,False,True,CDLDOJI,
-0.4200064306873733,0.18091168091168092,-0.4044683817838245,,-0.8361213342705475,,PSKY,702,702,3.963024252174938,False,False,False,False,0,False,,,,us_stocks,4h,HT_DCPHASE|confirm2,retail,fixed_transform,5.0,0.0,False,False,True,HT_DCPHASE,confirm2
-0.422665641864619,0.18803418803418803,-0.41165029298313105,,-0.841415117972828,,PSKY,702,702,3.963024252174938,False,False,False,False,0,False,,,,us_stocks,4h,ADXR|invert,retail,fixed_transform,5.0,0.0,False,False,True,ADXR,invert
-0.42268295172192083,0.1866096866096866,-0.4121871898996276,,-0.8414495773046995,,KG,702,702,3.963024252174938,False,False,False,False,0,False,,,,us_stocks,4h,CORREL|confirm2,retail,fixed_transform,5.0,0.0,False,False,True,CORREL,confirm2
-0.42569649005830695,0.18803418803418803,-0.4136645241254366,,-0.8474487323428044,,KG,702,702,3.963024252174938,False,False,False,False,0,False,36.93957330209334,123.28570876047975,-86.34613545838641,us_stocks,4h,BEST[CDLLONGLEGGEDDOJI],retail,wf_transform,5.0,2.0,False,False,True,CDLLONGLEGGEDDOJI,
-0.4277353010897693,0.19373219373219372,-0.41532776638410823,,-0.8515074640083219,,KG,702,702,3.963024252174938,False,False,False,False,0,False,,,,us_stocks,4h,MINMAX|voltgt,retail,fixed_transform,5.0,0.0,False,False,True,MINMAX,voltgt
-0.4282740270631923,0.19373219373219372,-0.4164741496191494,,-0.8525799244441477,,PSKY,702,702,3.963024252174938,False,False,False,False,0,False,,,,us_stocks,4h,MINMAX|invert,retail,fixed_transform,5.0,0.0,False,False,True,MINMAX,invert
-0.4286747167135178,0.18233618233618235,-0.3870110798011029,,-0.8533775911953693,,HAR,702,702,3.963024252174938,False,False,False,False,0,False,,,,us_stocks,4h,COS|voltgt,retail,fixed_transform,5.0,0.0,False,False,True,COS,voltgt
-0.4288669916010034,0.18091168091168092,-0.41566353988871535,,-0.853760359466817,,PSKY,702,702,3.963024252174938,False,False,False,False,0,False,,,,us_stocks,4h,HT_DCPHASE|long_only,retail,fixed_transform,5.0,0.0,False,False,True,HT_DCPHASE,long_only
-0.43135708213663615,0.1794871794871795,-0.41520773791604143,,-0.8587174688560717,,PSKY,702,702,3.963024252174938,False,False,False,False,0,False,,,,us_stocks,4h,HT_DCPHASE|base,retail,fixed_transform,5.0,0.0,False,False,True,HT_DCPHASE,base
-0.43201507309095144,0.18233618233618235,-0.4232451752133183,,-0.8600273542160641,,PSKY,702,702,3.963024252174938,False,False,False,False,0,False,-8.409380909840905,123.28570876047975,-131.69508967032067,us_stocks,4h,BEST[ADX],retail,wf_transform,5.0,2.0,False,False,True,ADX,
-0.4320156198873691,0.18518518518518517,-0.41655835080775155,,-0.8600284427426125,,APTV,702,702,3.963024252174938,False,False,False,False,0,False,43.30512490058856,123.28570876047975,-79.9805838598912,us_stocks,4h,BEST[HT_TRENDMODE],retail,wf_transform,5.0,2.0,False,False,True,HT_TRENDMODE,
-0.43337073405690996,0.19230769230769232,-0.42207128693276236,,-0.8627261154084123,,KG,702,702,3.963024252174938,False,False,False,False,0,False,,,,us_stocks,4h,ADXR|voltgt,retail,fixed_transform,5.0,0.0,False,False,True,ADXR,voltgt
-0.4334947987740229,0.18376068376068377,-0.4236091203399806,,-0.8629730953335496,,RDC,702,702,3.963024252174938,False,False,False,False,0,False,-2.4844389107679508,123.28570876047975,-125.7701476712477,us_stocks,4h,BEST[ADXR],retail,wf_transform,5.0,2.0,False,False,True,ADXR,
-0.4364806552044388,0.17663817663817663,-0.42847363677005607,,-0.868917143043614,,HRL,702,702,3.963024252174938,False,False,False,False,0,False,,,,us_stocks,4h,CORREL|long_only,retail,fixed_transform,5.0,0.0,False,False,True,CORREL,long_only
-0.4366495746470106,0.17663817663817663,-0.42645434784584574,,-0.8692534168227469,,BIG,702,702,3.963024252174938,False,False,False,False,0,False,,,,us_stocks,4h,CORREL|hold10,retail,fixed_transform,5.0,0.0,False,False,True,CORREL,hold10
-0.43779170864143946,0.16951566951566951,-0.42660443739471776,,-0.8715271024845944,,KG,702,702,3.963024252174938,False,False,False,False,0,False,,,,us_stocks,4h,ADX|confirm2,retail,fixed_transform,5.0,0.0,False,False,True,ADX,confirm2
-0.43909161708053196,0.17806267806267806,-0.4280522674129207,,-0.8741148751926094,,HRL,702,702,3.963024252174938,False,False,False,False,0,False,,,,us_stocks,4h,CORREL|base,retail,fixed_transform,5.0,0.0,False,False,True,CORREL,base
-0.4454646448161207,0.17094017094017094,-0.4365625319590683,,-0.8868018820198691,,KG,702,702,3.963024252174938,False,False,False,False,0,False,,,,us_stocks,4h,CDLHARAMI|hold10,retail,fixed_transform,5.0,0.0,False,False,True,CDLHARAMI,hold10
-0.4481808884284981,0.18803418803418803,-0.4355677689985471,,-0.8922092021641536,,KG,702,702,3.963024252174938,False,False,False,False,0,False,,,,us_stocks,4h,CDLHARAMI|base,retail,fixed_transform,5.0,0.0,False,False,True,CDLHARAMI,base
-0.4482264234214826,0.18091168091168092,-0.4358438039961434,,-0.8922998502502504,,KG,702,702,3.963024252174938,False,False,False,False,0,False,,,,us_stocks,4h,CDLHARAMI|confirm2,retail,fixed_transform,5.0,0.0,False,False,True,CDLHARAMI,confirm2
-0.45391541398790225,0.17806267806267806,-0.44411712293961025,,-0.9036251206163795,,KG,702,702,3.963024252174938,False,False,False,False,0,False,,,,us_stocks,4h,ADXR|regime200,retail,fixed_transform,5.0,0.0,False,False,True,ADXR,regime200
-0.4541491669705894,0.18091168091168092,-0.4233913302734518,,-0.9040904607671344,,PSKY,702,702,3.963024252174938,False,False,False,False,0,False,,,,us_stocks,4h,COS|regime200,retail,fixed_transform,5.0,0.0,False,False,True,COS,regime200
-0.45433837724097165,0.16809116809116809,-0.44513475090467686,,-0.9044671281992753,,PSKY,702,702,3.963024252174938,False,False,False,False,0,False,,,,us_stocks,4h,MAXINDEX|voltgt,retail,fixed_transform,5.0,0.0,False,False,True,MAXINDEX,voltgt
-0.4577114888137856,0.15242165242165243,-0.4471034989566501,,-0.9111820981207809,,PSKY,702,702,3.963024252174938,False,False,False,False,0,False,,,,us_stocks,4h,MINMAX|regime200,retail,fixed_transform,5.0,0.0,False,False,True,MINMAX,regime200
-0.4584025217994378,0.15954415954415954,-0.44765148493061035,,-0.9125577613958477,,KG,702,702,3.963024252174938,False,False,False,False,0,False,,,,us_stocks,4h,ADX|hold10,retail,fixed_transform,5.0,0.0,False,False,True,ADX,hold10
-0.4652741848985952,0.1452991452991453,-0.4566978265898419,,-0.9262374188947152,,KG,702,702,3.963024252174938,False,False,False,False,0,False,,,,us_stocks,4h,ADX|long_only,retail,fixed_transform,5.0,0.0,False,False,True,ADX,long_only
-0.4656026884202079,0.16951566951566951,-0.4542465105581327,,-0.926891382221786,,BIG,702,702,3.963024252174938,False,False,False,False,0,False,,,,us_stocks,4h,CORREL|voltgt,retail,fixed_transform,5.0,0.0,False,False,True,CORREL,voltgt
-0.46855985359459634,0.1467236467236467,-0.45650455745558516,,-0.9327783132557265,,KG,702,702,3.963024252174938,False,False,False,False,0,False,,,,us_stocks,4h,ADX|base,retail,fixed_transform,5.0,0.0,False,False,True,ADX,base
-0.47164899130933907,0.17236467236467237,-0.46189552030133074,,-0.9389279665921505,,PSKY,702,702,3.963024252174938,False,False,False,False,0,False,,,,us_stocks,4h,CORREL|regime200,retail,fixed_transform,5.0,0.0,False,False,True,CORREL,regime200
-0.4718222350549032,0.15527065527065528,-0.45546503144358885,,-0.939272848910876,,PSKY,702,702,3.963024252174938,False,False,False,False,0,False,,,,us_stocks,4h,HT_DCPHASE|voltgt,retail,fixed_transform,5.0,0.0,False,False,True,HT_DCPHASE,voltgt
-0.47567905218681933,0.16524216524216523,-0.46362569798577,,-0.94695074822565,,KG,702,702,3.963024252174938,False,False,False,False,0,False,,,,us_stocks,4h,CDLHARAMI|voltgt,retail,fixed_transform,5.0,0.0,False,False,True,CDLHARAMI,voltgt
-0.4784945293453215,0.15954415954415954,-0.46841689134391956,,-0.9525556160237988,,KG,702,702,3.963024252174938,False,False,False,False,0,False,1.0914120705747423,123.28570876047975,-122.194296689905,us_stocks,4h,BEST[CDLHARAMI],retail,wf_transform,5.0,2.0,False,False,True,CDLHARAMI,
-0.48390986701720906,0.15669515669515668,-0.47024546687205965,,-0.9633361161040808,,PSKY,702,702,3.963024252174938,False,False,False,False,0,False,,,,us_stocks,4h,HT_DCPHASE|regime200,retail,fixed_transform,5.0,0.0,False,False,True,HT_DCPHASE,regime200
-0.48453152690587703,0.1467236467236467,-0.4673968651209248,,-0.9645736759545928,,KG,702,702,3.963024252174938,False,False,False,False,0,False,,,,us_stocks,4h,CDLDOJI|voltgt,retail,fixed_transform,5.0,0.0,False,False,True,CDLDOJI,voltgt
-0.485033392154003,0.16096866096866097,-0.4775818073470656,,-0.9655727564691466,,KG,702,702,3.963024252174938,False,False,False,False,0,False,,,,us_stocks,4h,CDLHARAMI|long_only,retail,fixed_transform,5.0,0.0,False,False,True,CDLHARAMI,long_only
-0.48880627369398655,0.13532763532763534,-0.46901345878906464,,-0.9730835622967933,,PSKY,702,702,3.963024252174938,False,False,False,False,0,False,,,,us_stocks,4h,HT_TRENDMODE|voltgt,retail,fixed_transform,5.0,0.0,False,False,True,HT_TRENDMODE,voltgt
-0.49045242594694727,0.19373219373219372,-0.44640843772592503,,-0.9763606145455063,,PSKY,702,702,3.963024252174938,False,False,False,False,0,False,,,,us_stocks,4h,COS|invert,retail,fixed_transform,5.0,0.0,False,False,True,COS,invert
-0.49093943201945467,0.14387464387464388,-0.47865676514370364,,-0.9773301143850119,,KG,702,702,3.963024252174938,False,False,False,False,0,False,,,,us_stocks,4h,ADX|voltgt,retail,fixed_transform,5.0,0.0,False,False,True,ADX,voltgt
-0.49177539235528606,0.14387464387464388,-0.474926392403882,,-0.9789942895507319,,KG,702,702,3.963024252174938,False,False,False,False,0,False,,,,us_stocks,4h,CDLLONGLEGGEDDOJI|voltgt,retail,fixed_transform,5.0,0.0,False,False,True,CDLLONGLEGGEDDOJI,voltgt
-0.4963226953719771,0.13532763532763534,-0.48588072178737424,,-0.9880467630079258,,KG,702,702,3.963024252174938,False,False,False,False,0,False,,,,us_stocks,4h,ADX|regime200,retail,fixed_transform,5.0,0.0,False,False,True,ADX,regime200
-0.508640392340098,0.1452991452991453,-0.4996816762962929,,-1.0125680285687177,,KG,702,702,3.963024252174938,False,False,False,False,0,False,,,,us_stocks,4h,CDLHARAMI|regime200,retail,fixed_transform,5.0,0.0,False,False,True,CDLHARAMI,regime200
-0.5330604646034778,0.12535612535612536,-0.5203693769492902,,-1.0611819113857606,,PSKY,702,702,3.963024252174938,False,False,False,False,0,False,,,,us_stocks,4h,CDLHARAMI|invert,retail,fixed_transform,5.0,0.0,False,False,True,CDLHARAMI,invert
-0.5391875902147655,0.1267806267806268,-0.5291181843796355,,-1.0733793923456802,,KG,702,702,3.963024252174938,False,False,False,False,0,False,,,,us_stocks,4h,CDLLONGLEGGEDDOJI|invert,retail,fixed_transform,5.0,0.0,False,False,True,CDLLONGLEGGEDDOJI,invert
-0.5412017678416655,0.12535612535612536,-0.5310654120325854,,-1.0773890854403918,,KG,702,702,3.963024252174938,False,False,False,False,0,False,,,,us_stocks,4h,CDLDOJI|invert,retail,fixed_transform,5.0,0.0,False,False,True,CDLDOJI,invert
-0.5421801449863931,0.12393162393162394,-0.5321308921487139,,-1.0793367746753653,,BIG,702,702,3.963024252174938,False,False,False,False,0,False,,,,us_stocks,4h,HT_TRENDMODE|invert,retail,fixed_transform,5.0,0.0,False,False,True,HT_TRENDMODE,invert
-0.5508191282762265,0.11253561253561253,-0.5448418072715588,,-1.0965346976291044,,KG,702,702,3.963024252174938,False,False,False,False,0,False,,,,us_stocks,4h,MAXINDEX|invert,retail,fixed_transform,5.0,0.0,False,False,True,MAXINDEX,invert
-0.5653666191452743,0.11396011396011396,-0.5594136243631662,,-1.125494891061882,,KG,702,702,3.963024252174938,False,False,False,False,0,False,,,,us_stocks,4h,MININDEX|invert,retail,fixed_transform,5.0,0.0,False,False,True,MININDEX,invert
-0.565413577618358,0.1168091168091168,-0.5608258448388597,,-1.1255883729190665,,KG,702,702,3.963024252174938,False,False,False,False,0,False,,,,us_stocks,4h,CDLHARAMI|long_regime200,retail,fixed_transform,5.0,0.0,False,False,True,CDLHARAMI,long_regime200
-0.5711703598792724,0.11538461538461539,-0.5504351775953157,,-1.1370485985570964,,PSKY,702,702,3.963024252174938,False,False,False,False,0,False,,,,us_stocks,4h,COS|long_regime200,retail,fixed_transform,5.0,0.0,False,False,True,COS,long_regime200
-0.5712993136351389,0.10398860398860399,-0.5660031101940025,,-1.1373053112608464,,KG,702,702,3.963024252174938,False,False,False,False,0,False,,,,us_stocks,4h,ADXR|long_regime200,retail,fixed_transform,5.0,0.0,False,False,True,ADXR,long_regime200
-0.5734425378410973,0.10398860398860399,-0.5672796095727589,,-1.1415719018456483,,PSKY,702,702,3.963024252174938,False,False,False,False,0,False,,,,us_stocks,4h,MINMAX|long_regime200,retail,fixed_transform,5.0,0.0,False,False,True,MINMAX,long_regime200
-0.574808007952881,0.1111111111111111,-0.5691594787200154,,-1.1442901904439982,,PSKY,702,702,3.963024252174938,False,False,False,False,0,False,,,,us_stocks,4h,CORREL|long_regime200,retail,fixed_transform,5.0,0.0,False,False,True,CORREL,long_regime200
-0.5788763506225002,0.09700427960057062,-0.5724881678749801,,-1.1523891809657023,,KG,702,701,3.963024252174938,False,False,False,False,0,False,,,,us_stocks,4h,MININDEX|long_regime200,retail,fixed_transform,5.0,0.0,False,False,True,MININDEX,long_regime200
-0.5788763506225002,0.09700427960057062,-0.5724881678749801,,-1.1523891809657023,,KG,702,701,3.963024252174938,False,False,False,False,0,False,,,,us_stocks,4h,MININDEX|regime200,retail,fixed_transform,5.0,0.0,False,False,True,MININDEX,regime200
-0.5880526804423256,0.10398860398860399,-0.5776553226639588,,-1.170656818249499,,KG,702,702,3.963024252174938,False,False,False,False,0,False,,,,us_stocks,4h,CDLLONGLEGGEDDOJI|long_regime200,retail,fixed_transform,5.0,0.0,False,False,True,CDLLONGLEGGEDDOJI,long_regime200
-0.5880526804423256,0.10398860398860399,-0.5776553226639588,,-1.170656818249499,,KG,702,702,3.963024252174938,False,False,False,False,0,False,,,,us_stocks,4h,CDLLONGLEGGEDDOJI|regime200,retail,fixed_transform,5.0,0.0,False,False,True,CDLLONGLEGGEDDOJI,regime200
-0.5891077260930565,0.11538461538461539,-0.5805547047624189,,-1.172757134132191,,PSKY,702,702,3.963024252174938,False,False,False,False,0,False,,,,us_stocks,4h,HT_DCPHASE|long_regime200,retail,fixed_transform,5.0,0.0,False,False,True,HT_DCPHASE,long_regime200
-0.5937315251672047,0.10128388017118402,-0.5874027856351962,,-1.1819618909378156,,PSKY,702,701,3.963024252174938,False,False,False,False,0,False,,,,us_stocks,4h,MAXINDEX|long_regime200,retail,fixed_transform,5.0,0.0,False,False,True,MAXINDEX,long_regime200
-0.5937315251672047,0.10128388017118402,-0.5874027856351962,,-1.1819618909378156,,PSKY,702,701,3.963024252174938,False,False,False,False,0,False,,,,us_stocks,4h,MAXINDEX|regime200,retail,fixed_transform,5.0,0.0,False,False,True,MAXINDEX,regime200
-0.6026843058865118,0.09686609686609686,-0.5969951011911304,,-1.1997845012921566,,KG,702,702,3.963024252174938,False,False,False,False,0,False,,,,us_stocks,4h,ADX|long_regime200,retail,fixed_transform,5.0,0.0,False,False,True,ADX,long_regime200
-0.6046447514427044,0.10683760683760683,-0.5940530168140011,,-1.20368722809452,,PSKY,702,702,3.963024252174938,False,False,False,False,0,False,,,,us_stocks,4h,CDLDOJI|long_regime200,retail,fixed_transform,5.0,0.0,False,False,True,CDLDOJI,long_regime200
-0.6046447514427044,0.10683760683760683,-0.5940530168140011,,-1.20368722809452,,PSKY,702,702,3.963024252174938,False,False,False,False,0,False,,,,us_stocks,4h,CDLDOJI|regime200,retail,fixed_transform,5.0,0.0,False,False,True,CDLDOJI,regime200
-0.6185503489717212,0.09401709401709402,-0.6076712447507292,,-1.2313695822450568,,KG,702,702,3.963024252174938,False,False,False,False,0,False,,,,us_stocks,4h,HT_TRENDMODE|long_regime200,retail,fixed_transform,5.0,0.0,False,False,True,HT_TRENDMODE,long_regime200
-0.6185503489717212,0.09401709401709402,-0.6076712447507292,,-1.2313695822450568,,KG,702,702,3.963024252174938,False,False,False,False,0,False,,,,us_stocks,4h,HT_TRENDMODE|regime200,retail,fixed_transform,5.0,0.0,False,False,True,HT_TRENDMODE,regime200
-0.2161921438579608,0.3457142857142857,-0.1933763624779227,,-0.4303811812726195,,AMTM,702,700,3.963024252174938,False,False,False,False,0,False,,,,us_stocks,4h,MININDEX|base,wide,fixed_transform,5.0,0.0,False,False,True,MININDEX,base
-0.2161921438579608,0.3457142857142857,-0.1933763624779227,,-0.4303811812726195,,AMTM,702,700,3.963024252174938,False,False,False,False,0,False,,,,us_stocks,4h,MININDEX|long_only,wide,fixed_transform,5.0,0.0,False,False,True,MININDEX,long_only
-0.23062452836976854,0.3157142857142857,-0.20980945791898087,,-0.45911222849722827,,ARE,702,700,3.963024252174938,False,False,False,False,0,False,,,,us_stocks,4h,MININDEX|hold10,wide,fixed_transform,5.0,0.0,False,False,True,MININDEX,hold10
-0.2320582401212851,0.32571428571428573,-0.2101358477386434,,-0.46196636808903285,,KG,702,700,3.963024252174938,False,False,False,False,0,False,,,,us_stocks,4h,MININDEX|confirm2,wide,fixed_transform,5.0,0.0,False,False,True,MININDEX,confirm2
-0.2765199516279572,0.289586305278174,-0.25610162823792537,,-0.5504778356112572,,PSKY,702,701,3.963024252174938,False,False,False,False,0,False,,,,us_stocks,4h,MAXINDEX|hold10,wide,fixed_transform,5.0,0.0,False,False,True,MAXINDEX,hold10
-0.2843030463681572,0.28245363766048504,-0.2621000958292662,,-0.565971911614522,,PSKY,702,701,3.963024252174938,False,False,False,False,0,False,,,,us_stocks,4h,MAXINDEX|base,wide,fixed_transform,5.0,0.0,False,False,True,MAXINDEX,base
-0.2843030463681572,0.28245363766048504,-0.2621000958292662,,-0.565971911614522,,PSKY,702,701,3.963024252174938,False,False,False,False,0,False,,,,us_stocks,4h,MAXINDEX|long_only,wide,fixed_transform,5.0,0.0,False,False,True,MAXINDEX,long_only
-0.29207884158063996,0.28530670470756064,-0.2706076050362105,,-0.5814514561953881,,PSKY,702,701,3.963024252174938,False,False,False,False,0,False,,,,us_stocks,4h,MAXINDEX|confirm2,wide,fixed_transform,5.0,0.0,False,False,True,MAXINDEX,confirm2
-0.35873389908132086,0.23076923076923078,-0.32051948695886284,,-0.7141439855029514,,PSKY,702,702,3.963024252174938,False,False,False,False,0,False,,,,us_stocks,4h,HT_TRENDMODE|confirm2,wide,fixed_transform,5.0,0.0,False,False,True,HT_TRENDMODE,confirm2
-0.36241620873080244,0.22514619883040934,-0.3189592088463465,,-0.7214744867342852,,BIG,702,684,3.963024252174938,False,False,False,False,0,False,,,,us_stocks,4h,CDLDOJI|confirm2,wide,fixed_transform,5.0,0.0,False,False,True,CDLDOJI,confirm2
-0.37044168369351327,0.20655270655270655,-0.3538107155584634,,-0.7374510774331341,,PSKY,702,702,3.963024252174938,False,False,False,False,0,False,52.921552263050636,123.28570876047975,-70.36415649742912,us_stocks,4h,BEST[MAXINDEX],wide,wf_transform,5.0,2.0,False,False,True,MAXINDEX,
-0.37112930215170925,0.21652421652421652,-0.32961898949957713,,-0.7388199432902471,,PSKY,702,702,3.963024252174938,False,False,False,False,0,False,,,,us_stocks,4h,CDLLONGLEGGEDDOJI|confirm2,wide,fixed_transform,5.0,0.0,False,False,True,CDLLONGLEGGEDDOJI,confirm2
-0.3729231326100071,0.2207977207977208,-0.3446381474501268,,-0.742390983652159,,PSKY,702,702,3.963024252174938,False,False,False,False,0,False,,,,us_stocks,4h,ADX|invert,wide,fixed_transform,5.0,0.0,False,False,True,ADX,invert
-0.3796148272995161,0.2094017094017094,-0.3618660358484518,,-0.7557123718108276,,KG,702,702,3.963024252174938,False,False,False,False,0,False,46.70828776312319,123.28570876047975,-76.57742099735657,us_stocks,4h,BEST[MININDEX],wide,wf_transform,5.0,2.0,False,False,True,MININDEX,
-0.381592144369671,0.2037037037037037,-0.3555509934320785,,-0.7596486853198091,,KG,702,702,3.963024252174938,False,False,False,False,0,False,,,,us_stocks,4h,HT_TRENDMODE|hold10,wide,fixed_transform,5.0,0.0,False,False,True,HT_TRENDMODE,hold10
-0.3886346563940894,0.198005698005698,-0.36273332663642616,,-0.7736684576857614,,KG,702,702,3.963024252174938,False,False,False,False,0,False,,,,us_stocks,4h,MINMAX|confirm2,wide,fixed_transform,5.0,0.0,False,False,True,MINMAX,confirm2
-0.38977794708590907,0.2022792022792023,-0.3323602449859578,,-0.7759444460251278,,PSKY,702,702,3.963024252174938,False,False,False,False,0,False,,,,us_stocks,4h,HT_TRENDMODE|base,wide,fixed_transform,5.0,0.0,False,False,True,HT_TRENDMODE,base
-0.38977794708590907,0.2022792022792023,-0.3323602449859578,,-0.7759444460251278,,PSKY,702,702,3.963024252174938,False,False,False,False,0,False,,,,us_stocks,4h,HT_TRENDMODE|long_only,wide,fixed_transform,5.0,0.0,False,False,True,HT_TRENDMODE,long_only
-0.3986756773280932,0.19943019943019943,-0.37083853304050135,,-0.7936574654898512,,KG,702,702,3.963024252174938,False,False,False,False,0,False,,,,us_stocks,4h,CDLLONGLEGGEDDOJI|hold10,wide,fixed_transform,5.0,0.0,False,False,True,CDLLONGLEGGEDDOJI,hold10
-0.40232591402610923,0.2037037037037037,-0.37773364579318036,,-0.8009241179869416,,KG,702,702,3.963024252174938,False,False,False,False,0,False,,,,us_stocks,4h,MINMAX|hold10,wide,fixed_transform,5.0,0.0,False,False,True,MINMAX,hold10
-0.40347018926616396,0.2072992700729927,-0.3747988833261551,,-0.803202066300546,,PSKY,702,685,3.963024252174938,False,False,False,False,0,False,,,,us_stocks,4h,CDLDOJI|hold10,wide,fixed_transform,5.0,0.0,False,False,True,CDLDOJI,hold10
-0.40389102443672803,0.21367521367521367,-0.383744661174931,,-0.8040398374359645,,KG,702,702,3.963024252174938,False,False,False,False,0,False,,,,us_stocks,4h,ADXR|hold10,wide,fixed_transform,5.0,0.0,False,False,True,ADXR,hold10
-0.40504298964735463,0.2037037037037037,-0.3824730185856929,,-0.8063330944400681,,KG,702,702,3.963024252174938,False,False,False,False,0,False,,,,us_stocks,4h,MINMAX|long_only,wide,fixed_transform,5.0,0.0,False,False,True,MINMAX,long_only
-0.4078238141341408,0.2022792022792023,-0.38786646810285186,,-0.81186897796561,,PSKY,702,702,3.963024252174938,False,False,False,False,0,False,2.152265393567417,123.28570876047975,-121.13344336691233,us_stocks,4h,BEST[CORREL],wide,wf_transform,5.0,2.0,False,False,True,CORREL,
-0.40918389119273735,0.20797720797720798,-0.380992808151924,,-0.8145765304263743,,KG,702,702,3.963024252174938,False,False,False,False,0,False,,,,us_stocks,4h,MINMAX|base,wide,fixed_transform,5.0,0.0,False,False,True,MINMAX,base
-0.4107474083068926,0.17663817663817663,-0.3869960074449843,,-0.8176890780449974,,KG,702,702,3.963024252174938,False,False,False,False,0,False,,,,us_stocks,4h,MININDEX|voltgt,wide,fixed_transform,5.0,0.0,False,False,True,MININDEX,voltgt
-0.4124841233435685,0.19943019943019943,-0.39300164583864483,,-0.8211464167608277,,KG,702,702,3.963024252174938,False,False,False,False,0,False,,,,us_stocks,4h,ADXR|long_only,wide,fixed_transform,5.0,0.0,False,False,True,ADXR,long_only
-0.414280151128389,0.19230769230769232,-0.3915260865298423,,-0.8247218314166782,,KG,702,702,3.963024252174938,False,False,False,False,0,False,,,,us_stocks,4h,ADXR|confirm2,wide,fixed_transform,5.0,0.0,False,False,True,ADXR,confirm2
-0.41672927415068,0.19515669515669515,-0.391321619526011,,-0.8295973853596008,,KG,702,702,3.963024252174938,False,False,False,False,0,False,,,,us_stocks,4h,CORREL|invert,wide,fixed_transform,5.0,0.0,False,False,True,CORREL,invert
-0.417007021045017,0.18091168091168092,-0.3918890378678966,,-0.8301503057125167,,KG,702,702,3.963024252174938,False,False,False,False,0,False,6.513014020254971,123.28570876047975,-116.77269474022478,us_stocks,4h,BEST[MINMAX],wide,wf_transform,5.0,2.0,False,False,True,MINMAX,
-0.41786157653669864,0.19515669515669515,-0.3927389864222793,,-0.8318514988984013,,KG,702,702,3.963024252174938,False,False,False,False,0,False,,,,us_stocks,4h,ADXR|base,wide,fixed_transform,5.0,0.0,False,False,True,ADXR,base
-0.42016156995415044,0.19416058394160585,-0.370664291197031,,-0.8364301753769161,,KG,702,685,3.963024252174938,False,False,False,False,0,False,,,,us_stocks,4h,CDLDOJI|base,wide,fixed_transform,5.0,0.0,False,False,True,CDLDOJI,base
-0.42016156995415044,0.19416058394160585,-0.370664291197031,,-0.8364301753769161,,KG,702,685,3.963024252174938,False,False,False,False,0,False,,,,us_stocks,4h,CDLDOJI|long_only,wide,fixed_transform,5.0,0.0,False,False,True,CDLDOJI,long_only
-0.423219992507799,0.21652421652421652,-0.38816420010970615,,-0.8425186829793705,,KG,702,702,3.963024252174938,False,False,False,False,0,False,,,,us_stocks,4h,HT_DCPHASE|invert,wide,fixed_transform,5.0,0.0,False,False,True,HT_DCPHASE,invert
-0.4254443183752353,0.1866096866096866,-0.39018918893349924,,-0.846946725447886,,KG,702,702,3.963024252174938,False,False,False,False,0,False,,,,us_stocks,4h,COS|hold10,wide,fixed_transform,5.0,0.0,False,False,True,COS,hold10
-0.4288323226297336,0.19943019943019943,-0.4021219567315974,,-0.8536913427461243,,PSKY,702,702,3.963024252174938,False,False,False,False,0,False,0.6192993000236319,123.28570876047975,-122.66640946045612,us_stocks,4h,BEST[HT_DCPHASE],wide,wf_transform,5.0,2.0,False,False,True,HT_DCPHASE,
-0.43028557705933124,0.18233618233618235,-0.3989638242484687,,-0.856584386623384,,PSKY,702,702,3.963024252174938,False,False,False,False,0,False,,,,us_stocks,4h,HT_DCPHASE|hold10,wide,fixed_transform,5.0,0.0,False,False,True,HT_DCPHASE,hold10
-0.4340214771647729,0.17806267806267806,-0.3868364436728038,,-0.8640215722296882,,KG,702,702,3.963024252174938,False,False,False,False,0,False,,,,us_stocks,4h,CDLLONGLEGGEDDOJI|base,wide,fixed_transform,5.0,0.0,False,False,True,CDLLONGLEGGEDDOJI,base
-0.4340214771647729,0.17806267806267806,-0.3868364436728038,,-0.8640215722296882,,KG,702,702,3.963024252174938,False,False,False,False,0,False,,,,us_stocks,4h,CDLLONGLEGGEDDOJI|long_only,wide,fixed_transform,5.0,0.0,False,False,True,CDLLONGLEGGEDDOJI,long_only
-0.43626544437247033,0.1794871794871795,-0.4121871898996276,,-0.8684887153938744,,KG,702,702,3.963024252174938,False,False,False,False,0,False,,,,us_stocks,4h,CORREL|confirm2,wide,fixed_transform,5.0,0.0,False,False,True,CORREL,confirm2
-0.4369252013428098,0.1794871794871795,-0.41165029298313105,,-0.8698021164230723,,PSKY,702,702,3.963024252174938,False,False,False,False,0,False,,,,us_stocks,4h,ADXR|invert,wide,fixed_transform,5.0,0.0,False,False,True,ADXR,invert
-0.4386922441988153,0.18091168091168092,-0.4059317412145595,,-0.8733198297782192,,VFC,702,702,3.963024252174938,False,False,False,False,0,False,36.26920874284845,123.28570876047975,-87.0165000176313,us_stocks,4h,BEST[CDLDOJI],wide,wf_transform,5.0,2.0,False,False,True,CDLDOJI,
-0.4414933935007849,0.17094017094017094,-0.4044683817838245,,-0.8788961746166085,,PSKY,702,702,3.963024252174938,False,False,False,False,0,False,,,,us_stocks,4h,HT_DCPHASE|confirm2,wide,fixed_transform,5.0,0.0,False,False,True,HT_DCPHASE,confirm2
-0.44189138976136755,0.18233618233618235,-0.38401206064886173,,-0.8796884795436746,,KG,702,702,3.963024252174938,False,False,False,False,0,False,,,,us_stocks,4h,COS|confirm2,wide,fixed_transform,5.0,0.0,False,False,True,COS,confirm2
-0.44371492392136896,0.18518518518518517,-0.4164741496191494,,-0.8833186520923496,,PSKY,702,702,3.963024252174938,False,False,False,False,0,False,,,,us_stocks,4h,MINMAX|invert,wide,fixed_transform,5.0,0.0,False,False,True,MINMAX,invert
-0.4441527431571761,0.18518518518518517,-0.41532776638410823,,-0.8841902339941154,,KG,702,702,3.963024252174938,False,False,False,False,0,False,,,,us_stocks,4h,MINMAX|voltgt,wide,fixed_transform,5.0,0.0,False,False,True,MINMAX,voltgt
-0.4456967890133605,0.17806267806267806,-0.4236091203399806,,-0.8872640195057682,,RDC,702,702,3.963024252174938,False,False,False,False,0,False,-4.306932347311197,123.28570876047975,-127.59264110779095,us_stocks,4h,BEST[ADXR],wide,wf_transform,5.0,2.0,False,False,True,ADXR,
-0.4458526180794118,0.17806267806267806,-0.4136645241254366,,-0.8875742338194197,,KG,702,702,3.963024252174938,False,False,False,False,0,False,33.76434170978766,123.28570876047975,-89.52136705069209,us_stocks,4h,BEST[CDLLONGLEGGEDDOJI],wide,wf_transform,5.0,2.0,False,False,True,CDLLONGLEGGEDDOJI,
-0.44776822625491286,0.1623931623931624,-0.4232451752133183,,-0.8913877012966158,,PSKY,702,702,3.963024252174938,False,False,False,False,0,False,-10.613003604960065,123.28570876047975,-133.89871236543982,us_stocks,4h,BEST[ADX],wide,wf_transform,5.0,2.0,False,False,True,ADX,
-0.44803672342502254,0.18376068376068377,-0.42207128693276236,,-0.8919222079034613,,KG,702,702,3.963024252174938,False,False,False,False,0,False,,,,us_stocks,4h,ADXR|voltgt,wide,fixed_transform,5.0,0.0,False,False,True,ADXR,voltgt
-0.44888265726257875,0.17236467236467237,-0.42847363677005607,,-0.8936062376641594,,BIG,702,702,3.963024252174938,False,False,False,False,0,False,,,,us_stocks,4h,CORREL|long_only,wide,fixed_transform,5.0,0.0,False,False,True,CORREL,long_only
-0.4493412142950853,0.16666666666666666,-0.41566353988871535,,-0.8945191030153661,,PSKY,702,702,3.963024252174938,False,False,False,False,0,False,,,,us_stocks,4h,HT_DCPHASE|long_only,wide,fixed_transform,5.0,0.0,False,False,True,HT_DCPHASE,long_only
-0.4497732015608122,0.16666666666666666,-0.42645434784584574,,-0.8953790750125004,,BIG,702,702,3.963024252174938,False,False,False,False,0,False,,,,us_stocks,4h,CORREL|hold10,wide,fixed_transform,5.0,0.0,False,False,True,CORREL,hold10
-0.45205010892634073,0.16096866096866097,-0.42660443739471776,,-0.8999117932886479,,KG,702,702,3.963024252174938,False,False,False,False,0,False,,,,us_stocks,4h,ADX|confirm2,wide,fixed_transform,5.0,0.0,False,False,True,ADX,confirm2
-0.45336450686601815,0.17663817663817663,-0.41655835080775155,,-0.9025284107468305,,APTV,702,702,3.963024252174938,False,False,False,False,0,False,39.93561307268655,123.28570876047975,-83.3500956877932,us_stocks,4h,BEST[HT_TRENDMODE],wide,wf_transform,5.0,2.0,False,False,True,HT_TRENDMODE,
-0.45351792891743364,0.17236467236467237,-0.4280522674129207,,-0.9028338333331611,,BIG,702,702,3.963024252174938,False,False,False,False,0,False,,,,us_stocks,4h,CORREL|base,wide,fixed_transform,5.0,0.0,False,False,True,CORREL,base
-0.45379732219717395,0.1623931623931624,-0.41520773791604143,,-0.9033900312024661,,PSKY,702,702,3.963024252174938,False,False,False,False,0,False,,,,us_stocks,4h,HT_DCPHASE|base,wide,fixed_transform,5.0,0.0,False,False,True,HT_DCPHASE,base
-0.4556398648428012,0.17236467236467237,-0.3521049742263414,,-0.9070580446011919,,HAR,702,702,3.963024252174938,False,False,False,False,0,False,,,,us_stocks,4h,COS|long_only,wide,fixed_transform,5.0,0.0,False,False,True,COS,long_only
-0.45775321954352066,0.16524216524216523,-0.4365625319590683,,-0.9112651729283954,,KG,702,702,3.963024252174938,False,False,False,False,0,False,,,,us_stocks,4h,CDLHARAMI|hold10,wide,fixed_transform,5.0,0.0,False,False,True,CDLHARAMI,hold10
-0.4603892334792236,0.17094017094017094,-0.3513570925902383,,-0.9165127770792857,,HAR,702,702,3.963024252174938,False,False,False,False,0,False,,,,us_stocks,4h,COS|base,wide,fixed_transform,5.0,0.0,False,False,True,COS,base
-0.46581041313564203,0.1794871794871795,-0.38539558387901895,,-0.9273049070003127,,HAR,702,702,3.963024252174938,False,False,False,False,0,False,22994146.018176705,123.28570876047975,22994022.732467946,us_stocks,4h,BEST[COS],wide,wf_transform,5.0,2.0,False,False,True,COS,
-0.4660320491841503,0.1737891737891738,-0.4358438039961434,,-0.9277461255509379,,KG,702,702,3.963024252174938,False,False,False,False,0,False,,,,us_stocks,4h,CDLHARAMI|confirm2,wide,fixed_transform,5.0,0.0,False,False,True,CDLHARAMI,confirm2
-0.46634343462633904,0.18091168091168092,-0.4355677689985471,,-0.9283660113249942,,KG,702,702,3.963024252174938,False,False,False,False,0,False,,,,us_stocks,4h,CDLHARAMI|base,wide,fixed_transform,5.0,0.0,False,False,True,CDLHARAMI,base
-0.4671504193462882,0.16381766381766383,-0.44411712293961025,,-0.9299725037295881,,KG,702,702,3.963024252174938,False,False,False,False,0,False,,,,us_stocks,4h,ADXR|regime200,wide,fixed_transform,5.0,0.0,False,False,True,ADXR,regime200
-0.46858957374763327,0.1581196581196581,-0.44513475090467686,,-0.9328374781927282,,PSKY,702,702,3.963024252174938,False,False,False,False,0,False,,,,us_stocks,4h,MAXINDEX|voltgt,wide,fixed_transform,5.0,0.0,False,False,True,MAXINDEX,voltgt
-0.4720085150137227,0.14957264957264957,-0.44765148493061035,,-0.9396436828703969,,KG,702,702,3.963024252174938,False,False,False,False,0,False,,,,us_stocks,4h,ADX|hold10,wide,fixed_transform,5.0,0.0,False,False,True,ADX,hold10
-0.47224952777526913,0.14814814814814814,-0.4471034989566501,,-0.9401234753141237,,PSKY,702,702,3.963024252174938,False,False,False,False,0,False,,,,us_stocks,4h,MINMAX|regime200,wide,fixed_transform,5.0,0.0,False,False,True,MINMAX,regime200
-0.47854979932278713,0.14102564102564102,-0.4566978265898419,,-0.9526656438803438,,KG,702,702,3.963024252174938,False,False,False,False,0,False,,,,us_stocks,4h,ADX|long_only,wide,fixed_transform,5.0,0.0,False,False,True,ADX,long_only
-0.48068286948301614,0.1581196581196581,-0.4542465105581327,,-0.9569120204549704,,BIG,702,702,3.963024252174938,False,False,False,False,0,False,,,,us_stocks,4h,CORREL|voltgt,wide,fixed_transform,5.0,0.0,False,False,True,CORREL,voltgt
-0.48415489219108754,0.14102564102564102,-0.45650455745558516,,-0.9638238961958709,,KG,702,702,3.963024252174938,False,False,False,False,0,False,,,,us_stocks,4h,ADX|base,wide,fixed_transform,5.0,0.0,False,False,True,ADX,base
-0.48503593407858886,0.16666666666666666,-0.46189552030133074,,-0.9655778167663732,,PSKY,702,702,3.963024252174938,False,False,False,False,0,False,,,,us_stocks,4h,CORREL|regime200,wide,fixed_transform,5.0,0.0,False,False,True,CORREL,regime200
-0.4904938372595016,0.15954415954415954,-0.3870110798011029,,-0.9764430534782867,,HAR,702,702,3.963024252174938,False,False,False,False,0,False,,,,us_stocks,4h,COS|voltgt,wide,fixed_transform,5.0,0.0,False,False,True,COS,voltgt
-0.49308583153945756,0.16096866096866097,-0.46362569798577,,-0.9816030261773514,,KG,702,702,3.963024252174938,False,False,False,False,0,False,,,,us_stocks,4h,CDLHARAMI|voltgt,wide,fixed_transform,5.0,0.0,False,False,True,CDLHARAMI,voltgt
-0.49472560672435806,0.14387464387464388,-0.45546503144358885,,-0.9848673833760231,,PSKY,702,702,3.963024252174938,False,False,False,False,0,False,,,,us_stocks,4h,HT_DCPHASE|voltgt,wide,fixed_transform,5.0,0.0,False,False,True,HT_DCPHASE,voltgt
-0.4956353694802811,0.15384615384615385,-0.46841689134391956,,-0.9866784795730673,,KG,702,702,3.963024252174938,False,False,False,False,0,False,-1.3610581735711444,123.28570876047975,-124.64676693405089,us_stocks,4h,BEST[CDLHARAMI],wide,wf_transform,5.0,2.0,False,False,True,CDLHARAMI,
-0.49657091628424826,0.15669515669515668,-0.4775818073470656,,-0.9885409049667104,,KG,702,702,3.963024252174938,False,False,False,False,0,False,,,,us_stocks,4h,CDLHARAMI|long_only,wide,fixed_transform,5.0,0.0,False,False,True,CDLHARAMI,long_only
-0.49989601445244447,0.16096866096866097,-0.4233913302734518,,-0.995160292942325,,PSKY,702,702,3.963024252174938,False,False,False,False,0,False,,,,us_stocks,4h,COS|regime200,wide,fixed_transform,5.0,0.0,False,False,True,COS,regime200
-0.5034912537446924,0.150997150997151,-0.47024546687205965,,-1.00231746020078,,PSKY,702,702,3.963024252174938,False,False,False,False,0,False,,,,us_stocks,4h,HT_DCPHASE|regime200,wide,fixed_transform,5.0,0.0,False,False,True,HT_DCPHASE,regime200
-0.5070524028313076,0.1339031339031339,-0.47865676514370364,,-1.009406762907322,,KG,702,702,3.963024252174938,False,False,False,False,0,False,,,,us_stocks,4h,ADX|voltgt,wide,fixed_transform,5.0,0.0,False,False,True,ADX,voltgt
-0.5104938317843815,0.12962962962962962,-0.48588072178737424,,-1.0162577346015702,,KG,702,702,3.963024252174938,False,False,False,False,0,False,,,,us_stocks,4h,ADX|regime200,wide,fixed_transform,5.0,0.0,False,False,True,ADX,regime200
-0.5110887988206854,0.1339031339031339,-0.4673968651209248,,-1.017442156067278,,KG,702,702,3.963024252174938,False,False,False,False,0,False,,,,us_stocks,4h,CDLDOJI|voltgt,wide,fixed_transform,5.0,0.0,False,False,True,CDLDOJI,voltgt
-0.5178899048441883,0.1339031339031339,-0.474926392403882,,-1.030981353154285,,KG,702,702,3.963024252174938,False,False,False,False,0,False,,,,us_stocks,4h,CDLLONGLEGGEDDOJI|voltgt,wide,fixed_transform,5.0,0.0,False,False,True,CDLLONGLEGGEDDOJI,voltgt
-0.5194559846933752,0.12535612535612536,-0.46901345878906464,,-1.034099002498209,,PSKY,702,702,3.963024252174938,False,False,False,False,0,False,,,,us_stocks,4h,HT_TRENDMODE|voltgt,wide,fixed_transform,5.0,0.0,False,False,True,HT_TRENDMODE,voltgt
-0.521625115302243,0.1396011396011396,-0.4996816762962929,,-1.0384171658556736,,KG,702,702,3.963024252174938,False,False,False,False,0,False,,,,us_stocks,4h,CDLHARAMI|regime200,wide,fixed_transform,5.0,0.0,False,False,True,CDLHARAMI,regime200
-0.5513332886383872,0.12108262108262108,-0.5203693769492902,,-1.0975582544525921,,PSKY,702,702,3.963024252174938,False,False,False,False,0,False,,,,us_stocks,4h,CDLHARAMI|invert,wide,fixed_transform,5.0,0.0,False,False,True,CDLHARAMI,invert
-0.5518338312899954,0.11965811965811966,-0.5291181843796355,,-1.098554702028495,,KG,702,702,3.963024252174938,False,False,False,False,0,False,,,,us_stocks,4h,CDLLONGLEGGEDDOJI|invert,wide,fixed_transform,5.0,0.0,False,False,True,CDLLONGLEGGEDDOJI,invert
-0.5538078617126226,0.11823361823361823,-0.5310654120325854,,-1.1024844726945215,,KG,702,702,3.963024252174938,False,False,False,False,0,False,,,,us_stocks,4h,CDLDOJI|invert,wide,fixed_transform,5.0,0.0,False,False,True,CDLDOJI,invert
-0.554487179965106,0.11823361823361823,-0.5321308921487139,,-1.1038368150449258,,BIG,702,702,3.963024252174938,False,False,False,False,0,False,,,,us_stocks,4h,HT_TRENDMODE|invert,wide,fixed_transform,5.0,0.0,False,False,True,HT_TRENDMODE,invert
-0.5557875058383281,0.15384615384615385,-0.44640843772592503,,-1.1064254187535065,,PSKY,702,702,3.963024252174938,False,False,False,False,0,False,,,,us_stocks,4h,COS|invert,wide,fixed_transform,5.0,0.0,False,False,True,COS,invert
-0.556367549484182,0.1111111111111111,-0.5448418072715588,,-1.1075801317094789,,KG,702,702,3.963024252174938,False,False,False,False,0,False,,,,us_stocks,4h,MAXINDEX|invert,wide,fixed_transform,5.0,0.0,False,False,True,MAXINDEX,invert
-0.5708964113873732,0.1111111111111111,-0.5594136243631662,,-1.1365032398153425,,KG,702,702,3.963024252174938,False,False,False,False,0,False,,,,us_stocks,4h,MININDEX|invert,wide,fixed_transform,5.0,0.0,False,False,True,MININDEX,invert
-0.5725129963195971,0.11538461538461539,-0.5608258448388597,,-1.1397214313756017,,KG,702,702,3.963024252174938,False,False,False,False,0,False,,,,us_stocks,4h,CDLHARAMI|long_regime200,wide,fixed_transform,5.0,0.0,False,False,True,CDLHARAMI,long_regime200
-0.5794900759406759,0.10113960113960115,-0.5660031101940025,,-1.15361094519219,,KG,702,702,3.963024252174938,False,False,False,False,0,False,,,,us_stocks,4h,ADXR|long_regime200,wide,fixed_transform,5.0,0.0,False,False,True,ADXR,long_regime200
-0.5829602482806864,0.10113960113960115,-0.5672796095727589,,-1.160519137341367,,PSKY,702,702,3.963024252174938,False,False,False,False,0,False,,,,us_stocks,4h,MINMAX|long_regime200,wide,fixed_transform,5.0,0.0,False,False,True,MINMAX,long_regime200
-0.5835513431801972,0.10683760683760683,-0.5691594787200154,,-1.1616958504103803,,PSKY,702,702,3.963024252174938,False,False,False,False,0,False,,,,us_stocks,4h,CORREL|long_regime200,wide,fixed_transform,5.0,0.0,False,False,True,CORREL,long_regime200
-0.5887406921491096,0.09700427960057062,-0.5724881678749801,,-1.172026466960183,,KG,702,701,3.963024252174938,False,False,False,False,0,False,,,,us_stocks,4h,MININDEX|long_regime200,wide,fixed_transform,5.0,0.0,False,False,True,MININDEX,long_regime200
-0.5887406921491096,0.09700427960057062,-0.5724881678749801,,-1.172026466960183,,KG,702,701,3.963024252174938,False,False,False,False,0,False,,,,us_stocks,4h,MININDEX|regime200,wide,fixed_transform,5.0,0.0,False,False,True,MININDEX,regime200
-0.6023445343364545,0.11396011396011396,-0.5805547047624189,,-1.1991081063109748,,PSKY,702,702,3.963024252174938,False,False,False,False,0,False,,,,us_stocks,4h,HT_DCPHASE|long_regime200,wide,fixed_transform,5.0,0.0,False,False,True,HT_DCPHASE,long_regime200
-0.6032843066305565,0.10968660968660969,-0.5504351775953157,,-1.2009789435340361,,PSKY,702,702,3.963024252174938,False,False,False,False,0,False,,,,us_stocks,4h,COS|long_regime200,wide,fixed_transform,5.0,0.0,False,False,True,COS,long_regime200
-0.6034937120805628,0.09843081312410841,-0.5874027856351962,,-1.2013958142090309,,PSKY,702,701,3.963024252174938,False,False,False,False,0,False,,,,us_stocks,4h,MAXINDEX|long_regime200,wide,fixed_transform,5.0,0.0,False,False,True,MAXINDEX,long_regime200
-0.6034937120805628,0.09843081312410841,-0.5874027856351962,,-1.2013958142090309,,PSKY,702,701,3.963024252174938,False,False,False,False,0,False,,,,us_stocks,4h,MAXINDEX|regime200,wide,fixed_transform,5.0,0.0,False,False,True,MAXINDEX,regime200
-0.6041480531774999,0.09971509971509972,-0.5776553226639588,,-1.2026984336716513,,KG,702,702,3.963024252174938,False,False,False,False,0,False,,,,us_stocks,4h,CDLLONGLEGGEDDOJI|long_regime200,wide,fixed_transform,5.0,0.0,False,False,True,CDLLONGLEGGEDDOJI,long_regime200
-0.6041480531774999,0.09971509971509972,-0.5776553226639588,,-1.2026984336716513,,KG,702,702,3.963024252174938,False,False,False,False,0,False,,,,us_stocks,4h,CDLLONGLEGGEDDOJI|regime200,wide,fixed_transform,5.0,0.0,False,False,True,CDLLONGLEGGEDDOJI,regime200
-0.6114797425899029,0.09401709401709402,-0.5969951011911304,,-1.2172938814697316,,KG,702,702,3.963024252174938,False,False,False,False,0,False,,,,us_stocks,4h,ADX|long_regime200,wide,fixed_transform,5.0,0.0,False,False,True,ADX,long_regime200
-0.6210384903407706,0.10256410256410256,-0.5940530168140011,,-1.2363228113609506,,PSKY,702,702,3.963024252174938,False,False,False,False,0,False,,,,us_stocks,4h,CDLDOJI|long_regime200,wide,fixed_transform,5.0,0.0,False,False,True,CDLDOJI,long_regime200
-0.6210384903407706,0.10256410256410256,-0.5940530168140011,,-1.2363228113609506,,PSKY,702,702,3.963024252174938,False,False,False,False,0,False,,,,us_stocks,4h,CDLDOJI|regime200,wide,fixed_transform,5.0,0.0,False,False,True,CDLDOJI,regime200
-0.6353654713140006,0.0868945868945869,-0.6076712447507292,,-1.26484402811423,,KG,702,702,3.963024252174938,False,False,False,False,0,False,,,,us_stocks,4h,HT_TRENDMODE|long_regime200,wide,fixed_transform,5.0,0.0,False,False,True,HT_TRENDMODE,long_regime200
-0.6353654713140006,0.0868945868945869,-0.6076712447507292,,-1.26484402811423,,KG,702,702,3.963024252174938,False,False,False,False,0,False,,,,us_stocks,4h,HT_TRENDMODE|regime200,wide,fixed_transform,5.0,0.0,False,False,True,HT_TRENDMODE,regime200
