class,tf,rule,pit,n_names,years,exposure,cagr,cashmatch_bench_cagr,cashmatch_excess_cagr,cashmatch_ratio,win_rate,profit_factor,n_trades,sharpe,bench_sharpe,dsharpe,boot_t,dsr,alpha_vs_bh_ann,alpha_vs_bh_t,avg_breadth,bars,start,end,vol,bench_vol,dd,bench_dd,bench_cagr,wealth,bench_wealth,avg_win,avg_loss,boot_se,boot_p_gt0,boot_ci_lo,boot_ci_hi,fold_dsharpe,fold_sd,fold_t,n_folds_scored,fold_edges,cash_w,cashmatch_bench_dd,cashmatch_bench_wealth,cashmatch_beats,edge_wealth,edge_headroom,cost_drag_ann,roe_ann,const_weight,const_mar,mar,vs_constant,index_symbol,index_cagr,index_wealth,index_sharpe,index_vol,index_dd,idx_cash_w,idx_cashmatch_bench_cagr,idx_cashmatch_bench_dd,idx_cashmatch_excess_cagr,idx_cashmatch_ratio,idx_cashmatch_beats,volmatch_k,volmatch_wealth,volmatch_dd,volmatch_beats,alpha_ann,alpha_t,alpha_p,r2,factor_n,beta_Mkt-RF,beta_SMB,beta_HML,beta_RMW,beta_CMA,beta_Mom,beta_ST_Rev,t_Mkt-RF,t_SMB,t_HML,t_RMW,t_CMA,t_Mom,t_ST_Rev,alpha_vs_bh_p,beta_BH,r2_vs_bh,fill,skew,kurtosis,n_trials,sr_star_ann,psr,dsr_pass,n_trials_ledger,n_trials_measured,n_trials_source,trial_dispersion,dispersion_source,rand_sharpe,vs_random,edge_gate_dsharpe,edge_gate_t,edge_gate_vs_random,edge_gate_vs_constant,edge_gate_wealth,edge_gate_headroom,edge_passed,edge_n,edge_powered,edge_rankable,edge_verdict,boot_draws
us_etfs,4h,mc_directional_change_rate,False,10,3.537759525439197,0.7934991520633125,0.17829654165683007,0.15587068059248899,0.02242586106434108,1.0703451862356625,1.0,,10,1.6816342475278414,1.490534927053709,0.19109932047413247,0.8923659055467176,0.16421369735872976,0.051661324613821384,1.1401757204628342,9.999434708875071,1769,2023-02-10,2026-08-25,0.10059333336021724,0.11109349480147013,-0.1295208068781375,-0.12952080687813716,0.17279207155734722,17868.234791654773,17574.676013236298,0.7745623208402512,,0.2141490607006701,0.851,-0.03728460598090041,0.7824454120020198,0.0,,,1,0.000000,0.9054835617511428,-0.11783700171923128,16693.899334004804,True,1174.335457649971,20.0,1.4133238746291701e-05,0.22969655779879994,0.7934991520633125,1.309393712106514,1.3765860941909072,0.06719238208439315,SPY,0.21037381520456644,19649.4012312515,1.4288247116075652,0.1405684051184841,-0.18709518091808564,0.7156183729581896,0.14872401524006462,-0.13698267052497604,0.029572526416765443,1.0940898332807891,True,1.0,17868.234791654773,-0.1295208068781375,True,0.14010393742555471,2.0791577998975646,0.03760284896748445,0.6274772129728288,848,0.42963216498029233,0.09307878266207656,0.07508021601422651,-0.08576331281425653,0.13680521489697178,0.02619590889061274,-0.0019827400695351365,11.365061310886288,2.719085469992141,2.283576842779514,-3.2706571268680538,4.07920728733702,1.510082766051753,-0.10804546599576986,0.25421310057547575,0.7826994247577908,0.830910055484218,close,-0.5681052148166499,18.54069983277534,1606,2.218627786155269,0.9988949517541881,False,1069,537,run+ledger,0.6549456867559094,this run,1.5252723738840597,0.15636187364378173,False,False,True,True,True,True,4,6,False,True,underpowered,2000.0
us_etfs,4h,mc_rolling_max_drawdown_reversion,False,10,3.537759525439197,0.7934991520633125,0.17829654165683007,0.15587068059248899,0.02242586106434108,1.0703451862356625,1.0,,10,1.6816342475278414,1.490534927053709,0.19109932047413247,0.8923659055467176,0.16421369735872976,0.051661324613821384,1.1401757204628342,9.999434708875071,1769,2023-02-10,2026-08-25,0.10059333336021724,0.11109349480147013,-0.1295208068781375,-0.12952080687813716,0.17279207155734722,17868.234791654773,17574.676013236298,0.7745623208402512,,0.2141490607006701,0.851,-0.03728460598090041,0.7824454120020198,0.0,,,1,0.000000,0.9054835617511428,-0.11783700171923128,16693.899334004804,True,1174.335457649971,20.0,1.4133238746291701e-05,0.22969655779879994,0.7934991520633125,1.309393712106514,1.3765860941909072,0.06719238208439315,SPY,0.21037381520456644,19649.4012312515,1.4288247116075652,0.1405684051184841,-0.18709518091808564,0.7156183729581896,0.14872401524006462,-0.13698267052497604,0.029572526416765443,1.0940898332807891,True,1.0,17868.234791654773,-0.1295208068781375,True,0.14010393742555471,2.0791577998975646,0.03760284896748445,0.6274772129728288,848,0.42963216498029233,0.09307878266207656,0.07508021601422651,-0.08576331281425653,0.13680521489697178,0.02619590889061274,-0.0019827400695351365,11.365061310886288,2.719085469992141,2.283576842779514,-3.2706571268680538,4.07920728733702,1.510082766051753,-0.10804546599576986,0.25421310057547575,0.7826994247577908,0.830910055484218,close,-0.5681052148166499,18.54069983277534,1606,2.218627786155269,0.9988949517541881,False,1069,537,run+ledger,0.6549456867559094,this run,1.5252723738840597,0.15636187364378173,False,False,True,True,True,True,4,6,False,True,underpowered,2000.0
us_etfs,4h,mc_adxr_persistence,False,10,3.537759525439197,0.42970918912128636,0.11395002154590839,0.09417577583985359,0.019774245706054794,1.065415114903758,0.7391304347826086,6.833301326891458,92,1.7810544357569023,1.490534927053709,0.2905195087031933,1.194866826679221,0.2135512174834785,0.06223938408059666,1.4294712621143715,9.999434708875071,1769,2023-02-10,2026-08-25,0.061663070635980345,0.11109349480147013,-0.04557188881748275,-0.12952080687813716,0.17279207155734722,14648.717327925504,17574.676013236298,0.06750464398565538,-0.027989861533936566,0.2431396555803682,0.8795,-0.17421160505457378,0.7708634716362801,1.1306108295047974,,,1,1.130611,0.5550556380117078,-0.0735121900130895,13749.304963867313,True,899.4123640581919,20.0,0.0003070870114794272,0.28547541415164535,0.42970918912128636,1.2663104536525973,2.5004454391232893,1.234134985470692,SPY,0.21037381520456644,19649.4012312515,1.4288247116075652,0.1405684051184841,-0.18709518091808564,0.43866949037377917,0.09002175564548298,-0.085855324374423,0.023928265900425405,1.0798488827262906,True,1.0,14648.717327925504,-0.04557188881748275,False,0.11602059808494498,2.575452720430493,0.010010895873703074,0.4165197609207193,848,0.21384426671292356,0.06599547548775891,0.029586045889009607,-0.04061988889477472,0.057057202887470876,0.01315235768628744,-0.01339610895986955,8.090664576453097,3.355801883389616,1.4017884096119733,-1.9973619088695518,2.3493055392391464,0.8255989200670067,-0.6936574892831762,0.1528688290358251,0.4759529815518356,0.6114351674662972,close,-0.43075095803934366,25.659335815129555,1606,2.218627786155269,0.9993863701037201,False,1069,537,run+ledger,0.6549456867559094,this run,1.624327311855657,0.15672712390124532,True,False,True,True,True,True,5,6,False,True,underpowered,2000.0
us_etfs,4h,mc_mean_of_top_k_returns,False,10,3.537759525439197,0.9762577727529677,0.18723159618732166,0.16984403932792969,0.017387556859391973,1.0535814652102504,0.9,96.18237385582971,10,1.6256010207506908,1.490534927053709,0.13506609369698186,1.092194792898032,0.1384631833233732,0.03423891019451018,1.4418613445862967,9.999434708875071,1769,2023-02-10,2026-08-25,0.10926934749575991,0.11109349480147013,-0.12952080687813716,-0.12952080687813716,0.17279207155734722,18352.214832112466,17574.676013236298,0.942936980515952,-0.08823272377706237,0.12366483943637673,0.6955,0.0,0.4475218194125399,0.0,,,1,0.000000,0.9835800709216137,-0.1274992367607889,17418.885428522735,True,933.3294035897288,20.0,1.4133238746291759e-05,0.1921972632222777,0.9762577727529677,1.3312402189606007,1.445571570315209,0.11433135135460826,SPY,0.21037381520456644,19649.4012312515,1.4288247116075652,0.1405684051184841,-0.18709518091808564,0.7773393132237473,0.1619902771951125,-0.14806173079785023,0.02524131899220916,1.0789907949135515,True,1.0,18352.214832112466,-0.12952080687813716,True,0.1424362344660331,2.2910597959381613,0.021959955498944694,0.7124933235327839,848,0.5129968094713779,0.07483657746348232,0.15109452043688484,-0.09346387481941931,0.08906650059603353,0.0013282669987331047,0.0009854601612312589,21.768239033605283,2.955111795358348,5.389030356397003,-3.8594020862182243,2.7469623273195753,0.08781955733601142,0.05512391831068016,0.1493414930090129,0.9575246679779019,0.9696788295009549,close,-0.48038552075534174,13.846635489404576,1606,2.218627786155269,0.998560461721568,False,1069,537,run+ledger,0.6549456867559094,this run,1.4877006853447827,0.13790033540590807,False,False,True,True,True,True,4,6,False,True,underpowered,2000.0
us_etfs,4h,mc_chaikin_money_flow_gradient,False,10,3.537759525439197,0.47595000314050623,0.1090202548915824,0.09272027815809869,0.016299976733483712,1.0537788456482382,0.5792079207920792,2.1686712969092317,404,1.734332090845755,1.490534927053709,0.24379716379204597,1.5994343443535792,0.17834542537216458,0.0847312867766914,2.2785352916727146,9.999434708875071,1769,2023-02-10,2026-08-25,0.060731605556222486,0.11109349480147013,-0.05968881019927774,-0.12952080687813716,0.17279207155734722,14420.657647390735,17574.676013236298,0.029812670594294276,-0.018922307077277115,0.152427115656678,0.9335,-0.08631814803940725,0.5248717108579581,0.017434670700515076,,,1,0.017435,0.5466711229559663,-0.07243207215753122,13684.709753800178,True,735.9478935905584,10.0,0.0013850573971365889,0.24285534888933924,0.47595000314050623,1.2717546719738577,1.826477266469312,0.5547225944954544,SPY,0.21037381520456644,19649.4012312515,1.4288247116075652,0.1405684051184841,-0.18709518091808564,0.432043071876872,0.08863429401343148,-0.08460332151632599,0.02038596087815092,1.0678380204812272,True,1.0,14420.657647390735,-0.05968881019927774,False,0.13557888648568972,3.0917549084196954,0.001989770610596242,0.39002452837386037,848,0.20527188931237722,0.06943230328805775,0.0569421247721077,-0.03107826456484543,0.05580493879485584,0.008185490045938763,-0.026257544588002574,6.716109459312959,3.4575892481258954,2.644743591063406,-1.461492695660511,2.0754374697780347,0.531257984768669,-1.130605903785413,0.0226947042960699,0.44999108209597655,0.5702812265149751,close,0.5143283304422201,11.694353670106205,1606,2.218627786155269,0.9995177799323209,False,1069,537,run+ledger,0.6549456867559094,this run,1.6032228902402774,0.13110920060547748,False,False,True,True,True,True,4,6,False,True,underpowered,2000.0
us_etfs,4h,mc_williams_r_reactive,False,10,3.537759525439197,0.9746749576031656,0.18527788485697583,0.16951367697743192,0.015764207879543912,1.0485077234149531,0.9166666666666666,92.74740011855214,12,1.6133401596749777,1.490534927053709,0.12280523262126875,0.9723110331666457,0.13355701432345785,0.03191548404919567,1.3412502024528705,9.999434708875071,1769,2023-02-10,2026-08-25,0.1090647950732396,0.11109349480147013,-0.1295208068781366,-0.12952080687813716,0.17279207155734722,18245.595803183704,17574.676013236298,0.743941430518263,-0.08823272377706237,0.12630241602968728,0.694,-0.032850379945973944,0.4413812029983814,0.0,,,1,0.000000,0.9817388071924831,-0.12727233129121984,17401.489179076747,True,844.106624106955,20.0,2.103025925448218e-05,0.19052427690587703,0.9746749576031656,1.3310504810880368,1.430487419919333,0.09943693883129612,SPY,0.21037381520456644,19649.4012312515,1.4288247116075652,0.1405684051184841,-0.18709518091808564,0.7758841325780831,0.16167675619216282,-0.14780182792899188,0.02360112866481301,1.0737468694246008,True,1.0,18245.595803183704,-0.1295208068781366,True,0.1399747202530449,2.2487202623844524,0.024530299210009376,0.7125816002446757,848,0.5124838544827616,0.07465790492065705,0.15051095902825243,-0.09366975027262836,0.08898499105100877,0.0015574395030589078,0.0015735651002114844,21.68672396518789,2.946169544816561,5.360897666605824,-3.870377719676304,2.746013311760167,0.10258430957970772,0.0873086513828746,0.1798392318469768,0.956302616212378,0.9694966365783942,close,-0.4864473261082882,13.90274491969859,1606,2.218627786155269,0.9984512605359053,False,1069,537,run+ledger,0.6549456867559094,this run,1.4877006853447827,0.12563947433019496,False,False,True,True,True,True,4,6,False,True,underpowered,2000.0
us_etfs,4h,mc_chaikin_oscillator_spread,False,10,3.537759525439197,0.589912693926261,0.11104575867342437,0.10130742803514114,0.009738330638283221,1.0316352894920526,0.582089552238806,2.4060092233574766,268,1.6234777693477924,1.490534927053709,0.13294284229408349,0.404274397545164,0.13244104510107962,0.06541351633537926,1.2859076891692107,9.999434708875071,1769,2023-02-10,2026-08-25,0.0662180243556876,0.11109349480147013,-0.06143455046443069,-0.12952080687813716,0.17279207155734722,14514.050404366304,17574.676013236298,0.04267664541521011,-0.02470583646259164,0.32884309048838944,0.667,-0.5049475903278083,0.7678124073151383,-0.3013434647636728,,,1,-0.301343,0.5960567220792061,-0.07878081484768351,14068.974328624025,True,445.07607574227893,10.0,0.0009221655617180405,0.19542750532590247,0.589912693926261,1.2852131425819715,1.8075457187192656,0.5223325761372941,SPY,0.21037381520456644,19649.4012312515,1.4288247116075652,0.1405684051184841,-0.18709518091808564,0.4710733133798659,0.09681832499755161,-0.09195824283453558,0.014227433675872758,1.0466505779503474,True,1.0,14514.050404366304,-0.06143455046443069,False,0.11933203960301922,2.301193627913994,0.021380688913972046,0.4107869388967108,848,0.21508824137853444,0.09271559892035834,0.04767852325134153,-0.052489692153550024,0.027990323739686053,-0.007431201132879421,-0.07705671637157135,5.400155711768361,3.202119061246717,1.9839278850049034,-2.273471486517121,0.8834254723937505,-0.4270059983880079,-3.7133512431930624,0.1984752798781395,0.47716814105442845,0.587601428439168,close,0.015085727364877777,7.519879899624427,1606,2.218627786155269,0.9988223890045561,False,1069,537,run+ledger,0.6549456867559094,this run,1.5738761080148649,0.04960166133292754,False,False,True,True,True,True,4,6,False,True,underpowered,2000.0
us_etfs,4h,RANDOM_25,False,10,3.537759525439197,0.25654167451793236,0.06288299199789193,0.05472906673667577,0.008153925261216166,1.0276191495803417,0.6686746987951807,2.705416503282942,166,1.7033613928032278,1.490534927053709,0.2128264657495189,0.8168672844420183,0.17470556835029444,0.04628138094549005,1.8326557511457087,9.999434708875071,1769,2023-02-10,2026-08-25,0.03618936008148014,0.11109349480147013,-0.03559877923398469,-0.12952080687813716,0.17279207155734722,12407.925580243249,17574.676013236298,0.031341258529306415,-0.023379896605948542,0.26053983285044324,0.8005,-0.34395765520562244,0.7008774050807801,0.044489732129998405,,,1,0.044490,0.3257558882826795,-0.04363985003612869,12074.439820735519,True,333.48575950773005,10.0,0.0005683823294208667,0.2683536730038403,0.25654167451793236,1.24601118449315,1.7664367529170812,0.5204255684239312,SPY,0.21037381520456644,19649.4012312515,1.4288247116075652,0.1405684051184841,-0.18709518091808564,0.2574501720424045,0.0523766463163704,-0.05112395744405185,0.010506345681521534,1.0357687389041728,True,1.0,12407.925580243249,-0.03559877923398469,False,0.07449887766788944,2.6444040447161856,0.00818349057715606,0.42239539114710767,848,0.1341542915899613,0.0141404864792892,0.035467166271753364,-0.020869487204107015,0.017328384031974904,-0.007334314405234861,0.0012384696726005528,12.767087870812633,1.3163840157861137,3.574117560945327,-1.5899072697312346,1.419236987765149,-1.0599468711945466,0.1420087557660376,0.06685378157823663,0.2497191992703859,0.5798832798923002,close,-0.5936216491341608,19.54462165356404,1606,2.218627786155269,0.9990103865690583,False,1069,537,run+ledger,0.6549456867559094,this run,1.7033613928032278,0.0,False,False,True,True,True,True,4,6,False,True,underpowered,2000.0
us_etfs,4h,mc_bollinger_bandwidth,False,10,3.537759525439197,0.9920859242509892,0.1790824754270337,0.17184182349371224,0.0072406519333214625,1.02203126263365,0.9,149.19529764510776,10,1.5462939563081741,1.490534927053709,0.05575902925446519,1.1011580294582028,0.10834952274504195,0.014960208659183766,0.9717066841039901,9.999434708875071,1769,2023-02-10,2026-08-25,0.11050574787792314,0.11109349480147013,-0.12952080687813727,-0.12952080687813716,0.17279207155734722,17910.43444110795,17574.676013236298,0.8901068282339529,-0.05369446343517692,0.05063671858425263,0.675,0.0,0.18354076020346496,0.0,,,1,0.000000,0.9947094388866123,-0.1288698257641112,17524.350864723005,True,386.08357638494573,20.0,1.4133238746291759e-05,0.1806329709579102,0.9920859242509892,1.3331380910470523,1.3826541058806692,0.049516014833616895,SPY,0.21037381520456644,19649.4012312515,1.4288247116075652,0.1405684051184841,-0.18709518091808564,0.7861350335786953,0.16388608976988572,-0.14963135367325775,0.015196385657147982,1.0469614718196167,True,1.0,17910.43444110795,-0.12952080687813727,True,0.12591341778332646,2.1119798049690877,0.03468818150042141,0.7242915130629433,848,0.5245890667742967,0.06995265343537685,0.15540953149467715,-0.09652023320314301,0.07248188090970192,-0.007609401005441455,0.0013016331354171028,25.105929237609228,2.9118950162742476,5.850399618877953,-4.062565651747573,2.445933159460157,-0.5412364219634795,0.07133622402365142,0.33119649057027667,0.9819136974317902,0.9890505611901822,close,-0.470967116951849,13.322493401979099,1606,2.218627786155269,0.9977526313296495,False,1069,537,run+ledger,0.6549456867559094,this run,1.4877006853447827,0.0585932709633914,False,False,True,True,True,True,4,6,False,True,underpowered,2000.0
us_etfs,4h,mc_composite_range_momentum,False,10,3.537759525439197,0.9920859242509892,0.1790824754270337,0.17184182349371224,0.0072406519333214625,1.02203126263365,0.9,149.19529764510776,10,1.5462939563081741,1.490534927053709,0.05575902925446519,1.1011580294582028,0.10834952274504195,0.014960208659183766,0.9717066841039901,9.999434708875071,1769,2023-02-10,2026-08-25,0.11050574787792314,0.11109349480147013,-0.12952080687813727,-0.12952080687813716,0.17279207155734722,17910.43444110795,17574.676013236298,0.8901068282339529,-0.05369446343517692,0.05063671858425263,0.675,0.0,0.18354076020346496,0.0,,,1,0.000000,0.9947094388866123,-0.1288698257641112,17524.350864723005,True,386.08357638494573,20.0,1.4133238746291759e-05,0.1806329709579102,0.9920859242509892,1.3331380910470523,1.3826541058806692,0.049516014833616895,SPY,0.21037381520456644,19649.4012312515,1.4288247116075652,0.1405684051184841,-0.18709518091808564,0.7861350335786953,0.16388608976988572,-0.14963135367325775,0.015196385657147982,1.0469614718196167,True,1.0,17910.43444110795,-0.12952080687813727,True,0.12591341778332646,2.1119798049690877,0.03468818150042141,0.7242915130629433,848,0.5245890667742967,0.06995265343537685,0.15540953149467715,-0.09652023320314301,0.07248188090970192,-0.007609401005441455,0.0013016331354171028,25.105929237609228,2.9118950162742476,5.850399618877953,-4.062565651747573,2.445933159460157,-0.5412364219634795,0.07133622402365142,0.33119649057027667,0.9819136974317902,0.9890505611901822,close,-0.470967116951849,13.322493401979099,1606,2.218627786155269,0.9977526313296495,False,1069,537,run+ledger,0.6549456867559094,this run,1.4877006853447827,0.0585932709633914,False,False,True,True,True,True,4,6,False,True,underpowered,2000.0
us_etfs,4h,mc_min_max_slope,False,10,3.537759525439197,0.9920859242509892,0.1790824754270337,0.17184182349371224,0.0072406519333214625,1.02203126263365,0.9,149.19529764510776,10,1.5462939563081741,1.490534927053709,0.05575902925446519,1.1011580294582028,0.10834952274504195,0.014960208659183766,0.9717066841039901,9.999434708875071,1769,2023-02-10,2026-08-25,0.11050574787792314,0.11109349480147013,-0.12952080687813727,-0.12952080687813716,0.17279207155734722,17910.43444110795,17574.676013236298,0.8901068282339529,-0.05369446343517692,0.05063671858425263,0.675,0.0,0.18354076020346496,0.0,,,1,0.000000,0.9947094388866123,-0.1288698257641112,17524.350864723005,True,386.08357638494573,20.0,1.4133238746291759e-05,0.1806329709579102,0.9920859242509892,1.3331380910470523,1.3826541058806692,0.049516014833616895,SPY,0.21037381520456644,19649.4012312515,1.4288247116075652,0.1405684051184841,-0.18709518091808564,0.7861350335786953,0.16388608976988572,-0.14963135367325775,0.015196385657147982,1.0469614718196167,True,1.0,17910.43444110795,-0.12952080687813727,True,0.12591341778332646,2.1119798049690877,0.03468818150042141,0.7242915130629433,848,0.5245890667742967,0.06995265343537685,0.15540953149467715,-0.09652023320314301,0.07248188090970192,-0.007609401005441455,0.0013016331354171028,25.105929237609228,2.9118950162742476,5.850399618877953,-4.062565651747573,2.445933159460157,-0.5412364219634795,0.07133622402365142,0.33119649057027667,0.9819136974317902,0.9890505611901822,close,-0.470967116951849,13.322493401979099,1606,2.218627786155269,0.9977526313296495,False,1069,537,run+ledger,0.6549456867559094,this run,1.4877006853447827,0.0585932709633914,False,False,True,True,True,True,4,6,False,True,underpowered,2000.0
us_etfs,4h,mc_rolling_window_l2_norm,False,10,3.537759525439197,0.9920859242509892,0.1790824754270337,0.17184182349371224,0.0072406519333214625,1.02203126263365,0.9,149.19529764510776,10,1.5462939563081741,1.490534927053709,0.05575902925446519,1.1011580294582028,0.10834952274504195,0.014960208659183766,0.9717066841039901,9.999434708875071,1769,2023-02-10,2026-08-25,0.11050574787792314,0.11109349480147013,-0.12952080687813727,-0.12952080687813716,0.17279207155734722,17910.43444110795,17574.676013236298,0.8901068282339529,-0.05369446343517692,0.05063671858425263,0.675,0.0,0.18354076020346496,0.0,,,1,0.000000,0.9947094388866123,-0.1288698257641112,17524.350864723005,True,386.08357638494573,20.0,1.4133238746291759e-05,0.1806329709579102,0.9920859242509892,1.3331380910470523,1.3826541058806692,0.049516014833616895,SPY,0.21037381520456644,19649.4012312515,1.4288247116075652,0.1405684051184841,-0.18709518091808564,0.7861350335786953,0.16388608976988572,-0.14963135367325775,0.015196385657147982,1.0469614718196167,True,1.0,17910.43444110795,-0.12952080687813727,True,0.12591341778332646,2.1119798049690877,0.03468818150042141,0.7242915130629433,848,0.5245890667742967,0.06995265343537685,0.15540953149467715,-0.09652023320314301,0.07248188090970192,-0.007609401005441455,0.0013016331354171028,25.105929237609228,2.9118950162742476,5.850399618877953,-4.062565651747573,2.445933159460157,-0.5412364219634795,0.07133622402365142,0.33119649057027667,0.9819136974317902,0.9890505611901822,close,-0.470967116951849,13.322493401979099,1606,2.218627786155269,0.9977526313296495,False,1069,537,run+ledger,0.6549456867559094,this run,1.4877006853447827,0.0585932709633914,False,False,True,True,True,True,4,6,False,True,underpowered,2000.0
us_etfs,4h,mc_wave_height_momentum,False,10,3.537759525439197,0.9920859242509892,0.1790824754270337,0.17184182349371224,0.0072406519333214625,1.02203126263365,0.9,149.19529764510776,10,1.5462939563081741,1.490534927053709,0.05575902925446519,1.1011580294582028,0.10834952274504195,0.014960208659183766,0.9717066841039901,9.999434708875071,1769,2023-02-10,2026-08-25,0.11050574787792314,0.11109349480147013,-0.12952080687813727,-0.12952080687813716,0.17279207155734722,17910.43444110795,17574.676013236298,0.8901068282339529,-0.05369446343517692,0.05063671858425263,0.675,0.0,0.18354076020346496,0.0,,,1,0.000000,0.9947094388866123,-0.1288698257641112,17524.350864723005,True,386.08357638494573,20.0,1.4133238746291759e-05,0.1806329709579102,0.9920859242509892,1.3331380910470523,1.3826541058806692,0.049516014833616895,SPY,0.21037381520456644,19649.4012312515,1.4288247116075652,0.1405684051184841,-0.18709518091808564,0.7861350335786953,0.16388608976988572,-0.14963135367325775,0.015196385657147982,1.0469614718196167,True,1.0,17910.43444110795,-0.12952080687813727,True,0.12591341778332646,2.1119798049690877,0.03468818150042141,0.7242915130629433,848,0.5245890667742967,0.06995265343537685,0.15540953149467715,-0.09652023320314301,0.07248188090970192,-0.007609401005441455,0.0013016331354171028,25.105929237609228,2.9118950162742476,5.850399618877953,-4.062565651747573,2.445933159460157,-0.5412364219634795,0.07133622402365142,0.33119649057027667,0.9819136974317902,0.9890505611901822,close,-0.470967116951849,13.322493401979099,1606,2.218627786155269,0.9977526313296495,False,1069,537,run+ledger,0.6549456867559094,this run,1.4877006853447827,0.0585932709633914,False,False,True,True,True,True,4,6,False,True,underpowered,2000.0
us_etfs,4h,RANDOM_50,False,10,3.537759525439197,0.5005904151749262,0.10195906146852907,0.09502752605279863,0.006931535415730439,1.0225745075475534,0.6478260869565218,2.7044420467015757,230,1.5919769453887243,1.490534927053709,0.10144201833501532,0.7334430185307349,0.12323630663943314,0.02991482655984713,1.067365392849027,9.999434708875071,1769,2023-02-10,2026-08-25,0.06220786796794344,0.11109349480147013,-0.06294879461492897,-0.12952080687813716,0.17279207155734722,14098.446462027952,17574.676013236298,0.03716428941824717,-0.025278389632138156,0.13830933797451422,0.76,-0.180406865408127,0.3450516009512639,0.043425563189863015,,,1,0.043426,0.5599595915054446,-0.07414350482582255,13787.207052364663,True,311.23940966328865,5.0,0.0007850166129240267,0.21403570022860108,0.5005904151749262,1.2746597022484811,1.6197142787599685,0.3450545765114874,SPY,0.21037381520456644,19649.4012312515,1.4288247116075652,0.1405684051184841,-0.18709518091808564,0.44254516450911485,0.09083363627105445,-0.08658697044821628,0.011125425197474614,1.0365510400281797,True,1.0,14098.446462027952,-0.06294879461492897,False,0.08742270672316992,2.297266233011201,0.02160358682667729,0.5917391686433844,848,0.2626723122854779,0.03814926997033884,0.07297440284902851,-0.05691705941098388,0.019999213847622228,-0.012087222184147525,-0.004080681423397126,20.02597202334515,2.7980912752558034,4.726798641145388,-2.952631980721937,1.047388133066751,-1.3941007463307205,-0.3664829972535651,0.2858068694668423,0.5089332312998017,0.8189507542125751,close,-0.27430699604439374,12.189212769457614,1606,2.218627786155269,0.9983814782271936,False,1069,537,run+ledger,0.6549456867559094,this run,1.5919769453887243,0.0,False,False,True,True,True,True,4,6,False,True,underpowered,2000.0
us_etfs,4h,mc_smaema_difference,False,10,3.537759525439197,0.41635575654795554,0.1113833281402632,0.10458618247388052,0.006797145666382676,1.0219403606670823,0.8846153846153846,18.984643772884123,52,1.5803443279180687,1.490534927053709,0.08980940086435973,0.4007480275428142,0.12025836201563056,0.03893826681129889,0.9071868394815907,9.999434708875071,1769,2023-02-10,2026-08-25,0.06830715537848137,0.11109349480147013,-0.10501763344498849,-0.12952080687813716,0.17279207155734722,14529.65726573784,17574.676013236298,0.08768715550100595,-0.035411156522967446,0.22410441148026583,0.695,-0.275542127111869,0.5716156962849492,0.7048515115521437,,,1,0.704852,0.614861882782154,-0.08118991839887968,14217.715460668815,True,311.941805069027,20.0,0.0001711817876950864,0.2887109024746637,0.41635575654795554,1.264740095375263,1.060615484147329,-0.20412461122793402,SPY,0.21037381520456644,19649.4012312515,1.4288247116075652,0.1405684051184841,-0.18709518091808564,0.48593533746723355,0.09994206898096336,-0.09474654149566186,0.011441259159299833,1.037286967239522,True,1.0,14529.65726573784,-0.10501763344498849,False,0.08649830623126334,1.673898346013593,0.09415057932684734,0.5533110899552443,848,0.2990951250279507,0.01322047990498297,0.024825548539632716,-0.03384104933451479,0.10470655503759407,0.004498357067331826,0.03281900213081977,9.147374148817581,0.44233696784685855,0.9134848323968292,-1.7612828455516214,3.9482192774945015,0.2897497610244757,2.0219381513960863,0.3643080020050278,0.4208968314256488,0.6698677190385256,close,-0.16332751827474268,28.338503876520463,1606,2.218627786155269,0.9981695234457151,False,1069,537,run+ledger,0.6549456867559094,this run,1.6304218514310844,-0.050077523513015754,True,False,False,False,True,True,3,6,False,True,underpowered,2000.0
us_etfs,4h,mc_recursive_envelope,False,10,3.537759525439197,0.21680798944789903,0.0778314884601281,0.0718389521754117,0.00599253628471641,1.0199199526243496,0.972972972972973,42.90597645730262,37,1.6084449707975834,1.490534927053709,0.11791004374387448,0.4172776396293729,0.14240674332059067,0.06465782714303067,1.7540710558385808,9.999434708875071,1769,2023-02-10,2026-08-25,0.04729789902277881,0.11109349480147013,-0.03407917575792785,-0.12952080687813716,0.17279207155734722,13036.383878101076,17574.676013236298,0.0774360913870958,-0.06497228405253974,0.28256976302061737,0.714,-0.40290114779971553,0.7229292413840661,1.9729489643942706,,,1,1.972949,0.4257485922762861,-0.05675179401260988,12781.771593503232,True,254.6122845978438,20.0,0.00012352450664258936,0.41298269690088074,0.21680798944789903,1.24137385666859,2.2838430428301115,1.0424691861615216,SPY,0.21037381520456644,19649.4012312515,1.4288247116075652,0.1405684051184841,-0.18709518091808564,0.3364760308898131,0.06871590821515894,-0.0663954799045835,0.009115580244969168,1.0305032255852655,True,1.0,13036.383878101076,-0.03407917575792785,False,0.09111503948684573,2.5523006040682272,0.010701414415125843,0.30261767605339895,848,0.13743853682248353,0.015615879914309391,0.03950542856868182,-0.011019438164145141,0.022604220849841934,-0.051133396724239305,0.026513341354254025,6.045894495151259,0.9875980405872989,2.2495435262520274,-0.752228517419172,1.2623175051434385,-3.6779757291144812,1.7092212006575174,0.07941833251498753,0.23414103477788123,0.38209311013135283,close,-0.8836209118766414,68.41851125953063,1606,2.218627786155269,0.9975942377609941,False,1069,537,run+ledger,0.6549456867559094,this run,1.7033613928032278,-0.09491642200564443,True,False,False,True,True,True,4,6,False,True,underpowered,2000.0
us_etfs,4h,mc_down_day_reversion,False,10,3.537759525439197,0.9841718485019784,0.17664725552125393,0.17082862464255388,0.0058186308787000485,1.0176926442989196,0.9,144.5565174899324,10,1.5356658250186614,1.490534927053709,0.04513089796495251,1.0248536839153974,0.10478368216837575,0.016174587248123453,0.8405436117168136,9.999434708875071,1769,2023-02-10,2026-08-25,0.10987881760282144,0.11109349480147013,-0.12952080687813694,-0.12952080687813716,0.17279207155734722,17779.91055502483,17574.676013236298,0.8742492391402386,-0.05443022071149528,0.044036430441985026,0.6725,0.0,0.1524186705292529,0.0,,,1,0.000000,0.9890661716888159,-0.12817505151555575,17470.805802348383,True,309.1047526764501,20.0,1.4133238746291759e-05,0.1797295830643295,0.9841718485019784,1.332189043074543,1.363852339859627,0.03166329678508406,SPY,0.21037381520456644,19649.4012312515,1.4288247116075652,0.1405684051184841,-0.18709518091808564,0.7816750678091949,0.16292463435762694,-0.148835746361084,0.013722621163626991,1.0423747424180658,True,1.0,17779.91055502483,-0.12952080687813694,True,0.12449549449089757,2.068476106055773,0.038595275176597,0.7240768940151008,848,0.5211167864398405,0.06973273313055964,0.15942276567758745,-0.09696177761899433,0.08055696568031996,-0.0020269156263520507,0.0016880813449192413,24.327852162134374,2.8766658550479236,5.992723764302378,-4.073663773776964,2.6823983396693984,-0.14009249882665312,0.09311839209376907,0.40060365975486434,0.9586183525427638,0.9790934036898608,close,-0.47588048733758426,13.57512434947682,1606,2.218627786155269,0.9976090215397506,False,1069,537,run+ledger,0.6549456867559094,this run,1.4877006853447827,0.04796513967387872,False,False,True,True,True,True,4,6,False,True,underpowered,2000.0
us_etfs,4h,RANDOM_75,False,10,3.537759525439197,0.7518748822310156,0.14110543488174598,0.13603302719428623,0.005072407687459757,1.0158858584586734,0.6445783132530121,3.464454739158719,166,1.5410550551689093,1.490534927053709,0.05052012811520035,0.3164444322736664,0.10607160822700873,0.016776918559223027,0.7275676378543185,9.999434708875071,1769,2023-02-10,2026-08-25,0.08818939268536147,0.11109349480147013,-0.13110147051997711,-0.12952080687813716,0.17279207155734722,15951.62026250049,17574.676013236298,0.06451057918109991,-0.03376974763771903,0.15964928740319784,0.6195,-0.21940344236260512,0.4120884282586211,-0.16348303439742695,,,1,-0.163483,0.7938303934263704,-0.10388695506236467,15702.177690220704,True,249.4425722797855,5.0,0.0005541360247646068,0.1919108348676335,0.7518748822310156,1.3044360559549748,1.0763070339492833,-0.22812902200569152,SPY,0.21037381520456644,19649.4012312515,1.4288247116075652,0.1405684051184841,-0.18709518091808564,0.6273770596673361,0.12987170743941845,-0.12094501561647408,0.011233727442327535,1.0356201196176775,True,1.0,15951.62026250049,-0.13110147051997711,False,0.102121758527327,1.9827995650889085,0.047389822629412715,0.6891077877451337,848,0.4131702867482573,0.03252369622481752,0.11978762249021033,-0.07899183227709752,0.054317189301868095,-0.008691395624564613,0.006448200262812112,20.249227382513002,1.603261984545705,4.848634409313734,-3.6748485467276097,1.987041898756044,-0.7241534384001379,0.4140390052713997,0.4668782969940821,0.7552847550001225,0.9350048543750413,close,-0.38714864693172507,14.530532656410436,1606,2.218627786155269,0.9977281817882904,False,1069,537,run+ledger,0.6549456867559094,this run,1.5410550551689093,0.0,False,False,True,False,True,True,3,6,False,True,underpowered,2000.0
us_etfs,4h,mc_rolling_window_z_score_reversion,False,10,3.537759525439197,0.47518371961560196,0.11577879327060225,0.11214805611089629,0.0036307371597059657,1.0115973514833567,0.7558139534883721,3.069922224995525,258,1.53503068559477,1.490534927053709,0.044495758541061026,0.2326697776181488,0.09659526226934101,0.03139265987632293,0.6682303921330026,9.999434708875071,1769,2023-02-10,2026-08-25,0.0731135380704822,0.11109349480147013,-0.0589897598826421,-0.12952080687813716,0.17279207155734722,14733.973573961519,17574.676013236298,0.029805642972271444,-0.030051432844027396,0.1912399581783511,0.6,-0.33806621548946386,0.4002978079754802,-0.6820412330182478,,,1,-0.682041,0.6581261864264861,-0.08671492648184209,14565.057482956377,True,168.91609100514015,3.0,0.0008876804591770898,0.2592898433963622,0.47518371961560196,1.2716643733595294,1.962693075898932,0.6910287025394026,SPY,0.21037381520456644,19649.4012312515,1.4288247116075652,0.1405684051184841,-0.18709518091808564,0.5201278196822061,0.107144143792959,-0.10113574610418297,0.008634649477643253,1.0278652246890143,True,1.0,14733.973573961519,-0.0589897598826421,False,0.08448722825306351,1.6557204637798784,0.09777844118186563,0.5043822979349719,848,0.27285268026543913,0.01674212118713453,0.08803536354348236,-0.07093201484462161,0.03730951370645518,0.03680387385884262,0.0622150135120155,9.75488659127054,0.792360739882888,3.3902014330824897,-3.4543486551643094,1.2994301803857353,2.4140527855698894,3.0050256317867325,0.5039865381077542,0.4698763051550738,0.6412845430017453,close,0.702179736512487,21.441120812439127,1606,2.218627786155269,0.9982602978577167,False,1069,537,run+ledger,0.6549456867559094,this run,1.6035726239318118,-0.06854193833704181,False,False,False,True,True,True,3,6,False,True,underpowered,2000.0
us_etfs,4h,mc_cumulative_diff_reversion,False,10,3.537759525439197,0.25055586960618054,0.07640707478507158,0.07374786464034822,0.0026592101447233674,1.0087890715273709,0.8181818181818182,15.698134753482282,44,1.5415043623603955,1.490534927053709,0.05096943530668652,0.18625792794972282,0.11064143899446205,0.05447355655298139,1.4218113592362216,9.999434708875071,1769,2023-02-10,2026-08-25,0.04853152452658342,0.11109349480147013,-0.042069932999788895,-0.12952080687813716,0.17279207155734722,12975.53643496625,17574.676013236298,0.07899198980171579,-0.02264370638230566,0.2736497493972168,0.6125,-0.44337951692590455,0.6153716621936892,1.2899461640278693,,,1,1.289946,0.43685298237589687,-0.058199749332632944,12862.487115686594,True,113.04931927965667,10.0,0.0001435937056623242,0.3415980195398849,0.25055586960618054,1.2453120830402458,1.8161919769507355,0.5708798939104898,SPY,0.21037381520456644,19649.4012312515,1.4288247116075652,0.1405684051184841,-0.18709518091808564,0.3452520108318548,0.07053781409069004,-0.06807935766065198,0.0058692606943815395,1.0195311997106624,True,1.0,12975.53643496625,-0.042069932999788895,False,0.08467949629488873,2.2191382797415313,0.026477318480316647,0.32512850249991465,848,0.1510913282198405,0.013243547999212194,0.031801133759806255,-0.03494241302870478,0.05768212696373427,-0.03439778097628917,0.016016682450611528,6.998702239078512,0.827633415529686,1.8334176502715214,-2.328507367457723,3.0488221609873305,-2.1277925182099553,0.92870828533378,0.15508102108780109,0.2673165220772723,0.42226836018393743,close,-0.26722046195031784,55.88048756781603,1606,2.218627786155269,0.9973194931680409,False,1069,537,run+ledger,0.6549456867559094,this run,1.7033613928032278,-0.1618570304428324,True,False,False,True,True,True,4,6,False,True,underpowered,2000.0
us_etfs,4h,ichimoku,False,10,3.537759525439197,0.5996231392500471,0.10477084110607038,0.10251191169282148,0.0022589294132489,1.0072673566740507,0.3231939163498099,3.2329742747441057,263,1.5210685893833256,1.490534927053709,0.03053366232961663,0.1612756197260625,0.09635705734463129,0.07454499694572132,1.727699536241419,9.999434708875071,1769,2023-02-10,2026-08-25,0.06698585107131343,0.11109349480147013,-0.05207242480455876,-0.12952080687813716,0.17279207155734722,14226.125930514148,17574.676013236298,0.0634514270729312,-0.00937212492146416,0.18932596496283885,0.54,-0.3648381728621588,0.36610541384436707,0.05113532339803095,,,1,0.051135,0.6029682583217013,-0.07966677930741173,14123.485523732395,True,102.64040678175323,3.0,0.0008906767057913009,0.18077096639619294,0.5996231392500471,1.2863625342580864,2.012021554580997,0.7256590203229105,SPY,0.21037381520456644,19649.4012312515,1.4288247116075652,0.1405684051184841,-0.18709518091808564,0.47653561278476153,0.09796593399266507,-0.09298382622039625,0.006804907113405312,1.0220990921272923,True,1.0,14226.125930514148,-0.05207242480455876,False,0.1266406680114066,2.8220079355041032,0.004772399635238678,0.42810983343143505,848,0.18964384796576544,0.12491038639942045,0.06480224288199919,-0.07951318754773248,0.052137870024447926,0.02561196183769103,-0.10826948786905079,7.092601906397054,5.028808820235156,3.52928547339585,-3.291591021704288,1.9194419033515062,1.653098181184516,-6.5983934480795865,0.0840421067503363,0.46103626384580776,0.5916722775727867,close,-0.067609943315224,9.10726790833425,1606,2.218627786155269,0.9977469934534515,False,1069,537,run+ledger,0.6549456867559094,this run,1.5719083213205407,-0.05083973193721514,False,False,False,True,True,True,3,6,False,True,underpowered,2000.0
us_etfs,4h,mc_adaptive_channel_width,False,10,3.537759525439197,0.5894416179888198,0.11099384642759857,0.10926092864222725,0.001732917785371324,1.0055377491686137,0.5444444444444444,2.353217127564861,270,1.5123727461219676,1.490534927053709,0.021837819068258657,0.13964733740345014,0.09210429045877683,0.053098199649014605,1.2790606604631052,9.999434708875071,1769,2023-02-10,2026-08-25,0.0712803949589228,0.11109349480147013,-0.05503843312880674,-0.12952080687813716,0.17279207155734722,14511.65141092995,17574.676013236298,0.04588442700475062,-0.023303198540482056,0.156378341859593,0.5645,-0.28826419453186614,0.3126653840206658,0.2731142494318599,,,1,0.273114,0.6416252822571167,-0.08461058056917381,14431.732098499826,True,79.9193124301234,2.0,0.0009148162775699688,0.19550328448001353,0.5894416179888198,1.2851573933125522,2.0166607244766412,0.731503331164089,SPY,0.21037381520456644,19649.4012312515,1.4288247116075652,0.1405684051184841,-0.18709518091808564,0.5070868869774902,0.10439476512997925,-0.09870314345629605,0.006599081297619325,1.0212999132515017,True,1.0,14511.65141092995,-0.05503843312880674,False,0.11152130135372529,2.4154296484261923,0.015716658301138997,0.5216607894621665,848,0.28426233480386626,0.06500877839345606,0.05841363064503101,-0.047680108394560494,0.0877806591887404,-0.025432032013975675,-0.0328516872734472,9.625749106766506,3.007926335734466,2.3069285817926306,-2.4667046799595087,3.006524334498755,-1.6836236236654851,-1.448220572350316,0.20087569543282702,0.5170327587922239,0.6983747970214789,close,0.43060476643258294,26.608152244740445,1606,2.218627786155269,0.9977694976488745,False,1069,537,run+ledger,0.6549456867559094,this run,1.5739715698532053,-0.061598823731237706,True,False,False,True,True,False,3,6,False,True,underpowered,2000.0
us_etfs,4h,ALWAYS_FLAT,False,10,3.537759525439197,0.0,0.0,0.0,0.0,1.0,,,0,,1.490534927053709,,,,0.0,,9.999434708875071,1769,2023-02-10,2026-08-25,0.0,0.11109349480147013,0.0,-0.12952080687813716,0.17279207155734722,10000.0,17574.676013236298,,,,,,,,,,0,,0.0,0.0,10000.0,False,0.0,0.0,0.0,,,,,,SPY,0.21037381520456644,19649.4012312515,1.4288247116075652,0.1405684051184841,-0.18709518091808564,0.0,0.0,0.0,0.0,1.0,False,,,,,0.0,,,,848,0.0,0.0,0.0,0.0,0.0,0.0,0.0,,,,,,,,,0.0,,close,,,1606,2.218627786155269,,False,1069,537,run+ledger,0.6549456867559094,this run,,,False,False,False,False,True,False,1,6,False,False,unrankable,0.0
us_etfs,4h,ACOS,False,10,3.537759525439197,0.0,0.0,0.0,0.0,1.0,,,0,,1.490534927053709,,,,0.0,,9.999434708875071,1769,2023-02-10,2026-08-25,0.0,0.11109349480147013,0.0,-0.12952080687813716,0.17279207155734722,10000.0,17574.676013236298,,,,,,,,,,0,,0.0,0.0,10000.0,False,0.0,0.0,0.0,,,,,,SPY,0.21037381520456644,19649.4012312515,1.4288247116075652,0.1405684051184841,-0.18709518091808564,0.0,0.0,0.0,0.0,1.0,False,,,,,0.0,,,,848,0.0,0.0,0.0,0.0,0.0,0.0,0.0,,,,,,,,,0.0,,close,,,1606,2.218627786155269,,False,1069,537,run+ledger,0.6549456867559094,this run,,,False,False,False,False,True,False,1,6,False,False,unrankable,0.0
us_etfs,4h,ASIN,False,10,3.537759525439197,0.0,0.0,0.0,0.0,1.0,,,0,,1.490534927053709,,,,0.0,,9.999434708875071,1769,2023-02-10,2026-08-25,0.0,0.11109349480147013,0.0,-0.12952080687813716,0.17279207155734722,10000.0,17574.676013236298,,,,,,,,,,0,,0.0,0.0,10000.0,False,0.0,0.0,0.0,,,,,,SPY,0.21037381520456644,19649.4012312515,1.4288247116075652,0.1405684051184841,-0.18709518091808564,0.0,0.0,0.0,0.0,1.0,False,,,,,0.0,,,,848,0.0,0.0,0.0,0.0,0.0,0.0,0.0,,,,,,,,,0.0,,close,,,1606,2.218627786155269,,False,1069,537,run+ledger,0.6549456867559094,this run,,,False,False,False,False,True,False,1,6,False,False,unrankable,0.0
us_etfs,4h,BBANDS,False,10,3.537759525439197,0.0,0.0,0.0,0.0,1.0,,,0,,1.490534927053709,,,,0.0,,9.999434708875071,1769,2023-02-10,2026-08-25,0.0,0.11109349480147013,0.0,-0.12952080687813716,0.17279207155734722,10000.0,17574.676013236298,,,,,,,,,,0,,0.0,0.0,10000.0,False,0.0,0.0,0.0,,,,,,SPY,0.21037381520456644,19649.4012312515,1.4288247116075652,0.1405684051184841,-0.18709518091808564,0.0,0.0,0.0,0.0,1.0,False,,,,,0.0,,,,848,0.0,0.0,0.0,0.0,0.0,0.0,0.0,,,,,,,,,0.0,,close,,,1606,2.218627786155269,,False,1069,537,run+ledger,0.6549456867559094,this run,,,False,False,False,False,True,False,1,6,False,False,unrankable,0.0
us_etfs,4h,CDL3BLACKCROWS,False,10,3.537759525439197,0.0,0.0,0.0,0.0,1.0,,,0,,1.490534927053709,,,,0.0,,9.999434708875071,1769,2023-02-10,2026-08-25,0.0,0.11109349480147013,0.0,-0.12952080687813716,0.17279207155734722,10000.0,17574.676013236298,,,,,,,,,,0,,0.0,0.0,10000.0,False,0.0,0.0,0.0,,,,,,SPY,0.21037381520456644,19649.4012312515,1.4288247116075652,0.1405684051184841,-0.18709518091808564,0.0,0.0,0.0,0.0,1.0,False,,,,,0.0,,,,848,0.0,0.0,0.0,0.0,0.0,0.0,0.0,,,,,,,,,0.0,,close,,,1606,2.218627786155269,,False,1069,537,run+ledger,0.6549456867559094,this run,,,False,False,False,False,True,False,1,6,False,False,unrankable,0.0
us_etfs,4h,CDL3STARSINSOUTH,False,10,3.537759525439197,0.0,0.0,0.0,0.0,1.0,,,0,,1.490534927053709,,,,0.0,,9.999434708875071,1769,2023-02-10,2026-08-25,0.0,0.11109349480147013,0.0,-0.12952080687813716,0.17279207155734722,10000.0,17574.676013236298,,,,,,,,,,0,,0.0,0.0,10000.0,False,0.0,0.0,0.0,,,,,,SPY,0.21037381520456644,19649.4012312515,1.4288247116075652,0.1405684051184841,-0.18709518091808564,0.0,0.0,0.0,0.0,1.0,False,,,,,0.0,,,,848,0.0,0.0,0.0,0.0,0.0,0.0,0.0,,,,,,,,,0.0,,close,,,1606,2.218627786155269,,False,1069,537,run+ledger,0.6549456867559094,this run,,,False,False,False,False,True,False,1,6,False,False,unrankable,0.0
us_etfs,4h,CDLABANDONEDBABY,False,10,3.537759525439197,0.0,0.0,0.0,0.0,1.0,,,0,,1.490534927053709,,,,0.0,,9.999434708875071,1769,2023-02-10,2026-08-25,0.0,0.11109349480147013,0.0,-0.12952080687813716,0.17279207155734722,10000.0,17574.676013236298,,,,,,,,,,0,,0.0,0.0,10000.0,False,0.0,0.0,0.0,,,,,,SPY,0.21037381520456644,19649.4012312515,1.4288247116075652,0.1405684051184841,-0.18709518091808564,0.0,0.0,0.0,0.0,1.0,False,,,,,0.0,,,,848,0.0,0.0,0.0,0.0,0.0,0.0,0.0,,,,,,,,,0.0,,close,,,1606,2.218627786155269,,False,1069,537,run+ledger,0.6549456867559094,this run,,,False,False,False,False,True,False,1,6,False,False,unrankable,0.0
us_etfs,4h,CDLBREAKAWAY,False,10,3.537759525439197,0.0,0.0,0.0,0.0,1.0,,,0,,1.490534927053709,,,,0.0,,9.999434708875071,1769,2023-02-10,2026-08-25,0.0,0.11109349480147013,0.0,-0.12952080687813716,0.17279207155734722,10000.0,17574.676013236298,,,,,,,,,,0,,0.0,0.0,10000.0,False,0.0,0.0,0.0,,,,,,SPY,0.21037381520456644,19649.4012312515,1.4288247116075652,0.1405684051184841,-0.18709518091808564,0.0,0.0,0.0,0.0,1.0,False,,,,,0.0,,,,848,0.0,0.0,0.0,0.0,0.0,0.0,0.0,,,,,,,,,0.0,,close,,,1606,2.218627786155269,,False,1069,537,run+ledger,0.6549456867559094,this run,,,False,False,False,False,True,False,1,6,False,False,unrankable,0.0
us_etfs,4h,CDLMATHOLD,False,10,3.537759525439197,0.0,0.0,0.0,0.0,1.0,,,0,,1.490534927053709,,,,0.0,,9.999434708875071,1769,2023-02-10,2026-08-25,0.0,0.11109349480147013,0.0,-0.12952080687813716,0.17279207155734722,10000.0,17574.676013236298,,,,,,,,,,0,,0.0,0.0,10000.0,False,0.0,0.0,0.0,,,,,,SPY,0.21037381520456644,19649.4012312515,1.4288247116075652,0.1405684051184841,-0.18709518091808564,0.0,0.0,0.0,0.0,1.0,False,,,,,0.0,,,,848,0.0,0.0,0.0,0.0,0.0,0.0,0.0,,,,,,,,,0.0,,close,,,1606,2.218627786155269,,False,1069,537,run+ledger,0.6549456867559094,this run,,,False,False,False,False,True,False,1,6,False,False,unrankable,0.0
us_etfs,4h,CDLUPSIDEGAP2CROWS,False,10,3.537759525439197,0.0,0.0,0.0,0.0,1.0,,,0,,1.490534927053709,,,,0.0,,9.999434708875071,1769,2023-02-10,2026-08-25,0.0,0.11109349480147013,0.0,-0.12952080687813716,0.17279207155734722,10000.0,17574.676013236298,,,,,,,,,,0,,0.0,0.0,10000.0,False,0.0,0.0,0.0,,,,,,SPY,0.21037381520456644,19649.4012312515,1.4288247116075652,0.1405684051184841,-0.18709518091808564,0.0,0.0,0.0,0.0,1.0,False,,,,,0.0,,,,848,0.0,0.0,0.0,0.0,0.0,0.0,0.0,,,,,,,,,0.0,,close,,,1606,2.218627786155269,,False,1069,537,run+ledger,0.6549456867559094,this run,,,False,False,False,False,True,False,1,6,False,False,unrankable,0.0
us_etfs,4h,DEMA_1000,False,10,3.537759525439197,0.0,0.0,0.0,0.0,1.0,,,0,,1.490534927053709,,,,0.0,,9.999434708875071,1769,2023-02-10,2026-08-25,0.0,0.11109349480147013,0.0,-0.12952080687813716,0.17279207155734722,10000.0,17574.676013236298,,,,,,,,,,0,,0.0,0.0,10000.0,False,0.0,0.0,0.0,,,,,,SPY,0.21037381520456644,19649.4012312515,1.4288247116075652,0.1405684051184841,-0.18709518091808564,0.0,0.0,0.0,0.0,1.0,False,,,,,0.0,,,,848,0.0,0.0,0.0,0.0,0.0,0.0,0.0,,,,,,,,,0.0,,close,,,1606,2.218627786155269,,False,1069,537,run+ledger,0.6549456867559094,this run,,,False,False,False,False,True,False,1,6,False,False,unrankable,0.0
us_etfs,4h,T3_1000,False,10,3.537759525439197,0.0,0.0,0.0,0.0,1.0,,,0,,1.490534927053709,,,,0.0,,9.999434708875071,1769,2023-02-10,2026-08-25,0.0,0.11109349480147013,0.0,-0.12952080687813716,0.17279207155734722,10000.0,17574.676013236298,,,,,,,,,,0,,0.0,0.0,10000.0,False,0.0,0.0,0.0,,,,,,SPY,0.21037381520456644,19649.4012312515,1.4288247116075652,0.1405684051184841,-0.18709518091808564,0.0,0.0,0.0,0.0,1.0,False,,,,,0.0,,,,848,0.0,0.0,0.0,0.0,0.0,0.0,0.0,,,,,,,,,0.0,,close,,,1606,2.218627786155269,,False,1069,537,run+ledger,0.6549456867559094,this run,,,False,False,False,False,True,False,1,6,False,False,unrankable,0.0
us_etfs,4h,TANH,False,10,3.537759525439197,0.0,0.0,0.0,0.0,1.0,,,0,,1.490534927053709,,,,0.0,,9.999434708875071,1769,2023-02-10,2026-08-25,0.0,0.11109349480147013,0.0,-0.12952080687813716,0.17279207155734722,10000.0,17574.676013236298,,,,,,,,,,0,,0.0,0.0,10000.0,False,0.0,0.0,0.0,,,,,,SPY,0.21037381520456644,19649.4012312515,1.4288247116075652,0.1405684051184841,-0.18709518091808564,0.0,0.0,0.0,0.0,1.0,False,,,,,0.0,,,,848,0.0,0.0,0.0,0.0,0.0,0.0,0.0,,,,,,,,,0.0,,close,,,1606,2.218627786155269,,False,1069,537,run+ledger,0.6549456867559094,this run,,,False,False,False,False,True,False,1,6,False,False,unrankable,0.0
us_etfs,4h,TEMA_1000,False,10,3.537759525439197,0.0,0.0,0.0,0.0,1.0,,,0,,1.490534927053709,,,,0.0,,9.999434708875071,1769,2023-02-10,2026-08-25,0.0,0.11109349480147013,0.0,-0.12952080687813716,0.17279207155734722,10000.0,17574.676013236298,,,,,,,,,,0,,0.0,0.0,10000.0,False,0.0,0.0,0.0,,,,,,SPY,0.21037381520456644,19649.4012312515,1.4288247116075652,0.1405684051184841,-0.18709518091808564,0.0,0.0,0.0,0.0,1.0,False,,,,,0.0,,,,848,0.0,0.0,0.0,0.0,0.0,0.0,0.0,,,,,,,,,0.0,,close,,,1606,2.218627786155269,,False,1069,537,run+ledger,0.6549456867559094,this run,,,False,False,False,False,True,False,1,6,False,False,unrankable,0.0
us_etfs,4h,mc_current_run_reversion,False,10,3.537759525439197,0.0,0.0,0.0,0.0,1.0,,,0,,1.490534927053709,,,,0.0,,9.999434708875071,1769,2023-02-10,2026-08-25,0.0,0.11109349480147013,0.0,-0.12952080687813716,0.17279207155734722,10000.0,17574.676013236298,,,,,,,,,,0,,0.0,0.0,10000.0,False,0.0,0.0,0.0,,,,,,SPY,0.21037381520456644,19649.4012312515,1.4288247116075652,0.1405684051184841,-0.18709518091808564,0.0,0.0,0.0,0.0,1.0,False,,,,,0.0,,,,848,0.0,0.0,0.0,0.0,0.0,0.0,0.0,,,,,,,,,0.0,,close,,,1606,2.218627786155269,,False,1069,537,run+ledger,0.6549456867559094,this run,,,False,False,False,False,True,False,1,6,False,False,unrankable,0.0
us_etfs,4h,mc_pain_index_reversion,False,10,3.537759525439197,0.0,0.0,0.0,0.0,1.0,,,0,,1.490534927053709,,,,0.0,,9.999434708875071,1769,2023-02-10,2026-08-25,0.0,0.11109349480147013,0.0,-0.12952080687813716,0.17279207155734722,10000.0,17574.676013236298,,,,,,,,,,0,,0.0,0.0,10000.0,False,0.0,0.0,0.0,,,,,,SPY,0.21037381520456644,19649.4012312515,1.4288247116075652,0.1405684051184841,-0.18709518091808564,0.0,0.0,0.0,0.0,1.0,False,,,,,0.0,,,,848,0.0,0.0,0.0,0.0,0.0,0.0,0.0,,,,,,,,,0.0,,close,,,1606,2.218627786155269,,False,1069,537,run+ledger,0.6549456867559094,this run,,,False,False,False,False,True,False,1,6,False,False,unrankable,0.0
us_etfs,4h,BUYHOLD,False,10,3.537759525439197,0.9999999999999999,0.17277549590973962,0.17279207155734722,-1.6575647607597332e-05,0.9999500000000003,0.9,109.42936618563404,10,1.4904070995485337,1.490534927053709,-0.00012782750517525976,,0.09021631199359409,-2.477933856474455e-05,-0.9888502771842734,9.999434708875071,1769,2023-02-10,2026-08-25,0.11109354013508094,0.11109349480147013,-0.1295208068781366,-0.12952080687813716,0.17279207155734722,17573.797279435643,17574.676013236298,0.8542710940023633,-0.07025938387487995,,,,,,,,1,0.000000,1.0,-0.12952080687813716,17574.676013236298,False,-0.8787338006555068,0.0,1.4133238746291759e-05,0.17277549590973984,0.9999999999999999,1.3340873618855917,1.333959385168905,-0.00012797671668662858,SPY,0.21037381520456644,19649.4012312515,1.4288247116075652,0.1405684051184841,-0.18709518091808564,0.7903165725003496,0.1647878275922785,-0.15037675664968786,0.007987668317461116,1.0244724444876856,True,0.9999995919329715,17573.793393619115,-0.1295207566810066,False,0.11297374070907017,1.8863257830472198,0.059251066914945305,0.7286469687535441,848,0.5319206694834101,0.07192305044086433,0.1520366967154944,-0.09151936411529943,0.06486028891319401,-0.0135574306809145,-0.004214925518605838,26.238227503869528,3.040497935575457,5.693827466202031,-3.8263647895695883,2.202643839503668,-0.9789041606654715,-0.23286844811438334,0.32273640116383806,1.0000142898088598,0.9999999287220026,close,-0.47561828539762757,13.097201287812286,1606,2.218627786155269,0.9969403735221262,False,1069,537,run+ledger,0.6549456867559094,this run,1.4877006853447827,0.002706414203750951,False,False,True,False,False,False,1,6,False,True,underpowered,
us_etfs,4h,ALWAYS_LONG,False,10,3.537759525439197,0.9999999999999999,0.17277549590973962,0.17279207155734722,-1.6575647607597332e-05,0.9999500000000003,0.9,109.42936618563404,10,1.4904070995485337,1.490534927053709,-0.00012782750517525976,-1.1213810053348845,0.09021631199359409,-2.477933856474455e-05,-0.9888502771842734,9.999434708875071,1769,2023-02-10,2026-08-25,0.11109354013508094,0.11109349480147013,-0.1295208068781366,-0.12952080687813716,0.17279207155734722,17573.797279435643,17574.676013236298,0.8542710940023633,-0.07025938387487995,0.00011399114535303359,0.0,-0.00041167451701629165,0.0,0.0,,,1,0.000000,1.0,-0.12952080687813716,17574.676013236298,False,-0.8787338006555068,0.0,1.4133238746291759e-05,0.17277549590973984,0.9999999999999999,1.3340873618855917,1.333959385168905,-0.00012797671668662858,SPY,0.21037381520456644,19649.4012312515,1.4288247116075652,0.1405684051184841,-0.18709518091808564,0.7903165725003496,0.1647878275922785,-0.15037675664968786,0.007987668317461116,1.0244724444876856,True,0.9999995919329715,17573.793393619115,-0.1295207566810066,False,0.11297374070907017,1.8863257830472198,0.059251066914945305,0.7286469687535441,848,0.5319206694834101,0.07192305044086433,0.1520366967154944,-0.09151936411529943,0.06486028891319401,-0.0135574306809145,-0.004214925518605838,26.238227503869528,3.040497935575457,5.693827466202031,-3.8263647895695883,2.202643839503668,-0.9789041606654715,-0.23286844811438334,0.32273640116383806,1.0000142898088598,0.9999999287220026,close,-0.47561828539762757,13.097201287812286,1606,2.218627786155269,0.9969403735221262,False,1069,537,run+ledger,0.6549456867559094,this run,1.4877006853447827,0.002706414203750951,False,False,True,False,False,False,1,6,False,True,underpowered,2000.0
us_etfs,4h,RANDOM_90,False,10,3.537759525439197,0.8925884052509265,0.15249008613082626,0.15281048382991247,-0.00032039769908620563,0.9990171061488041,0.6483516483516484,4.963398994512357,91,1.4877006853447827,1.490534927053709,-0.0028342417089262106,-0.022890976617271908,0.08844783554111235,0.006277883532865696,0.3471219051309332,9.999434708875071,1769,2023-02-10,2026-08-25,0.09868660730154043,0.11109349480147013,-0.12607597462664943,-0.12952080687813716,0.17279207155734722,16521.80854049603,17574.676013236298,0.11652889925230175,-0.04328690041521434,0.12381480075374734,0.4875,-0.23966665954255928,0.24830047424998541,-0.39934189627444505,,,1,-0.399342,0.8883203060440087,-0.11570304830293754,16538.063701619034,False,-16.255161123006623,0.0,0.00029346256932800144,0.1723423300250877,0.8925884052509265,1.3212229861322167,1.2095094769832024,-0.11171350914901423,SPY,0.21037381520456644,19649.4012312515,1.4288247116075652,0.1405684051184841,-0.18709518091808564,0.7020539730699669,0.14581723852209527,-0.13453258126575407,0.006672847608730992,1.0207554001255736,True,1.0,16521.80854049603,-0.12607597462664943,False,0.10594110886382224,1.9420769987433473,0.05212777956481207,0.6975784595366026,848,0.4533681567777675,0.06481468614513228,0.12294385640565433,-0.08647954021394122,0.058908172532418895,-0.00710113993432257,0.004037951985098132,24.324240876503545,3.2504220352785085,4.5774541079082445,-3.8901241367517017,2.041963280614489,-0.5511755537042656,0.2258160821982013,0.7284997375611915,0.8819996001485934,0.969875232178397,close,-0.3652101373089538,11.494363133785116,1606,2.218627786155269,0.9970065798776455,False,1069,537,run+ledger,0.6549456867559094,this run,1.4877006853447827,0.0,False,False,True,False,False,False,1,6,False,True,underpowered,2000.0
us_etfs,4h,CDLKICKING,False,10,3.537759525439197,0.00033917467495760324,0.0003312016971310783,0.0007397893760567875,-0.00040858767892570924,0.9985563317563279,1.0,,1,0.667581267719812,1.490534927053709,-0.822953659333897,-2.177111926670681,9.061218353423328e-08,0.0006013631905293257,1.004725100826153,9.999434708875071,1769,2023-02-10,2026-08-25,0.0004962241746274202,0.11109349480147013,-0.00017896365437042316,-0.12952080687813716,0.17279207155734722,10011.722044604308,17574.676013236298,0.011795189301086806,,0.3780024578673765,0.05124555160142349,-1.2853946147470394,0.16650874893420087,,,,0,,0.004466725756662879,-0.0006080161254072847,10026.196546162817,False,-14.474501558510156,0.0,3.4485102540951847e-06,1.6546991435277598,0.00033917467495760324,1.2162497860532382,1.8506645849192889,0.6344147988660507,SPY,0.21037381520456644,19649.4012312515,1.4288247116075652,0.1405684051184841,-0.18709518091808564,0.0035301259497762423,0.0007091451354566125,-0.0007153786425768693,-0.00037794343832553423,0.9986645146885876,False,1.0,10011.722044604308,-0.00017896365437042316,False,0.0006013352267595198,1.0044785072904792,0.31514802575251033,0.006096875873160101,848,8.394664035305824e-05,-0.00013205169706593338,-0.0001835889919625387,-0.00012230839119888438,0.0004083436918786564,-9.167078847442653e-05,-8.779490815700409e-05,1.0155279423262138,-0.9735392654172543,-1.135695820124197,-0.9194611075136613,1.1180900644575202,-0.9256371333926231,-1.1213840468399916,0.3150292380803803,-2.474737668327185e-07,0.0060968765552150694,close,31.62741603246761,1152.8965143372286,1606,2.218627786155269,0.9876385645976522,False,1069,537,run+ledger,0.6549456867559094,this run,1.7033613928032278,-1.035780125083416,False,False,False,True,False,False,1,6,False,False,unrankable,1405.0
us_etfs,4h,CDLKICKINGBYLENGTH,False,10,3.537759525439197,0.00033917467495760324,0.0003312016971310783,0.0007397893760567875,-0.00040858767892570924,0.9985563317563279,1.0,,1,0.667581267719812,1.490534927053709,-0.822953659333897,-2.177111926670681,9.061218353423328e-08,0.0006013631905293257,1.004725100826153,9.999434708875071,1769,2023-02-10,2026-08-25,0.0004962241746274202,0.11109349480147013,-0.00017896365437042316,-0.12952080687813716,0.17279207155734722,10011.722044604308,17574.676013236298,0.011795189301086806,,0.3780024578673765,0.05124555160142349,-1.2853946147470394,0.16650874893420087,,,,0,,0.004466725756662879,-0.0006080161254072847,10026.196546162817,False,-14.474501558510156,0.0,3.4485102540951847e-06,1.6546991435277598,0.00033917467495760324,1.2162497860532382,1.8506645849192889,0.6344147988660507,SPY,0.21037381520456644,19649.4012312515,1.4288247116075652,0.1405684051184841,-0.18709518091808564,0.0035301259497762423,0.0007091451354566125,-0.0007153786425768693,-0.00037794343832553423,0.9986645146885876,False,1.0,10011.722044604308,-0.00017896365437042316,False,0.0006013352267595198,1.0044785072904792,0.31514802575251033,0.006096875873160101,848,8.394664035305824e-05,-0.00013205169706593338,-0.0001835889919625387,-0.00012230839119888438,0.0004083436918786564,-9.167078847442653e-05,-8.779490815700409e-05,1.0155279423262138,-0.9735392654172543,-1.135695820124197,-0.9194611075136613,1.1180900644575202,-0.9256371333926231,-1.1213840468399916,0.3150292380803803,-2.474737668327185e-07,0.0060968765552150694,close,31.62741603246761,1152.8965143372286,1606,2.218627786155269,0.9876385645976522,False,1069,537,run+ledger,0.6549456867559094,this run,1.7033613928032278,-1.035780125083416,False,False,False,True,False,False,1,6,False,False,unrankable,1405.0
us_etfs,4h,atr_chandelier,False,10,3.537759525439197,0.6685886564914264,0.10857527539091771,0.10913027767665673,-0.0005550022857390147,0.9982308496124909,0.48484848484848486,1.8486870527043813,462,1.483471490751196,1.490534927053709,-0.007063436302512827,-0.03512420343343265,0.08472483119105773,0.06800125267120598,1.599498501380683,9.999434708875071,1769,2023-02-10,2026-08-25,0.07119738349583168,0.11109349480147013,-0.04736938334292151,-0.12952080687813716,0.17279207155734722,14400.19825260307,17574.676013236298,0.03721225888533727,-0.01894496011592824,0.20109883248738844,0.46,-0.40145415385664796,0.3590844039337207,0.1404069740979883,,,1,0.140407,0.6408780606197071,-0.08451520405943025,14425.719519881766,False,-25.521267278696413,0.5,0.0015789654327357054,0.16668805892974214,0.6685886564914264,1.2945373252477748,2.292098138683967,0.9975608134361924,SPY,0.21037381520456644,19649.4012312515,1.4288247116075652,0.1405684051184841,-0.18709518091808564,0.506496345575095,0.10427033668074537,-0.09859286305189985,0.004304938710172346,1.0138601254328268,True,1.0,14400.19825260307,-0.04736938334292151,False,0.1278761859584439,2.7519109938801827,0.0059248621709218074,0.4837271956776461,848,0.22969218836478417,0.13535300111183535,0.08749128187143272,-0.07331734057751071,0.04442004144614636,-0.0038787600929280006,-0.12025240938053926,8.071562099284117,6.099705953933129,4.746208112864737,-3.1792872657197466,1.6593986077652116,-0.2573895882567099,-6.700651498034258,0.10970988133197834,0.5298811777654193,0.6701225754704456,close,-0.06376239414784604,8.282942385962762,1606,2.218627786155269,0.9972189828342903,False,1069,537,run+ledger,0.6549456867559094,this run,1.5579327081874996,-0.07446121743630352,True,False,False,True,False,False,2,6,False,True,underpowered,2000.0
us_etfs,4h,MAXINDEX~WILLR|or,False,10,3.537759525439197,0.9926512153759185,0.14503975745866948,0.1456137800559587,-0.0005740225972892254,0.9982284927498398,0.40492957746478875,2.0032991635087436,568,1.4852302374863393,1.490534927053709,-0.005304689567369625,-0.0425493544886625,0.0893691655935655,0.032390883928663086,0.7573235768838206,9.999434708875071,1769,2023-02-10,2026-08-25,0.09419292870464988,0.11109349480147013,-0.11248678323925132,-0.12952080687813716,0.17279207155734722,16147.04362570873,17574.676013236298,0.04429212885882864,-0.015044989216404235,0.12467144639722062,0.479,-0.26516669857629,0.21565912515499755,0.009633139407429159,,,1,0.009633,0.8478707855304899,-0.11065886631465793,16175.698993752572,False,-28.655368043841722,0.5,0.0021680168728373038,0.14618844535522135,0.9926512153759185,1.3332058887277538,1.2893937694900592,-0.04381211923769457,SPY,0.21037381520456644,19649.4012312515,1.4288247116075652,0.1405684051184841,-0.18709518091808564,0.6700860597034969,0.13897929689893407,-0.12873651118022444,0.006060460559735414,1.0189517103439727,True,1.0,16147.04362570873,-0.11248678323925132,False,0.11977437396134152,1.870793162038186,0.06137375577960369,0.5996062866725186,848,0.39617542321914484,0.11496667435332855,0.11955278552584783,-0.07319094063250989,0.04290401753516841,0.0010182907183653792,-0.03406266190057284,16.389834416195427,5.107735874649055,4.132505437444425,-2.7418906682263486,1.4659417292840902,0.060071714350972076,-1.5462215221217483,0.44885602917746903,0.7733264001087023,0.8206986450731074,close,-0.6151924582832973,10.940992568144518,1606,2.218627786155269,0.9967663730945864,False,1069,537,run+ledger,0.6549456867559094,this run,1.4877006853447827,-0.002470447858443414,False,False,False,False,False,False,0,6,False,True,underpowered,2000.0
us_etfs,4h,CDL3LINESTRIKE,False,10,3.537759525439197,0.006444318824194461,0.00502685613591991,0.0057332763494062355,-0.0007064202134863251,0.9975173156435457,0.631578947368421,6.134333082290568,19,1.3075734085178339,1.490534927053709,-0.18296151853587506,-0.4138583854949512,0.024350473045475884,0.008918635272873255,2.0193327408727773,9.999434708875071,1769,2023-02-10,2026-08-25,0.0038404380058709928,0.11109349480147013,-0.0024352362638099256,-0.12952080687813716,0.17279207155734722,10178.975342535112,17574.676013236298,0.017842441844172663,-0.004986205142616352,0.44208725725603804,0.342,-1.0893029561517542,0.6658412325537825,0.11955854216395778,,,1,0.119559,0.03456942292376395,-0.004698611373186945,10204.309421905295,False,-25.334079370182838,0.0,7.060989047481102e-05,1.1773108610258962,0.006444318824194461,1.2169550418928705,2.064217016896503,0.8472619750036325,SPY,0.21037381520456644,19649.4012312515,1.4288247116075652,0.1405684051184841,-0.18709518091808564,0.02732077668971143,0.005494954457863965,-0.005526036352303421,-0.0004680983219440549,0.9983540033804165,False,1.0,10178.975342535112,-0.0024352362638099256,False,0.00933179707024137,2.0673075545915016,0.038705182854195774,0.011930517354518444,848,0.001681004408828729,0.0018947716320361074,-0.0003906472751207101,0.0005505496959923438,0.0012454243845421067,-0.0006016981861752163,0.0002343846638167638,1.2488716176975712,1.464845157053541,-0.3959047453941985,0.39955373195576993,0.6888550871334069,-0.8849925659157247,0.2432429164429722,0.04345264708570218,0.0036563992271496557,0.014780983475107257,close,5.273306278132256,75.44507843608787,1606,2.218627786155269,0.9976662479696199,False,1069,537,run+ledger,0.6549456867559094,this run,1.7033613928032278,-0.39578798428539397,True,False,False,True,False,False,2,6,False,False,unrankable,2000.0
us_etfs,4h,mc_adaptive_band_reversion,False,10,3.537759525439197,0.11013127316123357,0.05500523106855204,0.0558986763839282,-0.0008934453153761623,0.9970097485649613,0.8518518518518519,22.91986831674794,27,1.4676278420721902,1.490534927053709,-0.02290708498151872,-0.055129250760182026,0.0930400300286155,0.042204462977147715,1.225906592780982,9.999434708875071,1769,2023-02-10,2026-08-25,0.03695170802513526,0.11109349480147013,-0.031238642617472223,-0.12952080687813716,0.17279207155734722,12085.628176198525,17574.676013236298,0.08939339305199664,-0.022426481816799237,0.4155159858995168,0.5285,-0.6731417487605634,0.8857622626255156,1.352403965247943,,,1,1.352404,0.3326181077584236,-0.044543917319819215,12121.87563220308,False,-36.247456004556696,0.0,9.107459048110382e-05,0.6261237160874662,0.11013127316123357,1.2289625845308911,1.76080733539257,0.5318447508616788,SPY,0.21037381520456644,19649.4012312515,1.4288247116075652,0.1405684051184841,-0.18709518091808564,0.26287349560513923,0.05349410711409308,-0.0521782632616008,0.0015111239544589594,1.0050837782319735,True,1.0,12085.628176198525,-0.031238642617472223,False,0.0586763895173135,1.7758657880565234,0.07575504108063336,0.21407948736389948,848,0.09543404608817237,-9.69241337357915e-05,0.009779781403508957,-0.006967033974773669,0.028747956906946075,-0.025450979661183544,0.020582663558464692,4.9968803075971895,-0.006959704370490864,0.743882545540339,-0.5835582817568731,2.1045485342755432,-1.9423076179169954,1.416800389268303,0.22023382755926169,0.14577325361344287,0.2642597063615436,close,-0.5547762739651155,97.73113151438919,1606,2.218627786155269,0.9951170699528326,False,1069,537,run+ledger,0.6549456867559094,this run,1.7033613928032278,-0.23573355073103763,True,False,False,True,False,False,2,6,False,True,underpowered,2000.0
us_etfs,4h,CDLIDENTICAL3CROWS,False,10,3.537759525439197,0.001356698699830413,0.0004736080750440408,0.001882890265113124,-0.0014092821900690833,0.9950325439918576,0.5,2.0739227842148957,4,0.3756534257868112,1.490534927053709,-1.1148815012668978,-1.8866542882716089,0.0001488370541591899,9.480915037153001e-05,0.06699683496388303,9.999434708875071,1769,2023-02-10,2026-08-25,0.0012625802781545705,0.11109349480147013,-0.002120382052865355,-0.12952080687813716,0.17279207155734722,10016.765186247429,17574.676013236298,0.016594043879549103,-0.008001283367852552,0.5909304678644951,0.008044243338360985,-2.5257219191089004,-0.1774043888798903,,,,0,,0.011365024391489955,-0.0015464917797786137,10066.771430472325,False,-50.00624422489608,0.0,1.786471263851047e-05,0.41765766669624016,0.001356698699830413,1.2163673149672796,0.22335978292404227,-0.9930075320432373,SPY,0.21037381520456644,19649.4012312515,1.4288247116075652,0.1405684051184841,-0.18709518091808564,0.008981963458220577,0.0018048327963215982,-0.0018193991833272971,-0.0013312247212775574,0.9953068528756157,False,1.0,10016.765186247429,-0.002120382052865355,False,0.00018473258215672355,0.12691620758830688,0.8990067185767061,0.01701641195892689,848,-0.0002792798315714664,-3.9144035895252065e-05,-0.0002622297001249478,0.0003234131068995201,0.0009913917507889422,0.0004593940621541191,-0.0004320427740869396,-1.3575959756148444,-0.13342203363025623,-1.2393732920586862,0.8814342678150349,1.0405082392334992,1.4042128893661872,-1.8044541985678166,0.946584222873819,0.000795804376339949,0.01877229453900564,close,5.965620139543107,256.38738460743485,1606,2.218627786155269,0.7695353205807433,False,1069,537,run+ledger,0.6549456867559094,this run,1.7033613928032278,-1.3277079670164167,False,False,False,False,False,False,0,6,False,False,unrankable,1989.0
us_etfs,4h,CDLCONCEALBABYSWALL,False,10,3.537759525439197,0.00033917467495760324,0.0011878983827029455,0.0027589156371941037,-0.0015710172544911583,0.994468419811057,1.0,,1,0.642802292696395,1.490534927053709,-0.8477326343573139,-2.8207388361601375,2.322010427824317e-07,0.0017510201100082465,1.018809533013432,9.999434708875071,1769,2023-02-10,2026-08-25,0.0018495600874107417,0.11109349480147013,-0.0006547995309925669,-0.12952080687813716,0.17279207155734722,10042.088371036994,17574.676013236298,0.04238875863652569,,0.3005356694104051,0.0007369196757553427,-1.4377503793353732,-0.2523937534903408,0.14940658446385324,,,1,0.149407,0.0166486803814751,-0.0022648698920478827,10097.94596890762,False,-55.8575978706255,0.0,3.448510254095192e-06,32.12346169655325,0.00033917467495760324,1.2162497860532382,1.8141405521508078,0.5978907660975696,SPY,0.21037381520456644,19649.4012312515,1.4288247116075652,0.1405684051184841,-0.18709518091808564,0.01315772264650624,0.0026444711641164798,-0.00266435829342615,-0.0014565727814135343,0.9948700534362566,False,1.0,10042.088371036994,-0.0006547995309925669,False,0.0019318041153749284,1.026220182512042,0.30478781016600065,0.040747322503277617,848,0.000347679846617277,0.0005538500499824878,-0.00032093467430182243,-0.0003435910673481751,-0.0013455725182995861,0.0014641191725003814,0.0019756483778776137,0.8646372726782889,1.0252935426277663,-0.8510807165621412,-0.8297675030530858,-1.032511142616039,1.0912120315096279,1.0560001466311288,0.3082933990589445,0.0015999022700417124,0.042802335892751064,close,29.743925618742004,972.0688027957941,1606,2.218627786155269,0.9801125717910736,False,1069,537,run+ledger,0.6549456867559094,this run,1.7033613928032278,-1.0605591001068329,True,False,False,True,False,False,2,6,False,False,unrankable,1357.0
us_etfs,4h,MININDEX,False,10,3.537759525439197,0.8349349915206331,0.15516078039711023,0.15737579941297786,-0.0022150190158676253,0.9932457601883744,0.6398601398601399,2.9160405326698955,286,1.471669422736508,1.490534927053709,-0.01886550431720102,-0.27414853203404016,0.08530621128427218,0.003924068907062191,0.12520623491280922,9.999434708875071,1769,2023-02-10,2026-08-25,0.10153024604425087,0.11109349480147013,-0.10787874085916671,-0.12952080687813716,0.17279207155734722,16657.65537142939,17574.676013236298,0.04345991842630072,-0.0264794655660069,0.06881490182430942,0.408,-0.15569578599478684,0.10503917948475261,-0.057888159133231865,,,1,-0.057888,0.9139171130199002,-0.1188841813256949,16770.93025624411,False,-113.27488481472025,0.0,0.000967957255256026,0.1885753577459215,0.8349349915206331,1.3143357159213644,1.4382887597814027,0.12395304386003825,SPY,0.21037381520456644,19649.4012312515,1.4288247116075652,0.1405684051184841,-0.18709518091808564,0.7222835455710817,0.15015348688703423,-0.13818455969762433,0.005007293510076005,1.0154872176982803,True,1.0,16657.65537142939,-0.10787874085916671,False,0.10106393337152908,1.7224182996394026,0.08499377106557926,0.6699062379376062,848,0.47067981508852974,0.03157261982570955,0.15105250252221483,-0.09621007178506655,0.0849911468567669,0.0028457501742374797,-0.005357096433694878,21.167579405591983,1.0530980252144326,6.288597534534462,-3.8187096618090206,2.9211256297299584,0.19421111801190663,-0.2944952446339209,0.9003602813437188,0.8596683614405972,0.9101925756835584,close,-0.5134388009241607,16.62545027448121,1606,2.218627786155269,0.9965295468217803,False,1069,537,run+ledger,0.6549456867559094,this run,1.5095611397756918,-0.037891717039183925,False,False,False,True,False,False,1,6,False,True,underpowered,2000.0
us_etfs,4h,CDLSTICKSANDWICH,False,10,3.537759525439197,0.001356698699830413,0.0004487648796998034,0.0027942311871544945,-0.002345466307454691,0.9917499533355082,0.75,1.981443599787193,4,0.24045108362446613,1.490534927053709,-1.2500838434292427,-3.3492607152434926,5.567213617141409e-05,-0.0008591015169283997,-0.7641507190401579,9.999434708875071,1769,2023-02-10,2026-08-25,0.0018732173474618138,0.11109349480147013,-0.0035753093039487815,-0.12952080687813716,0.17279207155734722,10015.885264734294,17574.676013236298,0.010708753595758699,-0.016213563076297732,0.37324172398396316,0.0,-1.9928528531856318,-0.542391390756663,,,,0,,0.016861629484330752,-0.002293815049867698,10099.204170414445,False,-83.31890568014977,0.0,1.3794041016380764e-05,0.39194620458479545,0.001356698699830413,1.2163673149672796,0.12551777805745676,-1.0908495369098228,SPY,0.21037381520456644,19649.4012312515,1.4288247116075652,0.1405684051184841,-0.18709518091808564,0.013326019782915602,0.0026783188945769254,-0.0026984011689795695,-0.002229554014877122,0.9921556132297426,False,1.0,10015.885264734294,-0.0035753093039487815,False,-0.000755292080924858,-0.6939691991272451,0.48770152512507714,0.01727280337126802,848,0.0010191263803171996,-7.475858527630522e-05,0.00010467696169460595,0.0003446161125684516,-0.001079634570470394,-0.0008394127434396268,-0.00044630012466839297,1.4060567569439446,-0.201852683613834,0.19756916266384658,1.1225825046332194,-1.2486515582142865,-1.6947429160130798,-1.715882697463386,0.4447774304268981,0.0009186927348851901,0.018354370866494718,close,7.708914351290229,325.5402041464325,1606,2.218627786155269,0.6807260137465575,False,1069,537,run+ledger,0.6549456867559094,this run,1.7033613928032278,-1.4629103091787616,False,False,False,False,False,False,0,6,False,False,unrankable,1882.0
us_etfs,4h,CDLLADDERBOTTOM,False,10,3.537759525439197,0.00746184284906727,0.004242573876682254,0.0066925361788523485,-0.0024499623021700945,0.9914167977571408,0.6818181818181818,2.814340546666561,22,0.946855717498752,1.490534927053709,-0.543679209554957,-1.0839072926358484,0.0029438410333282317,0.0061361156671837815,1.455954296869845,9.999434708875071,1769,2023-02-10,2026-08-25,0.004481829425258444,0.11109349480147013,-0.005862173865288645,-0.12952080687813716,0.17279207155734722,10150.901812595117,17574.676013236298,0.015778190025014356,-0.01201361620451583,0.5015919841565385,0.112,-1.607166586758493,0.3095310198093346,0.7683467802348771,,,1,0.768347,0.04034286105831585,-0.00548175597138012,10238.783360902566,False,-87.8815483074491,0.0,7.58672255900939e-05,0.7636164165628636,0.00746184284906727,1.217072603702424,0.7237202399955356,-0.4933523637068884,SPY,0.21037381520456644,19649.4012312515,1.4288247116075652,0.1405684051184841,-0.18709518091808564,0.03188361866580717,0.006414153001070844,-0.006446589864814167,-0.0021715791243885896,0.9923873150084228,False,1.0,10150.901812595117,-0.005862173865288645,False,0.006898757074308794,1.5962593821128914,0.11043089457956956,0.04748964986179982,848,0.003120546951623295,0.006358410654749309,0.0014324284760261607,0.0014627123458120814,-0.0021669552426945593,0.0023831985181545917,0.0007766103860726871,1.9243316372999535,2.9084683860874914,0.5577960278312026,0.9417194409812608,-0.7998280272487243,1.4188403718464866,0.30211805654767665,0.1454052542305626,0.006749223837652494,0.05409200285496418,close,6.927457609413174,106.63591804107294,1606,2.218627786155269,0.9798362431055025,False,1069,537,run+ledger,0.6549456867559094,this run,1.7033613928032278,-0.7565056753044759,True,False,False,False,False,False,1,6,False,False,unrankable,2000.0
us_etfs,4h,vwma_offset_dip,False,10,3.537759525439197,0.0005087620124364047,0.001206211602296614,0.004192362132765748,-0.002986150530469134,0.9895194566626883,0.5714285714285714,2.3389193029440336,7,0.4304870470557649,1.490534927053709,-1.060047879997944,-1.892841515848333,5.477858727320761e-05,0.003435752647246331,1.0835855390501477,9.999434708875071,1769,2023-02-10,2026-08-25,0.002809434685386197,0.11109349480147013,-0.0024954997281517732,-0.12952080687813716,0.17279207155734722,10042.738218666698,17574.676013236298,0.01882788074334274,-0.010733094108687316,0.5600299185760685,0.0015781167806417674,-2.2913168692028143,-0.33932371152300467,0.4015700570722669,,,1,0.401570,0.025288921645743555,-0.003438805705403336,10149.1063677893,False,-106.36814912260206,0.0,2.4139571778666193e-05,9.691480141592063,0.0005087620124364047,1.2162693737903867,0.48335473199588896,-0.7329146417944977,SPY,0.21037381520456644,19649.4012312515,1.4288247116075652,0.1405684051184841,-0.18709518091808564,0.019986245721562716,0.00401828107847324,-0.004044886150702753,-0.0028120694761766263,0.9901265536521628,False,1.0,10042.738218666698,-0.0024954997281517732,False,0.0038052388857206724,1.0845325471555953,0.2781287441722138,0.00445720438811148,848,-0.0006950335729346974,0.0005554701403940087,0.00044496177641843856,-0.0007611191007894055,0.00047016846070532965,0.0008087342456732733,2.833191572004227e-05,-0.9785556193966597,1.0155186087332555,1.0898715761365094,-0.9119035241665852,0.682104117807393,1.0984580700927264,0.09788994346928909,0.278548605423099,0.003269879271040937,0.009105782802315776,close,15.625972774463685,608.7047521136824,1606,2.218627786155269,0.8241501508090889,False,1069,537,run+ledger,0.6549456867559094,this run,1.7033613928032278,-1.272874345747463,True,False,False,False,False,False,1,6,False,False,unrankable,1901.0
us_etfs,4h,CDL3WHITESOLDIERS,False,10,3.537759525439197,0.0023867847497016526,8.257726240468166e-05,0.0030699839098984327,-0.002987406647493751,0.9895033770234561,0.5714285714285714,1.0910848025086715,7,0.04115375679553948,1.490534927053709,-1.4493811702581694,-3.7885142167576475,2.428563882578283e-05,-0.0014034497432781664,-0.5034347625631257,9.999434708875071,1769,2023-02-10,2026-08-25,0.002057923533356949,0.11109349480147013,-0.004051343859422851,-0.12952080687813716,0.17279207155734722,10002.921691084048,17574.676013236298,0.010385779180355159,-0.012691685872599093,0.38257245118604943,0.0,-1.9938425781518172,-0.5719384289022974,-0.817956275785667,,,1,-0.817956,0.0185242487603308,-0.0025197859408199186,10109.03239276861,False,-106.11070168456082,0.0,2.413957177866629e-05,0.03520168394486234,0.0023867847497016526,1.2164863004755568,0.02038268418332812,-1.1961036162922287,SPY,0.21037381520456644,19649.4012312515,1.4288247116075652,0.1405684051184841,-0.18709518091808564,0.014640014814298705,0.002942608017905357,-0.002964162504374257,-0.0028600307555006754,0.9899480356598916,False,1.0,10002.921691084048,-0.004051343859422851,False,-0.0011929068669408154,-0.4376215857808025,0.6616606208769835,0.006214097830424481,848,0.0004825869587569028,0.0007638660065986949,-0.0008987526561455945,0.0006916450159356233,0.0005283773337386236,0.0005019770730833133,-0.0004841946293798878,0.9586561500053277,1.483206321523485,-1.5533429470366422,1.1864777224334075,1.012375358540287,1.6188093576537061,-1.3190453767844268,0.6146586361665269,0.001863262322958344,0.00871257973192574,close,-8.419192962347282,404.94655455865717,1606,2.218627786155269,0.530600073086758,False,1069,537,run+ledger,0.6549456867559094,this run,1.7033613928032278,-1.6622076360076883,False,False,False,False,False,False,0,6,False,False,unrankable,2000.0
us_etfs,4h,mc_normalized_range_momentum,False,10,3.537759525439197,0.6018277746372714,0.09751335777405745,0.10098157973475841,-0.003468221960700957,0.98890011327796,0.5147679324894515,2.3733873042891487,237,1.4426838014333718,1.490534927053709,-0.04785112562033711,-0.24775327523815302,0.07173933626855356,0.06608277622630689,1.6119985742158278,9.999434708875071,1769,2023-02-10,2026-08-25,0.06601023191437769,0.11109349480147013,-0.056739291985385854,-0.12952080687813716,0.17279207155734722,13898.252800134323,17574.676013236298,0.04948552086228369,-0.02211930724785375,0.1931402342687102,0.3405,-0.4156460360398871,0.33740177143295996,1.0024369653366005,,,1,1.002437,0.5941862935569847,-0.07854094414423163,14054.253421071055,False,-156.0006209367315,0.0,0.0008091561847026936,0.16719964699302703,0.6018277746372714,1.286623545891331,1.718621335620008,0.43199778972867686,SPY,0.21037381520456644,19649.4012312515,1.4288247116075652,0.1405684051184841,-0.18709518091808564,0.4695950833242942,0.09650784899194975,-0.09168053750561578,0.0010055087821077002,1.0032479378493242,True,1.0,13898.252800134323,-0.056739291985385854,False,0.1198460311885494,2.566852350077789,0.010262630082832347,0.4360093018757044,848,0.21822019225719236,0.10998307697402895,0.04906321884662647,-0.045317129635664866,0.03489766033542868,-0.018721527452736017,-0.10666786110649433,8.311495182890349,5.1390705883081615,1.9380223097423581,-2.020880191280777,1.2092572052127126,-1.2895536193501806,-5.171061957306341,0.10696224998718096,0.47579404762305966,0.6088844657307907,close,0.212967353657895,9.082507360752793,1606,2.218627786155269,0.9967361486930296,False,1069,537,run+ledger,0.6549456867559094,this run,1.5714615599171073,-0.12877775848373552,True,False,False,True,False,False,2,6,False,True,underpowered,2000.0
us_etfs,4h,CDLUNIQUE3RIVER,False,10,3.537759525439197,0.003730921424533635,0.00044771593522163755,0.0041821087638405086,-0.003734392828618871,0.986905600986459,0.7272727272727273,1.3347355479151366,11,0.1611170167670015,1.490534927053709,-1.3294179102867074,-2.5285897825877863,6.593290914386207e-05,6.021161466220894e-05,0.019249450421905047,9.999434708875071,1769,2023-02-10,2026-08-25,0.002802571412203808,0.11109349480147013,-0.00621941031955231,-0.12952080687813716,0.17279207155734722,10015.848113373935,17574.676013236298,0.008186378716782905,-0.016355556933246824,0.5257546793241277,0.009004502251125562,-2.181135159174261,-0.18315675474920426,,,,0,,0.025227142392199916,-0.0034304154302149392,10148.739761292893,False,-132.89164791895791,0.0,3.815974461498776e-05,0.1274681938220601,0.003730921424533635,1.2166415704949365,0.07198687853318309,-1.1446546919617533,SPY,0.21037381520456644,19649.4012312515,1.4288247116075652,0.1405684051184841,-0.18709518091808564,0.019937420573574418,0.004008454711152076,-0.0040350204797307,-0.0035607387759304387,0.9875096146832921,False,1.0,10015.848113373935,-0.00621941031955231,False,0.00045377084241876516,0.1452751412097656,0.8844936409336286,0.004431943495967761,848,0.0007913108265986461,-0.0010517492237139827,0.0007826949152291624,-0.0005054740126488077,-0.0011629407211494916,-0.0004204311079235779,-2.1862827781488373e-05,1.6789672326654048,-1.1693246248157807,1.0692765203221821,-0.37700369730634736,-1.2440443163092745,-0.8100648926053443,-0.0413674105617816,0.9846421091658575,0.0034829204088406493,0.010090841706914322,close,-3.110409994349229,136.2189310770942,1606,2.218627786155269,0.6176683277218233,False,1069,537,run+ledger,0.6549456867559094,this run,1.7033613928032278,-1.5422443760362263,False,False,False,False,False,False,0,6,False,False,unrankable,1999.0
us_etfs,4h,volmanaged,False,10,3.537759525439197,0.9031896143941995,0.14051005618569246,0.14457371552550358,-0.004063659339811121,0.9874961286757351,0.5348644489167752,1.2652295065528656,8447,1.4524865985612982,1.490534927053709,-0.03804832849241069,-0.7249001935912835,0.07794741801788213,0.014695678027101448,0.7311533977297839,9.999434708875071,1769,2023-02-10,2026-08-25,0.0935423796632068,0.11109349480147013,-0.09631804869444438,-0.12952080687813716,0.17279207155734722,15922.195491805685,17574.676013236298,0.005070335886798715,-0.0046082031505440685,0.05248767875741976,0.1735,-0.1471279398110437,0.06066498132029838,0.18315674741917576,,,1,0.183157,0.8420149157281613,-0.1099268752567153,16123.805480795023,False,-201.60998898933747,0.0,0.00020611533961790768,0.15669648237012135,0.9031896143941995,1.3224907749842163,1.458813359388551,0.13632258440433476,SPY,0.21037381520456644,19649.4012312515,1.4288247116075652,0.1405684051184841,-0.18709518091808564,0.6654580706408428,0.1379908437764823,-0.12789487147281497,0.0025192124092101587,1.0078536929364406,True,1.0,15922.195491805685,-0.09631804869444438,False,0.1079302612997662,2.131050258191848,0.033085001966304706,0.6871435642251451,848,0.4214276222437453,0.09599540916222407,0.14485886285092725,-0.07451522388430887,0.02182751385752561,-0.009050993537875245,-0.029561193504408646,17.356875212885186,5.1810085433209725,6.397220471590663,-3.784254413874263,0.7916341832622732,-0.6500641645024233,-1.482439812164266,0.46468546155941026,0.8251074043955174,0.9519030020122708,close,-0.36843145330693355,7.40463779522667,1606,2.218627786155269,0.9964299066810753,False,1069,537,run+ledger,0.6549456867559094,this run,1.4877006853447827,-0.03521408678348448,True,False,False,True,False,False,2,6,False,True,underpowered,2000.0
us_etfs,4h,faber_gtaa,False,10,3.537759525439197,0.6463852773067018,0.11566896969295404,0.1199093723060678,-0.0042404026131137584,0.9866689299360821,0.22950819672131148,6.476200315909264,122,1.4418837300161453,1.490534927053709,-0.0486511970375636,-0.3767078067571443,0.07430638513847182,0.03198873140072825,0.7312860530922567,9.999434708875071,1769,2023-02-10,2026-08-25,0.0780297617148697,0.11109349480147013,-0.07190946621743755,-0.12952080687813716,0.17279207155734722,14728.843643961107,17574.676013236298,0.190349432873306,-0.00875510767160136,0.1291483642358599,0.307,-0.3032803846008622,0.21710358255890974,-0.44445461694654864,,,1,-0.444455,0.7023792154015224,-0.09234097692861121,14927.8478292767,False,-199.00418531559217,0.0,0.00040240157358441503,0.1845142227585459,0.6463852773067018,1.2919032608833163,1.608536063154716,0.3166328022713998,SPY,0.21037381520456644,19649.4012312515,1.4288247116075652,0.1405684051184841,-0.18709518091808564,0.5551017075928191,0.11453284960510723,-0.1076339777152654,0.0011361200878468036,1.003610948924767,True,1.0,14728.843643961107,-0.07190946621743755,False,0.0990386410376231,1.8013950136468089,0.07164064152491068,0.4770167343040739,848,0.24599102600749256,0.13794650583855578,0.05729231994658686,-0.08346140326947085,0.08570196513379251,0.08338063862975478,-0.05611247199467951,7.875594345927781,5.750028711970338,2.6361562342154268,-3.3724604435731207,2.9512605123652618,4.97006958415174,-2.706411767046867,0.46460444755699193,0.5933782826449594,0.6732499197940371,close,-0.2259536306708623,8.563685387402986,1606,2.218627786155269,0.9963337753211148,False,1069,537,run+ledger,0.6549456867559094,this run,1.5624321428346126,-0.12054841281846729,False,False,False,True,False,False,1,6,False,True,underpowered,2000.0
us_etfs,4h,CDLONNECK,False,10,3.537759525439197,0.005426794799321652,0.00042110592368138633,0.0048937248827656266,-0.00447261895908424,0.9843427302036631,0.6875,1.2008997857549524,16,0.1300436028194737,1.490534927053709,-1.3604913242342351,-3.4280745130289176,3.940731415691401e-05,-0.0003120156076310771,-0.10708896603151938,9.999434708875071,1769,2023-02-10,2026-08-25,0.0032788133601302314,0.11109349480147013,-0.004917690901315108,-0.12952080687813716,0.17279207155734722,10014.905676983093,17574.676013236298,0.008627720500260424,-0.015805636178576242,0.3968674890418751,0.0005,-2.1144419042511373,-0.592883637421153,0.12092174390648935,,,1,0.120922,0.02951399959097193,-0.004012493816653029,10174.205964736471,False,-159.3002877533789,0.0,7.145942607668054e-05,0.08066998542783677,0.005426794799321652,1.2168374855555009,0.08563082392363712,-1.1312066616318637,SPY,0.21037381520456644,19649.4012312515,1.4288247116075652,0.1405684051184841,-0.18709518091808564,0.023325393479185764,0.004690421068002326,-0.004719415869850807,-0.00426931514432094,0.9850475846142072,False,1.0,10014.905676983093,-0.004917690901315108,False,-0.0005051157086984028,-0.18105689405224024,0.8563229188921382,0.019799180683342965,848,-0.0014538985779003247,-0.0015401002749179287,-6.435903444444952e-05,0.0010883517322635378,-0.0008180984202736641,-0.00022500049856544104,-0.0003666129834199966,-2.056142948794263,-1.5977036792452626,-0.07593103252592957,1.4322598777435853,-1.2317198758547032,-0.35060110740430217,-0.8191129343101315,0.9147184006593845,-0.0017088972523662948,0.02084890917748583,close,1.9607106522335849,113.63667676226268,1606,2.218627786155269,0.5970879690765174,False,1069,537,run+ledger,0.6549456867559094,this run,1.7033613928032278,-1.5733177899837543,True,False,False,False,False,False,1,6,False,False,unrankable,2000.0
us_etfs,4h,CDL2CROWS,False,10,3.537759525439197,0.001695873374788016,-0.0008278207859560016,0.003708077260681897,-0.004535898046637898,0.9841038316465109,0.4,0.2538116809388707,5,-0.33199180108488524,1.490534927053709,-1.8225267281385942,-8.406054182123043,3.819104568147935e-07,-0.0014490493053557377,-0.92147865544361,9.999434708875071,1769,2023-02-10,2026-08-25,0.002485228250159558,0.11109349480147013,-0.003654667011968704,-0.12952080687813716,0.17279207155734722,9970.744440725633,17574.676013236298,0.0050305412835438545,-0.013213316962496132,0.21681120400276727,0.0,-2.2692966945482924,-1.4169010557937676,,,,0,,0.022370601038348738,-0.0030424107361246566,10131.801259267035,False,-161.05681854140076,0.0,2.2330746917478538e-05,-0.38635609634496537,0.001695873374788016,1.216406492490554,-0.2265105913192538,-1.4429170838098078,SPY,0.21037381520456644,19649.4012312515,1.4288247116075652,0.1405684051184841,-0.18709518091808564,0.017679849522833933,0.003554157579852113,-0.0035787687262266443,-0.004381978365808115,0.9846379125989985,False,1.0,9970.744440725633,-0.003654667011968704,False,-0.0017829868229790797,-1.0240939256469492,0.3057909132282046,0.008614900112691948,848,-0.001123238889544588,1.7309025364159794e-05,-0.000352749285977089,-0.0009480008506242234,0.0005713498573689513,-0.00030967056298893917,-0.0009037290464836668,-1.4024961127517444,0.03777674461396771,-0.4511841144245611,-1.4982057907396142,1.3554842349345988,-1.064271885968488,-1.1515254282293657,0.35680058002794945,-0.0029552802053147793,0.012921590803034677,close,-4.75078975491211,208.67264179557455,1606,2.218627786155269,0.2599277685593324,False,1069,537,run+ledger,0.6549456867559094,this run,1.7033613928032278,-2.0353531938881133,False,False,False,False,False,False,0,6,False,False,unrankable,2000.0
us_etfs,4h,CDLMORNINGDOJISTAR,False,10,3.537759525439197,0.00847936687394008,0.005386723224362955,0.009976123881539678,-0.004589400657176723,0.9840166539305542,0.64,3.326524777749095,25,0.8081912930142578,1.490534927053709,-0.6823436340394511,-1.4714319666254263,0.00185186374723334,0.006809933600258311,1.3641677225914488,9.999434708875071,1769,2023-02-10,2026-08-25,0.006674821846557606,0.11109349480147013,-0.007235548815432202,-0.12952080687813716,0.17279207155734722,10191.875474260798,17574.676013236298,0.01700057225113666,-0.009085529667398704,0.46372761331557455,0.0635,-1.593142418433693,0.19638760874618022,-0.6212034247981209,,,1,-0.621203,0.06008292257333214,-0.008156027199389237,10357.421730161162,False,-165.54625590036397,0.0,8.621275635237928e-05,0.884324351071323,0.00847936687394008,1.217190170980837,0.7444802546109544,-0.4727099163698827,SPY,0.21037381520456644,19649.4012312515,1.4288247116075652,0.1405684051184841,-0.18709518091808564,0.04748451005708891,0.009560204827619545,-0.009588998182678554,-0.00417348160325659,0.9854515960012898,False,1.0,10191.875474260798,-0.007235548815432202,False,0.0069220274500903355,1.4086780965275696,0.1589303744841848,0.1027903434605445,848,0.01027866692138078,0.0018969890193446144,0.01175115375208622,-0.001040481406792158,-0.00618471960906661,0.0018727054425207164,-0.0075216611812039405,2.50602990476013,0.5834502962129425,1.979089410136793,-0.3323991122543049,-1.2666189955866483,0.9160520416245265,-2.2334992431378944,0.1725147843342234,0.0009920081394380862,0.10285469948620063,close,6.00790215944547,160.67788113816127,1606,2.218627786155269,0.9518508280527143,False,1069,537,run+ledger,0.6549456867559094,this run,1.7033613928032278,-0.89517009978897,False,False,False,False,False,False,0,6,False,False,unrankable,2000.0
us_etfs,4h,mc_holt_winters_seasonal,False,10,3.537759525439197,0.5736825576282897,0.10353552730737392,0.10827168644471152,-0.004736159137337603,0.9849633127869843,0.7027027027027027,3.9247437193716985,74,1.4298895497747846,1.490534927053709,-0.060645377278924384,-0.1525356764740141,0.0717847331018922,0.037645868800412846,1.011290408832528,9.999434708875071,1769,2023-02-10,2026-08-25,0.07065174016966581,0.11109349480147013,-0.0822711087802499,-0.12952080687813716,0.17279207155734722,14169.93014061918,17574.676013236298,0.09751272149567608,-0.058726029245349795,0.39758159324291525,0.43,-0.9136817994584114,0.613155350819877,0.5652593350604913,,,1,0.565259,0.6359664919707869,-0.08388810275109515,14386.251707715815,False,-216.32156709663565,0.0,0.00024297864052624663,0.18735851917730906,0.5736825576282897,1.2832929484801028,1.2584676302822453,-0.024825318197857493,SPY,0.21037381520456644,19649.4012312515,1.4288247116075652,0.1405684051184841,-0.18709518091808564,0.5026146530588718,0.1034526138421703,-0.09786771215068346,8.291346520361564e-05,1.0002658527114496,True,1.0,14169.93014061918,-0.0822711087802499,False,0.09915453970287826,1.916882446551766,0.05525286758235737,0.5325725129075394,848,0.2778619142498365,0.05297429568398537,0.05836419628044952,-0.07260070521341694,0.06554587480382526,0.011080482053604582,-0.025719355665110813,11.330982844539493,2.1884248798225183,2.541179781174648,-3.3713010690456104,2.488590664185798,0.841151747187113,-1.6922825165373114,0.31187745521284427,0.5443394287260251,0.7341804322926844,close,-0.23850014908049905,13.676405937704198,1606,2.218627786155269,0.995994081474638,False,1069,537,run+ledger,0.6549456867559094,this run,1.577165086551821,-0.14727553677703642,True,False,False,False,False,False,1,6,False,True,underpowered,2000.0
us_etfs,4h,MAXINDEX~HT_TRENDMODE|or,False,10,3.537759525439197,0.9129954148608757,0.1566470567264644,0.1617030631697578,-0.005056006443293404,0.9846876746820921,0.6584507042253521,3.196959424877741,284,1.4486709137404232,1.490534927053709,-0.04186401331328571,-0.41541326810610363,0.07837992430241236,0.006708122385573924,0.25925939760108857,9.999434708875071,1769,2023-02-10,2026-08-25,0.10422066620252522,0.11109349480147013,-0.1313087651640492,-0.12952080687813716,0.17279207155734722,16733.601951468547,17574.676013236298,0.041282765137305034,-0.02489439216436023,0.1007767842951827,0.34,-0.2172625948876373,0.1645438095429646,-0.03677669998365696,,,1,-0.036777,0.9381347340703701,-0.12188616855499013,16993.81680274511,False,-260.2148512765634,0.0,0.000959251180188312,0.17279911691330474,0.9129954148608757,1.323663815339323,1.1929672518872525,-0.13069656345207048,SPY,0.21037381520456644,19649.4012312515,1.4288247116075652,0.1405684051184841,-0.18709518091808564,0.7414231250235669,0.15426256727737053,-0.14162850313126674,0.002384489449093863,1.0073275234570103,True,1.0,16733.601951468547,-0.1313087651640492,False,0.10902400851709036,1.7840645959782049,0.07441316935937548,0.6991400425553779,848,0.4869459235440424,0.059254241507300326,0.12104225535222052,-0.08694236669623423,0.09090254874941495,-0.008497964359251702,0.010451921920916046,19.086738245401868,2.1812167100853244,3.753386850694426,-3.62534907048186,2.8644247940843477,-0.5620873571296116,0.5393517533341278,0.7954351046061603,0.9054751173983555,0.9522433603112548,close,-0.45865120688478106,15.889993762860993,1606,2.218627786155269,0.9961425545175985,False,1069,537,run+ledger,0.6549456867559094,this run,1.4877006853447827,-0.0390297716043595,False,False,False,False,False,False,0,6,False,True,underpowered,2000.0
us_etfs,4h,MAXINDEX~HT_TRENDMODE|vote,False,10,3.537759525439197,0.9129954148608757,0.1566470567264644,0.1617030631697578,-0.005056006443293404,0.9846876746820921,0.6584507042253521,3.196959424877741,284,1.4486709137404232,1.490534927053709,-0.04186401331328571,-0.41541326810610363,0.07837992430241236,0.006708122385573924,0.25925939760108857,9.999434708875071,1769,2023-02-10,2026-08-25,0.10422066620252522,0.11109349480147013,-0.1313087651640492,-0.12952080687813716,0.17279207155734722,16733.601951468547,17574.676013236298,0.041282765137305034,-0.02489439216436023,0.1007767842951827,0.34,-0.2172625948876373,0.1645438095429646,-0.03677669998365696,,,1,-0.036777,0.9381347340703701,-0.12188616855499013,16993.81680274511,False,-260.2148512765634,0.0,0.000959251180188312,0.17279911691330474,0.9129954148608757,1.323663815339323,1.1929672518872525,-0.13069656345207048,SPY,0.21037381520456644,19649.4012312515,1.4288247116075652,0.1405684051184841,-0.18709518091808564,0.7414231250235669,0.15426256727737053,-0.14162850313126674,0.002384489449093863,1.0073275234570103,True,1.0,16733.601951468547,-0.1313087651640492,False,0.10902400851709036,1.7840645959782049,0.07441316935937548,0.6991400425553779,848,0.4869459235440424,0.059254241507300326,0.12104225535222052,-0.08694236669623423,0.09090254874941495,-0.008497964359251702,0.010451921920916046,19.086738245401868,2.1812167100853244,3.753386850694426,-3.62534907048186,2.8644247940843477,-0.5620873571296116,0.5393517533341278,0.7954351046061603,0.9054751173983555,0.9522433603112548,close,-0.45865120688478106,15.889993762860993,1606,2.218627786155269,0.9961425545175985,False,1069,537,run+ledger,0.6549456867559094,this run,1.4877006853447827,-0.0390297716043595,False,False,False,False,False,False,0,6,False,True,underpowered,2000.0
us_etfs,4h,MAXINDEX~CEIL|and,False,10,3.537759525439197,0.5218830475472646,0.08293237529382824,0.08802892187826217,-0.005096546584433925,0.983526681874844,0.3558011049723757,1.5756994429273978,905,1.4091371554583372,1.490534927053709,-0.08139777159537176,-0.35440876165565616,0.06214514831327084,0.06804750931897002,1.6700875911349986,9.999434708875071,1769,2023-02-10,2026-08-25,0.05772500907810655,0.11109349480147013,-0.04912392002592436,-0.12952080687813716,0.17279207155734722,13255.960811951352,17574.676013236298,0.025318323643471138,-0.008874601944379869,0.2296720070212539,0.345,-0.5614259894832415,0.3261177103814709,-0.22069403855760927,,,1,-0.220694,0.5196074637967251,-0.06893936296185676,13477.98799589476,False,-222.02718394340738,0.0,0.003110951979878744,0.16493298319411798,0.5218830475472646,1.2771722315908614,1.6882279600256251,0.4110557284347638,SPY,0.21037381520456644,19649.4012312515,1.4288247116075652,0.1405684051184841,-0.18709518091808564,0.4106542222589106,0.08416142042747765,-0.08055283099295518,-0.001229045133649409,0.9959952316960602,False,1.0,13255.960811951352,-0.04912392002592436,False,0.1115552671885245,2.5717499367772607,0.010118594853885332,0.35972301651144567,848,0.16962223447484373,0.09922187837467693,0.017404187474046817,-0.033740795924816686,0.03805161117902402,-0.020128381597795907,-0.060458222645056445,6.149800093282253,3.9712898728977253,0.9123787457441532,-1.7367133798338086,1.5441456882152194,-1.316084398254623,-3.5113160804618717,0.09490203488482196,0.3850349506237538,0.508240210520055,close,0.47215959114105444,11.565280440065681,1606,2.218627786155269,0.9962700544381968,False,1069,537,run+ledger,0.6549456867559094,this run,1.5876620702957362,-0.17852491483739907,False,False,False,True,False,False,1,6,False,True,underpowered,2000.0
us_etfs,4h,CDLHIKKAKEMOD,False,10,3.537759525439197,0.001695873374788016,-0.0018254752277175879,0.0034008789003487916,-0.0052263541280663794,0.9816945447204285,0.2,0.052462738120994924,5,-0.8004022154409332,1.490534927053709,-2.2909371424946423,-6.278671461700417,0.0,-0.003356294944939411,-1.5026229101531385,9.999434708875071,1769,2023-02-10,2026-08-25,0.0022795287635912274,0.11109349480147013,-0.008177734156811556,-0.12952080687813716,0.17279207155734722,9935.568525655797,17574.676013236298,0.0035704699354470737,-0.01701431369828854,0.36487609782885516,0.0,-3.0737305398895387,-1.6366590447590352,,,,0,,0.0205190120957565,-0.0027908501874237546,10120.835018478476,False,-185.26649282267883,0.0,2.1312647369967053e-05,-0.6595222772608809,0.001695873374788016,1.216406492490554,-0.22322506365618133,-1.4396315561467352,SPY,0.21037381520456644,19649.4012312515,1.4288247116075652,0.1405684051184841,-0.18709518091808564,0.016216508693186277,0.0032597411960775258,-0.003282941762006053,-0.005085216423795114,0.9821832104387002,False,1.0,9935.568525655797,-0.008177734156811556,False,-0.003595882027424821,-1.4939631190980822,0.13518525918931523,0.013304359619332962,848,-0.00022880709700414287,0.0008022164657944558,0.0009498963975733597,-0.0007684309193209463,-0.0020475361480685314,0.0010631146342990202,0.0007509073472530468,-0.4179919974899117,1.3312416240800855,1.736508594671475,-0.7213752344287541,-1.5276107818094171,1.2923764226621812,0.5999709812590475,0.13293631208506396,-0.002120297735209477,0.01576049956707215,close,-20.121642366894086,591.7690681851016,1606,2.218627786155269,0.01398552492276528,False,1069,537,run+ledger,0.6549456867559094,this run,1.7033613928032278,-2.503763608244161,False,False,False,False,False,False,0,6,False,False,unrankable,1986.0
us_etfs,4h,ema_fan_align,False,10,3.537759525439197,0.03945732052006783,0.00952598069694166,0.014774143776076443,-0.005248163079134782,0.9818233242847711,0.6666666666666666,4.923089152608703,12,0.9652944923835144,1.490534927053709,-0.5252404346701945,-1.6777062777014509,0.00803715927013382,0.017280734344062194,2.014072502598675,9.999434708875071,1769,2023-02-10,2026-08-25,0.009872290180728393,0.11109349480147013,-0.014837243639265751,-0.12952080687813716,0.17279207155734722,10341.099709671998,17574.676013236298,0.05309263465195496,-0.021568829247718024,0.3130705545131551,0.049,-1.1096948467091816,0.09570575623664941,-0.3937754137937073,,,1,-0.393775,0.08886470083933079,-0.012045822305679854,10532.546389856017,False,-191.44668018401757,0.0,3.9346936669676065e-05,0.2716080396881928,0.03945732052006783,1.2207720516448801,0.6420316959500351,-0.578740355694845,SPY,0.21037381520456644,19649.4012312515,1.4288247116075652,0.1405684051184841,-0.18709518091808564,0.07023121712455306,0.014156131504684533,-0.014156709166790016,-0.004630150807742872,0.9839416352760118,False,1.0,10341.099709671998,-0.014837243639265751,False,0.019145417505335056,2.1646184164406526,0.030416919466606185,0.10927910104196659,848,0.01042789662373717,0.012062158152932404,-0.00038178800425556735,0.0021755796185113493,0.009624082127555656,-0.007649586736544789,-0.011513325587769664,3.376742612349157,3.1075142092517702,-0.15979829501139728,0.9672219806234577,2.4464943654578613,-2.9224571829005934,-3.239831493114443,0.044001921991404735,0.016502072827615285,0.11988104102303965,close,1.391579644247484,40.82112925849147,1606,2.218627786155269,0.9681304138881446,False,1069,537,run+ledger,0.6549456867559094,this run,1.7033613928032278,-0.7380669004197135,False,False,False,False,False,False,0,6,False,False,unrankable,2000.0
us_etfs,4h,MAXINDEX,False,10,3.537759525439197,0.8508510771936436,0.1383513797858693,0.1439502396252943,-0.0055988598394249856,0.9827923301835375,0.6036363636363636,2.404771281899665,275,1.4378415195795706,1.490534927053709,-0.05269340747413831,-0.5095076422555463,0.07466505981132449,0.02181621172805701,0.7169304465866901,9.999434708875071,1769,2023-02-10,2026-08-25,0.09315226520502769,0.11109349480147013,-0.11085379744111856,-0.12952080687813716,0.17279207155734722,15815.835958336645,17574.676013236298,0.049477517936487386,-0.031333991273575876,0.10342024948020238,0.2725,-0.25316819359927245,0.1571066696275053,0.21995172096891147,,,1,0.219952,0.8385033288537339,-0.1094877105194324,16092.75476883608,False,-276.91881049943356,0.0,0.00093047590610086,0.16450466258903873,0.8508510771936436,1.3162357810475582,1.2480526872284772,-0.06818309381908105,SPY,0.21037381520456644,19649.4012312515,1.4288247116075652,0.1405684051184841,-0.18709518091808564,0.6626828064707024,0.1373982781054015,-0.12738985672147762,0.000953101680467805,1.002967677518592,True,1.0,15815.835958336645,-0.11085379744111856,False,0.11251679228530997,1.9644783017444662,0.04947465016845154,0.6559000289254235,848,0.41683392008585424,0.08491342730680967,0.10091171367855446,-0.07535856871513744,0.05801324120264111,-0.003774106522345236,-0.01621348294478337,16.663275404948592,3.429060869120555,3.0036184849501164,-3.179047054171281,1.849926191717978,-0.24377450587505098,-0.7249511882337766,0.4734170143485905,0.802681987454145,0.9030113890982339,close,-0.4045047633242848,11.394972040075132,1606,2.218627786155269,0.9960381693156163,False,1069,537,run+ledger,0.6549456867559094,this run,1.5035262349355216,-0.065684715355951,True,False,False,False,False,False,1,6,False,True,underpowered,2000.0
us_etfs,4h,MAXINDEX~ADD|gate,False,10,3.537759525439197,0.8508510771936436,0.1383513797858693,0.1439502396252943,-0.0055988598394249856,0.9827923301835375,0.6036363636363636,2.404771281899665,275,1.4378415195795706,1.490534927053709,-0.05269340747413831,-0.5095076422555463,0.07466505981132449,0.02181621172805701,0.7169304465866901,9.999434708875071,1769,2023-02-10,2026-08-25,0.09315226520502769,0.11109349480147013,-0.11085379744111856,-0.12952080687813716,0.17279207155734722,15815.835958336645,17574.676013236298,0.049477517936487386,-0.031333991273575876,0.10342024948020238,0.2725,-0.25316819359927245,0.1571066696275053,0.21995172096891147,,,1,0.219952,0.8385033288537339,-0.1094877105194324,16092.75476883608,False,-276.91881049943356,0.0,0.00093047590610086,0.16450466258903873,0.8508510771936436,1.3162357810475582,1.2480526872284772,-0.06818309381908105,SPY,0.21037381520456644,19649.4012312515,1.4288247116075652,0.1405684051184841,-0.18709518091808564,0.6626828064707024,0.1373982781054015,-0.12738985672147762,0.000953101680467805,1.002967677518592,True,1.0,15815.835958336645,-0.11085379744111856,False,0.11251679228530997,1.9644783017444662,0.04947465016845154,0.6559000289254235,848,0.41683392008585424,0.08491342730680967,0.10091171367855446,-0.07535856871513744,0.05801324120264111,-0.003774106522345236,-0.01621348294478337,16.663275404948592,3.429060869120555,3.0036184849501164,-3.179047054171281,1.849926191717978,-0.24377450587505098,-0.7249511882337766,0.4734170143485905,0.802681987454145,0.9030113890982339,close,-0.4045047633242848,11.394972040075132,1606,2.218627786155269,0.9960381693156163,False,1069,537,run+ledger,0.6549456867559094,this run,1.5035262349355216,-0.065684715355951,True,False,False,False,False,False,1,6,False,True,underpowered,2000.0
us_etfs,4h,MAXINDEX~MULT|gate,False,10,3.537759525439197,0.8508510771936436,0.1383513797858693,0.1439502396252943,-0.0055988598394249856,0.9827923301835375,0.6036363636363636,2.404771281899665,275,1.4378415195795706,1.490534927053709,-0.05269340747413831,-0.5095076422555463,0.07466505981132449,0.02181621172805701,0.7169304465866901,9.999434708875071,1769,2023-02-10,2026-08-25,0.09315226520502769,0.11109349480147013,-0.11085379744111856,-0.12952080687813716,0.17279207155734722,15815.835958336645,17574.676013236298,0.049477517936487386,-0.031333991273575876,0.10342024948020238,0.2725,-0.25316819359927245,0.1571066696275053,0.21995172096891147,,,1,0.219952,0.8385033288537339,-0.1094877105194324,16092.75476883608,False,-276.91881049943356,0.0,0.00093047590610086,0.16450466258903873,0.8508510771936436,1.3162357810475582,1.2480526872284772,-0.06818309381908105,SPY,0.21037381520456644,19649.4012312515,1.4288247116075652,0.1405684051184841,-0.18709518091808564,0.6626828064707024,0.1373982781054015,-0.12738985672147762,0.000953101680467805,1.002967677518592,True,1.0,15815.835958336645,-0.11085379744111856,False,0.11251679228530997,1.9644783017444662,0.04947465016845154,0.6559000289254235,848,0.41683392008585424,0.08491342730680967,0.10091171367855446,-0.07535856871513744,0.05801324120264111,-0.003774106522345236,-0.01621348294478337,16.663275404948592,3.429060869120555,3.0036184849501164,-3.179047054171281,1.849926191717978,-0.24377450587505098,-0.7249511882337766,0.4734170143485905,0.802681987454145,0.9030113890982339,close,-0.4045047633242848,11.394972040075132,1606,2.218627786155269,0.9960381693156163,False,1069,537,run+ledger,0.6549456867559094,this run,1.5035262349355216,-0.065684715355951,True,False,False,False,False,False,1,6,False,True,underpowered,2000.0
us_etfs,4h,MAXINDEX~TSF_9|gate,False,10,3.537759525439197,0.8508510771936436,0.1383513797858693,0.1439502396252943,-0.0055988598394249856,0.9827923301835375,0.6036363636363636,2.404771281899665,275,1.4378415195795706,1.490534927053709,-0.05269340747413831,-0.5095076422555463,0.07466505981132449,0.02181621172805701,0.7169304465866901,9.999434708875071,1769,2023-02-10,2026-08-25,0.09315226520502769,0.11109349480147013,-0.11085379744111856,-0.12952080687813716,0.17279207155734722,15815.835958336645,17574.676013236298,0.049477517936487386,-0.031333991273575876,0.10342024948020238,0.2725,-0.25316819359927245,0.1571066696275053,0.21995172096891147,,,1,0.219952,0.8385033288537339,-0.1094877105194324,16092.75476883608,False,-276.91881049943356,0.0,0.00093047590610086,0.16450466258903873,0.8508510771936436,1.3162357810475582,1.2480526872284772,-0.06818309381908105,SPY,0.21037381520456644,19649.4012312515,1.4288247116075652,0.1405684051184841,-0.18709518091808564,0.6626828064707024,0.1373982781054015,-0.12738985672147762,0.000953101680467805,1.002967677518592,True,1.0,15815.835958336645,-0.11085379744111856,False,0.11251679228530997,1.9644783017444662,0.04947465016845154,0.6559000289254235,848,0.41683392008585424,0.08491342730680967,0.10091171367855446,-0.07535856871513744,0.05801324120264111,-0.003774106522345236,-0.01621348294478337,16.663275404948592,3.429060869120555,3.0036184849501164,-3.179047054171281,1.849926191717978,-0.24377450587505098,-0.7249511882337766,0.4734170143485905,0.802681987454145,0.9030113890982339,close,-0.4045047633242848,11.394972040075132,1606,2.218627786155269,0.9960381693156163,False,1069,537,run+ledger,0.6549456867559094,this run,1.5035262349355216,-0.065684715355951,True,False,False,False,False,False,1,6,False,True,underpowered,2000.0
us_etfs,4h,MAXINDEX~FLOOR|and,False,10,3.537759525439197,0.5217699893222787,0.08239691713011355,0.0880121670125662,-0.005615249882452655,0.981860814159421,0.35501653803748623,1.5711897335111624,907,1.400818148121368,1.490534927053709,-0.08971677893234098,-0.39330958901836327,0.06023492049131335,0.0667896966288337,1.6418932163699755,9.999434708875071,1769,2023-02-10,2026-08-25,0.05771425939992832,0.11109349480147013,-0.04912392002592336,-0.12952080687813716,0.17279207155734722,13232.787333180237,17574.676013236298,0.025292958135917504,-0.008860760501604984,0.22810727588986443,0.3255,-0.5679629808722256,0.31960058096199334,-0.22069403855760927,,,1,-0.220694,0.5195107013517462,-0.06892685801340204,13477.253743453377,False,-244.46641027314087,0.0,0.003117849000386934,0.16386779135012253,0.5217699893222787,1.2771588853919598,1.6773278086649348,0.40016892327297504,SPY,0.21037381520456644,19649.4012312515,1.4288247116075652,0.1405684051184841,-0.18709518091808564,0.41057774932625424,0.08414544363832488,-0.08053832362616631,-0.0017485265082113344,0.9943059138176839,False,1.0,13232.787333180237,-0.04912392002592336,False,0.11027673862861638,2.546052752573732,0.010894872262233068,0.3597973295397132,848,0.16953424944746634,0.09939870199353694,0.017355542322209358,-0.03368985255886056,0.037762008484264205,-0.020001579544113506,-0.060264277529687486,6.148397002137046,3.980989489282914,0.9093535728469909,-1.7346330265995071,1.5318912606813484,-1.30758106524158,-3.499187217946254,0.10061213595990148,0.38485161932181394,0.5082414237052454,close,0.47306097801236935,11.57404306265883,1606,2.218627786155269,0.9960904578252905,False,1069,537,run+ledger,0.6549456867559094,this run,1.587684981136938,-0.18686683301557006,False,False,False,True,False,False,1,6,False,True,underpowered,2000.0
us_etfs,4h,MAXINDEX~ADD|and,False,10,3.537759525439197,0.5306576220086678,0.083969618197552,0.08960141261225996,-0.005631794414707958,0.9818340813279386,0.3725728155339806,1.6109666240055855,824,1.4022507985764976,1.490534927053709,-0.08828412847721134,-0.42846933964479156,0.061565348059510305,0.0609141716381605,1.424613033642336,9.999434708875071,1769,2023-02-10,2026-08-25,0.058733520929523636,0.11109349480147013,-0.044474813989829776,-0.12952080687813716,0.17279207155734722,13300.933247833178,17574.676013236298,0.02606934455003687,-0.009609292243651393,0.206045381334404,0.305,-0.5130930998389005,0.28329281798117006,0.2626356823480882,,,1,0.262636,0.5286855097544956,-0.0701120039695533,13547.027446677708,False,-246.09419884453087,0.0,0.0028317105894492323,0.1640942411088928,0.5306576220086678,1.2782082179788703,1.8880262931904257,0.6098180752115554,SPY,0.21037381520456644,19649.4012312515,1.4288247116075652,0.1405684051184841,-0.18709518091808564,0.4178287494975672,0.0856608161652026,-0.08191307618652388,-0.001691197967650604,0.9944999074130053,False,1.0,13300.933247833178,-0.044474813989829776,False,0.10464584097075019,2.347849856835494,0.018882130993038704,0.35033049908344516,848,0.1685838919580016,0.10505430379057126,0.016334102381983545,-0.03001641455402601,0.038356665122212884,-0.016133982990457568,-0.06642959807566617,6.018770781299887,4.292621296385142,0.8212714871752869,-1.5073319272474355,1.4846047352706881,-1.0421539261083768,-3.7421943156736117,0.1542690903613002,0.3870165222637433,0.49599771965780226,close,0.28576765854927577,10.43146763846826,1606,2.218627786155269,0.9959540903991773,False,1069,537,run+ledger,0.6549456867559094,this run,1.5858839344535816,-0.18363313587708396,True,False,False,True,False,False,2,6,False,True,underpowered,2000.0
us_etfs,4h,MAXINDEX~WILLR|gate,False,10,3.537759525439197,0.8507380189686579,0.13820333287844644,0.14394368834587135,-0.005740355467424907,0.9823601258400965,0.6064981949458483,2.398618715932692,277,1.4365040516265524,1.490534927053709,-0.054030875427156566,-0.5215225838239093,0.07431286489655659,0.021807962378412343,0.7166584914550254,9.999434708875071,1769,2023-02-10,2026-08-25,0.09314816546461377,0.11109349480147013,-0.110853797441119,-0.12952080687813716,0.17279207155734722,15808.560308439226,17574.676013236298,0.04888375003386612,-0.0314113122771954,0.103602177744617,0.2685,-0.25470450148309853,0.1571099275433147,0.21995172096891147,,,1,0.219952,0.838466425339075,-0.10948309446213278,16092.428726094755,False,-283.8684176555284,0.0,0.00093737292660905,0.16435021011582251,0.8507380189686579,1.3162222807004298,1.2467171722453114,-0.06950510845511837,SPY,0.21037381520456644,19649.4012312515,1.4288247116075652,0.1405684051184841,-0.18709518091808564,0.6626536410233854,0.1373920515063065,-0.12738454825515677,0.000811281372139927,1.002525705190137,True,1.0,15808.560308439226,-0.110853797441119,False,0.11250873512054511,1.9643394329867931,0.04949074159871114,0.6558981644476827,848,0.41683216051910343,0.08491351956459667,0.10091118012160653,-0.07535591820189966,0.058013364749408054,-0.0037728189127105086,-0.01621239928220221,16.663241138037712,3.429075199256857,3.00360944809396,-3.17890667664053,1.8499376460740795,-0.2436924497289163,-0.7249065727906693,0.47358484384907906,0.8026836882518724,0.9030123664179828,close,-0.4044683631329515,11.396767078292038,1606,2.218627786155269,0.996009738137525,False,1069,537,run+ledger,0.6549456867559094,this run,1.5035691032414107,-0.06706505161485832,True,False,False,False,False,False,1,6,False,True,underpowered,2000.0
us_etfs,4h,CDLRISEFALL3METHODS,False,10,3.537759525439197,0.002713397399660826,-0.00026685903235112995,0.0057191187376419705,-0.0059859777699931005,0.9791020151735714,0.5,0.8603791245641139,8,-0.0677541846865383,1.490534927053709,-1.5582891117402473,-3.504893372554284,9.765945092554684e-06,0.00038124899301262546,0.1457663523718804,9.999434708875071,1769,2023-02-10,2026-08-25,0.0038309692805197234,0.11109349480147013,-0.007868692395725962,-0.12952080687813716,0.17279207155734722,9990.562365505091,17574.676013236298,0.014792524962493114,-0.01719303100245176,0.4446038569797069,0.0,-2.449455419135692,-0.7579711208810506,-0.4843983429823453,,,1,-0.484398,0.03448419088233623,-0.004687046611212442,10203.801249182397,False,-213.23888367730692,0.0,3.3693226181998414e-05,-0.09367906021969807,0.002713397399660826,1.2165240287558048,-0.03391402521924478,-1.2504380539750495,SPY,0.21037381520456644,19649.4012312515,1.4288247116075652,0.1405684051184841,-0.18709518091808564,0.027253416422350577,0.005481387706041119,-0.005512441383812572,-0.005748246738392249,0.9799212310877844,False,1.0,9990.562365505091,-0.007868692395725962,False,-0.0002678384113135784,-0.10216585377722388,0.9186250306353101,0.009061635537555901,848,-0.0004615878974297742,-0.0007739194281848674,0.0007704026107305432,-0.0017370113855319455,-0.0006972140936154889,0.0003642969810350745,-0.002113897865300726,-0.5769892903433794,-0.5411160081869747,0.491475722871895,-0.8085168231716267,-0.44064001445898593,0.5504851344352847,-1.6000294111947884,0.8841058390521803,-0.005744293636655746,0.015378443672752984,close,4.371002213878653,178.69549973366009,1606,2.218627786155269,0.4496516366738301,False,1069,537,run+ledger,0.6549456867559094,this run,1.7033613928032278,-1.7711155774897662,False,False,False,False,False,False,0,6,False,False,unrankable,2000.0
us_etfs,4h,MAXINDEX~MULT|and,False,10,3.537759525439197,0.5301488599962314,0.08339352103280917,0.08954709173935371,-0.006153570706544542,0.9801621305231433,0.3730255164034022,1.6072657020050742,823,1.393989753041024,1.490534927053709,-0.09654517401268503,-0.46495537989767793,0.05967181933411109,0.061351425173851344,1.4346024509189794,9.999434708875071,1769,2023-02-10,2026-08-25,0.05869869478471735,0.11109349480147013,-0.044474813989829554,-0.12952080687813716,0.17279207155734722,13275.941527276434,17574.676013236298,0.026000491969064905,-0.009624597184702587,0.2076439550692619,0.2955,-0.5291774174442704,0.2841869405273698,0.20168623528193041,,,1,0.201686,0.5283720247491986,-0.07007152810874895,13544.638293861288,False,-268.69676658485497,0.0,0.0028282620791951377,0.1630971042767677,0.5301488599962314,1.2781481407272661,1.8750729581888639,0.5969248174615978,SPY,0.21037381520456644,19649.4012312515,1.4288247116075652,0.1405684051184841,-0.18709518091808564,0.41758099720375036,0.08560902264194148,-0.08186613045933877,-0.0022155016091323088,0.9927988469489536,False,1.0,13275.941527276434,-0.044474813989829554,False,0.1050661191078718,2.357784616963743,0.018384356158247517,0.3499604825108604,848,0.1682539122303565,0.10470378704296947,0.016897929422895988,-0.03071541283925984,0.038228060272205516,-0.016314793615472934,-0.06640803001769259,6.016515636326946,4.280215306738678,0.8501176615603652,-1.5405606625402133,1.4781911570728112,-1.0540567192827837,-3.7389191566646285,0.15140041579619146,0.3868662933834251,0.4956412685281255,close,0.2894092310071255,10.448374841041595,1606,2.218627786155269,0.9957670008750079,False,1069,537,run+ledger,0.6549456867559094,this run,1.5859870332389892,-0.19199728019796525,True,False,False,True,False,False,2,6,False,True,underpowered,2000.0
us_etfs,4h,mc_local_linear_regression,False,10,3.537759525439197,0.3825576282896803,0.1048006430994679,0.11098743570755043,-0.006186792608082525,0.9804379712141673,0.8367346938775511,23.38606176376493,49,1.413376026736525,1.490534927053709,-0.07715890031718398,-0.23435433303929723,0.07162362359972352,0.018894107951758825,0.37722752424603123,9.999434708875071,1769,2023-02-10,2026-08-25,0.07237690371516584,0.11109349480147013,-0.1062273846599936,-0.12952080687813716,0.17279207155734722,14227.483627751182,17574.676013236298,0.09213001051941455,-0.020190073415592716,0.32924034011458087,0.427,-0.50643440483071,0.7850787935117163,0.06430048895087603,,,1,0.064300,0.6514954259428704,-0.08586973778195828,14511.355175414075,False,-283.8715476628928,0.0,0.00016083625693280102,0.29760803008992065,0.3825576282896803,1.260769144970861,0.9865689853412816,-0.27420015962957933,SPY,0.21037381520456644,19649.4012312515,1.4288247116075652,0.1405684051184841,-0.18709518091808564,0.5148874219221586,0.10603895417513565,-0.10015884904010797,-0.0012383110756677418,0.9960447805093816,False,1.0,14227.483627751182,-0.1062273846599936,False,0.07027894572175075,1.217164554444879,0.2235416133409167,0.5086799170435151,848,0.2959252414089548,0.015617188479363123,0.015664441211518762,-0.008907663740734234,0.11154499299019116,0.011709287881012827,0.06522850365875556,7.928912008588282,0.48103540593320654,0.505961814289605,-0.4110174966138353,4.100204016472068,0.6354218951131085,3.2896921770012075,0.7060045272663036,0.4547455314267851,0.6320971270382185,close,-0.5809219487062576,34.31387378054547,1606,2.218627786155269,0.9949043061284912,False,1069,537,run+ledger,0.6549456867559094,this run,1.645847400563434,-0.23247137382690908,False,False,False,False,False,False,0,6,False,True,underpowered,2000.0
us_etfs,4h,mc_rolling_window_upper_envelope_forecast,False,10,3.537759525439197,0.8580553985302432,0.15010619767611,0.15630874785033555,-0.006202550174225552,0.9811519303860949,0.6222222222222222,4.306219579271425,135,1.4371863604244417,1.490534927053709,-0.053348566629267236,-0.4572427354542001,0.0748225323409687,0.006846273749106102,0.24653430953359204,9.999434708875071,1769,2023-02-10,2026-08-25,0.10086608343525212,0.11109349480147013,-0.11909279444765253,-0.12952080687813716,0.17279207155734722,16401.223211148565,17574.676013236298,0.08026247935939182,-0.03069909055812713,0.11667449801312572,0.324,-0.2581619502605517,0.1932718545599847,-0.4101947469258156,,,1,-0.410195,0.9079387016810037,-0.11814194646278442,16716.293066553404,False,-315.069855404837,0.0,0.00044723220688765554,0.17702469237253182,0.8580553985302432,1.3170961541634858,1.2604137670318036,-0.056682387131682166,SPY,0.21037381520456644,19649.4012312515,1.4288247116075652,0.1405684051184841,-0.18709518091808564,0.7175587099407782,0.1491400781516692,-0.1373326965167253,0.0009661195244408116,1.0029774840874406,True,1.0,16401.223211148565,-0.11909279444765253,False,0.10111304324609106,1.786404921012847,0.0740337194194991,0.685824930858617,848,0.4677561540395114,0.0398927018591112,0.14624610394827048,-0.09271744997877537,0.07318730242950923,-0.0031209241650649866,0.008270190316354035,21.495223718076844,1.8692049316101416,6.608080143705411,-4.424831161350981,2.540915435241307,-0.20781802005686553,0.5152872519345071,0.8052686486816953,0.8342420459255918,0.9165628107171796,close,-0.4012011936460514,14.864631658666752,1606,2.218627786155269,0.9959732560929782,False,1069,537,run+ledger,0.6549456867559094,this run,1.500794571221364,-0.06360821079692225,False,False,False,False,False,False,0,6,False,True,underpowered,2000.0
us_etfs,4h,CDLTASUKIGAP,False,10,3.537759525439197,0.022046353872244205,0.0047365691746950045,0.01107813564844573,-0.006341566473750726,0.9779869022285969,0.578125,1.5263403275286187,64,0.6414130882427658,1.490534927053709,-0.8491218388109432,-2.0085548924371497,0.001228180686302316,0.005451174162066796,0.7408399474781614,9.999434708875071,1769,2023-02-10,2026-08-25,0.007409946700647918,0.11109349480147013,-0.011578862881546526,-0.12952080687813716,0.17279207155734722,10168.577983040585,17574.676013236298,0.013555817571299384,-0.01217060861907051,0.4227526178189891,0.0145,-1.7218294680583277,-0.07164592626683415,0.695493444480854,,,1,0.695493,0.06670009539163278,-0.009051310167914495,10397.458248028519,False,-228.88026498793403,0.0,0.00024207266078442132,0.23904225288367198,0.022046353872244205,1.218758256641654,0.4090703226345113,-0.8096879340071426,SPY,0.21037381520456644,19649.4012312515,1.4288247116075652,0.1405684051184841,-0.18709518091808564,0.052714169264438386,0.010615917717216483,-0.010640627026441751,-0.005879348542521479,0.9795702416551367,False,1.0,10168.577983040585,-0.011578862881546526,False,0.00556429724541877,0.7539040953675773,0.4509068112922465,0.02948437923459335,848,0.003038677182030568,-0.004858644464466513,-0.0025203844068513526,-0.005150104973753585,0.00577215431367408,-0.00268473589693685,-0.006229986923079522,1.0874859669693835,-1.5820141582842808,-0.9500410605933166,-1.556960229913856,1.6871726633099613,-0.9998223078591325,-2.4814573096510935,0.4587904906221705,0.001001116650125349,0.029548348527072776,close,1.7136019478002271,40.02421195828494,1606,2.218627786155269,0.8909659355623898,False,1069,537,run+ledger,0.6549456867559094,this run,1.7033613928032278,-1.061948304560462,True,False,False,False,False,False,1,6,False,False,unrankable,2000.0
us_etfs,4h,mc_rolling_window_zero_cross_reversion,False,10,3.537759525439197,0.007122668174109667,6.277354654860012e-05,0.006569419473218874,-0.006506645926670274,0.9773182398973173,0.375,1.0119912528391493,8,0.016465666430483757,1.490534927053709,-1.474069260623225,-3.184380786198251,1.7042356737939635e-05,-0.002923525392197615,-0.9895162317066918,9.999434708875071,1769,2023-02-10,2026-08-25,0.004399528361939818,0.11109349480147013,-0.007896123316656567,-0.12952080687813716,0.17279207155734722,10002.220954017695,17574.676013236298,0.018360226737492786,-0.010885604012475226,0.46290609056936244,0.0005002501250625312,-2.360792590317138,-0.537373597373396,-1.5508514040024939,,,1,-1.550851,0.03960203403270376,-0.005381290763423863,10234.354118949614,False,-232.13316493191803,0.0,2.7588082032761495e-05,0.008851878247640554,0.007122668174109667,1.217033415824221,0.007949919730379812,-1.2090834960938412,SPY,0.21037381520456644,19649.4012312515,1.4288247116075652,0.1405684051184841,-0.18709518091808564,0.03129813102902809,0.006296180971554932,-0.0063285052840657,-0.006233407425006332,0.9782573791861956,False,1.0,10002.220954017695,-0.007896123316656567,False,-0.002135620003382374,-0.7513242478984273,0.45245753969553126,0.03348098548773659,848,0.003960584171184098,-0.00027707655153975507,0.003380918603892916,0.0002214099636217385,0.000983765252361348,0.00027192706093902253,0.0004381375379759445,2.115532263786325,-0.20279715883337954,1.911641109576271,0.13898529341774177,0.5850183219230244,0.23925692209756116,0.39593336042418237,0.322410632250548,0.006972805019928553,0.044086202330956614,close,2.2687280273018557,72.15123108285277,1606,2.218627786155269,0.5123601064986976,False,1069,537,run+ledger,0.6549456867559094,this run,1.7033613928032278,-1.686895726372744,False,False,False,False,False,False,0,6,False,False,unrankable,1999.0
us_etfs,4h,rsi2_connors,False,10,3.537759525439197,0.031832171346020975,0.01606507427865722,0.022574904062556245,-0.006509829783899024,0.9776595489219593,0.8255813953488372,2.801175383679244,86,1.0662585170865737,1.490534927053709,-0.4242764099671352,-2.100195156810279,0.013625113417507106,0.021582568665276698,1.6265858634394614,9.999434708875071,1769,2023-02-10,2026-08-25,0.015053399809777896,0.11109349480147013,-0.018064109075375145,-0.12952080687813716,0.17279207155734722,10580.024790748745,17574.676013236298,0.012326501861927245,-0.020828914350168596,0.20201761183542347,0.029,-0.7995018929639137,0.0196825468932794,-0.5766430714202071,,,1,-0.576643,0.1355020817076563,-0.018325137423446547,10821.788425648861,False,-241.76363490011622,0.0,0.00029476282729265957,0.6498254218780646,0.031832171346020975,1.219889912442941,0.8893366515682197,-0.33055326087472126,SPY,0.21037381520456644,19649.4012312515,1.4288247116075652,0.1405684051184841,-0.18709518091808564,0.10708949708214655,0.021625479945061032,-0.0215228578812221,-0.0055604056664038115,0.9808776268963857,False,1.0,10580.024790748745,-0.018064109075375145,False,0.026888393096447125,1.9477368109449922,0.051446463090687455,0.10780378027706616,848,0.0251478628443891,-0.005824741590464843,0.009134298308807867,-0.01237022722106981,0.009827086157579185,0.004843908962165719,0.003698356109237336,3.0471648175287083,-0.5600239882499559,1.4173515617598413,-1.8089124688263323,1.5436001834881605,1.2855352032556764,0.9204275966646346,0.10382508371151955,0.046955484444846526,0.14209005689479914,close,1.3946344741111272,53.19265672138503,1606,2.218627786155269,0.9794702299365028,False,1069,537,run+ledger,0.6549456867559094,this run,1.7033613928032278,-0.6371028757166541,False,False,False,False,False,False,0,6,False,False,unrankable,2000.0
us_etfs,4h,mc_drawdown_based_reentry,False,10,3.537759525439197,0.11017524024872812,0.05194630550706614,0.05869525676363785,-0.006748951256571711,0.9776293823093571,0.9523809523809523,215.2082679393586,21,1.3256215001489795,1.490534927053709,-0.16491342690472943,-0.44169391760409243,0.06680689175448107,0.026783515863824985,0.7857496756902214,9.999434708875071,1769,2023-02-10,2026-08-25,0.03877271829928494,0.11109349480147013,-0.03407917575792796,-0.12952080687813716,0.17279207155734722,11962.114945473106,17574.676013236298,0.09184934761109578,-0.00853585677637414,0.3733658543438395,0.4175,-0.6885908934349968,0.863395727441029,0.3556454711564061,,,1,0.355645,0.3490097990757588,-0.046700923463454,12235.83820406071,False,-273.7232585876037,0.0,7.03835289565326e-05,0.5835199930108137,0.11017524024872812,1.2289676879828018,1.5242829191660154,0.2953152311832137,SPY,0.21037381520456644,19649.4012312515,1.4288247116075652,0.1405684051184841,-0.18709518091808564,0.2758281156181839,0.05616568184138404,-0.054692925054888875,-0.004219376334317904,0.9859381669295755,False,1.0,11962.114945473106,-0.03407917575792796,False,0.04551578544182182,1.4107084264547816,0.15833060531946375,0.2056931651306141,848,0.09849335609927411,0.0006649153150080009,0.012108716827343866,-0.004436010843115033,0.04072544170346313,-0.024961127798315906,0.014557593660618278,4.761067526584704,0.056368127661239394,0.9995914527025208,-0.39423187988803654,3.137896790352504,-1.9192469852334293,0.9525119999643655,0.432014154375741,0.16577683717142358,0.26694564937999177,close,-2.3012991910024705,133.87314794437532,1606,2.218627786155269,0.9870155229842799,False,1069,537,run+ledger,0.6549456867559094,this run,1.7033613928032278,-0.37773989265424834,True,False,False,True,False,False,2,6,False,True,underpowered,2000.0
us_etfs,4h,connors_rsi,False,10,3.537759525439197,0.002713397399660826,0.0022544097551333575,0.009188633382525069,-0.006934223627391711,0.9759029317937428,0.5714285714285714,5.253342386653715,7,0.3692698550623164,1.490534927053709,-1.1212650719913926,-3.1534420924819844,6.340156933876129e-05,0.005903584150331507,1.2907557247965837,9.999434708875071,1769,2023-02-10,2026-08-25,0.006149239046652952,0.11109349480147013,-0.00626392448216706,-0.12952080687813716,0.17279207155734722,10079.984006433348,17574.676013236298,0.024169223040947485,-0.00613430999721883,0.35556862599905137,0.0,-1.8519426153139518,-0.4721706796257358,,,,0,,0.05535192729008988,-0.007515576924726708,10328.879725677218,False,-248.8957192438712,0.0,2.4139571778666857e-05,1.2931096045262902,0.002713397399660826,1.2165240287558048,0.35990372514092384,-0.856620303614881,SPY,0.21037381520456644,19649.4012312515,1.4288247116075652,0.1405684051184841,-0.18709518091808564,0.043745527606077646,0.008805756066472492,-0.00883658861969494,-0.006551346311339135,0.9772139120672415,False,1.0,10079.984006433348,-0.00626392448216706,False,0.005424307202248859,1.2920878645963008,0.19632671800301882,0.18502166952657406,848,0.012493706321892496,-0.004792424512310496,-0.0038607907459434895,0.0034746464487530725,0.0073135455701514316,-0.00409204211633735,0.005278836682471701,1.6275547617622133,-1.2890605831054431,-1.1512885135011741,0.9665558852191704,1.8777119422217188,-1.5046985130975046,1.3021842611436674,0.19678839493782263,-0.0042415050803903,0.18692964345219854,close,12.993749491362639,556.0668111126963,1606,2.218627786155269,0.7779446741652893,False,1069,537,run+ledger,0.6549456867559094,this run,1.7033613928032278,-1.3340915377409115,False,False,False,False,False,False,0,6,False,False,unrankable,1987.0
us_etfs,4h,trend_factor,False,10,3.537759525439197,0.5538910872432635,0.08274971798430708,0.08976224024581536,-0.0070125222615082805,0.977420102688838,0.3309982486865149,1.5172421219488061,1142,1.3807635043556796,1.490534927053709,-0.10977142269802931,-0.5086376618201053,0.057627704272535385,0.06677004106086482,1.570690926689325,9.999434708875071,1769,2023-02-10,2026-08-25,0.058836625400350694,0.11109349480147013,-0.0411084889454314,-0.12952080687813716,0.17279207155734722,13248.052527366512,17574.676013236298,0.022938696147655854,-0.007480183962768367,0.21581457870269388,0.2975,-0.5302979977646604,0.2977887808120627,-0.12388122555574932,,,1,-0.123881,0.5296135971372115,-0.07023182713659826,13554.102776197999,False,-306.05024883148644,0.0,0.003925365729395053,0.1543494702239474,0.5538910872432635,1.2809529633914112,2.0129593693933012,0.73200640600189,SPY,0.21037381520456644,19649.4012312515,1.4288247116075652,0.1405684051184841,-0.18709518091808564,0.4185622320375459,0.08581416010910314,-0.08205205013128414,-0.003064442124796063,0.9900512516524146,False,1.0,13248.052527366512,-0.0411084889454314,False,0.10996093138310369,2.5025341131435743,0.012330774164539982,0.39791415116811024,848,0.17254586934525673,0.11927542666613705,0.04107044085840002,-0.04241653136482759,0.046365821471189915,-0.0011895111055223728,-0.08360517807581505,6.901352986851859,5.22070750543885,2.355443832478318,-2.1998093487414594,1.7575638103745903,-0.09268766279083414,-5.4654447467010865,0.11625445776230725,0.38223073623971876,0.5376507658938561,close,0.12010769464934598,9.424537123858425,1606,2.218627786155269,0.9952778542535752,False,1069,537,run+ledger,0.6549456867559094,this run,1.581175756586631,-0.20041225223095127,False,False,False,True,False,False,1,6,False,True,underpowered,2000.0
us_etfs,4h,CDLEVENINGDOJISTAR,False,10,3.537759525439197,0.008366308648954213,-0.0014063068540550727,0.005620976356611074,-0.0070272832106661465,0.97549654583341,0.375,0.6637434014918905,24,-0.37186911119746185,1.490534927053709,-1.8624040382511708,-3.291609844809005,5.369468847882253e-07,-0.0018232803604641499,-0.6250138696508118,9.999434708875071,1769,2023-02-10,2026-08-25,0.003765328861474734,0.11109349480147013,-0.010483742334697621,-0.12952080687813716,0.17279207155734722,9950.336960067272,17574.676013236298,0.010590366606037602,-0.009573307921917166,0.5658033989624418,0.0005,-2.834879398084884,-0.6152460280482399,-2.294806208974866,,,1,-2.294806,0.0338933334323812,-0.004606873062706129,10200.279029759411,False,-249.9420696921395,0.0,0.00010786432309042445,-0.15482365620862293,0.008366308648954213,1.2171771076773032,-0.1341416842534059,-1.351318791930709,SPY,0.21037381520456644,19649.4012312515,1.4288247116075652,0.1405684051184841,-0.18709518091808564,0.02678645217821861,0.00538734092178661,-0.005418192419717416,-0.0067936477758416824,0.9762987545919332,False,1.0,9950.336960067272,-0.010483742334697621,False,-0.0023218655393582167,-0.7873666660320753,0.43106725425886694,0.02225710144206383,848,-0.0020472540153476937,-0.0004617436488527954,-0.00039031923091948636,0.0027877088590509704,-0.0017499859673605683,-0.00016844682251898266,2.9820628672745985e-05,-2.429437842246004,-0.32991002116365886,-0.4223981975339957,1.684609873626241,-1.2809209037026417,-0.2672510264874926,0.043754968875244035,0.5319619551807682,-0.004412379059219449,0.026935729984482126,close,-0.35942895415731085,48.811131549934245,1606,2.218627786155269,0.24190609226728316,False,1069,537,run+ledger,0.6549456867559094,this run,1.7033613928032278,-2.0752305040006895,False,False,False,False,False,False,0,6,False,False,unrankable,2000.0
us_etfs,4h,mc_average_run_length_reversion,False,10,3.537759525439197,0.456503988442937,0.07572783805683536,0.08343507579646214,-0.007707237739626782,0.9750597586301866,0.75,3.6868362266806147,80,1.3601602379411266,1.490534927053709,-0.13037468911258232,-0.3885193118732908,0.05459111198192146,0.0320986842051237,0.9385010052591902,9.999434708875071,1769,2023-02-10,2026-08-25,0.054774491469202165,0.11109349480147013,-0.06114529094934984,-0.12952080687813716,0.17279207155734722,12946.592972375374,17574.676013236298,0.060531656818659636,-0.04925495988724053,0.3355681046688919,0.3085,-0.7450775528096624,0.5398577718056717,1.0966841253017143,,,1,1.096684,0.49304859449319727,-0.06550245267616595,13277.743089883441,False,-331.15011750806553,0.0,0.00026163451567135263,0.17339996046502737,0.456503988442937,1.2694639833703418,1.2384901090676808,-0.030973874302661075,SPY,0.21037381520456644,19649.4012312515,1.4288247116075652,0.1405684051184841,-0.18709518091808564,0.38966431626675385,0.07978031492047011,-0.07656412235252963,-0.004052476863634746,0.9867856953450118,False,1.0,12946.592972375374,-0.06114529094934984,False,0.07525815460683417,1.8363355856199475,0.0663080398418261,0.4526444732817231,848,0.20222347217361078,0.049082575709486195,0.04960525367563923,-0.029284924891581104,0.04091039480976211,0.002547933141691057,-0.01134603740461015,9.815352505254747,2.302974106107843,2.2793554891934296,-1.7986788649991534,1.8191999555025273,0.19925867784724322,-0.7788361432717301,0.3479870005965209,0.3819526762306154,0.6167145838153063,close,-0.06349002342239153,13.559139997854464,1606,2.218627786155269,0.9944260159545901,False,1069,537,run+ledger,0.6549456867559094,this run,1.6120980993303637,-0.2519378613892371,True,False,False,False,False,False,1,6,False,True,underpowered,2000.0
us_etfs,4h,CDLHOMINGPIGEON,False,10,3.537759525439197,0.0248728094968909,0.007187735442626408,0.015197245263837367,-0.008009509821210958,0.9723667515452653,0.5972222222222222,1.5603084765166355,72,0.7104284840523669,1.490534927053709,-0.780106443001342,-1.8077107335286873,0.0022321919167651028,0.005001547663383257,0.4115486621111806,9.999434708875071,1769,2023-02-10,2026-08-25,0.010153857065196534,0.11109349480147013,-0.017320385948673356,-0.12952080687813716,0.17279207155734722,10256.612520083234,17574.676013236298,0.01701084405433656,-0.016165377581672056,0.4315438463312981,0.042,-1.5984580970796853,0.0820478142685883,-2.71563282141203,,,1,-2.715633,0.09139920463697723,-0.012387821459031723,10548.090526320071,False,-291.47800623683605,0.0,0.0002482927382948526,0.3336853253543959,0.0248728094968909,1.2190850631790506,0.4149870253426396,-0.8040980378364111,SPY,0.21037381520456644,19649.4012312515,1.4288247116075652,0.1405684051184841,-0.18709518091808564,0.07223427666151523,0.014561347940276193,-0.01455814173555725,-0.007373612497649784,0.9745245578625797,False,1.0,10256.612520083234,-0.017320385948673356,False,0.006741641700998835,0.5577243285486484,0.5770326421605194,0.0886206527852379,848,0.01720231267809488,-0.001746721235214889,0.009678172434386671,-0.0051053494266152365,0.00245636618235388,0.003994222345737394,-0.00679345881309903,3.6788159788437915,-0.3766123741238555,1.5973599028627665,-1.0710324672782288,0.4053670095447867,1.6348008594306387,-1.9879888342602046,0.6806702668605058,0.015399484015305859,0.09585108655174324,close,0.6169833261818046,58.14371990535184,1606,2.218627786155269,0.9097695559193617,False,1069,537,run+ledger,0.6549456867559094,this run,1.7033613928032278,-0.9929329087508609,False,False,False,False,False,False,0,6,False,False,unrankable,2000.0
us_etfs,4h,CDLDRAGONFLYDOJI,False,10,3.537759525439197,0.13821996105772252,0.030633652399089994,0.039469582405464276,-0.008835930006374282,0.9702505015778756,0.595108695652174,1.4619407217174905,368,1.1647182527037623,1.490534927053709,-0.32581667434994666,-0.7735456186972913,0.028693588796061764,0.019934703078010003,0.8548056452021728,9.999434708875071,1769,2023-02-10,2026-08-25,0.026202171051711597,0.11109349480147013,-0.03603331890739614,-0.12952080687813716,0.17279207155734722,11126.534768862915,17574.676013236298,0.01617530803486493,-0.016262250366684737,0.4211990430488719,0.219,-1.0496303657188915,0.5664419168221975,-1.8169645081321084,,,1,-1.816965,0.23585693382439937,-0.031738265041882596,11467.692880105005,False,-341.1581112420903,0.0,0.0012670165871275626,0.2439637284735734,0.13821996105772252,1.2322249746674134,0.8501479555024332,-0.38207701916498027,SPY,0.21037381520456644,19649.4012312515,1.4288247116075652,0.1405684051184841,-0.18709518091808564,0.18640156747617628,0.037790374626192946,-0.03722622696980871,-0.007156722227102952,0.9758159282981423,False,1.0,11126.534768862915,-0.03603331890739614,False,0.034672094526146335,1.3813470023942231,0.1671722927649124,0.23474243580328957,848,0.07147844694918491,0.005002934872833251,0.03818605414493708,-0.016869254514848137,0.006997011681785909,-0.008381297297990475,-0.0006838526760039633,4.734726591930981,0.37332869469391367,3.0031533592307342,-1.994627425222363,0.576746824235361,-1.4072283628709237,-0.07646396087967589,0.39265875247548854,0.13042296515415017,0.3141346786927812,close,-1.3375747957896897,27.263885867836517,1606,2.218627786155269,0.9821423619222807,False,1069,537,run+ledger,0.6549456867559094,this run,1.7033613928032278,-0.5386431400994656,False,False,False,False,False,False,0,6,False,True,underpowered,2000.0
us_etfs,4h,CDLTRISTAR,False,10,3.537759525439197,0.00797688587400289,-0.0013322584178743213,0.007620068372559352,-0.008952326790433673,0.9689210658484622,0.5833333333333334,0.8187456566659165,24,-0.2587630854158953,1.490534927053709,-1.7492980124696043,-2.0267662558319754,8.552297311448243e-07,0.0005846584348384366,0.11588275393437925,9.999434708875071,1769,2023-02-10,2026-08-25,0.005101689867765726,0.11109349480147013,-0.019076683459838373,-0.12952080687813716,0.17279207155734722,9952.947522187917,17574.676013236298,0.01408220130333577,-0.024079616989913,0.8630980545664985,0.0345,-3.2319159204764056,0.1485474675106584,0.6244465143084239,,,1,0.624447,0.045922489673069625,-0.006238184324846241,10272.196438904284,False,-319.2489167163681,0.0,8.807843523550742e-05,-0.15390717646994212,0.00797688587400289,1.2171321123804715,-0.06983700393619724,-1.2869691163166688,SPY,0.21037381520456644,19649.4012312515,1.4288247116075652,0.1405684051184841,-0.18709518091808564,0.0362932898290021,0.0073028981284724015,-0.007335602965332866,-0.008635156546346723,0.9700008142469392,False,1.0,9952.947522187917,-0.019076683459838373,False,0.0010115836594745144,0.20421168928266084,0.8381880771062724,0.0184888853367301,848,0.0031081037332964584,0.00046340727678136724,-3.835976326377685e-05,0.002311198254805312,-0.0016127480260068184,0.0006931144223150203,0.002085806461071778,1.8727763161737123,0.2700881534324045,-0.023533983579741194,1.4025962946697386,-0.7535108877543677,0.6424740544137473,1.8410066596416153,0.9077454639694515,0.0037782028042133925,0.02059487018803996,close,-4.820160456168911,108.12585585922986,1606,2.218627786155269,0.30861312969863,False,1069,537,run+ledger,0.6549456867559094,this run,1.7033613928032278,-1.9621244782191232,True,False,False,False,False,False,1,6,False,False,unrankable,2000.0
us_etfs,4h,mc_mid_percentile_crossover,False,10,3.537759525439197,0.6717794108410275,0.12313415160627561,0.1322368842289412,-0.009102732622665588,0.9718467778751493,0.6095890410958904,2.9096902454645073,292,1.3964451970290994,1.490534927053709,-0.09408973002460952,-0.4794170436601157,0.06619919111378003,0.014675126224892828,0.4248007106937459,9.999434708875071,1769,2023-02-10,2026-08-25,0.08580382047273444,0.11109349480147013,-0.10925740412445584,-0.12952080687813716,0.17279207155734722,15080.47395076315,17574.676013236298,0.03575324384423082,-0.019185973653167463,0.1962586254887399,0.3155,-0.3917908366862639,0.3649495044696021,-0.015606544457440918,,,1,-0.015607,0.7723568389496643,-0.10118558781151521,15517.336985707945,False,-436.8630349447966,0.0,0.0009967890622984616,0.1886985039190745,0.6717794108410275,1.2949160253702088,1.127009675847805,-0.1679063495224038,SPY,0.21037381520456644,19649.4012312515,1.4288247116075652,0.1405684051184841,-0.18709518091808564,0.6104061606191734,0.1262616368046896,-0.11783369159397261,-0.003127485198413993,0.9902106575957497,False,1.0,15080.47395076315,-0.10925740412445584,False,0.09168570495597675,1.6389101633092107,0.10123197076203638,0.6461950648078849,848,0.38950139894078256,0.03316543088273993,0.10859689090888329,-0.08144114219780504,0.077449345421535,-0.014833317096851081,0.0032107393124047984,11.280409778068954,1.0945464195782644,4.590150431251386,-4.1654788852109395,2.777132108136065,-0.8693657613427184,0.19885603860106985,0.6709819595556388,0.6815282108568297,0.855279458065556,close,-0.5173169927937751,24.926484835753573,1606,2.218627786155269,0.9947011755183147,False,1069,537,run+ledger,0.6549456867559094,this run,1.5572861133358071,-0.16084091630670772,False,False,False,False,False,False,0,6,False,True,underpowered,2000.0
us_etfs,4h,MAXINDEX~TSF_9|or,False,10,3.537759525439197,0.9954776710005652,0.1463540011019393,0.15553973756161055,-0.009185736459671245,0.9721597858380965,0.42907385697538103,1.8144811196719441,853,1.4109592397161368,1.490534927053709,-0.07957568733757214,-0.6071979562103412,0.06640726488499898,0.03228413399987509,0.8802222986428317,9.999434708875071,1769,2023-02-10,2026-08-25,0.10038724834451329,0.11109349480147013,-0.11421201820290205,-0.12952080687813716,0.17279207155734722,16212.704862274248,17574.676013236298,0.03087086148034091,-0.012786403921870098,0.13105394463812406,0.2505,-0.3142212156614784,0.1992452562792108,0.13054980273091354,,,1,0.130550,0.9036285024961231,-0.11760653965568113,16676.996002562806,False,-464.2911402885575,0.0,0.0031208984373200573,0.14706552880786394,0.9954776710005652,1.333544894174652,1.2814238239091071,-0.0521210702655448,SPY,0.21037381520456644,19649.4012312515,1.4288247116075652,0.1405684051184841,-0.18709518091808564,0.714152289484238,0.14840968863306014,-0.1367181225313746,-0.0020556875311208422,0.9936816755909172,False,1.0,16212.704862274248,-0.11421201820290205,False,0.12372054930511044,1.9901108455070808,0.04657872634933513,0.663743948379824,848,0.44719977665163224,0.08458877114753882,0.1088612430974899,-0.08009300524660307,0.05492142282441673,-0.013121365805161607,0.0029819938923136583,22.618133429223114,4.206895166513834,4.9759175518192755,-3.573536564726122,2.063807304780513,-0.9316869378107456,0.19342902560717132,0.3787388959459783,0.8091939777227796,0.8833438149259429,close,-0.1324374218343125,13.585668441038614,1606,2.218627786155269,0.9956781889085509,False,1069,537,run+ledger,0.6549456867559094,this run,1.4877006853447827,-0.07674144562864593,True,False,False,False,False,False,1,6,False,True,underpowered,2000.0
us_etfs,4h,mc_weighted_ema_by_return,False,10,3.537759525439197,0.25061239871867347,0.07644711015838745,0.08588374928682163,-0.009436639128434177,0.9695933668630834,0.9047619047619048,21.194294113801153,42,1.3356273688605476,1.490534927053709,-0.15490755819316138,-0.5099570430850534,0.056364470330590444,0.024769856183510085,0.5567830992649143,9.999434708875071,1769,2023-02-10,2026-08-25,0.056348009862380935,0.11109349480147013,-0.06633337526167027,-0.12952080687813716,0.17279207155734722,12977.243859295757,17574.676013236298,0.07346393438401574,-0.03292902197642389,0.3037658961547572,0.3635,-0.5638881989848938,0.5571205547125412,0.9574461688406799,,,1,0.957446,0.5072125056744121,-0.06733651857033407,13384.212704838232,False,-406.9688455424747,0.0,0.00014076705791306603,0.34170820046043016,0.25061239871867347,1.245318684436347,1.1524682689041643,-0.09285041553218276,SPY,0.21037381520456644,19649.4012312515,1.4288247116075652,0.1405684051184841,-0.18709518091808564,0.4008582854367993,0.08211573858179522,-0.07869300975588334,-0.005668628423407762,0.9815904150573729,False,1.0,12977.243859295757,-0.06633337526167027,False,0.0588061303481528,1.2618475229259027,0.20700365804306364,0.3673624497827668,848,0.19784159132548634,-0.018298354648967702,0.029621563173875314,-0.02003671643293027,0.05830232129953097,-0.03122239781029175,0.04618040182606671,5.924194446032425,-0.7457431854241703,1.3042812928106897,-1.160420677539679,2.5099295383246885,-1.7247196327802785,2.2960963382356687,0.5776756323975352,0.30121421521402725,0.4575632127821392,close,-0.709024262979053,61.048106077969756,1606,2.218627786155269,0.9917812643582329,False,1069,537,run+ledger,0.6549456867559094,this run,1.7033613928032278,-0.3677340239426803,True,False,False,False,False,False,1,6,False,True,underpowered,2000.0
us_etfs,4h,mc_rolling_window_l_infinity_norm,False,10,3.537759525439197,0.78631995477671,0.14233757340283515,0.1520680187229213,-0.009730445320086156,0.9704386831871946,0.7339449541284404,3.3674044374446077,218,1.4041697648624714,1.490534927053709,-0.08636516219123758,-0.8776409286475992,0.06752876679786524,-0.0025324091278789815,-0.08395249224744217,9.999434708875071,1769,2023-02-10,2026-08-25,0.09822363169142218,0.11109349480147013,-0.12369436430058822,-0.12952080687813716,0.17279207155734722,16012.638804219707,17574.676013236298,0.04239588761162605,-0.034731252183797384,0.09840603300523139,0.1955,-0.2660720254122895,0.12175889278495262,-0.430654826970746,,,1,-0.430655,0.8841528648185291,-0.11518432799289768,16500.412732548626,False,-487.77392832891843,0.0,0.0007314233715980892,0.1844041763410178,0.78631995477671,1.3085381425218339,1.1507199556557184,-0.15781818686611548,SPY,0.21037381520456644,19649.4012312515,1.4288247116075652,0.1405684051184841,-0.18709518091808564,0.6987603765485579,0.14511191830230596,-0.13393683923318778,-0.0027743448994708153,0.9914551327500264,False,1.0,16012.638804219707,-0.12369436430058822,False,0.09351397747740729,1.5243904249621931,0.127411210553372,0.6677910941259767,848,0.44443969612783857,0.045240404582190474,0.14062485230993577,-0.08358942612529377,0.0531399171027974,0.009235614007261708,0.03753962969832104,16.429238307973254,1.624041202673027,5.671743067710358,-3.5764339361995408,1.7438717542520232,0.5512438153977861,2.0606113671133817,0.9330942040517718,0.8499913012073373,0.9174026055351738,close,-0.537460782908204,17.649168704316754,1606,2.218627786155269,0.9950099226456122,False,1069,537,run+ledger,0.6549456867559094,this run,1.5279945113080196,-0.1238247464455482,False,False,False,False,False,False,0,6,False,True,underpowered,2000.0
us_etfs,4h,CDLTAKURI,False,10,3.537759525439197,0.13013629797123297,0.0284583913837555,0.03830453554171265,-0.009846144157957148,0.9668534746223157,0.5959885386819485,1.4537249574980198,349,1.1159329166019647,1.490534927053709,-0.37460201045174424,-0.8790106788096512,0.02328990477350068,0.018044321936257244,0.7862408335252468,9.999434708875071,1769,2023-02-10,2026-08-25,0.025436479151998592,0.11109349480147013,-0.04061431497865742,-0.12952080687813716,0.17279207155734722,11043.677252553105,17574.676013236298,0.01606906507523462,-0.01630619326490905,0.4261632076632187,0.193,-1.1590229039351474,0.5194166070048246,-1.7221033358746474,,,1,-1.722103,0.22896461397181633,-0.030821360849157653,11422.286357161951,False,-378.6091046088447,0.0,0.001201494892299754,0.2406402409362065,0.13013629797123297,1.2312856766523552,0.7006985443115369,-0.5305871323408183,SPY,0.21037381520456644,19649.4012312515,1.4288247116075652,0.1405684051184841,-0.18709518091808564,0.1809544550964946,0.03667617955881464,-0.03615412979307708,-0.008217788175059138,0.9722369239272037,False,1.0,11043.677252553105,-0.04061431497865742,False,0.03230543142849355,1.3103319486424114,0.19008356392982861,0.23035447253038877,848,0.07174897117026517,0.0027765682694603777,0.03444384440720564,-0.009651938572196858,0.011233534149543058,-0.00857273663579028,-0.0012368594807526953,4.851646436285862,0.2081396495040973,2.7262702388954025,-1.1824123248895038,0.9236200473889213,-1.450108819215182,-0.13930625245740422,0.4317264078695282,0.12620796515523525,0.30906988028617177,close,-1.3496224979698512,30.201890716558353,1606,2.218627786155269,0.9779948408568803,False,1069,537,run+ledger,0.6549456867559094,this run,1.7033613928032278,-0.5874284762012632,False,False,False,False,False,False,0,6,False,True,underpowered,2000.0
us_etfs,4h,mc_linear_trend_extrapolation,False,10,3.537759525439197,0.5772313296903461,0.11338695742498306,0.12344990695230096,-0.0100629495273179,0.9686701361587329,0.803030303030303,9.350879319221336,66,1.3784561916814533,1.490534927053709,-0.11207873537225566,-0.8338559553166459,0.064130579584606,-0.014363708729549987,-0.3467070976345422,9.999434708875071,1769,2023-02-10,2026-08-25,0.0802668163044618,0.11109349480147013,-0.11814542558147911,-0.12952080687813716,0.17279207155734722,14622.539024769481,17574.676013236298,0.08334275152790067,-0.036336902167042245,0.13441018758413162,0.234,-0.3501119972319891,0.1825272520366509,0.09875472842605681,,,1,0.098755,0.7225158993143819,-0.09489260100371832,15095.47830467371,False,-472.9392799042298,0.0,0.00022353130401134974,0.2045091791669582,0.5772313296903461,1.2837127075107757,0.959723636077519,-0.3239890714332567,SPY,0.21037381520456644,19649.4012312515,1.4288247116075652,0.1405684051184841,-0.18709518091808564,0.5710160561102295,0.11790229243763473,-0.11057855826754759,-0.004515335012651667,0.9857836691527881,False,1.0,14622.539024769481,-0.11814542558147911,False,0.05620729666272933,0.9607391320558737,0.33668335011623274,0.6074898509499056,848,0.3604246139669949,0.00960637594589922,0.09497899900055194,-0.06851442310214029,0.08728733614719413,-0.00524465672459766,0.019368409583540386,9.724866810337259,0.2821442865929457,3.0701627374144627,-2.7003276588990035,2.789848875160042,-0.3480918192153479,1.2306730140034958,0.7288113774609823,0.6245392754587191,0.8046069207069091,close,-0.8622208059593816,28.0572250752773,1606,2.218627786155269,0.993710514137545,False,1069,537,run+ledger,0.6549456867559094,this run,1.5764459407029896,-0.19798974902153632,False,False,False,False,False,False,0,6,False,True,underpowered,2000.0
us_etfs,4h,CDLSTALLEDPATTERN,False,10,3.537759525439197,0.015602035048049747,-0.0006984694170989458,0.009470647514875585,-0.010169116931974531,0.9648148205190678,0.3695652173913043,0.9378674435875419,46,-0.10708619507399289,1.490534927053709,-1.597621122127702,-2.102909626473386,7.396442707308104e-06,0.0018192467887776138,0.3158988626882589,9.999434708875071,1769,2023-02-10,2026-08-25,0.006337485089179382,0.11109349480147013,-0.014550416661161303,-0.12952080687813716,0.17279207155734722,9975.3117237968,17574.676013236298,0.017698380575330092,-0.011062237869532317,0.7597193441008393,0.009,-3.2132423440571585,-0.2787503065536371,-0.6863204015118846,,,1,-0.686320,0.057046410327668585,-0.007744999254657325,10339.094623805748,False,-363.7829000089465,0.0,0.00020544218101363617,-0.04379550538619348,0.015602035048049747,1.2180132949668117,-0.048003396285093,-1.2660166912519046,SPY,0.21037381520456644,19649.4012312515,1.4288247116075652,0.1405684051184841,-0.18709518091808564,0.045084705086022435,0.009075941508079888,-0.009106128125219715,-0.009774410925178834,0.9661506090243428,False,1.0,9975.3117237968,-0.014550416661161303,False,0.0004292129975810446,0.07524780240064864,0.9400175513185609,0.025971581818649003,848,-0.0017686580237726238,-0.0027722987543569682,-0.0038330679735119623,0.005239975204085122,0.0021795682305265976,-0.0018336448106955165,7.130110738699441e-05,-1.0927725540143731,-1.1194562517288522,-1.243088505198716,1.9278485339202676,0.8377963702767525,-1.3975500852196736,0.049356755883224024,0.7520792752010297,-0.012301520886537038,0.03852078597806896,close,3.901129191565788,95.09349389517378,1606,2.218627786155269,0.42095420348615104,False,1069,537,run+ledger,0.6549456867559094,this run,1.7033613928032278,-1.8104475878772208,False,False,False,False,False,False,0,6,False,False,unrankable,2000.0
us_etfs,4h,CDLXSIDEGAP3METHODS,False,10,3.537759525439197,0.026964386659129452,0.00448301583136268,0.015080577844387877,-0.010597562013025197,0.9635520374046531,0.5625,1.281353140410723,80,0.4489513951925536,1.490534927053709,-1.0415835318611553,-1.2508364771126816,0.00038969505809122174,0.004648902293593283,0.4239512432786116,9.999434708875071,1769,2023-02-10,2026-08-25,0.010076223221063448,0.11109349480147013,-0.017373318477980848,-0.12952080687813716,0.17279207155734722,10159.502565941257,17574.676013236298,0.017313549824519464,-0.017372477300578875,0.8327095914770993,0.1075,-2.599389333400579,0.5615003250398031,-2.3630480310728132,,,1,-2.363048,0.09070038924484448,-0.012293533800607936,10543.802692074712,False,-384.3001261334567,0.0,0.00031251628940414506,0.18043777118567328,0.026964386659129452,1.2193269270574991,0.25804027233165083,-0.9612866547258483,SPY,0.21037381520456644,19649.4012312515,1.4288247116075652,0.1405684051184841,-0.18709518091808564,0.07168199150136385,0.014449613239364778,-0.014447471299370185,-0.009966597408002098,0.9656739169440787,False,1.0,10159.502565941257,-0.017373318477980848,False,0.0033956252261621712,0.3093662573990456,0.7570429349449794,0.009413089526636664,848,-0.0021638604998655336,-0.0032212888186078648,0.004891466830096931,0.0013436472331216625,0.0002726903617689745,0.0007909562855656742,0.00021890029855382227,-0.8377968095709358,-0.7434210416798255,1.36297666435088,0.4766247161489172,0.07672238143149042,0.39683538148669667,0.09794290681967271,0.6716013716048945,-0.011091251248180296,0.01407320143026658,close,1.2362368890939783,56.95454839175677,1606,2.218627786155269,0.8030055137716484,False,1069,537,run+ledger,0.6549456867559094,this run,1.7033613928032278,-1.2544099976106742,False,False,False,False,False,False,0,6,False,False,unrankable,2000.0
us_etfs,4h,MAXINDEX~CEIL|gate,False,10,3.537759525439197,0.840104264807487,0.13241740952019554,0.14313412082371268,-0.010716711303517146,0.9672266680920906,0.5655526992287918,2.095191910349236,389,1.3888269833923519,1.490534927053709,-0.10170794366135705,-0.9170873632237806,0.06255443705874297,0.014755791835974748,0.4755104558633586,9.999434708875071,1769,2023-02-10,2026-08-25,0.09264145679524714,0.11109349480147013,-0.11196818603767589,-0.12952080687813716,0.17279207155734722,15526.091541558013,17574.676013236298,0.040163990356664785,-0.02495450857255886,0.11090322224463915,0.1695,-0.3165710419775428,0.12724289969833227,0.17903590800207891,,,1,0.179036,0.8339053241668404,-0.10891243625580027,16052.17479392303,False,-526.0832523650172,0.0,0.001327280717141746,0.15953941992089993,0.840104264807487,1.3149527176488773,1.182634230366461,-0.13231848728241635,SPY,0.21037381520456644,19649.4012312515,1.4288247116075652,0.1405684051184841,-0.18709518091808564,0.6590489286490825,0.1366225877376508,-0.12672824960823081,-0.004205178217455252,0.9869726307537287,False,1.0,15526.091541558013,-0.11196818603767589,False,0.10537426191709846,1.8362174511163643,0.06632550270914317,0.6478797075541572,848,0.41197607641127443,0.08196707956177643,0.09511326815269024,-0.07732109591665329,0.05843537941058031,-0.00543131906581773,-0.014682177701492091,16.086128040334255,3.2169659837762463,2.7105571746004324,-3.2079406848937917,1.8048741114981373,-0.3433352370199929,-0.6446189366825631,0.6344231824562656,0.8019553261718767,0.8968318184997274,close,-0.39997800118380294,11.587168039938367,1606,2.218627786155269,0.9948693506347965,False,1069,537,run+ledger,0.6549456867559094,this run,1.5076011055675387,-0.11877412217518679,True,False,False,False,False,False,1,6,False,True,underpowered,2000.0
us_etfs,4h,renko_delta,False,10,3.537759525439197,0.7316751460335407,0.10849308673723645,0.11937040612339511,-0.010877319386158657,0.9660441088408265,0.5753424657534246,3.8569328939451477,73,1.3647948653804192,1.490534927053709,-0.12574006167328977,-0.8962259215822626,0.05606416855666241,0.04292229391393863,1.1712909458921261,9.999434708875071,1769,2023-02-10,2026-08-25,0.07768891405062134,0.11109349480147013,-0.06882372449185425,-0.12952080687813716,0.17279207155734722,14396.421638571534,17574.676013236298,0.12609444755165566,-0.04429365076238783,0.1402995144921708,0.1605,-0.43281257735229123,0.12441334307692001,-0.11970321755980495,,,1,-0.119703,0.6993110999834462,-0.0919517377062451,14902.447524726438,False,-506.02588615490606,0.0,0.000233424571133753,0.1511655197020867,0.7316751460335407,1.3020326723084823,1.5763908091035865,0.27435813679510423,SPY,0.21037381520456644,19649.4012312515,1.4288247116075652,0.1405684051184841,-0.18709518091808564,0.5526769261210435,0.11401986702681488,-0.10718465128883836,-0.005526780289578426,0.9825589746043976,False,1.0,14396.421638571534,-0.06882372449185425,False,0.11483838924363829,2.309019071400638,0.020942522972118294,0.5325600723805086,848,0.29509435742132656,0.10010029347071378,0.09428187052165671,-0.07126920577448737,0.04502620848234075,0.0012590447858064416,-0.11241579403611598,10.332726397591221,4.836528344840828,4.268382970169913,-3.2346500115374877,1.532475311256414,0.07847597878980221,-5.450993262381166,0.24148184953274132,0.6364430522332414,0.7617411910506326,close,-0.24932344857533004,7.511389275206731,1606,2.218627786155269,0.9944483270673916,False,1069,537,run+ledger,0.6549456867559094,this run,1.5451484587969475,-0.18035359341652835,False,False,False,True,False,False,1,6,False,True,underpowered,2000.0
us_etfs,4h,mc_adx_threshold_trend,False,10,3.537759525439197,0.3164688147729414,0.06883296603353162,0.079717231099387,-0.01088426506585538,0.9647908563034148,0.8181818181818182,3.7313390090975775,55,1.2971159511047399,1.490534927053709,-0.19341897594896906,-0.5306722669957331,0.04981442680027137,-0.0033698716262623475,-0.09219864703512791,9.999434708875071,1769,2023-02-10,2026-08-25,0.0523819163280964,0.11109349480147013,-0.08295374433243807,-0.12952080687813716,0.17279207155734722,12655.405431204303,17574.676013236298,0.07531301531543498,-0.09082760051904859,0.3644791483903271,0.339,-0.6967330320883086,0.6054827463587494,1.0372489005528587,,,1,1.037249,0.4715120036659718,-0.06270865399189418,13117.252665197662,False,-461.8472339933599,0.0,0.00018356250483683958,0.23410271677383276,0.3164688147729414,1.2530198744491654,0.829775275214615,-0.4232445992345504,SPY,0.21037381520456644,19649.4012312515,1.4288247116075652,0.1405684051184841,-0.18709518091808564,0.37264359856643503,0.0762337719394075,-0.07331964254316681,-0.007400805905875885,0.9758838441632187,False,1.0,12655.405431204303,-0.08295374433243807,False,0.03740284111936226,0.8535651085757046,0.393345998009885,0.5005884502538648,848,0.21720803373751033,-0.03206639987950123,0.051085720098510694,-0.050727680663709945,0.06222631969926597,-0.018989152130875354,0.03767387915953385,5.699555531176381,-1.1722990284238053,2.2447593732327364,-3.031098484129492,2.8429308819000476,-1.3468101734848488,2.5543524964316444,0.9265402129774245,0.36083034859844465,0.648676724202463,close,-1.1510683946293545,49.22309600711095,1606,2.218627786155269,0.989770585617044,False,1069,537,run+ledger,0.6549456867559094,this run,1.6760104981234756,-0.3788945470187357,True,False,False,False,False,False,1,6,False,True,underpowered,2000.0
us_etfs,4h,CDLDARKCLOUDCOVER,False,10,3.537759525439197,0.008818541548897683,0.0031843937985285287,0.014216766365750866,-0.011032372567222337,0.9620454218846594,0.5,1.7314808441573315,26,0.339353178068637,1.490534927053709,-1.151181748985072,-2.6458289291401615,4.7242759826982006e-05,0.016882072684513607,1.4268216754056182,9.999434708875071,1769,2023-02-10,2026-08-25,0.00950126780277891,0.11109349480147013,-0.01145714811580012,-0.12952080687813716,0.17279207155734722,10113.112138334272,17574.676013236298,0.019592826176985732,-0.011315647090812068,0.43509303882287725,0.004,-1.9338316646447182,-0.2596296849158563,-3.1630174508627382,,,1,-3.163017,0.08552496993418175,-0.01159503614293722,10512.094240334885,False,-398.98210200061345,0.0,0.00011612034438899929,0.43408693385733765,0.008818541548897683,1.2172293612870941,0.27793948078030445,-0.9392898805067897,SPY,0.21037381520456644,19649.4012312515,1.4288247116075652,0.1405684051184841,-0.18709518091808564,0.06759177351959254,0.013622299350565026,-0.013627542213216048,-0.010437905552036497,0.964042976479928,False,1.0,10113.112138334272,-0.01145714811580012,False,0.013888416823784212,1.363727588838021,0.17265331763233593,0.0441292104697103,848,-0.004503433341538073,0.0010322594418464728,-0.004916675210341353,0.013074241969300189,-0.0008167178053548269,-0.00386550570164688,0.0075212139458882875,-2.021859387784966,0.3266611274045052,-0.9274302386823459,1.3582518154444314,-0.16996089443988496,-1.479334261564991,1.5121599751917694,0.1536313017561306,-0.026493255294294436,0.06683275702737668,close,13.445391260543921,404.05113747881387,1606,2.218627786155269,0.7596046988687712,False,1069,537,run+ledger,0.6549456867559094,this run,1.7033613928032278,-1.3640082147345909,False,False,False,False,False,False,0,6,False,False,unrankable,2000.0
us_etfs,4h,mc_rolling_sign_of_midpoint,False,10,3.537759525439197,0.281087871364864,0.07836195345502506,0.08955844994511719,-0.011196496490092134,0.9641168969101866,0.8571428571428571,14.446689899932585,49,1.3145450237480574,1.490534927053709,-0.17598990330565156,-0.7543076770859496,0.048849404241831984,0.016677960785262628,0.3812277921481561,9.999434708875071,1769,2023-02-10,2026-08-25,0.05870597681958566,0.11109349480147013,-0.07682440789443912,-0.12952080687813716,0.17279207155734722,13059.096250972087,17574.676013236298,0.06958438552301642,-0.028899790611553646,0.23331315410382386,0.3115,-0.5993515791932,0.33005347107873173,0.7385698804127296,,,1,0.738570,0.5284375734555503,-0.07007999158767231,13545.137828020683,False,-486.04157704859705,0.0,0.00016490662969173418,0.30786643943612146,0.281087871364864,1.2488798437906323,1.0200137638899685,-0.22886607990066388,SPY,0.21037381520456644,19649.4012312515,1.4288247116075652,0.1405684051184841,-0.18709518091808564,0.41763280141154635,0.08561985240606318,-0.08187594681689403,-0.007257898951038122,0.9765483015778037,False,1.0,13059.096250972087,-0.07682440789443912,False,0.05294576100645838,1.140970354768611,0.25388225979155865,0.38053710582754763,848,0.20541004248941175,-0.008624263484073191,0.033460926486796695,-0.025237406259202497,0.07164388076564415,-0.02103587870609099,0.05165052072695281,6.892724746112167,-0.3694713514586041,1.4676601042849444,-1.3572510906504633,2.8879390752617025,-1.205231840759978,2.5043259837164165,0.703034228321618,0.3209627742543853,0.4751032050428935,close,-0.17106785396466703,51.52122827412136,1606,2.218627786155269,0.9919800223938482,False,1069,537,run+ledger,0.6549456867559094,this run,1.692158447995716,-0.37761342424765854,True,False,False,False,False,False,1,6,False,True,underpowered,2000.0
us_etfs,4h,CDLEVENINGSTAR,False,10,3.537759525439197,0.025551158846806105,0.0007726593141643701,0.01223082097163286,-0.01145816165746849,0.9605254485229042,0.4583333333333333,1.0712519985359152,72,0.09852591908329687,1.490534927053709,-1.3920090079704122,-1.9984979598100667,3.346183709351802e-05,0.012557024662508269,1.664118658589746,9.999434708875071,1769,2023-02-10,2026-08-25,0.008178408803080992,0.11109349480147013,-0.022586593546434997,-0.12952080687813716,0.17279207155734722,10027.361638488677,17574.676013236298,0.015260776550492076,-0.012054086985267238,0.6965276102171782,0.0325,-2.6169384203311723,0.07660013218939764,-2.7105941835504903,,,1,-2.710594,0.07361735102218393,-0.009986563617494282,10439.454419358435,False,-412.0927808697594,0.0,0.00032495197006165744,0.03068952603476527,0.025551158846806105,1.2191635029986039,0.03420875806596894,-1.184954744932635,SPY,0.21037381520456644,19649.4012312515,1.4288247116075652,0.1405684051184841,-0.18709518091808564,0.05818098879465461,0.011720099891397107,-0.011739005195140928,-0.010947440577232737,0.962241928551487,False,1.0,10027.361638488677,-0.022586593546434997,False,0.01048694648831054,1.412451388219711,0.1578170945691526,0.08566563652496384,848,-0.013117327871085027,-0.000708086559729211,-0.003757933022893228,0.005177692545066434,-0.0011144308247582999,-0.0006661627163938324,0.0019781666482765895,-5.0808675376178805,-0.23884167471827447,-1.2028444787657468,1.1772964137422435,-0.33298638153191035,-0.3876225776452833,0.9653159691545767,0.09608871902676563,-0.01831977758953393,0.10206286851320356,close,0.07386513625728254,25.921936815381937,1606,2.218627786155269,0.5734965815570902,False,1069,537,run+ledger,0.6549456867559094,this run,1.7033613928032278,-1.604835473719931,False,False,False,False,False,False,0,6,False,False,unrankable,2000.0
us_etfs,4h,HT_TRENDMODE~MULT|and,False,10,3.537759525439197,0.3728220589158973,0.057720597103992244,0.06957733265361266,-0.011856735549620412,0.9613308871273002,0.42456608811748997,1.5441123184592587,749,1.247275307359773,1.490534927053709,-0.24325961969393584,-0.6287902861534239,0.033425998443719684,0.04420990470431357,1.287570602468171,9.999434708875071,1769,2023-02-10,2026-08-25,0.04583486639399816,0.11109349480147013,-0.040191881882335134,-0.12952080687813716,0.17279207155734722,12196.033291330226,17574.676013236298,0.018763325789650828,-0.008965629367872983,0.38686923931674866,0.246,-0.9789156577238824,0.5284828272615065,0.2513344887625195,,,1,0.251334,0.4125792106541203,-0.05503246533854578,12686.613375936622,False,-490.5800846063957,0.0,0.0025785560170256574,0.1624355490014604,0.3728220589158973,1.2596263002645305,1.4361257647246723,0.17649946446014186,SPY,0.21037381520456644,19649.4012312515,1.4288247116075652,0.1405684051184841,-0.18709518091808564,0.3260680545913876,0.06655710429626738,-0.06439534935796787,-0.008836507192275134,0.9709962201470527,False,1.0,12196.033291330226,-0.040191881882335134,False,0.07427292441566993,2.0824639298147694,0.03730011427753377,0.3050153604874388,848,0.11679689595958435,0.07685646489018481,0.0076229654179848505,-0.03071470509527388,0.04836197198611628,-0.017391662583416363,-0.060795167509832895,6.73501868442344,4.322943805339564,0.4875901787300976,-1.9061453531991026,2.4168337257407293,-1.486014490870824,-4.785315992511623,0.1978954781188853,0.2660517084072289,0.41885268139504706,close,0.27425231156728497,12.01962492610173,1606,2.218627786155269,0.9906950960302077,False,1069,537,run+ledger,0.6549456867559094,this run,1.6502907384476828,-0.4030154310879097,True,False,False,True,False,False,2,6,False,True,underpowered,2000.0
us_etfs,4h,MAXINDEX~FLOOR|gate,False,10,3.537759525439197,0.8399346774700082,0.13105413093794138,0.14309910067895149,-0.012044969741010103,0.9632179398766508,0.5623409669211196,2.060817637252972,393,1.376124748944484,1.490534927053709,-0.11441017810922482,-1.0898671111345422,0.05967564257983882,0.01349404937830972,0.4350867337136485,9.999434708875071,1769,2023-02-10,2026-08-25,0.09261953375050228,0.11109349480147013,-0.111968186037676,-0.12952080687813716,0.17279207155734722,15460.067057346141,17574.676013236298,0.0403331956390481,-0.025147041423222088,0.104976264482488,0.1245,-0.3182285833965165,0.09997448573740007,0.1533532773073174,,,1,0.153353,0.8337079854767213,-0.10888774034333293,16050.435127200755,False,-590.3680698546143,0.0,0.0013376262479040315,0.15791226570380523,0.8399346774700082,1.3149324741573316,1.1704586416523992,-0.1444738325049324,SPY,0.21037381520456644,19649.4012312515,1.4288247116075652,0.1405684051184841,-0.18709518091808564,0.658892968675528,0.13658930157637683,-0.12669984563848113,-0.005535170638435449,0.9828773696903205,False,1.0,15460.067057346141,-0.111968186037676,False,0.10409191756430458,1.8142152544447019,0.0696445925520488,0.64794152617428,848,0.41188749574769495,0.08214474438233557,0.09506516098607407,-0.07727201387490096,0.05814633364816742,-0.005305415165307095,-0.01448882781483325,16.08220717459662,3.2238400201745114,2.708719398852229,-3.2060267067816395,1.7962673817613644,-0.33531041746735685,-0.6361193971303741,0.6634994724532479,0.8017730035227185,0.8968061058478528,close,-0.39904353797372244,11.596723664234522,1606,2.218627786155269,0.994520253528738,False,1069,537,run+ledger,0.6549456867559094,this run,1.5076654080263725,-0.1315406590818884,True,False,False,False,False,False,1,6,False,True,underpowered,2000.0
us_etfs,4h,CDLCOUNTERATTACK,False,10,3.537759525439197,0.003391746749576032,0.00042990447932189646,0.012496382207162648,-0.012066477727840752,0.9584722429839858,0.4,1.1960659498382846,10,0.0556102689786706,1.490534927053709,-1.4349246580750383,-3.523651097895114,2.0839068604561195e-05,-0.00404028012504338,-0.7830531116791637,9.999434708875071,1769,2023-02-10,2026-08-25,0.0083553834532606,0.11109349480147013,-0.009611123886715922,-0.12952080687813716,0.17279207155734722,10015.217284953866,17574.676013236298,0.017908252496504906,-0.009981753095875808,0.4072266572965195,0.0,-2.4436406121975693,-0.8303069953806197,,,,0,,0.07521037544270352,-0.010201858668880459,10449.146919240728,False,-433.9296342868626,0.0,3.8555198640442913e-05,0.13510247502835848,0.003391746749576032,1.2166023893072384,0.04472988636803358,-1.1718725029392048,SPY,0.21037381520456644,19649.4012312515,1.4288247116075652,0.1405684051184841,-0.18709518091808564,0.05943998188083523,0.011974475824753306,-0.011991822363323523,-0.01154457134543141,0.9602221504458347,False,1.0,10015.217284953866,-0.009611123886715922,False,-0.003548650890811459,-0.7640466189322507,0.44483946167572386,0.19068411832663723,848,0.017098802696388284,-0.008512539198698597,-0.002497343424458203,0.002738416677985748,0.008329859660379394,-0.005995640535535524,0.010218744201223668,1.4898936769067928,-1.511720595339801,-0.7648900984012801,0.8820736367546332,1.467478168761528,-1.3786537806612704,1.333973338389263,0.4335959238355427,0.004350820340943015,0.19167451630982024,close,6.296390920745019,468.04136807246283,1606,2.218627786155269,0.5419538097933543,False,1069,537,run+ledger,0.6549456867559094,this run,1.7033613928032278,-1.6477511238245572,False,False,False,False,False,False,0,6,False,False,unrankable,2000.0
us_etfs,4h,HT_TRENDMODE~ADD|and,False,10,3.537759525439197,0.3731047044783619,0.05758475029228949,0.0696607549273871,-0.012076004635097615,0.9606290691217519,0.4247669773635153,1.5417297309628164,751,1.2430626164787077,1.490534927053709,-0.2474723105750012,-0.6247635707580528,0.03286960783210835,0.043613204392589734,1.267097394790951,9.999434708875071,1769,2023-02-10,2026-08-25,0.0458888603732832,0.11109349480147013,-0.0422121773520141,-0.12952080687813716,0.17279207155734722,12190.492719085962,17574.676013236298,0.01871943342438092,-0.008965848346567683,0.39610553841148627,0.2525,-0.9948932965202416,0.5521139440965142,0.25993919519961883,,,1,0.259939,0.41306523352505015,-0.0550959587451465,12690.114333340995,False,-499.6216142550325,0.0,0.0025854530375338473,0.16190295490065743,0.3731047044783619,1.2596594733550068,1.3641738925732507,0.10451441921824389,SPY,0.21037381520456644,19649.4012312515,1.4288247116075652,0.1405684051184841,-0.18709518091808564,0.32645216636415425,0.06663673925331182,-0.06446922534376065,-0.009051988961022328,0.9702987762555398,False,1.0,12190.492719085962,-0.0422121773520141,False,0.07370514951870807,2.0624461425774854,0.03916528010128317,0.3052163074923754,848,0.11721981739296379,0.07724639723437574,0.006958070386186281,-0.030011637331378765,0.04882231168564875,-0.01716130226070246,-0.06086499646329451,6.740799489085418,4.33698592346663,0.4440796839073652,-1.8620366406431321,2.4450620865872392,-1.4665812616601472,-4.7948618182829685,0.20512046699271136,0.26630769253948544,0.41892435817597984,close,0.2655975665843193,11.989230398068225,1606,2.218627786155269,0.9904807218592648,False,1069,537,run+ledger,0.6549456867559094,this run,1.6501617383155593,-0.4070991218368516,True,False,False,True,False,False,2,6,False,True,underpowered,2000.0
us_etfs,4h,mc_peak_trough_ratio,False,10,3.537759525439197,0.19525155455059356,0.05020812733781943,0.06229104352345782,-0.012082916185638393,0.9603375221013766,0.6821192052980133,2.514797625928026,151,1.2122260868129093,1.490534927053709,-0.2783088402407996,-1.01351310332368,0.031013106542374935,0.027303716428968942,0.9094908236218598,9.999434708875071,1769,2023-02-10,2026-08-25,0.04111044402017547,0.11109349480147013,-0.03548274244781624,-0.12952080687813716,0.17279207155734722,11892.33570116147,17574.676013236298,0.02818675189916556,-0.02405126804639236,0.27459816683980026,0.1385,-0.8881104032782499,0.2104887068186511,-0.09604669159302648,,,1,-0.096047,0.3700526668428424,-0.04946476604730188,12383.495830860677,False,-491.1601296992063,0.0,0.0005166546756094408,0.2851798878926901,0.19525155455059356,1.2388612685311662,1.4150013182227816,0.17614004969161545,SPY,0.21037381520456644,19649.4012312515,1.4288247116075652,0.1405684051184841,-0.18709518091808564,0.2924586359610737,0.05960008501147018,-0.05791339918092442,-0.009391957673650753,0.9689935028313816,False,1.0,11892.33570116147,-0.03548274244781624,False,0.05172489324567793,1.6599191922197958,0.09693070994609876,0.3342743405404397,848,0.13963580450282567,-0.00121255852863425,0.036843705113312517,0.00025789732639422414,0.01952569390776887,-0.007625480291649922,0.027023708024369833,5.484933762529141,-0.07549292693444665,2.9413911877012264,0.018104064993709874,1.1690020185501202,-0.6128393634937528,1.631826587160117,0.36309109943724516,0.21612252780269042,0.4242099223004516,close,0.14677582690864394,50.45228430244425,1606,2.218627786155269,0.987704114655374,False,1069,537,run+ledger,0.6549456867559094,this run,1.7033613928032278,-0.4911353059903185,False,False,False,True,False,False,1,6,False,True,underpowered,2000.0
us_etfs,4h,CDLPIERCING,False,10,3.537759525439197,0.008931599773883551,-0.0029970609552332217,0.009144516085867416,-0.012141577041100637,0.9580810718594673,0.4230769230769231,0.6727283045150889,26,-0.48740736153674014,1.490534927053709,-1.977942288590449,-5.226777050778624,1.1136828875768501e-07,-0.009033632506858269,-1.212815733129258,9.999434708875071,1769,2023-02-10,2026-08-25,0.006119787909664021,0.11109349480147013,-0.018326248130390188,-0.12952080687813716,0.17279207155734722,9894.373789396774,17574.676013236298,0.018865052831596018,-0.020564575600064482,0.3784248437181376,0.0,-2.7346246203326476,-1.247064133047973,-1.3827223717866046,,,1,-1.382722,0.05508682502607737,-0.007479680251352705,10327.282398131014,False,-432.9086087342415,0.0,8.966126660647448e-05,-0.28542038762489796,0.008931599773883551,1.2172424248571312,-0.16353925440217265,-1.3807816792593037,SPY,0.21037381520456644,19649.4012312515,1.4288247116075652,0.1405684051184841,-0.18709518091808564,0.043536012978917245,0.008763488791194485,-0.008794413874715135,-0.011760549746427706,0.9593619429966674,False,1.0,9894.373789396774,-0.018326248130390188,False,-0.007477504236993658,-1.0124354767312416,0.3113298828866584,0.06490551985228332,848,0.009340767438897928,-0.0020757826380642234,0.005459538635528149,-0.0004411460563307594,0.00913023177780859,0.0021858023652804397,-0.0007552639993180827,2.5642268998275086,-0.41572266998242763,1.4673582092942363,-0.12117135766140703,2.574485757656272,1.1300859332452897,-0.30201619431141835,0.2252002788092713,0.013771423784879153,0.07959857788566094,close,-2.038287096189551,81.92092147020158,1606,2.218627786155269,0.1754394257658608,False,1069,537,run+ledger,0.6549456867559094,this run,1.7033613928032278,-2.190768754339968,False,False,False,False,False,False,0,6,False,False,unrankable,2000.0
us_etfs,4h,CDLINVERTEDHAMMER,False,10,3.537759525439197,0.053646127755794235,0.011790936828464549,0.02398201896669394,-0.012191082138229392,0.958513385891432,0.567741935483871,1.4371575610150202,155,0.7412628772109066,1.490534927053709,-0.7492720498428024,-1.9965315676183548,0.0017945788644146976,-0.0011586732845561797,-0.08387135197604638,9.999434708875071,1769,2023-02-10,2026-08-25,0.015985704510282965,0.11109349480147013,-0.013457354445817304,-0.12952080687813716,0.17279207155734722,10423.413643440455,17574.676013236298,0.016094669080846044,-0.014709080914916866,0.3752868534588724,0.0155,-1.5149334022752403,-0.05911315115008868,-0.5440175204836296,,,1,-0.544018,0.14389415454838514,-0.019451959214073056,10874.562418078827,False,-451.14877463837246,0.0,0.0005347452212046953,0.24421566019381213,0.053646127755794235,1.222414337793941,0.8761704892248939,-0.346243848569047,SPY,0.21037381520456644,19649.4012312515,1.4288247116075652,0.1405684051184841,-0.18709518091808564,0.11372188861934324,0.0229724401300464,-0.022843725023973804,-0.011181503301581852,0.9618641710471535,False,1.0,10423.413643440455,-0.013457354445817304,False,0.004777004537724107,0.36914777581968167,0.7120175798180783,0.2022967529060249,848,0.03781793417055874,-0.0009032427604318567,-0.0009570953757549894,-0.003773003644183072,0.004048943837053748,-0.0028508101813587137,0.009205063605954066,5.270949847099765,-0.15566665707401603,-0.1632263973349429,-0.636685115391299,0.6191070782867044,-0.7039761670430864,1.5832117172873108,0.9331587170963129,0.05252956091353753,0.24121718721044072,close,3.1406438105047982,52.21202625889665,1606,2.218627786155269,0.9280164965751109,False,1069,537,run+ledger,0.6549456867559094,this run,1.7033613928032278,-0.9620985155923213,False,False,False,False,False,False,0,6,False,False,unrankable,2000.0
us_etfs,4h,mc_kalman_filter_price,False,10,3.537759525439197,0.5009798379498775,0.08699721360429757,0.09943046795812571,-0.012433254353828138,0.9605629075814764,0.6923076923076923,3.2002268333200434,78,1.3155739210945963,1.490534927053709,-0.17496100595911268,-0.3806128059709616,0.04708739027088865,0.01756619932057538,0.45006026401769134,9.999434708875071,1769,2023-02-10,2026-08-25,0.06502066732455182,0.11109349480147013,-0.08227110878025046,-0.12952080687813716,0.17279207155734722,13432.82869132818,17574.676013236298,0.08358409770696683,-0.05876590305493127,0.45968239432401314,0.359,-1.1422135530045896,0.616242642045255,1.0042925418791377,,,1,1.004293,0.5852787999940694,-0.07739798651786656,13984.330006193568,False,-551.501314865388,0.0,0.00026287824068102543,0.1811774505141306,0.5009798379498775,1.2747056359263809,1.0574454981112598,-0.2172601378151211,SPY,0.21037381520456644,19649.4012312515,1.4288247116075652,0.1405684051184841,-0.18709518091808564,0.46255534641476775,0.09502983119565012,-0.09035710632704008,-0.008032617591352542,0.9742893250213869,False,1.0,13432.82869132818,-0.08227110878025046,False,0.07167851361807757,1.4058713111083116,0.1597623417131233,0.5003026904731193,848,0.2580224703617492,0.04293569291379201,0.04579233518520888,-0.04344403847941761,0.07500866475388615,0.002650366482726145,-0.013962418324592952,9.775847523067258,1.6908981957602935,2.0819307351124396,-1.9793720478431114,2.886682634967073,0.20974895089848278,-0.9843611845217374,0.652666987558578,0.4788831528883645,0.6809433985014214,close,-0.25696206601694455,17.318161020002023,1606,2.218627786155269,0.9926230684273167,False,1069,537,run+ledger,0.6549456867559094,this run,1.5918980302690295,-0.2763241091744333,True,False,False,False,False,False,1,6,False,True,underpowered,2000.0
us_etfs,4h,mc_trough_count_reversion,False,10,3.537759525439197,0.40690911374913635,0.07115137343916067,0.08368542369980236,-0.012534050260641694,0.9596787632259394,0.6156351791530945,1.983607176402177,307,1.2787445281256655,1.490534927053709,-0.2117903989280434,-0.5949752152573411,0.042136377527222324,0.014026330183840724,0.36162891033951816,9.999434708875071,1769,2023-02-10,2026-08-25,0.05493544856671996,0.11109349480147013,-0.06423133026395866,-0.12952080687813716,0.17279207155734722,12752.787566293358,17574.676013236298,0.026482605588924565,-0.02138379776957605,0.3559650780351228,0.2615,-0.9248020639063746,0.4860456919892574,1.4262257385160335,,,1,1.426226,0.49449743808035274,-0.06569018254419323,13288.600368132706,False,-535.8128018393483,0.0,0.0010464815297304246,0.18402259756723582,0.40690911374913635,1.263629672008761,1.1077362580965409,-0.1558934139122201,SPY,0.21037381520456644,19649.4012312515,1.4288247116075652,0.1405684051184841,-0.18709518091808564,0.3908093608973885,0.08001909988283429,-0.07678206724403547,-0.008867726443673618,0.9712538299397371,False,1.0,12752.787566293358,-0.06423133026395866,False,0.05872387041765138,1.5267214459890255,0.12683029223948572,0.44005997499455884,848,0.20427477160948226,0.045592379561531685,0.06909482801061634,-0.029198620395866806,0.03100350073994195,-0.0035513032352510777,-0.010994480836284699,7.916719126279207,2.781919543802507,2.9621628283969743,-1.9268658030506944,1.2866376211770478,-0.2532802512426821,-0.6512505116408525,0.7176293574918748,0.39556428645503006,0.608977544183156,close,-0.6520838642939415,14.038283166453327,1606,2.218627786155269,0.9905842304889185,False,1069,537,run+ledger,0.6549456867559094,this run,1.6347333225136071,-0.3559887943879416,True,False,False,False,False,False,1,6,False,True,underpowered,2000.0
us_etfs,4h,MAXINDEX~CEIL|or,False,10,3.537759525439197,0.986941775014132,0.12757874644523448,0.14035607160091024,-0.012777325155675756,0.96092087360446,0.4065573770491803,1.784593363239456,610,1.3665281468013877,1.490534927053709,-0.12400678025232126,-0.9089274815730467,0.057002143183945864,0.03292866743718648,0.7863716862247379,9.999434708875071,1769,2023-02-10,2026-08-25,0.09090135066726934,0.11109349480147013,-0.1314871360463179,-0.12952080687813716,0.17279207155734722,15292.663279203378,17574.676013236298,0.04116392132734198,-0.015802309963057357,0.1364319846922302,0.1695,-0.4307694108798568,0.11086466545441293,0.01790802173598527,,,1,0.017908,0.8182418856271899,-0.10695067584562501,15914.591616518714,False,-621.9283373153362,0.0,0.002336598928767329,0.12937153284355785,0.986941775014132,1.3325211844517633,0.9702754982836751,-0.36224568616808817,SPY,0.21037381520456644,19649.4012312515,1.4288247116075652,0.1405684051184841,-0.18709518091808564,0.6466698586403484,0.13398187961065888,-0.12447145177618668,-0.006403133165424402,0.9801664279483501,False,1.0,15292.663279203378,-0.1314871360463179,False,0.11642206091643044,1.8610347536590621,0.06273926901693416,0.5764041281532081,848,0.37300171354480227,0.11248018353171496,0.09647820184367023,-0.06882457976989248,0.05048327101550699,-0.0002557937340037092,-0.04068761208856887,13.231778791819288,4.711196570867515,2.9422582402130346,-2.598088185255284,1.5802492811557276,-0.01486027609731755,-1.5972891676535181,0.4316497661063705,0.738899824074514,0.7954842960559068,close,-0.335237122024127,8.819036892548244,1606,2.218627786155269,0.9943711171532644,False,1069,537,run+ledger,0.6549456867559094,this run,1.4877006853447827,-0.12117253854339505,False,False,False,False,False,False,0,6,False,True,underpowered,2000.0
us_etfs,4h,MAXINDEX~FLOOR|or,False,10,3.537759525439197,0.986941775014132,0.12757874644523448,0.14035607160091024,-0.012777325155675756,0.96092087360446,0.4065573770491803,1.784593363239456,610,1.3665281468013877,1.490534927053709,-0.12400678025232126,-0.9089274815730467,0.057002143183945864,0.03292866743718648,0.7863716862247379,9.999434708875071,1769,2023-02-10,2026-08-25,0.09090135066726934,0.11109349480147013,-0.1314871360463179,-0.12952080687813716,0.17279207155734722,15292.663279203378,17574.676013236298,0.04116392132734198,-0.015802309963057357,0.1364319846922302,0.1695,-0.4307694108798568,0.11086466545441293,0.01790802173598527,,,1,0.017908,0.8182418856271899,-0.10695067584562501,15914.591616518714,False,-621.9283373153362,0.0,0.002336598928767329,0.12937153284355785,0.986941775014132,1.3325211844517633,0.9702754982836751,-0.36224568616808817,SPY,0.21037381520456644,19649.4012312515,1.4288247116075652,0.1405684051184841,-0.18709518091808564,0.6466698586403484,0.13398187961065888,-0.12447145177618668,-0.006403133165424402,0.9801664279483501,False,1.0,15292.663279203378,-0.1314871360463179,False,0.11642206091643044,1.8610347536590621,0.06273926901693416,0.5764041281532081,848,0.37300171354480227,0.11248018353171496,0.09647820184367023,-0.06882457976989248,0.05048327101550699,-0.0002557937340037092,-0.04068761208856887,13.231778791819288,4.711196570867515,2.9422582402130346,-2.598088185255284,1.5802492811557276,-0.01486027609731755,-1.5972891676535181,0.4316497661063705,0.738899824074514,0.7954842960559068,close,-0.335237122024127,8.819036892548244,1606,2.218627786155269,0.9943711171532644,False,1069,537,run+ledger,0.6549456867559094,this run,1.4877006853447827,-0.12117253854339505,False,False,False,False,False,False,0,6,False,True,underpowered,2000.0
us_etfs,4h,CDLGAPSIDESIDEWHITE,False,10,3.537759525439197,0.015608316060548962,-0.002342550596187265,0.01057274647974693,-0.012915297075934196,0.955515217359243,0.41304347826086957,0.8066497872705697,46,-0.3280559240021451,1.490534927053709,-1.8185908510558542,-2.1945508531195306,9.30556976919128e-07,-0.010678146918543538,-1.3903361268598038,9.999434708875071,1769,2023-02-10,2026-08-25,0.007072868171870226,0.11109349480147013,-0.02557218157631569,-0.12952080687813716,0.17279207155734722,9917.372232799036,17574.676013236298,0.01728661889563817,-0.015080469781732789,0.8286847618366859,0.007,-3.434850118761759,-0.22333127045573722,-3.520616235390743,,,1,-3.520616,0.06366590757190428,-0.008640867107753802,10379.083506600422,False,-461.7112738013851,0.0,0.00017405136804754103,-0.13951539756066944,0.015608316060548962,1.2180140209435766,-0.09160542635740067,-1.3096194473009772,SPY,0.21037381520456644,19649.4012312515,1.4288247116075652,0.1405684051184841,-0.18709518091808564,0.05031620132496031,0.010131770230387582,-0.010158530490900097,-0.012474320826574847,0.9569917520095724,False,1.0,9917.372232799036,-0.02557218157631569,False,-0.010195869992491656,-1.3825852308873399,0.16679208017848834,0.038275783934526686,848,0.0025186988684586,0.008328430177928638,0.0032022722488568526,0.006239718175762877,-0.009165540575505896,0.003709921818088874,-0.0021099364447283073,0.8397082877600098,2.502390615460879,0.8379421880151371,1.8251676153594598,-2.1257477136952363,1.9061791117157802,-0.869672535708739,0.1644268323773148,0.00426805428507971,0.03948704936187841,close,0.36597657402721706,63.234570909843,1606,2.218627786155269,0.26954410376670423,False,1069,537,run+ledger,0.6549456867559094,this run,1.7033613928032278,-2.031417316805373,False,False,False,False,False,False,0,6,False,False,unrankable,2000.0
us_etfs,4h,donchian_s2,False,10,3.537759525439197,0.4675083223415615,0.07389221981985239,0.08735441181799342,-0.013462191998141027,0.9568838344857536,0.6341463414634146,4.057631470342228,82,1.273035102703207,1.490534927053709,-0.21749982435050197,-0.9781620318110451,0.03856311762256914,0.03379801816341176,0.8791276310533136,9.999434708875071,1769,2023-02-10,2026-08-25,0.057292186485027104,0.11109349480147013,-0.040011897061975055,-0.12952080687813716,0.17279207155734722,12868.60579094632,17574.676013236298,0.06629726594862635,-0.028320773292880352,0.22235561929121897,0.143,-0.6610396930943979,0.21017744900258767,-0.44831371261595954,,,1,-0.448314,0.515711442757393,-0.06843576941075102,13448.451449555667,False,-579.8456586093481,0.0,0.00026649634980007505,0.16472905331862697,0.4675083223415615,1.270760053643806,1.846756221165909,0.575996167522103,SPY,0.21037381520456644,19649.4012312515,1.4288247116075652,0.1405684051184841,-0.18709518091808564,0.40757513352119157,0.08351822134020082,-0.07996856656858098,-0.009626001520348426,0.9689231467567507,False,1.0,12868.60579094632,-0.040011897061975055,False,0.0769235577481723,1.868365184758974,0.06171118639723483,0.39084306751497433,848,0.15692115720076877,0.08076062066249705,0.07101015293024251,-0.07211794912638071,0.010337178986024452,0.02170387099299846,-0.10429251537851426,7.65765720555844,4.545488706740316,4.558068871899928,-3.3321431360901235,0.451780607536888,1.637386248751647,-6.861868235097783,0.3793320775741802,0.3816523952906484,0.5440167948577882,close,-0.05511742575115527,11.758806093123326,1606,2.218627786155269,0.9913366766780801,False,1069,537,run+ledger,0.6549456867559094,this run,1.6070756941863613,-0.33404059148315435,False,False,False,True,False,False,1,6,False,True,underpowered,2000.0
us_etfs,4h,CDLINNECK,False,10,3.537759525439197,0.002713397399660826,-0.0012947284943405357,0.012525472835069662,-0.013820201329410198,0.952542744012015,0.5,0.4595687017691856,8,-0.1505069303090602,1.490534927053709,-1.6410418573627692,-4.243972748555508,2.8107127151288935e-06,0.0014755079772680423,0.2784808747529041,9.999434708875071,1769,2023-02-10,2026-08-25,0.008374768424600743,0.11109349480147013,-0.016450840499128483,-0.12952080687813716,0.17279207155734722,9954.270819377069,17574.676013236298,0.01044582447060688,-0.022729625473610265,0.38667587060292025,0.0,-2.531442193822307,-1.0082877444608036,,,,0,,0.07538486784997529,-0.010225439002983117,10450.209066157675,False,-495.93824678060616,0.0,3.5728274231743834e-05,-0.37964945235790826,0.002713397399660826,1.2165240287558048,-0.07870287809362243,-1.2952269068494273,SPY,0.21037381520456644,19649.4012312515,1.4288247116075652,0.1405684051184841,-0.18709518091808564,0.059577886065803415,0.01200234092214636,-0.012019511669421834,-0.013297069416486895,0.9542858641626524,False,1.0,9954.270819377069,-0.016450840499128483,False,0.0007764806195220055,0.16325909215290263,0.8703144414380364,0.19203383328478207,848,-0.017339174729825824,0.007704409397521537,0.002533756521663644,-0.0022630781427206235,-0.007922642815700395,0.006603455975371353,-0.01001408049693649,-1.517804175584362,1.377927486963696,0.8007811303396897,-0.7331407426981145,-1.4058051480299265,1.5308359831970078,-1.3129879409657799,0.7806432443558124,-0.0061862522307255495,0.19400417202165332,close,-6.30842977906569,462.6439997912937,1606,2.218627786155269,0.3865096924020488,False,1069,537,run+ledger,0.6549456867559094,this run,1.7033613928032278,-1.853868323112288,False,False,False,False,False,False,0,6,False,False,unrankable,1989.0
us_etfs,4h,dual_thrust,False,10,3.537759525439197,0.023911814584511023,0.0017877214473041025,0.016057967931809802,-0.0142702464845057,0.9511922783752895,0.49160671462829736,1.1276468363396952,417,0.17184827787007528,1.490534927053709,-1.3186866491836335,-3.3025035145630772,2.03729876163683e-05,0.005859156910027016,0.8690148076113041,9.999434708875071,1769,2023-02-10,2026-08-25,0.01072645730765805,0.11109349480147013,-0.012727267644075169,-0.12952080687813716,0.17279207155734722,10063.388883120346,17574.676013236298,0.003706002817837169,-0.003177976193237446,0.3992990903321102,0.0,-2.238944766025576,-0.6551034831739772,-2.6867896847026973,,,1,-2.686790,0.09655342400404983,-0.013083051787037392,10579.763011017496,False,-516.3741278971501,0.0,0.0014380287759576933,0.07755690573229312,0.023911814584511023,1.2189739442424918,0.1404638841029109,-1.078510060139581,SPY,0.21037381520456644,19649.4012312515,1.4288247116075652,0.1405684051184841,-0.18709518091808564,0.07630773998336822,0.015385654768698354,-0.015374105814209615,-0.013597933321394251,0.95342226399544,False,1.0,10063.388883120346,-0.012727267644075169,False,0.0062191445192531745,0.9059314477301108,0.3649721379405255,0.030808147730424285,848,0.0038021087272772603,0.006003790068038336,0.0008226463459261001,-0.0002908118149848619,0.003101913666657899,-0.0005521620270646947,-0.005505711541696712,1.7706461500819115,2.232378071093185,0.2396781057946165,-0.12941847879399432,0.7890384861477973,-0.34618250325977445,-1.4108604944218393,0.38483903158784516,0.0031858183030054536,0.031465660498631864,close,16.529241344378757,462.5653429574223,1606,2.218627786155269,0.6347673817380062,False,1069,537,run+ledger,0.6549456867559094,this run,1.7033613928032278,-1.5315131149331527,False,False,False,False,False,False,0,6,False,False,unrankable,2000.0
us_etfs,4h,tsmom12,False,10,3.537759525439197,0.6513786822435776,0.11690521296657663,0.13172980648372534,-0.01482459351714871,0.9544237678056131,0.4852941176470588,12.317497945086453,68,1.336273081936027,1.490534927053709,-0.15426184511768204,-0.8034865083169592,0.052552131016047055,0.002280981353703625,0.050621413244626136,9.999434708875071,1769,2023-02-10,2026-08-25,0.0854848667037404,0.11109349480147013,-0.10028340458426988,-0.12952080687813716,0.17279207155734722,14786.663377934698,17574.676013236298,0.15655851987114613,-0.01198395318543859,0.19199058543099873,0.1845,-0.5626079142319989,0.19694114691561684,-0.02353443028445068,,,1,-0.023534,0.7694857998346917,-0.10082395980359826,15492.765244029722,False,-706.1018660950258,0.0,0.00021414683348380803,0.184990600274465,0.6513786822435776,1.2924954653159373,1.1657483454138133,-0.12674711990212395,SPY,0.21037381520456644,19649.4012312515,1.4288247116075652,0.1405684051184841,-0.18709518091808564,0.60813713175223,0.1257793535057823,-0.11741704354989757,-0.008874140539205655,0.9723908337622135,False,1.0,14786.663377934698,-0.10028340458426988,False,0.07912487459292517,1.2639998872216571,0.20623006743063232,0.5377521681795937,848,0.31729817620130457,0.08909900207955884,0.06627446550967377,-0.09657645128604164,0.10194939182203752,0.07737178027783163,-0.022404996147686686,10.716295242335754,3.344874765957738,2.1731601546757076,-3.7056513137425977,3.4937265364020487,5.0925960155546655,-1.020638805724117,0.9596271993971706,0.6800530776099875,0.7502755999008384,close,-0.6457432179455173,11.699751051327082,1606,2.218627786155269,0.9929419520871395,False,1069,537,run+ledger,0.6549456867559094,this run,1.561420247348204,-0.22514716541217705,False,False,False,False,False,False,0,6,False,True,underpowered,2000.0
us_etfs,4h,voltgt_tsmom,False,10,3.537759525439197,0.5688629717175413,0.09422959969085176,0.10909107097129889,-0.014861471280447125,0.9533956152010336,0.5339506172839507,1.230372234697104,6804,1.3009529079569622,1.490534927053709,-0.18958201909674677,-0.9311416392206395,0.04483213271700587,0.01913273436962563,0.5091389569667052,9.999434708875071,1769,2023-02-10,2026-08-25,0.0711724718493453,0.11109349480147013,-0.07881426826048998,-0.12952080687813716,0.17279207155734722,13751.697859919826,17574.676013236298,0.004821632121228944,-0.004489797000917333,0.20360169829310382,0.156,-0.6120752789399674,0.19626999811686902,0.12677167151559154,,,1,0.126772,0.6406538202487394,-0.08448658025634981,14423.915571522883,False,-672.2177116030559,0.0,0.00034250359410459627,0.17151666087143136,0.5688629717175413,1.2827229616784876,1.1955906179248201,-0.08713234375366752,SPY,0.21037381520456644,19649.4012312515,1.4288247116075652,0.1405684051184841,-0.18709518091808564,0.5063191247660137,0.10423299708778333,-0.09855976594328197,-0.010003397396931568,0.9683176474372384,False,1.0,13751.697859919826,-0.07881426826048998,False,0.07835279185220223,1.5701548167782358,0.1163790982961177,0.5107257845756129,848,0.24730965946105607,0.09888359283622687,0.056146406116479794,-0.07545847029601493,0.07297030696766607,0.06537292062524633,-0.03569199363529898,9.683625170800564,4.431178440573345,2.457790321923291,-3.597212426207129,2.929365499691505,5.038090311874793,-1.8564453937791376,0.6106548269526129,0.5240856579441386,0.6962681119866119,close,-0.4438093068480467,10.35309710070727,1606,2.218627786155269,0.9919362110678837,False,1069,537,run+ledger,0.6549456867559094,this run,1.578141758239997,-0.27718885028303486,True,False,False,False,False,False,1,6,False,True,underpowered,2000.0
us_etfs,4h,CDLSEPARATINGLINES,False,10,3.537759525439197,0.022611644997173545,-0.003539399413810207,0.011724621159003634,-0.015264020572813841,0.9476392681819042,0.5,0.7109218978115129,66,-0.44827716287604424,1.490534927053709,-1.9388120899297532,-3.6191217304197725,2.6370483069415585e-07,-0.003482382363737025,-0.46700631595902947,9.999434708875071,1769,2023-02-10,2026-08-25,0.007840998545900545,0.11109349480147013,-0.013764121310579802,-0.12952080687813716,0.17279207155734722,9875.345891926985,17574.676013236298,0.009348679466770612,-0.013150079489110393,0.5357134228543552,0.0,-2.9129849655267708,-0.8456152899566958,-2.8929370796335188,,,1,-2.892937,0.07058017717340533,-0.009575999195806095,10420.996916762806,False,-545.6510248358204,0.0,0.0002582987114218614,-0.14513148494963868,0.022611644997173545,1.2188236145888396,-0.2571467755874576,-1.4759703901762973,SPY,0.21037381520456644,19649.4012312515,1.4288247116075652,0.1405684051184841,-0.18709518091808564,0.05578066094789526,0.011235209636572652,-0.011256856427281803,-0.014774609050382859,0.9492627971855069,False,1.0,9875.345891926985,-0.013764121310579802,False,-0.0029676129404277597,-0.39980248021433273,0.6893020038040039,0.0217080635693212,848,0.002977211351298507,0.005692178972966069,0.0011197587787508912,0.00244354407929782,-0.00036013962389673136,0.004904834119166049,-0.004235409897485868,1.0395958933168736,2.064658400552588,0.31293109360680715,0.8565372038085839,-0.08244456073345711,1.8021243787564485,-1.4846268804407043,0.6404953592905493,0.004555606383596216,0.022746172510813567,close,-0.17123332847471326,29.937980228156015,1606,2.218627786155269,0.19957377772212775,False,1069,537,run+ledger,0.6549456867559094,this run,1.7033613928032278,-2.151638555679272,False,False,False,False,False,False,0,6,False,False,unrankable,2000.0
us_etfs,4h,CDLMATCHINGLOW,False,10,3.537759525439197,0.08621317756422336,0.011222670179783734,0.02689746166608753,-0.015674791486303796,0.9470366035147544,0.5555555555555556,1.2810950780435422,243,0.6319022963989783,1.490534927053709,-0.8586326306547306,-1.6432743496009805,0.001387375101782773,0.004724955838040568,0.3008649335545065,9.999434708875071,1769,2023-02-10,2026-08-25,0.017915183585301503,0.11109349480147013,-0.019951148496326954,-0.12952080687813716,0.17279207155734722,10402.71746596498,17574.676013236298,0.013880120694271754,-0.01354321873934324,0.5225132558438726,0.0435,-1.8986689389857814,0.11158330763152527,-3.378365736700994,,,1,-3.378366,0.16126221987450184,-0.02178101009605915,10984.49355321345,False,-581.7760872484689,0.0,0.0008339176189861976,0.13820044944701437,0.08621317756422336,1.2261877792190214,0.5625074757901707,-0.6636803034288508,SPY,0.21037381520456644,19649.4012312515,1.4288247116075652,0.1405684051184841,-0.18709518091808564,0.12744815287760378,0.025762883256526647,-0.025572898291018165,-0.014540213076742914,0.9507476128992406,False,1.0,10402.71746596498,-0.019951148496326954,False,0.012793129434615563,0.8181486480766469,0.4132723133044709,0.24682516742607274,848,0.04882995023025084,0.015003947191038602,0.0074419356644939375,-0.005397342739884216,0.002921909102345666,-0.0019246828302246395,-0.0007870631930680967,7.110183254127472,2.4363436821462763,1.0065106642673578,-0.8380798830879239,0.3544919999362303,-0.5154826545339678,-0.16652748839408538,0.7635174910552109,0.0714017217732792,0.2984079366825412,close,0.29757672624995474,16.263043559370875,1606,2.218627786155269,0.8832523434289866,False,1069,537,run+ledger,0.6549456867559094,this run,1.7033613928032278,-1.0714590964042494,False,False,False,False,False,False,0,6,False,False,unrankable,2000.0
us_etfs,4h,HT_TRENDMODE~CEIL|and,False,10,3.537759525439197,0.3673827020915772,0.052696135662293475,0.06939605860021003,-0.016699922937916556,0.9458395421642979,0.40960809102402024,1.4775262013827748,791,1.1461992213607137,1.490534927053709,-0.3443357056929952,-0.8438301683802392,0.021856214975634836,0.03635092963964111,1.0686152163011706,9.999434708875071,1769,2023-02-10,2026-08-25,0.04571753160101978,0.11109349480147013,-0.04351050151144775,-0.12952080687813716,0.17279207155734722,11992.307397011155,17574.676013236298,0.018273197381436467,-0.008580399006410314,0.40806280528457445,0.184,-1.1201717086429397,0.47441448358543975,-0.11094374209986713,,,1,-0.110944,0.41152303006327595,-0.05489447650208945,12679.008290951766,False,-686.7008939406105,0.0,0.0027230793757255147,0.15002661165570497,0.3673827020915772,1.2589879757628508,1.2111130378129278,-0.047874937949923035,SPY,0.21037381520456644,19649.4012312515,1.4288247116075652,0.1405684051184841,-0.18709518091808564,0.32523333790751063,0.06638405860678898,-0.06423479290652445,-0.0136879229444955,0.9553246669901884,False,1.0,11992.307397011155,-0.04351050151144775,False,0.06700554539594712,1.8689252698257912,0.06163321205207284,0.3028125593841623,848,0.11805929372232103,0.07021927637134737,0.008275444197971674,-0.03559157503925764,0.052834087569961954,-0.019041128688685793,-0.0546129424509194,7.267240454366793,4.062602827345849,0.5300678395995907,-2.208345464924939,2.6861406044083918,-1.6606658805300947,-4.453365426316752,0.28524308919130537,0.27128721501824177,0.4210712475346263,close,0.16411969148994604,13.377961294569571,1606,2.218627786155269,0.9844414885798427,False,1069,537,run+ledger,0.6549456867559094,this run,1.6527732743236565,-0.5065740529629428,False,False,False,False,False,False,0,6,False,True,underpowered,2000.0
us_etfs,4h,mc_rolling_window_complexity_index,False,10,3.537759525439197,0.2674580742415678,0.07543851066855778,0.09222753910801251,-0.016789028439454734,0.9466721202377807,0.9302325581395349,35.26938032201055,43,1.2341050321813745,1.490534927053709,-0.2564298948723345,-0.8562449771833126,0.0370713915551113,0.015312606800374324,0.3243100636202146,9.999434708875071,1769,2023-02-10,2026-08-25,0.06041612794180508,0.11109349480147013,-0.08306220165680045,-0.12952080687813716,0.17279207155734722,12934.278303952655,17574.676013236298,0.06700782465812086,-0.02533182193594456,0.2994819259738976,0.256,-0.64817558023144,0.4904301679583771,0.5958749203301303,,,1,0.595875,0.5438313741931681,-0.07206603852265991,13662.891330003342,False,-728.6130260506862,0.0,0.00014421556816716281,0.31248835716396184,0.2674580742415678,1.247286597193987,0.908217085073876,-0.33906951212011105,SPY,0.21037381520456644,19649.4012312515,1.4288247116075652,0.1405684051184841,-0.18709518091808564,0.42979877228372027,0.08816456066509382,-0.084178973703391,-0.012726049996536037,0.9592363094946015,False,1.0,12934.278303952655,-0.08306220165680045,False,0.05151533878898022,1.0232270233983045,0.30620051872316556,0.40743086682591845,848,0.22503865243979393,-0.02355360351263243,0.030399399369691077,-0.019426261123549476,0.06653113363794505,-0.030763311363889746,0.055538840648412295,5.820326165544549,-0.8293532145833866,1.2250466370980877,-1.0675746424426864,2.5704916662986084,-1.5928935827832988,2.6094654732816585,0.7457033014171905,0.3203869334170451,0.4952812294029729,close,-0.5889537612782645,56.463337959990056,1606,2.218627786155269,0.9874033093242877,False,1069,537,run+ledger,0.6549456867559094,this run,1.6983791210336638,-0.4642740888522894,True,False,False,False,False,False,1,6,False,True,underpowered,2000.0
us_etfs,4h,sma_fan_dip,False,10,3.537759525439197,0.03600904465799887,0.008389209622722271,0.025216956950822045,-0.016827747328099774,0.9431310254205381,0.8461538461538461,5.01748396439466,26,0.5055643492146511,1.490534927053709,-0.9849705778390578,-4.215337440696595,0.00045616245657320587,-0.008680151461468971,-0.7514173780582238,9.999434708875071,1769,2023-02-10,2026-08-25,0.016803363018088092,0.11109349480147013,-0.020999499987364723,-0.12952080687813716,0.17279207155734722,10299.962963492602,17574.676013236298,0.015483176588199744,-0.016972146167162194,0.2336635184480721,0.0,-1.4677969922549063,-0.5565630277959834,-0.9989659399303086,,,1,-0.998966,0.15125424803780435,-0.020439438177699,10921.030785621639,False,-621.0678221290377,0.0,8.966126660647435e-05,0.2611238411745569,0.03600904465799887,1.2203730893384757,0.399495684552966,-0.8208774047855096,SPY,0.21037381520456644,19649.4012312515,1.4288247116075652,0.1405684051184841,-0.18709518091808564,0.11953869010553729,0.024154489959699266,-0.02400100632944524,-0.015765280336976994,0.9465969724704756,False,1.0,10299.962963492602,-0.020999499987364723,False,-0.0013270579195888898,-0.1035832321692604,0.917500094864709,0.37591003499398823,848,0.058095114485721265,-0.005509457011505698,-0.006826137380953969,0.007826519072792248,0.02918937194658365,0.003059879586471092,0.022073366737544058,6.848642161743161,-0.9170923887307038,-1.1909581929015418,1.3279376976090183,3.6875969582354418,0.6500257085414222,4.325463144840245,0.45240150743082586,0.06507340638692932,0.42189136149193374,close,2.842193547192691,61.57448819661082,1606,2.218627786155269,0.8361366331575454,False,1069,537,run+ledger,0.6549456867559094,this run,1.7033613928032278,-1.1977970435885767,False,False,False,False,False,False,0,6,False,False,unrankable,2000.0
us_etfs,4h,CDLTHRUSTING,False,10,3.537759525439197,0.012662521198417187,-0.00703760539246856,0.010036961136010047,-0.017074566528478607,0.9414663070675152,0.3611111111111111,0.3870999123187996,36,-1.0483194740308144,1.490534927053709,-2.5388544010845235,-6.538666421916476,1.0511876369356798e-09,-0.0053756055562419434,-0.77521652083156,9.999434708875071,1769,2023-02-10,2026-08-25,0.006715416250067095,0.11109349480147013,-0.024675826510226817,-0.12952080687813716,0.17279207155734722,9753.241734897732,17574.676013236298,0.011931909026470388,-0.01742217520232402,0.3882832120896585,0.0,-3.39220134007071,-1.83808927487773,-3.3564924878332345,,,1,-3.356492,0.06044833013911295,-0.008205481081375532,10359.629082507676,False,-606.3873476099435,0.0,0.00016213796140114825,-0.4275026837394901,0.012662521198417187,1.217673560563562,-0.2852024182270793,-1.5028759787906414,SPY,0.21037381520456644,19649.4012312515,1.4288247116075652,0.1405684051184841,-0.18709518091808564,0.04777329759419778,0.009618487959665023,-0.009647093256951678,-0.016656093352133583,0.9428475555707143,False,1.0,9753.241734897732,-0.024675826510226817,False,-0.006125974032521238,-0.9526493437974816,0.34076776728146463,0.0622300339831412,848,-0.009511108179673735,4.028780604679264e-05,-0.0025193213640490675,0.0027401491494646393,0.0024232626227856636,0.0018981761189212811,-0.0005643183664756914,-3.737626415378641,0.012244923714591996,-0.9402847044476591,0.9671979902254922,0.9082015455241992,1.1901945803749132,-0.38181424693559607,0.43821172757029947,-0.006640610855656085,0.06524345539201726,close,0.3132385110009503,68.65857355353076,1606,2.218627786155269,0.027302124637270386,False,1069,537,run+ledger,0.6549456867559094,this run,1.7033613928032278,-2.7516808668340422,False,False,False,False,False,False,0,6,False,False,unrankable,2000.0
us_etfs,4h,HT_TRENDMODE~FLOOR|and,False,10,3.537759525439197,0.36726964386659133,0.052283220719185675,0.06936283467092075,-0.017079613951735073,0.9446315042891504,0.4085750315258512,1.4729116634475745,793,1.1381308513305282,1.490534927053709,-0.3524040757231808,-0.8719827630204594,0.021075122180532146,0.03551990236520008,1.0460384399477298,9.999434708875071,1769,2023-02-10,2026-08-25,0.045696025348855314,0.11109349480147013,-0.043510501511449196,-0.12952080687813716,0.17279207155734722,11975.674324968231,17574.676013236298,0.018261615814776776,-0.008565143987017314,0.4041411030907182,0.1805,-1.1224937245524005,0.4572193967118645,-0.11094374209986713,,,1,-0.110944,0.41132944310120495,-0.05486918298029231,12677.61478480448,False,-701.9404598362499,0.0,0.0027299763962337054,0.14884822918384,0.36726964386659133,1.2589747095253534,1.2016230312911484,-0.05735167823420495,SPY,0.21037381520456644,19649.4012312515,1.4288247116075652,0.1405684051184841,-0.18709518091808564,0.3250803429855981,0.06635234257103284,-0.06420536221105799,-0.014069121851847166,0.954100037778179,False,1.0,11975.674324968231,-0.043510501511449196,False,0.06614656449677052,1.8476957977466246,0.06464636223731501,0.30292111311784975,848,0.11796909185856928,0.07037052354431453,0.00835703633059802,-0.03554916305814779,0.05271315379318095,-0.018803472639059647,-0.05438759256698543,7.265770606012388,4.074298719662825,0.5349073166828738,-2.206664042270504,2.6798083327900186,-1.64022677761438,-4.431690081564073,0.29554328518994,0.27103983103325036,0.4211026085810806,close,0.1637578840514781,13.400505184312856,1606,2.218627786155269,0.9838396921285391,False,1069,537,run+ledger,0.6549456867559094,this run,1.652824874376506,-0.5146940230459778,False,False,False,False,False,False,0,6,False,True,underpowered,2000.0
us_etfs,4h,MAXINDEX~ADD|or,False,10,3.537759525439197,0.9892594686263424,0.12223988889570969,0.13938853181170185,-0.017148642915992163,0.9477631328728526,0.4178082191780822,1.7641587878269192,584,1.3225226449592768,1.490534927053709,-0.16801228209443209,-1.2284256714563686,0.048069889193042614,0.018992582769381247,0.4467508181675946,9.999434708875071,1769,2023-02-10,2026-08-25,0.09029482293881916,0.11109349480147013,-0.11444218484812874,-0.12952080687813716,0.17279207155734722,15038.037605484893,17574.676013236298,0.04060569683697615,-0.01651810432689622,0.13677040947479058,0.0885,-0.4598955834727907,0.07289502902761218,0.09347423566116886,,,1,0.093474,0.8127822704666976,-0.10626614469051743,15866.87336096489,False,-828.8357554799975,0.0,0.0022552476335381986,0.12364594491087733,0.9892594686263424,1.3327991197068807,1.0681366233782494,-0.26466249632863126,SPY,0.21037381520456644,19649.4012312515,1.4288247116075652,0.1405684051184841,-0.18709518091808564,0.6423550360602748,0.13306207267413805,-0.12368374158473128,-0.010822183778428363,0.966617411283917,False,1.0,15038.037605484893,-0.11444218484812874,False,0.10139140953541756,1.6619868980097492,0.09651540153262372,0.5464832104446042,848,0.3572012013099152,0.10293290005241376,0.09179329960656807,-0.08130356507456149,0.054632452137538375,0.00010951600326795236,-0.035674764389676684,11.38909719562585,3.9514916410623737,2.373669007030088,-3.007710090702159,1.5130455857066638,0.005985151858757956,-1.2585873341857616,0.6550549853641834,0.7292131277010107,0.7631918126766885,close,-0.31732745144424457,8.779154547563678,1606,2.218627786155269,0.9929679761402996,False,1069,537,run+ledger,0.6549456867559094,this run,1.4877006853447827,-0.16517804038550588,False,False,False,False,False,False,0,6,False,True,underpowered,2000.0
us_etfs,4h,CDLHAMMER,False,10,3.537759525439197,0.12082155643489731,0.020032917266033623,0.03733714680029676,-0.017304229534263138,0.9422237295872214,0.5457227138643068,1.360119724419459,339,0.8122017338499793,1.490534927053709,-0.6783331932037296,-2.1438785395798483,0.004859380692175175,-0.020017922549399877,-0.863981876624609,9.999434708875071,1769,2023-02-10,2026-08-25,0.0248003447469319,0.11109349480147013,-0.025633245843248664,-0.12952080687813716,0.17279207155734722,10726.917046867457,17574.676013236298,0.01484919664201687,-0.013115257665274908,0.31640467530248595,0.01,-1.2851024805745217,-0.07625751291376255,-0.1316946064051796,,,1,-0.131695,0.22323849646868532,-0.030059117910658406,11384.6814827799,False,-657.7644359124446,0.0,0.0011670097897588016,0.17841095822702502,0.12082155643489731,1.2302037438381532,0.781520896282042,-0.4486828475561112,SPY,0.21037381520456644,19649.4012312515,1.4288247116075652,0.1405684051184841,-0.18709518091808564,0.17642901138437098,0.035750956123891786,-0.03526271854412,-0.015718038857858163,0.9473385002537061,False,1.0,10726.917046867457,-0.025633245843248664,False,-0.004847172214388709,-0.22150857783964098,0.8246964583307559,0.20352681519965388,848,0.0629571130383462,0.02116902263943595,0.025288398607463854,0.0017641413685910677,0.007396020513739613,0.005518676112376877,-0.0039743002507898265,4.15421236365408,1.9582231231985876,3.0557427863360753,0.2164005008589334,0.7084932543699025,0.7034026421287708,-0.5398780401742675,0.38759784650990214,0.13425810458170914,0.29793067350380753,close,-1.075525559117109,22.290034112391293,1606,2.218627786155269,0.9323091561792016,False,1069,537,run+ledger,0.6549456867559094,this run,1.7033613928032278,-0.8911596589532486,False,False,False,False,False,False,0,6,False,True,underpowered,2000.0
us_etfs,4h,CDLHARAMICROSS,False,10,3.537759525439197,0.11517492619810314,0.018587842554637524,0.03618366706401477,-0.017595824509377245,0.9412072107968205,0.5076452599388379,1.3386874335566312,327,0.7780451788316033,1.490534927053709,-0.7124897482221056,-1.0207158120919169,0.0016684253484590683,0.0556465119553831,1.538478010707638,9.999434708875071,1769,2023-02-10,2026-08-25,0.0240414278891746,0.11109349480147013,-0.04273003364642591,-0.12952080687813716,0.17279207155734722,10673.251134599968,17574.676013236298,0.01641283722162254,-0.01264115299740128,0.6980295002601027,0.129,-2.2713107781802826,0.47135643782087316,-0.902365995463558,,,1,-0.902366,0.21640716166268678,-0.02914917962177843,11339.958950765003,False,-666.7078161650353,0.0,0.001305096406417455,0.1734009553603404,0.11517492619810314,1.2295480879841867,0.43500650405390623,-0.7945415839302805,SPY,0.21037381520456644,19649.4012312515,1.4288247116075652,0.1405684051184841,-0.18709518091808564,0.17103009647801193,0.034647682631111065,-0.03419840208485603,-0.01605984007647354,0.9461597260037149,False,1.0,10673.251134599968,-0.04273003364642591,False,0.05216065374036442,1.53020432989443,0.12596615995784166,0.08746285100617601,848,-0.04385883666356084,0.026464960736823515,-0.023345355257639238,0.008518488144058648,-0.011806241556205525,0.009162803229254075,-0.011873805947822596,-1.3333252645495834,1.065638902083527,-1.404278834812728,0.94035579486826,-0.7610962359851319,0.8354412053041158,-1.3104096663885718,0.1239317810107361,-0.03084914763305566,0.09233522710252595,close,5.114662643705753,99.60772828544083,1606,2.218627786155269,0.9435278524080448,False,1069,537,run+ledger,0.6549456867559094,this run,1.7033613928032278,-0.9253162139716246,False,False,False,False,False,False,0,6,False,True,underpowered,2000.0
us_etfs,4h,momo_regime,False,10,3.537759525439197,0.5791156334401106,0.0957552149908365,0.11365848724785677,-0.017903272257020264,0.944277263666635,0.27049180327868855,5.967123207183085,122,1.271676445653277,1.490534927053709,-0.21885848140043196,-1.2250722934107252,0.03907291126218432,0.02238297208360604,0.5122782590779933,9.999434708875071,1769,2023-02-10,2026-08-25,0.07407161974356138,0.11109349480147013,-0.06948558584692899,-0.12952080687813716,0.17279207155734722,13819.647849701692,17574.676013236298,0.13536200638021134,-0.008411156451346657,0.17864944181466041,0.0915,-0.5960416160341241,0.10702050284658428,-0.4996798803566379,,,1,-0.499680,0.6667502888079202,-0.08781333941464486,14635.15895325056,False,-815.5111035488671,0.0,0.0004024015735844159,0.17105203843451888,0.5791156334401106,1.2839356106593307,1.3780586840237246,0.09412307336439385,SPY,0.21037381520456644,19649.4012312515,1.4288247116075652,0.1405684051184841,-0.18709518091808564,0.5269435879359018,0.10858232462845474,-0.10240506199813104,-0.01282710963761824,0.9596629660926823,False,1.0,13819.647849701692,-0.06948558584692899,False,0.08555603011073623,1.6198039891254454,0.10527438911141584,0.46119373583620893,848,0.233065283585491,0.11836716730534935,0.056373264135471224,-0.08457580301888831,0.0836917173583621,0.08487473408556961,-0.05474876338660656,7.832588507823035,4.959383627410438,2.726989921853131,-3.4919109926313636,2.9804716877835356,5.3058477561515796,-2.663319253807629,0.6084562787814176,0.559068921711747,0.6502133304272816,close,-0.26102185320088334,9.555386136858557,1606,2.218627786155269,0.9909998175938135,False,1069,537,run+ledger,0.6549456867559094,this run,1.576064093349628,-0.30438764769635096,False,False,False,True,False,False,1,6,False,True,underpowered,2000.0
us_etfs,4h,HT_TRENDMODE~WILLR|and,False,10,3.537759525439197,0.3628226870171471,0.054664968051898466,0.07261263140258656,-0.017947663350688092,0.9420499508155409,0.4117647058823529,1.4377353639976342,918,1.1374876418224145,1.490534927053709,-0.35304728523129447,-0.753149078879741,0.025362772413566048,0.021209788824860343,0.5786141310387386,9.999434708875071,1769,2023-02-10,2026-08-25,0.04779802224810194,0.11109349480147013,-0.05480997383887887,-0.12952080687813716,0.17279207155734722,12071.844027992312,17574.676013236298,0.017231693953008626,-0.008389712091081239,0.4687614910934084,0.2205,-1.1827901814292399,0.6498277917465276,-0.12035961408453288,,,1,-0.120360,0.4302504150537302,-0.05733900457731134,12814.441545845431,False,-742.5975178531186,0.0,0.003161197213981671,0.15799713343676958,0.3628226870171471,1.2584529519621008,0.9973543905091679,-0.261098561452933,SPY,0.21037381520456644,19649.4012312515,1.4288247116075652,0.1405684051184841,-0.18709518091808564,0.34003389458543926,0.06945434866843159,-0.06707842915207551,-0.014789380616533121,0.9519290604795287,False,1.0,12071.844027992312,-0.05480997383887887,False,0.0556375104939448,1.4513575722083334,0.14668031757478328,0.29946215115294017,848,0.12826125131349603,0.07060469878873137,0.01452667319655411,-0.03154196297049848,0.05014282964757169,-0.015143866181634973,-0.046194882435085106,8.637972086361286,4.3531169060662664,0.9637225939750931,-1.9672662796013352,2.637645280957327,-1.382986888683354,-3.6794313559981555,0.5628495676427852,0.3046784472941176,0.43419176478002464,close,-1.2549039361064716,30.089089802304038,1606,2.218627786155269,0.9800905815557281,False,1069,537,run+ledger,0.6549456867559094,this run,1.6548544764552466,-0.5173668346328322,False,False,False,False,False,False,0,6,False,True,underpowered,2000.0
us_etfs,4h,MAXINDEX~MULT|or,False,10,3.537759525439197,0.9892594686263424,0.12108064915852812,0.13924626326524425,-0.018165614106716133,0.9447214200643573,0.4178082191780822,1.7526918521098998,584,1.3122816532067452,1.490534927053709,-0.17825327384696377,-1.3602435521761036,0.046187874646372806,0.01755366132187011,0.41054155245966045,9.999434708875071,1769,2023-02-10,2026-08-25,0.09020561705553173,0.11109349480147013,-0.11444218484812962,-0.12952080687813716,0.17279207155734722,14983.154620167632,17574.676013236298,0.04062240134066531,-0.016633013275769763,0.13104511582635037,0.0635,-0.45922707027780724,0.049852510470720285,0.014135325896786677,,,1,0.014135,0.8119792902071709,-0.10616543388872246,15859.865460811647,False,-876.710840644015,0.0,0.002255756395550634,0.12247265754157222,0.9892594686263424,1.3327991197068807,1.0580071441244159,-0.2747919755824648,SPY,0.21037381520456644,19649.4012312515,1.4288247116075652,0.1405684051184841,-0.18709518091808564,0.641720427712743,0.13292681846668986,-0.123567840682278,-0.011846169308161736,0.963496460850909,False,1.0,14983.154620167632,-0.11444218484812962,False,0.09957231630221203,1.627645837152192,0.10360000388657253,0.5464395841806972,848,0.35704500046642806,0.10283205403733364,0.09132450457347478,-0.08015432674928338,0.05362315804268195,0.00013120198872752786,-0.03531608229766363,11.383642715832728,3.9453268515211386,2.3634815603068997,-2.976642860144669,1.4866369735248715,0.007167026949911363,-1.2465739194650929,0.6814087286413408,0.7258486834754014,0.7616890487350462,close,-0.31874135998308173,8.806083417673324,1606,2.218627786155269,0.9925906412168255,False,1069,537,run+ledger,0.6549456867559094,this run,1.4877006853447827,-0.17541903213803756,False,False,False,False,False,False,0,6,False,True,underpowered,2000.0
us_etfs,4h,mc_pivot_point_trend,False,10,3.537759525439197,0.5279819106840022,0.08688419641761547,0.10564956979105045,-0.01876537337343498,0.9412380855237054,0.59375,1.9953551485562193,320,1.2422891512503456,1.490534927053709,-0.24824577580336338,-0.8433989490310242,0.03252583602116549,0.006756067566496721,0.15813628015877473,9.999434708875071,1769,2023-02-10,2026-08-25,0.06898404639185124,0.11109349480147013,-0.07395408358638322,-0.12952080687813716,0.17279207155734722,13427.88837735777,17574.676013236298,0.0318055773290724,-0.02329664199955095,0.294339678853728,0.219,-0.8307564018152881,0.2821848970037596,-0.22000791406439002,,,1,-0.220008,0.6209548679256992,-0.08196949183079183,14266.197451930015,False,-838.3090745722433,0.0,0.0010974177221720585,0.17093092463668547,0.5279819106840022,1.2778922689796577,1.1748397411500477,-0.10305252782960994,SPY,0.21037381520456644,19649.4012312515,1.4288247116075652,0.1405684051184841,-0.18709518091808564,0.490750722637175,0.1009550529611205,-0.09564851212216174,-0.01407085654350504,0.9555137937572501,False,1.0,13427.88837735777,-0.07395408358638322,False,0.06513297893663333,1.3717692500991523,0.17013528269530864,0.5295061214278898,848,0.2726681583500958,0.04956691952708148,0.05973074625834192,-0.05923709813372896,0.00708715894999856,0.005733548313163993,0.024785189221886935,11.220781690498931,2.681790744126593,3.2951651759028397,-2.578095651272162,0.30941353908841385,0.34577254648043637,1.3131313700263647,0.8743494128426021,0.516623983574587,0.7105687706854764,close,0.33975474611139045,12.802197878031047,1606,2.218627786155269,0.9905487084048734,False,1069,537,run+ledger,0.6549456867559094,this run,1.5864261576953553,-0.3441370064450098,False,False,False,False,False,False,0,6,False,True,underpowered,2000.0
us_etfs,4h,three_lower_lows,False,10,3.537759525439197,0.09836065573770492,0.023497372546609663,0.042323568243536114,-0.01882619569692645,0.9375527503675195,0.7119815668202765,1.5215650205293187,434,0.8412924702556454,1.490534927053709,-0.6492424567980636,-1.690127358096271,0.005223370775077507,0.01634074089481884,0.7389623338728198,9.999434708875071,1769,2023-02-10,2026-08-25,0.028075943131256866,0.11109349480147013,-0.03369221541380074,-0.12952080687813716,0.17279207155734722,10856.364908990363,17574.676013236298,0.00795306890611105,-0.012920897937747835,0.38413818561540747,0.041,-1.4056095328298825,0.09460975207167363,0.044069637643380455,,,1,0.044070,0.25272355668916563,-0.03397940717239767,11579.471026813886,False,-723.106117823522,0.0,0.0014966534502773052,0.2663345121138958,0.09836065573770492,1.2275966743959008,0.6974125108135469,-0.5301841635823539,SPY,0.21037381520456644,19649.4012312515,1.4288247116075652,0.1405684051184841,-0.18709518091808564,0.1997315336087925,0.040519461498058185,-0.03984585298975085,-0.017022088951448522,0.9433163169075895,False,1.0,10856.364908990363,-0.03369221541380074,False,0.02852756002705355,1.3648443826343999,0.17230196592258817,0.13935115743320803,848,0.05258701997418803,0.02519993488324859,0.005520801024675448,-0.009889465696534601,0.022657543136430917,0.011738253916074326,-0.006144202046351147,3.8084032303193407,2.3597605949334124,0.6661004867196108,-0.796475638563422,2.0904229593198917,1.7157915086076143,-0.7999429064581299,0.4599298695839036,0.10785091056425546,0.18785685785715545,close,-0.2456755778633043,39.71529650777205,1606,2.218627786155269,0.9411021862174704,False,1069,537,run+ledger,0.6549456867559094,this run,1.7033613928032278,-0.8620689225475825,False,False,False,False,False,False,0,6,False,False,unrankable,2000.0
us_etfs,4h,CDLLONGLEGGEDDOJI,False,10,3.537759525439197,0.6252936373343383,0.09290226578607075,0.1118329390795545,-0.018930673293483746,0.9410542204340436,0.5737704918032787,1.4414986271587555,976,1.2549703684076028,1.490534927053709,-0.23556455864610615,-0.8126015980999762,0.03776099447867182,-0.008023402409523692,-0.25232842411060796,9.999434708875071,1769,2023-02-10,2026-08-25,0.07291357435662667,0.11109349480147013,-0.07797600607055932,-0.12952080687813716,0.17279207155734722,13692.774459757418,17574.676013236298,0.01908046893757767,-0.017818432957765418,0.28988936176953484,0.216,-0.8353871390881601,0.3029125565438291,-2.2283955070944024,,,1,-2.228396,0.656326227624102,-0.08648555169070005,14550.462834587663,False,-857.6883748302455,0.0,0.0033535348897200962,0.1526597646831791,0.6252936373343383,1.289403012572587,1.1914211879742196,-0.09798182459836746,SPY,0.21037381520456644,19649.4012312515,1.4288247116075652,0.1405684051184841,-0.18709518091808564,0.5187052829913545,0.10684408407362112,-0.10087064473255125,-0.013941818287550367,0.9561459786208666,False,1.0,13692.774459757418,-0.07797600607055932,False,0.06094914313917387,1.2600884759325952,0.2076374470078659,0.5943709736970186,848,0.30744681526924195,0.07628805399833175,0.08462601993563376,-0.04561338688923941,0.05553212680804084,-0.0008668010601204854,-0.018477434155868958,17.814935363232923,4.071574552524376,4.028969620846938,-2.3911303656122973,2.1636279700027465,-0.07128083242874247,-1.2201526956209994,0.8007872195128762,0.6103932257175938,0.8312228346422206,close,-0.5816369612124221,9.682130018706744,1606,2.218627786155269,0.9896812691274193,False,1069,537,run+ledger,0.6549456867559094,this run,1.566706287543242,-0.31173591913563925,False,False,False,False,False,False,0,6,False,True,underpowered,2000.0
us_etfs,4h,mc_ar1_online,False,10,3.537759525439197,0.4300358017712455,0.07381091562448772,0.09283358046058154,-0.019022664836093828,0.9397671885529781,0.7301587301587301,3.859855428317524,63,1.2016892012484703,1.490534927053709,-0.2888457258052386,-1.5656166103828069,0.030234529533587184,-0.010317691201578978,-0.29491627804714804,9.999434708875071,1769,2023-02-10,2026-08-25,0.06080413746747642,0.11109349480147013,-0.08731709793702191,-0.12952080687813716,0.17279207155734722,12865.159353941808,17574.676013236298,0.07736579273092359,-0.054235900064050185,0.18449326858803147,0.058,-0.6527604347881056,0.06654058847491653,0.2211893649939951,,,1,0.221189,0.5473240136709767,-0.07251621253187301,13689.730297725278,False,-824.5709437834691,0.0,0.0002131857732490667,0.18010095483612565,0.4300358017712455,1.2663488734699473,0.8453203023046456,-0.4210285711653017,SPY,0.21037381520456644,19649.4012312515,1.4288247116075652,0.1405684051184841,-0.18709518091808564,0.43255906201841765,0.08874230436650965,-0.08470086193738302,-0.014931388742021934,0.9523203215111091,False,1.0,12865.159353941808,-0.08731709793702191,False,0.03908928225983155,0.8928908694318595,0.3719156171853224,0.5409566208490706,848,0.2526507977779643,-0.015302726683855503,0.057656445876719205,-0.06847574566920528,0.06919222008331438,0.010301946092410516,0.034035020922304544,8.817176428949674,-0.6247887257556751,2.210497857294826,-3.40549286903181,2.603195461766136,0.7602091806426479,2.118107376296316,0.7680578366262241,0.4372418280946481,0.7068826908820742,close,-0.3746076350568214,25.023947629103173,1606,2.218627786155269,0.9867370231263768,False,1069,537,run+ledger,0.6549456867559094,this run,1.6241782450363145,-0.42248904378784413,True,False,False,False,False,False,1,6,False,True,underpowered,2000.0
us_etfs,4h,mc_peak_count_reversion,False,10,3.537759525439197,0.6106023490986747,0.09268248464425133,0.11177699730745849,-0.019094512663207164,0.9405522985263165,0.6143344709897611,2.103950896294213,293,1.252780922988857,1.490534927053709,-0.23775400406485203,-0.9547048736372723,0.037165566372656056,-0.006536108409862065,-0.20795205759394914,9.999434708875071,1769,2023-02-10,2026-08-25,0.0728780724479794,0.11109349480147013,-0.08172790312287803,-0.12952080687813716,0.17279207155734722,13683.035377339977,17574.676013236298,0.034051320361221986,-0.025780564260743793,0.2490340320135242,0.162,-0.6977955651089429,0.2593539068264569,-0.17911671686148933,,,1,-0.179117,0.6560066597798218,-0.08644482367639439,14547.872987795507,False,-864.8376104555311,0.0,0.000996167199793625,0.1562257463287957,0.6106023490986747,1.2876625940504303,1.134037227223401,-0.15362536682702932,SPY,0.21037381520456644,19649.4012312515,1.4288247116075652,0.1405684051184841,-0.18709518091808564,0.5184527233310431,0.10679081480065444,-0.10082357170035683,-0.014108330156403115,0.9556286106890006,False,1.0,13683.035377339977,-0.08172790312287803,False,0.06502353906001763,1.3992443636728469,0.16173971720187819,0.57946513366593,848,0.30954030996744425,0.05977934914161645,0.11219401501153828,-0.06215969875610092,0.039390438044926035,0.0035881474299392993,-0.023751433024432955,14.496493796435137,3.282182466375715,4.949175814268626,-2.8583893050101854,1.4783287634563667,0.2636863876596998,-1.2628179669080255,0.8352664014533409,0.6332885600041267,0.8256600820334226,close,-0.51755528983869,9.538856341095034,1606,2.218627786155269,0.9896861498200158,False,1069,537,run+ledger,0.6549456867559094,this run,1.5696834240749526,-0.31690250108609574,False,False,False,False,False,False,0,6,False,True,underpowered,2000.0
us_etfs,4h,CDLHARAMI,False,10,3.537759525439197,0.38528358771433957,0.049100271568735865,0.06832766528646528,-0.019227393717729413,0.9377692941610152,0.5267104029990628,1.261634838891045,1067,1.086989266455809,1.490534927053709,-0.4035456605979,-0.563500740522877,0.009896755821511116,0.1212865811356557,1.833744724211185,9.999434708875071,1769,2023-02-10,2026-08-25,0.045025774011722815,0.11109349480147013,-0.07156978876668663,-0.12952080687813716,0.17279207155734722,11848.013438138496,17574.676013236298,0.015372384884319384,-0.013559775955051832,0.7161404264055564,0.292,-2.047093925994505,0.7983176981716497,-0.43433989228745307,,,1,-0.434340,0.40529622451959246,-0.054080651727967055,12634.25184841272,False,-786.2384102742226,0.0,0.004227201409578611,0.13247945032078512,0.38528358771433957,1.2610892211140525,0.6860474568228769,-0.5750417642911756,SPY,0.21037381520456644,19649.4012312515,1.4288247116075652,0.1405684051184841,-0.18709518091808564,0.3203121923007586,0.06536412379828427,-0.06328777559698873,-0.016263852229548403,0.9470305451608118,False,1.0,11848.013438138496,-0.07156978876668663,False,0.1195383311784622,1.9442871565605317,0.051860832568941806,0.05053863977389661,848,-0.0640478256898431,0.043468828439335847,-0.030024054696655908,-0.021486177443857734,-0.02174317212491127,0.01585637769081886,-0.011921510591422256,-1.1260930426820437,1.0069538019696134,-1.0427680691067445,-1.1157614856310658,-0.8079243321936139,0.9264758410118205,-0.7877123190888783,0.06669189635304784,-0.015471662271454769,0.05090576660256663,close,4.268129183671579,70.98331636528083,1606,2.218627786155269,0.9873992080845604,False,1069,537,run+ledger,0.6549456867559094,this run,1.6446032659558445,-0.5576139995000355,False,False,False,False,False,False,0,6,False,True,underpowered,2000.0
us_etfs,4h,rsi2_raw,False,10,3.537759525439197,0.06885874002889265,0.0270738022119259,0.04663223811353334,-0.01955843590160744,0.9354424217653753,0.7469879518072289,2.273360155027581,166,0.8798492365090114,1.490534927053709,-0.6106856905446976,-2.460214677626727,0.0012830899387205608,0.02481943587796543,0.9565341674824923,9.999434708875071,1769,2023-02-10,2026-08-25,0.030899637766864305,0.11109349480147013,-0.04692924881188365,-0.12952080687813716,0.17279207155734722,10991.168196735394,17574.676013236298,0.013628044080558026,-0.017698549731623745,0.24822455377503974,0.0115,-1.0718344689274062,-0.11534559656621374,0.46536877113854414,,,1,0.465369,0.27814083823795055,-0.03734955593368927,11749.700399510175,False,-758.5322027747799,0.0,0.000570643647620275,0.473956986023758,0.06885874002889265,1.224176290258165,0.5769067883539218,-0.6472695019042431,SPY,0.21037381520456644,19649.4012312515,1.4288247116075652,0.1405684051184841,-0.18709518091808564,0.219819224247577,0.04463868787413516,-0.04378288702385813,-0.017564885662209262,0.9417732107977371,False,1.0,10991.168196735394,-0.04692924881188365,False,0.03181862421781622,1.3339428844433907,0.18222257564709388,0.2847516346057605,848,0.09555513245621068,-0.031990058569913,0.011737364441541217,-9.173645976225803e-05,0.031338462419825595,-0.003990146505798342,0.03607637166577214,2.96228439632888,-1.782908260296265,0.7026258905456343,-0.006443314519727494,1.7764775937251431,-0.3041547861495301,2.0802958371452407,0.33880243077485606,0.06194141617043978,0.29738562421073833,close,10.723630939845929,308.1802906113409,1606,2.218627786155269,0.9762462378030197,False,1069,537,run+ledger,0.6549456867559094,this run,1.7033613928032278,-0.8235121562942165,True,False,False,False,False,False,1,6,False,False,unrankable,2000.0
us_etfs,4h,donchian_s1,False,10,3.537759525439197,0.47507066139061616,0.06113904724291208,0.08102976074255075,-0.019890713499638668,0.9364114499717773,0.449438202247191,2.06415396618699,178,1.14156877153527,1.490534927053709,-0.3489661555184389,-1.0281738313729498,0.022059487406653422,0.05248067083612391,1.4727070517705676,9.999434708875071,1769,2023-02-10,2026-08-25,0.05322706124631661,0.11109349480147013,-0.04688487120319074,-0.12952080687813716,0.17279207155734722,12336.051814504806,17574.676013236298,0.052935747172126325,-0.020934899015412987,0.3394038487173462,0.145,-1.0045916065615512,0.3143454364525997,0.4942110550242462,,,1,0.494211,0.47911951407628456,-0.06369622267703934,13173.75157563121,False,-837.6997611264026,0.0,0.0006056940797110732,0.13305083347524227,0.47507066139061616,1.271651050838095,1.3040250655258552,0.032374014687760244,SPY,0.21037381520456644,19649.4012312515,1.4288247116075652,0.1405684051184841,-0.18709518091808564,0.3786559376657358,0.07748591515492254,-0.07446673915605773,-0.016346867912010454,0.9473527756139662,False,1.0,12336.051814504806,-0.04688487120319074,False,0.0929441650349183,2.53525944312585,0.011236407256842273,0.37770119307462036,848,0.14098160509612218,0.09609995146516778,0.02259328054887648,-0.03841708771283886,0.03794499214376284,-0.030788608811588524,-0.12117564754019677,7.389191904552302,5.409480603836152,1.2586747681080757,-1.9599397558768556,1.7152563316640432,-2.4979285312271875,-8.858963240170034,0.14083004430714974,0.35809382633803105,0.5323141967725173,close,-0.13482738132710342,9.252385629594983,1606,2.218627786155269,0.9835590995497687,False,1069,537,run+ledger,0.6549456867559094,this run,1.6036242239846612,-0.46205545244939117,True,False,False,True,False,False,2,6,False,True,underpowered,2000.0
us_etfs,4h,MAXINDEX~FLOOR|vote,False,10,3.537759525439197,0.6687770868664028,0.07796047265252959,0.09794718086086651,-0.019986708208336923,0.9370733570775943,0.3346518987341772,1.3616729749933536,1264,1.2037265331431384,1.490534927053709,-0.28680839391057056,-1.0404305125303128,0.028123446330058255,0.08577751886789807,1.6473314296111157,9.999434708875071,1769,2023-02-10,2026-08-25,0.06407371349317484,0.11109349480147013,-0.08466816750267414,-0.12952080687813716,0.17279207155734722,13041.903851901317,17574.676013236298,0.02530705262657939,-0.009347879849026094,0.27566318985883687,0.1355,-0.8427608534409312,0.21388286951365612,-0.500093541407195,,,1,-0.500094,0.576754864069025,-0.07630327316232788,13917.697855133218,False,-875.7940032319001,0.0,0.0045999962846295685,0.11879348826595426,0.6687770868664028,1.2945596882465271,0.920776662020792,-0.3737830262257351,SPY,0.21037381520456644,19649.4012312515,1.4288247116075652,0.1405684051184841,-0.18709518091808564,0.4558187413392616,0.09361631569535489,-0.0890892340850633,-0.0156558430428253,0.9502678537101289,False,1.0,13041.903851901317,-0.08466816750267414,False,0.12215505152830923,2.267443762557602,0.02336313067527973,0.24519024171527481,848,0.13066294297737946,0.12969791265029634,0.018805501526469176,-0.02528175765524951,0.030087254649683752,-0.014980017605514404,-0.0864599419337052,3.4238678245335246,4.069070199982109,0.9476679396610415,-1.1157332805320874,1.0102069425508076,-0.8277417073372845,-4.267223697269374,0.0994899411042387,0.32193388438241827,0.3301129640005205,close,0.13653185513919963,10.0804512346443,1606,2.218627786155269,0.9882226158940511,False,1069,537,run+ledger,0.6549456867559094,this run,1.5578945234521635,-0.3541679903090251,False,False,False,False,False,False,0,6,False,True,underpowered,2000.0
us_etfs,4h,mc_round_number_magnet,False,10,3.537759525439197,0.42975315620878085,0.05698303069320132,0.07715011233629787,-0.02016708164309655,0.9353223353866215,0.6078431372549019,3.258147861453581,51,1.117905295547008,1.490534927053709,-0.37262963150670103,-2.5376007753127294,0.020660665512772403,-0.03533746400589318,-1.4756699448671566,9.999434708875071,1769,2023-02-10,2026-08-25,0.050727407090643085,0.11109349480147013,-0.05447297240926896,-0.12952080687813716,0.17279207155734722,12165.973028199167,17574.676013236298,0.0917282622244255,-0.0436379232906969,0.14684328407047353,0.0005,-0.7039071674326377,-0.12163341231483181,-0.43841511638253405,,,1,-0.438415,0.45661905930041724,-0.060773121468713054,13007.251690584599,False,-841.2786623854319,0.0,0.0001636629046820584,0.1376384905797725,0.42975315620878085,1.2663156255224866,1.0460789667410413,-0.22023665878144527,SPY,0.21037381520456644,19649.4012312515,1.4288247116075652,0.1405684051184841,-0.18709518091808564,0.360873462624018,0.07378447906944197,-0.0710707596805189,-0.016801448376240646,0.945735095670258,False,1.0,12165.973028199167,-0.05447297240926896,False,0.01688025728279355,0.45355085415681046,0.6501521331115738,0.5327937316236464,848,0.20667884252442006,0.043547483330622014,0.06275541032988666,-0.030758932253116614,0.0010696331858285058,-0.007104144893198237,-0.015882566794854697,17.486204689031283,2.9596956391405516,4.233598927097224,-1.8658438097464596,0.060016570684369566,-0.821183188758757,-1.4478453733174226,0.14003251811281103,0.46211638389538406,0.8085097947200937,close,-0.4734522545400684,9.678888584794278,1606,2.218627786155269,0.9808738587224483,False,1069,537,run+ledger,0.6549456867559094,this run,1.624307245168438,-0.50640194962143,False,False,False,False,False,False,0,6,False,True,underpowered,2000.0
us_etfs,4h,MAXINDEX~WILLR|and,False,10,3.537759525439197,0.5220714779222411,0.07111714517325995,0.09130946829119369,-0.02019232311793373,0.9360636953919242,0.362763915547025,1.4223498003237596,1042,1.1783223058549521,1.490534927053709,-0.3122126211987568,-1.2684188029189787,0.027181544517386913,0.03125722684614965,0.786196948709382,9.999434708875071,1769,2023-02-10,2026-08-25,0.059828137451967196,0.11109349480147013,-0.06793766365349407,-0.12952080687813716,0.17279207155734722,12751.345949365637,17574.676013236298,0.023147046826143037,-0.00926430606800631,0.2461431669731402,0.094,-0.8005366279771426,0.15918109056838173,-0.3569361399873292,,,1,-0.356936,0.5385386206355575,-0.071383539057994,13622.305845358873,False,-870.9598959932352,0.0,0.003583554920675847,0.14064663232193664,0.5220714779222411,1.2771944753817748,1.0467999832314274,-0.23039449215034735,SPY,0.21037381520456644,19649.4012312515,1.4288247116075652,0.1405684051184841,-0.18709518091808564,0.4256158231399047,0.08728931762737546,-0.0833876545306299,-0.016172172454115508,0.9483654630504783,False,1.0,12751.345949365637,-0.06793766365349407,False,0.07808043126988883,1.7228766300167264,0.08491083734077653,0.3697522083982585,848,0.18443260168960707,0.09473534692633126,0.022016357262797964,-0.0359700281885835,0.04596447915159733,-0.009955941650569473,-0.042356369253369296,7.079966690225549,3.741911849663961,1.170414145644739,-1.6248519692233467,1.860446189879961,-0.6757455453237402,-2.5543484710235966,0.43175211342038233,0.41437598916022894,0.5277937903543486,close,-0.4397001266831643,16.274036477757054,1606,2.218627786155269,0.9853408243314197,False,1069,537,run+ledger,0.6549456867559094,this run,1.5876238855604001,-0.409301579705448,False,False,False,False,False,False,0,6,False,True,underpowered,2000.0
us_etfs,4h,dyn_breakout2,False,10,3.537759525439197,0.6190691539476164,0.08342989769602527,0.10367710824674847,-0.020247210550723205,0.936595574694461,0.5229357798165137,2.8140865126201327,109,1.2170935598732588,1.490534927053709,-0.2734413671804501,-1.4470881218158205,0.031229590779741134,0.02427995481408206,0.6245587185718425,9.999434708875071,1769,2023-02-10,2026-08-25,0.0677282315428212,0.11109349480147013,-0.05229164376131101,-0.12952080687813716,0.17279207155734722,13277.518589278874,17574.676013236298,0.08083286799480499,-0.03148633091086218,0.18895972059900068,0.0565,-0.6572435084871088,0.06187463565609836,-0.5030202476357997,,,1,-0.503020,0.6096507420515944,-0.08052278892508524,14176.362720494708,False,-898.8441312158346,0.0,0.00035757094028117815,0.1381899515456877,0.6190691539476164,1.2886655102167535,1.5954728460410819,0.3068073358243284,SPY,0.21037381520456644,19649.4012312515,1.4288247116075652,0.1405684051184841,-0.18709518091808564,0.48181688826684466,0.09907603361991435,-0.09397454934451688,-0.015646135923889082,0.950540548779075,False,1.0,13277.518589278874,-0.05229164376131101,False,0.08358052660681047,1.7359218799480207,0.08257764846139959,0.44144290784972284,848,0.21017326136770187,0.10282201463822851,0.09042725415164196,-0.07218855672747634,0.01766985665679141,0.0007157084793905436,-0.1150914433183064,8.77739742577039,5.725644135516755,4.123497171350497,-3.159727134328951,0.6775146307513018,0.04491009821046687,-5.795844496196821,0.5322607207125034,0.524798193476923,0.6494693526464764,close,-0.2944767247005355,8.833505511288019,1606,2.218627786155269,0.9882128965184656,False,1069,537,run+ledger,0.6549456867559094,this run,1.5679676566338472,-0.35087409676058834,False,False,False,True,False,False,1,6,False,True,underpowered,2000.0
us_etfs,4h,MAXINDEX~CEIL|vote,False,10,3.537759525439197,0.6687205577539099,0.07719416476778229,0.09793737521272883,-0.020743210444946536,0.9347483260256111,0.33359683794466405,1.3578103363912053,1265,1.1927363781814264,1.490534927053709,-0.2977985488722825,-1.0766247237142115,0.026808915816204093,0.08577358910036945,1.6472539362132192,9.999434708875071,1769,2023-02-10,2026-08-25,0.0640674512630632,0.11109349480147013,-0.08466816750267392,-0.12952080687813716,0.17279207155734722,13009.133735757836,17574.676013236298,0.025340697302778124,-0.009342526257885857,0.2766038549114099,0.128,-0.852463506855512,0.19881478823773702,-0.5380896821294927,,,1,-0.538090,0.5766984950608951,-0.07629603063091606,13917.258125585988,False,-908.124389828151,0.0,0.004603444794883663,0.11761496348702116,0.6687205577539099,1.2945529793313153,0.9117259419290539,-0.3828270374022614,SPY,0.21037381520456644,19649.4012312515,1.4288247116075652,0.1405684051184841,-0.18709518091808564,0.4557741919961403,0.09360697087940117,-0.0890808449620013,-0.016412806111618883,0.9479087904635342,False,1.0,13009.133735757836,-0.08466816750267392,False,0.12215123573542354,2.267372972702985,0.023367451101197423,0.245191821356341,848,0.13066234734117732,0.12969875385199553,0.018806039511690367,-0.02528361897945318,0.030087811582030652,-0.014980915758686156,-0.08646053716241527,3.4238622358991875,4.069109696164692,0.9476943426557076,-1.1158116034831629,1.0102238962068226,-0.8277927779557975,-4.26725456259172,0.09950586171908204,0.3219348930352006,0.33011489541345895,close,0.13793315494500635,10.084596413372367,1606,2.218627786155269,0.9875767441109466,False,1069,537,run+ledger,0.6549456867559094,this run,1.5579059788727643,-0.36516960069133786,False,False,False,False,False,False,0,6,False,True,underpowered,2000.0
us_etfs,4h,supertrend_pullback,False,10,3.537759525439197,0.1971735443753533,0.02530967916548077,0.046260461543310205,-0.020950782377829436,0.9309399004841128,0.26,1.6656676322627102,200,0.8306604453074652,1.490534927053709,-0.6598744817462437,-1.5008936111493159,0.004578852813527046,0.03524408544669112,1.2857815354348072,9.999434708875071,1769,2023-02-10,2026-08-25,0.030656236015787593,0.11109349480147013,-0.03326700808154792,-0.12952080687813716,0.17279207155734722,10924.525484773521,17574.676013236298,0.04660377010633894,-0.009830471150289682,0.43965440111437476,0.0605,-1.5258166416522543,0.14922756204157656,-1.7584910265415232,,,1,-1.758491,0.275949875108096,-0.03705938860321567,11734.941728346252,False,-810.4162435727292,0.0,0.000687666864439567,0.13515016062632257,0.1971735443753533,1.239085199039474,0.7608041908499487,-0.47828100818952535,SPY,0.21037381520456644,19649.4012312515,1.4288247116075652,0.1405684051184841,-0.18709518091808564,0.21808767048290598,0.044283299417884336,-0.04344401847789725,-0.018973620252403567,0.9371904328683861,False,1.0,10924.525484773521,-0.03326700808154792,False,0.049518976617624784,1.7941842556798857,0.07278376427353583,0.2644667494272427,848,0.08719015565025619,0.025314522457347062,0.018932474762402198,-0.00922922428832982,0.009378598844957108,-0.019400708066810466,-0.040351203400773125,6.16322511968806,2.0352950150596483,1.8326654804398452,-0.7788041695035501,0.632571077125207,-2.313480046508201,-3.665990523243272,0.19851931606576034,0.1263299302537967,0.32028054104824843,close,0.030872687760490968,12.718248435703115,1606,2.218627786155269,0.9405828835561283,False,1069,537,run+ledger,0.6549456867559094,this run,1.7033613928032278,-0.8727009474957627,False,False,False,False,False,False,0,6,False,True,underpowered,2000.0
us_etfs,4h,mc_simple_channel_reversion,False,10,3.537759525439197,0.047484454494064444,0.021287845420075113,0.04230276062742777,-0.021014915207352658,0.9304776654112489,0.6271186440677966,2.7901793314303993,59,0.7646556929950804,1.490534927053709,-0.7258792340586285,-2.25154204068945,0.00348460257173111,0.007072614986497725,0.3639197396956583,9.999434708875071,1769,2023-02-10,2026-08-25,0.028062291839132135,0.11109349480147013,-0.02682910368382141,-0.12952080687813716,0.17279207155734722,10773.678260427236,17574.676013236298,0.031634695570723334,-0.01906823894357013,0.3223920410725954,0.01,-1.3831129567782847,-0.09760773983242249,-0.4683511838826029,,,1,-0.468351,0.2526006755776377,-0.033963093127824084,11578.653266938469,False,-804.9750065112327,0.0,0.00020346210499161592,0.5583175538024436,0.047484454494064444,1.2217010245813011,0.7934609247834169,-0.42824009979788424,SPY,0.21037381520456644,19649.4012312515,1.4288247116075652,0.1405684051184841,-0.18709518091808564,0.1996344186695341,0.040499566173552326,-0.03982678817466734,-0.019211720753477213,0.9361949488635255,False,1.0,10773.678260427236,-0.02682910368382141,False,0.016317459863685102,0.8686807534038561,0.3850217714623678,0.23339147717471154,848,0.07189978009712034,-0.01412424719612065,0.010739017658935247,0.011149402249765194,0.010569318883965348,-0.00916761733123073,0.03761564159438733,2.361567037014633,-0.9202984713895174,0.9349680393971779,1.2454569695336533,0.643880190149364,-0.7444633006132512,1.808045125513571,0.7159179437676308,0.08181502713802237,0.26219957130148874,close,1.4054146760886543,256.4665909923685,1606,2.218627786155269,0.9220598526787038,False,1069,537,run+ledger,0.6549456867559094,this run,1.7033613928032278,-0.9387056998081474,False,False,False,False,False,False,0,6,False,False,unrankable,2000.0
us_etfs,4h,mc_log_price_trend_reversion,False,10,3.537759525439197,0.36121474781734814,0.08429566005495603,0.10588207428278928,-0.02158641422783325,0.9326375360470782,0.7378048780487805,3.70999065447271,164,1.205300892592744,1.490534927053709,-0.28523403446096496,-1.4433562049262005,0.029654923399871413,-0.009812030130238967,-0.26164784660603524,9.999434708875071,1769,2023-02-10,2026-08-25,0.06913200178315078,0.11109349480147013,-0.08691512602906881,-0.12952080687813716,0.17279207155734722,13315.092242507462,17574.676013236298,0.032366314133419054,-0.024549199996415104,0.19761860134556952,0.0885,-0.643915565419906,0.12296386339605211,-0.8060791118569857,,,1,-0.806079,0.6222866776015398,-0.08213982709098899,14276.813582844403,False,-961.7213403369407,0.0,0.0005635204952921437,0.2511351356536511,0.36121474781734814,1.2582643168163652,0.9698617939846662,-0.288402522831699,SPY,0.21037381520456644,19649.4012312515,1.4288247116075652,0.1405684051184841,-0.18709518091808564,0.49180327346589664,0.10117652857259296,-0.09584557083835221,-0.016880868517636927,0.9468133447128205,False,1.0,13315.092242507462,-0.08691512602906881,False,0.03653486747789493,0.8009594113969812,0.42315514376475694,0.547532365892405,848,0.27170990862889244,-0.017687489936002776,0.08038498273029243,-0.029497344305643464,0.04856598544259578,0.011826594203416394,0.12488133301317998,8.117384769588524,-0.7069695764130262,3.5992339466628924,-1.4903594923001906,1.7915349075575597,0.7009764784316909,6.667502708016858,0.7935929523646561,0.41016076915789706,0.6595959928115948,close,0.12330494705172179,38.816033717196206,1606,2.218627786155269,0.9875570669032537,False,1069,537,run+ledger,0.6549456867559094,this run,1.6555883438735481,-0.45028745128080416,False,False,False,False,False,False,0,6,False,True,underpowered,2000.0
us_etfs,4h,mc_rolling_window_smoothed_max,False,10,3.537759525439197,0.524527353809434,0.10342478001208,0.1250123789903541,-0.021587598978274114,0.9337514315131931,0.8076923076923077,4.403755622510686,156,1.2519865860886992,1.490534927053709,-0.23854834096500976,-0.8166736737542671,0.036003585859002596,0.0012659511007067797,0.02960600034777695,9.999434708875071,1769,2023-02-10,2026-08-25,0.0812529422747004,0.11109349480147013,-0.1006026756620042,-0.12952080687813716,0.17279207155734722,14164.899914323503,17574.676013236298,0.035464514315954175,-0.03382362076715035,0.29209750311700106,0.221,-0.8156957516682436,0.3152026434110946,-1.2048288339410314,,,1,-1.204829,0.731392440393595,-0.09601572231182065,15169.88294343875,False,-1004.9830291152473,0.0,0.0005277916677415153,0.2063910072462014,0.524527353809434,1.2774844005470096,1.02805198103833,-0.24943241950867967,SPY,0.21037381520456644,19649.4012312515,1.4288247116075652,0.1405684051184841,-0.18709518091808564,0.5780313307689084,0.11938903803323675,-0.11187412551164044,-0.015964258021156752,0.9504523205597801,False,1.0,14164.899914323503,-0.1006026756620042,False,0.06605190369092966,1.1492502444734773,0.2504528081229802,0.6060628952122747,848,0.3471363580761462,0.023534902676754094,0.08745670218521984,-0.03971338673562663,0.06474476334845866,0.007020233969711305,0.0877442085464287,11.291958693634502,0.8174983666228148,3.1588692987165867,-1.8834438312058366,2.228519260916985,0.4358836917186016,4.491016731840028,0.9763812798272067,0.5733427158319511,0.7688755045560947,close,-0.0088087927839938,26.837739327238054,1606,2.218627786155269,0.9901007776500335,False,1069,537,run+ledger,0.6549456867559094,this run,1.5871262111765185,-0.33513962508781936,False,False,False,False,False,False,0,6,False,True,underpowered,2000.0
us_etfs,4h,heikin_reversal,False,10,3.537759525439197,0.45895986433013003,0.09457995940630304,0.11637688466270846,-0.02179692525640542,0.9326204865920555,0.5952732644017725,1.8446755419175234,677,1.2303127611709386,1.490534927053709,-0.26022216588277036,-1.2944901079100997,0.033752740545255566,-0.02543673690192434,-0.6448629177622115,9.999434708875071,1769,2023-02-10,2026-08-25,0.07579429738919612,0.11109349480147013,-0.1033502262497541,-0.12952080687813716,0.17279207155734722,13767.28142344816,17574.676013236298,0.017575436826323964,-0.014013306520251503,0.2010229080103889,0.1095,-0.6667470915426738,0.13120402229813638,-1.351437556765656,,,1,-1.351438,0.6822568461334706,-0.08978590419054899,14761.93330660793,False,-994.6518831597717,0.0,0.0023203951373661725,0.2176262351178999,0.45895986433013003,1.2697531841703882,0.9151403227482346,-0.35461286142215354,SPY,0.21037381520456644,19649.4012312515,1.4288247116075652,0.1405684051184841,-0.18709518091808564,0.539198672171813,0.11117036870026054,-0.1046837838537158,-0.016590409293957498,0.9481722781142968,False,1.0,13767.28142344816,-0.1033502262497541,False,0.03469040290058923,0.6355606792457535,0.52506280504184,0.5536019800812384,848,0.3166148797930385,-0.01787972640624333,0.10690564537695302,-0.03955735500273644,0.052891828119700245,0.001952759033432224,0.07792114547292259,8.733097517113944,-0.5510258451850201,4.969152471939657,-2.0859639702610457,2.0351702484768217,0.11925910405537372,4.569852055916596,0.5190160243215436,0.5321131549554938,0.7169469496678985,close,-0.16493124494418732,32.87030738742689,1606,2.218627786155269,0.9885760293537196,False,1069,537,run+ledger,0.6549456867559094,this run,1.610977231515692,-0.3806644703447535,False,False,False,False,False,False,0,6,False,True,underpowered,2000.0
us_etfs,4h,supertrend_adx,False,10,3.537759525439197,0.06726964386659129,0.006207340544955642,0.028106320443528787,-0.021898979898573145,0.926659133361142,0.36231884057971014,1.331634566524576,69,0.3400410461534124,1.490534927053709,-1.1504938809002965,-2.5310284300665953,0.000323402348662738,-0.018786571005987133,-0.9304243792578999,9.999434708875071,1769,2023-02-10,2026-08-25,0.01871435961079066,0.11109349480147013,-0.03777749251226459,-0.12952080687813716,0.17279207155734722,10221.335946158428,17574.676013236298,0.03682631777988868,-0.015713052754201245,0.4545558901011733,0.002,-2.126015575059829,-0.318512146366546,0.4887532703391817,,,1,0.488753,0.16845594464585167,-0.02274450298795483,11030.308317454332,False,-808.972371295904,0.0,0.00023817333935250836,0.0963541815638338,0.06726964386659129,1.2239921819716173,0.1643131963546921,-1.0596789856169253,SPY,0.21037381520456644,19649.4012312515,1.4288247116075652,0.1405684051184841,-0.18709518091808564,0.13313347046241625,0.026919768626030516,-0.026701539354111237,-0.020712428081074874,0.9304525902602074,False,1.0,10221.335946158428,-0.03777749251226459,False,-0.009816744019739174,-0.49817980217248703,0.6183573172239445,0.09693795356861701,848,0.0234550960348128,-0.00045163546224106024,0.018649443089649057,-0.02717701390094111,0.010022244147477363,0.00031262370639557804,-0.0209283866886594,3.7278267873158426,-0.06464970065387096,2.9650420118998793,-3.100859335989287,1.2191233768448666,0.06734180476021857,-3.0706626777825394,0.3521514007829314,0.07938117383820406,0.1564004005026134,close,-4.518310796349926,63.885942750153255,1606,2.218627786155269,0.7315328786844922,False,1069,537,run+ledger,0.6549456867559094,this run,1.7033613928032278,-1.3633203466498154,True,False,False,False,False,False,1,6,False,False,unrankable,2000.0
us_etfs,4h,monday_effect,False,10,3.537759525439197,0.8100621820237421,0.1377906691596258,0.159948961334633,-0.0221582921750072,0.9340409420257199,0.5781065088757397,1.4285921097921532,1690,1.303482251212192,1.490534927053709,-0.18705267584151697,-1.6978828264099668,0.04632845601043889,0.022640933446082333,0.5875616446735743,9.999434708875071,1769,2023-02-10,2026-08-25,0.10313065253464117,0.11109349480147013,-0.1120288300933675,-0.12952080687813716,0.17279207155734722,15788.29294470652,17574.676013236298,0.016500038963243608,-0.01582638609684196,0.11016818883610739,0.0495,-0.40083101151666695,0.03559580278250785,-0.8368347967566361,,,1,-0.836835,0.9283230554492954,-0.12067083111838328,16903.212947459608,False,-1114.9200027530903,0.0,0.0058076304656262,0.1727555230532245,0.8100621820237421,1.3113683599599733,1.2299572265887964,-0.08141113337117689,SPY,0.21037381520456644,19649.4012312515,1.4288247116075652,0.1405684051184841,-0.18709518091808564,0.7336687959695715,0.15259703267567049,-0.14023452027245953,-0.014806363516044696,0.9552895408424185,False,1.0,15788.29294470652,-0.1120288300933675,False,0.1208004215606627,1.9454037399200714,0.05172640498924719,0.620103838954077,848,0.46024504445917713,0.03633751792309278,0.1042626414917664,-0.08433872314874602,0.09097271608849557,-0.011350410842928482,-0.004137719350392978,15.8047511277436,1.1614780355152274,3.8082141092002866,-3.286665258148405,2.844818768054162,-0.7410378910685778,-0.24547981395859517,0.5568265621213961,0.8686918267028927,0.8591725762527416,close,-0.5796646142687126,16.83200528477217,1606,2.218627786155269,0.9916920904099518,False,1069,537,run+ledger,0.6549456867559094,this run,1.5189921670713016,-0.2155099158591096,False,False,False,False,False,False,0,6,False,True,underpowered,2000.0
us_etfs,4h,supertrend_dual,False,10,3.537759525439197,0.45098925946862634,0.054176164169498886,0.07638027396114411,-0.02220410979164522,0.928911410452612,0.44176706827309237,1.7291694108155822,249,1.0754939246339579,1.490534927053709,-0.41504100241975106,-1.795984999126987,0.01588659494319611,0.03970574037780155,1.027812559660087,9.999434708875071,1769,2023-02-10,2026-08-25,0.050230850481063904,0.11109349480147013,-0.036147031300912014,-0.12952080687813716,0.17279207155734722,12052.062190316898,17574.676013236298,0.043201847419124015,-0.019771638413348967,0.23109380235441776,0.0235,-0.8927845494324402,-0.006306827109795929,-0.332469820569248,,,1,-0.332470,0.45214934115475486,-0.06019165335440724,12974.393526336951,False,-922.3313360200547,0.0,0.0008525734941312987,0.12410405435697713,0.45098925946862634,1.2688146761529007,1.4987721596968873,0.2299574835439866,SPY,0.21037381520456644,19649.4012312515,1.4288247116075652,0.1405684051184841,-0.18709518091808564,0.3573409717405891,0.0730499022341955,-0.07039497672388784,-0.01887373806469661,0.9391510594897756,False,1.0,12052.062190316898,-0.036147031300912014,False,0.07378106330685852,1.9241978304163967,0.054329790984737336,0.38086073108085794,848,0.13868222976563815,0.09122294930471986,0.02606481235553016,-0.03642293330033776,0.025556579810212053,-0.025443300535182862,-0.10204190387330164,6.812280638429552,4.683463601441151,1.490904056171564,-2.1091065052748905,1.1568635584632365,-2.0615373652700066,-7.500951162028984,0.3040380071098201,0.3015597889648792,0.5030822794461867,close,0.07186548963498716,10.60673171411028,1606,2.218627786155269,0.9783185828497569,False,1069,537,run+ledger,0.6549456867559094,this run,1.6146150352415702,-0.5391211106076124,False,False,False,True,False,False,1,6,False,True,underpowered,2000.0
us_etfs,4h,CDLGRAVESTONEDOJI,False,10,3.537759525439197,0.12425098925946863,0.016367805915745937,0.03859943531042287,-0.022231629394676933,0.9263071782881334,0.5213414634146342,1.295051489540742,328,0.6462657716469706,1.490534927053709,-0.8442691554067383,-1.9123455326125254,0.0017688330237092265,-0.004105212626944863,-0.172786879315276,9.999434708875071,1769,2023-02-10,2026-08-25,0.025630336292215176,0.11109349480147013,-0.03557935251705291,-0.12952080687813716,0.17279207155734722,10591.1809694505,17574.676013236298,0.015505511600613723,-0.013040538405162363,0.44148358181554737,0.023,-1.6993557488813766,-0.005764706009298195,-2.4039834194417598,,,1,-2.403983,0.23070960489646963,-0.0310535616623957,11433.7675640424,False,-842.5865945919008,0.0,0.0011270409905842892,0.13958633971593382,0.12425098925946863,1.2306020303817224,0.4600366436657602,-0.7705653867159623,SPY,0.21037381520456644,19649.4012312515,1.4288247116075652,0.1405684051184841,-0.18709518091808564,0.18233354978034752,0.03695821494014839,-0.036425651353377164,-0.020590409024402456,0.9315042774222565,False,1.0,10591.1809694505,-0.03557935251705291,False,0.013409317953837298,0.5986357287230675,0.5494158249542709,0.13145899728603316,848,0.045380044491703075,0.0333932681366467,-0.0015937332873642643,-0.001901324754929639,0.009015985972561782,0.0010322502833277217,-0.011061766012761137,3.3855655037846897,3.3515806552364844,-0.16252373305575174,-0.17980135163628164,0.7407277132567565,0.11608175377543584,-1.1832987703048838,0.8628189507096462,0.15500009073298507,0.2511441390852489,close,-0.7192031023558471,33.44122042295093,1606,2.218627786155269,0.8846983335484253,False,1069,537,run+ledger,0.6549456867559094,this run,1.7033613928032278,-1.0570956211562572,False,False,False,False,False,False,0,6,False,True,underpowered,2000.0
us_etfs,4h,CDLDOJI,False,10,3.537759525439197,0.6278123233465234,0.08991401059749426,0.11234607848386369,-0.022432067886369422,0.9304627490703608,0.5727459016393442,1.4237157743508013,976,1.2123293326645248,1.490534927053709,-0.27820559438918413,-0.9492035828929984,0.03179322982843785,-0.013647879768183558,-0.42080306401629575,9.999434708875071,1769,2023-02-10,2026-08-25,0.07323918259939946,0.11109349480147013,-0.08315349507408332,-0.12952080687813716,0.17279207155734722,13560.782077173022,17574.676013236298,0.019105051727599347,-0.017988737064074837,0.29309370445196226,0.177,-0.868305390211656,0.2758767667164171,-2.239478922175322,,,1,-2.239479,0.6592571664999981,-0.08685902948057223,14574.234262168799,False,-1013.4521849957778,0.0,0.0033543200696504456,0.14698985160566425,0.6278123233465234,1.2897014837502068,1.0813016400259285,-0.20839984372427822,SPY,0.21037381520456644,19649.4012312515,1.4288247116075652,0.1405684051184841,-0.18709518091808564,0.5210216516127268,0.10733270117742633,-0.1013022873520788,-0.01741869057993206,0.9454517645799293,False,1.0,13560.782077173022,-0.08315349507408332,False,0.055878366608893504,1.1456635081198205,0.25193440854677296,0.5919313891232515,848,0.30859773034606836,0.0769889761852307,0.08474098735103867,-0.04365719004493002,0.055271372886002756,-0.00015365793628244195,-0.01830988482529502,17.70224036905027,4.107336629112584,4.026617264444995,-2.2619091367324637,2.151704046989778,-0.01253481096073969,-1.2039974625986944,0.6738988940667896,0.6152933672453331,0.830470563761674,close,-0.6250467048032127,9.916006980706287,1606,2.218627786155269,0.9872873060169155,False,1069,537,run+ledger,0.6549456867559094,this run,1.5661958849142485,-0.35386655224972374,False,False,False,False,False,False,0,6,False,True,underpowered,2000.0
us_etfs,4h,mc_cycle_adjusted_trend,False,10,3.537759525439197,0.5836128383895484,0.09961197623195006,0.12270687282487547,-0.023094896592925407,0.9291052791446429,0.556390977443609,2.2687026871813707,266,1.2299492638145284,1.490534927053709,-0.26058566323918053,-1.6725809251359656,0.03201083340285793,0.016414566952151204,0.38867035862594745,9.999434708875071,1769,2023-02-10,2026-08-25,0.07979762625386685,0.11109349480147013,-0.06964743457162448,-0.12952080687813716,0.17279207155734722,13992.499395771032,17574.676013236298,0.0419624105355039,-0.023198641360570357,0.15579853824890255,0.027,-0.5979052582930555,0.007840450345200863,-0.6626483968211867,,,1,-0.662648,0.7182925192556898,-0.09435787081685465,15060.187160547477,False,-1067.687764776446,0.0,0.0009030574229330564,0.17669080913144852,0.5836128383895484,1.2844676684547334,1.430231807454594,0.14576413899986074,SPY,0.21037381520456644,19649.4012312515,1.4288247116075652,0.1405684051184841,-0.18709518091808564,0.5676782502199268,0.11719522236829727,-0.1099616134813095,-0.017583246136347208,0.9454231267318951,False,1.0,13992.499395771032,-0.06964743457162448,False,0.07965264968312011,1.576833761735997,0.11483378095815455,0.5121643498709674,848,0.32010328635474955,0.0448592573154073,0.07699922424483883,-0.05727676336848492,0.06333796458977672,-0.014259167911028471,-0.04036477275751616,9.90118399021043,2.1315790829638193,3.2509331827301136,-2.558929329457109,2.0656377168811657,-0.8476705762612353,-1.7813650222218522,0.6975200120610099,0.5596443773283509,0.6819836719322616,close,0.15953851095920063,22.678920779538934,1606,2.218627786155269,0.9893882898479647,False,1069,537,run+ledger,0.6549456867559094,this run,1.5751527509996044,-0.345203487185076,False,False,False,True,False,False,1,6,False,True,underpowered,2000.0
us_etfs,4h,CDLMORNINGSTAR,False,10,3.537759525439197,0.024093963946988255,0.008642235407021914,0.03347440000899837,-0.02483216460197646,0.9175551022322662,0.5633802816901409,1.7606159174903702,71,0.3978093882402145,1.490534927053709,-1.0927255388134944,-3.178004670950064,0.0008174374621867098,-0.020394273209399075,-0.9827403819596784,9.999434708875071,1769,2023-02-10,2026-08-25,0.022257128151652962,0.11109349480147013,-0.02886012960995854,-0.12952080687813716,0.17279207155734722,10309.109124281704,17574.676013236298,0.017709064928272077,-0.012978643514499366,0.34384012987835677,0.0,-1.8304300501333786,-0.4748676492604532,-1.3300356361767594,,,1,-1.330036,0.20034591756634906,-0.027007357277761157,11235.411474691029,False,-926.3023504093248,0.0,0.00024484422804075715,0.42924702853434127,0.024093963946988255,1.2189950056286931,0.2994524114694137,-0.9195425941592794,SPY,0.21037381520456644,19649.4012312515,1.4288247116075652,0.1405684051184841,-0.18709518091808564,0.15833663427348835,0.03205603854215133,-0.03169242308331954,-0.02341380313512942,0.9220240092354257,False,1.0,10309.109124281704,-0.02886012960995854,False,-0.013574723878192644,-0.7970454691190689,0.42542462457653185,0.06227691724360518,848,0.031655192877689614,-0.0011384998816826569,0.0154223980517013,0.0010800277108096393,-0.0005561587295520511,0.00025937713025633727,0.001805024161680441,2.4922881124934886,-0.15382005096124748,1.4548617809098676,0.18587798942006062,-0.06040900987216995,0.04473697041724449,0.17543436996829942,0.3257352305635606,0.06035164689226053,0.08979491382759264,close,-7.94944199713091,509.9078914602854,1606,2.218627786155269,0.7543120179107752,False,1069,537,run+ledger,0.6549456867559094,this run,1.7033613928032278,-1.3055520045630133,False,False,False,False,False,False,0,6,False,False,unrankable,2000.0
us_etfs,4h,golden_cross,False,10,3.537759525439197,0.6488788392688902,0.10949487331979024,0.13437229909371706,-0.02487742577392682,0.9245497147474084,0.8095238095238095,55.867955565277406,21,1.2360368402519388,1.490534927053709,-0.2544980868017701,-1.9924729876694232,0.03522622626093247,-0.031523029309452825,-0.6932237952437188,9.999434708875071,1769,2023-02-10,2026-08-25,0.08714623795425804,0.11109349480147013,-0.11371014236577559,-0.12952080687813716,0.17279207155734722,14442.502761512804,17574.676013236298,0.2510483835085747,-0.019097810526909065,0.12772975512177664,0.031,-0.4835808443373236,0.01003580791603411,-0.6075226541500732,,,1,-0.607523,0.7844405121109288,-0.10270644425194242,15621.120780355837,False,-1178.618018843034,0.0,5.6137224300270795e-05,0.17366320966347604,0.6488788392688902,1.2921989775048348,0.9629297003918442,-0.3292692771129906,SPY,0.21037381520456644,19649.4012312515,1.4288247116075652,0.1405684051184841,-0.18709518091808564,0.619956083878188,0.12829248023344797,-0.11958557827988303,-0.018797606913657727,0.9422954911565096,False,1.0,14442.502761512804,-0.11371014236577559,False,0.04448630945589163,0.7085063939435641,0.4786308429551074,0.5562183665820264,848,0.3381359054774023,0.0779881603724906,0.06962950697949033,-0.0864023528262125,0.09279850338548871,0.07398578617909506,0.0029371043998379677,9.245572835939637,2.2977832346313383,2.412676464335219,-3.427473525413554,3.067252822618517,4.319856782220259,0.16391843321879757,0.4881691174342011,0.6726674375224075,0.7542393790251967,close,-0.5664423223095728,16.527975490305963,1606,2.218627786155269,0.9885648717210815,False,1069,537,run+ledger,0.6549456867559094,this run,1.5619268315036638,-0.325889991251725,False,False,False,False,False,False,0,6,False,True,underpowered,2000.0
us_etfs,4h,CDLADVANCEBLOCK,False,10,3.537759525439197,0.03742227247032221,-0.0066617070441195025,0.01888149540445072,-0.025543202448570224,0.9140940983411917,0.3584905660377358,0.7571050851135656,106,-0.52406168573832,1.490534927053709,-2.0145966127920287,-2.3182857342201384,7.315637501892347e-07,0.0005382739292337807,0.03893858715682311,9.999434708875071,1769,2023-02-10,2026-08-25,0.012602983054461447,0.11109349480147013,-0.035003273714769634,-0.12952080687813716,0.17279207155734722,9766.310167952599,17574.676013236298,0.01803970361679367,-0.013315206888574346,0.869002721732975,0.001,-4.004660519773905,-0.5256152436993666,-2.7371963395442225,,,1,-2.737196,0.11344483380402819,-0.015358960362622298,10684.140927805507,False,-917.830759852909,0.0,0.0004778231964905794,-0.16356802653299074,0.03742227247032221,1.2205365909490125,-0.19031668575926927,-1.4108532767082818,SPY,0.21037381520456644,19649.4012312515,1.4288247116075652,0.1405684051184841,-0.18709518091808564,0.0896572956336702,0.01808942239298883,-0.018044451074545775,-0.024751129437108332,0.916612512741246,False,1.0,9766.310167952599,-0.035003273714769634,False,-0.003751218118479449,-0.26544279511605884,0.7906683724138741,0.12550732481890958,848,-0.02956155306497461,0.008909786197841177,-0.019659180696881464,0.0005021175090167852,0.00012136195076945541,0.005310479365709391,0.005120801029294786,-3.0178314356302414,1.7804836108685649,-3.0878985108178574,0.09949331142271857,0.02149703319609696,1.6342033618480565,1.1088022714514696,0.9689393517824161,-0.03796114623383051,0.15341408763754683,close,5.53774668270834,123.74348802046096,1606,2.218627786155269,0.17871824935402159,False,1069,537,run+ledger,0.6549456867559094,this run,1.7033613928032278,-2.227423078541548,False,False,False,False,False,False,0,6,False,False,unrankable,2000.0
us_etfs,4h,mc_rolling_partial_autocorr,False,10,3.537759525439197,0.3030776961246153,0.07160646064867704,0.09715835269502149,-0.02555189204634445,0.9200143529022512,0.8823529411764706,13.873116632116073,51,1.1197930634096884,1.490534927053709,-0.3707418636440205,-1.903709046526734,0.022053217157931737,-0.0035797929765035057,-0.0737701750347249,9.999434708875071,1769,2023-02-10,2026-08-25,0.06356984981930308,0.11109349480147013,-0.0888258576065809,-0.12952080687813716,0.17279207155734722,12771.965920183391,17574.676013236298,0.0588996581366193,-0.03184197522004576,0.1947471249981341,0.039,-0.7174710810337388,0.04688064622700996,0.26635069667575406,,,1,0.266351,0.572219371916472,-0.07572040080168563,13882.35507401956,False,-1110.389153836171,0.0,0.0001738388365793905,0.25632229717452715,0.3030776961246153,1.2514522294447523,0.8061443207880932,-0.44530790865665915,SPY,0.21037381520456644,19649.4012312515,1.4288247116075652,0.1405684051184841,-0.18709518091808564,0.4522342681893596,0.09286454253008292,-0.08841404359121985,-0.021258081881405877,0.9328661391674213,False,1.0,12771.965920183391,-0.0888258576065809,False,0.03582342257349762,0.686926014264555,0.4921293527254087,0.42174354228390376,848,0.241041344907799,-0.023943344507497216,0.04353761746411576,-0.022904191831066595,0.07530878619467728,-0.024325029444392958,0.057444467282006674,6.598454034936432,-0.8628092578734381,1.6801956258283965,-1.1818070301030814,2.784253958942795,-1.2913134960806205,2.7225653933144707,0.941193259216409,0.34871057247306436,0.5163063912910222,close,-0.4938629109559209,46.85696671251354,1606,2.218627786155269,0.9798895870204152,False,1069,537,run+ledger,0.6549456867559094,this run,1.6821222377165195,-0.562329174306831,True,False,False,False,False,False,1,6,False,True,underpowered,2000.0
us_etfs,4h,mc_close_range_oscillator,False,10,3.537759525439197,0.3548772062056404,0.08311102177482255,0.10904241108564028,-0.025931389310817732,0.9197057190777648,0.793939393939394,4.0159641725028985,165,1.1578769000978193,1.490534927053709,-0.33265802695588964,-1.3549490794929901,0.02458188397935901,-0.011014487120712874,-0.25714986391192923,9.999434708875071,1769,2023-02-10,2026-08-25,0.07114155311016446,0.11109349480147013,-0.09634804763142957,-0.12952080687813716,0.17279207155734722,13263.698719812493,17574.676013236298,0.028509687706235184,-0.027352372922991156,0.2455133052530412,0.108,-0.7898235284440469,0.16074196076244435,-0.6650997726605249,,,1,-0.665100,0.6403755074705151,-0.08445105331452374,14421.676895858243,False,-1157.9781760457508,0.0,0.0005669690055462382,0.2522877967190691,0.3548772062056404,1.2575209479798624,0.8626124121659006,-0.3949085358139618,SPY,0.21037381520456644,19649.4012312515,1.4288247116075652,0.1405684051184841,-0.18709518091808564,0.5060991696548008,0.10418665437690322,-0.0985186865952209,-0.021075632602080674,0.9340941583309229,False,1.0,13263.698719812493,-0.09634804763142957,False,0.038247228307685364,0.7352596453322806,0.46218137996016484,0.5461278621663039,848,0.2915754485581984,-0.01959232244338989,0.06553817956403321,-0.018864420425657974,0.0588669122636602,0.006109002127533996,0.10167751989246,7.548788486627721,-0.6324407683299956,2.516437818552682,-0.9292603037762062,2.078315641029505,0.3520202879867684,5.210953902112519,0.7970630855809884,0.43595632357069014,0.6680009786383229,close,-0.012463449404135463,41.92726655576804,1606,2.218627786155269,0.9841148767139571,False,1069,537,run+ledger,0.6549456867559094,this run,1.658480813502714,-0.5006039134048947,False,False,False,False,False,False,0,6,False,True,underpowered,2000.0
us_etfs,4h,mc_normalized_band_deviation_reversion,False,10,3.537759525439197,0.3548772062056404,0.08311102177482255,0.10904241108564028,-0.025931389310817732,0.9197057190777648,0.793939393939394,4.0159641725028985,165,1.1578769000978193,1.490534927053709,-0.33265802695588964,-1.3549490794929901,0.02458188397935901,-0.011014487120712874,-0.25714986391192923,9.999434708875071,1769,2023-02-10,2026-08-25,0.07114155311016446,0.11109349480147013,-0.09634804763142957,-0.12952080687813716,0.17279207155734722,13263.698719812493,17574.676013236298,0.028509687706235184,-0.027352372922991156,0.2455133052530412,0.108,-0.7898235284440469,0.16074196076244435,-0.6650997726605249,,,1,-0.665100,0.6403755074705151,-0.08445105331452374,14421.676895858243,False,-1157.9781760457508,0.0,0.0005669690055462382,0.2522877967190691,0.3548772062056404,1.2575209479798624,0.8626124121659006,-0.3949085358139618,SPY,0.21037381520456644,19649.4012312515,1.4288247116075652,0.1405684051184841,-0.18709518091808564,0.5060991696548008,0.10418665437690322,-0.0985186865952209,-0.021075632602080674,0.9340941583309229,False,1.0,13263.698719812493,-0.09634804763142957,False,0.038247228307685364,0.7352596453322806,0.46218137996016484,0.5461278621663039,848,0.2915754485581984,-0.01959232244338989,0.06553817956403321,-0.018864420425657974,0.0588669122636602,0.006109002127533996,0.10167751989246,7.548788486627721,-0.6324407683299956,2.516437818552682,-0.9292603037762062,2.078315641029505,0.3520202879867684,5.210953902112519,0.7970630855809884,0.43595632357069014,0.6680009786383229,close,-0.012463449404135463,41.92726655576804,1606,2.218627786155269,0.9841148767139571,False,1069,537,run+ledger,0.6549456867559094,this run,1.658480813502714,-0.5006039134048947,False,False,False,False,False,False,0,6,False,True,underpowered,2000.0
us_etfs,4h,mc_rolling_window_z_score_mean,False,10,3.537759525439197,0.3548772062056404,0.08311102177482255,0.10904241108564028,-0.025931389310817732,0.9197057190777648,0.793939393939394,4.0159641725028985,165,1.1578769000978193,1.490534927053709,-0.33265802695588964,-1.3549490794929901,0.02458188397935901,-0.011014487120712874,-0.25714986391192923,9.999434708875071,1769,2023-02-10,2026-08-25,0.07114155311016446,0.11109349480147013,-0.09634804763142957,-0.12952080687813716,0.17279207155734722,13263.698719812493,17574.676013236298,0.028509687706235184,-0.027352372922991156,0.2455133052530412,0.108,-0.7898235284440469,0.16074196076244435,-0.6650997726605249,,,1,-0.665100,0.6403755074705151,-0.08445105331452374,14421.676895858243,False,-1157.9781760457508,0.0,0.0005669690055462382,0.2522877967190691,0.3548772062056404,1.2575209479798624,0.8626124121659006,-0.3949085358139618,SPY,0.21037381520456644,19649.4012312515,1.4288247116075652,0.1405684051184841,-0.18709518091808564,0.5060991696548008,0.10418665437690322,-0.0985186865952209,-0.021075632602080674,0.9340941583309229,False,1.0,13263.698719812493,-0.09634804763142957,False,0.038247228307685364,0.7352596453322806,0.46218137996016484,0.5461278621663039,848,0.2915754485581984,-0.01959232244338989,0.06553817956403321,-0.018864420425657974,0.0588669122636602,0.006109002127533996,0.10167751989246,7.548788486627721,-0.6324407683299956,2.516437818552682,-0.9292603037762062,2.078315641029505,0.3520202879867684,5.210953902112519,0.7970630855809884,0.43595632357069014,0.6680009786383229,close,-0.012463449404135463,41.92726655576804,1606,2.218627786155269,0.9841148767139571,False,1069,537,run+ledger,0.6549456867559094,this run,1.658480813502714,-0.5006039134048947,False,False,False,False,False,False,0,6,False,True,underpowered,2000.0
us_etfs,4h,mc_half_life_mean_reversion,False,10,3.537759525439197,0.29629420262546324,0.06635530412287949,0.09232138009970292,-0.025966075976823433,0.9184081246808286,0.8627450980392157,7.74330494498892,51,1.0926495714077218,1.490534927053709,-0.39788535564598715,-2.0142234847253153,0.018846543397881943,-0.005833395250938579,-0.12834079444146818,9.999434708875071,1769,2023-02-10,2026-08-25,0.06047621548325573,0.11109349480147013,-0.08882585760658013,-0.12952080687813716,0.17279207155734722,12551.924867503954,17574.676013236298,0.05992944019573701,-0.04864839252094612,0.19753783960087615,0.0285,-0.7542620547171305,0.02183682875604495,0.26635069667575406,,,1,0.266351,0.5443722478199995,-0.07213576338134031,13667.044672395603,False,-1115.1198048916488,0.0,0.00017383883657939107,0.2421375505983383,0.29629420262546324,1.2506584421991542,0.7470268895885556,-0.5036315526105987,SPY,0.21037381520456644,19649.4012312515,1.4288247116075652,0.1405684051184841,-0.18709518091808564,0.43022623350020056,0.08825402132743143,-0.08425980923465459,-0.021898717204551943,0.9306093910307474,False,1.0,12551.924867503954,-0.08882585760658013,False,0.03198173779406651,0.6452694874358536,0.5187525624246674,0.4285519160709531,848,0.23169414378873426,-0.022873279841221547,0.04393982663194058,-0.02163474669098242,0.07116021229131554,-0.0194021582724312,0.05610784509160118,6.500266006475745,-0.8235725830756344,1.7438763856015596,-1.1487707781184147,2.7079569741083676,-1.11159357457502,2.863042635977209,0.8978792827310746,0.33465636010176975,0.5243596088290323,close,-0.2785576660226148,41.78062475536243,1606,2.218627786155269,0.9781346662604953,False,1069,537,run+ledger,0.6549456867559094,this run,1.6852182408874798,-0.5925686694797581,True,False,False,False,False,False,1,6,False,True,underpowered,2000.0
us_etfs,4h,supertrend_lf,False,10,3.537759525439197,0.5983732177627032,0.07179698003976598,0.09868030619686885,-0.02688332615710287,0.916089519012043,0.4281437125748503,1.6913744809630713,334,1.1066229247627801,1.490534927053709,-0.3839120022909288,-1.8881417486659307,0.01883477319101684,0.024947240343230703,0.5930255803610824,9.999434708875071,1769,2023-02-10,2026-08-25,0.0645418329643006,0.11109349480147013,-0.06151638939352211,-0.12952080687813716,0.17279207155734722,12780.000957404765,17574.676013236298,0.045603529572718494,-0.02018651521593485,0.20332795594514153,0.026,-0.7946919256733371,0.0030576757804773157,-0.48068213713963837,,,1,-0.480682,0.5809686073846199,-0.07684455523051059,13950.602743700592,False,-1170.6017862958286,0.0,0.0011436616793499236,0.12285581382082111,0.5983732177627032,1.2862145625966968,1.1671195391601843,-0.11909502343651246,SPY,0.21037381520456644,19649.4012312515,1.4288247116075652,0.1405684051184841,-0.18709518091808564,0.4591489311548976,0.09431497134593303,-0.08971617178388225,-0.02251799130616705,0.9290833926748693,False,1.0,12780.000957404765,-0.06151638939352211,False,0.07654956000247932,1.7351196981161194,0.08271960597345607,0.4318282559408494,848,0.21101279917334306,0.11116492722945195,0.036094063131089885,-0.04462483949861332,0.0508701128742902,-0.02355713479189954,-0.08306366967555999,7.854344202785408,4.370893278661004,1.5929968243525672,-2.1383918113095297,1.8636602502814505,-1.7565822508127698,-5.041944689807136,0.5531640330410088,0.4566702026254846,0.5993968301908836,close,-0.14486610732447341,9.056728609476606,1606,2.218627786155269,0.9806975260169635,False,1069,537,run+ledger,0.6549456867559094,this run,1.5721616133982705,-0.4655386886354904,False,False,False,False,False,False,0,6,False,True,underpowered,2000.0
us_etfs,4h,mc_mean_abs_deviation_score,False,10,3.537759525439197,0.43507317379561583,0.07412361128767464,0.10144086363910865,-0.027317252351434007,0.9149849157976043,0.6,1.9927984558632046,280,1.1116367618182676,1.490534927053709,-0.3788981652354413,-1.7856374806936963,0.01857391650416318,-0.01641216156854006,-0.4514065756499848,9.999434708875071,1769,2023-02-10,2026-08-25,0.06630310688026614,0.11109349480147013,-0.07035050055226755,-0.12952080687813716,0.17279207155734722,12878.417963715918,17574.676013236298,0.03082102981311557,-0.023199307779294524,0.21219209908622907,0.0315,-0.8036846764554864,0.009736611954765875,-1.4904236686314967,,,1,-1.490424,0.5968225862257124,-0.07887901891636762,14075.005763881509,False,-1196.5878001655917,0.0,0.0009554069392493185,0.1786289502533689,0.43507317379561583,1.2669414874220672,1.053633033251893,-0.2133084541701742,SPY,0.21037381520456644,19649.4012312515,1.4288247116075652,0.1405684051184841,-0.18709518091808564,0.47167858826014086,0.09694546389471159,-0.0920719324444551,-0.022821852607036952,0.9283195997665801,False,1.0,12878.417963715918,-0.07035050055226755,False,0.034067899415587036,0.7821895688387253,0.43410317387835584,0.5349095790745308,848,0.2513738246439009,0.013992571337053394,0.048205106259892765,-0.07298952391773567,0.038792256390471486,0.012827582194317459,0.05941491509444331,9.177714831434137,0.7081971422352026,2.1914506437055934,-3.5466294278482677,1.3618251564999158,0.8787000327943211,2.819073656327199,0.651696544928154,0.4467384379305981,0.6877452001060109,close,0.46974197271833146,34.773060810937984,1606,2.218627786155269,0.9818201625560782,False,1069,537,run+ledger,0.6549456867559094,this run,1.6218791760149163,-0.5102424141966486,False,False,False,False,False,False,0,6,False,True,underpowered,2000.0
us_etfs,4h,MAXINDEX~WILLR|vote,False,10,3.537759525439197,0.6639846743295019,0.07690905800093795,0.10499199454563923,-0.028082936544701287,0.9129510415830256,0.33746355685131196,1.330515071129346,1372,1.1150329832699046,1.490534927053709,-0.3755019437838043,-1.2033440235283197,0.021066376291327293,0.04161750744043351,0.7576857943384715,9.999434708875071,1769,2023-02-10,2026-08-25,0.06856551052986738,0.11109349480147013,-0.08574483137179045,-0.12952080687813716,0.17279207155734722,12996.956622044421,17574.676013236298,0.024346709989355914,-0.009320465260872912,0.31204870464457596,0.109,-0.9905393227660293,0.2353787983844622,-0.6908724112747432,,,1,-0.690872,0.617187447855498,-0.08148752247100177,14236.20329027518,False,-1239.246668230758,0.0,0.004948690766813815,0.11805588773878117,0.6639846743295019,1.2939909687828082,0.8969526998946385,-0.3970382688881696,SPY,0.21037381520456644,19649.4012312515,1.4288247116075652,0.1405684051184841,-0.18709518091808564,0.48777326933512555,0.10032865349766928,-0.09509088880396166,-0.023419595496731338,0.9267131458327861,False,1.0,12996.956622044421,-0.08574483137179045,False,0.08512464102264866,1.4736089825137781,0.14058690145220565,0.263794341578221,848,0.16375801522696007,0.12478447330891536,0.04065642418120288,-0.03379700934507518,0.030875340636977024,-0.005165580247400697,-0.060217508051413425,4.889402143156196,3.777385189611657,1.7586987711038655,-1.2743800290926515,1.0136034629676813,-0.2962276751036195,-3.274569316736813,0.44863910525473427,0.3850294258057295,0.3653162370018861,close,-0.681154140826726,15.079002442209815,1606,2.218627786155269,0.9799767656626368,False,1069,537,run+ledger,0.6549456867559094,this run,1.5588656885542136,-0.44383270528430896,False,False,False,False,False,False,0,6,False,True,underpowered,2000.0
us_etfs,4h,MAXINDEX~TSF_9|and,False,10,3.537759525439197,0.39141385591357325,0.06474002445663518,0.09289426267319256,-0.02815423821655738,0.9118030286843245,0.4754257907542579,1.2717060407545857,2055,1.0614759068079054,1.490534927053709,-0.42905902024580356,-1.9521082744571001,0.014598919028172452,0.022142563002016682,0.5121225773259505,9.999434708875071,1769,2023-02-10,2026-08-25,0.06084298238800007,0.11109349480147013,-0.04737653561332378,-0.12952080687813716,0.17279207155734722,12484.789783016711,17574.676013236298,0.011413872994893194,-0.00813433593977851,0.2197926343840374,0.021,-0.8795983968771263,-0.013130855732707702,-0.4269348465669185,,,1,-0.426935,0.547673673393115,-0.0725612721404999,13692.41973349386,False,-1207.629950477147,0.0,0.007075834244808444,0.17382404956991016,0.39141385591357325,1.2618091506596492,1.3664997581298082,0.10469060747015901,SPY,0.21037381520456644,19649.4012312515,1.4288247116075652,0.1405684051184841,-0.18709518091808564,0.4328354037787934,0.08880015203104197,-0.08475309694164379,-0.024060127574406787,0.9239904525901048,False,1.0,12484.789783016711,-0.04737653561332378,False,0.06486582617493432,1.4339637262574412,0.151582614550549,0.4418932017543117,848,0.21288884280398895,0.03977764646345097,0.05148216868368273,-0.037682473324339216,-0.0019195962381987307,0.01584712887615715,0.055722618172984614,12.60565873971653,1.7210479969932588,2.2926905513847786,-1.7387859038724278,-0.08101301167436575,1.1169580768362213,2.9221614592997187,0.6085652242953326,0.37809232954707667,0.5651315999205426,close,0.2997380202021963,18.22255638318804,1606,2.218627786155269,0.9772763697247284,False,1069,537,run+ledger,0.6549456867559094,this run,1.6418053964235693,-0.5803294896156639,False,False,False,True,False,False,1,6,False,True,underpowered,2000.0
us_etfs,4h,mc_chebyshev_polynomial_fit,False,10,3.537759525439197,0.5469505684316311,0.08373422235635464,0.11236727277237524,-0.0286330504160206,0.9118710015564491,0.6986301369863014,3.4642328245806095,73,1.1344840404339578,1.490534927053709,-0.35605088661975115,-1.6217553952763621,0.02281464926180571,-0.00455479080162806,-0.1178844107887349,9.999434708875071,1769,2023-02-10,2026-08-25,0.07325262964297363,0.11109349480147013,-0.09706346805058896,-0.12952080687813716,0.17279207155734722,13290.717446812234,17574.676013236298,0.08130253385313861,-0.05440571269146002,0.21954660219217387,0.063,-0.7591289840447336,0.11825490558844688,0.5466261895791964,,,1,0.546626,0.6593782090830782,-0.08687445104585312,14575.216696360178,False,-1284.4992495479435,0.0,0.00024767087579001627,0.15837716858222928,0.5469505684316311,1.2801327782326852,0.862674949062327,-0.41745782917035823,SPY,0.21037381520456644,19649.4012312515,1.4288247116075652,0.1405684051184841,-0.18709518091808564,0.5211173135330768,0.10735288230064821,-0.1013201098995471,-0.023618659944293574,0.9265632351626555,False,1.0,13290.717446812234,-0.09706346805058896,False,0.05736438606366771,1.1083668379679021,0.2677034206245408,0.5636135120699726,848,0.30380487050396776,0.010818978658268974,0.07755107765164626,-0.08775454710910491,0.08337927222701577,-0.002310331535205358,-0.004846468948506795,12.129632751642276,0.4688020229323509,3.283420858256177,-4.105185913814746,3.0668426309142234,-0.18688872249476468,-0.34016573324752014,0.9061592455013847,0.5479723243489856,0.7547377506548025,close,-0.6063072888705601,15.662657465073625,1606,2.218627786155269,0.9817636270259054,False,1069,537,run+ledger,0.6549456867559094,this run,1.5825822276715134,-0.44809818723755557,True,False,False,False,False,False,1,6,False,True,underpowered,2000.0
us_etfs,4h,mc_residual_atr_blend,False,10,3.537759525439197,0.5223855285472018,0.08718237463314926,0.11601174493995736,-0.0288293703068081,0.9115668936721245,0.5943396226415094,1.9994995695850284,318,1.144174399542436,1.490534927053709,-0.3463605275112729,-1.4248017299287017,0.025730486990759527,-0.016521789782886372,-0.3427627024686128,9.999434708875071,1769,2023-02-10,2026-08-25,0.07556302584563891,0.11109349480147013,-0.09290162869752805,-0.12952080687813716,0.17279207155734722,13440.925442774631,17574.676013236298,0.03218573658191385,-0.023583824341507575,0.24309384262791783,0.0705,-0.8341821778114712,0.12464790251483049,-1.2947881148883726,,,1,-1.294788,0.6801750721828851,-0.0895212668161045,14744.85913878429,False,-1303.9336960096582,0.0,0.00109052070166387,0.1735281405594793,0.5223855285472018,1.2772315487173245,0.9384375263968762,-0.3387940223204483,SPY,0.21037381520456644,19649.4012312515,1.4288247116075652,0.1405684051184841,-0.18709518091808564,0.5375534123898424,0.1108227622358271,-0.10437812918220213,-0.023640387602677837,0.9267208851138135,False,1.0,13440.925442774631,-0.09290162869752805,False,0.0494581014221206,0.8013502398643298,0.4229289136068095,0.4875331789298569,848,0.3007721099216169,0.052803937411473406,0.08073490389301577,-0.04348718616363664,0.018808027377574924,-0.02475375105721636,-0.014591406267644273,7.808533865893574,1.5471658975729583,2.5781697787735287,-1.923943493001805,0.6564813904543606,-1.4935865761583935,-0.7971891113864186,0.7317769871097164,0.583908833648675,0.681444474063102,close,-1.2088906766037943,22.758257297922157,1606,2.218627786155269,0.980960154516701,False,1069,537,run+ledger,0.6549456867559094,this run,1.5875602443348398,-0.4433858447924037,False,False,False,False,False,False,0,6,False,True,underpowered,2000.0
us_etfs,4h,HT_TRENDMODE~MAXINDEX|gate,False,10,3.537759525439197,0.5242761133094654,0.07373241851140988,0.10286903639736167,-0.029136617885951788,0.9096270427407906,0.5011135857461024,1.4977641004010909,898,1.0921502733735924,1.490534927053709,-0.39838465368011655,-1.289973843196309,0.01965003352651007,0.00018429569263594543,0.0049098127241211246,9.999434708875071,1769,2023-02-10,2026-08-25,0.06721342750288285,0.11109349480147013,-0.10197150828492607,-0.12952080687813716,0.17279207155734722,12861.832535768915,17574.676013236298,0.017650006517687063,-0.011836844790774043,0.3088315749821682,0.109,-0.9125870429793511,0.29109444904320225,0.28868896267423727,,,1,0.288689,0.6050167709909275,-0.07992925071028179,14139.676957069154,False,-1277.8444213002383,0.0,0.0030922961047336345,0.14533070740147047,0.5242761133094654,1.277454739453835,0.7230688233559194,-0.5543859160979155,SPY,0.21037381520456644,19649.4012312515,1.4288247116075652,0.1405684051184841,-0.18709518091808564,0.4781545856355782,0.09830617995397262,-0.09328762306863747,-0.024573761442562736,0.9230668571274346,False,1.0,12861.832535768915,-0.10197150828492607,False,0.056788335592719195,1.1345325743585308,0.256571217856725,0.5323815658125857,848,0.2789476536079943,0.02714149196419169,0.04003361164522583,-0.06389188924945088,0.09317833871310499,-0.018095773141697816,-0.04062623717028941,9.171366314796108,0.7735511673560563,1.4122758235158555,-2.8851444154739667,3.629654364928008,-1.2377814000632958,-2.43343478655728,0.9960825519701675,0.5009344258414371,0.7173881728127235,close,-0.8392120021796228,26.55966771528125,1606,2.218627786155269,0.9771538744743984,False,1069,537,run+ledger,0.6549456867559094,this run,1.5871771241569668,-0.4950268507833744,True,False,False,False,False,False,1,6,False,True,underpowered,2000.0
us_etfs,4h,MAXINDEX~HT_TRENDMODE|and,False,10,3.537759525439197,0.5242761133094654,0.07373241851140988,0.10286903639736167,-0.029136617885951788,0.9096270427407906,0.5011135857461024,1.4977641004010909,898,1.0921502733735924,1.490534927053709,-0.39838465368011655,-1.289973843196309,0.01965003352651007,0.00018429569263594543,0.0049098127241211246,9.999434708875071,1769,2023-02-10,2026-08-25,0.06721342750288285,0.11109349480147013,-0.10197150828492607,-0.12952080687813716,0.17279207155734722,12861.832535768915,17574.676013236298,0.017650006517687063,-0.011836844790774043,0.3088315749821682,0.109,-0.9125870429793511,0.29109444904320225,0.28868896267423727,,,1,0.288689,0.6050167709909275,-0.07992925071028179,14139.676957069154,False,-1277.8444213002383,0.0,0.0030922961047336345,0.14533070740147047,0.5242761133094654,1.277454739453835,0.7230688233559194,-0.5543859160979155,SPY,0.21037381520456644,19649.4012312515,1.4288247116075652,0.1405684051184841,-0.18709518091808564,0.4781545856355782,0.09830617995397262,-0.09328762306863747,-0.024573761442562736,0.9230668571274346,False,1.0,12861.832535768915,-0.10197150828492607,False,0.056788335592719195,1.1345325743585308,0.256571217856725,0.5323815658125857,848,0.2789476536079943,0.02714149196419169,0.04003361164522583,-0.06389188924945088,0.09317833871310499,-0.018095773141697816,-0.04062623717028941,9.171366314796108,0.7735511673560563,1.4122758235158555,-2.8851444154739667,3.629654364928008,-1.2377814000632958,-2.43343478655728,0.9960825519701675,0.5009344258414371,0.7173881728127235,close,-0.8392120021796228,26.55966771528125,1606,2.218627786155269,0.9771538744743984,False,1069,537,run+ledger,0.6549456867559094,this run,1.5871771241569668,-0.4950268507833744,True,False,False,False,False,False,1,6,False,True,underpowered,2000.0
us_etfs,4h,MAXINDEX~HT_TRENDMODE|gate,False,10,3.537759525439197,0.5242761133094654,0.07373241851140988,0.10286903639736167,-0.029136617885951788,0.9096270427407906,0.5011135857461024,1.4977641004010909,898,1.0921502733735924,1.490534927053709,-0.39838465368011655,-1.289973843196309,0.01965003352651007,0.00018429569263594543,0.0049098127241211246,9.999434708875071,1769,2023-02-10,2026-08-25,0.06721342750288285,0.11109349480147013,-0.10197150828492607,-0.12952080687813716,0.17279207155734722,12861.832535768915,17574.676013236298,0.017650006517687063,-0.011836844790774043,0.3088315749821682,0.109,-0.9125870429793511,0.29109444904320225,0.28868896267423727,,,1,0.288689,0.6050167709909275,-0.07992925071028179,14139.676957069154,False,-1277.8444213002383,0.0,0.0030922961047336345,0.14533070740147047,0.5242761133094654,1.277454739453835,0.7230688233559194,-0.5543859160979155,SPY,0.21037381520456644,19649.4012312515,1.4288247116075652,0.1405684051184841,-0.18709518091808564,0.4781545856355782,0.09830617995397262,-0.09328762306863747,-0.024573761442562736,0.9230668571274346,False,1.0,12861.832535768915,-0.10197150828492607,False,0.056788335592719195,1.1345325743585308,0.256571217856725,0.5323815658125857,848,0.2789476536079943,0.02714149196419169,0.04003361164522583,-0.06389188924945088,0.09317833871310499,-0.018095773141697816,-0.04062623717028941,9.171366314796108,0.7735511673560563,1.4122758235158555,-2.8851444154739667,3.629654364928008,-1.2377814000632958,-2.43343478655728,0.9960825519701675,0.5009344258414371,0.7173881728127235,close,-0.8392120021796228,26.55966771528125,1606,2.218627786155269,0.9771538744743984,False,1069,537,run+ledger,0.6549456867559094,this run,1.5871771241569668,-0.4950268507833744,True,False,False,False,False,False,1,6,False,True,underpowered,2000.0
us_etfs,4h,macd_cross,False,10,3.537759525439197,0.48756359525155457,0.0599354020706091,0.08921405219122547,-0.029278650120616367,0.9081022002390727,0.4244031830238727,1.6070492072678004,377,1.0245524418295409,1.490534927053709,-0.4659824852241681,-1.9353009895032143,0.013020004436662791,0.04128356107819692,1.001954503718038,9.999434708875071,1769,2023-02-10,2026-08-25,0.05848515746043269,0.11109349480147013,-0.0650333848099216,-0.12952080687813716,0.17279207155734722,12286.620117901619,17574.676013236298,0.0365767052961951,-0.01678168855985725,0.2407803684034618,0.0145,-0.9574459843917368,-0.0378122203754397,0.013532170477251526,,,1,0.013532,0.5264498840814101,-0.06982332122787538,13529.997080358318,False,-1243.3769624566992,0.0,0.0012919476202760153,0.12680408175919822,0.48756359525155457,1.2731235388476065,0.9216097585230603,-0.3515137803245463,SPY,0.21037381520456644,19649.4012312515,1.4288247116075652,0.1405684051184841,-0.18709518091808564,0.41606189819921463,0.08529147456387176,-0.08157824011861192,-0.02535607249326266,0.9197670471008742,False,1.0,12286.620117901619,-0.0650333848099216,False,0.08398938016252397,1.8475829940865243,0.06466269171246442,0.3662996341106425,848,0.17871027401134126,0.11321556035054503,0.017740374013873628,-0.007607346243226135,0.051020504001712985,-0.027578004484445365,-0.054778574314750035,6.5440958750377565,5.183264099624215,0.8614242653209291,-0.36793204526634554,1.9814607928832044,-1.7769377727705644,-2.843822260126378,0.31636556684955064,0.37793795285386006,0.5017090225744176,close,-0.19071934892657227,18.194102603944458,1606,2.218627786155269,0.9719104689205201,False,1069,537,run+ledger,0.6549456867559094,this run,1.5979224181448093,-0.5733699763152684,False,False,False,False,False,False,0,6,False,True,underpowered,2000.0
us_etfs,4h,mc_interquartile_range_reversion,False,10,3.537759525439197,0.36358268952955214,0.0803254884054363,0.10995531233558875,-0.029629823930152455,0.9087161416018245,0.7604790419161677,3.855983405083331,167,1.1131866949440092,1.490534927053709,-0.3773482321096997,-1.5583785603436715,0.020195229522935676,-0.015298438006118794,-0.3642637680530925,9.999434708875071,1769,2023-02-10,2026-08-25,0.07172150219760438,0.11109349480147013,-0.09634804763142935,-0.12952080687813716,0.17279207155734722,13143.413940840997,17574.676013236298,0.028794949334426643,-0.023709636306079702,0.2421415705478408,0.0645,-0.8270703679958455,0.09215487667656834,-0.8135256148300356,,,1,-0.813526,0.645595876930278,-0.08511727123071233,14463.717919297285,False,-1320.3039784562875,0.0,0.0005738660260544285,0.2367696932842327,0.36358268952955214,1.2585421157879615,0.8337012568507264,-0.4248408589372351,SPY,0.21037381520456644,19649.4012312515,1.4288247116075652,0.1405684051184841,-0.18709518091808564,0.5102249124698459,0.10505606138003443,-0.09928897355400368,-0.02473057297459813,0.9230493611947838,False,1.0,13143.413940840997,-0.09634804763142935,False,0.035402756664773896,0.6803613121232462,0.4962757113028915,0.558262694924882,848,0.29571767430336027,-0.0177064346617144,0.06829396794583481,-0.020260606479249738,0.053950626255225245,0.006664422588086409,0.10550756592769171,7.844484087357216,-0.5778132792884163,2.6262741825821148,-1.0250790573714468,1.9392763604831085,0.3875415269272041,5.416082342851115,0.7156610529067577,0.4486954268064748,0.6852978549160467,close,-0.07723600533717694,40.6227939998142,1606,2.218627786155269,0.9804956647637092,False,1069,537,run+ledger,0.6549456867559094,this run,1.6545076094333149,-0.5413209144893056,False,False,False,False,False,False,0,6,False,True,underpowered,2000.0
us_etfs,4h,mc_high_low_range_break,False,10,3.537759525439197,0.4646504616544187,0.06905688116593067,0.09910230573075496,-0.030045424564824286,0.9065983142705661,0.6174496644295302,1.8540693905973824,298,1.0628500822005646,1.490534927053709,-0.4276848448531443,-1.950182430602801,0.017481426298043612,-0.04146445007504862,-1.1058374168658305,9.999434708875071,1769,2023-02-10,2026-08-25,0.06481121900998663,0.11109349480147013,-0.08273220633602452,-0.12952080687813716,0.17279207155734722,12664.787387792829,17574.676013236298,0.028639061305353777,-0.024931348341440174,0.21930504456495742,0.0165,-0.8976648395347706,-0.031937145609705016,-1.280641682625179,,,1,-1.280642,0.5833934662493754,-0.07715593844516666,13969.568648473283,False,-1304.7812606804544,0.0,0.0010154449374435673,0.1545540176204867,0.4646504616544187,1.2704234071255196,0.8347037293487588,-0.4357196777767608,SPY,0.21037381520456644,19649.4012312515,1.4288247116075652,0.1405684051184841,-0.18709518091808564,0.46106533651966614,0.09471711586073339,-0.09007679725542095,-0.02566023469480272,0.9195115798508128,False,1.0,12664.787387792829,-0.08273220633602452,False,0.012146458992145384,0.2541513016992462,0.7993786711434507,0.5374627650086029,848,0.2730148977246941,-0.005757864047174238,0.10244864677580348,-0.06632631343053283,0.03835949910919852,0.0056879725337086635,0.020177263654622198,10.329659898348067,-0.2619449868745196,4.060985267257318,-3.384692170222661,1.6741490997355697,0.37328720032837337,0.9591612152400757,0.2687968966216734,0.47444581693846255,0.7097492272627206,close,-1.0747277628634775,20.507466254178336,1606,2.218627786155269,0.9737637047345711,False,1069,537,run+ledger,0.6549456867559094,this run,1.6083800288556085,-0.5455299466550438,False,False,False,False,False,False,0,6,False,True,underpowered,2000.0
us_etfs,4h,bollinger_mr,False,10,3.537759525439197,0.20043967087494505,0.06243046113422612,0.09248426244243246,-0.03005380130820634,0.9060271062455395,0.7803468208092486,3.836113996548337,173,1.029982839682093,1.490534927053709,-0.460552087371616,-2.1646749212292304,0.013863017067455075,-0.03189268829971887,-0.8056201937206887,9.999434708875071,1769,2023-02-10,2026-08-25,0.06058050482484295,0.11109349480147013,-0.06122904567489107,-0.12952080687813716,0.17279207155734722,12389.246495074734,17574.676013236298,0.02124571975674034,-0.019675696549470535,0.21275808337544155,0.0125,-0.8529413864307251,-0.0324323061325106,-1.4538367030222954,,,1,-1.453837,0.5453110007305421,-0.07225677037234868,13674.25589110042,False,-1285.0093960256847,0.0,0.0005965922739584635,0.3527393223065569,0.20043967087494505,1.2394657768077424,1.019621659068708,-0.21984411773903445,SPY,0.21037381520456644,19649.4012312515,1.4288247116075652,0.1405684051184841,-0.18709518091808564,0.4309681451801355,0.08840929943863918,-0.08440009587360775,-0.025978838304413054,0.9180847697424631,False,1.0,12389.246495074734,-0.06122904567489107,False,0.0047574359139298935,0.10944217608184811,0.912851782958038,0.4855458937590066,848,0.2237871857533526,-0.06463046626975708,0.06918218581329198,-0.02815311896639483,0.03597851450668987,0.016835289869768903,0.11976687656682748,6.808253650894162,-2.3303903435942854,3.738628812485376,-1.560098195985827,1.5452568801962208,1.0370681915373337,6.1105952941224855,0.42046187829275294,0.32434626507912,0.5764372854960155,close,0.03279863082273761,62.441032675773435,1606,2.218627786155269,0.9717610350559232,False,1069,537,run+ledger,0.6549456867559094,this run,1.7033613928032278,-0.6733785531211349,False,False,False,False,False,False,0,6,False,True,underpowered,2000.0
us_etfs,4h,sp100_momentum,False,10,3.537759525439197,0.3734941272533132,0.05073370342022532,0.08085703052968807,-0.03012332710946275,0.9048402656415372,0.43,2.6149989442024486,100,0.958324278747959,1.490534927053709,-0.5322106483057499,-2.0768008267347877,0.009804860721152886,-0.020268850468865736,-0.5263819113989384,9.999434708875071,1769,2023-02-10,2026-08-25,0.053115869443220304,0.11109349480147013,-0.05459616490950425,-0.12952080687813716,0.17279207155734722,11913.404096166678,17574.676013236298,0.06813162265695132,-0.01965489891040068,0.256264655452063,0.009,-1.0558681936632175,-0.06790860444108265,-0.6303335674406819,,,1,-0.630334,0.4781186291613306,-0.06356633634213149,13166.306306804332,False,-1252.9022106376542,0.0,0.00033060472075325246,0.1416811969243823,0.3734941272533132,1.2597051791168927,0.9292539778997088,-0.33045120121718397,SPY,0.21037381520456644,19649.4012312515,1.4288247116075652,0.1405684051184841,-0.18709518091808564,0.3778649220530696,0.0773211374136813,-0.07431588513485421,-0.026587433993455978,0.9153905002782986,False,1.0,11913.404096166678,-0.05459616490950425,False,0.01542699130165639,0.39267285722392314,0.6945611204433588,0.33895244204096253,848,0.1285690205837683,0.0755572730891912,0.05782005913926688,-0.07545056098354892,0.015658338854377257,0.03899226378566216,-0.074690121625563,6.853526154453086,3.8294891132504403,3.895589864923902,-3.4860888724910786,0.7693697635572034,3.122250730265817,-5.179541238949437,0.5986228810892753,0.31590105642295313,0.4581524144089073,close,-0.5981410409999334,13.059480451375677,1606,2.218627786155269,0.9620139651351787,False,1069,537,run+ledger,0.6549456867559094,this run,1.6499840048001895,-0.6916597260522305,False,False,False,False,False,False,0,6,False,True,underpowered,2000.0
us_etfs,4h,CDLRICKSHAWMAN,False,10,3.537759525439197,0.4980466051127442,0.06690988723437497,0.09724320295769107,-0.0303333157233161,0.9055808162498103,0.5584826132771338,1.35171173094899,949,1.0498585805934204,1.490534927053709,-0.4406763464602885,-1.346571117125973,0.015617481801212585,-0.021509370745817918,-0.7100846065484818,9.999434708875071,1769,2023-02-10,2026-08-25,0.0636240566819614,0.11109349480147013,-0.07218277028783249,-0.12952080687813716,0.17279207155734722,12575.034334237145,17574.676013236298,0.017368577781035118,-0.016253317592895607,0.32725813056263764,0.092,-1.047107944913992,0.18615310545599847,-1.843669827760047,,,1,-1.843670,0.5727073110415772,-0.07578312053118097,13886.153624933062,False,-1311.1192906959168,0.0,0.0032624602992389964,0.1388751582274641,0.4980466051127442,1.274359668332648,0.9269509464317921,-0.3474087219008558,SPY,0.21037381520456644,19649.4012312515,1.4288247116075652,0.1405684051184841,-0.18709518091808564,0.45261989440894024,0.09294540864992484,-0.08848670120613444,-0.026035521415549878,0.9182418336193838,False,1.0,12575.034334237145,-0.07218277028783249,False,0.035253477280692294,0.8224341807364075,0.4108298324972228,0.5748681523805899,848,0.266968693046022,0.059565557910275124,0.07408711221964816,-0.03692445243525505,0.05280217582855739,0.0008023814976642618,-0.006617575558567628,18.43815293242525,3.499876087367818,4.040843285644591,-2.13547952787732,2.3431206025966937,0.07302908993596992,-0.5377028288321377,0.4776516714948036,0.5023398459805486,0.7827565558778741,close,-0.7463018522687499,11.693526752666507,1606,2.218627786155269,0.973499428770116,False,1069,537,run+ledger,0.6549456867559094,this run,1.5931379465778344,-0.543279365984414,False,False,False,False,False,False,0,6,False,True,underpowered,2000.0
us_etfs,4h,MAXINDEX~ADD|vote,False,10,3.537759525439197,0.6690660134413667,0.06784004547091027,0.09851771772726292,-0.03067767225635265,0.9046539975118849,0.351027397260274,1.3303039633305564,1168,1.0508825219083184,1.490534927053709,-0.4396524051453905,-2.0053753142409807,0.014130885585770803,0.05795859529888808,1.068076644868794,9.999434708875071,1769,2023-02-10,2026-08-25,0.06443802964908663,0.11109349480147013,-0.06278213597008508,-0.12952080687813716,0.17279207155734722,12613.862508299582,17574.676013236298,0.024666452123126133,-0.0100292961081691,0.21923696877249912,0.0205,-0.8690828586082576,-0.01467450945337388,-0.04571251867581716,,,1,-0.045713,0.5800342294050678,-0.07672454849353527,13943.30046956308,False,-1329.4379612634978,0.0,0.004277563343585912,0.1030773458433325,0.6690660134413667,1.2945939784662484,1.0805628770457127,-0.2140311014205356,SPY,0.21037381520456644,19649.4012312515,1.4288247116075652,0.1405684051184841,-0.18709518091808564,0.45841047705401705,0.09416002997462969,-0.08957718073332732,-0.026319984503719418,0.9174649003006659,False,1.0,12613.862508299582,-0.06278213597008508,False,0.09338869151302936,1.7253080947700299,0.0844719639226541,0.2015021410488359,848,0.10896013871491828,0.12307037914127297,0.007219406093756313,-0.03597458385772958,0.03498624698509652,-0.01225402242085686,-0.08589304105455257,2.722812447409361,3.792465320122224,0.2935987355460722,-1.497768677507147,1.0882727381171724,-0.6315080851244633,-3.662455645156454,0.28548593999393246,0.31354926142845224,0.28144302647801656,close,0.0548174396588293,9.21752848636139,1606,2.218627786155269,0.9758150631836087,False,1069,537,run+ledger,0.6549456867559094,this run,1.557835973524648,-0.5069534516163297,False,False,False,False,False,False,0,6,False,True,underpowered,2000.0
us_etfs,4h,CDLSHOOTINGSTAR,False,10,3.537759525439197,0.07976257772752969,-0.007859677361220174,0.022827902659125376,-0.03068758002034555,0.8978366493874343,0.45374449339207046,0.8447767648929375,227,-0.5108003426557401,1.490534927053709,-2.001335269709449,-2.7429939088504227,1.9096394204831668e-07,0.00012814501764235765,0.008012334777807707,9.999434708875071,1769,2023-02-10,2026-08-25,0.015221078665005404,0.11109349480147013,-0.06025511683629414,-0.12952080687813716,0.17279207155734722,9724.70540862006,17574.676013236298,0.013485568593728318,-0.013259979162718583,0.7296171031412171,0.0005,-3.464970601231513,-0.6400689352609429,-0.7495604596959372,,,1,-0.749560,0.13701143070713787,-0.01852787059684513,10831.263588153726,False,-1106.5581795336655,0.0,0.0010221160591778367,-0.09419179381993847,0.07976257772752969,1.2254399319211038,-0.1304399986904675,-1.3558799306115712,SPY,0.21037381520456644,19649.4012312515,1.4288247116075652,0.1405684051184841,-0.18709518091808564,0.10828236012335536,0.021867671172330905,-0.021760525086816696,-0.02972734853355108,0.9008249527990725,False,1.0,9724.70540862006,-0.06025511683629414,False,-0.006060175533376764,-0.38985802504499595,0.6966415339768652,0.11621816496394699,848,-0.025317543675142676,-0.010703879791829797,-0.004453035807479754,0.005942665945246527,-0.008750794522476573,-0.00456505624134096,0.0005650749262743552,-3.4242960444062494,-1.811715761147287,-0.8565435658114462,0.9227585671002534,-1.230441432123273,-1.1166558579960841,0.11193023961493985,0.9936071501857151,-0.05476539850546904,0.16133898386473045,close,0.8454990282129876,18.568140858654214,1606,2.218627786155269,0.17098535151031075,False,1069,537,run+ledger,0.6549456867559094,this run,1.7033613928032278,-2.214161735458968,False,False,False,False,False,False,0,6,False,False,unrankable,2000.0
us_etfs,4h,CDL3INSIDE,False,10,3.537759525439197,0.05602663149299667,-0.0012118967083291077,0.03029767877060996,-0.03150957547893907,0.8959378535712577,0.4819277108433735,0.9872960253301575,166,-0.05016322232155596,1.490534927053709,-1.540698149375265,-2.007265422933488,1.3855242801119605e-05,0.016883271061625342,0.49471328539228215,9.999434708875071,1769,2023-02-10,2026-08-25,0.020161782241049784,0.11109349480147013,-0.031400747869731016,-0.12952080687813716,0.17279207155734722,9957.19189734553,17574.676013236298,0.016912091275551194,-0.015934610823014672,0.767560747957106,0.0025,-3.2009571217525266,-0.3207123275877547,-2.906446007795631,,,1,-2.906446,0.18148481400355565,-0.02448776444736578,11113.708230605074,False,-1156.5163332595441,0.0,0.0006447203551643752,-0.021411296368932242,0.05602663149299667,1.2226899725818816,-0.03859451734578986,-1.2612844899276714,SPY,0.21037381520456644,19649.4012312515,1.4288247116075652,0.1405684051184841,-0.18709518091808564,0.1434303976349135,0.02901669774390947,-0.028743045259601474,-0.030228594452238577,0.8998898119999946,False,1.0,9957.19189734553,-0.031400747869731016,False,0.013074537125623748,0.42037335114265517,0.6742127326133613,0.04869672108763701,848,-0.026621620676554436,0.03420220551603083,-0.017910670471557734,0.013522078527568964,-0.014029468797270616,0.005209929741784113,0.007126641143875948,-1.0500515238989379,1.0400039321421313,-0.8668334277781826,0.7949524661532987,-1.3245175603562125,0.6134772484997023,0.8392833309312906,0.6208025222256925,-0.03370653315172555,0.05671207529044131,close,15.743979971699563,488.0369998670392,1606,2.218627786155269,0.4630809834939971,False,1069,537,run+ledger,0.6549456867559094,this run,1.7033613928032278,-1.7535246151247839,False,False,False,False,False,False,0,6,False,False,unrankable,2000.0
us_etfs,4h,HT_TRENDMODE,False,10,3.537759525439197,0.5864204509766974,0.09110629811038606,0.12270382072826402,-0.03159752261787796,0.9039374285674548,0.5308108108108108,1.6156844406389492,925,1.1327470616653632,1.490534927053709,-0.3577878653883457,-1.1806439005895648,0.024055608173354892,-0.015016791754927648,-0.3667035405784425,9.999434708875071,1769,2023-02-10,2026-08-25,0.0797956986864824,0.11109349480147013,-0.11894139190296393,-0.12952080687813716,0.17279207155734722,13613.335929184128,17574.676013236298,0.01713544991681532,-0.011998604324221807,0.3030446904521179,0.1495,-0.8222462831878216,0.35516490935985023,-0.06910406724974605,,,1,-0.069104,0.718275168398307,-0.09435567351426499,15060.042320360953,False,-1446.7063911768264,0.0,0.003183144563394803,0.1603078486579108,0.5864204509766974,1.2847998774794678,0.7659763910003121,-0.5188234864791557,SPY,0.21037381520456644,19649.4012312515,1.4288247116075652,0.1405684051184841,-0.18709518091808564,0.5676645375553858,0.11719231793472762,-0.10995907819617257,-0.026086019824341555,0.9198128675057307,False,1.0,13613.335929184128,-0.11894139190296393,False,0.05319962241037353,0.9380306474302968,0.3482286604102771,0.5805520927375851,848,0.34904926450680884,0.0014907537203713017,0.06016320817087924,-0.07547636825328016,0.12606486128647504,-0.02282310015204287,-0.013954614612610446,8.655664173188383,0.037130026187332146,2.0580093606193777,-3.1470382099097107,4.351434515141817,-1.3105325936238121,-0.7332031629840734,0.7138401652797914,0.6037016142871909,0.7733206936618683,close,-0.8638198312300264,37.7646926899838,1606,2.218627786155269,0.9803811334219099,False,1069,537,run+ledger,0.6549456867559094,this run,1.5745837984430955,-0.4418367367777323,False,False,False,False,False,False,0,6,False,True,underpowered,2000.0
us_etfs,4h,HT_TRENDMODE~ADD|gate,False,10,3.537759525439197,0.5864204509766974,0.09110629811038606,0.12270382072826402,-0.03159752261787796,0.9039374285674548,0.5308108108108108,1.6156844406389492,925,1.1327470616653632,1.490534927053709,-0.3577878653883457,-1.1806439005895648,0.024055608173354892,-0.015016791754927648,-0.3667035405784425,9.999434708875071,1769,2023-02-10,2026-08-25,0.0797956986864824,0.11109349480147013,-0.11894139190296393,-0.12952080687813716,0.17279207155734722,13613.335929184128,17574.676013236298,0.01713544991681532,-0.011998604324221807,0.3030446904521179,0.1495,-0.8222462831878216,0.35516490935985023,-0.06910406724974605,,,1,-0.069104,0.718275168398307,-0.09435567351426499,15060.042320360953,False,-1446.7063911768264,0.0,0.003183144563394803,0.1603078486579108,0.5864204509766974,1.2847998774794678,0.7659763910003121,-0.5188234864791557,SPY,0.21037381520456644,19649.4012312515,1.4288247116075652,0.1405684051184841,-0.18709518091808564,0.5676645375553858,0.11719231793472762,-0.10995907819617257,-0.026086019824341555,0.9198128675057307,False,1.0,13613.335929184128,-0.11894139190296393,False,0.05319962241037353,0.9380306474302968,0.3482286604102771,0.5805520927375851,848,0.34904926450680884,0.0014907537203713017,0.06016320817087924,-0.07547636825328016,0.12606486128647504,-0.02282310015204287,-0.013954614612610446,8.655664173188383,0.037130026187332146,2.0580093606193777,-3.1470382099097107,4.351434515141817,-1.3105325936238121,-0.7332031629840734,0.7138401652797914,0.6037016142871909,0.7733206936618683,close,-0.8638198312300264,37.7646926899838,1606,2.218627786155269,0.9803811334219099,False,1069,537,run+ledger,0.6549456867559094,this run,1.5745837984430955,-0.4418367367777323,False,False,False,False,False,False,0,6,False,True,underpowered,2000.0
us_etfs,4h,HT_TRENDMODE~MULT|gate,False,10,3.537759525439197,0.5864204509766974,0.09110629811038606,0.12270382072826402,-0.03159752261787796,0.9039374285674548,0.5308108108108108,1.6156844406389492,925,1.1327470616653632,1.490534927053709,-0.3577878653883457,-1.1806439005895648,0.024055608173354892,-0.015016791754927648,-0.3667035405784425,9.999434708875071,1769,2023-02-10,2026-08-25,0.0797956986864824,0.11109349480147013,-0.11894139190296393,-0.12952080687813716,0.17279207155734722,13613.335929184128,17574.676013236298,0.01713544991681532,-0.011998604324221807,0.3030446904521179,0.1495,-0.8222462831878216,0.35516490935985023,-0.06910406724974605,,,1,-0.069104,0.718275168398307,-0.09435567351426499,15060.042320360953,False,-1446.7063911768264,0.0,0.003183144563394803,0.1603078486579108,0.5864204509766974,1.2847998774794678,0.7659763910003121,-0.5188234864791557,SPY,0.21037381520456644,19649.4012312515,1.4288247116075652,0.1405684051184841,-0.18709518091808564,0.5676645375553858,0.11719231793472762,-0.10995907819617257,-0.026086019824341555,0.9198128675057307,False,1.0,13613.335929184128,-0.11894139190296393,False,0.05319962241037353,0.9380306474302968,0.3482286604102771,0.5805520927375851,848,0.34904926450680884,0.0014907537203713017,0.06016320817087924,-0.07547636825328016,0.12606486128647504,-0.02282310015204287,-0.013954614612610446,8.655664173188383,0.037130026187332146,2.0580093606193777,-3.1470382099097107,4.351434515141817,-1.3105325936238121,-0.7332031629840734,0.7138401652797914,0.6037016142871909,0.7733206936618683,close,-0.8638198312300264,37.7646926899838,1606,2.218627786155269,0.9803811334219099,False,1069,537,run+ledger,0.6549456867559094,this run,1.5745837984430955,-0.4418367367777323,False,False,False,False,False,False,0,6,False,True,underpowered,2000.0
us_etfs,4h,HT_TRENDMODE~TSF_9|gate,False,10,3.537759525439197,0.5864204509766974,0.09110629811038606,0.12270382072826402,-0.03159752261787796,0.9039374285674548,0.5308108108108108,1.6156844406389492,925,1.1327470616653632,1.490534927053709,-0.3577878653883457,-1.1806439005895648,0.024055608173354892,-0.015016791754927648,-0.3667035405784425,9.999434708875071,1769,2023-02-10,2026-08-25,0.0797956986864824,0.11109349480147013,-0.11894139190296393,-0.12952080687813716,0.17279207155734722,13613.335929184128,17574.676013236298,0.01713544991681532,-0.011998604324221807,0.3030446904521179,0.1495,-0.8222462831878216,0.35516490935985023,-0.06910406724974605,,,1,-0.069104,0.718275168398307,-0.09435567351426499,15060.042320360953,False,-1446.7063911768264,0.0,0.003183144563394803,0.1603078486579108,0.5864204509766974,1.2847998774794678,0.7659763910003121,-0.5188234864791557,SPY,0.21037381520456644,19649.4012312515,1.4288247116075652,0.1405684051184841,-0.18709518091808564,0.5676645375553858,0.11719231793472762,-0.10995907819617257,-0.026086019824341555,0.9198128675057307,False,1.0,13613.335929184128,-0.11894139190296393,False,0.05319962241037353,0.9380306474302968,0.3482286604102771,0.5805520927375851,848,0.34904926450680884,0.0014907537203713017,0.06016320817087924,-0.07547636825328016,0.12606486128647504,-0.02282310015204287,-0.013954614612610446,8.655664173188383,0.037130026187332146,2.0580093606193777,-3.1470382099097107,4.351434515141817,-1.3105325936238121,-0.7332031629840734,0.7138401652797914,0.6037016142871909,0.7733206936618683,close,-0.8638198312300264,37.7646926899838,1606,2.218627786155269,0.9803811334219099,False,1069,537,run+ledger,0.6549456867559094,this run,1.5745837984430955,-0.4418367367777323,False,False,False,False,False,False,0,6,False,True,underpowered,2000.0
us_etfs,4h,HT_TRENDMODE~WILLR|gate,False,10,3.537759525439197,0.5863073927517115,0.09096416457837542,0.12270024175409522,-0.0317360771757198,0.9035311093175831,0.5307443365695793,1.614762357072057,927,1.1311439588081624,1.490534927053709,-0.3593909682455465,-1.1869767515341327,0.023884121542810277,-0.015025041104572305,-0.3669034677983555,9.999434708875071,1769,2023-02-10,2026-08-25,0.07979343836355757,0.11109349480147013,-0.1189413919029646,-0.12952080687813716,0.17279207155734722,13607.063286197033,17574.676013236298,0.0170907210751783,-0.011970922400176782,0.30277843924158093,0.147,-0.8253036351265333,0.3512867269497244,-0.06910406724974605,,,1,-0.069104,0.7182548222661697,-0.09435309688682647,15059.872477964976,False,-1452.809191767943,0.0,0.0031900415839029935,0.16008332424745664,0.5863073927517115,1.284786499275226,0.7647814030340783,-0.5200050962411478,SPY,0.21037381520456644,19649.4012312515,1.4288247116075652,0.1405684051184841,-0.18709518091808564,0.567648457676533,0.11718891211372329,-0.1099561052380229,-0.02622474753534787,0.9193989592870798,False,1.0,13607.063286197033,-0.1189413919029646,False,0.05319156524560868,0.9378875346988402,0.34830220983831817,0.5805488298216754,848,0.3490475049400581,0.001490845978158184,0.060162674613931336,-0.07547371774004252,0.12606498483324197,-0.022821812542408178,-0.013953530950029313,8.655563896399547,0.03713221710300361,2.057992101475815,-3.146898497908446,4.3514498727106465,-1.3104570598163559,-0.7331455210820567,0.7136910246566324,0.6037033150849187,0.7733198388520567,close,-0.8637141835555139,37.76867708409294,1606,2.218627786155269,0.9802478043123972,False,1069,537,run+ledger,0.6549456867559094,this run,1.5746067092842972,-0.4434627504761348,False,False,False,False,False,False,0,6,False,True,underpowered,2000.0
us_etfs,4h,MAXINDEX~MULT|vote,False,10,3.537759525439197,0.6685572514289303,0.0661652356892608,0.09837975973189583,-0.03221452404263503,0.9000441860459457,0.3513281919451585,1.3210531317997944,1167,1.0278373875289808,1.490534927053709,-0.46269753952472814,-2.0666295681741462,0.01263501396797051,0.056956927387067806,1.0447604875842647,9.999434708875071,1769,2023-02-10,2026-08-25,0.0643499453766522,0.11109349480147013,-0.0627821359700852,-0.12952080687813716,0.17279207155734722,12544.011734287229,17574.676013236298,0.024652066699238567,-0.01010697115741426,0.22388992524360252,0.0195,-0.908641876910327,-0.024876333389146372,-0.2152949617288702,,,1,-0.215295,0.5792413452439219,-0.07662270554206252,13937.106565173543,False,-1393.0948308863144,0.0,0.004274623595344253,0.10057273718417314,0.6685572514289303,1.2945335980957187,1.0538863430958705,-0.24064725499984818,SPY,0.21037381520456644,19649.4012312515,1.4288247116075652,0.1405684051184841,-0.18709518091808564,0.4577838478170973,0.09402855945784228,-0.08945922407089024,-0.02786332376858147,0.9127722752554067,False,1.0,12544.011734287229,-0.0627821359700852,False,0.09198987641694548,1.6898443492898052,0.09105773665639805,0.2002592985435384,848,0.10847395814378585,0.12261901637859095,0.0073144381015754975,-0.03552434381768544,0.033848348040232734,-0.012413147060412633,-0.0855127909045659,2.714529593965325,3.7823274410634915,0.2984042961700901,-1.4838019856593736,1.0517014490568628,-0.6401532133515736,-3.646819330781234,0.2961336808923902,0.31003458832252506,0.27865742615950495,close,0.05856919684038323,9.25784610565091,1606,2.218627786155269,0.9732643188966268,False,1069,537,run+ledger,0.6549456867559094,this run,1.5579390723100557,-0.5301016847810749,False,False,False,False,False,False,0,6,False,True,underpowered,2000.0
us_etfs,4h,HT_TRENDMODE~CEIL|gate,False,10,3.537759525439197,0.5812134916148483,0.08958947012832486,0.12227638782781769,-0.032686917699492835,0.9007121792961411,0.524896265560166,1.5895420305947552,964,1.1188257214805135,1.490534927053709,-0.3717092055731954,-1.2151138882608914,0.022620635609346462,-0.016803293758773968,-0.4097612965699879,9.999434708875071,1769,2023-02-10,2026-08-25,0.0795257256520652,0.11109349480147013,-0.11842191137250269,-0.12952080687813716,0.17279207155734722,13546.502163747688,17574.676013236298,0.016815275529959994,-0.011687375854962012,0.30590482848089007,0.142,-0.8393700473299762,0.34258583309948587,-0.09477234962010139,,,1,-0.094772,0.7158450257972514,-0.09404788305003031,15039.767947107766,False,-1493.2657833600804,0.0,0.0033213111053785513,0.15907686566207158,0.5812134916148483,1.2841837943000618,0.7565278172762827,-0.5276559770237791,SPY,0.21037381520456644,19649.4012312515,1.4288247116075652,0.1405684051184841,-0.18709518091808564,0.5657439563679586,0.11678555947978486,-0.10960393235537602,-0.027196089351460007,0.9164770420392523,False,1.0,13546.502163747688,-0.11842191137250269,False,0.05128936811419124,0.9048588810369936,0.3655401531925202,0.577694331497089,848,0.3475155914462008,0.0005848651381359093,0.05842181692876329,-0.07324920887368905,0.1261457432483325,-0.022133615340593396,-0.01375738092670745,8.567261223282417,0.014517916575656575,2.0029912638553573,-3.0493356634468687,4.364106593913261,-1.2653301552752243,-0.7250464460001216,0.6819810601936191,0.6026064312646136,0.7712499261494504,close,-0.8657782638326765,38.227164081657456,1606,2.218627786155269,0.9791770099045688,False,1069,537,run+ledger,0.6549456867559094,this run,1.5756389699628852,-0.4568132484823717,False,False,False,False,False,False,0,6,False,True,underpowered,2000.0
us_etfs,4h,mc_smaatr_hybrid,False,10,3.537759525439197,0.3772690157653414,0.07773023232080045,0.11093011915233864,-0.03319988683153818,0.8982228324461137,0.7093596059113301,3.0444683045452234,203,1.071011883926149,1.490534927053709,-0.41952304312755984,-2.354980603268211,0.016145974600154656,-0.03689670821328664,-0.8937107540656335,9.999434708875071,1769,2023-02-10,2026-08-25,0.07234051550679718,0.11109349480147013,-0.0919751653714651,-0.12952080687813716,0.17279207155734722,13032.051721206999,17574.676013236298,0.027212458313374318,-0.02181558182417498,0.17814288684388793,0.004,-0.7759386693980954,-0.07776429214992492,-1.1884058382752833,,,1,-1.188406,0.6511678801362173,-0.08582797236763484,14508.706804654534,False,-1476.6550834475356,0.0,0.0006959772088223896,0.21947276775263758,0.3772690157653414,1.26014826705334,0.8451219631611113,-0.4150263038922286,SPY,0.21037381520456644,19649.4012312515,1.4288247116075652,0.1405684051184841,-0.18709518091808564,0.5146285571485419,0.10598437308619757,-0.10011057057711858,-0.028254140765397118,0.9125136851875041,False,1.0,13032.051721206999,-0.0919751653714651,False,0.014899221518182348,0.29048856852374716,0.7714424949363796,0.5718440514178857,848,0.298379910503488,-0.01661490964261307,0.09930265707891886,-0.017522923120586398,0.04019313681405233,0.02001529874664936,0.11338206681902213,9.80812787853242,-0.6768283006962288,4.808685643752118,-0.901696435070531,1.489894026704082,1.1852968825679262,6.210005531925923,0.37147666999457996,0.45838361302050257,0.7030838115533389,close,0.07231167793206651,35.09695739532889,1606,2.218627786155269,0.9771351530969804,False,1069,537,run+ledger,0.6549456867559094,this run,1.6482611363689421,-0.577249252442793,False,False,False,False,False,False,0,6,False,True,underpowered,2000.0
us_etfs,4h,HT_TRENDMODE~FLOOR|gate,False,10,3.537759525439197,0.5811569625023554,0.08893968101366889,0.1222532888740242,-0.03331360786035531,0.8988787594959134,0.5238095238095238,1.5844791307909103,966,1.1115125721600123,1.490534927053709,-0.3790223548936966,-1.258527265314424,0.02188609783797546,-0.017634321033214967,-0.4299815899208894,9.999434708875071,1769,2023-02-10,2026-08-25,0.07951113455909309,0.11109349480147013,-0.1184219113725018,-0.12952080687813716,0.17279207155734722,13517.94360050869,17574.676013236298,0.01679306262368876,-0.011658322616617202,0.30116340371776024,0.1345,-0.8400292323708307,0.3245755696865046,-0.09458663899807185,,,1,-0.094587,0.7157136851368627,-0.09403124587428591,15038.672855157334,False,-1520.7292546486428,0.0,0.0033247596156326465,0.15790434686013666,0.5811569625023554,1.2841771064665732,0.751040748986941,-0.5331363574796323,SPY,0.21037381520456644,19649.4012312515,1.4288247116075652,0.1405684051184841,-0.18709518091808564,0.565640155709768,0.11676357750647548,-0.10958473477539821,-0.027823896492806588,0.914608623649048,False,1.0,13517.94360050869,-0.1184219113725018,False,0.050430387215014694,0.8895339279678681,0.3737161975932921,0.5778421578025301,848,0.347425389582449,0.0007361123111030154,0.05850340906138962,-0.07320679689257917,0.12602480947155148,-0.021895959290967243,-0.013532031042773496,8.562723988024219,0.018267515562526287,2.0049847123971882,-3.048042488168899,4.360138628237721,-1.2516326801362756,-0.7131675549876677,0.6672090332362355,0.602359047279622,0.7713156333503004,close,-0.8656223445563108,38.25369627350974,1606,2.218627786155269,0.9785290243993737,False,1069,537,run+ledger,0.6549456867559094,this run,1.575650425383486,-0.4641378532234737,False,False,False,False,False,False,0,6,False,True,underpowered,2000.0
us_etfs,4h,mc_bollinger_band_breakout,False,10,3.537759525439197,0.41161359211104825,0.0736869707255019,0.10732084569839806,-0.03363387497289616,0.8966210001527295,0.6504854368932039,2.01413191235936,309,1.0500679349664281,1.490534927053709,-0.4404669920872808,-1.5151765382589304,0.014319128039575357,-0.023698039016857145,-0.6394665621577142,9.999434708875071,1769,2023-02-10,2026-08-25,0.07004722427132966,0.11109349480147013,-0.07080955847187453,-0.12952080687813716,0.17279207155734722,12859.906676716577,17574.676013236298,0.024982829073179613,-0.023084794243004143,0.2907034137377917,0.0615,-1.0159590824985465,0.08778244895760465,-2.0032009018348322,,,1,-2.003201,0.6305249861524989,-0.0831929725569448,14342.63381576612,False,-1482.7271390495423,0.0,0.0010533785502386131,0.1885465310183725,0.41161359211104825,1.2641826170529509,1.0406359298903165,-0.22354668716263437,SPY,0.21037381520456644,19649.4012312515,1.4288247116075652,0.1405684051184841,-0.18709518091808564,0.49831414258621887,0.10254698438905474,-0.09706378148899486,-0.02886001366355284,0.9104310321603812,False,1.0,12859.906676716577,-0.07080955847187453,False,0.031555320060723945,0.6846077029279913,0.4935915049621933,0.5326520033059522,848,0.2816508734656345,-0.016415652370335432,0.0844981459358647,-0.046120155170621374,0.02611238426564166,-0.007551964614320953,0.07275684917992713,9.19308363225648,-0.685260341267078,4.180440589876227,-2.4201760337972598,1.113205816587115,-0.4414943005679097,3.68031272674475,0.5225194596005052,0.4889811708527567,0.6963748736353661,close,0.23054537280618526,35.39636039935047,1606,2.218627786155269,0.9753809307600566,False,1069,537,run+ledger,0.6549456867559094,this run,1.632586186981154,-0.5825182520147258,False,False,False,False,False,False,0,6,False,True,underpowered,2000.0
us_etfs,4h,mc_median_reversion,False,10,3.537759525439197,0.3812825827523396,0.08094791479351438,0.11494095283542527,-0.033993038041910895,0.8962463394765939,0.7586206896551724,3.144438196279637,203,1.0769625332467556,1.490534927053709,-0.4135723938069533,-1.932796044993476,0.017151141003761472,-0.04243483854835478,-0.9998528719081308,9.999434708875071,1769,2023-02-10,2026-08-25,0.07488459239887596,0.11109349480147013,-0.09230198853241178,-0.12952080687813716,0.17279207155734722,13170.223356140548,17574.676013236298,0.026009679062719566,-0.025996601148786085,0.21397622107010741,0.0235,-0.8379419359962552,-0.0076596912930500935,-1.3707067239535138,,,1,-1.370707,0.6740682029375225,-0.08874462965465724,14694.86989908593,False,-1524.6465429453804,0.0,0.00068987164968399,0.22648055442994552,0.3812825827523396,1.260619443881912,0.8769899335927044,-0.38362951028920766,SPY,0.21037381520456644,19649.4012312515,1.4288247116075652,0.1405684051184841,-0.18709518091808564,0.532727054388618,0.10980334446533391,-0.10348101664415921,-0.028855429671819532,0.9110108918083273,False,1.0,13170.223356140548,-0.09230198853241178,False,0.011743561262447222,0.2207112168868692,0.8253172970236324,0.5765856524456432,848,0.31164742059587086,-0.030415214569143423,0.10636579975309819,-0.032508016341505824,0.028338437370040062,0.016832198759205424,0.11825805654270576,9.009304465377715,-1.0198494515416987,4.39768913447683,-1.5850715777028457,1.047634472517997,0.9391406964147765,6.360993051936933,0.31738171448274954,0.47946799645641625,0.709151201053388,close,-0.17839614589843278,35.81871529047862,1606,2.218627786155269,0.9770629428608482,False,1069,537,run+ledger,0.6549456867559094,this run,1.6464293344927905,-0.5694668012460349,False,False,False,False,False,False,0,6,False,True,underpowered,2000.0
us_etfs,4h,ibs,False,10,3.537759525439197,0.4341498649582313,0.07381699403094855,0.107871854013315,-0.03405485998236646,0.8954278787205446,0.6459430979978925,1.3317518775748773,1898,1.0469217123659003,1.490534927053709,-0.4436132146878087,-3.1270267523148814,0.014447536148836093,-0.004608596013098307,-0.10957797753001271,9.999434708875071,1769,2023-02-10,2026-08-25,0.07039757042597698,0.11109349480147013,-0.10388900667956591,-0.12952080687813716,0.17279207155734722,12865.416991112832,17574.676013236298,0.008674235399148637,-0.011883081702056658,0.14186422113575134,0.004,-0.6926283080477426,-0.13889853802202864,-0.42900204428292477,,,1,-0.429002,0.6336786015399112,-0.08359588112508709,14367.898629084364,False,-1502.4816379715312,0.0,0.006538545040629416,0.17826589848272856,0.4341498649582313,1.2668328574287224,0.7105371048414089,-0.5562957525873136,SPY,0.21037381520456644,19649.4012312515,1.4288247116075652,0.1405684051184841,-0.18709518091808564,0.5008064960731352,0.10307179910732489,-0.09752976718595419,-0.029254805076376345,0.9092889903092043,False,1.0,12865.416991112832,-0.10388900667956591,False,0.04579617702049879,0.8960209586159814,0.3702415696429249,0.45722568330666036,848,0.2830885878166843,-0.02378502630937948,0.06315030530531326,-0.05030224226875754,0.06679785164751799,-0.02257056372345454,-0.008330420614499465,8.905274990976675,-0.5697625362065902,2.3033280017682274,-2.0148903414332673,2.3669870874075456,-1.3717468851098484,-0.418871681499482,0.9127440768498756,0.4460721546345982,0.5922656554480512,close,0.10634875837455451,40.80979362743479,1606,2.218627786155269,0.9745443103894729,False,1069,537,run+ledger,0.6549456867559094,this run,1.622300576446519,-0.5753788640806188,False,False,False,False,False,False,0,6,False,True,underpowered,2000.0
us_etfs,4h,mc_rolling_ar3,False,10,3.537759525439197,0.3971044532378619,0.07946700915170224,0.11352384465200105,-0.03405683550029881,0.8959321111821665,0.7276422764227642,2.5764078184174815,246,1.0705816286520522,1.490534927053709,-0.41995329840165674,-2.1597156071549204,0.01605029902744759,-0.035446374241063276,-0.894718303616797,9.999434708875071,1769,2023-02-10,2026-08-25,0.0739862408993629,0.11109349480147013,-0.10052101980283745,-0.12952080687813716,0.17279207155734722,13106.501417968386,17574.676013236298,0.02462513593327255,-0.025535375959967216,0.19444842506596413,0.0095,-0.8234218578532941,-0.0662532507701796,-1.5097967837374897,,,1,-1.509797,0.6659817573619425,-0.08771549434352333,14628.900174896722,False,-1522.3987569283358,0.0,0.000838157590610084,0.21235222145184807,0.3971044532378619,1.2624776029619762,0.790551163404125,-0.4719264395578512,SPY,0.21037381520456644,19649.4012312515,1.4288247116075652,0.1405684051184841,-0.18709518091808564,0.5263362050455109,0.1084541277294031,-0.10229200534224869,-0.028987118577700866,0.9105131476886897,False,1.0,13106.501417968386,-0.10052101980283745,False,0.017752420946256137,0.3606903910884317,0.7183309086595202,0.5840398508362172,848,0.30827331978546646,-0.034534826014630524,0.10763014443908331,-0.04200006354877325,0.025656317601879287,0.008330797644731582,0.10741484982934303,11.235715506248262,-1.4760951030335117,5.773515655989551,-2.248446038112188,1.0833134645995643,0.524911329467234,6.15602142037727,0.3709376916990892,0.4707986915714275,0.7186778721448464,close,0.07015107876725821,32.335925458022665,1606,2.218627786155269,0.9771712540152376,False,1069,537,run+ledger,0.6549456867559094,this run,1.639208193763486,-0.5686265651114337,False,False,False,False,False,False,0,6,False,True,underpowered,2000.0
us_etfs,4h,mc_symmetric_ma_filter,False,10,3.537759525439197,0.3878902079015137,0.07888132649978519,0.1132557603352875,-0.034374433835502316,0.894975621796945,0.7224489795918367,2.59759372223993,245,1.0655230636915136,1.490534927053709,-0.4250118633621953,-1.9933102468402826,0.01566911730855125,-0.03618956584930757,-0.8768503565978099,9.999434708875071,1769,2023-02-10,2026-08-25,0.07381622938207462,0.11109349480147013,-0.08963252381083442,-0.12952080687813716,0.17279207155734722,13081.361198556468,17574.676013236298,0.024536329808552856,-0.024586840748549443,0.2132191233331126,0.0215,-0.852664450987382,-0.015611050205716199,-1.5126326434852329,,,1,-1.512633,0.6644514110748615,-0.08752063642007601,14616.44415776546,False,-1535.082959208993,0.0,0.0008326738939765229,0.21620772164986457,0.3878902079015137,1.2613953172300487,0.8800524982009971,-0.38134281902905165,SPY,0.21037381520456644,19649.4012312515,1.4288247116075652,0.1405684051184841,-0.18709518091808564,0.5251267475067064,0.10819887430274133,-0.1020668465165201,-0.029317547802956145,0.9095073806792952,False,1.0,13081.361198556468,-0.08963252381083442,False,0.017502646874327246,0.3451154006702505,0.7300076158750393,0.5573781057030818,848,0.30038089894661524,-0.030766395080187067,0.1120147205738337,-0.04744903051017524,0.03169157917655328,0.016292934444049622,0.10331629674109412,9.740468835321217,-1.2301310070443656,5.441590416470447,-2.4439364405266257,1.1904758303519414,0.9394851243087521,5.355652063956716,0.3805679233505368,0.4751653380279446,0.6933813270945082,close,0.08401248907916588,33.51694700222633,1606,2.218627786155269,0.9766628344415123,False,1069,537,run+ledger,0.6549456867559094,this run,1.643413598070707,-0.5778905343791934,False,False,False,False,False,False,0,6,False,True,underpowered,2000.0
us_etfs,4h,mc_run_length_reversion,False,10,3.537759525439197,0.43193894855850756,0.07085938137012615,0.10527006554667695,-0.0344106841765508,0.8941398861780616,0.6261980830670927,1.9306891461819706,313,1.0304393334650883,1.490534927053709,-0.4600955935886206,-1.5254839642107096,0.016120002026366043,0.007052800336968824,0.14058304561447924,9.999434708875071,1769,2023-02-10,2026-08-25,0.06874251341957206,0.11109349480147013,-0.09027870059684828,-0.12952080687813716,0.17279207155734722,12740.4932773219,17574.676013236298,0.0259782637417011,-0.02254072995876443,0.3016063127393644,0.093,-0.9811832570607137,0.1557590740277051,-0.6843815974330697,,,1,-0.684382,0.6187807264720452,-0.08169137461320664,14248.881494125319,False,-1508.388216803418,0.0,0.0010692077776344616,0.1717496534357661,0.43193894855850756,1.2665727525553767,0.7848958935126712,-0.4816768590427055,SPY,0.21037381520456644,19649.4012312515,1.4288247116075652,0.1405684051184841,-0.18709518091808564,0.4890324633165575,0.10059354404773768,-0.09532674632957516,-0.02973416267761153,0.9076534554760344,False,1.0,12740.4932773219,-0.09027870059684828,False,0.06226101971396186,1.0420312342049636,0.29739719813943677,0.46158819542166907,848,0.27962723226070707,0.00925403796819188,0.07831751372390604,-0.019384707371886134,0.06133225557201834,-0.012285446729955785,0.001916397794207702,6.343769128085691,0.24714717732233102,2.6515309644142295,-0.8592214446954255,2.1553865149766285,-0.6834676096072444,0.09840062498186537,0.8881993428450674,0.48858169353564845,0.6269533445517268,close,-1.5096318933488753,36.7632725225936,1606,2.218627786155269,0.9683527879326114,False,1069,537,run+ledger,0.6549456867559094,this run,1.6233096441466839,-0.5928703106815956,False,False,False,False,False,False,0,6,False,True,underpowered,2000.0
us_etfs,4h,mc_rolling_mpv,False,10,3.537759525439197,0.3820488662772439,0.07114808280572271,0.10571999760563244,-0.03457191479990973,0.893705252070031,0.7043795620437956,2.150095947367835,274,1.0302581421855315,1.490534927053709,-0.46027678486817747,-3.3729222442510682,0.013711134003996761,-0.027174960522476782,-0.700643403275088,9.999434708875071,1769,2023-02-10,2026-08-25,0.06902886513102754,0.11109349480147013,-0.10009754757981615,-0.12952080687813716,0.17279207155734722,12752.648967196945,17574.676013236298,0.02366812156155432,-0.02622878907915486,0.13646231710579454,0.0005,-0.7306221791756239,-0.18639352034514087,-1.426409975506753,,,1,-1.426410,0.6213583005412309,-0.0820210923379514,14269.412580555858,False,-1516.7636133589135,0.0,0.0009347158777247472,0.19709907865948595,0.3820488662772439,1.2607094111107833,0.7107874720805761,-0.5499219390302071,SPY,0.21037381520456644,19649.4012312515,1.4288247116075652,0.1405684051184841,-0.18709518091808564,0.4910695619890089,0.10102214034282553,-0.09570820885958309,-0.029874057537102816,0.9072688985688278,False,1.0,12752.648967196945,-0.10009754757981615,False,0.025918336308265736,0.5152866375440198,0.6063527351088291,0.5481273716020874,848,0.2847012948449923,-0.02349841169260322,0.08221264204819824,-0.030259723482757045,0.04068362985706927,0.0031825371146952976,0.0847085842757677,7.46065404559682,-0.7848256965882893,3.92345821574338,-1.6984766429417766,1.579036203079464,0.17363034017977336,4.464633684824761,0.48352558453764827,0.4698650522274452,0.7016816365012417,close,-0.10182204515028645,42.233787998408644,1606,2.218627786155269,0.9720631954935468,False,1069,537,run+ledger,0.6549456867559094,this run,1.6460796008012561,-0.6158214586157247,False,False,False,False,False,False,0,6,False,True,underpowered,2000.0
us_etfs,4h,mc_adaptive_bounce,False,10,3.537759525439197,0.43035613340870543,0.07036964495919307,0.10521706952469989,-0.034847424565506824,0.8928455189697003,0.6237942122186495,1.9246574395547862,311,1.0242529613213422,1.490534927053709,-0.4662819657323667,-1.564434763962605,0.015654506742497076,0.0067085131020784405,0.13341459585237136,9.999434708875071,1769,2023-02-10,2026-08-25,0.06870878113786219,0.11109349480147013,-0.09027870059684773,-0.12952080687813716,0.17279207155734722,12719.892079777685,17574.676013236298,0.02616408495954317,-0.02254072995876443,0.2980513962444217,0.084,-0.9811832570607137,0.13787047725923485,-0.6843815974330697,,,1,-0.684382,0.6184770877957199,-0.08165252809778334,14246.464600568093,False,-1526.5725207904102,0.0,0.001062310757126271,0.17118737360229752,0.43035613340870543,1.2663865549216005,0.7794711764122375,-0.48691537850936295,SPY,0.21037381520456644,19649.4012312515,1.4288247116075652,0.1405684051184841,-0.18709518091808564,0.48879249273652964,0.10054306034931826,-0.09528180159322786,-0.03017341539012519,0.906332859575581,False,1.0,12719.892079777685,-0.09027870059684773,False,0.06138058285935008,1.0276158372421,0.30413057146182165,0.4604719108682087,848,0.2791221594454718,0.008906589098293782,0.07918159093726744,-0.019608733933866612,0.062332108184674155,-0.011543051927748526,0.001968754396687481,6.313760509601876,0.23767280719243025,2.6789168445830662,-0.8695839394255852,2.183158439371906,-0.6394905169809272,0.10101759128962966,0.8938655027764979,0.48383687669228737,0.6228077162461935,close,-1.5107412308585983,36.83327074598482,1606,2.218627786155269,0.9675858981007781,False,1069,537,run+ledger,0.6549456867559094,this run,1.6240320448865748,-0.5997790835652326,False,False,False,False,False,False,0,6,False,True,underpowered,2000.0
us_etfs,4h,mc_realized_volatility_momentum,False,10,3.537759525439197,0.4090006909113749,0.04881304506497508,0.08392610183374494,-0.03511305676876986,0.890029494948265,0.6126126126126126,1.5250866847974502,333,0.8927579434534474,1.490534927053709,-0.5977769836002615,-1.5937892331905206,0.008167617183257203,-0.021791049958676856,-0.5502274307948365,9.999434708875071,1769,2023-02-10,2026-08-25,0.05509017069706161,0.11109349480147013,-0.07941400394352438,-0.12952080687813716,0.17279207155734722,11836.541666817171,17574.676013236298,0.024987172533192204,-0.02590973930759289,0.3750665214393525,0.067,-1.2460521201448955,0.2031642978067753,-0.017747876407890883,,,1,-0.017748,0.49589015806470593,-0.06587061434268615,13299.044283364112,False,-1462.5026165469412,0.0,0.0011381779827163633,0.12358638535265487,0.4090006909113749,1.2638754947129571,0.6146654574889423,-0.6492100372240148,SPY,0.21037381520456644,19649.4012312515,1.4288247116075652,0.1405684051184841,-0.18709518091808564,0.3919100501327201,0.08024865836587813,-0.07699153129919056,-0.031435613300903054,0.9007948950072229,False,1.0,11836.541666817171,-0.07941400394352438,False,0.02643312101967214,0.5443522656453037,0.586199087119113,0.35078782915199913,848,0.1790987304442246,0.026511636274910044,0.06923664477638053,-0.04899533257460795,0.020031437224020676,-0.0024309949972296623,-0.013698394955185976,6.249639635497223,1.0146635174945102,2.174401501526511,-2.008283550997974,0.7138668318179777,-0.18181877893932502,-0.5943797221334904,0.5821633913468478,0.4267742628151711,0.5500716071166418,close,-1.7059062715669433,25.573202196701978,1606,2.218627786155269,0.9470512660702366,False,1069,537,run+ledger,0.6549456867559094,this run,1.6337787215358943,-0.7410207780824469,False,False,False,False,False,False,0,6,False,True,underpowered,2000.0
us_etfs,4h,mc_atr_filtered_breakout,False,10,3.537759525439197,0.4329815966333773,0.06976277632891192,0.10561395733620049,-0.03585118100728857,0.8899248343035646,0.640625,1.9097034019369337,320,1.0124170492881854,1.490534927053709,-0.4781178777655235,-1.7318063790303995,0.012022726604476286,-0.027250525313558534,-0.7476640700533829,9.999434708875071,1769,2023-02-10,2026-08-25,0.06896138284968896,0.11109349480147013,-0.07278009453343504,-0.12952080687813716,0.17279207155734722,12694.396776683698,17574.676013236298,0.024570252164944198,-0.022935051128448798,0.2760804461484957,0.037,-1.0207619554352971,0.029703918538878875,-1.8999176508144209,,,1,-1.899918,0.6207508637020246,-0.08194339813569518,14264.57189119579,False,-1570.1751145120913,0.0,0.0010913121630336598,0.1685341298211933,0.4329815966333773,1.2666954128485834,0.9585419856367875,-0.30815342721179595,SPY,0.21037381520456644,19649.4012312515,1.4288247116075652,0.1405684051184841,-0.18709518091808564,0.49058949478413666,0.10092112952035626,-0.0956183240185674,-0.031158353191444332,0.9034178127656558,False,1.0,12694.396776683698,-0.07278009453343504,False,0.0304843255999458,0.6611508092566281,0.5085156038238767,0.527347535704209,848,0.27664609176552696,-0.009186523801252455,0.08786577454994426,-0.05075096896250539,0.03903379231240293,0.0002518146647157507,0.06105081069934554,11.363019232624325,-0.41131737038021393,4.286972956479359,-2.6389070076578403,1.70617333636813,0.01630826125962329,3.4771174960811044,0.45466280846706564,0.5109418770188299,0.7111572698946451,close,0.04688043447501329,25.448584569363394,1606,2.218627786155269,0.9708796225669654,False,1069,537,run+ledger,0.6549456867559094,this run,1.6228337769926289,-0.6104167277044434,False,False,False,False,False,False,0,6,False,True,underpowered,2000.0
us_etfs,4h,mc_linear_decay_envelope,False,10,3.537759525439197,0.015036743923120408,0.015600472186222847,0.05151127878456441,-0.03591080659834156,0.8843242306928811,0.8421052631578947,8.388527949647683,19,0.47108262870448603,1.490534927053709,-1.019452298349223,-2.6401960084654705,0.00042145760450046366,-0.006488694837150341,-0.3285705906935299,9.999434708875071,1769,2023-02-10,2026-08-25,0.03408972231242532,0.11109349480147013,-0.03593237327367593,-0.12952080687813716,0.17279207155734722,10562.919808050345,17574.676013236298,0.03912549229749773,-0.024875555461680892,0.38612750533690376,0.0005,-1.8318310415027086,-0.3197309977496382,0.13255350957937106,,,1,0.132554,0.3068561518687069,-0.04114666210362106,11944.623297016456,False,-1381.703488966113,0.0,6.552169482780846e-05,1.7996112691476989,0.015036743923120408,1.2179479578895966,0.4341620317534594,-0.7837859261361373,SPY,0.21037381520456644,19649.4012312515,1.4288247116075652,0.1405684051184841,-0.18709518091808564,0.24251340323375895,0.04930192608628614,-0.048215428638700764,-0.033701453900063294,0.890929102837964,False,1.0,10562.919808050345,-0.03593237327367593,False,-0.0015068243060660303,-0.08557003016583785,0.9318082235122553,0.23694415501501753,848,0.0795663408916902,-0.032577315381458784,-0.004460231734476914,0.013983543514708124,0.02619116374401899,-0.018208513017184628,0.055270873817556104,1.7947707784467457,-1.519516067551945,-0.3448663537200338,1.2380829483696836,1.1943525471934318,-1.0617281871276232,1.8967200245611535,0.7424802801326094,0.04408855725687219,0.24266314810379874,close,3.7140208316704086,426.06803277473847,1606,2.218627786155269,0.8159134269144661,False,1069,537,run+ledger,0.6549456867559094,this run,1.7033613928032278,-1.2322787640987418,True,False,False,False,False,False,1,6,False,False,unrankable,2000.0
us_etfs,4h,mc_rolling_window_sign_change_reversion,False,10,3.537759525439197,0.18756359525155458,0.020696771802093616,0.05672414491211675,-0.03602737311002313,0.8845126407171909,0.6071428571428571,1.3831709613212377,196,0.5651818776427676,1.490534927053709,-0.9253530494109413,-3.1891381817513897,0.0009745003435166488,-0.02012339892461564,-0.6212474849699146,9.999434708875071,1769,2023-02-10,2026-08-25,0.037489479361962896,0.11109349480147013,-0.05501613080929202,-0.12952080687813716,0.17279207155734722,10751.635460009671,17574.676013236298,0.022923705589204917,-0.025613279914188828,0.2901577155564837,0.0,-1.5257808568667726,-0.4003338071616952,-2.867162695332958,,,1,-2.867163,0.33745881726881083,-0.04518128386322651,12155.434490220405,False,-1403.7990302107328,0.0,0.0006698024506642562,0.11540657018457146,0.18756359525155458,1.2379657310237282,0.3761946087018902,-0.8617711223218381,SPY,0.21037381520456644,19649.4012312515,1.4288247116075652,0.1405684051184841,-0.18709518091808564,0.2666991869927192,0.054282723954102385,-0.052921429257380304,-0.03358595215200877,0.8917802854179853,False,1.0,10751.635460009671,-0.05501613080929202,False,0.005886700352325487,0.16335007240514704,0.8702428112268878,0.30507879985200037,848,0.11508960680114043,0.002960886664573885,0.03684584833987347,-0.0297904213714503,0.011169305540590407,-0.0002953105949904909,0.01340484366966048,8.883316690185431,0.19749139583693326,2.601607540644305,-2.3110466929102254,0.6896686621912488,-0.0353958183276134,1.1735166631903888,0.5344368005971936,0.23018417360973778,0.4282599780738199,close,-0.16256120266765825,20.551572639928196,1606,2.218627786155269,0.8551829276764962,False,1069,537,run+ledger,0.6549456867559094,this run,1.7033613928032278,-1.1381795151604601,False,False,False,False,False,False,0,6,False,True,underpowered,2000.0
us_etfs,4h,HT_TRENDMODE~TSF_9|and,False,10,3.537759525439197,0.26293574524213303,0.0477756938121523,0.08384598696563539,-0.03607029315348309,0.8871510535821978,0.49269183922046283,1.2783585691503443,1642,0.8754316787345455,1.490534927053709,-0.6151032483191634,-2.673812863152315,0.005438336703450286,0.005455899533212886,0.12680941622710531,9.999434708875071,1769,2023-02-10,2026-08-25,0.05503867007731852,0.11109349480147013,-0.05526183497777337,-0.12952080687813716,0.17279207155734722,11795.176404316351,17574.676013236298,0.01001970969868221,-0.007612126066149672,0.23004723209910138,0.0055,-1.0649632780609881,-0.1729558610351624,-0.6556884121955422,,,1,-0.655688,0.4954265789880451,-0.06581055886493103,13295.5671491219,False,-1500.3907448055486,0.0,0.005660701315619752,0.19422095252015237,0.26293574524213303,1.246758162287974,0.8645332503230838,-0.38222491196489017,SPY,0.21037381520456644,19649.4012312515,1.4288247116075652,0.1405684051184841,-0.18709518091808564,0.39154367605527585,0.08017224527425748,-0.07692181352197813,-0.03239655146210518,0.8978715507395015,False,1.0,11795.176404316351,-0.05526183497777337,False,0.03656934278556547,0.8473291085308817,0.3968117062675032,0.39394265623760183,848,0.18289173279638368,-0.003108218570446658,0.018850054083178545,-0.03831406215885172,0.05390467281693753,0.00460426013874566,0.05316754705755882,5.504260915983675,-0.15618572706567257,0.9662028952317645,-2.049424371677871,2.3839028698589955,0.3016291861807995,1.927232384460059,0.8990912428368958,0.2753477465403395,0.4774356822421525,close,1.261295357983204,87.12376336429149,1606,2.218627786155269,0.9515203436851014,False,1069,537,run+ledger,0.6549456867559094,this run,1.7004431231476376,-0.825011444413092,False,False,False,False,False,False,0,6,False,True,underpowered,2000.0
us_etfs,4h,supertrend_regime,False,10,3.537759525439197,0.43251052069593615,0.04232987539896116,0.07860436307489493,-0.036274487675933775,0.8860118956991218,0.38408304498269896,1.5537331612938914,289,0.8283127887370589,1.490534927053709,-0.66222213831665,-3.1919743586889906,0.004755693376635006,-0.0031093302044021853,-0.08453151944940798,9.999434708875071,1769,2023-02-10,2026-08-25,0.05166492105776238,0.11109349480147013,-0.05440641487229103,-0.12952080687813716,0.17279207155734722,11579.71891243708,17574.676013236298,0.03970083849131701,-0.01593405165648493,0.20746474247638952,0.0015,-1.0291168030379045,-0.23960179824007302,-0.666450970348818,,,1,-0.666451,0.4650580229750652,-0.06187023351681664,13069.484697267997,False,-1489.7657848309166,0.0,0.0009905139042951086,0.10059991424702486,0.43251052069593615,1.2666399934222605,0.7780309637810668,-0.4886090296411937,SPY,0.21037381520456644,19649.4012312515,1.4288247116075652,0.1405684051184841,-0.18709518091808564,0.3675429127492369,0.07517202816689128,-0.07234559962298981,-0.03284215276793012,0.8960589345554124,False,1.0,11579.71891243708,-0.05440641487229103,False,0.03233280854413783,0.8566828375845901,0.3916201907998871,0.33252229579550074,848,0.1295203748427629,0.10012838735589524,0.0131106582070609,-0.040422765914437095,0.06720016619197626,0.018958126038967522,-0.0777396009853404,7.276283783600465,4.72115919164392,0.7688075545665041,-2.1180719313751446,3.057886349284737,1.687246674303187,-5.876968741234591,0.9326338436185626,0.3136558354479983,0.45661194980783637,close,-0.35200237694854686,10.828831006879357,1606,2.218627786155269,0.9388151190096952,False,1069,537,run+ledger,0.6549456867559094,this run,1.6230487772128346,-0.7947359884757756,False,False,False,False,False,False,0,6,False,True,underpowered,2000.0
us_etfs,4h,mc_adaptive_slope_filter,False,10,3.537759525439197,0.563287481942089,0.0767596536187567,0.11326723612797318,-0.036507582509216485,0.888732228315249,0.6266666666666667,3.7756566487010015,75,1.038786515267709,1.490534927053709,-0.451748411786,-2.1037758182731445,0.014101375651713433,-0.007963836304878942,-0.17133271847955162,9.999434708875071,1769,2023-02-10,2026-08-25,0.07382350742435391,0.11109349480147013,-0.10461960194408326,-0.12952080687813716,0.17279207155734722,12990.578720199943,17574.676013236298,0.0772773719027843,-0.03435576923969776,0.21473220096084736,0.028,-0.8383249740974482,0.008934639949876531,-0.8825585927928278,,,1,-0.882559,0.664516923842214,-0.08752897873968979,14616.977202262498,False,-1626.3984820625544,0.0,0.00024642715078034114,0.14030286728781038,0.563287481942089,1.2820637045116008,0.7337024055949184,-0.5483612989166824,SPY,0.21037381520456644,19649.4012312515,1.4288247116075652,0.1405684051184841,-0.18709518091808564,0.5251785233113274,0.10820980093017907,-0.10207648628210886,-0.03145014731142237,0.9031640459910362,False,1.0,12990.578720199943,-0.10461960194408326,False,0.04884925263778814,0.8732587511308013,0.3825220582584201,0.4679271055055858,848,0.27435300083577646,0.058119864424020756,0.08153107605558983,-0.07020707979274474,0.03831707905244969,0.017301291031382185,-0.047079361037997,9.682589139313697,2.2422073256799524,3.5892523497236524,-2.7695678505235723,1.3068859861378241,0.9788818920099738,-2.36818233057495,0.8639621551864942,0.5027844680346144,0.6230051496178087,close,-0.3331738749216875,13.202812481292696,1606,2.218627786155269,0.9733263355659684,False,1069,537,run+ledger,0.6549456867559094,this run,1.5792716111178668,-0.5404850958501579,False,False,False,False,False,False,0,6,False,True,underpowered,2000.0
us_etfs,4h,mc_rolling_outlier_clip,False,10,3.537759525439197,0.04985867721876766,0.018606198626696546,0.056010505683718126,-0.03740430705702158,0.8802213107256964,0.6206896551724138,2.6116576945742898,58,0.5163750587019882,1.490534927053709,-0.9741598683517207,-2.9610232559025715,0.000581759523716141,-0.011380998803411226,-0.47853759834287146,9.999434708875071,1769,2023-02-10,2026-08-25,0.03702457481489523,0.11109349480147013,-0.035932373273676044,-0.12952080687813716,0.17279207155734722,10673.93161596037,17574.676013236298,0.029712092907963974,-0.018616447513721875,0.32899433208091433,0.0,-1.6300459112225831,-0.36024720339364896,-1.2958801656665107,,,1,-1.295880,0.33327401285790925,-0.04463029723288037,12126.418079062722,False,-1452.4864631023515,0.0,0.00020001359473751935,0.4473720000970485,0.04985867721876766,1.2219758557500981,0.5178115702234285,-0.7041642855266697,SPY,0.21037381520456644,19649.4012312515,1.4288247116075652,0.1405684051184841,-0.18709518091808564,0.2633918680637195,0.053600946250680126,-0.05227898752549298,-0.03499474762398358,0.8873636685653381,False,1.0,10673.93161596037,-0.035932373273676044,False,-0.001741603871059943,-0.07812731019618557,0.9377267831903844,0.262661307441177,848,0.09249275435678894,-0.025133321736527263,-8.660830206170568e-05,0.011172408892665318,0.02802432998941963,-0.011108490748754926,0.06249345497148547,2.1995029460126663,-1.1945223814937402,-0.006432726854084109,0.9903950418026483,1.2917450746300212,-0.6739215162526505,2.23346534095608,0.6322676204319881,0.08530671617113936,0.2806728158786136,close,3.0100706394990446,307.6565085691041,1606,2.218627786155269,0.8377311961836438,False,1069,537,run+ledger,0.6549456867559094,this run,1.7033613928032278,-1.1869863341012397,False,False,False,False,False,False,0,6,False,False,unrankable,2000.0
us_etfs,4h,mc_rolling_ar2,False,10,3.537759525439197,0.3957980026380252,0.07734215251003529,0.11488559068738935,-0.03754343817735406,0.8858699908563348,0.7056451612903226,2.4658632258170523,248,1.0327653012695202,1.490534927053709,-0.4577696257841888,-2.2305990927000643,0.013399295713072967,-0.038959198568157716,-0.9791998428842843,9.999434708875071,1769,2023-02-10,2026-08-25,0.0748495071867624,0.11109349480147013,-0.0991323196128504,-0.12952080687813716,0.17279207155734722,13015.457623405087,17574.676013236298,0.025295362066711954,-0.02459161804409871,0.2052227257162892,0.0055,-0.8838543670599549,-0.08461618460480251,-1.6676960070723246,,,1,-1.667696,0.6737523859567329,-0.08870445263724436,14692.28866283592,False,-1676.8310394308328,0.0,0.0008430194247388075,0.20709885889776047,0.3957980026380252,1.2623241259435911,0.7801910901720644,-0.48213303577152666,SPY,0.21037381520456644,19649.4012312515,1.4288247116075652,0.1405684051184841,-0.18709518091808564,0.5324774590966747,0.10975063673595153,-0.10343460309312558,-0.032408484225916245,0.9004567182622012,False,1.0,13015.457623405087,-0.0991323196128504,False,0.015409365574658907,0.3055174351528905,0.7599720930203842,0.5735131116200275,848,0.30730777533451326,-0.03471763177030188,0.10892621493518162,-0.051977051299603394,0.01452216303065814,0.00752617398516596,0.10927849254465788,10.859268977752269,-1.4763467236975714,5.790175361115088,-2.6928792707962153,0.6029590171460321,0.47280818345438724,6.15266336722768,0.3274812462536274,0.48115091274015487,0.7096796813518687,close,0.04904579269036722,31.43970391392769,1606,2.218627786155269,0.9731066616773177,False,1069,537,run+ledger,0.6549456867559094,this run,1.639804461040856,-0.6070391597713358,False,False,False,False,False,False,0,6,False,True,underpowered,2000.0
us_etfs,4h,CDLDOJISTAR,False,10,3.537759525439197,0.09219898247597515,-0.014146767317613329,0.02342664195903832,-0.03757340927665165,0.8760543083838068,0.4468864468864469,0.7487594152565479,273,-0.9044619840774729,1.490534927053709,-2.394996911131182,-8.569075025125187,3.417739646849327e-09,-0.012432818735202337,-0.7859669714386627,9.999434708875071,1769,2023-02-10,2026-08-25,0.015617813733296994,0.11109349480147013,-0.05844249898660758,-0.12952080687813716,0.17279207155734722,9508.44023442802,17574.676013236298,0.011875581235113307,-0.01281431695228474,0.27949304961257393,0.0,-2.9791817885912852,-1.8873192554613405,-2.40246819815915,,,1,-2.402468,0.14058261252116375,-0.01900742403286615,10853.71094398213,False,-1345.2707095541105,0.0,0.0011044262268086493,-0.14318479563186026,0.09219898247597515,1.226881932931415,-0.24206301172807718,-1.468944944659492,SPY,0.21037381520456644,19649.4012312515,1.4288247116075652,0.1405684051184841,-0.18709518091808564,0.11110472314267812,0.022440819350347585,-0.022322674186041502,-0.036587586667960914,0.87904623682301,False,1.0,9508.44023442802,-0.05844249898660758,False,-0.014534427227773703,-0.9305847676490043,0.35206839688375213,0.028385791922404424,848,-0.0015068908142860174,0.008839806495545163,0.0017939750780094476,0.0009889397335936406,-0.024179817266470605,-0.0005108528242283761,-0.00993315891366353,-0.23393612563539948,1.3953487583197492,0.20551533798314678,0.1598256222968188,-2.5961377559240275,-0.10187656225746257,-1.670372279020812,0.4318868372132245,-0.018598814597474915,0.03303951050184273,close,0.49582034779712986,17.90462552887485,1606,2.218627786155269,0.04665049155422979,False,1069,537,run+ledger,0.6549456867559094,this run,1.7033613928032278,-2.6078233768807006,False,False,False,False,False,False,0,6,False,False,unrankable,2000.0
us_etfs,4h,mc_local_convexity_reversion,False,10,3.537759525439197,0.17569248162803844,0.028559227527665376,0.06628692523976087,-0.0377276977120955,0.8803442527477933,0.6047904191616766,1.5810888494138153,167,0.6662444291164077,1.490534927053709,-0.8242904979373012,-2.6072521352996985,0.002510712056656872,-0.02728898880852515,-0.6639824695980443,9.999434708875071,1769,2023-02-10,2026-08-25,0.04370344802251819,0.11109349480147013,-0.0774605584046617,-0.12952080687813716,0.17279207155734722,11047.50837072115,17574.676013236298,0.027918216744938173,-0.02702146163466731,0.31615296686392425,0.0095,-1.3837635221068327,-0.13921230885494038,-0.39576896133316963,,,1,-0.395769,0.3933934034627188,-0.05252356334119479,12549.07763211821,False,-1501.5692613970577,0.0,0.0005759012124338948,0.1738329779572243,0.17569248162803844,1.2365834969957012,0.36869379870035424,-0.867889698295347,SPY,0.21037381520456644,19649.4012312515,1.4288247116075652,0.1405684051184841,-0.18709518091808564,0.3109051993986904,0.06341576453754394,-0.06147540167511778,-0.03485653700987856,0.888781924174364,False,1.0,11047.50837072115,-0.0774605584046617,False,-0.0015140472892417474,-0.03499991898611431,0.9720798054746325,0.36703012658558465,848,0.15843174437825813,-0.024035725611665976,0.05674739048447209,-0.005680002151923325,0.030646256136382343,0.0015760795989111093,0.038457960763006664,4.465377770423865,-0.7565217868229677,2.39791400192966,-0.3155125435953501,1.3253619801247514,0.12318634733133745,3.4772878325092353,0.5067015311443481,0.2281030745128824,0.4530443237769254,close,-2.2919504509624744,64.8623034875789,1606,2.218627786155269,0.8857280197427457,False,1069,537,run+ledger,0.6549456867559094,this run,1.7033613928032278,-1.0371169636868203,False,False,False,False,False,False,0,6,False,True,underpowered,2000.0
us_etfs,4h,mc_fourier_trend_projection,False,10,3.537759525439197,0.4166760881854155,0.07569744745491014,0.11350493104076631,-0.03780748358585617,0.8849658429071563,0.6955128205128205,2.1782900109852097,312,1.023490158714266,1.490534927053709,-0.467044768339443,-3.2949885713080285,0.013716912519131319,-0.034180284556847296,-0.8186847902446065,9.999434708875071,1769,2023-02-10,2026-08-25,0.07397424708908888,0.11109349480147013,-0.10771241771459639,-0.12952080687813716,0.17279207155734722,12945.2990592171,17574.676013236298,0.021968258904772935,-0.02303647722849225,0.14174397216620324,0.0025,-0.7162959150229458,-0.1618946299725447,-0.8204359155471379,,,1,-0.820436,0.6658737959525418,-0.08770174869234726,14628.021141122415,False,-1682.7220819053146,0.0,0.0010616888946214337,0.19139181377154157,0.4166760881854155,1.2647777566048057,0.7027736361417889,-0.5620041204630168,SPY,0.21037381520456644,19649.4012312515,1.4288247116075652,0.1405684051184841,-0.18709518091808564,0.5262508813892889,0.10843611948162057,-0.10227612251791252,-0.032738672026710436,0.899366054913239,False,1.0,12945.2990592171,-0.10771241771459639,False,0.02288311012812354,0.42850169584911196,0.6682858991503702,0.5400257530244374,848,0.3050622927425765,-0.02636852553832346,0.08990046762948325,-0.03824050193249348,0.06025567274617094,0.013006359416885441,0.07342576112418216,8.202457190134574,-0.8675443390457672,3.9427595690184227,-2.016860819462611,2.2130470603006853,0.7239376072152641,3.907721213505017,0.41296627659971774,0.5049996237642598,0.6964985384333118,close,-0.4463028462790271,35.42099508531644,1606,2.218627786155269,0.9705247299908096,False,1069,537,run+ledger,0.6549456867559094,this run,1.6302756512813448,-0.6067854925670788,False,False,False,False,False,False,0,6,False,True,underpowered,2000.0
us_etfs,4h,HT_TRENDMODE~FLOOR|or,False,10,3.537759525439197,0.9812888637648389,0.10011927654463415,0.13805659332973375,-0.037937316785099595,0.8869716304348969,0.397196261682243,1.3089562333331413,1926,1.1114457896686607,1.490534927053709,-0.37908913738504824,-1.567501333859848,0.01993719611192457,0.028034679651366138,0.4777030433679341,9.999434708875071,1769,2023-02-10,2026-08-25,0.08945945248807284,0.11109349480147013,-0.11342622195012986,-0.12952080687813716,0.17279207155734722,14015.350305381486,17574.676013236298,0.019581005016432833,-0.009856870901537109,0.24184294405132736,0.062,-0.8448050198040319,0.08766370559041196,-0.722811546852516,,,1,-0.722812,0.8052627442132553,-0.10532271009728134,15801.351277164895,False,-1786.000971783408,0.0,0.007192061822775107,0.10212269321385392,0.9812888637648389,1.3318433740314832,0.8826819303622193,-0.4491614436692639,SPY,0.21037381520456644,19649.4012312515,1.4288247116075652,0.1405684051184841,-0.18709518091808564,0.6364122322698911,0.13179575953619826,-0.12259790916409075,-0.031676482991564114,0.9044519138631117,False,1.0,14015.350305381486,-0.11342622195012986,False,0.09223121983337469,1.292259818873945,0.1962671820344677,0.42214722294641516,848,0.34394450260268594,0.005723670444017975,0.037170289785988915,-0.061179043259397076,0.15655421142427087,-0.03828294283944172,-0.04924482633385906,8.064425513908184,0.12402193969308442,0.8812350740310204,-1.9836526619406634,3.99854704618888,-1.753599132049843,-1.9582992222013818,0.6328615779052651,0.5681265339690693,0.5541517811203489,close,-0.22167117999441444,25.753771560971252,1606,2.218627786155269,0.9804418716853072,False,1069,537,run+ledger,0.6549456867559094,this run,1.4877006853447827,-0.376254895676122,False,False,False,False,False,False,0,6,False,True,underpowered,2000.0
us_etfs,4h,HT_TRENDMODE~FLOOR|vote,False,10,3.537759525439197,0.7674015451290748,0.06218763575433539,0.10014855742184148,-0.03796092166750609,0.883179220255557,0.3421736869474779,1.20945204940259,1923,0.9540959929914247,1.490534927053709,-0.5364389340622843,-1.2886257835815904,0.007879137114026824,0.08043135334063019,1.382861315305518,9.999434708875071,1769,2023-02-10,2026-08-25,0.06547887519224405,0.11109349480147013,-0.058580758610929595,-0.12952080687813716,0.17279207155734722,12379.231728941124,17574.676013236298,0.020362485904814605,-0.008757446846359741,0.416287599469966,0.101,-1.393698901709429,0.21129841689672382,-1.1386981570108885,,,1,-1.138698,0.5894033247334438,-0.0779273504480521,14016.670054079248,False,-1637.438325138123,0.0,0.007183908514378355,0.08178960908091226,0.7674015451290748,1.3062845500430074,1.061571021422943,-0.24471352862006435,SPY,0.21037381520456644,19649.4012312515,1.4288247116075652,0.1405684051184841,-0.18709518091808564,0.465815025339815,0.095714098468064,-0.09097009728439553,-0.03352646271372861,0.8958893405751867,False,1.0,12379.231728941124,-0.058580758610929595,False,0.10718670392742537,1.7941461250434234,0.07278984857758264,0.1489539173875153,848,0.11447089712575378,0.07531490693640333,-0.012947565023528243,-0.023551511786219823,0.08320452643541776,-0.035219581932301236,-0.09008814393815076,4.404376811121622,3.2465668185723264,-0.41074694651934407,-1.0179376777117326,2.4834492758124833,-1.9819536842437495,-4.758876763351473,0.16670739390677758,0.23677949856654806,0.19083546444412225,close,0.8285366867263637,12.405260539738187,1606,2.218627786155269,0.9657518537221383,False,1069,537,run+ledger,0.6549456867559094,this run,1.5351678078268014,-0.5810718148353767,False,False,False,False,False,False,0,6,False,True,underpowered,2000.0
us_etfs,4h,HT_TRENDMODE~CEIL|or,False,10,3.537759525439197,0.9814019219898247,0.09967790557529499,0.13804252087449798,-0.038364615299202987,0.8857520870502295,0.39647119875454073,1.307273349502455,1927,1.1070597005839264,1.490534927053709,-0.3834752264697825,-1.5805403682973207,0.019538822998402816,0.0284575352995329,0.48514766375881874,9.999434708875071,1769,2023-02-10,2026-08-25,0.08945062393081166,0.11109349480147013,-0.11342622195013141,-0.12952080687813716,0.17279207155734722,13995.467614730647,17574.676013236298,0.019615650708738466,-0.00985711800519232,0.2426228612451648,0.06,-0.8509070811548235,0.08656409078882371,-0.752636861989083,,,1,-0.752637,0.8051832745982525,-0.10531273557184939,15800.66004850067,False,-1805.192433770022,0.0,0.007195849507704161,0.10165979999366015,0.9814019219898247,1.3318569291199995,0.878790669930971,-0.45306625918902854,SPY,0.21037381520456644,19649.4012312515,1.4288247116075652,0.1405684051184841,-0.18709518091808564,0.6363494261417733,0.13178237991375052,-0.12258642792489782,-0.032104474338455535,0.9032065984420068,False,1.0,13995.467614730647,-0.11342622195013141,False,0.09264695170122066,1.2983546246026139,0.19416550379827324,0.42212963180443863,848,0.34394169013010945,0.0056989351998242704,0.03730106505567394,-0.06118943596844703,0.15672343727459656,-0.03817298699666969,-0.0492140167940041,8.063790147368083,0.1234903048490994,0.884515257791799,-1.984037483675204,4.00270244627914,-1.7488390718658247,-1.9573853164408932,0.6275716037294741,0.5680634899388005,0.5541033561479789,close,-0.2212518495254639,25.76369249135591,1606,2.218627786155269,0.9800604766166658,False,1069,537,run+ledger,0.6549456867559094,this run,1.4877006853447827,-0.3806409847608563,False,False,False,False,False,False,0,6,False,True,underpowered,2000.0
us_etfs,4h,mc_adaptive_std_band,False,10,3.537759525439197,0.4340682117957414,0.07596885698073552,0.11438380065948883,-0.03841494367875331,0.8832871623888359,0.6712328767123288,2.0961780960897722,292,1.0197817276107262,1.490534927053709,-0.4707531994429828,-2.741436692431357,0.013526252226370938,-0.026688852655101774,-0.6144011150083579,9.999434708875071,1769,2023-02-10,2026-08-25,0.07453146317341558,0.11109349480147013,-0.09641155320885042,-0.12952080687813716,0.17279207155734722,12956.857902639396,17574.676013236298,0.02534822238174576,-0.024689038012850162,0.17171769851284646,0.0005,-0.8175860831097812,-0.15257394751434036,-1.7816478813852052,,,1,-1.781648,0.6708895359409405,-0.08834019269362725,14668.907750903774,False,-1712.0498482643786,0.0,0.00099271868953953,0.1837491679364731,0.4340682117957414,1.2668232508831812,0.787964247564489,-0.47885900331869213,SPY,0.21037381520456644,19649.4012312515,1.4288247116075652,0.1405684051184841,-0.18709518091808564,0.5302149022078863,0.10927289795734163,-0.10301378200157729,-0.03330404097660611,0.8977691115331513,False,1.0,12956.857902639396,-0.09641155320885042,False,0.03327818049673183,0.5951311354906197,0.5517558177775774,0.5490506339272007,848,0.3179822985933759,-0.01406899176137763,0.1058346867837857,-0.04088084658621574,0.047481898749839435,0.002135676314021763,0.05346244099482927,7.89593170883175,-0.45583593342522455,4.843823459463792,-2.1718646155449726,1.6846969610259075,0.11218000406279409,2.7319503183641802,0.538950299154747,0.5306962431365971,0.7156908573393714,close,-0.4731177703914348,35.942736161216374,1606,2.218627786155269,0.96998353755736,False,1069,537,run+ledger,0.6549456867559094,this run,1.6223378431513549,-0.6025561155406287,False,False,False,False,False,False,0,6,False,True,underpowered,2000.0
us_etfs,4h,mc_center_of_gravity_indicator,False,10,3.537759525439197,0.3776081904402989,0.07188736039297261,0.11034569700845864,-0.03845833661548603,0.8827550541416896,0.76,2.6911246901992008,200,1.0005921137720524,1.490534927053709,-0.48994281328165656,-2.114926192507005,0.01099687211430761,-0.0438961049525401,-1.1052645043959928,9.999434708875071,1769,2023-02-10,2026-08-25,0.07196943346599641,0.11109349480147013,-0.09294275543797648,-0.12952080687813716,0.17279207155734722,12783.813960601567,17574.676013236298,0.02570852865161657,-0.0302514190541253,0.2316595326198523,0.017,-0.9314557497359648,-0.03597417236722291,-1.3881670219787667,,,1,-1.388167,0.647827612180259,-0.0854019744834077,14481.722761736413,False,-1697.9088011348465,0.0,0.000677490932542239,0.20182826820566535,0.3776081904402989,1.2601880818906117,0.7734584589645099,-0.4867296229261018,SPY,0.21037381520456644,19649.4012312515,1.4288247116075652,0.1405684051184841,-0.18709518091808564,0.5119886891035997,0.1054278323517408,-0.09961811623565897,-0.03354047195876819,0.8967272599984283,False,1.0,12783.813960601567,-0.09294275543797648,False,0.0071105174454212435,0.1423751266772331,0.8867837082611649,0.5671205620045316,848,0.29082889537734724,-0.027136789904606246,0.09071781976020314,-0.04126339796216727,0.036041535034547316,0.018029836870133844,0.11687728111744478,9.206281438048517,-1.0683378366918166,3.4963177565592187,-2.068511354036974,1.2595250184110531,1.1142822573118076,5.748223168381042,0.2690449937049695,0.45139840107059553,0.6950289948157482,close,0.39477063704594756,36.065653632208615,1606,2.218627786155269,0.9700534992753671,False,1069,537,run+ledger,0.6549456867559094,this run,1.648106336210394,-0.6475142224383417,False,False,False,False,False,False,0,6,False,True,underpowered,2000.0
us_etfs,4h,HT_TRENDMODE~CEIL|vote,False,10,3.537759525439197,0.7675711324665537,0.06153866402656649,0.10017670647196586,-0.03863804244539937,0.8811919510027996,0.341995841995842,1.2071607522426309,1924,0.9445200729834103,1.490534927053709,-0.5460148540702986,-1.3081760229174806,0.007499608109904687,0.08085420898879694,1.3900888644447205,9.999434708875071,1769,2023-02-10,2026-08-25,0.06549683383003077,0.11109349480147013,-0.05858075861092893,-0.12952080687813716,0.17279207155734722,12352.49490459798,17574.676013236298,0.02035741731612589,-0.008764956407023872,0.41738637958872077,0.0965,-1.4048248612669796,0.20472163660927767,-1.1763290785287153,,,1,-1.176329,0.5895649781031467,-0.07794809339033171,14017.938873069364,False,-1665.443968471385,0.0,0.007187696199307408,0.08090982329699448,0.7675711324665537,1.306304745236331,1.050492781004815,-0.255811964231516,SPY,0.21037381520456644,19649.4012312515,1.4288247116075652,0.1405684051184841,-0.18709518091808564,0.46594278262475813,0.0957409211018847,-0.09099411571036009,-0.03420225707531821,0.8938769724724865,False,1.0,12352.49490459798,-0.05858075861092893,False,0.10760243579527129,1.8009384731058442,0.07171257813763754,0.1488999047642071,848,0.11446808465317726,0.07529017169220967,-0.01281678975384326,-0.023561904495269688,0.08337375228574347,-0.035109626089529195,-0.09005733439829579,4.404569595308822,3.245348717444889,-0.40664435026504875,-1.0183974317655553,2.489031565938812,-1.9766242736678685,-4.7579469715089795,0.16450189430235884,0.23671645453627857,0.19075765798070854,close,0.827721518019913,12.39527599678493,1606,2.218627786155269,0.9643202203305401,False,1069,537,run+ledger,0.6549456867559094,this run,1.5351035053679678,-0.5905834323845575,False,False,False,False,False,False,0,6,False,True,underpowered,2000.0
us_etfs,4h,mc_price_percentile_score,False,10,3.537759525439197,0.39449783305068775,0.05918110243762964,0.09796397654937294,-0.038782874111743304,0.8805372629781244,0.6013986013986014,1.7934583223007758,286,0.9293265768406135,1.490534927053709,-0.5612083502130955,-1.8131684081500872,0.009131519315111858,-0.036249005557234495,-0.8606391380575551,9.999434708875071,1769,2023-02-10,2026-08-25,0.06408443974204654,0.11109349480147013,-0.10543994964216885,-0.12952080687813716,0.17279207155734722,12255.714812551407,17574.676013236298,0.027220560051574538,-0.022899677349196748,0.3095180501107875,0.0625,-1.0282819796578877,0.19797258399020184,0.7211473771945565,,,1,0.721147,0.576851415616808,-0.07631567842181575,13918.45107281494,False,-1662.7362602635333,0.0,0.0009781331871533564,0.15690107615316307,0.39449783305068775,1.2621713946946833,0.5612777949768785,-0.7008935997178048,SPY,0.21037381520456644,19649.4012312515,1.4288247116075652,0.1405684051184841,-0.18709518091808564,0.455895047596437,0.09363232203096983,-0.08910360323643784,-0.03445121959334019,0.8929377897174922,False,1.0,12255.714812551407,-0.10543994964216885,False,0.010371680694285184,0.20491801221579187,0.8376361821212599,0.5082456665011741,848,0.2595320128905251,0.01871005373048279,0.07790447922660082,-0.02042521968152447,0.04702680057598843,0.003496992466961061,0.028340359767564056,6.585760492895684,0.6327965179787784,3.084889146851596,-1.1667311105734937,1.7014787542537617,0.2189288503958026,1.5179301477796747,0.38943682311447403,0.41258374386285557,0.6480211518362815,close,-0.9382069114014991,38.22203236980793,1606,2.218627786155269,0.9555528127501141,False,1069,537,run+ledger,0.6549456867559094,this run,1.6403978616486234,-0.71107128480801,True,False,False,False,False,False,1,6,False,True,underpowered,2000.0
us_etfs,4h,TAN,False,10,3.537759525439197,0.9892594686263424,0.03797778052812828,0.07697210431180457,-0.03899432378367629,0.8776833046507143,0.4881584320130666,1.0585906434404362,4898,0.7617618141152724,1.490534927053709,-0.7287731129384365,-1.174128036826667,0.0028696375111954553,0.07281988537736461,1.387158091031422,9.999434708875071,1769,2023-02-10,2026-08-25,0.05061260565402893,0.11109349480147013,-0.0799764692246746,-0.12952080687813716,0.17279207155734722,11409.574604511088,17574.676013236298,0.01027515859809828,-0.009257329564602056,0.6206930505706193,0.116,-1.965748666685768,0.3950469516721811,-0.6188274621072547,,,1,-0.618827,0.4555856825323238,-0.06063871230158879,12999.648670600702,False,-1590.0740660896129,0.0,0.018364560709138545,0.03839792814133647,0.9892594686263424,1.3327991197068807,0.474861929968912,-0.8579371897379686,SPY,0.21037381520456644,19649.4012312515,1.4288247116075652,0.1405684051184841,-0.18709518091808564,0.3600567681718231,0.07361462747044456,-0.07091455652147283,-0.03563684694231628,0.8874321555517602,False,1.0,11409.574604511088,-0.0799764692246746,False,0.07049536174042523,1.3751613548042538,0.16908142630420597,0.011942998809305272,848,-0.004235440169268493,-0.020883644948026626,0.025131544718220045,0.003687118500006775,0.012572157524888598,0.013589332414774776,0.025926409301158918,-0.2652513479107602,-1.0609623016932714,1.1657409208245277,0.15113074823629555,0.4450975547230191,1.0167049745355745,1.480356881472655,0.16539356155593432,-0.020571569016638168,0.012475714680649563,close,0.5349729104089495,6.947999530403828,1606,2.218627786155269,0.9256800285133375,False,1069,537,run+ledger,0.6549456867559094,this run,1.4877006853447827,-0.7259388712295103,False,False,False,False,False,False,0,6,False,True,underpowered,2000.0
us_etfs,4h,mc_quantile_momentum,False,10,3.537759525439197,0.43965831292004265,0.07237842165718367,0.11220015004307626,-0.039821728385892596,0.878982022308743,0.6590909090909091,1.9637174097829946,308,0.9919847919111557,1.490534927053709,-0.4985501351425532,-2.284710366092605,0.011757104773113536,-0.033580770533435327,-0.8062834042836181,9.999434708875071,1769,2023-02-10,2026-08-25,0.07314659257692169,0.11109349480147013,-0.09728871118002402,-0.12952080687813716,0.17279207155734722,12804.54531728582,17574.676013236298,0.024897789089214622,-0.02451255223010981,0.2182115258640822,0.006,-0.9200972882757665,-0.08151942120055825,-1.3607344304079534,,,1,-1.360734,0.6584237241580928,-0.0867528386491635,14567.471225012398,False,-1762.925907726578,0.0,0.0010478948536050533,0.17226684429140815,0.43965831292004265,1.2674810004872217,0.7439549849031702,-0.5235260155840514,SPY,0.21037381520456644,19649.4012312515,1.4288247116075652,0.1405684051184841,-0.18709518091808564,0.5203629685864826,0.10719374797403747,-0.10117956206934287,-0.0348153263168538,0.8931236953084578,False,1.0,12804.54531728582,-0.09728871118002402,False,0.02659495587301693,0.48371483322668035,0.6285882646455212,0.5261359869941572,848,0.29744571096571415,0.00045392632189156235,0.08204692285482638,-0.0361610647537392,0.04522616256296716,-0.008390223641195339,0.05630767112772679,7.468807589071006,0.014055807505459327,3.839357156034984,-1.7647614880815083,1.662862822846152,-0.46546313561738445,3.032060972576331,0.42007945732155005,0.5325431366774804,0.7046074686344017,close,-0.44514302732283423,36.13340355424183,1606,2.218627786155269,0.9665006504343094,False,1069,537,run+ledger,0.6549456867559094,this run,1.6197865072049153,-0.6278017152937596,False,False,False,False,False,False,0,6,False,True,underpowered,2000.0
us_etfs,4h,mc_rolling_window_mean_std_band,False,10,3.537759525439197,0.04194460146975693,-0.009980502451906292,0.029978342916775924,-0.039958845368682216,0.8693725406839721,0.52,0.5509187568146913,50,-0.49271966940150946,1.490534927053709,-1.9832545964552184,-3.9260755266514438,3.477549026520421e-09,-0.048252754123166194,-1.5310737820282503,9.999434708875071,1769,2023-02-10,2026-08-25,0.01995095919973866,0.11109349480147013,-0.059961859262830264,-0.12952080687813716,0.17279207155734722,9651.36248257478,17574.676013236298,0.016027688121487797,-0.03151704054998953,0.5051493744815295,0.0,-2.709384144703901,-0.7750989489451188,-1.7189045550348352,,,1,-1.718905,0.1795871057562107,-0.024233992535774074,11101.526711416082,False,-1450.1642288413009,0.0,0.00017242551270475946,-0.21269552741672615,0.04194460146975693,1.2210598663826353,-0.16644751471362568,-1.387507381096261,SPY,0.21037381520456644,19649.4012312515,1.4288247116075652,0.1405684051184841,-0.18709518091808564,0.14193060796928117,0.02871113979052131,-0.02844590191698726,-0.038691642242427604,0.8731671384204872,False,1.0,9651.36248257478,-0.059961859262830264,False,-0.03908614910456195,-1.2772847437889367,0.2015017377744308,0.1379476260319329,848,0.0469821436945041,-0.015919137718295433,0.0228975583330926,-0.010242836304820507,0.011043099728161447,-0.0029548650193414534,0.005377448292610058,1.8175931665254266,-0.7477720312562669,1.3362132180339186,-1.1047073069597857,1.2168887004750786,-0.40698235685302514,0.7832740247499113,0.12575115867133135,0.08112262004647124,0.1871111785074978,close,-11.642828935949868,259.30092308368177,1606,2.218627786155269,0.14627312305901852,False,1069,537,run+ledger,0.6549456867559094,this run,1.7033613928032278,-2.1960810622047373,False,False,False,False,False,False,0,6,False,False,unrankable,2000.0
us_etfs,4h,mc_weighted_median_score,False,10,3.537759525439197,0.36494566924188176,0.06849502488089221,0.10854549684953518,-0.040050471968642976,0.8779362920266035,0.7201834862385321,2.559198399039561,218,0.9708852943095323,1.490534927053709,-0.5196496327441766,-2.6462425094699626,0.010380133933392932,-0.03831136008936284,-0.8712484597646247,9.999434708875071,1769,2023-02-10,2026-08-25,0.07082577239765896,0.11109349480147013,-0.0953925822679016,-0.12952080687813716,0.17279207155734722,12641.255270551688,17574.676013236298,0.02435409911983886,-0.02449277152276169,0.19637264191945186,0.002,-0.9141201899408753,-0.14249884112090397,-1.638612229650377,,,1,-1.638612,0.6375330303923583,-0.08408815006064196,14398.829830090483,False,-1757.5745595387948,0.0,0.0007395641171159524,0.19905889330675386,0.36494566924188176,1.2587020279842378,0.7180330299533145,-0.5406689980309233,SPY,0.21037381520456644,19649.4012312515,1.4288247116075652,0.1405684051184841,-0.18709518091808564,0.5038527138296862,0.10371339552447512,-0.09809904821910742,-0.03521837064358291,0.8916098751927463,False,1.0,12641.255270551688,-0.0953925822679016,False,0.012974653211310944,0.24028760708503025,0.810107301732808,0.5493674613572397,848,0.287611825793471,-0.024485373678583597,0.0735275502531759,-0.03528521411455954,0.04249993335521942,0.005782308961096428,0.10068022124618083,7.48381969219658,-0.7721746084817142,2.874307163427004,-1.8707647911120764,1.5404599422469554,0.32759950475763905,5.135570597823762,0.3836185054215073,0.45387095464950306,0.6835849629452091,close,-0.2404856642118807,41.50023007072607,1606,2.218627786155269,0.9640099884429749,False,1069,537,run+ledger,0.6549456867559094,this run,1.65388554212952,-0.6830002478199877,False,False,False,False,False,False,0,6,False,True,underpowered,2000.0
us_etfs,4h,mc_exponential_return_weighted_ma,False,10,3.537759525439197,0.36120218579234975,0.06777694956831581,0.1080422002353636,-0.04026525066704778,0.8772589916328302,0.7239819004524887,2.415047064923302,221,0.9654361209155476,1.490534927053709,-0.5250988061381613,-2.434605862110256,0.010148220551353504,-0.041552429156695436,-0.9140062448469114,9.999434708875071,1769,2023-02-10,2026-08-25,0.070505863545317,0.11109349480147013,-0.0965995797735314,-0.12952080687813716,0.17279207155734722,12611.225941406903,17574.676013236298,0.02455404882373583,-0.026667829138366208,0.2156812378998458,0.0035,-0.9550542611020896,-0.1080837447517874,-1.7465749775545045,,,1,-1.746575,0.6346533941642097,-0.08372039520955865,14375.71579395704,False,-1764.4898525501374,0.0,0.0007600855797755677,0.19908316386847646,0.36120218579234975,1.2582628431522802,0.7016277889325448,-0.5566350542197354,SPY,0.21037381520456644,19649.4012312515,1.4288247116075652,0.1405684051184841,-0.18709518091808564,0.5015768905244967,0.10323404404659575,-0.09767376633922953,-0.03545709447827994,0.8908598855961062,False,1.0,12611.225941406903,-0.0965995797735314,False,0.010165813882410965,0.18221774147925793,0.8554118503859021,0.5340280072835788,848,0.2817329308944262,-0.02677350173312143,0.07895990008975871,-0.04127354793666588,0.04345022829926502,0.004474093279276056,0.09681367270271797,7.047681767884692,-0.8374679514101707,3.112787308123802,-2.1083640894704,1.5551062370813817,0.246675933170673,4.816908421730108,0.36071356431928914,0.45769610133930705,0.6721722137016495,close,-0.27328036896806324,42.07874718991597,1606,2.218627786155269,0.9631054876498946,False,1069,537,run+ledger,0.6549456867559094,this run,1.6555940772127538,-0.6901579562972061,False,False,False,False,False,False,0,6,False,True,underpowered,2000.0
us_etfs,4h,mc_distance_to_min_max,False,10,3.537759525439197,0.3612084668048489,0.07340781339833047,0.11373786069371827,-0.040330047295387805,0.8776701942739855,0.7526881720430108,2.9973453909474,186,0.992825970300888,1.490534927053709,-0.4977089567528209,-2.6349313642950465,0.01142685403710536,-0.042602644188790215,-0.9970618374414411,9.999434708875071,1769,2023-02-10,2026-08-25,0.07412194919959833,0.11109349480147013,-0.09399576347603733,-0.12952080687813716,0.17279207155734722,12848.081866123695,17574.676013236298,0.026605790006206397,-0.02701528617346152,0.1888887746743941,0.0005,-0.8772689313263922,-0.13981938340124117,-1.1481180095683645,,,1,-1.148118,0.6672033257398026,-0.08787101390870389,14638.849478934068,False,-1790.7676128103733,0.0,0.0006393877208822371,0.21666702071467792,0.3612084668048489,1.2582635799842108,0.7809693829131414,-0.47729419707106935,SPY,0.21037381520456644,19649.4012312515,1.4288247116075652,0.1405684051184841,-0.18709518091808564,0.5273016303850178,0.10865789778346957,-0.10247170179787257,-0.0352500843851391,0.8919804129443932,False,1.0,12848.081866123695,-0.09399576347603733,False,0.010217680175929422,0.19432369978504874,0.8459224295807535,0.5699183692413521,848,0.30749678413672843,-0.025979882648494643,0.10676737681291137,-0.03364453826732103,0.0440417168035059,0.02334646105873039,0.11178040386077236,8.59231273944566,-0.8518736577007203,4.4066125300190535,-1.6453199888510441,1.527064230421707,1.3235841228126277,5.861347028594609,0.3187344953906881,0.4674493005288197,0.6980590408104148,close,-0.18003205285149204,36.96537345528998,1606,2.218627786155269,0.9673588023214224,False,1069,537,run+ledger,0.6549456867559094,this run,1.655591210543151,-0.6627652402422629,False,False,False,False,False,False,0,6,False,True,underpowered,2000.0
us_etfs,4h,mc_normalized_midpoint_deviation,False,10,3.537759525439197,0.3612084668048489,0.07340781339833047,0.11373786069371827,-0.040330047295387805,0.8776701942739855,0.7526881720430108,2.9973453909474,186,0.992825970300888,1.490534927053709,-0.4977089567528209,-2.6349313642950465,0.01142685403710536,-0.042602644188790215,-0.9970618374414411,9.999434708875071,1769,2023-02-10,2026-08-25,0.07412194919959833,0.11109349480147013,-0.09399576347603733,-0.12952080687813716,0.17279207155734722,12848.081866123695,17574.676013236298,0.026605790006206397,-0.02701528617346152,0.1888887746743941,0.0005,-0.8772689313263922,-0.13981938340124117,-1.1481180095683645,,,1,-1.148118,0.6672033257398026,-0.08787101390870389,14638.849478934068,False,-1790.7676128103733,0.0,0.0006393877208822371,0.21666702071467792,0.3612084668048489,1.2582635799842108,0.7809693829131414,-0.47729419707106935,SPY,0.21037381520456644,19649.4012312515,1.4288247116075652,0.1405684051184841,-0.18709518091808564,0.5273016303850178,0.10865789778346957,-0.10247170179787257,-0.0352500843851391,0.8919804129443932,False,1.0,12848.081866123695,-0.09399576347603733,False,0.010217680175929422,0.19432369978504874,0.8459224295807535,0.5699183692413521,848,0.30749678413672843,-0.025979882648494643,0.10676737681291137,-0.03364453826732103,0.0440417168035059,0.02334646105873039,0.11178040386077236,8.59231273944566,-0.8518736577007203,4.4066125300190535,-1.6453199888510441,1.527064230421707,1.3235841228126277,5.861347028594609,0.3187344953906881,0.4674493005288197,0.6980590408104148,close,-0.18003205285149204,36.96537345528998,1606,2.218627786155269,0.9673588023214224,False,1069,537,run+ledger,0.6549456867559094,this run,1.655591210543151,-0.6627652402422629,False,False,False,False,False,False,0,6,False,True,underpowered,2000.0
us_etfs,4h,mc_range_bound_oscillator,False,10,3.537759525439197,0.3612084668048489,0.07340781339833047,0.11373786069371827,-0.040330047295387805,0.8776701942739855,0.7526881720430108,2.9973453909474,186,0.992825970300888,1.490534927053709,-0.4977089567528209,-2.6349313642950465,0.01142685403710536,-0.042602644188790215,-0.9970618374414411,9.999434708875071,1769,2023-02-10,2026-08-25,0.07412194919959833,0.11109349480147013,-0.09399576347603733,-0.12952080687813716,0.17279207155734722,12848.081866123695,17574.676013236298,0.026605790006206397,-0.02701528617346152,0.1888887746743941,0.0005,-0.8772689313263922,-0.13981938340124117,-1.1481180095683645,,,1,-1.148118,0.6672033257398026,-0.08787101390870389,14638.849478934068,False,-1790.7676128103733,0.0,0.0006393877208822371,0.21666702071467792,0.3612084668048489,1.2582635799842108,0.7809693829131414,-0.47729419707106935,SPY,0.21037381520456644,19649.4012312515,1.4288247116075652,0.1405684051184841,-0.18709518091808564,0.5273016303850178,0.10865789778346957,-0.10247170179787257,-0.0352500843851391,0.8919804129443932,False,1.0,12848.081866123695,-0.09399576347603733,False,0.010217680175929422,0.19432369978504874,0.8459224295807535,0.5699183692413521,848,0.30749678413672843,-0.025979882648494643,0.10676737681291137,-0.03364453826732103,0.0440417168035059,0.02334646105873039,0.11178040386077236,8.59231273944566,-0.8518736577007203,4.4066125300190535,-1.6453199888510441,1.527064230421707,1.3235841228126277,5.861347028594609,0.3187344953906881,0.4674493005288197,0.6980590408104148,close,-0.18003205285149204,36.96537345528998,1606,2.218627786155269,0.9673588023214224,False,1069,537,run+ledger,0.6549456867559094,this run,1.655591210543151,-0.6627652402422629,False,False,False,False,False,False,0,6,False,True,underpowered,2000.0
us_etfs,4h,mc_rolling_range_ratio,False,10,3.537759525439197,0.3612084668048489,0.07340781339833047,0.11373786069371827,-0.040330047295387805,0.8776701942739855,0.7526881720430108,2.9973453909474,186,0.992825970300888,1.490534927053709,-0.4977089567528209,-2.6349313642950465,0.01142685403710536,-0.042602644188790215,-0.9970618374414411,9.999434708875071,1769,2023-02-10,2026-08-25,0.07412194919959833,0.11109349480147013,-0.09399576347603733,-0.12952080687813716,0.17279207155734722,12848.081866123695,17574.676013236298,0.026605790006206397,-0.02701528617346152,0.1888887746743941,0.0005,-0.8772689313263922,-0.13981938340124117,-1.1481180095683645,,,1,-1.148118,0.6672033257398026,-0.08787101390870389,14638.849478934068,False,-1790.7676128103733,0.0,0.0006393877208822371,0.21666702071467792,0.3612084668048489,1.2582635799842108,0.7809693829131414,-0.47729419707106935,SPY,0.21037381520456644,19649.4012312515,1.4288247116075652,0.1405684051184841,-0.18709518091808564,0.5273016303850178,0.10865789778346957,-0.10247170179787257,-0.0352500843851391,0.8919804129443932,False,1.0,12848.081866123695,-0.09399576347603733,False,0.010217680175929422,0.19432369978504874,0.8459224295807535,0.5699183692413521,848,0.30749678413672843,-0.025979882648494643,0.10676737681291137,-0.03364453826732103,0.0440417168035059,0.02334646105873039,0.11178040386077236,8.59231273944566,-0.8518736577007203,4.4066125300190535,-1.6453199888510441,1.527064230421707,1.3235841228126277,5.861347028594609,0.3187344953906881,0.4674493005288197,0.6980590408104148,close,-0.18003205285149204,36.96537345528998,1606,2.218627786155269,0.9673588023214224,False,1069,537,run+ledger,0.6549456867559094,this run,1.655591210543151,-0.6627652402422629,False,False,False,False,False,False,0,6,False,True,underpowered,2000.0
us_etfs,4h,mc_dynamic_atr_band,False,10,3.537759525439197,0.365448150241819,0.07204668434702444,0.11328377089273345,-0.04123708654570901,0.8750007163265571,0.7631578947368421,2.83029631889072,190,0.9792224660839727,1.490534927053709,-0.5113124609697363,-2.486448270930149,0.010685859812164189,-0.04830665443575871,-1.1658380263635562,9.999434708875071,1769,2023-02-10,2026-08-25,0.07383399384264891,0.11109349480147013,-0.09349887500657905,-0.12952080687813716,0.17279207155734722,12790.537571702733,17574.676013236298,0.02609980602095199,-0.029713982382368352,0.2056396937542001,0.003,-0.9223489168014298,-0.12059947095849102,-1.4113521492221353,,,1,-1.411352,0.664611316572533,-0.08754099850194375,14617.745257855544,False,-1827.2076861528096,0.0,0.0006511465755191516,0.20969460748565827,0.365448150241819,1.2587609839988534,0.7705620451792053,-0.48819893881964804,SPY,0.21037381520456644,19649.4012312515,1.4288247116075652,0.1405684051184841,-0.18709518091808564,0.5252531234199803,0.10822554442352939,-0.10209037539703913,-0.03617886007650495,0.8892115855737986,False,1.0,12790.537571702733,-0.09349887500657905,False,0.003916762566424463,0.07589972091973747,0.9394988788944825,0.5766797378620543,848,0.30680099575479713,-0.03449486994681837,0.10416607407312524,-0.038690654813301195,0.028486587669223608,0.0189669154229205,0.11541407411153716,8.765048061288516,-1.1427513710802792,4.402690590504825,-1.9533764064586248,1.0670914986930091,1.0968890701453762,6.345450003258803,0.24367993948485944,0.4621667898200339,0.703451448327413,close,-0.18563876825431924,37.27101100985621,1606,2.218627786155269,0.9654862491581957,False,1069,537,run+ledger,0.6549456867559094,this run,1.6536562085613007,-0.674433742477328,False,False,False,False,False,False,0,6,False,True,underpowered,2000.0
us_etfs,4h,mc_peak_to_peak_forecast,False,10,3.537759525439197,0.365448150241819,0.07204668434702444,0.11328377089273345,-0.04123708654570901,0.8750007163265571,0.7631578947368421,2.83029631889072,190,0.9792224660839727,1.490534927053709,-0.5113124609697363,-2.486448270930149,0.010685859812164189,-0.04830665443575871,-1.1658380263635562,9.999434708875071,1769,2023-02-10,2026-08-25,0.07383399384264891,0.11109349480147013,-0.09349887500657905,-0.12952080687813716,0.17279207155734722,12790.537571702733,17574.676013236298,0.02609980602095199,-0.029713982382368352,0.2056396937542001,0.003,-0.9223489168014298,-0.12059947095849102,-1.4113521492221353,,,1,-1.411352,0.664611316572533,-0.08754099850194375,14617.745257855544,False,-1827.2076861528096,0.0,0.0006511465755191516,0.20969460748565827,0.365448150241819,1.2587609839988534,0.7705620451792053,-0.48819893881964804,SPY,0.21037381520456644,19649.4012312515,1.4288247116075652,0.1405684051184841,-0.18709518091808564,0.5252531234199803,0.10822554442352939,-0.10209037539703913,-0.03617886007650495,0.8892115855737986,False,1.0,12790.537571702733,-0.09349887500657905,False,0.003916762566424463,0.07589972091973747,0.9394988788944825,0.5766797378620543,848,0.30680099575479713,-0.03449486994681837,0.10416607407312524,-0.038690654813301195,0.028486587669223608,0.0189669154229205,0.11541407411153716,8.765048061288516,-1.1427513710802792,4.402690590504825,-1.9533764064586248,1.0670914986930091,1.0968890701453762,6.345450003258803,0.24367993948485944,0.4621667898200339,0.703451448327413,close,-0.18563876825431924,37.27101100985621,1606,2.218627786155269,0.9654862491581957,False,1069,537,run+ledger,0.6549456867559094,this run,1.6536562085613007,-0.674433742477328,False,False,False,False,False,False,0,6,False,True,underpowered,2000.0
us_etfs,4h,mc_rolling_window_envelope,False,10,3.537759525439197,0.365448150241819,0.07204668434702444,0.11328377089273345,-0.04123708654570901,0.8750007163265571,0.7631578947368421,2.83029631889072,190,0.9792224660839727,1.490534927053709,-0.5113124609697363,-2.486448270930149,0.010685859812164189,-0.04830665443575871,-1.1658380263635562,9.999434708875071,1769,2023-02-10,2026-08-25,0.07383399384264891,0.11109349480147013,-0.09349887500657905,-0.12952080687813716,0.17279207155734722,12790.537571702733,17574.676013236298,0.02609980602095199,-0.029713982382368352,0.2056396937542001,0.003,-0.9223489168014298,-0.12059947095849102,-1.4113521492221353,,,1,-1.411352,0.664611316572533,-0.08754099850194375,14617.745257855544,False,-1827.2076861528096,0.0,0.0006511465755191516,0.20969460748565827,0.365448150241819,1.2587609839988534,0.7705620451792053,-0.48819893881964804,SPY,0.21037381520456644,19649.4012312515,1.4288247116075652,0.1405684051184841,-0.18709518091808564,0.5252531234199803,0.10822554442352939,-0.10209037539703913,-0.03617886007650495,0.8892115855737986,False,1.0,12790.537571702733,-0.09349887500657905,False,0.003916762566424463,0.07589972091973747,0.9394988788944825,0.5766797378620543,848,0.30680099575479713,-0.03449486994681837,0.10416607407312524,-0.038690654813301195,0.028486587669223608,0.0189669154229205,0.11541407411153716,8.765048061288516,-1.1427513710802792,4.402690590504825,-1.9533764064586248,1.0670914986930091,1.0968890701453762,6.345450003258803,0.24367993948485944,0.4621667898200339,0.703451448327413,close,-0.18563876825431924,37.27101100985621,1606,2.218627786155269,0.9654862491581957,False,1069,537,run+ledger,0.6549456867559094,this run,1.6536562085613007,-0.674433742477328,False,False,False,False,False,False,0,6,False,True,underpowered,2000.0
us_etfs,4h,mc_rolling_window_mid_std_blend,False,10,3.537759525439197,0.365448150241819,0.07204668434702444,0.11328377089273345,-0.04123708654570901,0.8750007163265571,0.7631578947368421,2.83029631889072,190,0.9792224660839727,1.490534927053709,-0.5113124609697363,-2.486448270930149,0.010685859812164189,-0.04830665443575871,-1.1658380263635562,9.999434708875071,1769,2023-02-10,2026-08-25,0.07383399384264891,0.11109349480147013,-0.09349887500657905,-0.12952080687813716,0.17279207155734722,12790.537571702733,17574.676013236298,0.02609980602095199,-0.029713982382368352,0.2056396937542001,0.003,-0.9223489168014298,-0.12059947095849102,-1.4113521492221353,,,1,-1.411352,0.664611316572533,-0.08754099850194375,14617.745257855544,False,-1827.2076861528096,0.0,0.0006511465755191516,0.20969460748565827,0.365448150241819,1.2587609839988534,0.7705620451792053,-0.48819893881964804,SPY,0.21037381520456644,19649.4012312515,1.4288247116075652,0.1405684051184841,-0.18709518091808564,0.5252531234199803,0.10822554442352939,-0.10209037539703913,-0.03617886007650495,0.8892115855737986,False,1.0,12790.537571702733,-0.09349887500657905,False,0.003916762566424463,0.07589972091973747,0.9394988788944825,0.5766797378620543,848,0.30680099575479713,-0.03449486994681837,0.10416607407312524,-0.038690654813301195,0.028486587669223608,0.0189669154229205,0.11541407411153716,8.765048061288516,-1.1427513710802792,4.402690590504825,-1.9533764064586248,1.0670914986930091,1.0968890701453762,6.345450003258803,0.24367993948485944,0.4621667898200339,0.703451448327413,close,-0.18563876825431924,37.27101100985621,1606,2.218627786155269,0.9654862491581957,False,1069,537,run+ledger,0.6549456867559094,this run,1.6536562085613007,-0.674433742477328,False,False,False,False,False,False,0,6,False,True,underpowered,2000.0
us_etfs,4h,mc_emaatr_hybrid,False,10,3.537759525439197,0.413943847748257,0.07124804596233214,0.11308476037255599,-0.04183671441022385,0.8732489473543971,0.6621160409556314,2.0147592254860034,293,0.9706790174044433,1.490534927053709,-0.5198559096492656,-2.329745166489131,0.010538047774445392,-0.03751415609617698,-0.8730763232726833,9.999434708875071,1769,2023-02-10,2026-08-25,0.07370777536585016,0.11109349480147013,-0.11005678821651421,-0.12952080687813716,0.17279207155734722,12756.859825118168,17574.676013236298,0.025069111364382567,-0.02438272956832107,0.22313852910903378,0.02,-0.8917207573828696,-0.02219282725744223,-1.6305245806200264,,,1,-1.630525,0.6634751701489795,-0.08739631641491008,14608.502951840328,False,-1851.64312672216,0.0,0.0010043079453114893,0.18088597511041038,0.413943847748257,1.2644565437186852,0.647375297034529,-0.6170812466841562,SPY,0.21037381520456644,19649.4012312515,1.4288247116075652,0.1405684051184841,-0.18709518091808564,0.5243552084390686,0.10803605654066462,-0.10192318948551471,-0.036788010578332475,0.8874069468672806,False,1.0,12756.859825118168,-0.11005678821651421,False,0.018145443746795165,0.33988199729696095,0.7339453945162122,0.558485488047963,848,0.3084123237994989,-0.012564938501011313,0.11556260362816842,-0.04069321274413479,0.012714693171973532,-0.004009554488667962,0.07219005113246578,7.824974585146138,-0.3788721159490946,5.0623656415084834,-2.0128433600057276,0.5014531666803951,-0.22284728063378653,3.9758515838520485,0.3826214781957096,0.4925763203319061,0.7068761473171595,close,-0.40999113338238363,37.438962729587004,1606,2.218627786155269,0.9636040375314185,False,1069,537,run+ledger,0.6549456867559094,this run,1.6315226525585371,-0.6608436351540938,False,False,False,False,False,False,0,6,False,True,underpowered,2000.0
us_etfs,4h,mc_tema_projection,False,10,3.537759525439197,0.5113058224985868,0.06783555530432794,0.11107962333519361,-0.04324406803086567,0.8689727860471467,0.5906432748538012,1.6932993848897973,342,0.942501115933808,1.490534927053709,-0.5480338111199009,-2.0220333143754017,0.010779392171907043,-0.022827543351291533,-0.4368691644718167,9.999434708875071,1769,2023-02-10,2026-08-25,0.07243542833955777,0.11109349480147013,-0.09711967517219477,-0.12952080687813716,0.17279207155734722,12613.674866178053,17574.676013236298,0.029361881543897985,-0.025019202682870934,0.27103104940147166,0.0265,-1.070735016995667,0.004731208272348551,-1.5116903855411703,,,1,-1.511690,0.6520222310856604,-0.08593690785158226,14515.615527565773,False,-1901.94066138772,0.0,0.0011732849477621538,0.13696788099901713,0.5113058224985868,1.2759238667981911,0.6984738693169473,-0.5774499974812438,SPY,0.21037381520456644,19649.4012312515,1.4288247116075652,0.1405684051184841,-0.18709518091808564,0.5153037645870882,0.10612674170895953,-0.1002364929401166,-0.03829118640463158,0.8828165344093593,False,1.0,12613.674866178053,-0.09711967517219477,False,0.03809803087169367,0.5958108578816177,0.5513015893357758,0.4269527057579259,848,0.26498439867690304,0.05228127855813783,0.090387268136129,-0.05300447821408297,0.020569724551450987,-0.01729969244511175,-0.03702852296823181,6.58933802117959,1.3845659932807095,2.5426709457411767,-2.1440199602507315,0.6974637733772847,-1.0324210784499144,-1.7073436109226283,0.6622062357071883,0.5391791397985723,0.6089069883338776,close,-1.8331708306047096,30.37326806882618,1606,2.218627786155269,0.9551761363754037,False,1069,537,run+ledger,0.6549456867559094,this run,1.589805506772607,-0.6473043908387989,False,False,False,False,False,False,0,6,False,True,underpowered,2000.0
us_etfs,4h,mc_quantile_atr_hybrid,False,10,3.537759525439197,0.37760190942779975,0.0698707635041953,0.11318171084699369,-0.04331094734279839,0.8690157038878316,0.7571428571428571,2.742118353410861,210,0.9524801014301466,1.490534927053709,-0.5380548256235623,-2.7114031162589494,0.009454925822717397,-0.055056297011209836,-1.334596894971477,9.999434708875071,1769,2023-02-10,2026-08-25,0.07376926568722045,0.11109349480147013,-0.09751096295130957,-0.12952080687813716,0.17279207155734722,12698.93076820214,17574.676013236298,0.02346285660678812,-0.02667605714420126,0.19844147201761056,0.001,-0.927463227950091,-0.15245922890037916,-1.3460130700610664,,,1,-1.346013,0.6640286707970613,-0.08746680382096361,14613.004933500326,False,-1914.074165298185,0.0,0.0007119760350831906,0.19585325562109013,0.37760190942779975,1.2601873445739697,0.716542646995334,-0.5436446975786358,SPY,0.21037381520456644,19649.4012312515,1.4288247116075652,0.1405684051184841,-0.18709518091808564,0.5247926489956322,0.10812836821903438,-0.1020046411416391,-0.03825760471483908,0.8831169084486927,False,1.0,12698.93076820214,-0.09751096295130957,False,-0.001437805326770345,-0.0280181281228462,0.9776476926710713,0.5751043724074784,848,0.30956306527188737,-0.03417414038885014,0.09467325442790744,-0.030949318654804076,0.0499772191593238,0.020876900481320168,0.10901026089221186,8.985551610360195,-1.160618088688414,4.194641565980619,-1.5665769357087005,1.9053021512935786,1.2378403987676658,6.234082437680685,0.18200831483066393,0.4745129215836953,0.7096110622296079,close,-0.2957177610835734,36.63111283364882,1606,2.218627786155269,0.9612850413435883,False,1069,537,run+ledger,0.6549456867559094,this run,1.6481092028799968,-0.6956291014498502,False,False,False,False,False,False,0,6,False,True,underpowered,2000.0
us_etfs,4h,MAXINDEX~TSF_9|vote,False,10,3.537759525439197,0.5360404497204949,0.0716909382604749,0.11560437702112081,-0.043913438760645906,0.8675593022290767,0.4549165120593692,1.2112651038056923,2695,0.9570906084251742,1.490534927053709,-0.5334443186285347,-2.368430446856597,0.008693924403796183,0.03232700245799976,0.5432770469044198,9.999434708875071,1769,2023-02-10,2026-08-25,0.07530496347961396,0.11109349480147013,-0.058154888386779624,-0.12952080687813716,0.17279207155734722,12775.528263782457,17574.676013236298,0.012351457881146131,-0.008510355275688086,0.22523115227492832,0.0025,-1.0149799165561757,-0.14059363715901843,-0.6049844137452038,,,1,-0.604984,0.6778521425956385,-0.08922590692321375,14725.827077131738,False,-1950.2988133492827,0.0,0.009480064411781543,0.13787797003475255,0.5360404497204949,1.278843920303549,1.2327585908800822,-0.04608532942346688,SPY,0.21037381520456644,19649.4012312515,1.4288247116075652,0.1405684051184841,-0.18709518091808564,0.5357175633894399,0.1104349465067509,-0.10403696951417207,-0.038744008246275996,0.881932089535659,False,1.0,12775.528263782457,-0.058154888386779624,False,0.07578760353594897,1.2539808355183044,0.20984897129522384,0.39142949555004825,848,0.2432566968637161,0.039439936671409784,0.059454865575498186,-0.04241142072544318,-0.005022242163437704,0.006494628743316494,0.07491158758398603,9.055562676996376,1.352366461509317,2.244824410019117,-1.5059508579643983,-0.1893357122654668,0.3704320591858742,2.7231923391501063,0.5869390653906619,0.38461762245479314,0.47707954798285124,close,0.4250791872346752,29.254279410181216,1606,2.218627786155269,0.9644174718212422,False,1069,537,run+ledger,0.6549456867559094,this run,1.5847931238474782,-0.6277025154223039,False,False,False,False,False,False,0,6,False,True,underpowered,2000.0
us_etfs,4h,mc_min_max_sign_filter,False,10,3.537759525439197,0.09734941272533132,0.01948088345971244,0.06348128762140703,-0.044000404161694595,0.8611511828365592,0.6276595744680851,1.9021932536450077,94,0.4815416138399417,1.490534927053709,-1.0089933132137672,-4.876709655506623,0.0004790804130953008,-0.025079568059665762,-0.8810204646377201,9.999434708875071,1769,2023-02-10,2026-08-25,0.04188334648671656,0.11109349480147013,-0.03916002653661654,-0.12952080687813716,0.17279207155734722,10706.393308693365,17574.676013236298,0.024639924678696745,-0.021835779803241074,0.20690042764273334,0.0,-1.4019743950112198,-0.5849080016488057,-1.13048267248108,,,1,-1.130483,0.37700989208741953,-0.05037726244701046,12432.652386805543,False,-1726.2590781121778,0.0,0.00032415996388494666,0.21919251394433248,0.09734941272533132,1.2274793588729362,0.49746859700150764,-0.7300107618714287,SPY,0.21037381520456644,19649.4012312515,1.4288247116075652,0.1405684051184841,-0.18709518091808564,0.29795704412676083,0.060736747513422173,-0.058976248577463086,-0.041255864053709734,0.8690596998904574,False,1.0,10706.393308693365,-0.03916002653661654,False,-0.010266337696826229,-0.3601105794052525,0.7187644415854029,0.3307309165213199,848,0.11996095538689926,-0.02452998477330074,0.01715918861898987,-0.00020563444832771838,0.030619017348042878,-0.007304526102109676,0.07332155163572035,2.9860819873422706,-1.1149258757301983,1.3781395388897977,-0.01771868232629536,1.4159693389514594,-0.45999796383150804,2.840072658310831,0.3783067435813514,0.131094124372827,0.36401763126677666,close,2.031984248544786,190.470877510189,1606,2.218627786155269,0.8200360482139415,False,1069,537,run+ledger,0.6549456867559094,this run,1.7033613928032278,-1.221819778963286,False,False,False,False,False,False,0,6,False,False,unrankable,2000.0
us_etfs,4h,mc_cumulative_sum_reversion,False,10,3.537759525439197,0.3735883424408014,0.06938007078029074,0.1136389140166707,-0.04425884323637996,0.8663469998460265,0.7317073170731707,2.5957283012269885,205,0.942840037511135,1.490534927053709,-0.547694889542574,-2.5039054751257765,0.008921616576722191,-0.0533996270444093,-1.2522708179154662,9.999434708875071,1769,2023-02-10,2026-08-25,0.07405920839020756,0.11109349480147013,-0.09401798083540525,-0.12952080687813716,0.17279207155734722,12678.337702569826,17574.676013236298,0.025546614270911296,-0.026841246960353563,0.218736248226408,0.0015,-0.9769304580184198,-0.1338824168933085,-1.6186495436488961,,,1,-1.618650,0.6666385689149057,-0.08779911634824022,14634.248984325117,False,-1955.9112817552914,0.0,0.0007008390429511122,0.1966829666144776,0.3735883424408014,1.259716237069605,0.7379447012561625,-0.5217715358134424,SPY,0.21037381520456644,19649.4012312515,1.4288247116075652,0.1405684051184841,-0.18709518091808564,0.5268552938890043,0.10856368848244147,-0.10238862787642955,-0.03918361770215073,0.8804605531896239,False,1.0,12678.337702569826,-0.09401798083540525,False,-0.0005345439462892066,-0.010061701730994854,0.9919720589889012,0.5725301017995663,848,0.3076278533761076,-0.032340725943472204,0.10643591913231827,-0.04077745800999988,0.02335815092028768,0.014908829376615116,0.11132153082500815,8.768103056492045,-1.0714162431930008,4.547799445217148,-2.059548568386322,0.8621823554238892,0.8706504756737042,6.117011781446288,0.21047119861481423,0.4678454063625539,0.7016860373142365,close,-0.22831996200405016,36.85749627562171,1606,2.218627786155269,0.9599964721457381,False,1069,537,run+ledger,0.6549456867559094,this run,1.6499410047561485,-0.7071009672450135,False,False,False,False,False,False,0,6,False,True,underpowered,2000.0
us_etfs,4h,mc_adaptive_ewma,False,10,3.537759525439197,0.43239118145845107,0.06331732968882697,0.10760469178877008,-0.044287362099943106,0.8655739905600471,0.6138613861386139,1.7800962023487994,303,0.9095030762803483,1.490534927053709,-0.5810318507733606,-1.8021204582366113,0.009398416534109,-0.004364058835429266,-0.08124447392630617,9.999434708875071,1769,2023-02-10,2026-08-25,0.07022771228415776,0.11109349480147013,-0.1004937202673507,-0.12952080687813716,0.17279207155734722,12425.872698611583,17574.676013236298,0.027340387107832292,-0.02441677314317876,0.3224156565770885,0.0515,-1.1263969255378188,0.07585185103247391,-1.0343750555839923,,,1,-1.034375,0.6321496358509412,-0.08340055537675561,14355.644733007453,False,-1929.772034395869,0.0,0.0010428634206113743,0.1525607345518014,0.43239118145845107,1.2666259539962736,0.6300625503800567,-0.636563403616217,SPY,0.21037381520456644,19649.4012312515,1.4288247116075652,0.1405684051184841,-0.18709518091808564,0.49959812964345246,0.10281733924719294,-0.09730386736351948,-0.03950000955836597,0.8789404153516268,False,1.0,12425.872698611583,-0.1004937202673507,False,0.05030524413511953,0.7990956208921257,0.4242349686684803,0.46567070273996247,848,0.28656194201559043,0.005044079221368958,0.08106052016739755,-0.01568676994382595,0.06728211489603471,-0.012891744661348917,0.010441534125683586,5.959159343671008,0.12188502028899942,2.510961894523478,-0.7091456182255952,2.283054162237731,-0.6978447399482778,0.5676127561415549,0.9352475313140909,0.4838123911834632,0.621711057943352,close,-1.9734609145610935,43.13571478965869,1606,2.218627786155269,0.9486939259557543,False,1069,537,run+ledger,0.6549456867559094,this run,1.6231032439352866,-0.7136001676549383,False,False,False,False,False,False,0,6,False,True,underpowered,2000.0
us_etfs,4h,mc_tukey_lambda_reversion,False,10,3.537759525439197,0.1817536586897808,0.00964537132661758,0.05400461636984266,-0.04435924504322508,0.8588891198189237,0.5586592178770949,1.1892336913739636,179,0.2866146693849023,1.490534927053709,-1.2039202576688066,-3.912782171470064,0.00014579843025119832,-0.04797457521870251,-1.7296406492185716,9.999434708875071,1769,2023-02-10,2026-08-25,0.03571694308083241,0.11109349480147013,-0.056053806376460846,-0.12952080687813716,0.17279207155734722,10345.426969247714,17574.676013236298,0.021904472039484185,-0.02331516504950447,0.30768905727672646,0.0,-1.7493782174473456,-0.5258749648952048,-3.206758810522714,,,1,-3.206759,0.3215034610681791,-0.04307929789831799,12045.125186157673,False,-1699.6982169099595,0.0,0.0006132129627241051,0.05423362046611624,0.1817536586897808,1.2372891525440821,0.1720734406837364,-1.0652157118603458,SPY,0.21037381520456644,19649.4012312515,1.4288247116075652,0.1405684051184841,-0.18709518091808564,0.2540894097128502,0.05168445759573337,-0.05047015333148697,-0.04203908626911579,0.8656113451008224,False,1.0,10345.426969247714,-0.056053806376460846,False,-0.02028019794177908,-0.6881560641106136,0.4913545083164017,0.2632177091099748,848,0.08844504373321058,0.02056708629788212,0.039620146325933976,-0.03784864141763822,-0.01344771543382612,0.019821785153075713,0.017898094031005687,5.037705777364131,1.763482884126295,3.685267442398776,-2.4170140687564627,-0.8229129958026177,1.9433261330412988,1.270433739712928,0.08369449868297196,0.24508969686157303,0.4131766753816335,close,-0.39301551321598616,16.058386294158066,1606,2.218627786155269,0.7045117718234221,False,1069,537,run+ledger,0.6549456867559094,this run,1.7033613928032278,-1.4167467234183255,False,False,False,False,False,False,0,6,False,True,underpowered,2000.0
us_etfs,4h,mc_min_max_blend,False,10,3.537759525439197,0.3129326047358834,0.05856347012053553,0.10355936139679711,-0.04499589127626158,0.8630611470109705,0.803030303030303,3.582460924765594,132,0.8751438264412321,1.490534927053709,-0.6153911006124768,-2.9363276655975317,0.006694039771840243,-0.04615894118599854,-1.0538645080994171,9.999434708875071,1769,2023-02-10,2026-08-25,0.06765322952895693,0.11109349480147013,-0.09637000691492548,-0.12952080687813716,0.17279207155734722,12230.450622412513,17574.676013236298,0.025780414796165194,-0.02933870605218456,0.20957848397591794,0.0045,-0.9910516193627235,-0.16094865198326075,-0.8088296631687661,,,1,-0.808830,0.6089756168878905,-0.08043633355179591,14171.012870606084,False,-1940.5622481935713,0.0,0.0004531681671610985,0.19945717824549258,0.3129326047358834,1.2526058206938278,0.6076939495525283,-0.6449118711412994,SPY,0.21037381520456644,19649.4012312515,1.4288247116075652,0.1405684051184841,-0.18709518091808564,0.4812833258791868,0.09896385794611406,-0.093874496409462,-0.04040038782557853,0.8758969418752095,False,1.0,12230.450622412513,-0.09637000691492548,False,0.0007895024526483526,0.015161094783709287,0.9879036599573425,0.5408864062889911,848,0.27769282911181925,-0.025152351966855724,0.055305276077104046,-0.01435263361761488,0.06633106739021395,0.002460873885850503,0.10578624376320259,6.9991169923440495,-0.7404222157445531,2.049094604269305,-0.6855682524937529,2.5455462610447066,0.14482169998324845,5.592147647525571,0.2919449543157604,0.4154843311500119,0.6601490081570833,close,-0.616927993604694,50.98512424983509,1606,2.218627786155269,0.9464198192222272,False,1069,537,run+ledger,0.6549456867559094,this run,1.6776244331098187,-0.8024806066685866,False,False,False,False,False,False,0,6,False,True,underpowered,2000.0
us_etfs,4h,mc_adaptive_threshold,False,10,3.537759525439197,0.09813453928773319,0.0015117928952943505,0.046969551788039965,-0.045457758892745614,0.8546713150036688,0.6451612903225806,1.0662566264345223,93,0.0641126173712552,1.490534927053709,-1.4264223096824538,-6.274841251241924,2.6309382371803025e-05,-0.03982745709496774,-1.3733606506499008,9.999434708875071,1769,2023-02-10,2026-08-25,0.031120437172798825,0.11109349480147013,-0.04876877343911412,-0.12952080687813716,0.17279207155734722,10053.5862733762,17574.676013236298,0.01701539860259964,-0.029014673955006644,0.22732404734544234,0.0,-1.869620166389089,-1.0019550862262017,-1.6930698497339334,,,1,-1.693070,0.2801283480046484,-0.037612723020906236,11763.102489678204,False,-1709.5162163020027,0.0,0.0003207114536308517,0.015512768779530672,0.09813453928773319,1.2275704418969888,0.030999198640535092,-1.1965712432564537,SPY,0.21037381520456644,19649.4012312515,1.4288247116075652,0.1405684051184841,-0.18709518091808564,0.22138998551322847,0.04496112574278088,-0.04409020616843973,-0.04344933284748653,0.8604969337169286,False,1.0,10053.5862733762,-0.04876877343911412,False,-0.02588350145500585,-0.8520092554052221,0.3942089550997616,0.2549174507828277,848,0.08211524655874908,-0.007521152767564959,0.043993195986425704,-0.01592631583637489,0.0008904274355309456,0.013795345691049869,0.03621123089540259,4.46137736009049,-0.5225791148207827,2.6463467299987427,-1.4548236981535638,0.06750241641029224,1.6138764124645124,2.993277842111696,0.16964025623012624,0.12340121702960835,0.30460981258157604,close,-1.2856949505293573,35.14761042010596,1606,2.218627786155269,0.5478887782166697,False,1069,537,run+ledger,0.6549456867559094,this run,1.7033613928032278,-1.6392487754319727,False,False,False,False,False,False,0,6,False,False,unrankable,2000.0
us_etfs,4h,mc_return_atr_blend,False,10,3.537759525439197,0.3799824131650022,0.06734526120357165,0.11286906920921003,-0.04552380800563838,0.8626369658063994,0.7463414634146341,2.525645392194967,205,0.9226609072864664,1.490534927053709,-0.5678740197672425,-2.1690377457658525,0.007287157648140419,-0.058463808478879005,-1.5968476259575475,9.999434708875071,1769,2023-02-10,2026-08-25,0.07357096481673586,0.11109349480147013,-0.08397872273366791,-0.12952080687813716,0.17279207155734722,12593.197731042352,17574.676013236298,0.02480748650562778,-0.028900042182443218,0.2618091920602955,0.0165,-1.0551445207609786,-0.03492701803356235,-1.4066450451576675,,,1,-1.406645,0.6622436799581382,-0.08723947383341046,14598.490709553744,False,-2005.2929785113927,0.0,0.000694733483812715,0.18710762763694522,0.3799824131650022,1.2604668008630777,0.8019324301603394,-0.4585343707027383,SPY,0.21037381520456644,19649.4012312515,1.4288247116075652,0.1405684051184841,-0.18709518091808564,0.5233819417295332,0.1078306836842764,-0.10174194574074213,-0.04048542248070475,0.8765967668606327,False,1.0,12593.197731042352,-0.08397872273366791,False,-0.006324676365142566,-0.1373389338661858,0.8907628972176884,0.5854444741639191,848,0.29999680770471254,-0.0335060326928031,0.11374138524824684,-0.04161470173225121,0.019567582122322347,0.024116198342699433,0.12776060697542574,11.799455182285742,-1.5561876958483454,5.706346773909989,-2.046707448107932,0.7489963336048089,1.5704434716856113,6.8677791441838725,0.1102996767599187,0.46142088542388654,0.7135043230714162,close,0.43889366117540296,32.209834074347505,1606,2.218627786155269,0.9589947066482716,False,1069,537,run+ledger,0.6549456867559094,this run,1.647022735100558,-0.7243618278140915,False,False,False,False,False,False,0,6,False,True,underpowered,2000.0
us_etfs,4h,T3_200,False,10,3.537759525439197,0.3249858677218767,0.024564442234670025,0.07102559480503534,-0.046461152570365316,0.8547925630971218,0.20869565217391303,1.7197035360033834,115,0.5422737640787441,1.490534927053709,-0.9482611629749649,-1.8614662374057314,0.0009624909186020658,0.013408916309605909,0.35872779649429715,9.999434708875071,1769,2023-02-10,2026-08-25,0.04677192559010873,0.11109349480147013,-0.08121456282052142,-0.12952080687813716,0.17279207155734722,10896.460188668243,17574.676013236298,0.08931889107014516,-0.013698076510706245,0.5094162568838893,0.03852080123266564,-1.8922926041368893,0.09005208625262885,-2.429203395930859,,,1,-2.429203,0.4210140807406645,-0.056133943394221286,12747.490629992979,False,-1851.030441324737,0.0,0.0005835248147786467,0.07753146908701081,0.3249858677218767,1.2540173795536933,0.30246351616711586,-0.9515538633865774,SPY,0.21037381520456644,19649.4012312515,1.4288247116075652,0.1405684051184841,-0.18709518091808564,0.3327342694874073,0.0679395602910362,-0.06567680436766021,-0.04337511805636618,0.8635632783500518,False,1.0,10896.460188668243,-0.08121456282052142,False,0.02984268199195292,0.779474717966333,0.43570012479492704,0.10454757406101978,848,0.0340247238438482,0.014354483837501403,0.033006435775315625,-0.08727876093177507,0.016669893892873405,0.001752409776083503,-0.07059715641294183,2.058088335960698,0.8084940479867556,2.395918127475082,-3.7221971991282947,0.7441273468393694,0.11083688266645952,-3.478425174148891,0.7197987319694985,0.14543553765827763,0.13535801522963475,close,-1.1869288349829255,28.888314164325568,1606,2.218627786155269,0.8421438534360637,False,1069,537,run+ledger,0.6549456867559094,this run,1.6721232941421587,-1.1298495300634146,False,False,False,False,False,False,0,6,False,True,underpowered,1947.0
us_etfs,4h,mc_entropy_divergence,False,10,3.537759525439197,0.45007851265624016,0.05761662453829053,0.10408158477828189,-0.04646496023999136,0.8588944160075798,0.6363636363636364,3.0141319687705947,55,0.8580674540349763,1.490534927053709,-0.6324674730187326,-2.39722813860881,0.006436771545679176,-0.06302279634726934,-1.4973819879774573,9.999434708875071,1769,2023-02-10,2026-08-25,0.06798584307237326,0.11109349480147013,-0.10396751844854157,-0.12952080687813716,0.17279207155734722,12191.7925621377,17574.676013236298,0.09004370474555301,-0.05227922497666554,0.2638328254338672,0.0285,-1.0131513653437525,0.0433807626669454,-0.560824278860714,,,1,-0.560824,0.6119696134671748,-0.08081969429501845,14194.751223100404,False,-2002.9586609627038,0.0,0.00018152731845737032,0.13253958019882828,0.45007851265624016,1.268707457678831,0.5541790878350887,-0.7145283698437424,SPY,0.21037381520456644,19649.4012312515,1.4288247116075652,0.1405684051184841,-0.18709518091808564,0.48364953002823424,0.09946136648342985,-0.09431813739281769,-0.04184474194513932,0.8717314635406588,False,1.0,12191.7925621377,-0.10396751844854157,False,-0.010800519831621133,-0.21426744629381417,0.8303385025974606,0.5361298593339037,848,0.28226609408390063,-0.0053801830406878665,0.048826562461315746,-0.04915773136714224,0.0822867059673674,0.010161233044416546,0.031073624955661638,7.314978870222743,-0.15990503298792175,1.6160268802398672,-2.593954477409956,2.8308309400696126,0.6937846935787882,1.995686857462393,0.13429389231852884,0.46215669674242693,0.6899691965045556,close,-1.187389568470276,34.747281685357834,1606,2.218627786155269,0.9416338756290725,False,1069,537,run+ledger,0.6549456867559094,this run,1.6150307023339678,-0.7569632482989915,False,False,False,False,False,False,0,6,False,True,underpowered,2000.0
us_etfs,4h,mc_extreme_return_bounce,False,10,3.537759525439197,0.0364047484454494,-0.012182167289583101,0.03428852203139687,-0.046470689320979974,0.8499026554726643,0.38636363636363635,0.47888013300404203,44,-0.5262679682177557,1.490534927053709,-2.0168028952714647,-4.380707069691109,4.632415451233385e-09,-0.056628734047598904,-1.7360162971267457,9.999434708875071,1769,2023-02-10,2026-08-25,0.022793563844475583,0.11109349480147013,-0.07198312572099108,-0.12952080687813716,0.17279207155734722,9575.64458162915,17574.676013236298,0.022469281893159644,-0.029542519435264272,0.4603829617426743,0.0015,-2.7348161449113864,-0.8888669056254332,-1.3002837809184604,,,1,-1.300284,0.2051746043745304,-0.027651641459855214,11266.754515908364,False,-1691.1099342792124,0.0,0.0001517344511801882,-0.28586713303172107,0.0364047484454494,1.2204188687348774,-0.1692364310046993,-1.3896552997395766,SPY,0.21037381520456644,19649.4012312515,1.4288247116075652,0.1405684051184841,-0.18709518091808564,0.16215282392414607,0.03283485970939193,-0.0324463646960188,-0.04501702699897503,0.8541420673064785,False,1.0,9575.64458162915,-0.07198312572099108,False,-0.047876698497731414,-1.5258351940665185,0.1270509134348825,0.1349294597389188,848,0.05505612576524821,-0.0233433638943311,0.021693677033410783,-0.00854794956232953,0.012600582481712547,-0.004105805613856417,0.008031945525450841,2.0853763185154124,-1.1263477815357426,1.24819891949498,-0.8972311661641217,1.3195135894249452,-0.5860329905461816,0.9463351675431947,0.08256095299274535,0.07745376320940424,0.16802305819036123,close,-9.323512182238586,195.6308683866734,1606,2.218627786155269,0.13540256256960442,False,1069,537,run+ledger,0.6549456867559094,this run,1.7033613928032278,-2.2296293610209834,False,False,False,False,False,False,0,6,False,False,unrankable,2000.0
us_etfs,4h,mc_rolling_window_em_aof_midpoint,False,10,3.537759525439197,0.34696313045662963,0.06534854463892392,0.11215443520224744,-0.046805890563323516,0.8588910313279077,0.7337278106508875,2.994992909335513,169,0.9023638967004477,1.490534927053709,-0.5881710303532612,-2.903819161724164,0.0071634977068197325,-0.04787721138323987,-1.1765936859999309,9.999434708875071,1769,2023-02-10,2026-08-25,0.07311758575645089,0.11109349480147013,-0.0937466294041005,-0.12952080687813716,0.17279207155734722,12510.051093346792,17574.676013236298,0.026723222181375732,-0.024586810577983294,0.20255084686610797,0.0,-0.9582426437964487,-0.17035941804518043,-1.0762579460445718,,,1,-1.076258,0.6581626213768487,-0.08671956907409573,14565.353039029116,False,-2055.301945682324,0.0,0.0005807630465626192,0.20014927985165665,0.34696313045662963,1.2565929246916918,0.6970762048119626,-0.5595167198797292,SPY,0.21037381520456644,19649.4012312515,1.4288247116075652,0.1405684051184841,-0.18709518091808564,0.5201566148155455,0.10715021801338276,-0.10114111167425599,-0.041801673374458836,0.8727039475399505,False,1.0,12510.051093346792,-0.0937466294041005,False,0.002440221384055459,0.04871273736952983,0.9611482249745305,0.5812260677513348,848,0.30653661600521975,-0.03186998314326249,0.11195424029728995,-0.02091708354987587,0.027336823273608184,0.013571835831056537,0.12007412429895407,8.726191550856454,-1.0546779847802066,4.871555174788546,-1.0065515131077487,1.041035701259692,0.8050955010940232,6.557433249599696,0.23935771912605386,0.44529921075585904,0.7014113588974009,close,-0.14925756124258435,38.82919051548155,1606,2.218627786155269,0.9534124772059517,False,1069,537,run+ledger,0.6549456867559094,this run,1.6620928172021676,-0.7597289205017199,False,False,False,False,False,False,0,6,False,True,underpowered,2000.0
us_etfs,4h,bb_outside_in,False,10,3.537759525439197,0.9620124364047483,0.048769130274219474,0.09699100517311487,-0.0482218748988954,0.8529659927019075,0.4807692307692308,1.4990273318665286,208,0.7820334472664993,1.490534927053709,-0.7085014797872097,-2.428067719491561,0.0032573077703175746,0.030721901105131115,0.5024046822493313,9.999434708875071,1769,2023-02-10,2026-08-25,0.06346293310157576,0.11109349480147013,-0.12933382877876365,-0.12952080687813716,0.17279207155734722,11834.788421031211,17574.676013236298,0.05001696073270688,-0.030894700646162638,0.29179642482771045,0.0,-1.376251210053685,-0.22129230553557466,-0.47730208308031297,,,1,-0.477302,0.5712569688710156,-0.07559668431226696,13874.865495566366,False,-2040.077074535156,0.0,0.0018073852070970367,0.050742975278446734,0.9620124364047483,1.329532902839471,0.37707945967982714,-0.9524534431596438,SPY,0.21037381520456644,19649.4012312515,1.4288247116075652,0.1405684051184841,-0.18709518091808564,0.4514736654234877,0.09270505162393361,-0.08827072148352355,-0.043935921349714135,0.8648610070512978,False,1.0,11834.788421031211,-0.12933382877876365,False,0.042277689501014584,0.6917270639272352,0.48910874761717693,0.14817848749665874,848,0.13101630425626756,0.022964988709479668,0.008032240407605765,-0.03416326610696377,0.0662309765327125,-0.0534707064661325,-0.03764893400581271,4.642837357537823,0.8645318283837332,0.3449719770984462,-1.2520918332846411,2.162892724933922,-2.708435277777404,-1.8365547779833205,0.6153828860990456,0.10226641482578176,0.1565483767574387,close,0.4898346946136754,10.619209175960524,1606,2.218627786155269,0.9307034872549436,False,1069,537,run+ledger,0.6549456867559094,this run,1.4877006853447827,-0.7056672380782835,False,False,False,False,False,False,0,6,False,True,underpowered,2000.0
us_etfs,4h,mc_adaptive_midpoint,False,10,3.537759525439197,0.365448150241819,0.06622283016280184,0.11444537042798908,-0.04822254026518724,0.8551391400622829,0.7461139896373057,2.7542529088531644,193,0.8972465591291996,1.490534927053709,-0.5932883679245093,-3.4793010650870184,0.007226477687083621,-0.06035030875330214,-1.499796181233271,9.999434708875071,1769,2023-02-10,2026-08-25,0.07457049109439476,0.11109349480147013,-0.09602689697265787,-0.12952080687813716,0.17279207155734722,12546.409191276287,17574.676013236298,0.02441720876229625,-0.026053052320476736,0.17051941088911518,0.0,-0.9312739457294504,-0.26080826396524925,-1.2914624239957408,,,1,-1.291462,0.6712408429283472,-0.08838489762050261,14671.775157388407,False,-2125.3659661121205,0.0,0.0006614921062814374,0.19179694242679624,0.365448150241819,1.2587609839988534,0.6896279297836494,-0.569133054215204,SPY,0.21037381520456644,19649.4012312515,1.4288247116075652,0.1405684051184841,-0.18709518091808564,0.5304925458287716,0.10933151738774205,-0.1030654303531453,-0.04310868722494021,0.8691669829988037,False,1.0,12546.409191276287,-0.09602689697265787,False,-0.004423839883847729,-0.08540995515114755,0.9319354790183061,0.5789141821885502,848,0.31120956346856865,-0.03152108044585729,0.09603910082423762,-0.031154856232666728,0.028972728034405922,0.009481398833900648,0.11750269940114118,8.92173002761452,-1.0054102301553187,4.118765838411449,-1.5196711585694151,1.1553235441975778,0.5509030409860999,6.867075979265166,0.13366720684205724,0.4949380578119827,0.7220940746744817,close,-0.429330336049826,37.79836531092165,1606,2.218627786155269,0.951618572189247,False,1069,537,run+ledger,0.6549456867559094,this run,1.6536562085613007,-0.7564096494321011,False,False,False,False,False,False,0,6,False,True,underpowered,2000.0
us_etfs,4h,mc_recursive_midpoint,False,10,3.537759525439197,0.365448150241819,0.06622283016280184,0.11444537042798908,-0.04822254026518724,0.8551391400622829,0.7461139896373057,2.7542529088531644,193,0.8972465591291996,1.490534927053709,-0.5932883679245093,-3.4793010650870184,0.007226477687083621,-0.06035030875330214,-1.499796181233271,9.999434708875071,1769,2023-02-10,2026-08-25,0.07457049109439476,0.11109349480147013,-0.09602689697265787,-0.12952080687813716,0.17279207155734722,12546.409191276287,17574.676013236298,0.02441720876229625,-0.026053052320476736,0.17051941088911518,0.0,-0.9312739457294504,-0.26080826396524925,-1.2914624239957408,,,1,-1.291462,0.6712408429283472,-0.08838489762050261,14671.775157388407,False,-2125.3659661121205,0.0,0.0006614921062814374,0.19179694242679624,0.365448150241819,1.2587609839988534,0.6896279297836494,-0.569133054215204,SPY,0.21037381520456644,19649.4012312515,1.4288247116075652,0.1405684051184841,-0.18709518091808564,0.5304925458287716,0.10933151738774205,-0.1030654303531453,-0.04310868722494021,0.8691669829988037,False,1.0,12546.409191276287,-0.09602689697265787,False,-0.004423839883847729,-0.08540995515114755,0.9319354790183061,0.5789141821885502,848,0.31120956346856865,-0.03152108044585729,0.09603910082423762,-0.031154856232666728,0.028972728034405922,0.009481398833900648,0.11750269940114118,8.92173002761452,-1.0054102301553187,4.118765838411449,-1.5196711585694151,1.1553235441975778,0.5509030409860999,6.867075979265166,0.13366720684205724,0.4949380578119827,0.7220940746744817,close,-0.429330336049826,37.79836531092165,1606,2.218627786155269,0.951618572189247,False,1069,537,run+ledger,0.6549456867559094,this run,1.6536562085613007,-0.7564096494321011,False,False,False,False,False,False,0,6,False,True,underpowered,2000.0
us_etfs,4h,mc_lag2_autocorr,False,10,3.537759525439197,0.4413793103448276,0.06284702977769907,0.11121921380928756,-0.048372184031588494,0.8543163556581101,0.6148648648648649,1.8211717916357715,296,0.8768461735835342,1.490534927053709,-0.6136887534701747,-2.1594794735136174,0.007492038987877703,-0.04422819708954951,-0.8893005805969525,9.999434708875071,1769,2023-02-10,2026-08-25,0.07252404168935186,0.11109349480147013,-0.10178414255931745,-0.12952080687813716,0.17279207155734722,12406.440431739627,17574.676013236298,0.026538996484308894,-0.02326484260495184,0.2841836474933758,0.0285,-1.0942353090817158,0.027625882943720356,-1.5167626579173734,,,1,-1.516763,0.6528198776981147,-0.08603860456730938,14522.068259108191,False,-2115.627827368565,0.0,0.0010166886624532428,0.14808177501273168,0.4413793103448276,1.2676835275495535,0.6174540375095587,-0.6502294900399948,SPY,0.21037381520456644,19649.4012312515,1.4288247116075652,0.1405684051184841,-0.18709518091808564,0.5159341576666668,0.10625966865846337,-0.10035404508763646,-0.0434126388807643,0.8679433781787724,False,1.0,12406.440431739627,-0.10178414255931745,False,0.015376931189319704,0.2527278837404761,0.8004784990812561,0.4620182808595773,848,0.2858150042255647,0.005211853495271451,0.08257322108130195,-0.028346753641852657,0.060435642904553034,-0.012446079561922382,0.027026679716735696,6.039802840132076,0.13810636567382598,2.7126528337184617,-1.2122373025953201,1.9257567313254913,-0.6471619606413977,1.3200234962484079,0.37384155956501464,0.5274934574331799,0.6379430597748252,close,-1.5785649031450035,36.61411995583162,1606,2.218627786155269,0.9440596409287824,False,1069,537,run+ledger,0.6549456867559094,this run,1.6190010397337642,-0.74215486615023,False,False,False,False,False,False,0,6,False,True,underpowered,2000.0
us_etfs,4h,CDLHIGHWAVE,False,10,3.537759525439197,0.5481251177689843,0.021407267587271406,0.07028079095753825,-0.04887352337026685,0.8475938013908086,0.4912959381044487,1.084465629485736,1551,0.4807431958516663,1.490534927053709,-1.0097917312020426,-1.8139358755760018,0.000607059324242043,0.0699868697189946,1.6447644599985483,9.999434708875071,1769,2023-02-10,2026-08-25,0.046290102255509204,0.11109349480147013,-0.08734270986361836,-0.12952080687813716,0.17279207155734722,10778.135782811663,17574.676013236298,0.01407897829206228,-0.012538145784152391,0.5566854621480987,0.0345,-2.1490711536649156,0.09462907238733749,1.61358934552887,,,1,1.613589,0.4166769830963733,-0.05556769538677808,12716.156919890074,False,-1938.0211370784095,0.0,0.006150075663415628,0.039399639313939305,0.5481251177689843,1.280271563917715,0.2450950699915067,-1.0351764939262083,SPY,0.21037381520456644,19649.4012312515,1.4288247116075652,0.1405684051184841,-0.18709518091808564,0.32930659074129504,0.06722861369437694,-0.06501807066283116,-0.04582134610710553,0.8562006433097611,False,1.0,10778.135782811663,-0.08734270986361836,False,0.07273883170513466,1.77659324827852,0.07563518731689234,0.026758041788810694,848,-0.04519769205513376,0.03759223797200707,-0.0226317289370577,0.017057949078717858,-0.0012647653583698869,0.015946409429587794,-0.005326952491516607,-1.0495556692726555,1.6189362209492582,-1.0990076721378064,0.7949072731375664,-0.04350506811277627,0.8257831111919495,-0.18218453436506726,0.10001839393041045,0.024354312870564398,0.027650350931008538,close,-0.6836488468750165,47.50350141935517,1606,2.218627786155269,0.8146154177750791,False,1069,537,run+ledger,0.6549456867559094,this run,1.5823442094879179,-1.1016010136362515,True,False,False,False,False,False,1,6,False,True,underpowered,2000.0
us_etfs,4h,mc_donchian_trend_reversion,False,10,3.537759525439197,0.4556309277055462,0.06560715712417409,0.11470328315219191,-0.04909612602801783,0.8526951880963494,0.5907590759075908,1.823230083521301,303,0.8878189465016801,1.490534927053709,-0.6027159805520288,-2.4706647864402136,0.008077722188482794,-0.023212188553264942,-0.440760151824394,9.999434708875071,1769,2023-02-10,2026-08-25,0.07473396546508104,0.11109349480147013,-0.1140606417782003,-0.12952080687813716,0.17279207155734722,12520.797887504528,17574.676013236298,0.028231674749515732,-0.022352520901253566,0.2439489095647147,0.018,-0.9834347782072109,-0.029952207234271895,-0.5708406029382639,,,1,-0.570841,0.6727123455665387,-0.0885721335373445,14683.79095167329,False,-2162.993064168761,0.0,0.001040828234231908,0.14965899583490194,0.4556309277055462,1.2693611794774688,0.5751954057189355,-0.6941657737585334,SPY,0.21037381520456644,19649.4012312515,1.4288247116075652,0.1405684051184841,-0.18709518091808564,0.5316554982756496,0.10957706899122432,-0.10328174172690252,-0.04396991186705024,0.8667138278196301,False,1.0,12520.797887504528,-0.1140606417782003,False,0.034767879143131945,0.5521761464271925,0.5808276755349893,0.515469439798367,848,0.30848842242424684,0.014486166976290071,0.08048093604489812,-0.03396872203841894,0.052364024017492516,-0.012575985107532436,0.02821888715078449,5.884459593035809,0.3377782041967059,2.5971289176655667,-1.5210661631506446,1.6309589776967366,-0.6361172688105465,1.408237288157567,0.6593866444520278,0.513111996476059,0.6720946805476462,close,-1.6228983323836856,46.31809448053625,1606,2.218627786155269,0.945719852288541,False,1069,537,run+ledger,0.6549456867559094,this run,1.6124965664051447,-0.7246776199034646,False,False,False,False,False,False,0,6,False,True,underpowered,2000.0
us_etfs,4h,mc_dema_projection,False,10,3.537759525439197,0.4881288863764839,0.06942935745422374,0.12048585953886759,-0.05105650208464385,0.8479011698869097,0.6029411764705882,1.8021124053070503,340,0.8955987551823787,1.490534927053709,-0.5949361718713302,-3.297531874750384,0.007936755933364459,-0.03293395787177955,-0.6562030032487084,9.999434708875071,1769,2023-02-10,2026-08-25,0.07839424814439232,0.11109349480147013,-0.11498017089728862,-0.12952080687813716,0.17279207155734722,12680.405049899638,17574.676013236298,0.02652028425380928,-0.022346853968258907,0.18041862655728402,0.002,-0.9186727514125715,-0.2111053934337393,-1.5928436450849388,,,1,-1.592844,0.7056601134430682,-0.09275707569344771,14955.050777428354,False,-2274.645727528715,0.0,0.0011623175544950317,0.1474192735143971,0.4881288863764839,1.273190183912336,0.6038376609845599,-0.6693525229277761,SPY,0.21037381520456644,19649.4012312515,1.4288247116075652,0.1405684051184841,-0.18709518091808564,0.5576946546296401,0.11508152642230463,-0.10811426806235636,-0.045652168968080886,0.8625289440364993,False,1.0,12680.405049899638,-0.11498017089728862,False,0.02909536333898133,0.4592480171067696,0.6460560725339288,0.4989912756734942,848,0.31857023631511777,0.015411478589097055,0.08609948110438845,-0.03813251235552098,0.05767505210364476,-0.01923999063423553,0.01435270900451785,6.056353718269067,0.3579310589123776,2.988743019187956,-1.660619660138108,1.784408722527286,-0.9165599055626034,0.7003576870044791,0.5116935167985284,0.5489470797648998,0.66433987205402,close,-1.2084303263968157,39.86282745712883,1606,2.218627786155269,0.9487264185032389,False,1069,537,run+ledger,0.6549456867559094,this run,1.5976644178805626,-0.7020656626981838,False,False,False,False,False,False,0,6,False,True,underpowered,2000.0
us_etfs,4h,mc_adaptive_window_sma,False,10,3.537759525439197,0.4524652974059419,0.06593690635257765,0.11736542644218995,-0.051428520089612295,0.8464557198731959,0.625,1.8175281275606752,304,0.8739166583984539,1.490534927053709,-0.616618268655255,-3.240566278361568,0.007091249183580617,-0.04140430808812663,-0.859852691791971,9.999434708875071,1769,2023-02-10,2026-08-25,0.07642022964775447,0.11109349480147013,-0.10178446400392283,-0.12952080687813716,0.17279207155734722,12534.510414427341,17574.676013236298,0.026743065837673365,-0.02452329387382992,0.19028102365090882,0.0,-0.9797145576285855,-0.2517438133862995,-2.036139803654275,,,1,-2.036140,0.6878911297580601,-0.09050185775013098,14808.22932628429,False,-2273.71891185695,0.0,0.0010442767444860022,0.15156851280397277,0.4524652974059419,1.2689884520691093,0.6478091425626253,-0.6211793095064839,SPY,0.21037381520456644,19649.4012312515,1.4288247116075652,0.1405684051184841,-0.18709518091808564,0.5436515380774251,0.11211140541046438,-0.10551061843954135,-0.04617449905788673,0.8606881155198012,False,1.0,12534.510414427341,-0.10178446400392283,False,0.022007972444075534,0.3548107874827459,0.7227313462786567,0.5237106656486884,848,0.3168218328029878,-0.006588696747229089,0.09481246646209461,-0.036078506537528754,0.04741544285463967,-0.013100151086114498,0.050014910861852425,6.379276790224526,-0.16117033822828705,3.4529964431373,-1.6880676867581919,1.711055129974112,-0.642845541516901,2.626550819932596,0.38987024930723524,0.5611859930098048,0.7035454336064834,close,-1.1999738035201957,42.86125929503713,1606,2.218627786155269,0.9445240736461993,False,1069,537,run+ledger,0.6549456867559094,this run,1.6139413678849261,-0.7400247094864723,False,False,False,False,False,False,0,6,False,True,underpowered,2000.0
us_etfs,4h,HT_TRENDMODE~ADD|vote,False,10,3.537759525439197,0.7759437221280071,0.04843325975253299,0.09997918275492212,-0.05154592300238914,0.8438399555129779,0.36308539944903584,1.1686849089940465,1815,0.7561748825258461,1.490534927053709,-0.7343600445278629,-2.0639484523768337,0.002744628859923326,0.03846012923569215,0.6440080969129054,9.999434708875071,1769,2023-02-10,2026-08-25,0.06537081200529096,0.11109349480147013,-0.047364804385226944,-0.12952080687813716,0.17279207155734722,11821.385350197004,17574.676013236298,0.019599619869691335,-0.009560438074295753,0.3558034812750179,0.016,-1.4348880677873856,-0.04938312286736443,-0.4859855934913757,,,1,-0.485986,0.588430601828775,-0.07780252594694059,14009.03722674601,False,-2187.651876549006,0.0,0.00682807101827623,0.06285008034307893,0.7759437221280071,1.3073019320933867,1.0225580023220637,-0.284743929771323,SPY,0.21037381520456644,19649.4012312515,1.4288247116075652,0.1405684051184841,-0.18709518091808564,0.46504626662150983,0.09555270399620874,-0.09082555970356432,-0.04711944424367576,0.8559637605164744,False,1.0,11821.385350197004,-0.047364804385226944,False,0.06504657766594858,1.0771063232310367,0.2814327684957205,0.12176099123286943,848,0.09255278003786253,0.06747913426264666,-0.024161597455201658,-0.03608975272825986,0.09262228036023122,-0.030253941876709607,-0.08920354172887324,3.6331756395742367,2.9274170470169203,-0.7560519701826465,-1.4722766217790368,2.7205225928291323,-1.685138044510473,-4.495189326336227,0.5195701835059796,0.23528474828090665,0.1633542643278213,close,0.6577016684895154,11.390023761761366,1606,2.218627786155269,0.9244680444648739,False,1069,537,run+ledger,0.6549456867559094,this run,1.5319288691596225,-0.7757539866337764,False,False,False,False,False,False,0,6,False,True,underpowered,2000.0
us_etfs,4h,LINEARREG_INTERCEPT_1000,False,10,3.537759525439197,0.43521763708309774,0.07004749314163639,0.12178217297356753,-0.05173467983193114,0.8461678926972288,0.1935483870967742,6.728622282890147,62,0.8944105987650772,1.490534927053709,-0.5961243282886317,-1.5514786141666825,0.007478041487403109,-0.07719765259755017,-1.2066690867793097,9.999434708875071,1769,2023-02-10,2026-08-25,0.07921350877279787,0.11109349480147013,-0.13570473199579147,-0.12952080687813716,0.17279207155734722,12706.353513510576,17574.676013236298,0.2666130052978522,-0.009509691372362206,0.3842298068728566,0.035228988424760944,-1.449604335863113,0.04927395310229179,-0.0786885967433224,,,1,-0.078689,0.7130346283043534,-0.09369183568230866,15016.350328547735,False,-2309.9968150371587,0.0,0.0002673393642549246,0.1683135842293011,0.43521763708309774,1.2669584843060735,0.5161757597650223,-0.7507827245410512,SPY,0.21037381520456644,19649.4012312515,1.4288247116075652,0.1405684051184841,-0.18709518091808564,0.5635228535603671,0.11631523655552867,-0.10919307537187461,-0.04626774341389228,0.8609194935925372,False,1.0,12706.353513510576,-0.13570473199579147,False,-0.02517740589954246,-0.355800347572726,0.7219900887704576,0.4363184085850931,848,0.29426596720658027,-0.044537933937488866,0.05330650198245919,-0.10604070503728977,0.0771974780622695,-0.002768527667689681,0.025539350840985416,4.964209765639428,-1.0189694124841837,1.6775260055916976,-4.002220462798755,2.058174676115441,-0.11431732098548729,1.1750393890715565,0.22755960874191583,0.46036877328535164,0.5463836778571888,close,-0.7868736714961173,39.898863334716836,1606,2.218627786155269,0.9498714962046055,False,1069,537,run+ledger,0.6549456867559094,this run,1.6218132426140532,-0.727402643848976,False,False,False,False,False,False,0,6,False,True,underpowered,1987.0
us_etfs,4h,mc_intercept_only_trend,False,10,3.537759525439197,0.4103385465737077,0.06247390483577275,0.11432660312605458,-0.05185269829028183,0.84486788612667,0.6698412698412698,1.8424331808013679,315,0.850786896555749,1.490534927053709,-0.6397480304979599,-4.132587911345147,0.005580121846811337,-0.06315613235249297,-1.5094551799518352,9.999434708875071,1769,2023-02-10,2026-08-25,0.07449520576816374,0.11109349480147013,-0.1127858259232205,-0.12952080687813716,0.17279207155734722,12391.03884187033,17574.676013236298,0.022221823948465065,-0.02447017483134997,0.15480566759189004,0.0,-0.9490873367941218,-0.3386902016899828,-1.6014412532318234,,,1,-1.601441,0.670563167549014,-0.08829865984269625,14666.244326882319,False,-2275.2054850119885,0.0,0.0010720344253837186,0.15914548446999266,0.4103385465737077,1.264032743302323,0.5539162773724968,-0.7101164659298262,SPY,0.21037381520456644,19649.4012312515,1.4288247116075652,0.1405684051184841,-0.18709518091808564,0.529956967964261,0.10921844106093381,-0.10296579795552807,-0.04674453622516106,0.8587131437781755,False,1.0,12391.03884187033,-0.1127858259232205,False,-0.004642788076410754,-0.0857113359189184,0.9316958905332464,0.519712841237105,848,0.3004898260819099,-0.0240648592419479,0.0834864675050184,-0.043339403578245284,0.04048465934772727,0.005332807073494018,0.07520869123820483,7.977452199460505,-0.7769209550953231,3.7389240465288647,-2.138958993490313,1.5360542305996008,0.29400447212035374,3.9455658335593715,0.13118250086934768,0.5178313874900383,0.6804190663288945,close,-0.3949058044961852,34.894437085502915,1606,2.218627786155269,0.9427624187443908,False,1069,537,run+ledger,0.6549456867559094,this run,1.6331681209105104,-0.7823812243547614,False,False,False,False,False,False,0,6,False,True,underpowered,2000.0
us_etfs,4h,mc_rolling_window_irregularity_index,False,10,3.537759525439197,0.2108033414986496,0.03810540403381135,0.09015667952848117,-0.05205127549466981,0.8410688850352337,0.6618705035971223,2.333099116048214,139,0.6624309819225535,1.490534927053709,-0.8281039451311555,-2.4553086126139707,0.001749153476248655,-0.053463779708087265,-1.3875721057882984,9.999434708875071,1769,2023-02-10,2026-08-25,0.059089462414734485,0.11109349480147013,-0.0763053771565283,-0.12952080687813716,0.17279207155734722,11414.538334274815,17574.676013236298,0.024887760924499208,-0.020880582336832886,0.33727081837160156,0.003,-1.497243352172912,-0.18044919700360346,-1.867307288062925,,,1,-1.867307,0.5318894911023407,-0.07052561459351026,13571.466662682025,False,-2156.9283284072103,0.0,0.0004773077389397636,0.1941132413717641,0.2108033414986496,1.2406737310704252,0.4993803248707388,-0.7412934061996864,SPY,0.21037381520456644,19649.4012312515,1.4288247116075652,0.1405684051184841,-0.18709518091808564,0.4203609080214605,0.08619023903757905,-0.08239277731230743,-0.0480848350037677,0.8519849562221067,False,1.0,11414.538334274815,-0.0763053771565283,False,-0.018490401481944117,-0.4311692957758171,0.6663452776297847,0.48522691512129823,848,0.223513559815233,-0.049391880618315676,0.03450124931029616,-0.028410538231079807,0.03996244903504438,-0.0019524771806462247,0.09772153245017812,5.560034118919114,-1.8121334028674585,1.8007051070200506,-1.502418923306418,1.6015808649040515,-0.10878165056998368,4.40835429757603,0.1652673803124629,0.3095073986304409,0.573089378266062,close,0.3588266612116438,68.30710290509954,1606,2.218627786155269,0.8930736880075414,False,1069,537,run+ledger,0.6549456867559094,this run,1.7033613928032278,-1.0409304108806743,False,False,False,False,False,False,0,6,False,True,underpowered,2000.0
us_etfs,4h,mc_fractal_adaptive_ma,False,10,3.537759525439197,0.39107468123861566,0.05695670057839575,0.10967507733935888,-0.05271837676096314,0.8418148637543517,0.64,1.7466763303228028,300,0.8101868891942235,1.490534927053709,-0.6803480378594854,-3.5845586507430096,0.005265132177742826,-0.058450403555872936,-1.1843774918615997,9.999434708875071,1769,2023-02-10,2026-08-25,0.07154349953212696,0.11109349480147013,-0.11646580787719518,-0.12952080687813716,0.17279207155734722,12164.900901358871,17574.676013236298,0.02405719890896647,-0.024485563165578813,0.1897996668902216,0.0005,-1.0401221878513318,-0.29945548767593305,-2.3766620929712063,,,1,-2.376662,0.6439935989049488,-0.08491282802359024,14450.803169601299,False,-2285.902268242428,0.0,0.0010223419579517602,0.15216746327836894,0.39107468123861566,1.2617693139030859,0.4890422486782772,-0.7727270652248086,SPY,0.21037381520456644,19649.4012312515,1.4288247116075652,0.1405684051184841,-0.18709518091808564,0.5089586061094131,0.10478918285017991,-0.09905260628669987,-0.04783248227178416,0.8550596615426121,False,1.0,12164.900901358871,-0.11646580787719518,False,-0.0029528657702902203,-0.04861017619557417,0.9612299601225658,0.5078312439996868,848,0.29584777378861504,-0.03462723009733085,0.11008175071797312,-0.045716687716058385,0.04626437015690503,-0.0011291282627276175,0.05238841228575256,6.3230950529796655,-0.9200382163950807,4.1412153833279355,-2.1523970396418033,1.717118306520168,-0.057953955058772565,2.9366418207493252,0.23626366597146653,0.4911421035549349,0.6624422767512217,close,-1.5990663677106078,43.807399482143836,1606,2.218627786155269,0.9294091924285552,False,1069,537,run+ledger,0.6549456867559094,this run,1.6419601965821173,-0.8317733073878938,False,False,False,False,False,False,0,6,False,True,underpowered,2000.0
us_etfs,4h,mc_peak_trough_reversion,False,10,3.537759525439197,0.4327491991709063,0.06081499713003824,0.11386625529508021,-0.05305125816504197,0.8414394323838575,0.6303630363036303,1.807457119593974,303,0.8328710655832994,1.490534927053709,-0.6576638614704096,-4.38226619913996,0.00583557851816674,-0.04955460825492804,-1.0776126011474592,9.999434708875071,1769,2023-02-10,2026-08-25,0.07420335841753863,0.11109349480147013,-0.0978576266685115,-0.12952080687813716,0.17279207155734722,12322.72961036595,17574.676013236298,0.0246184373563125,-0.02322778645005959,0.15007391874082845,0.0,-0.9624511492903819,-0.37956705367102594,-1.8471357137944329,,,1,-1.847136,0.6679361248842148,-0.0879642982624883,14644.820691912173,False,-2322.0910815462225,0.0,0.0010347226750935105,0.14616803366582887,0.4327491991709063,1.2666680724706925,0.6214640514024158,-0.6452040210682767,SPY,0.21037381520456644,19649.4012312515,1.4288247116075652,0.1405684051184841,-0.18709518091808564,0.5278807734568316,0.10878014428407701,-0.1025794851331332,-0.04796514715403877,0.8551740939787131,False,1.0,12322.72961036595,-0.0978576266685115,False,0.013437339733968273,0.22353447717374778,0.8231195529805504,0.4901717483444199,848,0.30353663605075304,-0.012074386656227287,0.0983165667689029,-0.035354329673861234,0.04998945709724425,-0.008914596219705157,0.03111487722321922,7.372825029907905,-0.3407700284378311,3.786115922923101,-1.586121833530702,1.7941339358794288,-0.5232857609008067,1.7101081322111231,0.2812066763356347,0.5574661341160747,0.6781517029107815,close,-1.507750185100515,33.85650366882029,1606,2.218627786155269,0.9352073588606407,False,1069,537,run+ledger,0.6549456867559094,this run,1.6229398437679303,-0.790068778184631,False,False,False,False,False,False,0,6,False,True,underpowered,2000.0
us_etfs,4h,HT_TRENDMODE~MULT|vote,False,10,3.537759525439197,0.7756610765655423,0.04609156706347539,0.09990421618559542,-0.053812649122120026,0.8373929929488084,0.3623348017621145,1.1605730672463626,1816,0.7224471736727217,1.490534927053709,-0.7680877533809872,-2.0674644156126485,0.0022543343805900284,0.037299004581267454,0.6215532521090947,9.999434708875071,1769,2023-02-10,2026-08-25,0.06532297970238367,0.11109349480147013,-0.05220957350638589,-0.12952080687813716,0.17279207155734722,11728.241402411486,17574.676013236298,0.019617627974882017,-0.009604866672567382,0.3715119581167645,0.016,-1.4968164427709907,-0.05094016964916712,-0.7069393811146945,,,1,-0.706939,0.5880000428388651,-0.07774727058768705,14005.659828978838,False,-2277.4184265673525,0.0,0.006832706639892677,0.059814131890147726,0.7756610765655423,1.3072682640652515,0.8828183026210282,-0.4244499614442233,SPY,0.21037381520456644,19649.4012312515,1.4288247116075652,0.1405684051184841,-0.18709518091808564,0.46470598885520115,0.09548126901076892,-0.09076157683457453,-0.04938970194729353,0.8494153116637634,False,1.0,11728.241402411486,-0.05220957350638589,False,0.06350025593834968,1.04573144586581,0.29568504008301955,0.12066202231799472,848,0.09215944520648653,0.0670671979230336,-0.024167534843131767,-0.03563542416242128,0.09181567358535339,-0.030363546613867226,-0.08887150387111582,3.6204641240335493,2.905852841519174,-0.7568328443514183,-1.4537439728437487,2.6899034236802803,-1.691702617925485,-4.474666455789393,0.5342356682238507,0.23187583126673353,0.16110986458718768,close,0.6661684467146403,11.419639171487054,1606,2.218627786155269,0.9148774605228496,False,1069,537,run+ledger,0.6549456867559094,this run,1.5320360399243453,-0.8095888662516236,False,False,False,False,False,False,0,6,False,True,underpowered,2000.0
us_etfs,4h,HT_TRENDMODE~ADD|or,False,10,3.537759525439197,0.9892594686263424,0.08244274516867955,0.13694205317945918,-0.054499308010779624,0.8404803678915379,0.4115138592750533,1.2519242303729825,1876,0.9369874182822562,1.490534927053709,-0.5535475087714528,-2.4911389651005087,0.008640564129808015,-0.01968479780429433,-0.3311965535305568,9.999434708875071,1769,2023-02-10,2026-08-25,0.0887600649725991,0.11109349480147013,-0.10238943386826538,-0.12952080687813716,0.17279207155734722,13234.769534207639,17574.676013236298,0.01894369340845999,-0.010581197927538545,0.22220659566822643,0.008,-0.974856814722559,-0.11013422732891999,-0.3944578528954328,,,1,-0.394458,0.7989672584449519,-0.10453228762820654,15746.673021535173,False,-2511.903487327536,0.0,0.007036080885424434,0.08337416115425866,0.9892594686263424,1.3327991197068807,0.8051880165169258,-0.5276111031899549,SPY,0.21037381520456644,19649.4012312515,1.4288247116075652,0.1405684051184841,-0.18709518091808564,0.6314368075655684,0.1307360578327723,-0.12168801047922984,-0.04829331266409276,0.8569138111474381,False,1.0,13234.769534207639,-0.10238943386826538,False,0.04503006415352753,0.6324684470245711,0.5270808201482604,0.3951605443681607,848,0.32439115977200145,-0.008246118465741553,0.029027190319624765,-0.08153098701154596,0.16990317555254292,-0.03589113236466011,-0.04230108554599332,7.17618077561042,-0.17328834307098182,0.6605095033775841,-2.619212725098146,4.105838268678847,-1.6029639671414477,-1.5961407492184088,0.7404960233452971,0.5727135779614497,0.5316593870838767,close,-0.3265090776697591,26.207576766351742,1606,2.218627786155269,0.9591119000961399,False,1069,537,run+ledger,0.6549456867559094,this run,1.4877006853447827,-0.5507132670625265,False,False,False,False,False,False,0,6,False,True,underpowered,2000.0
us_etfs,4h,mc_recursive_least_squares,False,10,3.537759525439197,0.4965768481879279,0.06871764256050605,0.12333482598581269,-0.05461718342530664,0.8383411668426295,0.6408668730650154,1.806700444950367,323,0.868967394282777,1.490534927053709,-0.6215675327709319,-4.718455561840947,0.006734875203957713,-0.0540697202254136,-1.1524984788757602,9.999434708875071,1769,2023-02-10,2026-08-25,0.08019415828151766,0.11109349480147013,-0.12289965161649286,-0.12952080687813716,0.17279207155734722,12650.575368316191,17574.676013236298,0.02560215747150963,-0.025287317949742295,0.13173114054472984,0.0,-0.8630281048704626,-0.3368732052657279,-1.5518708169025683,,,1,-1.551871,0.7218618734141797,-0.09480980868871847,15090.008541464018,False,-2439.433173147827,0.0,0.0010996225074164797,0.14320441105805704,0.4965768481879279,1.2741863286311967,0.559136186772431,-0.7150501418587657,SPY,0.21037381520456644,19649.4012312515,1.4288247116075652,0.1405684051184841,-0.18709518091808564,0.5704991688133801,0.1177927835884034,-0.11048304135303988,-0.04907514102789734,0.8531386616321753,False,1.0,12650.575368316191,-0.12289965161649286,False,0.012004266290047267,0.19360167577613588,0.8464877859396345,0.5297880696010828,848,0.3352573086673699,-0.025479452448236933,0.1181154201194183,-0.0742373734498816,0.05456315226370549,-0.006797758462625737,0.031376935471079226,7.031696107785103,-0.6579316258131028,4.394896077999504,-3.380628319694119,1.8041759249046598,-0.3278346733349424,1.5579889898648511,0.24911629445969963,0.5847415583163807,0.7068119261351953,close,-1.0657665359660158,36.32619340743982,1606,2.218627786155269,0.9441949725756051,False,1069,537,run+ledger,0.6549456867559094,this run,1.5938087472648759,-0.7248413529820988,False,False,False,False,False,False,0,6,False,True,underpowered,2000.0
us_etfs,4h,preholiday,False,10,3.537759525439197,0.03900508762012436,-0.021419312014574143,0.03379912217702441,-0.05521843419159855,0.823496044168872,0.4111111111111111,0.5941877109892527,360,-0.952244792194644,1.490534927053709,-2.442779719248353,-4.802394087495854,6.970923838167664e-12,-0.049927713983773415,-1.9198871995562472,9.999434708875071,1769,2023-02-10,2026-08-25,0.02247111888880309,0.11109349480147013,-0.08830474729939097,-0.12952080687813716,0.17279207155734722,9262.605690729013,17574.676013236298,0.007324549841851006,-0.008605639075605534,0.5086587386921653,0.0,-3.4454971675670074,-1.5310575637638895,-0.6463201772307371,,,1,-0.646320,0.20227213959701376,-0.02726440742882197,11247.905507642678,False,-1985.2998169136638,0.0,0.001241463691474264,-0.42598971277967523,0.03900508762012436,1.2207197251720925,-0.24256127410628883,-1.4632809992783813,SPY,0.21037381520456644,19649.4012312515,1.4288247116075652,0.1405684051184841,-0.18709518091808564,0.15985895884542722,0.0323666851115858,-0.03199323513601626,-0.053785997126159946,0.8275454927344634,False,1.0,9262.605690729013,-0.08830474729939097,False,-0.044103999675773435,-1.8020135545803244,0.0715432730111516,0.049074869192845094,848,0.02852041261708333,0.017498682277996027,-0.010549779886359276,0.013193892300684249,0.020481265081393484,-0.00043525988645064587,-0.014314991919922773,2.5760028588000545,2.0908876854946232,-1.428159502550978,1.3056910425738293,1.8038914241539268,-0.07170695860530304,-2.10074678785004,0.05487214912697924,0.05153870621765005,0.06450732485260002,close,-7.057242044230341,174.84186973301894,1606,2.218627786155269,0.021196165457453897,False,1069,537,run+ledger,0.6549456867559094,this run,1.7033613928032278,-2.655606184997872,False,False,False,False,False,False,0,6,False,False,unrankable,2000.0
us_etfs,4h,mc_ehlers_homodyne_filter,False,10,3.537759525439197,0.4229633816971296,0.06342562156428544,0.11902077444588488,-0.05559515288159944,0.8350370393219484,0.6655518394648829,1.8463728066359433,299,0.8326929166111579,1.490534927053709,-0.6578420104425511,-3.532433540048816,0.005665280797809313,-0.060120472807795616,-1.2016577635986125,9.999434708875071,1769,2023-02-10,2026-08-25,0.07746775994659078,0.11109349480147013,-0.11651103431675969,-0.12952080687813716,0.17279207155734722,12430.350288509417,17574.676013236298,0.023958387603151585,-0.02582208271207081,0.18622912589417326,0.001,-1.0039140722119386,-0.2734140303351884,-1.807052484722862,,,1,-1.807052,0.6973203974276775,-0.09169912000602598,14885.986732520134,False,-2455.636444010716,0.0,0.001022963820456595,0.156492618290063,0.4229633816971296,1.265517046564537,0.5443743756651372,-0.7211426708993997,SPY,0.21037381520456644,19649.4012312515,1.4288247116075652,0.1405684051184841,-0.18709518091808564,0.5511036415423065,0.1136870824630909,-0.10689301647592919,-0.050261460898805455,0.8492713499329614,False,1.0,12430.350288509417,-0.11651103431675969,False,0.002509967195988343,0.03999786959719877,0.9680948247506056,0.5184340118382386,848,0.3170036546714287,-0.020708218852395488,0.10230793070459383,-0.04296796629720645,0.04896230049014625,-0.011670422970791326,0.06777876715570288,6.641834737015038,-0.5122449119221933,3.6057226939322917,-1.9557608032375446,1.6881107235345865,-0.5699724998447376,3.6942975405086407,0.22949615155672998,0.5542668607907253,0.6876831480698999,close,-1.2068384742073412,41.768780181093604,1606,2.218627786155269,0.9359289661287296,False,1069,537,run+ledger,0.6549456867559094,this run,1.627406115009001,-0.794713198397843,False,False,False,False,False,False,0,6,False,True,underpowered,2000.0
us_etfs,4h,st_reversal,False,10,3.537759525439197,0.42836505244645434,0.06537872130972255,0.12098811202461635,-0.05560939071489379,0.8352686247626692,0.6988277727682597,1.460448101796003,1109,0.8440451546311744,1.490534927053709,-0.6464897724225346,-4.180503781080673,0.0056699550874848015,-0.06138361592689524,-1.3371020309311308,9.999434708875071,1769,2023-02-10,2026-08-25,0.07871172367432265,0.11109349480147013,-0.11212954770637718,-0.12952080687813716,0.17279207155734722,12511.304761546815,17574.676013236298,0.009436832400406037,-0.01499323503568586,0.15464398701139676,0.0005,-0.9399313255041295,-0.3424349422395999,-0.7871402332220279,,,1,-0.787140,0.7085178462968026,-0.0931193927408327,14978.779748972063,False,-2467.474987425249,0.0,0.003816257126273685,0.15932969894241222,0.42836505244645434,1.266152346497411,0.58306416682357,-0.683088179673841,SPY,0.21037381520456644,19649.4012312515,1.4288247116075652,0.1405684051184841,-0.18709518091808564,0.5599531673421002,0.11555953456852097,-0.10853244446284782,-0.05018081325879842,0.8497372675920088,False,1.0,12511.304761546815,-0.11212954770637718,False,0.0005469719304624207,0.00924918849070488,0.992620320522301,0.5561477074826489,848,0.34542643320849736,-0.0389889455118832,0.09422007623301051,-0.04004040730425715,0.03984252051916516,-0.0077958938054879245,0.05103013498981042,8.940647357907773,-1.0447023081558966,3.5534876270308278,-1.7894024005806166,1.4511058665104961,-0.42991327295654336,3.030874663517565,0.18118933435362128,0.5480733093452315,0.7163298239325596,close,-0.7657856971704767,37.856006479836324,1606,2.218627786155269,0.939999688821849,False,1069,537,run+ledger,0.6549456867559094,this run,1.6249407791506436,-0.7808956245194693,False,False,False,False,False,False,0,6,False,True,underpowered,2000.0
us_etfs,4h,HT_TRENDMODE~TSF_9|or,False,10,3.537759525439197,0.9954776710005652,0.08759733809101866,0.14383264398488205,-0.056235305893863385,0.8366485291928151,0.4342768514928267,1.2297203540870938,2579,0.9488299130233262,1.490534927053709,-0.5417050140303827,-2.2045502663692265,0.0096022011555435,-0.0069150634456660535,-0.10744198489354949,9.999434708875071,1769,2023-02-10,2026-08-25,0.0930786730262998,0.11109349480147013,-0.11021998324555204,-0.12952080687813716,0.17279207155734722,13459.083745724967,17574.676013236298,0.014941061415444379,-0.009326910734307883,0.24572132570265282,0.0125,-1.035302057616386,-0.07005211412597911,-0.3273434214982891,,,1,-0.327343,0.8378408942183,-0.10940484755007052,16086.903013754261,False,-2627.8192680292946,0.0,0.009484814435919134,0.08801230250904313,0.9954776710005652,1.333544894174652,0.7947500581257226,-0.5387948360489293,SPY,0.21037381520456644,19649.4012312515,1.4288247116075652,0.1405684051184841,-0.18709518091808564,0.6621592736137574,0.13728651012430038,-0.12729456347620094,-0.049689172033281714,0.8538100601344685,False,1.0,13459.083745724967,-0.11021998324555204,False,0.06277178196627634,0.8042406171122687,0.42125802547114977,0.4830804899249451,848,0.37156445687296547,0.003393497211859664,0.09265024889008433,-0.07911911550267745,0.07941815553654029,-0.02872698089812418,0.012565351238593894,8.514704968304013,0.08722174832649829,2.996171730691591,-3.105279858677119,2.1999802754288256,-1.4472201723534819,0.7115687992751768,0.9144383481301093,0.6167146365657379,0.6278468046222649,close,-0.688589727613186,24.505829500031528,1606,2.218627786155269,0.9599120449885457,False,1069,537,run+ledger,0.6549456867559094,this run,1.4877006853447827,-0.5388707723214565,False,False,False,False,False,False,0,6,False,True,underpowered,2000.0
us_etfs,4h,mc_atr_approx_from_closes,False,10,3.537759525439197,0.4131964072608504,0.061880293519303686,0.11835365239044804,-0.05647335887114435,0.832506585087283,0.6582278481012658,1.8569300096431562,316,0.8179541839496032,1.490534927053709,-0.6725807431041058,-4.5428359392098185,0.0052360024366636115,-0.06878730712500167,-1.4187972358633951,9.999434708875071,1769,2023-02-10,2026-08-25,0.07704568714582077,0.11109349480147013,-0.11657955613822979,-0.12952080687813716,0.17279207155734722,12366.564443732386,17574.676013236298,0.022076573229679795,-0.022896848302221776,0.1480530558673652,0.0,-0.9745151779456076,-0.3910222144346469,-2.023438055229448,,,1,-2.023438,0.6935211398606681,-0.09121685596004969,14854.614564323032,False,-2488.0501205906457,0.0,0.001077518122017279,0.15639695855502822,0.4131964072608504,1.2643686777083272,0.5307988430315472,-0.7335698346767799,SPY,0.21037381520456644,19649.4012312515,1.4288247116075652,0.1405684051184841,-0.18709518091808564,0.5481010265491703,0.11305208698990143,-0.1063362218133862,-0.05117179347059775,0.8466198625073458,False,1.0,12366.564443732386,-0.11657955613822979,False,-0.006016825178378031,-0.0980609298658795,0.9218839114035682,0.5232964725619125,848,0.3125645272508033,-0.03525503047854933,0.09521091512515438,-0.05669163617176459,0.042086396730554296,-0.005914562103682179,0.08013540648590253,6.675726226850559,-0.88626811632094,3.315725561857047,-2.4844558693465237,1.5010856303558748,-0.2902524058284697,4.304394200854062,0.15595813879158982,0.5555062039604699,0.6945113423016873,close,-1.2204943754652593,42.71196786373832,1606,2.218627786155269,0.9325265352385188,False,1069,537,run+ledger,0.6549456867559094,this run,1.6318637862412633,-0.8139096022916601,False,False,False,False,False,False,0,6,False,True,underpowered,2000.0
us_etfs,4h,mc_momentum_within_bands,False,10,3.537759525439197,0.4131964072608504,0.061880293519303686,0.11835365239044804,-0.05647335887114435,0.832506585087283,0.6582278481012658,1.8569300096431562,316,0.8179541839496032,1.490534927053709,-0.6725807431041058,-4.5428359392098185,0.0052360024366636115,-0.06878730712500167,-1.4187972358633951,9.999434708875071,1769,2023-02-10,2026-08-25,0.07704568714582077,0.11109349480147013,-0.11657955613822979,-0.12952080687813716,0.17279207155734722,12366.564443732386,17574.676013236298,0.022076573229679795,-0.022896848302221776,0.1480530558673652,0.0,-0.9745151779456076,-0.3910222144346469,-2.023438055229448,,,1,-2.023438,0.6935211398606681,-0.09121685596004969,14854.614564323032,False,-2488.0501205906457,0.0,0.001077518122017279,0.15639695855502822,0.4131964072608504,1.2643686777083272,0.5307988430315472,-0.7335698346767799,SPY,0.21037381520456644,19649.4012312515,1.4288247116075652,0.1405684051184841,-0.18709518091808564,0.5481010265491703,0.11305208698990143,-0.1063362218133862,-0.05117179347059775,0.8466198625073458,False,1.0,12366.564443732386,-0.11657955613822979,False,-0.006016825178378031,-0.0980609298658795,0.9218839114035682,0.5232964725619125,848,0.3125645272508033,-0.03525503047854933,0.09521091512515438,-0.05669163617176459,0.042086396730554296,-0.005914562103682179,0.08013540648590253,6.675726226850559,-0.88626811632094,3.315725561857047,-2.4844558693465237,1.5010856303558748,-0.2902524058284697,4.304394200854062,0.15595813879158982,0.5555062039604699,0.6945113423016873,close,-1.2204943754652593,42.71196786373832,1606,2.218627786155269,0.9325265352385188,False,1069,537,run+ledger,0.6549456867559094,this run,1.6318637862412633,-0.8139096022916601,False,False,False,False,False,False,0,6,False,True,underpowered,2000.0
us_etfs,4h,mc_ulcer_index_reversion,False,10,3.537759525439197,0.4131964072608504,0.061880293519303686,0.11835365239044804,-0.05647335887114435,0.832506585087283,0.6582278481012658,1.8569300096431562,316,0.8179541839496032,1.490534927053709,-0.6725807431041058,-4.5428359392098185,0.0052360024366636115,-0.06878730712500167,-1.4187972358633951,9.999434708875071,1769,2023-02-10,2026-08-25,0.07704568714582077,0.11109349480147013,-0.11657955613822979,-0.12952080687813716,0.17279207155734722,12366.564443732386,17574.676013236298,0.022076573229679795,-0.022896848302221776,0.1480530558673652,0.0,-0.9745151779456076,-0.3910222144346469,-2.023438055229448,,,1,-2.023438,0.6935211398606681,-0.09121685596004969,14854.614564323032,False,-2488.0501205906457,0.0,0.001077518122017279,0.15639695855502822,0.4131964072608504,1.2643686777083272,0.5307988430315472,-0.7335698346767799,SPY,0.21037381520456644,19649.4012312515,1.4288247116075652,0.1405684051184841,-0.18709518091808564,0.5481010265491703,0.11305208698990143,-0.1063362218133862,-0.05117179347059775,0.8466198625073458,False,1.0,12366.564443732386,-0.11657955613822979,False,-0.006016825178378031,-0.0980609298658795,0.9218839114035682,0.5232964725619125,848,0.3125645272508033,-0.03525503047854933,0.09521091512515438,-0.05669163617176459,0.042086396730554296,-0.005914562103682179,0.08013540648590253,6.675726226850559,-0.88626811632094,3.315725561857047,-2.4844558693465237,1.5010856303558748,-0.2902524058284697,4.304394200854062,0.15595813879158982,0.5555062039604699,0.6945113423016873,close,-1.2204943754652593,42.71196786373832,1606,2.218627786155269,0.9325265352385188,False,1069,537,run+ledger,0.6549456867559094,this run,1.6318637862412633,-0.8139096022916601,False,False,False,False,False,False,0,6,False,True,underpowered,2000.0
us_etfs,4h,mc_composite_atr_band,False,10,3.537759525439197,0.4021167012122354,0.06022676887304845,0.11703703251590558,-0.05681026364285713,0.8313869732138094,0.6633663366336634,1.87654486533603,303,0.805611593006958,1.490534927053709,-0.684923334046751,-4.206178488688113,0.00492811290389833,-0.06626753946559849,-1.3658528991242835,9.999434708875071,1769,2023-02-10,2026-08-25,0.07621232525580085,0.11109349480147013,-0.11288823836114192,-0.12952080687813716,0.17279207155734722,12298.573006949971,17574.676013236298,0.021944137225905536,-0.02304387145217853,0.16283743923106206,0.0,-1.0003792144482877,-0.3659011193146918,-1.9928265350956025,,,1,-1.992827,0.6860196935202755,-0.09026409842954386,14792.83823681842,False,-2494.265229868449,0.0,0.001032687488714042,0.1565453631280731,0.4021167012122354,1.2630664971969403,0.5335079167448461,-0.7295585804520942,SPY,0.21037381520456644,19649.4012312515,1.4288247116075652,0.1405684051184841,-0.18709518091808564,0.5421725116078683,0.1117987987312834,-0.10523605111173806,-0.05157202985823495,0.8453276885551814,False,1.0,12298.573006949971,-0.11288823836114192,False,-0.004349940390233873,-0.07085648490450737,0.9435119762975337,0.517465771799763,848,0.3079143562909965,-0.036001409641597926,0.0937472701989313,-0.04866471446854678,0.049933705731114594,-0.0054338057795902985,0.08340327096173195,6.487713407772733,-0.8960600673110519,3.254658477558093,-2.1535515642489558,1.7844357773357358,-0.26719256183532575,4.52632011838676,0.17198513890580158,0.5479583612238333,0.6877105785867741,close,-1.2706420672123666,44.46632366013179,1606,2.218627786155269,0.9294120451000716,False,1069,537,run+ledger,0.6549456867559094,this run,1.6369205914204985,-0.8313089984135406,False,False,False,False,False,False,0,6,False,True,underpowered,2000.0
us_etfs,4h,HT_TRENDMODE~MULT|or,False,10,3.537759525439197,0.9892594686263424,0.07988679539518317,0.13686406491740621,-0.05697726952222304,0.8336826030632033,0.4106382978723404,1.2434421864861014,1880,0.9108022413541057,1.490534927053709,-0.5797326856996032,-2.516350802949361,0.0075384124015759335,-0.02144262277044288,-0.3593174489042526,9.999434708875071,1769,2023-02-10,2026-08-25,0.08871111388733686,0.11109349480147013,-0.10238943386826616,-0.12952080687813716,0.17279207155734722,13124.541902887853,17574.676013236298,0.018916896617504637,-0.010599901575243093,0.23038627405213571,0.007,-1.0212289870762756,-0.12022314595770012,-0.5678954925509018,,,1,-0.567895,0.7985266288171801,-0.10447694570913901,15742.852081432788,False,-2618.3101785449335,0.0,0.007051062037803165,0.08078827103023323,0.9892594686263424,1.3327991197068807,0.7802249937036004,-0.5525741260032803,SPY,0.21037381520456644,19649.4012312515,1.4288247116075652,0.1405684051184841,-0.18709518091808564,0.6310885708105097,0.13066190423021729,-0.12162429744092762,-0.05077510883503411,0.8499740672008604,False,1.0,13124.541902887853,-0.10238943386826616,False,0.04291596752896677,0.6012052615875303,0.5477032804330764,0.3947354046059942,848,0.32442074637400475,-0.008268122461163624,0.02835635789989606,-0.08037359068181232,0.16955690847719748,-0.0357703767791038,-0.04203887664169748,7.1805781057322395,-0.17366749234572876,0.6453147172507718,-2.58015046686233,4.096959426986456,-1.5984205996651566,-1.587450909216287,0.7193576224268838,0.5695606450795334,0.5298043551658137,close,-0.3251070454630939,26.262261335978273,1606,2.218627786155269,0.9547418438910757,False,1069,537,run+ledger,0.6549456867559094,this run,1.4877006853447827,-0.576898443990677,False,False,False,False,False,False,0,6,False,True,underpowered,2000.0
us_etfs,4h,mc_double_log_fit,False,10,3.537759525439197,0.48680359273914947,0.06473825986181314,0.12257734330200254,-0.0578390834401894,0.829326591303845,0.6156156156156156,1.674549957315611,333,0.8268836579815179,1.490534927053709,-0.6636512690721911,-5.067447834287351,0.005242904110665747,-0.060644078505145374,-1.3255035598535456,9.999434708875071,1769,2023-02-10,2026-08-25,0.07971581893766386,0.11109349480147013,-0.11355902545198637,-0.12952080687813716,0.17279207155734722,12484.716583190408,17574.676013236298,0.027460210328920983,-0.026263321027109564,0.13096361142226187,0.0,-0.9130105504670616,-0.4041432800004836,-0.9692335211950293,,,1,-0.969234,0.7175561366587683,-0.09426461231217931,15054.041090811126,False,-2569.324507620718,0.0,0.0011361427963368987,0.1375296730568154,0.48680359273914947,1.273033940528738,0.5700846727430307,-0.7029492677857074,SPY,0.21037381520456644,19649.4012312515,1.4288247116075652,0.1405684051184841,-0.18709518091808564,0.5670962750873638,0.11707195913818347,-0.1098540091660416,-0.05233369927637033,0.8438769811368724,False,1.0,12484.716583190408,-0.11355902545198637,False,0.0024285041219047772,0.040943905673388875,0.9673406151097861,0.5196646143856898,848,0.336031973900888,-0.02340861869763944,0.12090138309495413,-0.06052168145958081,0.07063432990848144,-0.007028236781624821,0.01577146653662758,7.347833671609039,-0.658989188669775,4.960426677952951,-2.5333435136099416,2.301809799239317,-0.34212039782625897,0.7683882499856115,0.18500418950497965,0.5581797345275974,0.6836519539728274,close,-0.9271644667843969,33.85621221069345,1606,2.218627786155269,0.9358222247462914,False,1069,537,run+ledger,0.6549456867559094,this run,1.5982692851667408,-0.771385627185223,False,False,False,False,False,False,0,6,False,True,underpowered,2000.0
us_etfs,4h,mc_log_linear_fit,False,10,3.537759525439197,0.48680359273914947,0.06473825986181314,0.12257734330200254,-0.0578390834401894,0.829326591303845,0.6156156156156156,1.674549957315611,333,0.8268836579815179,1.490534927053709,-0.6636512690721911,-5.067447834287351,0.005242904110665747,-0.060644078505145374,-1.3255035598535456,9.999434708875071,1769,2023-02-10,2026-08-25,0.07971581893766386,0.11109349480147013,-0.11355902545198637,-0.12952080687813716,0.17279207155734722,12484.716583190408,17574.676013236298,0.027460210328920983,-0.026263321027109564,0.13096361142226187,0.0,-0.9130105504670616,-0.4041432800004836,-0.9692335211950293,,,1,-0.969234,0.7175561366587683,-0.09426461231217931,15054.041090811126,False,-2569.324507620718,0.0,0.0011361427963368987,0.1375296730568154,0.48680359273914947,1.273033940528738,0.5700846727430307,-0.7029492677857074,SPY,0.21037381520456644,19649.4012312515,1.4288247116075652,0.1405684051184841,-0.18709518091808564,0.5670962750873638,0.11707195913818347,-0.1098540091660416,-0.05233369927637033,0.8438769811368724,False,1.0,12484.716583190408,-0.11355902545198637,False,0.0024285041219047772,0.040943905673388875,0.9673406151097861,0.5196646143856898,848,0.336031973900888,-0.02340861869763944,0.12090138309495413,-0.06052168145958081,0.07063432990848144,-0.007028236781624821,0.01577146653662758,7.347833671609039,-0.658989188669775,4.960426677952951,-2.5333435136099416,2.301809799239317,-0.34212039782625897,0.7683882499856115,0.18500418950497965,0.5581797345275974,0.6836519539728274,close,-0.9271644667843969,33.85621221069345,1606,2.218627786155269,0.9358222247462914,False,1069,537,run+ledger,0.6549456867559094,this run,1.5982692851667408,-0.771385627185223,False,False,False,False,False,False,0,6,False,True,underpowered,2000.0
us_etfs,4h,HT_TRENDMODE~WILLR|or,False,10,3.537759525439197,0.9926512153759185,0.08466576577023743,0.14251146427515415,-0.05784569850491672,0.8320927789759744,0.39766702014846234,1.2644807271718403,1886,0.9272227788299198,1.490534927053709,-0.5633121482237892,-2.861007420608171,0.00843461089065678,-0.02044948043675792,-0.34516196345546873,9.999434708875071,1769,2023-02-10,2026-08-25,0.09225161752256203,0.11109349480147013,-0.12010242138668648,-0.12952080687813716,0.17279207155734722,13331.17789381527,17574.676013236298,0.019331514820456804,-0.01009337954315569,0.19689293504315505,0.0035,-0.949027736728148,-0.16265501506469657,-0.9379346629749444,,,1,-0.937935,0.8303962143545892,-0.10847321444799551,16021.26377087595,False,-2690.085877060682,0.0,0.007033090184752933,0.08531857425253975,0.9926512153759185,1.3332058887277538,0.7049463682138781,-0.6282595205138757,SPY,0.21037381520456644,19649.4012312515,1.4288247116075652,0.1405684051184841,-0.18709518091808564,0.6562756221414322,0.13603075120961527,-0.126223056157028,-0.05136498543937784,0.8490078666115405,False,1.0,13331.17789381527,-0.12010242138668648,False,0.04677992846315488,0.6298241204317003,0.5288096626197727,0.4791534361069103,848,0.3729282378598785,-0.003606787721436411,0.05300944195659499,-0.08225008430470862,0.17067548885660114,-0.026619708013857553,-0.02189098260311576,7.894023212725569,-0.09166100921203248,1.2643227195240359,-3.05009301996931,4.28538783546812,-1.3011230216336116,-1.011186690816393,0.7299726123100212,0.5949668152023103,0.6146821693401585,close,-0.545556780759593,24.462052022446958,1606,2.218627786155269,0.9568899363663326,False,1069,537,run+ledger,0.6549456867559094,this run,1.4877006853447827,-0.560477906514863,False,False,False,False,False,False,0,6,False,True,underpowered,2000.0
us_etfs,4h,TRIMA_1000,False,10,3.537759525439197,0.43521763708309774,0.044743998137343644,0.1029484935607663,-0.05820449542342265,0.8254717678727085,0.1282051282051282,2.1683878913723666,78,0.6845006464156286,1.490534927053709,-0.8060342806380804,-1.7195604339521011,0.0025061781506918734,-0.09251871802835988,-1.4159076301172577,9.999434708875071,1769,2023-02-10,2026-08-25,0.06726405624990311,0.11109349480147013,-0.1218437847183298,-0.12952080687813716,0.17279207155734722,11674.8793531941,17574.676013236298,0.4080111164187109,-0.02767107997890664,0.4687443748548896,0.02214393558127831,-1.9151740243779662,-0.025976192167684417,-0.21318274167588958,,,1,-0.213183,0.6054725019687921,-0.07998763505886741,14143.281221211213,False,-2468.401868017114,0.0,0.00037288315939252854,0.10580622776464188,0.43521763708309774,1.2669584843060735,0.3672242965923932,-0.8997341877136803,SPY,0.21037381520456644,19649.4012312515,1.4288247116075652,0.1405684051184841,-0.18709518091808564,0.4785147572330121,0.09838188077082899,-0.09335519755979871,-0.053637882633485345,0.8376774289897548,False,1.0,11674.8793531941,-0.1218437847183298,False,-0.04688363305599987,-0.6676075883758188,0.5043841125617892,0.25067107715715087,848,0.14493281439711553,0.012054524721231002,0.0785834307950283,-0.1285374395497065,0.01660035920402127,0.060451767414361854,-0.03830585270997843,3.001064420850528,0.36992161291999975,2.009162197261257,-4.46150418901108,0.5477918972131266,2.986014039355169,-1.1412256363962117,0.1568025506761892,0.4038613697751411,0.3694549564378681,close,-1.6474266852406851,27.817339478586725,1606,2.218627786155269,0.8947322815965453,False,1069,537,run+ledger,0.6549456867559094,this run,1.6218132426140532,-0.9373125961984247,False,False,False,False,False,False,0,6,False,True,underpowered,1987.0
us_etfs,4h,sell_in_may,False,10,3.537759525439197,0.4765404183154323,0.07618307644581135,0.13490773700924263,-0.058724660563431286,0.8286446427481654,0.725,6.351779570162486,40,0.8831349627152734,1.490534927053709,-0.6073999643384356,-1.7662521113912277,0.0069936450410997275,-0.08510406040054301,-1.4329716400064756,9.999434708875071,1769,2023-02-10,2026-08-25,0.08748264447831744,0.11109349480147013,-0.12952080687813705,-0.12952080687813716,0.17279207155734722,12965.986350640369,17574.676013236298,0.110336049379012,-0.045795976568407365,0.3438919961771502,0.0635,-1.1171595296395962,0.21479131763936415,-1.235200443479415,,,1,-1.235200,0.787468650929143,-0.10308727120920402,15647.22159747418,False,-2681.235246833811,0.0,0.00013794041016380713,0.16657256948803267,0.4765404183154323,1.2718242481279236,0.5881917993105936,-0.68363244881733,SPY,0.21037381520456644,19649.4012312515,1.4288247116075652,0.1405684051184841,-0.18709518091808564,0.622349271193473,0.12880165803136512,-0.12002416450786957,-0.05261858158555377,0.8446115337510048,False,1.0,12965.986350640369,-0.12952080687813705,False,-0.016362621961430242,-0.2216322821292734,0.8246001498986739,0.47070661345315357,848,0.34201143579930826,0.012677096826124362,0.07551141651281852,-0.031010142676655472,0.018308889771773196,-0.0006531206800598072,0.04706190781520752,6.73925093559731,0.29478896811400834,2.398808406648447,-1.0157762167945898,0.5492764810682075,-0.029924280788950895,2.3156661261816853,0.15186594218342875,0.6083479740455915,0.6319080244762262,close,-0.828421033860975,30.221904819056764,1606,2.218627786155269,0.9479352710769449,False,1069,537,run+ledger,0.6549456867559094,this run,1.60295342329762,-0.7198184605823466,False,False,False,False,False,False,0,6,False,True,underpowered,2000.0
us_etfs,4h,mc_ehlers_super_smoother,False,10,3.537759525439197,0.4435336976320583,0.06060609078591783,0.12027915981798376,-0.05967306903206593,0.8239481531743726,0.6258064516129033,1.7445052744546907,310,0.7910883360634599,1.490534927053709,-0.6994465909902491,-2.9769800376211992,0.004444826802713409,-0.058417764619521965,-1.1645369520921163,9.999434708875071,1769,2023-02-10,2026-08-25,0.07826357207537751,0.11109349480147013,-0.1172535919700729,-0.12952080687813716,0.17279207155734722,12314.14661887766,17574.676013236298,0.02549581913534188,-0.024442207319634018,0.2349517236095249,0.0015,-1.1550220051015556,-0.23728963506699,-2.191469429980848,,,1,-2.191469,0.7044838423279293,-0.09260791159435344,14945.293064176101,False,-2631.1464452984424,0.0,0.0010608974332516421,0.1418651701163609,0.4435336976320583,1.2679370750863348,0.516880461976692,-0.7510566131096428,SPY,0.21037381520456644,19649.4012312515,1.4288247116075652,0.1405684051184841,-0.18709518091808564,0.5567650284529423,0.11488480026636139,-0.10794209739424021,-0.054278709480443554,0.8381388214904331,False,1.0,12314.14661887766,-0.1172535919700729,False,0.00485725761361857,0.07662045358101849,0.938925487179096,0.5208551371224626,848,0.32360413276572153,-0.00466309342089391,0.0966396523831069,-0.03468424115629648,0.04924961721445519,-0.01172526534182167,0.05182132312833235,6.666733399559948,-0.11382731534546935,3.447479792083246,-1.478052066510741,1.689236797776113,-0.5870734325241616,2.6960925788033854,0.24420647737491485,0.5599712845304496,0.691344729902662,close,-1.144438556434002,39.951931703344385,1606,2.218627786155269,0.9264480343336452,False,1069,537,run+ledger,0.6549456867559094,this run,1.618017772060024,-0.8269294359965641,False,False,False,False,False,False,0,6,False,True,underpowered,2000.0
us_etfs,4h,mc_rolling_window_repeated_percentile_smoothing,False,10,3.537759525439197,0.3825450662646818,0.0485890426882456,0.10842921101342462,-0.05984016832517902,0.8217328145004547,0.6344086021505376,1.6337465799500959,279,0.7061180752049996,1.490534927053709,-0.7844168518487094,-3.902180990602129,0.002973590706947693,-0.07607775580569971,-1.4435194590774845,9.999434708875071,1769,2023-02-10,2026-08-25,0.07075186445709916,0.11109349480147013,-0.1142205449446092,-0.12952080687813716,0.17279207155734722,11827.600586673623,17574.676013236298,0.02486467016628663,-0.026410164468781614,0.20102010996872527,0.0,-1.1605922577489618,-0.38386061565684554,-1.7546481270262022,,,1,-1.754648,0.6368677534497986,-0.08400319795457944,14393.487004487977,False,-2565.8864178143535,0.0,0.0009600991745130895,0.13204517727341414,0.3825450662646818,1.2607676700461785,0.42539669821929726,-0.8353709718268812,SPY,0.21037381520456644,19649.4012312515,1.4288247116075652,0.1405684051184841,-0.18709518091808564,0.5033269346512321,0.103602643430446,-0.09800081024238982,-0.05501360074220041,0.8345175982552449,False,1.0,11827.600586673623,-0.1142205449446092,False,-0.02135402897746553,-0.34228422839071926,0.7321370034832648,0.4679450540717468,848,0.27955324537555826,-0.02898525501312775,0.08837699727211591,-0.041909386303973284,0.05123732361589925,-0.01598183726786895,0.04856887035710503,5.414319477628294,-0.6825284858900122,2.9305558626244284,-1.7917108272162547,1.7238906402426426,-0.7948722641398726,2.6542322225333286,0.1488741949198642,0.48429403143299043,0.6232520368529975,close,-1.8129320879970394,48.35509324043941,1606,2.218627786155269,0.9004570091439252,False,1069,537,run+ledger,0.6549456867559094,this run,1.6458531339026397,-0.9397350586976401,False,False,False,False,False,False,0,6,False,True,underpowered,2000.0
us_etfs,4h,mc_emaatr_band,False,10,3.537759525439197,0.39555932416305506,0.05627878551671883,0.11626326028892953,-0.059984474772210694,0.822500109202362,0.6550522648083623,1.8289727140711622,287,0.7610622294928643,1.490534927053709,-0.7294726975608447,-3.9097563300585065,0.003850500423065728,-0.0769993807658129,-1.5746438263471643,9.999434708875071,1769,2023-02-10,2026-08-25,0.07572233421722131,0.11109349480147013,-0.11360047717936961,-0.12952080687813716,0.17279207155734722,12137.320441843793,17574.676013236298,0.02267205256402392,-0.023539989676835772,0.1865775347564764,0.0,-1.1003847202497046,-0.3630245180906732,-1.9762896876572311,,,1,-1.976290,0.6816090748836471,-0.08970356484444852,14756.618638767393,False,-2619.2981969236007,0.0,0.0009795465110279857,0.14845440498537266,0.39555932416305506,1.262296087732412,0.4954097633573966,-0.7668863243750155,SPY,0.21037381520456644,19649.4012312515,1.4288247116075652,0.1405684051184841,-0.18709518091808564,0.538686728026796,0.11106220113241205,-0.10458868424970347,-0.05478341561569322,0.8362024843768218,False,1.0,12137.320441843793,-0.11360047717936961,False,-0.015683344042149844,-0.2528580545768266,0.800377903913972,0.5266576757314584,848,0.30818179507015026,-0.039091203036373104,0.09382737281809153,-0.04856214214309182,0.046408569794126164,-0.0044881231396426136,0.08686348447077648,6.511246710690109,-0.978403027299333,3.2478365524843924,-2.1869888864191687,1.6673511518630115,-0.22524563129741615,4.862871184124993,0.11533868070563269,0.5426346547924662,0.6956805997973521,close,-1.317396811193873,45.526317153032736,1606,2.218627786155269,0.9179585261512958,False,1069,537,run+ledger,0.6549456867559094,this run,1.6399133944857602,-0.878851164992896,False,False,False,False,False,False,0,6,False,True,underpowered,2000.0
us_etfs,4h,mc_liquidity_weighted_price,False,10,3.537759525439197,0.39555932416305506,0.05627878551671883,0.11626326028892953,-0.059984474772210694,0.822500109202362,0.6550522648083623,1.8289727140711622,287,0.7610622294928643,1.490534927053709,-0.7294726975608447,-3.9097563300585065,0.003850500423065728,-0.0769993807658129,-1.5746438263471643,9.999434708875071,1769,2023-02-10,2026-08-25,0.07572233421722131,0.11109349480147013,-0.11360047717936961,-0.12952080687813716,0.17279207155734722,12137.320441843793,17574.676013236298,0.02267205256402392,-0.023539989676835772,0.1865775347564764,0.0,-1.1003847202497046,-0.3630245180906732,-1.9762896876572311,,,1,-1.976290,0.6816090748836471,-0.08970356484444852,14756.618638767393,False,-2619.2981969236007,0.0,0.0009795465110279857,0.14845440498537266,0.39555932416305506,1.262296087732412,0.4954097633573966,-0.7668863243750155,SPY,0.21037381520456644,19649.4012312515,1.4288247116075652,0.1405684051184841,-0.18709518091808564,0.538686728026796,0.11106220113241205,-0.10458868424970347,-0.05478341561569322,0.8362024843768218,False,1.0,12137.320441843793,-0.11360047717936961,False,-0.015683344042149844,-0.2528580545768266,0.800377903913972,0.5266576757314584,848,0.30818179507015026,-0.039091203036373104,0.09382737281809153,-0.04856214214309182,0.046408569794126164,-0.0044881231396426136,0.08686348447077648,6.511246710690109,-0.978403027299333,3.2478365524843924,-2.1869888864191687,1.6673511518630115,-0.22524563129741615,4.862871184124993,0.11533868070563269,0.5426346547924662,0.6956805997973521,close,-1.317396811193873,45.526317153032736,1606,2.218627786155269,0.9179585261512958,False,1069,537,run+ledger,0.6549456867559094,this run,1.6399133944857602,-0.878851164992896,False,False,False,False,False,False,0,6,False,True,underpowered,2000.0
us_etfs,4h,mc_max_pain_pivot,False,10,3.537759525439197,0.39555932416305506,0.05627878551671883,0.11626326028892953,-0.059984474772210694,0.822500109202362,0.6550522648083623,1.8289727140711622,287,0.7610622294928643,1.490534927053709,-0.7294726975608447,-3.9097563300585065,0.003850500423065728,-0.0769993807658129,-1.5746438263471643,9.999434708875071,1769,2023-02-10,2026-08-25,0.07572233421722131,0.11109349480147013,-0.11360047717936961,-0.12952080687813716,0.17279207155734722,12137.320441843793,17574.676013236298,0.02267205256402392,-0.023539989676835772,0.1865775347564764,0.0,-1.1003847202497046,-0.3630245180906732,-1.9762896876572311,,,1,-1.976290,0.6816090748836471,-0.08970356484444852,14756.618638767393,False,-2619.2981969236007,0.0,0.0009795465110279857,0.14845440498537266,0.39555932416305506,1.262296087732412,0.4954097633573966,-0.7668863243750155,SPY,0.21037381520456644,19649.4012312515,1.4288247116075652,0.1405684051184841,-0.18709518091808564,0.538686728026796,0.11106220113241205,-0.10458868424970347,-0.05478341561569322,0.8362024843768218,False,1.0,12137.320441843793,-0.11360047717936961,False,-0.015683344042149844,-0.2528580545768266,0.800377903913972,0.5266576757314584,848,0.30818179507015026,-0.039091203036373104,0.09382737281809153,-0.04856214214309182,0.046408569794126164,-0.0044881231396426136,0.08686348447077648,6.511246710690109,-0.978403027299333,3.2478365524843924,-2.1869888864191687,1.6673511518630115,-0.22524563129741615,4.862871184124993,0.11533868070563269,0.5426346547924662,0.6956805997973521,close,-1.317396811193873,45.526317153032736,1606,2.218627786155269,0.9179585261512958,False,1069,537,run+ledger,0.6549456867559094,this run,1.6399133944857602,-0.878851164992896,False,False,False,False,False,False,0,6,False,True,underpowered,2000.0
us_etfs,4h,mc_sinc_filter_projection,False,10,3.537759525439197,0.40480497456189934,0.05389954864594637,0.11397535612357146,-0.06007580747762509,0.8219087637490913,0.6804123711340206,1.754224890626888,291,0.7440129739500435,1.490534927053709,-0.7465219531036654,-4.609274998197873,0.0030911796124879487,-0.07848125512740187,-1.8853403057506388,9.999434708875071,1769,2023-02-10,2026-08-25,0.07427253065162731,0.11109349480147013,-0.10968005529459346,-0.12952080687813716,0.17279207155734722,12040.877900171687,17574.676013236298,0.021851119646741444,-0.026519825850900385,0.16196081886967895,0.0,-1.075014442781501,-0.42950283394405053,-1.512623205192987,,,1,-1.512623,0.6685587737099836,-0.08804355513438711,14649.895987539894,False,-2609.0180873682066,0.0,0.000989270179285434,0.13846973014344344,0.40480497456189934,1.2633823933859443,0.4914252504812813,-0.771957142904663,SPY,0.21037381520456644,19649.4012312515,1.4288247116075652,0.1405684051184841,-0.18709518091808564,0.5283728629418789,0.10888402015952003,-0.10267105901974594,-0.05498447151357366,0.8353372267627955,False,1.0,12040.877900171687,-0.10968005529459346,False,-0.023923826168219565,-0.4517229034859037,0.6514686163290084,0.5468503790840236,848,0.30477496515094005,-0.026474467456810452,0.10383190191753769,-0.04381592611585969,0.05929398516492575,0.02275715338100607,0.08433067254756252,8.077729573878646,-0.8652963913296133,4.631814623108919,-2.2370477431614413,2.131621435214796,1.224900803863705,4.383226915333559,0.059383907752833975,0.4828223285704521,0.6866925724911089,close,-0.4844381961980523,35.35436294300488,1606,2.218627786155269,0.9164258475557365,False,1069,537,run+ledger,0.6549456867559094,this run,1.6356936568305254,-0.8916806828804819,False,False,False,False,False,False,0,6,False,True,underpowered,2000.0
us_etfs,4h,mc_rolling_window_weighted_lp_norm,False,10,3.537759525439197,0.4121788832359776,0.058177085479103274,0.1182635048373244,-0.06008641935822112,0.82251534966257,0.6504854368932039,1.800227658737988,309,0.7731203880415213,1.490534927053709,-0.7174145390121877,-4.616884064505533,0.0040603478715749985,-0.07638997079496505,-1.568033326965318,9.999434708875071,1769,2023-02-10,2026-08-25,0.0769886432830578,0.11109349480147013,-0.11749600823726136,-0.12952080687813716,0.17279207155734722,12214.664605397005,17574.676013236298,0.022323692456917867,-0.023078676672328605,0.15538933379931483,0.0,-1.0189445833759967,-0.4061801324507707,-1.860716194620677,,,1,-1.860716,0.6930076636858037,-0.0911516627554072,14850.378914397123,False,-2635.714309000117,0.0,0.0010554137366180793,0.14704850443043527,0.4121788832359776,1.264249065954417,0.49514095288773946,-0.7691081130666775,SPY,0.21037381520456644,19649.4012312515,1.4288247116075652,0.1405684051184841,-0.18709518091808564,0.547695217984188,0.11296627876749277,-0.10626094897913407,-0.05478919328838949,0.8364488468790598,False,1.0,12214.664605397005,-0.11749600823726136,False,-0.01320191446739053,-0.21390996022170883,0.8306172728731624,0.5215781653330401,848,0.3127533158999098,-0.03118548608775762,0.09488110497309007,-0.04728522390074971,0.04406447073728621,-0.0033106653903409757,0.08217648655834786,6.674347899102658,-0.7781206168684276,3.2818318771792008,-2.0694496281807937,1.5640663990714478,-0.1627867117420834,4.443165385826216,0.11687335482969763,0.5592016536693062,0.6951160857960994,close,-1.212316399565355,42.835987346482796,1606,2.218627786155269,0.9215736454803594,False,1069,537,run+ledger,0.6549456867559094,this run,1.6323281867169073,-0.859207798675386,False,False,False,False,False,False,0,6,False,True,underpowered,2000.0
us_etfs,4h,HT_TRENDMODE~WILLR|vote,False,10,3.537759525439197,0.7691665096413542,0.047739730269571456,0.1078515453367952,-0.06011181506722374,0.8208931152047987,0.34301181102362205,1.1531627747756372,2032,0.6978093877017555,1.490534927053709,-0.7927255393519534,-2.0166400299502008,0.0022819190741062423,0.01504206143437789,0.2498576044396653,9.999434708875071,1769,2023-02-10,2026-08-25,0.0703846591638735,0.11109349480147013,-0.07897411619412864,-0.12952080687813716,0.17279207155734722,11793.74419009966,17574.676013236298,0.019740506155929302,-0.008937564353722704,0.39309223638267715,0.0195,-1.5962233421632621,-0.03638778453757984,-1.3716175294756854,,,1,-1.371618,0.6335623817547064,-0.08358103508929837,14366.966870172038,False,-2573.222680072378,0.0,0.0075387649042163605,0.06250659923790569,0.7691665096413542,1.3064947352708227,0.6044984429103454,-0.7019962923604773,SPY,0.21037381520456644,19649.4012312515,1.4288247116075652,0.1405684051184841,-0.18709518091808564,0.5007146456883165,0.1030524561574313,-0.09751259765348586,-0.05531272588785985,0.8335980912976275,False,1.0,11793.74419009966,-0.07897411619412864,False,0.048470894787105936,0.7670103389987136,0.44307536840939266,0.17564558743624703,848,0.15213282706482736,0.06549342279515705,0.007386881831070183,-0.038328535255415644,0.09476337900013188,-0.018984791261350595,-0.054127492346285375,5.90921935090455,2.6911549825069034,0.22020173018507536,-1.3928280640456525,2.6762446464159213,-1.141803466879597,-2.7740465867153614,0.8026974702401837,0.2958384855861369,0.2320606513888107,close,-0.41293763932045086,16.067705255314763,1606,2.218627786155269,0.9034402731611093,False,1069,537,run+ledger,0.6549456867559094,this run,1.534498585940421,-0.8366891982386655,False,False,False,False,False,False,0,6,False,True,underpowered,2000.0
us_etfs,4h,CDLHANGINGMAN,False,10,3.537759525439197,0.11986684253501667,-0.02641049091237857,0.03395869271112817,-0.06036918362350674,0.8082912621921982,0.44936708860759494,0.6664254750485281,316,-1.1742456182290428,1.490534927053709,-2.6647805452827518,-4.685562750249668,1.175174402234802e-10,-0.012805469749666345,-0.611804944151608,9.999434708875071,1769,2023-02-10,2026-08-25,0.022576262144778148,0.11109349480147013,-0.09643110646343533,-0.12952080687813716,0.17279207155734722,9096.549313688736,17574.676013236298,0.012708133498623835,-0.015562138434341398,0.5687215575419965,0.0,-3.9058864022372934,-1.6985396907720856,-2.660686931584012,,,1,-2.660687,0.2032185789557085,-0.027390689550413128,11254.048805399221,False,-2157.499491710485,0.0,0.0014493477050213663,-0.200120123093124,0.11986684253501667,1.2300928762238954,-0.2738793723412567,-1.503972248565152,SPY,0.21037381520456644,19649.4012312515,1.4288247116075652,0.1405684051184841,-0.18709518091808564,0.16060694525024155,0.03251933658787953,-0.032141010585295615,-0.0589298275002581,0.8122845841795094,False,1.0,9096.549313688736,-0.09643110646343533,False,-0.02424237447728595,-1.10900983824144,0.26742593784226054,0.13808452567928364,848,-0.044372698262168414,-0.01241845361964319,-0.01612075727801177,0.009069715265058315,0.0024174308723297682,0.0006488697557484775,0.0025833330990047755,-3.9867582412920437,-1.30403891297043,-1.4737217837945789,1.1296876722147569,0.23002850301265904,0.12878701479376095,0.3772757682496628,0.5406668181870486,-0.10121431815196152,0.20605042742950708,close,-0.019934105268734827,22.42178860416291,1606,2.218627786155269,0.014153239949879326,False,1069,537,run+ledger,0.6549456867559094,this run,1.7033613928032278,-2.8776070110322705,False,False,False,False,False,False,0,6,False,True,underpowered,2000.0
us_etfs,4h,mc_kth_order_moment,False,10,3.537759525439197,0.4704792412536901,0.05587439660536564,0.11746368838781684,-0.061589291782451205,0.8182692932640079,0.6374269005847953,1.5809808743074998,342,0.7492476547556441,1.490534927053709,-0.7412872722980648,-4.2437213268724445,0.0035697431768212384,-0.09185103729638441,-2.022045764656193,9.999434708875071,1769,2023-02-10,2026-08-25,0.07648243284800497,0.11109349480147013,-0.1177459751037555,-0.12952080687813716,0.17279207155734722,12120.889561768581,17574.676013236298,0.02458363524892277,-0.027337216731050627,0.17467859343261397,0.0,-1.0592021978061075,-0.365923797210269,-1.759386212313112,,,1,-1.759386,0.6884510473334472,-0.0905729844364227,14812.836876011033,False,-2691.947314242451,0.0,0.0011651442022442885,0.12250342414902327,0.4704792412536901,1.2711100573426402,0.4745333889853151,-0.796576668357325,SPY,0.21037381520456644,19649.4012312515,1.4288247116075652,0.1405684051184841,-0.18709518091808564,0.544094050035913,0.11220494233093636,-0.10559275364731624,-0.056330545725570724,0.8320390416470022,False,1.0,12120.889561768581,-0.1177459751037555,False,-0.03153947232246703,-0.5315168181739787,0.5950606900028468,0.53086316493684,848,0.317118338764977,-0.0267112025112137,0.10613717054275408,-0.07736642409458647,0.04249908115077747,-0.0017301268547364572,0.04811819818861057,6.394019888510759,-0.6552295765933182,3.8923128140090006,-3.4899327527569355,1.4094518918142913,-0.08399288031672258,2.5369595869677446,0.04317162419041809,0.5337452808163152,0.6895347195588881,close,-1.2848449412057983,42.77829501470902,1606,2.218627786155269,0.914935091220588,False,1069,537,run+ledger,0.6549456867559094,this run,1.605719759464265,-0.8564721047086208,False,False,False,False,False,False,0,6,False,True,underpowered,2000.0
us_etfs,4h,CDLSHORTLINE,False,10,3.537759525439197,0.762351611079706,0.024593400129705012,0.08629348988023966,-0.06170008975053465,0.8131232769954458,0.4776511831726556,1.070166263197181,2282,0.45746270422925267,1.490534927053709,-1.0330722228244562,-2.659359053956728,0.00045708291751489494,0.0646133263745691,1.1458920734882387,9.999434708875071,1769,2023-02-10,2026-08-25,0.05661113205654945,0.11109349480147013,-0.06901695667217345,-0.12952080687813716,0.17279207155734722,10897.549763419098,17574.676013236298,0.01329387741423065,-0.011359276120452077,0.3884666199125686,0.0045,-1.762183746898453,-0.24965970577819013,-1.1014706049129284,,,1,-1.101471,0.509580980936071,-0.06764295203508486,13402.088061832885,False,-2504.5382984137855,0.0,0.008851606161250952,0.03238288759480468,0.762351611079706,1.305683234763144,0.3563385190471704,-0.9493447157159736,SPY,0.21037381520456644,19649.4012312515,1.4288247116075652,0.1405684051184841,-0.18709518091808564,0.4027301299238071,0.08250649588634884,-0.07904862112578315,-0.05791309575664383,0.8232315232985143,False,1.0,10897.549763419098,-0.06901695667217345,False,0.07514165914129758,1.3686777977201754,0.1711000134281493,0.04159200702922994,848,0.04841724503865379,0.029944938378574523,0.025828901847467917,-0.011242241696722183,-0.0018584431728014697,-0.01288834757178405,-0.04865616989696739,2.0562923175961494,1.0564531303861506,1.3075633558844173,-0.43603947864721476,-0.07273846599409044,-0.8281819857100026,-2.6918196823904346,0.25183981138050404,0.09317363811626063,0.05058204104030328,close,0.15494096279158695,7.8763280438759535,1606,2.218627786155269,0.8054501154908662,False,1069,537,run+ledger,0.6549456867559094,this run,1.537082592156516,-1.0796198879272634,False,False,False,False,False,False,0,6,False,True,underpowered,2000.0
us_etfs,4h,MA_1000,False,10,3.537759525439197,0.43521763708309774,0.04133711972662257,0.10548032387182382,-0.06414320414520125,0.8093957862391545,0.125,2.01265544495213,96,0.6226547316676185,1.490534927053709,-0.8678801953860904,-1.70600456411743,0.0017179451348893204,-0.10369470026761862,-1.4678964057634387,9.999434708875071,1769,2023-02-10,2026-08-25,0.06887633608612122,0.11109349480147013,-0.13434379427940635,-0.12952080687813716,0.17279207155734722,11540.748177263085,17574.676013236298,0.3524000288871214,-0.025013154335905795,0.5087209106237487,0.025666834423754403,-2.017065964219654,0.004559263112160735,-0.1285063124209378,,,1,-0.128506,0.6199853214556517,-0.08184547460360125,14258.473262984231,False,-2717.7250857211457,0.0,0.0004393656147406928,0.0975382423292237,0.43521763708309774,1.2669584843060735,0.3076965329760615,-0.959261951330012,SPY,0.21037381520456644,19649.4012312515,1.4288247116075652,0.1405684051184841,-0.18709518091808564,0.48998447430676795,0.10079383334046055,-0.09550503362137752,-0.059456713613837975,0.8216525519646558,False,1.0,11540.748177263085,-0.13434379427940635,False,-0.05341735715163039,-0.7086336762602701,0.47855183247642574,0.2620338575710035,848,0.16333800614844568,0.009300168515087318,0.07919678267790595,-0.1275143604322499,0.021191082677549607,0.051215217039907245,-0.02928012205656237,3.624611458811797,0.29183413742264597,1.9162608213983865,-4.165816201902795,0.6998990633496661,2.561473445179847,-0.9362841263247634,0.14213236466087542,0.44494442536430107,0.3973194200779001,close,-1.687970237008632,27.205342005576366,1606,2.218627786155269,0.8731625580642386,False,1069,537,run+ledger,0.6549456867559094,this run,1.6218132426140532,-0.9991585109464347,False,False,False,False,False,False,0,6,False,True,underpowered,1987.0
us_etfs,4h,SMA_1000,False,10,3.537759525439197,0.43521763708309774,0.04133711972662257,0.10548032387182382,-0.06414320414520125,0.8093957862391545,0.125,2.01265544495213,96,0.6226547316676185,1.490534927053709,-0.8678801953860904,-1.70600456411743,0.0017179451348893204,-0.10369470026761862,-1.4678964057634387,9.999434708875071,1769,2023-02-10,2026-08-25,0.06887633608612122,0.11109349480147013,-0.13434379427940635,-0.12952080687813716,0.17279207155734722,11540.748177263085,17574.676013236298,0.3524000288871214,-0.025013154335905795,0.5087209106237487,0.025666834423754403,-2.017065964219654,0.004559263112160735,-0.1285063124209378,,,1,-0.128506,0.6199853214556517,-0.08184547460360125,14258.473262984231,False,-2717.7250857211457,0.0,0.0004393656147406928,0.0975382423292237,0.43521763708309774,1.2669584843060735,0.3076965329760615,-0.959261951330012,SPY,0.21037381520456644,19649.4012312515,1.4288247116075652,0.1405684051184841,-0.18709518091808564,0.48998447430676795,0.10079383334046055,-0.09550503362137752,-0.059456713613837975,0.8216525519646558,False,1.0,11540.748177263085,-0.13434379427940635,False,-0.05341735715163039,-0.7086336762602701,0.47855183247642574,0.2620338575710035,848,0.16333800614844568,0.009300168515087318,0.07919678267790595,-0.1275143604322499,0.021191082677549607,0.051215217039907245,-0.02928012205656237,3.624611458811797,0.29183413742264597,1.9162608213983865,-4.165816201902795,0.6998990633496661,2.561473445179847,-0.9362841263247634,0.14213236466087542,0.44494442536430107,0.3973194200779001,close,-1.687970237008632,27.205342005576366,1606,2.218627786155269,0.8731625580642386,False,1069,537,run+ledger,0.6549456867559094,this run,1.6218132426140532,-0.9991585109464347,False,False,False,False,False,False,0,6,False,True,underpowered,1987.0
us_etfs,4h,WMA_1000,False,10,3.537759525439197,0.43521763708309774,0.030710438530677342,0.09548208863415875,-0.0647716501034814,0.8060471269286184,0.1015625,1.7084990283347226,128,0.5152739734506344,1.490534927053709,-0.9752609536030745,-2.0330431178110357,0.0007560466734818361,-0.0610353416572639,-1.1690341369553345,9.999434708875071,1769,2023-02-10,2026-08-25,0.062498527840615596,0.11109349480147013,-0.12130834925833689,-0.12952080687813716,0.17279207155734722,11129.467739832675,17574.676013236298,0.27986767770287374,-0.018517549741401792,0.47970500234797364,0.0020130850528434826,-2.161543616412817,-0.22065537787405357,-0.6238839789645233,,,1,-0.623884,0.5625759451739611,-0.07448019459041666,13807.465305708205,False,-2677.9975658755293,0.0,0.0005871988547042296,0.07197374802817214,0.43521763708309774,1.2669584843060735,0.2531601387574464,-1.013798345548627,SPY,0.21037381520456644,19649.4012312515,1.4288247116075652,0.1405684051184841,-0.18709518091808564,0.4446129113290859,0.091266904546361,-0.08697712817013148,-0.06055646601568365,0.8171159611645259,False,1.0,11129.467739832675,-0.12130834925833689,False,-0.02369298463881102,-0.42014933894091105,0.6743763612368407,0.2071994051985666,848,0.0862493685196262,0.04249519601399233,0.06704111477502055,-0.12418786161398898,-0.006598275244417834,0.06357364467964971,-0.047873609374211104,2.1276378136149967,1.5889009518197406,2.4490502662158695,-4.44483905405673,-0.24318918880748908,3.289726179117602,-1.7107974980206573,0.24238987793548472,0.3304723868759967,0.3039508580108593,close,-0.7425141192625037,17.987213313950868,1606,2.218627786155269,0.8313853670150138,False,1069,537,run+ledger,0.6549456867559094,this run,1.6218132426140532,-1.1065392691634188,False,False,False,False,False,False,0,6,False,True,underpowered,1987.0
us_etfs,4h,mc_rolling_min_max_weighted,False,10,3.537759525439197,0.40664531122416936,0.050940424507885274,0.11607991187949374,-0.06513948737160846,0.8083578284576926,0.6472491909385113,1.686910312241068,309,0.6950912065690156,1.490534927053709,-0.7954437204846934,-5.487483962226023,0.0026008006231472702,-0.07746144308666154,-1.5545805631175194,9.999434708875071,1769,2023-02-10,2026-08-25,0.07560620415504996,0.11109349480147013,-0.115640293412276,-0.12952080687813716,0.17279207155734722,11921.698109223842,17574.676013236298,0.021496411812673304,-0.023381775052430782,0.14495599913553422,0.0,-1.082262705243637,-0.5185122337106889,-1.9753555616767424,,,1,-1.975356,0.6805637385893943,-0.08957067879345149,14748.045592593397,False,-2826.3474833695554,0.0,0.001055413736618079,0.12996159275155783,0.40664531122416936,1.2635986687854373,0.44050756881318676,-0.8230910999722505,SPY,0.21037381520456644,19649.4012312515,1.4288247116075652,0.1405684051184841,-0.18709518091808564,0.5378605817667351,0.11088765650391119,-0.10443520106529403,-0.05994723199602592,0.8218037961773539,False,1.0,11921.698109223842,-0.115640293412276,False,-0.01663335213908665,-0.2656272702068951,0.790526281276446,0.5056057563672149,848,0.30290993761095875,-0.03725867301370753,0.09394474198080152,-0.04992074768406368,0.041138112252343914,-0.006442559687347943,0.07673083993434143,6.1238191134565945,-0.9110638377485655,3.330130283798337,-2.1853866557339514,1.4710265398005635,-0.30851136809341345,3.9678654962521906,0.12004599586590192,0.5383164323189829,0.6734549428889502,close,-1.2966585505834751,45.743278641040455,1606,2.218627786155269,0.8988183988804235,False,1069,537,run+ledger,0.6549456867559094,this run,1.6348537226369222,-0.9397625160679066,False,False,False,False,False,False,0,6,False,True,underpowered,2000.0
us_etfs,4h,mc_rolling_window_weighted_midpoints,False,10,3.537759525439197,0.4055649770743044,0.049778587994458334,0.11551240984890532,-0.06573382185444698,0.806650845641423,0.6468646864686468,1.6562610008645382,303,0.6833534382753896,1.490534927053709,-0.8071814887783193,-4.534278492446576,0.002440035697381937,-0.07997392433692259,-1.5687105582969638,9.999434708875071,1769,2023-02-10,2026-08-25,0.07524669696846671,0.11109349480147013,-0.11631471983241415,-0.12952080687813716,0.17279207155734722,11875.13692108727,17574.676013236298,0.022156206178229016,-0.02450410900274279,0.17801762510241967,0.0,-1.154520796916741,-0.45815381648754244,-2.046944560589739,,,1,-2.046945,0.6773276608404163,-0.08915920948989109,14721.532848136472,False,-2846.3959270492014,0.0,0.001036757861472974,0.1272507762940307,0.4055649770743044,1.2634717065757495,0.42796464683213914,-0.8355070597436103,SPY,0.21037381520456644,19649.4012312515,1.4288247116075652,0.1405684051184841,-0.18709518091808564,0.5353030569354601,0.11034739214555822,-0.10395992667397402,-0.060568804151099886,0.8200041513680221,False,1.0,11875.13692108727,-0.11631471983241415,False,-0.01998784533496025,-0.317082400096791,0.7511810790532665,0.5064585161640509,848,0.30022633146489053,-0.024980087793348746,0.09800762565682077,-0.041313912293248156,0.04177261645814517,-0.006284699121509831,0.07730835347106506,5.972034127171157,-0.5980420764226316,3.473335480851123,-1.9163858146440251,1.4706894932074641,-0.302071783474755,4.226460308076102,0.11671539728133418,0.5308647950988905,0.6718661218614568,close,-1.3497938251669663,46.321724211293535,1606,2.218627786155269,0.8948776461271314,False,1069,537,run+ledger,0.6549456867559094,this run,1.6353467898085936,-0.951993351533204,False,False,False,False,False,False,0,6,False,True,underpowered,2000.0
us_etfs,4h,mc_rolling_window_seasonality_test,False,10,3.537759525439197,0.340135669869983,0.023866678367453487,0.08991486262710802,-0.06604818425965453,0.8015909038933785,0.6043956043956044,1.3010142584767983,273,0.4298548011834498,1.490534927053709,-1.0606801258702592,-3.7046535397321225,0.0005777947701798292,-0.07134413192942558,-1.3992676537430533,9.999434708875071,1769,2023-02-10,2026-08-25,0.05893446242713193,0.11109349480147013,-0.11360632322625597,-0.12952080687813716,0.17279207155734722,10870.229625492671,17574.676013236298,0.023313792545807215,-0.027377328061651423,0.28631020809221347,0.0,-1.590446155342181,-0.46905349353821746,-2.7347731075326944,,,1,-2.734773,0.5304942700060961,-0.07034551827903657,13560.81958102976,False,-2690.5899555370884,0.0,0.0009251618083322553,0.07180469958408309,0.340135669869983,1.255792559177675,0.2100823060695408,-1.0457102531081344,SPY,0.21037381520456644,19649.4012312515,1.4288247116075652,0.1405684051184841,-0.18709518091808564,0.419258242116758,0.08595967926437442,-0.08218390873144987,-0.062093000896920936,0.8119671476805042,False,1.0,10870.229625492671,-0.11360632322625597,False,-0.023597511542866725,-0.3985509920928495,0.6902240784475333,0.3758516473122332,848,0.2127333074131102,0.011916227161154883,0.08252917361666909,-0.03529368102980629,0.013044841468331082,0.006433631619946062,0.007769548435840008,5.032222162241207,0.31136624016735404,2.3329412264738694,-1.4880994948845907,0.5201369018305145,0.3928979991029609,0.334975445545497,0.16173273560927948,0.4225480356425009,0.5355617942537727,close,-3.422216634368411,61.139660518438994,1606,2.218627786155269,0.7825713683931877,False,1069,537,run+ledger,0.6549456867559094,this run,1.6652088870603472,-1.2353540858768974,False,False,False,False,False,False,0,6,False,True,underpowered,2000.0
us_etfs,4h,EMA_1000,False,10,3.537759525439197,0.43521763708309774,0.03945057581656286,0.10610007765311913,-0.06664950183655627,0.8026271074973874,0.0847457627118644,1.9724438394226544,118,0.5933214662714259,1.490534927053709,-0.897213460782283,-1.7310701932535373,0.0014140467983515537,-0.10263539213748897,-1.45629618922383,9.999434708875071,1769,2023-02-10,2026-08-25,0.06927071513311772,0.11109349480147013,-0.1352005460830925,-0.12952080687813716,0.17279207155734722,11466.951080355586,17574.676013236298,0.41609618184790254,-0.019532837120702688,0.5182998726908786,0.025163563160543533,-2.046852257980347,-0.0012584080866068163,-0.111122677640217,,,1,-0.111123,0.6235352957156322,-0.08229950132494679,14286.772740718716,False,-2819.821660363131,0.0,0.000507940488898758,0.0929749527991166,0.43521763708309774,1.2669584843060735,0.2917930212524219,-0.9751654630536516,SPY,0.21037381520456644,19649.4012312515,1.4288247116075652,0.1405684051184841,-0.18709518091808564,0.492790076651506,0.10138418817632955,-0.09603028940304703,-0.06193361235976669,0.8148514421956177,False,1.0,11466.951080355586,-0.1352005460830925,False,-0.052360076182820986,-0.6963463535866788,0.4862119505996625,0.2651918314649362,848,0.16825391321536629,0.005901520787123818,0.07743703515828752,-0.13243604124022007,0.02692196396144801,0.041014692063922026,-0.03249490834539817,3.683866244878873,0.18842331494317552,1.8747232866836203,-4.377757642263514,0.868162396724654,1.985809166306148,-1.0130357134031671,0.14531075854063946,0.4449264853922807,0.39930538063840604,close,-1.6258473046216282,26.721645442026418,1606,2.218627786155269,0.8621398282158845,False,1069,537,run+ledger,0.6549456867559094,this run,1.6218132426140532,-1.0284917763426273,False,False,False,False,False,False,0,6,False,True,underpowered,1987.0
us_etfs,4h,TSF_9~ADD|and,False,10,3.537759525439197,0.38424093963946987,0.010106844245552749,0.07788700901052215,-0.0677801647649694,0.794720148787711,0.4166391548365797,1.0521513574217134,3029,0.2218235357609392,1.490534927053709,-1.2687113912927697,-2.933343545996799,6.311627369809392e-05,0.07047173014900276,1.1109902902474822,9.999434708875071,1769,2023-02-10,2026-08-25,0.05120254469812058,0.11109349480147013,-0.07771466608158395,-0.12952080687813716,0.17279207155734722,10362.165061181862,17574.676013236298,0.009119759173313887,-0.006190531753403249,0.4325137411961886,0.0005,-2.132308333971106,-0.4215265473917418,-1.270292440872682,,,1,-1.270292,0.46089597585909237,-0.06132926153633467,13038.759715591215,False,-2676.594654409352,0.0,0.010924422021954244,0.026516847164395285,0.38424093963946987,1.2609667915684766,0.1300506681061037,-1.1309161234623728,SPY,0.21037381520456644,19649.4012312515,1.4288247116075652,0.1405684051184841,-0.18709518091808564,0.36425357928022534,0.07448759168118424,-0.0717170290537259,-0.06438074743563149,0.8036509080547674,False,1.0,10362.165061181862,-0.07771466608158395,False,0.06155033081846913,1.0185977691874402,0.30839396379986717,0.03166127575882116,848,-0.05147271381072721,0.06764992550680568,-0.03101196044481674,0.0017077019463594412,-0.022480939581787943,0.003249663071994374,0.0063658743202960905,-1.4059471121578526,1.257548055883673,-0.8612670767927381,0.05073268645483413,-0.8550343695541319,0.20002692290415822,0.281580203963744,0.2665725287733556,-0.07895259877619559,0.039296448837031095,close,4.321603802273744,85.9828092874328,1606,2.218627786155269,0.6649032364125369,False,1069,537,run+ledger,0.6549456867559094,this run,1.6450791331098995,-1.4232555973489602,False,False,False,False,False,False,0,6,False,True,underpowered,2000.0
us_etfs,4h,TSF_9~FLOOR|and,False,10,3.537759525439197,0.4032410024495948,0.012635602641037247,0.0807423011916808,-0.06810669855064355,0.7943121842255226,0.40662842574888464,1.0572822231957304,3138,0.26307707863769564,1.490534927053709,-1.2274578484160132,-2.6871117321502807,8.526806201603065e-05,0.0836954358290811,1.3008074391974265,9.999434708875071,1769,2023-02-10,2026-08-25,0.053042009564360136,0.11109349480147013,-0.08827943060817378,-0.12952080687813716,0.17279207155734722,10454.23078903467,17574.676013236298,0.009540032345803766,-0.006183436635831657,0.4567944956400368,0.0005,-2.153449919805043,-0.3629295832343736,-1.8377517822745326,,,1,-1.837752,0.47745378484265866,-0.06348005121369793,13161.362744583663,False,-2707.1319555489936,0.0,0.01133247646196695,0.03162868052701273,0.4032410024495948,1.2631986085721052,0.14313190008123272,-1.1200667084908724,SPY,0.21037381520456644,19649.4012312515,1.4288247116075652,0.1405684051184841,-0.18709518091808564,0.3773394847843042,0.07721168926536959,-0.07421566862454154,-0.06457608662433234,0.803560739301359,False,1.0,10454.23078903467,-0.08827943060817378,False,0.07543013747973888,1.2269319956801155,0.21984815164614524,0.02518781173850193,848,-0.04263606402764243,0.06546458286206112,-0.029203902606963813,0.0023721744979693336,-0.02268513590601043,-0.0015402378053797783,0.011306502136241113,-1.1292079295008361,1.20153080317945,-0.7999826909818609,0.07077641941079518,-0.8429304200812054,-0.09409314991730802,0.4830246796559607,0.19332437495628207,-0.0731462363877993,0.03128045216884645,close,3.8846858733425575,75.58060268959782,1606,2.218627786155269,0.6934676260552658,False,1069,537,run+ledger,0.6549456867559094,this run,1.6364074575616079,-1.3733303789239122,False,False,False,False,False,False,0,6,False,True,underpowered,2000.0
us_etfs,4h,MIDPRICE_1000,False,10,3.537759525439197,0.43521763708309774,0.036555286963620315,0.10471551903796383,-0.06816023207434352,0.7982753225735199,0.10185185185185185,1.8724185120310144,108,0.5593063250329934,1.490534927053709,-0.9312286020207156,-1.5948587178018183,0.0011731253631123706,-0.11140989825528613,-1.5555032914543998,9.999434708875071,1769,2023-02-10,2026-08-25,0.06838950105138035,0.11109349480147013,-0.14801848876454404,-0.12952080687813716,0.17279207155734722,11354.353552004113,17574.676013236298,0.37799798631502546,-0.02289325316428256,0.5838941039894875,0.03623553095118269,-2.1898199340275215,0.08597667736780902,0.0275120753173288,,,1,0.027512,0.6156031113576538,-0.08128478156696806,14223.60585493158,False,-2869.2523029274676,0.0,0.000490075425032926,0.08599252619334874,0.43521763708309774,1.2669584843060735,0.24696433039368168,-1.0199941539123918,SPY,0.21037381520456644,19649.4012312515,1.4288247116075652,0.1405684051184841,-0.18709518091808564,0.48652114245541406,0.10006527852276759,-0.09485630675118017,-0.06350999155914727,0.8102776719453381,False,1.0,11354.353552004113,-0.14801848876454404,False,-0.06014617210094118,-0.7872829270836224,0.43111626172628714,0.26295221236972943,848,0.16261248195539468,-0.0014117026983463121,0.08591077862490511,-0.13655816644975616,0.026688237951913264,0.04453131479384437,-0.029759657853928673,3.683869842356503,-0.04508068587007088,2.1128579053336365,-4.530794280599297,0.8968402258462369,2.4007371768787,-1.022487899707866,0.11982625128745616,0.45367371786446803,0.4067145158301734,close,-1.8930405665197048,28.695360954421314,1606,2.218627786155269,0.8474438688593948,False,1069,537,run+ledger,0.6549456867559094,this run,1.6218132426140532,-1.06250691758106,False,False,False,False,False,False,0,6,False,True,underpowered,1987.0
us_etfs,4h,TSF_9~CEIL|and,False,10,3.537759525439197,0.40329753156208775,0.01255096846631032,0.08074636819757752,-0.0681953997312672,0.7940667758994039,0.40643927319094675,1.0570395951319316,3137,0.2614909794338571,1.490534927053709,-1.2290439476198518,-2.6931620819387727,8.439925059522402e-05,0.08418519930368024,1.3079910821203125,9.999434708875071,1769,2023-02-10,2026-08-25,0.05304462786985408,0.11109349480147013,-0.08827943060817589,-0.12952080687813716,0.17279207155734722,10451.140017484193,17574.676013236298,0.009541750597807527,-0.0061811219672887755,0.45635721513466393,0.0005,-2.155099873442539,-0.3694464425253464,-1.8374872373850353,,,1,-1.837487,0.4774773533288119,-0.06348311008913698,13161.537964671365,False,-2710.3979471871708,0.0,0.011332476461966952,0.031410400510055725,0.40329753156208775,1.263205251198567,0.1421731923262759,-1.121032058872291,SPY,0.21037381520456644,19649.4012312515,1.4288247116075652,0.1405684051184841,-0.18709518091808564,0.37735811134189895,0.07721556907265925,-0.07421922140955872,-0.06466460060634893,0.8033129323874952,False,1.0,10451.140017484193,-0.08827943060817589,False,0.07592963463999465,1.2346538307151778,0.21695936559170326,0.025081851764368945,848,-0.04252060083139615,0.06533509614426004,-0.029293574855004095,0.0024312599631934016,-0.022611263577230117,-0.0016651488541248854,0.011140139948608727,-1.125798164514621,1.1988505065200352,-0.8023393344912884,0.07253761353619276,-0.8402106036383378,-0.10169994172617997,0.4758920233904133,0.19087633407279236,-0.07306009521758712,0.03115863539497654,close,3.8843638944878514,75.56683850224763,1606,2.218627786155269,0.692373583004313,False,1069,537,run+ledger,0.6549456867559094,this run,1.6363816575351833,-1.3748906781013261,False,False,False,False,False,False,0,6,False,True,underpowered,2000.0
us_etfs,4h,MIDPRICE_200,False,10,3.537759525439197,0.8875070661390615,0.060818445994277326,0.12910768480049817,-0.06828923880622084,0.8019492408368973,0.19845360824742267,1.7057038138981346,388,0.7461874045306817,1.490534927053709,-0.7443475225230273,-3.052466178382466,0.0028678512947744594,0.11760532375430936,1.5336259163928723,9.999434708875071,1769,2023-02-10,2026-08-25,0.08383442372839195,0.11109349480147013,-0.07412622086598109,-0.12952080687813716,0.17279207155734722,12322.871344177995,17574.676013236298,0.08148242100762812,-0.011827436904482484,0.24385119409167863,0.001,-1.2450238678252166,-0.28824631315444527,-1.6890834489965245,,,1,-1.689083,0.7546294576312361,-0.09895099203416036,15366.148774351486,False,-3043.277430173492,0.0,0.0019294101900753776,0.06878686632170905,0.8875070661390615,1.3206154629391313,0.8204714240624248,-0.5001440388767066,SPY,0.21037381520456644,19649.4012312515,1.4288247116075652,0.1405684051184841,-0.18709518091808564,0.5963959230933048,0.12328521715291152,-0.11525858506186404,-0.06246677115863419,0.8167521420544157,False,1.0,12322.871344177995,-0.07412622086598109,False,0.1454436306841089,2.065528556631434,0.03887301642346919,0.21291539601416098,848,0.01977253786714775,0.18887946677534231,0.053144068284584234,-0.04607427681056957,-0.008226686930834823,0.05565260009464072,-0.20102192872186167,0.30666122660595746,3.7545972806227312,1.9141270825196257,-1.3456300331026567,-0.187059945332975,1.9442221138965736,-5.917687012811791,0.12512170876284756,0.2463634454871534,0.24171058566541836,close,0.019183132450308067,19.442355681370405,1606,2.218627786155269,0.9192373600841053,False,1069,537,run+ledger,0.6549456867559094,this run,1.4896273775372444,-0.7434399730065627,False,False,False,False,False,False,0,6,False,True,underpowered,2000.0
us_etfs,4h,EMA_200,False,10,3.537759525439197,0.8875070661390615,0.06514584545183211,0.1337597472001375,-0.0686139017483054,0.801833910673455,0.15851272015655576,1.7153072190277756,511,0.7707403524026714,1.490534927053709,-0.7197945746510376,-2.8941208036959436,0.003004123439310169,0.11448643745963623,1.2597637955975969,9.999434708875071,1769,2023-02-10,2026-08-25,0.08676128687215377,0.11109349480147013,-0.07493110926674296,-0.12952080687813716,0.17279207155734722,12501.632436048794,17574.676013236298,0.08013945164515476,-0.008800776952766593,0.2487092362322341,0.003,-1.2496358972843062,-0.2600693177053272,-0.7843747886032133,,,1,-0.784375,0.7809754029900735,-0.10227051724217107,15591.29923246668,False,-3089.6667964178846,0.0,0.0023466433849730294,0.0737006648119447,0.8875070661390615,1.3206154629391313,0.8694098631307212,-0.45120559980841013,SPY,0.21037381520456644,19649.4012312515,1.4288247116075652,0.1405684051184841,-0.18709518091808564,0.617217551831959,0.1277099509410955,-0.11908349014189012,-0.06256410548926339,0.8171557331301411,False,1.0,12501.632436048794,-0.07493110926674296,False,0.1397699460896943,1.734248740403353,0.08287395824474797,0.20122176616203913,848,-0.007420462864636018,0.22754349908424523,0.04050496167302778,-0.03483655783167389,-0.015524563489395434,0.07357336638804382,-0.18503073588348365,-0.09527491568117788,3.2392096258444445,1.0270933970872875,-0.9246348459787543,-0.3377187730503308,2.3077612655238706,-5.604658826614738,0.2077545838485435,0.22375399178595623,0.22298349264886608,close,0.7311837699341254,25.392871345128775,1606,2.218627786155269,0.9281925322794812,False,1069,537,run+ledger,0.6549456867559094,this run,1.4896273775372444,-0.718887025134573,False,False,False,False,False,False,0,6,False,True,underpowered,2000.0
us_etfs,4h,MIDPOINT_200,False,10,3.537759525439197,0.8875070661390615,0.060011331823958125,0.1286927143026384,-0.06868138247868028,0.8008334974794813,0.189873417721519,1.636372326027095,395,0.7391479594954458,1.490534927053709,-0.7513869675582632,-3.251135391548786,0.00274157051245022,0.10820017651641801,1.4061290139162421,9.999434708875071,1769,2023-02-10,2026-08-25,0.08357305639424216,0.11109349480147013,-0.06472668583311303,-0.12952080687813716,0.17279207155734722,12289.734219712122,17574.676013236298,0.07861096227568476,-0.011259322826667348,0.23111524961755442,0.003,-1.246472410405108,-0.32008160412237807,-0.9805487676424666,,,1,-0.980549,0.7522767786141895,-0.09865412307673926,15346.179022721268,False,-3056.444803009146,0.0,0.001962538658103937,0.06787066217745918,0.8875070661390615,1.3206154629391313,0.927149769087318,-0.3934656938518133,SPY,0.21037381520456644,19649.4012312515,1.4288247116075652,0.1405684051184841,-0.18709518091808564,0.594536562635103,0.12289046628562939,-0.1149163841807983,-0.06287913446167126,0.815569345616534,False,1.0,12289.734219712122,-0.06472668583311303,False,0.13512430264163783,1.9232448236298145,0.054449310408779095,0.21399416751400901,848,0.0189116096923964,0.1884239539627544,0.04826065777090714,-0.040561049218456956,-0.0046916375933911455,0.057379710230238294,-0.20427698505977937,0.29483383632767735,3.778525765828937,1.740299038289184,-1.2152794470178874,-0.10600845391266858,2.064795193475814,-6.06860388207289,0.15968581824739925,0.23827312830721772,0.24108768842270956,close,0.04869932137792352,19.47665350792376,1606,2.218627786155269,0.9173527266718594,False,1069,537,run+ledger,0.6549456867559094,this run,1.4896273775372444,-0.7504794180417986,False,False,False,False,False,False,0,6,False,True,underpowered,2000.0
us_etfs,4h,TSF_9~MULT|and,False,10,3.537759525439197,0.3842409396394699,0.00903714697113367,0.07790901356034996,-0.06887186658921629,0.7916895761924596,0.41630901287553645,1.048667055192791,3029,0.20108828362618775,1.490534927053709,-1.2894466434275211,-2.895229907044889,5.529225949701955e-05,0.07018915457355855,1.105136993552845,9.999434708875071,1769,2023-02-10,2026-08-25,0.051216730261656955,0.11109349480147013,-0.08014685498565799,-0.12952080687813716,0.17279207155734722,10323.395691712878,17574.676013236298,0.00911315128530932,-0.0061981742490434715,0.44536934365382985,0.0005,-2.1681487864811317,-0.4120124047297558,-1.4295924489845613,,,1,-1.429592,0.46102366617580914,-0.061345861780973676,13039.701421057061,False,-2716.305729344184,0.0,0.010925439545979115,0.023690096985956588,0.3842409396394699,1.260966791568481,0.1127573499016379,-1.1482094416668431,SPY,0.21037381520456644,19649.4012312515,1.4288247116075652,0.1405684051184841,-0.18709518091808564,0.36435449501249406,0.07450858692968199,-0.07173631840927497,-0.06547143995854832,0.8005887565324692,False,1.0,10323.395691712878,-0.08014685498565799,False,0.06106068822148672,1.0081644509654861,0.3133755208005389,0.03177871167087054,848,-0.05188085169219771,0.06724906296964704,-0.030682516836705753,0.0015834516059432847,-0.023114658879119832,0.00307971668901973,0.006566827773452073,-1.4188217424563592,1.2504113558399457,-0.8515854112715234,0.046945041754990154,-0.8769361556138475,0.1896235175963952,0.2902218535972975,0.26910023306288955,-0.08078510047974954,0.03975625823530271,close,4.3172309012501655,85.905941160288,1606,2.218627786155269,0.650005582775005,False,1069,537,run+ledger,0.6549456867559094,this run,1.6450791331098995,-1.4439908494837117,False,False,False,False,False,False,0,6,False,True,underpowered,2000.0
us_etfs,4h,MIDPOINT_1000,False,10,3.537759525439197,0.43521763708309774,0.03398063153777753,0.1050298952966724,-0.07104926375889487,0.7904866053436904,0.10909090909090909,1.802623213404275,110,0.5216129133152098,1.490534927053709,-0.9689220137384992,-1.700501870544766,0.0009103110906270029,-0.11440911959603947,-1.5881021348379012,9.999434708875071,1769,2023-02-10,2026-08-25,0.06858963713259324,0.11109349480147013,-0.15399656722740085,-0.12952080687813716,0.17279207155734722,11254.893615316963,17574.676013236298,0.3467510369354634,-0.023554179447724893,0.569785914688879,0.027176648213387014,-2.209053481107123,0.026779518215480504,-0.12287118113438389,,,1,-0.122871,0.6174046217122479,-0.08151531074573148,14237.930838086146,False,-2983.037222769183,0.0,0.0004990074935908621,0.07980457799275653,0.43521763708309774,1.2669584843060735,0.22065837018041856,-1.046300114125655,SPY,0.21037381520456644,19649.4012312515,1.4288247116075652,0.1405684051184841,-0.18709518091808564,0.48794490536318974,0.10036475802354805,-0.0951230405265936,-0.06638412648577052,0.8024068643377547,False,1.0,11254.893615316963,-0.15399656722740085,False,-0.06344587865745271,-0.8265841616392093,0.40847279752038324,0.26429196262501087,848,0.16670688924904062,-0.003876270037402707,0.08415533025929406,-0.13683247621779884,0.027814510862607725,0.03877775636075156,-0.03321255624269852,3.733483228635399,-0.12531061289034462,2.068205129913697,-4.475422650118828,0.9281007290617304,2.0190662501999763,-1.1145096594367103,0.11226324566380086,0.4510144838363782,0.4053077003936759,close,-1.8700177557084474,28.42616384111166,1606,2.218627786155269,0.8310675797281968,False,1069,537,run+ledger,0.6549456867559094,this run,1.6218132426140532,-1.1002003292988434,False,False,False,False,False,False,0,6,False,True,underpowered,1987.0
us_etfs,4h,turn_of_month,False,10,3.537759525439197,0.19276427360090442,0.01499690047584834,0.08617708580016359,-0.07118018532431525,0.786797174524207,0.5886363636363636,1.1622003119802184,440,0.2917577968925728,1.490534927053709,-1.198777130161136,-3.383507726242374,0.0002153165397007495,-0.12002505492690042,-1.753583331308197,9.999434708875071,1769,2023-02-10,2026-08-25,0.05653638626731241,0.11109349480147013,-0.0971013328591176,-0.12952080687813716,0.17279207155734722,10540.728098976477,17574.676013236298,0.017184990715866693,-0.021158725453106594,0.3543001013012207,0.0015,-1.804019868388376,-0.3811382708106832,-0.35023581785385005,,,1,-0.350236,0.5089081621596826,-0.06755591019568341,13397.008073078909,False,-2856.2799741024314,0.0,0.0014969926480072199,0.08028140179505128,0.19276427360090442,1.2385715034850902,0.15444587663494844,-1.0841256268501418,SPY,0.21037381520456644,19649.4012312515,1.4288247116075652,0.1405684051184841,-0.18709518091808564,0.40219839031152343,0.08239548577133915,-0.07894761274163642,-0.06739858529549081,0.7965651639871958,False,1.0,10540.728098976477,-0.0971013328591176,False,-0.08833589622974923,-1.2554190514520869,0.20932667689586948,0.22622211596644692,848,0.16505770938290373,-0.0017893251451675252,0.09523834666146166,-0.025456945993475096,0.0358246223984742,-0.0015151833200027047,-0.03143447471462707,3.42506111145973,-0.04031645492384971,2.441070467480447,-0.9338891550473133,1.4699120202514728,-0.09156741184798907,-1.6374565525472602,0.07950192925422761,0.28044271301794954,0.3015522950441598,close,-4.265075878821128,83.63463257691554,1606,2.218627786155269,0.7030065157091877,False,1069,537,run+ledger,0.6549456867559094,this run,1.7033613928032278,-1.411603595910655,False,False,False,False,False,False,0,6,False,True,underpowered,2000.0
us_etfs,4h,TSF_9~FLOOR|vote,False,10,3.537759525439197,0.42269329815966333,0.010724775645455153,0.08316812664329909,-0.07244335099784394,0.782788569912756,0.4041897720271103,1.0491358995722102,3246,0.22250301268678074,1.490534927053709,-1.268031914366928,-2.6638849207625084,6.714923721068411e-05,0.07904266996735572,1.197645487096591,9.999434708875071,1769,2023-02-10,2026-08-25,0.05460283988629543,0.11109349480147013,-0.08477531435697827,-0.12952080687813716,0.17279207155734722,10384.60847178705,17574.676013236298,0.009704979707400588,-0.006275383173109596,0.4760085184175177,0.0005,-2.1987913381266897,-0.3537839153040564,-1.993435699817795,,,1,-1.993436,0.4915034852749349,-0.06530221905123046,13266.17284785398,False,-2881.5643760669295,0.0,0.01173193745975522,0.02555854299175131,0.42269329815966333,1.2654852851005909,0.12650823800304015,-1.1389770470975507,SPY,0.21037381520456644,19649.4012312515,1.4288247116075652,0.1405684051184841,-0.18709518091808564,0.38844319134353905,0.07952569158421108,-0.07633165170575096,-0.06880091593875592,0.7921726177849157,False,1.0,10384.60847178705,-0.08477531435697827,False,0.07195977864752257,1.147811707728323,0.2510463030699619,0.024667111854316026,848,-0.034659718380244606,0.07294504102293982,-0.025447888374045196,0.009261297583864112,-0.03244964207983269,-0.003560495075655969,0.005021705005338091,-0.8913445497363299,1.330537215933905,-0.6422435289016021,0.2780318830748048,-1.1109014200422134,-0.20492527665082824,0.2090078851153493,0.23105505977678265,-0.06268217079312541,0.028890971770148544,close,3.5600196287270975,68.30912175820461,1606,2.218627786155269,0.6648119408008046,False,1069,537,run+ledger,0.6549456867559094,this run,1.6275293818019188,-1.405026369115138,False,False,False,False,False,False,0,6,False,True,underpowered,2000.0
us_etfs,4h,TSF_9~CEIL|vote,False,10,3.537759525439197,0.4225802399346774,0.010586764421834483,0.08327543900540335,-0.07268867458356887,0.7821363244158142,0.4040061633281972,1.0487527212022034,3245,0.21979384330776874,1.490534927053709,-1.27074108374594,-2.6665176578577916,6.608776977928832e-05,0.07980750554769143,1.208830100292418,9.999434708875071,1769,2023-02-10,2026-08-25,0.05467184565647116,0.11109349480147013,-0.08477531435697849,-0.12952080687813716,0.17279207155734722,10379.592851121315,17574.676013236298,0.009711281066602542,-0.0062769641033127675,0.4765545354636126,0.0005,-2.214522840529025,-0.3551988224457467,-2.0388123454332407,,,1,-2.038812,0.49212463568791853,-0.06538271888013181,13270.823163562876,False,-2891.2303124415616,0.0,0.011728319362163645,0.02523411140246301,0.4225802399346774,1.2654719897040574,0.12488027325094792,-1.1405917164531094,SPY,0.21037381520456644,19649.4012312515,1.4288247116075652,0.1405684051184841,-0.18709518091808564,0.3889340966086131,0.07962804950631774,-0.07642511295094923,-0.06904128508448326,0.7915244673910683,False,1.0,10379.592851121315,-0.08477531435697849,False,0.07273572496604604,1.1597156139414586,0.24616461093087283,0.024650099898352762,848,-0.03468782223492444,0.07289850114519021,-0.025308920766218476,0.009149287160324336,-0.0322331687726457,-0.0035633222327001437,0.004993485883503791,-0.8921998566927962,1.3296923352157226,-0.6387254881574354,0.2746746834849545,-1.1036282606528531,-0.20506197965410022,0.2077883694602306,0.22672812494994865,-0.06258384298358066,0.02885989219888363,close,3.5346574894701717,68.02612881232788,1606,2.218627786155269,0.6628711082882164,False,1069,537,run+ledger,0.6549456867559094,this run,1.6275809818547682,-1.4077871385469996,False,False,False,False,False,False,0,6,False,True,underpowered,2000.0
us_etfs,4h,TSF_9~ADD|vote,False,10,3.537759525439197,0.3904591420136926,0.005975857774363158,0.07902335650342729,-0.07304749872906413,0.7803671346104615,0.4156901041666667,1.0381008298493364,3072,0.1405174198014123,1.490534927053709,-1.3500175072522966,-3.051342977261914,3.798674456068074e-05,0.05882825750696651,0.9083011408627077,9.999434708875071,1769,2023-02-10,2026-08-25,0.051934913497557154,0.11109349480147013,-0.07771466608158084,-0.12952080687813716,0.17279207155734722,10213.019450162968,17574.676013236298,0.009101050225644006,-0.0062370383903003115,0.4424338782340747,0.0005,-2.194262724806272,-0.47811951403633385,-1.270292440872682,,,1,-1.270292,0.4674883402522133,-0.06218601431463611,13087.45460591576,False,-2874.4351557527925,0.0,0.011080679047344041,0.015376161450442849,0.3904591420136926,1.2616970189392702,0.07689485235759762,-1.1848021665816726,SPY,0.21037381520456644,19649.4012312515,1.4288247116075652,0.1405684051184841,-0.18709518091808564,0.36946363198601845,0.07557178158869604,-0.07271248113941631,-0.06959592381433288,0.7892626865647445,False,1.0,10213.019450162968,-0.07771466608158084,False,0.05169166829275535,0.8442681334072902,0.3985195889665971,0.03141967586904959,848,-0.048470136244479226,0.06983264354485007,-0.03626087474838242,0.002870158644978228,-0.02717308607436096,-0.0017543415972734026,0.004374250333827351,-1.3049759704462134,1.292867831962729,-0.9979430056054045,0.08523242297278351,-1.0220711196597032,-0.10306606269868253,0.19491794637002924,0.3637191399313502,-0.06315738641265765,0.03617955619824342,close,4.056771525953926,81.84252646440072,1606,2.218627786155269,0.6054762397221263,False,1069,537,run+ledger,0.6549456867559094,this run,1.6422411302031859,-1.5017237104017735,False,False,False,False,False,False,0,6,False,True,underpowered,2000.0
us_etfs,4h,COS,False,10,3.537759525439197,0.9892594686263424,0.007432926720211341,0.08058125698575047,-0.07314833026553913,0.7803798361029803,0.5094771922516143,1.0126987090852595,4801,0.1663334450388782,1.490534927053709,-1.3242014820148307,-1.7581664417785634,5.6168254175814614e-05,0.0167328916521977,0.29230564930824987,9.999434708875071,1769,2023-02-10,2026-08-25,0.05293832654180481,0.11109349480147013,-0.11792132702873193,-0.12952080687813716,0.17279207155734722,10265.448627654283,17574.676013236298,0.010027983959260162,-0.010284872577474069,0.753171855945144,0.044,-2.733228390543172,0.17845247958966706,-1.0381286436691841,,,1,-1.038129,0.4765204896687098,-0.06335891606173905,13154.425771579823,False,-2888.9771439255396,0.0,0.01803819911023497,0.00751392950334373,0.9892594686263424,1.3327991197068807,0.06303292972949909,-1.2697661899773816,SPY,0.21037381520456644,19649.4012312515,1.4288247116075652,0.1405684051184841,-0.18709518091808564,0.3766018864422875,0.07705805694899448,-0.07407497221664461,-0.06962513022878314,0.7894483146904118,False,1.0,10265.448627654283,-0.11792132702873193,False,0.010279031580065387,0.18537923072475881,0.8529315975622012,0.029112514434671777,848,-0.02943482332724314,0.027549146574275013,0.03970944237776871,0.00821631284232606,-0.01204794811261674,-0.003416350612330931,0.001138131409724249,-1.4634879222733628,1.429231140374082,1.6134897142062417,0.31832119895177596,-0.4815223332401772,-0.22616005636040812,0.057796038431443854,0.7700529398242131,-0.05711537012908208,0.03289543676963169,close,0.24571626627057186,12.697102748135846,1606,2.218627786155269,0.6228702559502688,False,1069,537,run+ledger,0.6549456867559094,this run,1.4877006853447827,-1.3213672403059045,False,False,False,False,False,False,0,6,False,True,underpowered,2000.0
us_etfs,4h,TSF_9~MULT|vote,False,10,3.537759525439197,0.39045914201369264,0.00491053519059248,0.07904480558424565,-0.07413427039365317,0.7773927704435244,0.4153645833333333,1.0347209974545468,3072,0.1200975365648642,1.490534927053709,-1.3704373904888447,-2.9989898286284125,3.3250612759716525e-05,0.058545681931522306,0.9028396984099157,9.999434708875071,1769,2023-02-10,2026-08-25,0.05194873348034118,0.11109349480147013,-0.0801468549856581,-0.12952080687813716,0.17279207155734722,10174.808099338046,17574.676013236298,0.009094505354388969,-0.006244535843337626,0.4569663349327243,0.0005,-2.243154495811115,-0.45754660309141315,-1.4295924489845613,,,1,-1.429592,0.46761273982042134,-0.06220217595375299,13088.374996763905,False,-2913.5668974258588,0.0,0.01108169657136891,0.012624557771026668,0.39045914201369264,1.2616970189392729,0.06126921875438777,-1.2004278001848852,SPY,0.21037381520456644,19649.4012312515,1.4288247116075652,0.1405684051184841,-0.18709518091808564,0.369561946986266,0.07559224546968069,-0.0727312574536384,-0.0706817102790882,0.786256787444239,False,1.0,10174.808099338046,-0.0801468549856581,False,0.05120202569577291,0.8344102740164285,0.404049829695853,0.03150874962320771,848,-0.04887827412594972,0.06943178100769144,-0.035931431140271426,0.002745908304562084,-0.027806805371692857,-0.0019242879802480375,0.004575203786983327,-1.3175732334196162,1.2857561449982657,-0.9882234922642348,0.08137390776979411,-1.0433707956647693,-0.11308001354304716,0.203704083325259,0.3666109784677576,-0.06498988811621186,0.036538945068623985,close,4.052866419092003,81.77245370784344,1606,2.218627786155269,0.590276964199926,False,1069,537,run+ledger,0.6549456867559094,this run,1.6422411302031859,-1.5221435936383216,False,False,False,False,False,False,0,6,False,True,underpowered,2000.0
us_etfs,4h,HT_TRENDMODE~TSF_9|vote,False,10,3.537759525439197,0.6719929652660008,0.04313232228527397,0.1186183508762364,-0.07548602859096243,0.7810078526171624,0.4423833614390107,1.1024010363698673,3558,0.5854774675666335,1.490534927053709,-0.9050574594870754,-2.8331406103341776,0.0010358994425670454,0.012524481310221729,0.1870839037863205,9.999434708875071,1769,2023-02-10,2026-08-25,0.07721317073676946,0.11109349480147013,-0.08479635369319283,-0.12952080687813716,0.17279207155734722,11611.287971759974,17574.676013236298,0.011438079829458192,-0.00823145428595588,0.31945377373286143,0.0,-1.5793794970041701,-0.3234331820160038,-1.0126790486914545,,,1,-1.012679,0.6950287312029694,-0.09140824661732216,14867.05662798456,False,-3255.7686562245867,0.0,0.012865880874717002,0.06485644387574818,0.6719929652660008,1.294941372959211,0.508657747729741,-0.7862836252294699,SPY,0.21037381520456644,19649.4012312515,1.4288247116075652,0.1405684051184841,-0.18709518091808564,0.5492925004853476,0.11330404136583372,-0.10655719755512638,-0.07017171908055975,0.7942770829516664,False,1.0,11611.287971759974,-0.08479635369319283,False,0.045109672054052766,0.6607599570796883,0.5087662662351689,0.2596812595923048,848,0.20543720849737795,-0.0011587991894321803,0.051349708283465224,-0.04192677458896102,0.007229623451434789,-0.0013066966601371563,0.07970660563014609,6.283114200941342,-0.044714551317537994,1.8536743979108778,-1.4602954496574856,0.21766455942342014,-0.06508902976643405,2.6414859554771493,0.8515948482614473,0.2883724173222965,0.30513251730077295,close,0.3959487296872563,28.083150618928702,1606,2.218627786155269,0.8652195894501584,False,1069,537,run+ledger,0.6549456867559094,this run,1.557242837302426,-0.9717653697357925,False,False,False,False,False,False,0,6,False,True,underpowered,2000.0
us_etfs,4h,MA_200,False,10,3.537759525439197,0.8875070661390615,0.05588854538748844,0.13167824791979488,-0.07578970253230644,0.7825212487185884,0.16481069042316257,1.5899527185738078,449,0.6791226567983727,1.490534927053709,-0.8114122702553362,-3.618351936014813,0.0018787759163450546,0.1062784224549851,1.3022264238176366,9.999434708875071,1769,2023-02-10,2026-08-25,0.0854524322575871,0.11109349480147013,-0.0828802563268265,-0.12952080687813716,0.17279207155734722,12121.464176806474,17574.676013236298,0.07739754594719908,-0.009606018817515938,0.22424912905210956,0.002,-1.285500832022478,-0.3659392590123833,-1.04204586791364,,,1,-1.042046,0.7691938435305781,-0.10078717983336549,15490.268406967713,False,-3368.80423016124,0.0,0.002209306166929197,0.06319201838749167,0.8875070661390615,1.3206154629391313,0.6743288192437523,-0.646286643695379,SPY,0.21037381520456644,19649.4012312515,1.4288247116075652,0.1405684051184841,-0.18709518091808564,0.6079063939407996,0.1257303151876572,-0.11737466582951983,-0.06984176980016876,0.7972466076211744,False,1.0,12121.464176806474,-0.0828802563268265,False,0.128539178750676,1.723444416921477,0.08480818850932126,0.19206899477902462,848,-0.01717414435349806,0.20008382819673307,0.03841726129677302,-0.04111027553654596,-0.004681310233324045,0.07273861974656087,-0.19058024211144928,-0.25702352441535603,3.6075052161922057,1.103810119511985,-1.1521767999326855,-0.10030909709151443,2.2671482563079053,-5.557941707219586,0.1928389948138749,0.19700323852258578,0.20932684028208637,close,0.21627868274549064,20.50232317627907,1606,2.218627786155269,0.8994318343871619,False,1069,537,run+ledger,0.6549456867559094,this run,1.4896273775372444,-0.8105047207388717,False,False,False,False,False,False,0,6,False,True,underpowered,2000.0
us_etfs,4h,SMA_200,False,10,3.537759525439197,0.8875070661390615,0.05588854538748844,0.13167824791979488,-0.07578970253230644,0.7825212487185884,0.16481069042316257,1.5899527185738078,449,0.6791226567983727,1.490534927053709,-0.8114122702553362,-3.618351936014813,0.0018787759163450546,0.1062784224549851,1.3022264238176366,9.999434708875071,1769,2023-02-10,2026-08-25,0.0854524322575871,0.11109349480147013,-0.0828802563268265,-0.12952080687813716,0.17279207155734722,12121.464176806474,17574.676013236298,0.07739754594719908,-0.009606018817515938,0.22424912905210956,0.002,-1.285500832022478,-0.3659392590123833,-1.04204586791364,,,1,-1.042046,0.7691938435305781,-0.10078717983336549,15490.268406967713,False,-3368.80423016124,0.0,0.002209306166929197,0.06319201838749167,0.8875070661390615,1.3206154629391313,0.6743288192437523,-0.646286643695379,SPY,0.21037381520456644,19649.4012312515,1.4288247116075652,0.1405684051184841,-0.18709518091808564,0.6079063939407996,0.1257303151876572,-0.11737466582951983,-0.06984176980016876,0.7972466076211744,False,1.0,12121.464176806474,-0.0828802563268265,False,0.128539178750676,1.723444416921477,0.08480818850932126,0.19206899477902462,848,-0.01717414435349806,0.20008382819673307,0.03841726129677302,-0.04111027553654596,-0.004681310233324045,0.07273861974656087,-0.19058024211144928,-0.25702352441535603,3.6075052161922057,1.103810119511985,-1.1521767999326855,-0.10030909709151443,2.2671482563079053,-5.557941707219586,0.1928389948138749,0.19700323852258578,0.20932684028208637,close,0.21627868274549064,20.50232317627907,1606,2.218627786155269,0.8994318343871619,False,1069,537,run+ledger,0.6549456867559094,this run,1.4896273775372444,-0.8105047207388717,False,False,False,False,False,False,0,6,False,True,underpowered,2000.0
us_etfs,4h,CDLSPINNINGTOP,False,10,3.537759525439197,0.7714842032535645,0.009283564195116556,0.08532756306758182,-0.07604399887246527,0.7733784493157142,0.4669852302345786,1.0296490347648777,2302,0.1930754569329989,1.490534927053709,-1.29745947012071,-3.8813083675529656,7.547561153253834e-05,0.03841095882041309,0.7219961223949579,9.999434708875071,1769,2023-02-10,2026-08-25,0.05599076382386297,0.11109349480147013,-0.06831282147849571,-0.12952080687813716,0.17279207155734722,10332.317427573418,17574.676013236298,0.013802551467987945,-0.01174448723117836,0.3342840473504337,0.0,-2.030249403035046,-0.7440005644880895,-0.37278465166194574,,,1,-0.372785,0.503996781485013,-0.06692035005080554,13359.975878194513,False,-3027.6584506210934,0.0,0.009061275796296545,0.012049891004556557,0.7714842032535645,1.3067707625166856,0.13589782992697708,-1.1708729325897085,SPY,0.21037381520456644,19649.4012312515,1.4288247116075652,0.1405684051184841,-0.18709518091808564,0.3983168463544049,0.08158530534259989,-0.07821001560118868,-0.07230174114748333,0.7828866680703136,False,1.0,10332.317427573418,-0.06831282147849571,False,0.03680903661452398,0.7105799467438761,0.47734457332721614,0.045609781994866094,848,-0.06895776943967889,0.04681062198382758,-0.0033416504968798236,0.02401924967899624,-0.026693691500524825,0.01585762410144728,-0.009541212677801598,-1.1533801322502506,1.3676792607407915,-0.14910385764323536,1.0466183309030799,-0.7822120376226966,0.6095637561985993,-0.2798701877801632,0.4702968615371961,-0.014176690954677437,0.04581489524573168,close,-1.0702111060985628,52.310187371653114,1606,2.218627786155269,0.6410305297298169,False,1069,537,run+ledger,0.6549456867559094,this run,1.5336197856696938,-1.340544328736695,False,False,False,False,False,False,0,6,False,True,underpowered,2000.0
us_etfs,4h,CDLMARUBOZU,False,10,3.537759525439197,0.238175993970228,-0.030564652869765174,0.04701783463526765,-0.07758248750503283,0.7615776691985284,0.48316251830161056,0.7961996846764903,683,-0.9808339847056745,1.490534927053709,-2.4713689117593836,-4.515611239848505,3.5984298873970033e-10,-0.05689741093518886,-1.791746684647282,9.999434708875071,1769,2023-02-10,2026-08-25,0.031152039173309973,0.11109349480147013,-0.10909188252804902,-0.12952080687813716,0.17279207155734722,8959.977844249506,17574.676013236298,0.012345451620545317,-0.014495200104992579,0.547294437118616,0.0,-3.4850952707056355,-1.354558884027189,-2.5386423220735868,,,1,-2.538642,0.2804128111099601,-0.03765038461405279,11765.021752382574,False,-2805.043908133067,0.0,0.0026395177387850102,-0.1221943519051154,0.238175993970228,1.243866755233356,-0.28017348460282165,-1.5240402398361776,SPY,0.21037381520456644,19649.4012312515,1.4288247116075652,0.1405684051184841,-0.18709518091808564,0.22161480132788122,0.04500727874541477,-0.044134184960513134,-0.07557193161517994,0.7667740303829935,False,1.0,8959.977844249506,-0.10909188252804902,False,-0.05236724779126501,-1.6593941205545524,0.09703640026702098,0.04441165128987945,848,-0.026285214616032657,0.018804063299911043,0.015318450370722048,-0.020084143228183325,-0.013005884413787042,0.015351786837530319,-0.021850660592054944,-1.7360777850953857,1.3040105960117523,1.2823857640246668,-1.3703251515333421,-0.8189241915773718,1.4994912859521956,-1.5518926626816745,0.073173552643643,0.04009103727358138,0.04971655670750985,close,-1.2488082572136818,17.81846775721926,1606,2.218627786155269,0.029449675392076713,False,1069,537,run+ledger,0.6549456867559094,this run,1.7033613928032278,-2.6841953775089022,False,False,False,False,False,False,0,6,False,True,underpowered,2000.0
us_etfs,4h,KAMA_1000,False,10,3.537759525439197,0.4346523459581684,0.026357973222832953,0.10563038201456343,-0.07927240879173048,0.7685835491307844,0.15,1.4166872193837512,300,0.4116017381279699,1.490534927053709,-1.078933188925739,-3.1815494321840423,0.0003031921213116906,0.08614373910591591,1.175029943631013,9.999434708875071,1769,2023-02-10,2026-08-25,0.06897183545717095,0.11109349480147013,-0.09390056568374416,-0.12952080687813716,0.17279207155734722,10964.091499496582,17574.676013236298,0.07393689099228884,-0.00920999813309086,0.33912193160081827,0.0055359838953195776,-1.710742438982155,-0.35464202428670893,-0.628401245682321,,,1,-0.628401,0.6208449520867736,-0.0819554328247224,14265.321593073677,False,-3301.2300935770945,0.0,0.001406586322830403,0.061683743109707256,0.4346523459581684,1.2668919753065924,0.28070089920018426,-0.9861910761064081,SPY,0.21037381520456644,19649.4012312515,1.4288247116075652,0.1405684051184841,-0.18709518091808564,0.4906638543635399,0.10093677522408817,-0.09563224711324636,-0.07457880200125522,0.7802385377340765,False,1.0,10964.091499496582,-0.09390056568374416,False,0.08488799065082421,1.2845342954972274,0.19895507169149163,0.2050526569102279,848,-0.13760157121632224,0.11335878201496317,0.004974772327158643,-0.07005325066748502,-0.032184424815554835,0.040391837789640256,-0.1280769358568314,-2.1473424480035086,1.9393989433101855,0.14369810391386867,-2.1355395593564266,-0.9028767506088394,1.4243530998982292,-4.285994574275393,0.2399827363178184,-0.011113122534416679,0.20513428308885262,close,1.239878419749216,58.73946105364597,1606,2.218627786155269,0.7825969763752143,False,1069,537,run+ledger,0.6549456867559094,this run,1.6220712428783,-1.21046950475033,False,False,False,False,False,False,0,6,False,True,underpowered,1987.0
us_etfs,4h,MIDPRICE_100,False,10,3.537759525439197,0.9440361786319954,0.05354614086748977,0.13376151811929882,-0.08021537725180905,0.7713618278758911,0.1921182266009852,1.3714150474820757,609,0.6445197138394182,1.490534927053709,-0.8460152132142907,-3.4355794870689023,0.0014385890981090665,0.11956765352962363,1.3596920196124902,9.999434708875071,1769,2023-02-10,2026-08-25,0.08676239993211161,0.11109349480147013,-0.07129799416033378,-0.12952080687813716,0.17279207155734722,12026.599532923972,17574.676013236298,0.06394429815533723,-0.01108801165093208,0.24625109574631812,0.0005,-1.3604591306848945,-0.4147106366494736,-0.5053240132972692,,,1,-0.505324,0.7809854221181947,-0.1022717779194241,15591.385389191182,False,-3564.7858562672095,0.0,0.0029173022418286236,0.056808983186902307,0.9440361786319954,1.3273794811276955,0.7510188960866987,-0.5763605850409969,SPY,0.21037381520456644,19649.4012312515,1.4288247116075652,0.1405684051184841,-0.18709518091808564,0.617225470111724,0.1277116350933789,-0.11908494222268928,-0.07416549422588914,0.7861015660009285,False,1.0,12026.599532923972,-0.07129799416033378,False,0.12926613309243695,1.6283178246803562,0.10345751186080987,0.21758422163050617,848,-0.05355282387263442,0.21829826172423883,0.017242764182732975,-0.027025469906745064,-0.0491732252858613,0.004558940083468022,-0.2190392681670518,-0.7857497063757697,3.4108869346972464,0.43982936842620457,-0.6730402561407198,-1.091860080468473,0.15502074641868344,-6.93119467101388,0.17392740457076084,0.08582960332705285,0.22072217861601917,close,0.6586889411804174,25.85544043335328,1606,2.218627786155269,0.8888422738102262,False,1069,537,run+ledger,0.6549456867559094,this run,1.4877006853447827,-0.8431809715053645,False,False,False,False,False,False,0,6,False,True,underpowered,2000.0
us_etfs,4h,MIDPOINT_100,False,10,3.537759525439197,0.9440361786319954,0.052699649911297275,0.13416666658406506,-0.08146701667276779,0.7681998735612744,0.19457735247208932,1.3714573612537913,627,0.6336487356387298,1.490534927053709,-0.8568861914149791,-3.1889812763914787,0.001344778664818691,0.11422198603441937,1.3026843061652738,9.999434708875071,1769,2023-02-10,2026-08-25,0.08701702193518941,0.11109349480147013,-0.09070854784891103,-0.12952080687813716,0.17279207155734722,11992.44902934204,17574.676013236298,0.05956931276220345,-0.010493218890823311,0.26870217073980335,0.0005,-1.4205778570307919,-0.39863792813299287,-0.2910845123675858,,,1,-0.291085,0.783277383529012,-0.10256013452463475,15611.105185095399,False,-3618.656155753359,0.0,0.002994808545555988,0.05590955545432097,0.9440361786319954,1.3273794811276955,0.5809777706845953,-0.7464017104431002,SPY,0.21037381520456644,19649.4012312515,1.4288247116075652,0.1405684051184841,-0.18709518091808564,0.6190368444590617,0.1280969285756941,-0.11941706831003007,-0.07539727866439683,0.782922630632538,False,1.0,11992.44902934204,-0.09070854784891103,False,0.12186784713647207,1.5338520555908814,0.12506605321626907,0.2200789645184933,848,-0.056803956458336594,0.21157026528737766,0.020988351795709098,-0.040049138588813274,-0.05725897430570324,-0.0001633855787991044,-0.22082228773070747,-0.8384141549037607,3.3067895625530297,0.5297650480555683,-0.9889769917999306,-1.2970665124241596,-0.0056128350330046616,-6.988115994953416,0.19268256210648715,0.06766434070749983,0.2220200677023909,close,0.6624438974871548,25.62199759104614,1606,2.218627786155269,0.8848941300893789,False,1069,537,run+ledger,0.6549456867559094,this run,1.4877006853447827,-0.8540519497060529,False,False,False,False,False,False,0,6,False,True,underpowered,2000.0
us_etfs,4h,TSF_9~WILLR|and,False,10,3.537759525439197,0.419000062810125,0.0061479677688118795,0.08828701108683279,-0.08213904331802091,0.757578297949719,0.4085826533695981,1.036066317584444,3309,0.13470808368674683,1.490534927053709,-1.355826843366962,-3.1338483373997543,4.0463367473875245e-05,0.04370777516251213,0.6872324927713204,9.999434708875071,1769,2023-02-10,2026-08-25,0.0578905846969036,0.11109349480147013,-0.1050663919376954,-0.12952080687813716,0.17279207155734722,10219.20239368021,17574.676013236298,0.009379330316332826,-0.006254176621035024,0.432639584751549,0.0,-2.254565192581781,-0.5481472592122769,-1.992069744026237,,,1,-1.992070,0.5210978806667041,-0.06913195921013127,13489.30192606767,False,-3270.099532387458,0.0,0.01193557026612333,0.01473554475260297,0.419000062810125,1.2650509993438306,0.05851507466305341,-1.2065359246807772,SPY,0.21037381520456644,19649.4012312515,1.4288247116075652,0.1405684051184841,-0.18709518091808564,0.41183212293052657,0.08440752227525894,-0.08077626283634609,-0.07825955450644706,0.7672101191115387,False,1.0,10219.20239368021,-0.1050663919376954,False,0.041083241367748595,0.6830892580955986,0.4945504427276779,0.01979034105459143,848,-0.015545023844982731,0.06387409196153188,-0.013580549129926501,1.1596504008213205e-05,-0.02181110434966671,0.008264593876164343,0.03098649053721683,-0.44948578980808374,1.1006053631522843,-0.3483999732568479,0.00030586543246973765,-0.733709564885149,0.4857916675069506,1.0706285239819537,0.49193623165053757,-0.023226598877077398,0.020298039134235224,close,2.0359170531374966,63.791421468473004,1606,2.218627786155269,0.6005589677165591,False,1069,537,run+ledger,0.6549456867559094,this run,1.6292149835283305,-1.4945068998415836,False,False,False,False,False,False,0,6,False,True,underpowered,2000.0
us_etfs,4h,ssl_hybrid,False,10,3.537759525439197,0.7698134539287733,0.017069514507411787,0.10006397239494924,-0.08299445788753745,0.757666471018632,0.4411764705882353,1.2715747691865726,68,0.29142272535238245,1.490534927053709,-1.1991122017013265,-2.265768969081983,0.00015049644723363897,-0.013520694783585717,-0.22140239796018246,9.999434708875071,1769,2023-02-10,2026-08-25,0.06542490992096657,0.11109349480147013,-0.1309329151657911,-0.12952080687813716,0.17279207155734722,10617.072577334706,17574.676013236298,0.11476509700268207,-0.0712533986557828,0.5292296867262545,0.012,-2.216606061030798,-0.15608013854038907,-2.953443982025757,,,1,-2.953444,0.5889175602755525,-0.0778650163532083,14012.857878032743,False,-3395.7853006980376,0.0,0.0010161308500401577,0.022229936123566052,0.7698134539287733,1.3065717813699,0.13036839885370205,-1.176203382516198,SPY,0.21037381520456644,19649.4012312515,1.4288247116075652,0.1405684051184841,-0.18709518091808564,0.465431117795072,0.09563349891958128,-0.09089791947472892,-0.0785639844121695,0.768561251864499,False,1.0,10617.072577334706,-0.1309329151657911,False,0.010857028667474154,0.1787406940567028,0.8581413144539585,0.06761051728105172,848,0.030214735774517724,-0.016462677905737057,0.06771338060783572,-0.09332399997819314,-0.006784873078637661,-0.029076265452977746,-0.09764148335621507,1.170033158365397,-0.5417746686587439,2.5488401536965988,-3.0347772443329752,-0.17997142231091132,-1.7157009370385563,-4.576886189068609,0.8247791254566164,0.2157379742123327,0.10155575760249647,close,-0.37113361149038543,9.724812916376147,1606,2.218627786155269,0.7076591002762073,False,1069,537,run+ledger,0.6549456867559094,this run,1.5342532839678333,-1.2428305586154509,False,False,False,False,False,False,0,6,False,True,underpowered,2000.0
us_etfs,4h,TSF_9~WILLR|vote,False,10,3.537759525439197,0.4219395766597575,0.005539985124227487,0.08853487767567936,-0.08299489255145187,0.7553512199033868,0.40906362545018005,1.034035029323871,3332,0.12408510299115237,1.490534927053709,-1.3664498240625567,-3.1483441991273944,3.7508767276484e-05,0.039252294290635883,0.6139773202294736,9.999434708875071,1769,2023-02-10,2026-08-25,0.058049583207379116,0.11109349480147013,-0.10506639193769785,-0.12952080687813716,0.17279207155734722,10197.373002645403,17574.676013236298,0.00938231247976336,-0.006280941977904923,0.4340217389322573,0.0,-2.2631963654669227,-0.5585327113191701,-1.992069744026237,,,1,-1.992070,0.5225290941752868,-0.06931687757651306,13500.174136145166,False,-3302.801133499764,0.0,0.012020482767786079,0.013179667265208028,0.4219395766597575,1.265396650238201,0.05272842268641509,-1.212668227551786,SPY,0.21037381520456644,19649.4012312515,1.4288247116075652,0.1405684051184841,-0.18709518091808564,0.41296323422357634,0.08464387277841712,-0.08099077894803197,-0.07910388765418963,0.7649812548829753,False,1.0,10197.373002645403,-0.10506639193769785,False,0.03699366762104445,0.6124175586887138,0.540261527534708,0.01996682636312086,848,-0.013780608050651547,0.06498387303239395,-0.014572253049354705,0.0008517247423858905,-0.024324990790191712,0.006516079781086329,0.029476323754778138,-0.39637018847581423,1.1176741641699597,-0.3738799342488934,0.02246795566065294,-0.8165810712307784,0.38069865206696374,1.0200329626323008,0.5392303143221981,-0.019988394042529674,0.02034151595235323,close,2.0184815873068853,63.120291293876,1606,2.218627786155269,0.5927349310919657,False,1069,537,run+ledger,0.6549456867559094,this run,1.6278733821542477,-1.5037882791630954,False,False,False,False,False,False,0,6,False,True,underpowered,2000.0
us_etfs,4h,LINEARREG_INTERCEPT_200,False,10,3.537759525439197,0.8875070661390615,0.04406518262325454,0.1291926307703406,-0.08512744814708606,0.7578324065265367,0.1728395061728395,1.6409454670314392,243,0.5560238283726159,1.490534927053709,-0.934511098681093,-3.4739537999030006,0.0009397468619470883,0.03259232976914516,0.4204537248768748,9.999434708875071,1769,2023-02-10,2026-08-25,0.08388792075499481,0.11109349480147013,-0.10194895914399182,-0.12952080687813716,0.17279207155734722,11648.065174206204,17574.676013236298,0.1269406685401791,-0.016164410303256948,0.26900504511809753,0.0005,-1.451778825728261,-0.3860141474789656,-1.9022659093527565,,,1,-1.902266,0.7551110072188016,-0.09901174674195423,15370.238952427706,False,-3722.1737782215027,0.0,0.0014520477768240501,0.04978742928793012,0.8875070661390615,1.3206154629391313,0.43222788141482893,-0.8883875815243024,SPY,0.21037381520456644,19649.4012312515,1.4288247116075652,0.1405684051184841,-0.18709518091808564,0.5967764995575378,0.12336602291083798,-0.11532861428624519,-0.07930084028758344,0.771829969237215,False,1.0,11648.065174206204,-0.10194895914399182,False,0.07147436555199538,0.9702241682153826,0.33193476643926667,0.18024825854688353,848,0.025232660633432796,0.17613416002828533,0.0642294409950431,-0.06498116652747962,-0.015314867444166644,0.11760362837314019,-0.13049442103507475,0.36118045678251826,3.3647266486328924,2.169736105035306,-1.9391283394947478,-0.321258874162634,3.6019470123398722,-3.5971669509181563,0.6741540277655491,0.3440982358292707,0.23517003575890005,close,-0.3711500024367005,14.986920705740259,1606,2.218627786155269,0.8507421283288265,False,1069,537,run+ledger,0.6549456867559094,this run,1.4896273775372444,-0.9336035491646285,False,False,False,False,False,False,0,6,False,True,underpowered,2000.0
us_etfs,4h,FLOOR~MAXINDEX|gate,False,10,3.537759525439197,0.8399346774700082,0.029499898259179202,0.1149075852595387,-0.0854076870003595,0.7543086335870764,0.30463215258855586,1.0999976420123216,1835,0.4257053869523438,1.490534927053709,-1.0648295401013652,-2.1323343204947394,0.0003437104514973366,0.1177914175048009,1.590778696627821,9.999434708875071,1769,2023-02-10,2026-08-25,0.07486344613248089,0.11109349480147013,-0.10778627351512593,-0.12952080687813716,0.17279207155734722,11083.293690177805,17574.676013236298,0.02241875856304977,-0.00892855008613378,0.49937269679845786,0.0075,-2.0910874694548887,-0.1310989208603556,-1.5419098492562424,,,1,-1.541910,0.6738778563611287,-0.08872041465323899,14693.31411132306,False,-3610.0204211452547,0.0,0.007266630764298722,0.035219605031067136,0.8399346774700082,1.3149324741573316,0.27368882230666786,-1.0412436518506638,SPY,0.21037381520456644,19649.4012312515,1.4288247116075652,0.1405684051184841,-0.18709518091808564,0.5325766203961625,0.10977157676685234,-0.10345304288359247,-0.08027167850767314,0.766731402759225,False,1.0,11083.293690177805,-0.10778627351512593,False,0.1141757586105856,1.5879616387778492,0.1122950138532679,0.09058525920481186,848,-0.07283459968751875,0.11666248386119962,-0.0603281680877641,0.0098548461097802,0.01736602127384844,-0.034725639814032074,-0.10605883231891514,-1.3797033085391646,2.143753758735568,-1.663275497060671,0.291791234251966,0.44265832785318776,-1.3131485432622074,-3.9401658837926377,0.11165938890166127,-0.03199785766898181,0.09116040182601115,close,0.802070952889769,19.14544275590399,1606,2.218627786155269,0.7898756398473223,False,1069,537,run+ledger,0.6549456867559094,this run,1.5076654080263725,-1.0819600210740288,False,False,False,False,False,False,0,6,False,True,underpowered,2000.0
us_etfs,4h,CEIL~MAXINDEX|gate,False,10,3.537759525439197,0.840104264807487,0.02927324041240431,0.11498421047720964,-0.08571097006480533,0.7535380455815681,0.3044189852700491,1.0992800986145264,1833,0.42253876700441,1.490534927053709,-1.0679961600492989,-2.135577111893615,0.00033662520146393593,0.11904530042740868,1.606281150006987,9.999434708875071,1769,2023-02-10,2026-08-25,0.07491200589683819,0.11109349480147013,-0.10902429085690923,-0.12952080687813716,0.17279207155734722,11074.663501845525,17574.676013236298,0.02246026691056466,-0.00894191550105278,0.5000972121780737,0.007,-2.0997612073832896,-0.1316056025638602,-1.5712828706057507,,,1,-1.571283,0.6743149635422835,-0.08877602068317969,14696.886994336543,False,-3622.2234924910167,0.0,0.007263351841382105,0.03494108306559096,0.840104264807487,1.3149527176488773,0.2685020024649779,-1.0464507151838993,SPY,0.21037381520456644,19649.4012312515,1.4288247116075652,0.1405684051184841,-0.18709518091808564,0.53292207330442,0.1098445279375555,-0.10351728010844274,-0.08057128752515119,0.7659562324413685,False,1.0,11074.663501845525,-0.10902429085690923,False,0.11545047137760812,1.6041505381552816,0.10868087428727757,0.09064799172773275,848,-0.07274721029634354,0.11648650144403887,-0.060278984950705466,0.009802041419620433,0.017656180900955144,-0.034853340020886206,-0.10625337266299413,-1.377822603932301,2.139914492629945,-1.6621343117018808,0.2901734987338372,0.4502259907067981,-1.3180292472657393,-3.9481448958941434,0.10821215012076979,-0.03181351771425994,0.09121631821164111,close,0.7975229693999918,19.107907022501426,1606,2.218627786155269,0.7881228108659883,False,1069,537,run+ledger,0.6549456867559094,this run,1.5076011055675387,-1.0850623385631286,False,False,False,False,False,False,0,6,False,True,underpowered,2000.0
us_etfs,4h,TRIMA_200,False,10,3.537759525439197,0.8875070661390615,0.04218697538217797,0.13123770961135395,-0.08905073422917598,0.7482153888427447,0.19607843137254902,1.3878734592496178,408,0.5277490726289035,1.490534927053709,-0.9627858544248055,-3.3142711363225223,0.00077502300537452,0.08346479631433101,1.0845105566807978,9.999434708875071,1769,2023-02-10,2026-08-25,0.0851752690248394,0.11109349480147013,-0.10354931833170056,-0.12952080687813716,0.17279207155734722,11574.103549003414,17574.676013236298,0.06876320069917605,-0.012084323865318785,0.29049700969640696,0.0035,-1.553034492187015,-0.3804968314578319,-1.7277142189336891,,,1,-1.727714,0.7666989788830755,-0.1004728376419991,15468.94613716103,False,-3894.8425881576163,0.0,0.002115819359835525,0.047659800276339315,0.8875070661390615,1.3206154629391313,0.4074094939673095,-0.9132059689718218,SPY,0.21037381520456644,19649.4012312515,1.4288247116075652,0.1405684051184841,-0.18709518091808564,0.6059346618683322,0.12531130491243792,-0.1170124682257403,-0.08312432953025994,0.7622491433820702,False,1.0,11574.103549003414,-0.10354931833170056,False,0.10573389974685495,1.4627813873140294,0.14352720765991522,0.18288499690576143,848,-0.022608926083717756,0.17938086389464644,0.04831081341261868,-0.04869644268654115,0.010401931949611514,0.06338014218936733,-0.19138916158534805,-0.3707399345689022,3.8104613201421107,1.532126970007071,-1.4035469718947748,0.221307246158695,1.9764440415584377,-5.539697000006024,0.2781384888819338,0.19707710901317696,0.20024858325876427,close,-0.2804112640589431,18.585258609178556,1606,2.218627786155269,0.8383969176909247,False,1069,537,run+ledger,0.6549456867559094,this run,1.4896273775372444,-0.9618783049083409,False,False,False,False,False,False,0,6,False,True,underpowered,2000.0
us_etfs,4h,WILLR~HT_TRENDMODE|gate,False,10,3.537759525439197,0.5863073927517115,0.012506220081898167,0.1025560596824191,-0.09004983960052093,0.7397625690794286,0.3983516483516483,1.0541704458349948,1820,0.21895387261536536,1.490534927053709,-1.2715810544383435,-2.461958384445415,8.504696403388579e-05,0.05350112863914696,0.8200669786158716,9.999434708875071,1769,2023-02-10,2026-08-25,0.06701398622840463,0.11109349480147013,-0.14205220124285522,-0.12952080687813716,0.17279207155734722,10449.506107644573,17574.676013236298,0.013905033738363964,-0.008733435113720043,0.5164916931464631,0.013,-2.222198573002794,-0.1746885901851441,-1.2129049409145745,,,1,-1.212905,0.603221514888537,-0.07969923148185598,14125.486398491466,False,-3675.980290846894,0.0,0.006940834504026356,0.0214244812135016,0.5863073927517115,1.284786499275226,0.08803960778134855,-1.1967468914938775,SPY,0.21037381520456644,19649.4012312515,1.4288247116075652,0.1405684051184841,-0.18709518091808564,0.47673576556495056,0.09800799580812214,-0.09302138883139865,-0.08550177572622397,0.7506599752873994,False,1.0,10449.506107644573,-0.14205220124285522,False,0.054150431284837715,0.8758885405449617,0.381090629866883,0.11087790174571122,848,-0.09244526572124083,0.13974287562588725,-0.03100625932465101,0.012349538326807755,-0.02581745905036611,-0.0075058096294396545,-0.0784991004323429,-1.7929819684942003,2.3345041399395146,-1.0253044457149236,0.3750797123412675,-0.7676526364258435,-0.3388138695761217,-3.5192980653499037,0.41217792553864974,0.005746198479659173,0.1109010733138246,close,0.09515058749230913,48.20932150715089,1606,2.218627786155269,0.6597098218261931,False,1069,537,run+ledger,0.6549456867559094,this run,1.5746067092842972,-1.355652836668932,False,False,False,False,False,False,0,6,False,True,underpowered,2000.0
us_etfs,4h,ADXR,False,10,3.537759525439197,0.9666478236291689,0.02486393480794935,0.11510365226220154,-0.09023971745425219,0.7418986023387194,0.5246781115879828,1.0947992339789243,932,0.36493392417449316,1.490534927053709,-1.1256010028792158,-2.0312485299060046,0.00022730857190084164,0.032309198012336164,0.4292364561604429,9.999434708875071,1769,2023-02-10,2026-08-25,0.07498769652894087,0.11109349480147013,-0.1417723335951977,-0.12952080687813716,0.17279207155734722,10907.732723897283,17574.676013236298,0.023098380353206993,-0.023289071621568007,0.5541424332409499,0.0185,-2.2539925439741864,-0.06084052115236826,-1.296211888026878,,,1,-1.296212,0.6749962872528927,-0.08886268944800102,14702.457572385714,False,-3794.7248484884312,0.0,0.0047251896878511045,0.025732759131030347,0.9666478236291689,1.3300883777729606,0.175379315395508,-1.1547090623774525,SPY,0.21037381520456644,19649.4012312515,1.4288247116075652,0.1405684051184841,-0.18709518091808564,0.5334605345044235,0.10995824204149884,-0.10361740010148046,-0.0850943072335495,0.7541374168528586,False,1.0,10907.732723897283,-0.1417723335951977,False,0.03295634711155151,0.4490303295838538,0.6534097776930723,0.012695499156646806,848,0.008035314491528122,-0.03389764398945265,-0.04467218165026267,0.026249463833957955,0.019662463170103745,-0.021418545733057834,0.014406129888830157,0.12830479071724787,-0.885869629632287,-1.3256984882378098,0.7271050628961707,0.4872505242993429,-0.76227285773648,0.33167549538834357,0.6677511548840067,0.005727140024307192,0.012714505675525234,close,0.8175698728926707,25.868094587534543,1606,2.218627786155269,0.7549824477017731,False,1069,537,run+ledger,0.6549456867559094,this run,1.4877006853447827,-1.1227667611702896,False,False,False,False,False,False,0,6,False,True,underpowered,2000.0
us_etfs,4h,MULT~HT_TRENDMODE|gate,False,10,3.537759525439197,0.5864204509766974,0.017874661051598073,0.10822008037332975,-0.09034541932173168,0.7401921661671887,0.40325865580448067,1.0907157099087301,1473,0.28615760350519104,1.490534927053709,-1.2043773235485178,-3.2290899264759014,0.00013781708059296127,0.0995901529818616,1.511116243941976,9.999434708875071,1769,2023-02-10,2026-08-25,0.07061893725339437,0.11109349480147013,-0.09812247727569723,-0.12952080687813716,0.17279207155734722,10646.836734756553,17574.676013236298,0.014730980611161643,-0.009126781624740014,0.37297732518181265,0.0,-1.8988763217335294,-0.4387090685156475,-0.7876039854846069,,,1,-0.787604,0.6356712189097489,-0.08385039273010664,14383.881944991741,False,-3737.0452102351883,0.0,0.00571487254223048,0.030672755363726267,0.5864204509766974,1.2847998774794678,0.1821668342246923,-1.1026330432547755,SPY,0.21037381520456644,19649.4012312515,1.4288247116075652,0.1405684051184841,-0.18709518091808564,0.5023812939605466,0.10340346287320257,-0.0978241029109892,-0.0855288018216045,0.7516865281142232,False,1.0,10646.836734756553,-0.09812247727569723,False,0.09151226681184196,1.435218518052624,0.15122483829359812,0.1561668433162715,848,-0.11539250694990785,0.1521890623781357,-0.044805532994433156,0.014011694149725723,-0.029414905785721562,-0.012014379319851989,-0.10769478129047069,-1.8885371936351447,2.4368891357748614,-1.4712793088505853,0.4159614339762502,-0.7898953524750059,-0.45099027485432136,-3.8062803038979003,0.13075883675306876,-0.07148767610464,0.1595021675588334,close,0.2875537879483258,44.67217339232769,1606,2.218627786155269,0.7049149223520721,False,1069,537,run+ledger,0.6549456867559094,this run,1.5745837984430955,-1.2884261949379043,False,False,False,False,False,False,0,6,False,True,underpowered,2000.0
us_etfs,4h,ADD~HT_TRENDMODE|gate,False,10,3.537759525439197,0.5864204509766974,0.01761852521882923,0.10823301650236883,-0.0906144912835396,0.7395028931830566,0.40216655382532157,1.0894735416077852,1477,0.28256910393566986,1.490534927053709,-1.207965823118039,-3.1906371025281186,0.00013426034691293998,0.09839783414460711,1.4900314918614403,9.999434708875071,1769,2023-02-10,2026-08-25,0.07062716005458353,0.11109349480147013,-0.0972722358679754,-0.12952080687813716,0.17279207155734722,10637.361581005187,17574.676013236298,0.014750296473813986,-0.009107722782630652,0.37859705892622536,0.0,-1.9078313602357007,-0.4221936958515516,-0.7768339803214239,,,1,-0.776834,0.6357452358556003,-0.08385984571610783,14384.475948726295,False,-3747.114367721107,0.0,0.005727818646559467,0.03023052436174023,0.5864204509766974,1.2847998774794678,0.18112594063060614,-1.1036739368488617,SPY,0.21037381520456644,19649.4012312515,1.4288247116075652,0.1405684051184841,-0.18709518091808564,0.5024397907556283,0.10341578359403747,-0.09783503472100374,-0.08579725837520824,0.7509878978941387,False,1.0,10637.361581005187,-0.0972722358679754,False,0.09037772481375653,1.4149699727577543,0.1570773001773591,0.1553087951346206,848,-0.114546706977129,0.1529685424642639,-0.046134801332618366,0.015417737379028643,-0.028494556545365635,-0.01155375404077839,-0.10783456047242179,-1.8702700602461424,2.4468758904291605,-1.5139689414183868,0.45835660301117614,-0.7665425989072008,-0.4331898633321783,-3.809796232690605,0.1362159557565641,-0.07097636263996197,0.15859548236009746,close,0.28664040120700474,44.652236784319825,1606,2.218627786155269,0.7025788614294955,False,1069,537,run+ledger,0.6549456867559094,this run,1.5745837984430955,-1.2920146945074256,False,False,False,False,False,False,0,6,False,True,underpowered,2000.0
us_etfs,4h,range_filter_macd,False,10,3.537759525439197,0.26807989447899,-0.021536188375561705,0.06922798491639459,-0.0907641732919563,0.7306440833788661,0.40540540540540543,0.6405942015026083,148,-0.45453263994595605,1.490534927053709,-1.9450675669996649,-5.397844580441306,2.3014930805587142e-07,0.02768758325791117,0.6841956697906264,9.999434708875071,1769,2023-02-10,2026-08-25,0.04560873191200228,0.11109349480147013,-0.10722331031161514,-0.12952080687813716,0.17279207155734722,9258.69254782362,17574.676013236298,0.024323648468437726,-0.025888941446915812,0.3603415285515027,0.0,-2.7112550031757543,-1.2997142136482198,-2.08127353897157,,,1,-2.081274,0.4105436775889305,-0.054766512012510926,12671.959930212211,False,-3413.2673823885907,0.0,0.0008955978725539776,-0.07800238431458328,0.26807989447899,1.2473592647947653,-0.20085360462172527,-1.4482128694164906,SPY,0.21037381520456644,19649.4012312515,1.4288247116075652,0.1405684051184841,-0.18709518091808564,0.32445933973255947,0.06622361243383357,-0.06408589611104176,-0.08775980080939527,0.7379536546958171,False,1.0,9258.69254782362,-0.10722331031161514,False,0.020564176462204414,0.5265876893616315,0.5984799427619125,0.2867968811718373,848,-0.12574463656288018,0.07192155242543538,-0.012539773774533376,-0.021302206293866068,-0.04102785027281424,-0.010190761474344097,-0.08635442214699104,-4.025605302337973,2.318439157657581,-0.6662696438523229,-1.198039656503371,-1.9258907225841262,-0.7442947057109631,-5.813966448863566,0.4938516162543176,-0.06304072464688354,0.2926771121755686,close,-0.5109231472474939,41.51929823921458,1606,2.218627786155269,0.19562640021575162,False,1069,537,run+ledger,0.6549456867559094,this run,1.6980953207429925,-2.1526279606889487,False,False,False,False,False,False,0,6,False,True,underpowered,2000.0
us_etfs,4h,ADD~MAXINDEX|gate,False,10,3.537759525439197,0.8508510771936436,0.026150544640902273,0.11780918800704243,-0.09165864336614016,0.7388374519837201,0.3248369887374037,1.093618910674079,1687,0.37483447434309236,1.490534927053709,-1.1157004527106165,-2.539421494184377,0.00024489076599137904,0.0980027123002005,1.2749368298672767,9.999434708875071,1769,2023-02-10,2026-08-25,0.07670112446472904,0.11109349480147013,-0.09682014356867641,-0.12952080687813716,0.17279207155734722,10956.254328479536,17574.676013236298,0.02231717143773483,-0.009818157003236412,0.43935221280347647,0.0025,-2.0229461636404,-0.27019674580943925,-0.8809679563135238,,,1,-0.880968,0.6904195839891252,-0.09082301654371472,14829.045683949642,False,-3872.7913554701067,0.0,0.006762778301128546,0.030804516735056575,0.8508510771936436,1.3162357810475582,0.27009404940980264,-1.0461417316377557,SPY,0.21037381520456644,19649.4012312515,1.4288247116075652,0.1405684051184841,-0.18709518091808564,0.5456498165436124,0.11253382397574052,-0.10588147404277637,-0.08638327933483825,0.7513063460816914,False,1.0,10956.254328479536,-0.09682014356867641,False,0.09477699511601673,1.2765082828806718,0.20177590071633578,0.09869981194936672,848,-0.07970155963570924,0.12522284830143215,-0.06824428133299074,0.015317526065853085,0.018702972732380346,-0.028501704779848563,-0.11667320778826781,-1.5193632600605214,2.3498256435987708,-1.8558180991858206,0.43733850516961703,0.4650166570252835,-1.072883300068096,-4.233180007356985,0.20233160186541044,-0.02854695156809075,0.09913372595244885,close,0.7289839482579065,17.89211248161665,1606,2.218627786155269,0.7607586290458497,False,1069,537,run+ledger,0.6549456867559094,this run,1.5035262349355216,-1.1286917605924294,False,False,False,False,False,False,0,6,False,True,underpowered,2000.0
us_etfs,4h,CDL3OUTSIDE,False,10,3.537759525439197,0.18492557000188434,-0.03939592412243842,0.05244868449929729,-0.09184460862173571,0.7239437501893289,0.44548872180451127,0.7015731717136912,532,-1.1407277699163345,1.490534927053709,-2.6312626969700434,-4.804659679576628,1.3106182805699973e-13,-0.08634341995795027,-1.5843117057489269,9.999434708875071,1769,2023-02-10,2026-08-25,0.03470173680135521,0.11109349480147013,-0.15317475307207296,-0.12952080687813716,0.17279207155734722,8674.538390327785,17574.676013236298,0.013426265942784439,-0.015374769097552133,0.5476480900728233,0.0,-3.6638228808982314,-1.5140986419480307,-2.6957047535341725,,,1,-2.695705,0.3123651557039323,-0.04187388051480179,11982.337561529032,False,-3307.7991712012454,0.0,0.0021320750314657052,-0.19534898332159834,0.18492557000188434,1.2376585068659174,-0.2571959368780673,-1.4948544437439848,SPY,0.21037381520456644,19649.4012312515,1.4288247116075652,0.1405684051184841,-0.18709518091808564,0.24686725848604005,0.050197714267191884,-0.04906394929592828,-0.0895936383896303,0.7294481839785893,False,1.0,8674.538390327785,-0.15317475307207296,False,-0.08227375631722819,-1.7027676818244601,0.08861155313382651,0.02915726501089655,848,0.03232356305043299,-0.048220739826069975,0.020955239860728815,-0.0027237142171082787,0.019360777792135388,-0.015618540249161705,0.00012910908591878118,1.0044849511163378,-1.8460158111964247,0.9782843311863741,-0.17231463294446034,1.2161833857411255,-1.3468536715058612,0.010594950293176416,0.11312280328735458,0.03601570882275285,0.03238394141061729,close,-6.713138385778513,137.2764584776471,1606,2.218627786155269,0.006512097124272587,False,1069,537,run+ledger,0.6549456867559094,this run,1.7033613928032278,-2.8440891627195626,False,False,False,False,False,False,0,6,False,True,underpowered,2000.0
us_etfs,4h,WMA_200,False,10,3.537759525439197,0.8875070661390615,0.0404200597852189,0.13299834100549135,-0.09257828122027245,0.7396566599510144,0.17537942664418213,1.3152770797163775,593,0.5023057192994164,1.490534927053709,-0.9882292077542926,-3.378140011462246,0.000583626300054152,0.10340590706823419,1.2177727555301847,9.999434708875071,1769,2023-02-10,2026-08-25,0.08628264827192383,0.11109349480147013,-0.08969882691064945,-0.12952080687813716,0.17279207155734722,11504.832563357788,17574.676013236298,0.0598055251579891,-0.009670491252281551,0.29253648587718906,0.0005,-1.6044096648525765,-0.47280645413706457,-1.2047553844324264,,,1,-1.204755,0.7766669725001939,-0.10172827984312527,15554.287801748076,False,-4049.455238390289,0.0,0.0027792524270703603,0.04565868579703758,0.8875070661390615,1.3206154629391313,0.4506197146310733,-0.869995748308058,SPY,0.21037381520456644,19649.4012312515,1.4288247116075652,0.1405684051184841,-0.18709518091808564,0.6138125292038195,0.1269858340168788,-0.11845888984333464,-0.0865657742316599,0.7537117511034709,False,1.0,11504.832563357788,-0.08969882691064945,False,0.11508748115022967,1.5006014353222437,0.1334586798867241,0.194767580778076,848,-0.059915552443083234,0.19332798536967066,0.023702619048698206,-0.040627073495816526,-0.008718800649917108,0.02987459631172846,-0.20608628060836176,-0.8738173254388917,2.9340641163022654,0.6005674718230846,-1.0284676905595327,-0.20058946918638892,1.0052131568176725,-6.790182795181525,0.22331034024363405,0.10337959297636645,0.19939956123975333,close,0.6762499047737773,26.68970272490874,1606,2.218627786155269,0.8289974550686009,False,1069,537,run+ledger,0.6549456867559094,this run,1.4896273775372444,-0.987321658237828,False,False,False,False,False,False,0,6,False,True,underpowered,2000.0
us_etfs,4h,MULT~MAXINDEX|gate,False,10,3.537759525439197,0.8508510771936436,0.025052511947284417,0.11784337439730397,-0.09279086245001955,0.7359646867136928,0.3258160237388724,1.0901473730060327,1685,0.36079520107870006,1.490534927053709,-1.1297397259750088,-2.539219175249404,0.00022221080819040395,0.09887612761881759,1.2860810587467997,9.999434708875071,1769,2023-02-10,2026-08-25,0.07672276167130797,0.11109349480147013,-0.09703808715728945,-0.12952080687813716,0.17279207155734722,10914.83482785203,17574.676013236298,0.022184228451429464,-0.009834519129238134,0.44491619194867055,0.0025,-2.033866576196645,-0.2672536787150234,-0.9711977832193468,,,1,-0.971198,0.6906143497278175,-0.09084775181908256,14830.650199522619,False,-3915.81537167059,0.0,0.006757407566657665,0.029508274385309896,0.8508510771936436,1.3162357810475582,0.25817194754340833,-1.05806383350415,SPY,0.21037381520456644,19649.4012312515,1.4288247116075652,0.1405684051184841,-0.18709518091808564,0.545803743071844,0.11256636569383449,-0.10591003583862502,-0.08751385374655007,0.7483886289006939,False,1.0,10914.83482785203,-0.09703808715728945,False,0.09561653372274692,1.2875354734070286,0.197907713611702,0.09895269845033083,848,-0.08036157216299733,0.12452221023496216,-0.067117050381441,0.013919640841005991,0.018445650511535468,-0.028863260458825472,-0.116629901794034,-1.534723226887534,2.3371776371871325,-1.8235563653886637,0.39648528980147907,0.4574510562229394,-1.086826682082194,-4.227506754195149,0.19841477382053174,-0.028846753689077454,0.09939559144093058,close,0.7297375552084217,17.87523148969188,1606,2.218627786155269,0.7524045726200344,False,1069,537,run+ledger,0.6549456867559094,this run,1.5035262349355216,-1.1427310338568215,False,False,False,False,False,False,0,6,False,True,underpowered,2000.0
us_etfs,4h,CEIL~HT_TRENDMODE|gate,False,10,3.537759525439197,0.5812134916148483,0.009619486804356203,0.10546023204221067,-0.09584074523785446,0.725544288764241,0.3904945407835581,1.0489193897042965,1557,0.17344467348815823,1.490534927053709,-1.3170902535655507,-3.1196043446168367,6.058142414328005e-05,0.08551166366043018,1.3421135862201266,9.999434708875071,1769,2023-02-10,2026-08-25,0.06886354883456025,0.11109349480147013,-0.13511893076652626,-0.12952080687813716,0.17279207155734722,10344.488686144445,17574.676013236298,0.01473457675449714,-0.008999801249888894,0.42219785205720417,0.0,-2.103291192824463,-0.42857229579048084,-1.2497601427226264,,,1,-1.249760,0.6198702179423107,-0.08183075059708633,14257.556494260807,False,-3913.0678081163637,0.0,0.0060082027715385195,0.01660800117538952,0.5812134916148483,1.2841837943000618,0.07119273923931384,-1.212991055060748,SPY,0.21037381520456644,19649.4012312515,1.4288247116075652,0.1405684051184841,-0.18709518091808564,0.48989350612974275,0.1007746942369232,-0.09548799881188197,-0.091155207432567,0.7365292288257135,False,1.0,10344.488686144445,-0.13511893076652626,False,0.07874538739870468,1.2658191393490097,0.20557784120845302,0.1433034054442235,848,-0.11129367805954334,0.13982182037772561,-0.041758396848120556,0.0020544439645315132,-0.020518825241683674,-0.015991878872016578,-0.09554131455239549,-1.91961401967634,2.258424709707609,-1.3872026289821218,0.061683622111500094,-0.5639155848418692,-0.6316393578785431,-3.690144529039976,0.17955916934449667,-0.059880190888054,0.145782452968931,close,-0.04211021633297549,45.80602610457572,1606,2.218627786155269,0.6277786170851025,False,1069,537,run+ledger,0.6549456867559094,this run,1.5756389699628852,-1.402194296474727,False,False,False,False,False,False,0,6,False,True,underpowered,2000.0
us_etfs,4h,FLOOR~HT_TRENDMODE|gate,False,10,3.537759525439197,0.5811569625023554,0.00943280647617728,0.10544461511796932,-0.09601180864179204,0.7251060331266317,0.3903846153846154,1.048103873710244,1560,0.17077406191094607,1.490534927053709,-1.3197608651427628,-3.137449712970713,5.9342126929429195e-05,0.08468063638598912,1.3304778834614217,9.999434708875071,1769,2023-02-10,2026-08-25,0.06885360951285471,0.11109349480147013,-0.13511893076652637,-0.12952080687813716,0.17279207155734722,10337.723554163384,17574.676013236298,0.014716165480848245,-0.008991395731204816,0.4206476552234966,0.0,-2.103767710329371,-0.43894906606768647,-1.2499476815242847,,,1,-1.249948,0.6197807498620842,-0.08181930574794816,14256.84393989591,False,-3919.1203857325286,0.0,0.00601526937938419,0.016286205662368047,0.5811569625023554,1.2841771064665732,0.06981113913990587,-1.2143659673266674,SPY,0.21037381520456644,19649.4012312515,1.4288247116075652,0.1405684051184841,-0.18709518091808564,0.4898227980520836,0.10075981782948329,-0.09547475775740588,-0.09132701135330601,0.7360827426171627,False,1.0,10337.723554163384,-0.13511893076652637,False,0.07788640649952809,1.2534471139455539,0.21004303443959693,0.14326778276276786,848,-0.1113838799232951,0.13997306755069272,-0.041676804715494196,0.0020968559456413655,-0.020639759018464675,-0.015754222822390435,-0.09531596466846151,-1.9215939428735322,2.261372629245154,-1.384474355473282,0.06296464656565193,-0.5671990795629955,-0.6223240017890919,-3.680219068257742,0.1833608685624304,-0.06012757487304509,0.14576859031693767,close,-0.042175706397900525,45.831989596374314,1606,2.218627786155269,0.6258798103523406,False,1069,537,run+ledger,0.6549456867559094,this run,1.575650425383486,-1.4048763634725399,False,False,False,False,False,False,0,6,False,True,underpowered,2000.0
us_etfs,4h,ema_cross_sniper,False,10,3.537759525439197,0.9550593555681176,0.03580596866113073,0.1322639140879054,-0.09645794542677466,0.7297892594743776,0.28610354223433243,1.2460465678438584,367,0.45283159390261724,1.490534927053709,-1.0377033331510916,-3.599751636859163,0.0004578692888366209,0.10847895057186249,1.39178166915388,9.999434708875071,1769,2023-02-10,2026-08-25,0.08582082038979291,0.11109349480147013,-0.07905463668801671,-0.12952080687813716,0.17279207155734722,11325.34231854819,17574.676013236298,0.06691968535219481,-0.021523238827712163,0.2882708136099365,0.0005,-1.6115331530270134,-0.49084344541400077,-0.5602167857760995,,,1,-0.560217,0.7725098624645772,-0.10120485922854972,15518.647570539939,False,-4193.305251991748,0.0,0.002199486894005489,0.037522061124819706,0.9550593555681176,1.3286998362765792,0.45292686376431457,-0.8757729725122646,SPY,0.21037381520456644,19649.4012312515,1.4288247116075652,0.1405684051184841,-0.18709518091808564,0.6105270975896409,0.12628734459100444,-0.11785589414300968,-0.09048137592987371,0.743582009168893,False,1.0,11325.34231854819,-0.07905463668801671,False,0.11666223673124645,1.6098379489460357,0.10743323820120976,0.22475847620577938,848,-0.0655190029192799,0.17055321288243983,-0.0019786645761197957,-0.04704140832086444,-0.037680122440503686,-0.024301624338271925,-0.2388979430559671,-1.137406330752162,3.6091303712939564,-0.061036211367365936,-1.253374551775688,-0.89628012423821,-0.9120016748304843,-8.214160105531713,0.16398852250991336,0.0724204449184758,0.22705287970466248,close,-0.05788764454713607,19.74060927229975,1606,2.218627786155269,0.8023855757264614,False,1069,537,run+ledger,0.6549456867559094,this run,1.4877006853447827,-1.0348690914421654,False,False,False,False,False,False,0,6,False,True,underpowered,2000.0
us_etfs,4h,WMA_100,False,10,3.537759525439197,0.9440361786319954,0.03713304728559441,0.13396513228959317,-0.09683208500399876,0.7292189490079419,0.20846560846560847,1.2117145989776728,945,0.4630027702004527,1.490534927053709,-1.0275321568532563,-3.5269616305899256,0.00046342052327086325,0.13396871671745147,1.5825792844542692,9.999434708875071,1769,2023-02-10,2026-08-25,0.08689037005699858,0.11109349480147013,-0.07248266345542986,-0.12952080687813716,0.17279207155734722,11376.758972552501,17574.676013236298,0.040871050283438584,-0.008883417758187778,0.29133635816769277,0.0,-1.63777019943492,-0.4894282421715681,-1.2781852700743492,,,1,-1.278185,0.782137335874402,-0.10241671116422213,15601.293669109793,False,-4224.534696557292,0.0,0.0042020337058737,0.03937714583555718,0.9440361786319954,1.3273794811276955,0.5123024667605903,-0.8150770143671052,SPY,0.21037381520456644,19649.4012312515,1.4288247116075652,0.1405684051184841,-0.18709518091808564,0.6181358462718511,0.1279052719470981,-0.1192518774240261,-0.0907722246615037,0.7431741149017508,False,1.0,11376.758972552501,-0.07248266345542986,False,0.13286353257540515,1.6870475338980633,0.0915942122614739,0.2496937298284867,848,-0.10523015398639023,0.18949488872827921,0.007426018793148678,-0.034274326104385466,-0.04522356350567224,-0.024838049715597426,-0.2361641404745024,-1.6335070007721104,3.0909849036027963,0.19026708772959677,-0.8973314044214795,-1.0185553171196793,-0.8917171507725168,-8.284124597353202,0.11351738818454327,-0.00978065849402809,0.2497340569343126,close,0.4451259835437635,27.18561357992561,1606,2.218627786155269,0.8087819253787555,False,1069,537,run+ledger,0.6549456867559094,this run,1.4877006853447827,-1.02469791514433,False,False,False,False,False,False,0,6,False,True,underpowered,2000.0
us_etfs,4h,CCI,False,10,3.537759525439197,0.9926512153759185,0.03199610848081913,0.13268394988853238,-0.10068784140771325,0.7193925765739083,0.30750246791707797,1.0905401883594932,2026,0.408866517855309,1.490534927053709,-1.0816684091984,-3.5327015958939,0.00032826359049559217,0.10759376686808053,1.3249699333125171,9.999434708875071,1769,2023-02-10,2026-08-25,0.08608496841422021,0.11109349480147013,-0.11966370053436914,-0.12952080687813716,0.17279207155734722,11178.658416803166,17574.676013236298,0.022809092925080873,-0.00928745484865485,0.3061873129775908,0.0005,-1.690249271900629,-0.47765848502509894,-0.8292690371304433,,,1,-0.829269,0.7748875716625762,-0.1015042633302955,15539.023866553207,False,-4360.365449750041,0.0,0.00822899600111697,0.03223675950445459,0.9926512153759185,1.3332058887277538,0.2673835786285866,-1.0658223100991673,SPY,0.21037381520456644,19649.4012312515,1.4288247116075652,0.1405684051184841,-0.18709518091808564,0.6124062398065896,0.12668683057143393,-0.1182008247934967,-0.0946907220906148,0.7330310274480952,False,1.0,11178.658416803166,-0.11966370053436914,False,0.1022235527474371,1.2812636817979104,0.20010106487545665,0.08565688184127906,848,-0.11325200879551722,0.12460062047433254,-0.03969357686733348,-0.01772436146697793,0.01942113924270495,-0.01483802112886206,-0.0888298663278395,-2.0505659995218086,2.053281588789743,-1.0222829072481483,-0.46572165908551016,0.4574121109622094,-0.5485099087089794,-3.596480865581022,0.18518112383944252,-0.047525320311389,0.08665830125126328,close,0.2286313301223422,22.150638415797577,1606,2.218627786155269,0.7792747124448678,False,1069,537,run+ledger,0.6549456867559094,this run,1.4877006853447827,-1.0788341674894737,False,False,False,False,False,False,0,6,False,True,underpowered,2000.0
us_etfs,4h,MA_100,False,10,3.537759525439197,0.9440361786319954,0.034014462622205865,0.13472312341477144,-0.10070866079256557,0.7197876320027279,0.18895348837209303,1.226734887244168,688,0.42645343570706945,1.490534927053709,-1.0640814913466394,-3.2855287172588374,0.0003515829282643712,0.10022384814883954,1.1127757574814727,9.999434708875071,1769,2023-02-10,2026-08-25,0.08736666365876687,0.11109349480147013,-0.12154496380534874,-0.12952080687813716,0.17279207155734722,11256.19645581238,17574.676013236298,0.05512443026616699,-0.010468936145319718,0.32386917994569153,0.0,-1.7657625254043747,-0.5267545502717602,-0.7009203304462863,,,1,-0.700920,0.7864246580314685,-0.10295598922087124,15638.218768073693,False,-4382.022312261313,0.0,0.003260569600781668,0.03606683447110681,0.9440361786319954,1.3273794811276955,0.2798508597746525,-1.047528621353043,SPY,0.21037381520456644,19649.4012312515,1.4288247116075652,0.1405684051184841,-0.18709518091808564,0.6215241866415582,0.1286261004573066,-0.11987297537621455,-0.09461163783510074,0.7336384500125656,False,1.0,11256.19645581238,-0.12154496380534874,False,0.10410755630351046,1.260163200123863,0.2076104951031983,0.23078516623877954,848,-0.07577022375561289,0.1949041732986082,0.018322879326472113,-0.04231344602589891,-0.04129069634427589,-0.00854192266812731,-0.23430552664564674,-1.1101251860485997,3.1245500704270466,0.44256017954569915,-1.0782646168580585,-0.9851671245510313,-0.3032109918083211,-8.228260422671099,0.26580474959389466,0.03437003998354027,0.2312801269508502,close,0.6857996552402476,25.680118834140035,1606,2.218627786155269,0.7899553748205834,False,1069,537,run+ledger,0.6549456867559094,this run,1.4877006853447827,-1.0612472496377132,False,False,False,False,False,False,0,6,False,True,underpowered,2000.0
us_etfs,4h,SMA_100,False,10,3.537759525439197,0.9440361786319954,0.034014462622205865,0.13472312341477144,-0.10070866079256557,0.7197876320027279,0.18895348837209303,1.226734887244168,688,0.42645343570706945,1.490534927053709,-1.0640814913466394,-3.2855287172588374,0.0003515829282643712,0.10022384814883954,1.1127757574814727,9.999434708875071,1769,2023-02-10,2026-08-25,0.08736666365876687,0.11109349480147013,-0.12154496380534874,-0.12952080687813716,0.17279207155734722,11256.19645581238,17574.676013236298,0.05512443026616699,-0.010468936145319718,0.32386917994569153,0.0,-1.7657625254043747,-0.5267545502717602,-0.7009203304462863,,,1,-0.700920,0.7864246580314685,-0.10295598922087124,15638.218768073693,False,-4382.022312261313,0.0,0.003260569600781668,0.03606683447110681,0.9440361786319954,1.3273794811276955,0.2798508597746525,-1.047528621353043,SPY,0.21037381520456644,19649.4012312515,1.4288247116075652,0.1405684051184841,-0.18709518091808564,0.6215241866415582,0.1286261004573066,-0.11987297537621455,-0.09461163783510074,0.7336384500125656,False,1.0,11256.19645581238,-0.12154496380534874,False,0.10410755630351046,1.260163200123863,0.2076104951031983,0.23078516623877954,848,-0.07577022375561289,0.1949041732986082,0.018322879326472113,-0.04231344602589891,-0.04129069634427589,-0.00854192266812731,-0.23430552664564674,-1.1101251860485997,3.1245500704270466,0.44256017954569915,-1.0782646168580585,-0.9851671245510313,-0.3032109918083211,-8.228260422671099,0.26580474959389466,0.03437003998354027,0.2312801269508502,close,0.6857996552402476,25.680118834140035,1606,2.218627786155269,0.7899553748205834,False,1069,537,run+ledger,0.6549456867559094,this run,1.4877006853447827,-1.0612472496377132,False,False,False,False,False,False,0,6,False,True,underpowered,2000.0
us_etfs,4h,MAX,False,10,3.537759525439197,0.8398279002575215,0.010119995323236042,0.1120484197329552,-0.10192842440971916,0.7116983516273955,0.39359267734553777,1.0730438673898335,437,0.17436384237933128,1.490534927053709,-1.3161710846743777,-4.564021081134143,6.147152922730825e-05,0.039518548668585556,0.6015421921959536,9.999434708875071,1769,2023-02-10,2026-08-25,0.073050314902962,0.11109349480147013,-0.11581892553582496,-0.12952080687813716,0.17279207155734722,10362.642348636178,17574.676013236298,0.04139769522074683,-0.025040399820178385,0.28837971194193385,0.0,-1.91539179892675,-0.8115378836439618,-0.7988807517308555,,,1,-0.798881,0.6575570876900284,-0.08664240888188035,14560.441688449298,False,-4197.799339813122,0.0,0.0022930334983040654,0.012061679560289695,0.8398279002575215,1.3149197283121563,0.08737773448006766,-1.2275419938320886,SPY,0.21037381520456644,19649.4012312515,1.4288247116075652,0.1405684051184841,-0.18709518091808564,0.5196780517029301,0.10704926896348144,-0.10105193484516883,-0.0969292736402454,0.7231334699365074,False,1.0,10362.642348636178,-0.11581892553582496,False,0.05665917971789531,0.9028553710392632,0.3666026593380314,0.20602368475505106,848,0.0018130923152297265,0.10730098870677286,-0.025354798045586945,-0.046458996505738495,0.05008588601918586,-0.04657345425967782,-0.21728549038679718,0.0452822282270459,2.9637661813262457,-0.8489109625453495,-1.292224704761733,1.4183087645257775,-2.0062384034144647,-9.66346620518964,0.5474789185126756,0.1516911547020737,0.21995327067169956,close,-0.23161759444503693,11.5294573567924,1606,2.218627786155269,0.6283722323660312,False,1069,537,run+ledger,0.6549456867559094,this run,1.5077058947597122,-1.333342052380381,False,False,False,False,False,False,0,6,False,True,underpowered,2000.0
us_etfs,4h,EMA_100,False,10,3.537759525439197,0.9440361786319954,0.03027841830610778,0.13447633388900648,-0.1041979155828987,0.7111761386463819,0.18259803921568626,1.193905066240356,816,0.3855473569387703,1.490534927053709,-1.1049875701149388,-4.55275830477359,0.00026520639739135987,0.0851704239582305,0.9711544274835454,9.999434708875071,1769,2023-02-10,2026-08-25,0.08721160731454013,0.11109349480147013,-0.08970394581132446,-0.12952080687813716,0.17279207155734722,11112.97324127633,17574.676013236298,0.04983232585215667,-0.009323989958085721,0.2427072768076341,0.0,-1.6140428222844108,-0.6732708783605413,-1.0088077783744616,,,1,-1.008808,0.785028929645177,-0.10278045451977258,15626.189684074923,False,-4513.216442798594,0.0,0.0036249272504321624,0.032101882117848035,0.9440361786319954,1.3273794811276955,0.3375371956300874,-0.9898422854976081,SPY,0.21037381520456644,19649.4012312515,1.4288247116075652,0.1405684051184841,-0.18709518091808564,0.6204211198172882,0.12839141397174814,-0.11967081640516475,-0.09811299566564036,0.7248367548012947,False,1.0,11112.97324127633,-0.08970394581132446,False,0.09410594440530182,1.1816865625676614,0.23733009208334166,0.21213554576060945,848,-0.05194339559462788,0.20176156378196586,0.016207301744588273,-0.031150696784045723,-0.020107918419723356,0.0068168112223614685,-0.2272479809829383,-0.7590853982253479,3.057422116611563,0.3999149523577612,-0.7743894556786505,-0.4591526374885318,0.23810821558383866,-7.657426581676232,0.33147138381316976,0.07907756783171731,0.21477279750998413,close,0.7069190059412512,25.146053483614722,1606,2.218627786155269,0.7669275017422658,False,1069,537,run+ledger,0.6549456867559094,this run,1.4877006853447827,-1.1021533284060125,False,False,False,False,False,False,0,6,False,True,underpowered,2000.0
us_etfs,4h,TRIMA_100,False,10,3.537759525439197,0.9440361786319954,0.030325408114681318,0.1348269733970202,-0.10450156528233889,0.7105136891768524,0.1907514450867052,1.1986044506682842,692,0.38532006537770624,1.490534927053709,-1.1052148616760027,-3.6338929660504307,0.00026562830305942864,0.10783060461799795,1.2112599334873402,9.999434708875071,1769,2023-02-10,2026-08-25,0.08743190704127016,0.11109349480147013,-0.11345694390509842,-0.12952080687813716,0.17279207155734722,11114.766458015582,17574.676013236298,0.05454331474194487,-0.01072633967587786,0.3041407306162976,0.0,-1.7465269734798912,-0.5755452125268035,-0.8107663453902897,,,1,-0.810766,0.7870119415859186,-0.10302984179515551,15643.282638075998,False,-4528.5161800604155,0.0,0.0032958082231686705,0.03215174571349522,0.9440361786319954,1.3273794811276955,0.26728560695277626,-1.0600938741749193,SPY,0.21037381520456644,19649.4012312515,1.4288247116075652,0.1405684051184841,-0.18709518091808564,0.6219883263779968,0.12872485642353415,-0.11995802723305893,-0.09839944830885283,0.7241963453857774,False,1.0,11114.766458015582,-0.11345694390509842,False,0.11071166532026457,1.3552348987568776,0.17534272907001536,0.23064388140364844,848,-0.07804567404847153,0.19243646899357247,0.01993119900107726,-0.032525628490190514,-0.033497424642301765,-0.00972789853131502,-0.23487674961508295,-1.1553665358708003,3.0979102239914273,0.4794556630088955,-0.7966013721998096,-0.797595415898919,-0.34581285412052554,-8.305143938044163,0.22579579928457605,0.025496810673793033,0.23091639954227405,close,0.6806149785605576,25.569272183682784,1606,2.218627786155269,0.7667409257736775,False,1069,537,run+ledger,0.6549456867559094,this run,1.4877006853447827,-1.1023806199670765,False,False,False,False,False,False,0,6,False,True,underpowered,2000.0
us_etfs,4h,LINEARREG_INTERCEPT_100,False,10,3.537759525439197,0.9440361786319954,0.027105174675840615,0.1323826756541373,-0.10527750097829669,0.7080693054571652,0.2107843137254902,1.213034711859141,408,0.35429428460388773,1.490534927053709,-1.1362406424498213,-4.941742043248993,0.0002295456487134695,0.05331437110765928,0.6625174141041152,9.999434708875071,1769,2023-02-10,2026-08-25,0.0858955108700441,0.11109349480147013,-0.0913148326236718,-0.12952080687813716,0.17279207155734722,10992.355976636514,17574.676013236298,0.06681606088005121,-0.014711271793108431,0.22992714563117694,0.0,-1.6307310171953424,-0.7201655426286997,-1.188571287296954,,,1,-1.188571,0.773182183381159,-0.10128952613334119,15524.40685102046,False,-4532.050874383946,0.0,0.002258689092347287,0.02873488257084289,0.9440361786319954,1.3273794811276955,0.2968321125610218,-1.0305473685666737,SPY,0.21037381520456644,19649.4012312515,1.4288247116075652,0.1405684051184841,-0.18709518091808564,0.6110584437352291,0.12640029686276377,-0.11795343755252807,-0.09929512218692316,0.7214632989453683,False,1.0,10992.355976636514,-0.0913148326236718,False,0.06698866579644487,0.8984974071990689,0.36892042688497617,0.18364030146154986,848,-0.050061631735706366,0.167112461960531,0.04912765022921879,-0.0451350370424302,-0.013267157290030895,0.036171973909339655,-0.202545827830661,-0.7614933341813293,3.1163240525285234,1.4654333885576087,-1.2338505262767736,-0.2986469596799922,1.1833195796134182,-6.250105187736516,0.5076396782400245,0.12101477157469352,0.19001571546328289,close,-0.0016435834260012494,19.380913997026003,1606,2.218627786155269,0.7472333355318433,False,1069,537,run+ledger,0.6549456867559094,this run,1.4877006853447827,-1.133406400740895,False,False,False,False,False,False,0,6,False,True,underpowered,2000.0
us_etfs,4h,LINEARREG_1000,False,10,3.537759525439197,0.43521763708309774,-0.003578214880752939,0.10242011894671754,-0.10599833382747048,0.699324110850658,0.12355212355212356,0.9385623553272532,259,-0.020207714040222053,1.490534927053709,-1.510742641093931,-3.949879371929146,1.2946282924308772e-05,0.030177477777388544,0.4106585874840881,9.999434708875071,1769,2023-02-10,2026-08-25,0.06692735048021622,0.11109349480147013,-0.14707164983272236,-0.12952080687813716,0.17279207155734722,9873.9850620288,17574.676013236298,0.06918179832404045,-0.01039089214362275,0.38247817182226374,0.0,-2.2807220742299226,-0.7359084171732183,-1.9698862388433602,,,1,-1.969886,0.6024416695128629,-0.07959929978847602,14119.325944615412,False,-4245.340882586611,0.0,0.0013891218248420316,-0.008202586227986974,0.43521763708309774,1.2669584843060735,-0.024329739176943758,-1.2912882234830172,SPY,0.21037381520456644,19649.4012312515,1.4288247116075652,0.1405684051184841,-0.18709518091808564,0.47611944109206933,0.09787847848182563,-0.09290571946512616,-0.10145669336257856,0.7096124142524027,False,1.0,9873.9850620288,-0.14707164983272236,False,0.028049398452040967,0.4184868379285445,0.6755912078509443,0.2570728853916092,848,-0.17611289320228612,0.09161150917724814,0.010151531871791868,-0.06580508278879044,-0.06568666656059333,0.06521317343086902,-0.10497485352319451,-2.963473938104366,1.7048726807700698,0.30936161465973483,-2.0596073052887327,-1.9564874138053956,2.4635721932008896,-3.8858361360877227,0.6813228971747938,-0.018833076170353742,0.2573188963415549,close,1.534850289672002,66.75799930112053,1606,2.218627786155269,0.48485531031066553,False,1069,537,run+ledger,0.6549456867559094,this run,1.6218132426140532,-1.6420209566542754,False,False,False,False,False,False,0,6,False,True,underpowered,1987.0
us_etfs,4h,MFI,False,10,3.537759525439197,0.9920859242509892,0.02228579156880972,0.12958161768793985,-0.10729582611913013,0.7025136740808873,0.3688888888888889,1.0692165881408462,1800,0.30400549705170166,1.490534927053709,-1.1865294300020073,-2.622061159601229,0.0001563435367174515,0.1371710704132689,1.6224279025249724,9.999434708875071,1769,2023-02-10,2026-08-25,0.08413287057195971,0.11109349480147013,-0.1067216141974,-0.12952080687813716,0.17279207155734722,10810.968026815972,17574.676013236298,0.019587968233156998,-0.010708125465605222,0.45251783149957425,0.003,-2.0866886977902475,-0.30376648139244533,-1.4338629190897805,,,1,-1.433863,0.757315905150968,-0.09928988934600791,15388.978785302903,False,-4578.01075848693,0.0,0.007480740512885221,0.022465552178092763,0.9920859242509892,1.3331380910470523,0.20882172497492693,-1.1243163660721254,SPY,0.21037381520456644,19649.4012312515,1.4288247116075652,0.1405684051184841,-0.18709518091808564,0.5985190662229164,0.12373604573410835,-0.11564920491591502,-0.10145025416529863,0.715527667172082,False,1.0,10810.968026815972,-0.1067216141974,False,0.1335153237482875,1.6368332195678128,0.10166532255283078,0.12696936436967043,848,-0.13259936488075222,0.1469137684906761,-0.09393566289382947,0.01680243320668111,0.03066451467579181,-0.01238814467757121,-0.11993881164022369,-2.010334739932905,2.3029043618134213,-2.667784690839085,0.43662245628701274,0.7001836525575224,-0.4028291205381346,-3.500022674455358,0.10471175878099137,-0.03235262641812822,0.12744090761477722,close,0.2684359380869229,27.491437918564277,1606,2.218627786155269,0.7164523865010303,False,1069,537,run+ledger,0.6549456867559094,this run,1.4877006853447827,-1.183695188293081,False,False,False,False,False,False,0,6,False,True,underpowered,2000.0
us_etfs,4h,SAR,False,10,3.537759525439197,0.9994347088750706,0.02533765410933797,0.13266393991638603,-0.10732628580704806,0.7031498867343625,0.3924213230571612,1.071514396355115,1557,0.3336878107040913,1.490534927053709,-1.1568471163496177,-2.5158644683510736,0.00019049882936622575,0.06995503832086855,0.8178240354279058,9.999434708875071,1769,2023-02-10,2026-08-25,0.08607238582543679,0.11109349480147013,-0.10080903956325082,-0.12952080687813716,0.17279207155734722,10925.580017574684,17574.676013236298,0.023386169633900094,-0.014096495563822394,0.45982092076201087,0.0035,-2.102653403269597,-0.2478519972055558,-1.7243987199019388,,,1,-1.724399,0.7747743104063171,-0.10149000299123334,15538.052730572614,False,-4612.472712997928,0.0,0.006672340513737239,0.025352165510207136,0.9994347088750706,1.3340195494559284,0.2513430761676914,-1.082676473288237,SPY,0.21037381520456644,19649.4012312515,1.4288247116075652,0.1405684051184841,-0.18709518091808564,0.6123167275952729,0.12666779978881193,-0.11818439657996993,-0.10133014567947396,0.7164784394430433,False,1.0,10925.580017574684,-0.10080903956325082,False,0.061171063729187514,0.7361227133431381,0.46165602120473226,0.06523908997877292,848,-0.11850937214987657,0.09602761567623638,-0.042519330979631786,0.00866175079158922,0.011292500021359803,-0.021089659641042202,-0.04863720520674995,-1.8573738919573073,1.6238845806215618,-1.1050570096359473,0.22196154444284064,0.2470500193605843,-0.7280548730292441,-1.9023540974063144,0.41345767155460944,-0.07773641733799723,0.06781324949493617,close,0.40104818254167346,22.258508834566207,1606,2.218627786155269,0.7353141584928266,False,1069,537,run+ledger,0.6549456867559094,this run,1.4877006853447827,-1.1540128746406915,False,False,False,False,False,False,0,6,False,True,underpowered,2000.0
us_etfs,4h,SAREXT,False,10,3.537759525439197,0.9994347088750706,0.02533765410933797,0.13266393991638603,-0.10732628580704806,0.7031498867343625,0.3924213230571612,1.071514396355115,1557,0.3336878107040913,1.490534927053709,-1.1568471163496177,-2.5158644683510736,0.00019049882936622575,0.06995503832086855,0.8178240354279058,9.999434708875071,1769,2023-02-10,2026-08-25,0.08607238582543679,0.11109349480147013,-0.10080903956325082,-0.12952080687813716,0.17279207155734722,10925.580017574684,17574.676013236298,0.023386169633900094,-0.014096495563822394,0.45982092076201087,0.0035,-2.102653403269597,-0.2478519972055558,-1.7243987199019388,,,1,-1.724399,0.7747743104063171,-0.10149000299123334,15538.052730572614,False,-4612.472712997928,0.0,0.006672340513737239,0.025352165510207136,0.9994347088750706,1.3340195494559284,0.2513430761676914,-1.082676473288237,SPY,0.21037381520456644,19649.4012312515,1.4288247116075652,0.1405684051184841,-0.18709518091808564,0.6123167275952729,0.12666779978881193,-0.11818439657996993,-0.10133014567947396,0.7164784394430433,False,1.0,10925.580017574684,-0.10080903956325082,False,0.061171063729187514,0.7361227133431381,0.46165602120473226,0.06523908997877292,848,-0.11850937214987657,0.09602761567623638,-0.042519330979631786,0.00866175079158922,0.011292500021359803,-0.021089659641042202,-0.04863720520674995,-1.8573738919573073,1.6238845806215618,-1.1050570096359473,0.22196154444284064,0.2470500193605843,-0.7280548730292441,-1.9023540974063144,0.41345767155460944,-0.07773641733799723,0.06781324949493617,close,0.40104818254167346,22.258508834566207,1606,2.218627786155269,0.7353141584928266,False,1069,537,run+ledger,0.6549456867559094,this run,1.4877006853447827,-1.1540128746406915,False,False,False,False,False,False,0,6,False,True,underpowered,2000.0
us_etfs,4h,TSF_1000,False,10,3.537759525439197,0.43521763708309774,-0.005206691514338058,0.10224689648478114,-0.1074535879991192,0.6956757425383178,0.12260536398467432,0.9146537713620717,261,-0.04483111714878109,1.490534927053709,-1.5353660442024901,-3.9427914215267235,1.0716991238168827e-05,0.02825085926110684,0.38506297859148964,9.999434708875071,1769,2023-02-10,2026-08-25,0.06681694709744725,0.11109349480147013,-0.1457038090694931,-0.12952080687813716,0.17279207155734722,9817.01347864491,17574.676013236298,0.0683289326611958,-0.010439084268173039,0.3894109223784319,0.0,-2.3409928923219097,-0.7461529847720278,-2.174092879114094,,,1,-2.174093,0.6014478815060469,-0.07947194133850011,14111.478780078623,False,-4294.465301433713,0.0,0.0013977148146454498,-0.011923024408341587,0.43521763708309774,1.2669584843060735,-0.035734765944620835,-1.3026932502506943,SPY,0.21037381520456644,19649.4012312515,1.4288247116075652,0.1405684051184841,-0.18709518091808564,0.47533403428122933,0.09771343954773415,-0.09275830047052547,-0.1029201310620722,0.7058933777670581,False,1.0,9817.01347864491,-0.1457038090694931,False,0.026046681675415306,0.38947602710427487,0.6969240410716075,0.2593028321036781,848,-0.17726236348156896,0.08900128213967681,0.011894600143299062,-0.06753527001387649,-0.06635534487932286,0.06414635339328723,-0.10427653960940407,-2.9895962388722093,1.6602851938265288,0.3631873938934717,-2.1124509270302263,-1.9746723151390504,2.434785000384321,-3.8768883992019108,0.7001907559221316,-0.01950653054605264,0.2595680612048661,close,1.5449289060670044,67.19136965354505,1606,2.218627786155269,0.46646235570279415,False,1069,537,run+ledger,0.6549456867559094,this run,1.6218132426140532,-1.6666443597628344,False,False,False,False,False,False,0,6,False,True,underpowered,1987.0
us_etfs,4h,TSF_9~HT_TRENDMODE|gate,False,10,3.537759525439197,0.5864204509766974,-0.0006281916198214166,0.1074399780925619,-0.10806816971238331,0.695409027904185,0.4500912964090079,1.0076764668094238,3286,0.025909978361602318,1.490534927053709,-1.4646249486921066,-3.033712768696417,1.8221306062105036e-05,0.021643752657938015,0.2583510423539049,9.999434708875071,1769,2023-02-10,2026-08-25,0.07012297930598517,0.11109349480147013,-0.10528966724534228,-0.12952080687813716,0.17279207155734722,9977.793800097683,17574.676013236298,0.010556210299934457,-0.008574265729837592,0.48278299903832167,0.0,-2.516322341530169,-0.6504651485556535,-1.7781705936440195,,,1,-1.778171,0.6312068895779955,-0.08328010410786002,14348.093567563585,False,-4370.299767465902,0.0,0.012298220652935442,-0.0010709934373036578,0.5864204509766974,1.2847998774794678,-0.005966317837795295,-1.290766195317263,SPY,0.21037381520456644,19649.4012312515,1.4288247116075652,0.1405684051184841,-0.18709518091808564,0.4988530619443183,0.10266045495789977,-0.09716455729233031,-0.10328864657772119,0.706131594715529,False,1.0,9977.793800097683,-0.10528966724534228,False,0.015671859030185847,0.19823540652128968,0.8428608867344012,0.07014740818444909,848,0.01686152441078045,-0.007645125418216461,-0.022374452838811888,-0.0012456737040169724,-0.01819922300307545,0.03200522540243089,0.12026115861895294,0.3085399882286015,-0.13441821301345605,-0.44921627126124986,-0.029691205467075737,-0.5215778834260986,1.3940424228234125,2.5947121637149704,0.7961359968011961,-0.05285006354466507,0.07196348149154952,close,2.4590194731984867,59.02915673823857,1606,2.218627786155269,0.5194563585172086,False,1069,537,run+ledger,0.6549456867559094,this run,1.5745837984430955,-1.5486738200814931,False,False,False,False,False,False,0,6,False,True,underpowered,2000.0
us_etfs,4h,KAMA_200,False,10,3.537759525439197,0.8869417750141322,0.023563276052308346,0.1329216460469067,-0.10935836999459836,0.6982922755729999,0.15988372093023256,1.166461216827994,688,0.31310960561395634,1.490534927053709,-1.1774253214397525,-3.518411397481547,0.00016075293333911445,0.08618706805598292,0.9807086797402468,9.999434708875071,1769,2023-02-10,2026-08-25,0.086234427220247,0.11109349480147013,-0.11541471904986933,-0.12952080687813716,0.17279207155734722,10858.838170335708,17574.676013236298,0.058777137208432265,-0.00958965476692419,0.3346468586028754,0.0005,-1.8702269764384427,-0.5619853979295264,-0.5505279951845179,,,1,-0.550528,0.7762329142165563,-0.1016736381350073,15550.563209975702,False,-4691.725039639996,0.0,0.003206490562765624,0.02660650813622012,0.8869417750141322,1.3205478829269517,0.20416179362813278,-1.1163860892988189,SPY,0.21037381520456644,19649.4012312515,1.4288247116075652,0.1405684051184841,-0.18709518091808564,0.6134694858888142,0.12691289334981493,-0.1183959442440391,-0.10334961729750658,0.7115538758689725,False,1.0,10858.838170335708,-0.11541471904986933,False,0.08399675365850293,1.0302563584302145,0.3028896797605465,0.2192617781205899,848,-0.0913653083955142,0.1878847842365803,0.010370003641807624,-0.034781050138563335,-0.021578900023036984,0.0007319229928771237,-0.22241401515500148,-1.389310836743884,3.036619256895832,0.24383030709730744,-0.9040503729046065,-0.47860165997085313,0.026315158654294082,-7.554084804031787,0.32673642236049893,-0.019383844104602074,0.2194217022032423,close,0.6552910317922399,26.741970325970737,1606,2.218627786155269,0.7227742425332602,False,1069,537,run+ledger,0.6549456867559094,this run,1.4898417190666902,-1.1767321134527338,False,False,False,False,False,False,0,6,False,True,underpowered,2000.0
us_etfs,4h,HT_DCPHASE,False,10,3.537759525439197,0.9536461277557942,0.0034418335909471853,0.11323187853405225,-0.10979004494310507,0.6925805378769705,0.46463142218912884,1.0126076162815767,1343,0.08339479694935968,1.490534927053709,-1.4071401301043494,-4.08737921532061,2.922224613899349e-05,0.06897659779685271,1.012609674286774,9.999434708875071,1769,2023-02-10,2026-08-25,0.07380108322706275,0.11109349480147013,-0.13803311192058065,-0.12952080687813716,0.17279207155734722,10122.296510062351,17574.676013236298,0.019490481816187847,-0.016704638628279256,0.344264639021015,0.0,-2.0513973173737243,-0.7179914448519302,-0.2730144925637561,,,1,-0.273014,0.6643150740639597,-0.08750327524449153,14615.334905440946,False,-4493.038395378595,0.0,0.005744870815330497,0.003609432347679853,0.9536461277557942,1.3285305352552597,0.024934840221000697,-1.3035956950342589,SPY,0.21037381520456644,19649.4012312515,1.4288247116075652,0.1405684051184841,-0.18709518091808564,0.5250189981515145,0.10817613532320003,-0.1020467851744663,-0.10473430173225284,0.7038236747389703,False,1.0,10122.296510062351,-0.13803311192058065,False,0.06831350208200648,1.0344984733612377,0.3009031901193908,0.04590655338772709,848,-0.0054395406823688,0.1308879011365625,-0.0827464850735678,0.031391064050544364,-0.01896301349112956,0.012289156553589236,-0.05867915697428345,-0.09546456398862295,2.533402094523425,-2.8654478862520287,0.8970432897115355,-0.4674374823082337,0.47416331898902436,-1.6794704225070565,0.31124663708507017,-0.005868264381495399,0.045926461745838365,close,0.5480117401839996,17.349370194641175,1606,2.218627786155269,0.5623651199373022,False,1069,537,run+ledger,0.6549456867559094,this run,1.4877006853447827,-1.4043058883954231,False,False,False,False,False,False,0,6,False,True,underpowered,2000.0
us_etfs,4h,CDLENGULFING,False,10,3.537759525439197,0.4311286979461089,-0.04163631535540324,0.06988059672268698,-0.11151691207809022,0.6774504537483831,0.4502784407319014,0.8414496694380442,1257,-0.9008062389653654,1.490534927053709,-2.391341166019074,-3.7989589481531363,1.21940080255456e-09,-0.07432336230752525,-1.4348895586160393,9.999434708875071,1769,2023-02-10,2026-08-25,0.04603113965798694,0.11109349480147013,-0.15058951689669686,-0.12952080687813716,0.17279207155734722,8603.176143222365,17574.676013236298,0.013304291211129441,-0.01295096059672993,0.6294727578410987,0.0,-3.7278199361917355,-1.3009057374199733,-3.800162018191494,,,1,-3.800162,0.414345950140888,-0.055263254988561106,12699.343687232562,False,-4096.167544010199,0.0,0.005027810709538128,-0.09393412754591457,0.4311286979461089,1.266477435659833,-0.2764888035597153,-1.5429662392195482,SPY,0.21037381520456644,19649.4012312515,1.4288247116075652,0.1405684051184841,-0.18709518091808564,0.32746433751729365,0.06684659848561081,-0.06466387353367065,-0.10848291384101405,0.684290921941617,False,1.0,8603.176143222365,-0.15058951689669686,False,-0.07664544112082732,-1.6329433690578563,0.10248090771103113,0.009174578353131624,848,-0.009066295171395917,-0.03335506666576099,0.007182357416140289,-0.008270144481453927,-0.0042379693608734425,-0.011486246356275237,0.01383245683289815,-0.33424579986597436,-1.7795874688491469,0.42279396573090117,-0.44349474621805696,-0.20086580391758238,-0.893332604170655,0.8644801127121958,0.15131857155049233,-0.02054993281669161,0.009824245985849078,close,-1.3456141240812107,52.79768416723267,1606,2.218627786155269,0.04247388416383979,False,1069,537,run+ledger,0.6549456867559094,this run,1.6236794445254374,-2.524485683490803,False,False,False,False,False,False,0,6,False,True,underpowered,2000.0
us_etfs,4h,MAVP,False,10,3.537759525439197,0.983606557377049,0.0219092128272127,0.1340766424627753,-0.11216742963556259,0.6918099654133623,0.26691331923890066,1.0705670321851128,1892,0.2926754611431774,1.490534927053709,-1.1978594659105315,-3.288101750431549,0.00014563420667601523,0.14799609648645096,1.827436331978873,9.999434708875071,1769,2023-02-10,2026-08-25,0.0869604486848282,0.11109349480147013,-0.12887709283459503,-0.12952080687813716,0.17279207155734722,10796.88573428821,17574.676013236298,0.02551534873597559,-0.008677658606897093,0.36430121596855014,0.0,-1.9052024211101277,-0.49573714945982716,-1.5460163330634904,,,1,-1.546016,0.7827681435373967,-0.10249607181426634,15606.721894844315,False,-4809.836160556107,0.0,0.007713150967705135,0.022278404264456597,0.983606557377049,1.3321212624879302,0.17000083060014148,-1.1621204318877887,SPY,0.21037381520456644,19649.4012312515,1.4288247116075652,0.1405684051184841,-0.18709518091808564,0.6186343838185392,0.12801131702510427,-0.11934328337129863,-0.10610210419789157,0.7050599972776319,False,1.0,10796.88573428821,-0.12887709283459503,False,0.1406607773122522,1.7676764957679305,0.07711500152969997,0.12516949260011156,848,-0.12319311684260187,0.1415974353884503,-0.06385103527627664,0.009757063720832834,0.0262406689535244,-0.02688423153237379,-0.12990858506908715,-1.9931177883140496,2.340677254186761,-1.659154103664933,0.2716544452872237,0.5932251910859404,-0.9385999576014129,-4.633592061611885,0.0676341908274889,-0.0649161067898535,0.12698972653563523,close,0.13162647374000722,22.441102085463033,1606,2.218627786155269,0.7090313745042651,False,1069,537,run+ledger,0.6549456867559094,this run,1.4877006853447827,-1.1950252242016053,False,False,False,False,False,False,0,6,False,True,underpowered,2000.0
us_etfs,4h,WILLR~MAXINDEX|gate,False,10,3.537759525439197,0.8507380189686579,0.0025172007555172016,0.11527505997075238,-0.11275785921523518,0.6858617031206261,0.31022782355792533,1.0146804997627055,2063,0.07099044604370179,1.490534927053709,-1.419544481010007,-2.966102573504907,2.6772697173549354e-05,0.03880855508644195,0.5484055660241374,9.999434708875071,1769,2023-02-10,2026-08-25,0.07509631108066436,0.11109349480147013,-0.13416939829141605,-0.12952080687813716,0.17279207155734722,10089.337312580157,17574.676013236298,0.02064220013290876,-0.009149592331873927,0.47858914040609074,0.0,-2.380776090345264,-0.5060068798085919,-1.718467310659872,,,1,-1.718467,0.6759739732273738,-0.08898704684891545,14710.454406003908,False,-4621.11709342375,0.0,0.008084556958209504,0.002959496539619577,0.8507380189686579,1.3162222807004298,0.01876136278147301,-1.2974609179189567,SPY,0.21037381520456644,19649.4012312515,1.4288247116075652,0.1405684051184841,-0.18709518091808564,0.5342332156174513,0.11012142871703157,-0.1037610548330008,-0.10760422796151436,0.6971926067436898,False,1.0,10089.337312580157,-0.13416939829141605,False,0.04176365081970893,0.6018575990280786,0.5472689304680811,0.0456139046309777,848,-0.04800339616302404,0.10458232373727357,-0.05689291363250171,0.003401622760434351,0.03390874273447464,-0.016144970021691102,-0.06851718924430703,-1.0714605099263823,1.8213200013251993,-1.674343038908777,0.0835509876177636,0.904269116265506,-0.6808520328163513,-2.596475952043064,0.5834134554329795,0.026152005882682555,0.045998444651121906,close,0.20982484799702908,19.3385042771547,1606,2.218627786155269,0.5531125249488731,False,1069,537,run+ledger,0.6549456867559094,this run,1.5035691032414107,-1.4325786571977088,False,False,False,False,False,False,0,6,False,True,underpowered,2000.0
us_etfs,4h,CEIL~FLOOR|vote,False,10,3.537759525439197,0.9761949626279756,0.01954716639106291,0.13301401975409122,-0.11346685336302831,0.6884488700486344,0.28082901554404144,1.0617757938722412,1930,0.2674361342338709,1.490534927053709,-1.223098792819838,-2.6212377088793786,0.00011947128408790197,0.1309314211786492,1.5937519482469182,9.999434708875071,1769,2023-02-10,2026-08-25,0.08629250590379682,0.11109349480147013,-0.1612172382120184,-0.12952080687813716,0.17279207155734722,10708.856113263148,17574.676013236298,0.024058660705884256,-0.008848067919103152,0.46661116947792286,0.0015,-2.187891995048035,-0.35016073079331406,-1.723314420778105,,,1,-1.723314,0.776755705255344,-0.10173944972339188,15555.049298732436,False,-4846.1931854692875,0.0,0.007844897745513816,0.020028576834432377,0.9761949626279756,1.3312326895085007,0.12124737160771999,-1.2099853179007807,SPY,0.21037381520456644,19649.4012312515,1.4288247116075652,0.1405684051184841,-0.18709518091808564,0.6138826561421217,0.12700074523555616,-0.11847175711570734,-0.10745357884449325,0.7015324084164503,False,1.0,10708.856113263148,-0.1612172382120184,False,0.12011379847949841,1.4834389606317435,0.137957822534716,0.12259268381181643,848,-0.1165457286844368,0.14399058120667907,-0.06468550353550921,0.016314639306631004,0.010117939805655216,-0.031352168138931644,-0.13070967705926392,-1.8491029428445234,2.34379450695143,-1.6852389685093538,0.45541885489109407,0.22120415653221492,-1.0854140467908755,-4.588366471024889,0.1109916039196408,-0.09573379612716353,0.12657343892487383,close,0.2875302285704777,22.87215037889922,1606,2.218627786155269,0.6927097589012948,False,1069,537,run+ledger,0.6549456867559094,this run,1.4877006853447827,-1.2202645511109118,False,False,False,False,False,False,0,6,False,True,underpowered,2000.0
us_etfs,4h,FLOOR,False,10,3.537759525439197,0.9760253752904967,0.01944375289644329,0.13293464539844013,-0.11349089250199684,0.6883724521403024,0.2805383022774327,1.0614700068835898,1932,0.26636442417228046,1.490534927053709,-1.2241705028814285,-2.629875312582475,0.00011849970260785492,0.12967360848851275,1.5797513058102404,9.999434708875071,1769,2023-02-10,2026-08-25,0.08624260052178344,0.11109349480147013,-0.16121723821201706,-0.12952080687813716,0.17279207155734722,10705.013865302215,17574.676013236298,0.024043881079278868,-0.008832452904465092,0.46548613807828104,0.0015,-2.1873806820983304,-0.35335727482902546,-1.6965975509058078,,,1,-1.696598,0.7763064855948898,-0.1016828998871735,15551.194461687066,False,-4846.18059638485,0.0,0.007851625178684526,0.019926087528259417,0.9760253752904967,1.3312123600586279,0.12060591728331667,-1.2106064427753112,SPY,0.21037381520456644,19649.4012312515,1.4288247116075652,0.1405684051184841,-0.18709518091808564,0.613527630544646,0.12692525639364582,-0.11840661355613291,-0.10748150349720254,0.7014469097183372,False,1.0,10705.013865302215,-0.16121723821201706,False,0.11883526991959023,1.4689343949390619,0.14185058443088483,0.12254628546585855,848,-0.1166337137118143,0.14416740482553914,-0.06473414868734667,0.016365582672587073,0.00982833711089539,-0.031225366085249236,-0.13051573194389493,-1.850757221922686,2.3472995043351332,-1.6863851437034407,0.45689436243007575,0.21481013810391422,-1.0809688444910117,-4.580615417356487,0.11416383102297067,-0.09591712742910287,0.12654345086600938,close,0.2913378958770584,22.914449136918336,1606,2.218627786155269,0.6920034483453725,False,1069,537,run+ledger,0.6549456867559094,this run,1.4877006853447827,-1.2213362611725023,False,False,False,False,False,False,0,6,False,True,underpowered,2000.0
us_etfs,4h,FLOOR~ADD|gate,False,10,3.537759525439197,0.9760253752904967,0.01944375289644329,0.13293464539844013,-0.11349089250199684,0.6883724521403024,0.2805383022774327,1.0614700068835898,1932,0.26636442417228046,1.490534927053709,-1.2241705028814285,-2.629875312582475,0.00011849970260785492,0.12967360848851275,1.5797513058102404,9.999434708875071,1769,2023-02-10,2026-08-25,0.08624260052178344,0.11109349480147013,-0.16121723821201706,-0.12952080687813716,0.17279207155734722,10705.013865302215,17574.676013236298,0.024043881079278868,-0.008832452904465092,0.46548613807828104,0.0015,-2.1873806820983304,-0.35335727482902546,-1.6965975509058078,,,1,-1.696598,0.7763064855948898,-0.1016828998871735,15551.194461687066,False,-4846.18059638485,0.0,0.007851625178684526,0.019926087528259417,0.9760253752904967,1.3312123600586279,0.12060591728331667,-1.2106064427753112,SPY,0.21037381520456644,19649.4012312515,1.4288247116075652,0.1405684051184841,-0.18709518091808564,0.613527630544646,0.12692525639364582,-0.11840661355613291,-0.10748150349720254,0.7014469097183372,False,1.0,10705.013865302215,-0.16121723821201706,False,0.11883526991959023,1.4689343949390619,0.14185058443088483,0.12254628546585855,848,-0.1166337137118143,0.14416740482553914,-0.06473414868734667,0.016365582672587073,0.00982833711089539,-0.031225366085249236,-0.13051573194389493,-1.850757221922686,2.3472995043351332,-1.6863851437034407,0.45689436243007575,0.21481013810391422,-1.0809688444910117,-4.580615417356487,0.11416383102297067,-0.09591712742910287,0.12654345086600938,close,0.2913378958770584,22.914449136918336,1606,2.218627786155269,0.6920034483453725,False,1069,537,run+ledger,0.6549456867559094,this run,1.4877006853447827,-1.2213362611725023,False,False,False,False,False,False,0,6,False,True,underpowered,2000.0
us_etfs,4h,FLOOR~MULT|gate,False,10,3.537759525439197,0.9760253752904967,0.01944375289644329,0.13293464539844013,-0.11349089250199684,0.6883724521403024,0.2805383022774327,1.0614700068835898,1932,0.26636442417228046,1.490534927053709,-1.2241705028814285,-2.629875312582475,0.00011849970260785492,0.12967360848851275,1.5797513058102404,9.999434708875071,1769,2023-02-10,2026-08-25,0.08624260052178344,0.11109349480147013,-0.16121723821201706,-0.12952080687813716,0.17279207155734722,10705.013865302215,17574.676013236298,0.024043881079278868,-0.008832452904465092,0.46548613807828104,0.0015,-2.1873806820983304,-0.35335727482902546,-1.6965975509058078,,,1,-1.696598,0.7763064855948898,-0.1016828998871735,15551.194461687066,False,-4846.18059638485,0.0,0.007851625178684526,0.019926087528259417,0.9760253752904967,1.3312123600586279,0.12060591728331667,-1.2106064427753112,SPY,0.21037381520456644,19649.4012312515,1.4288247116075652,0.1405684051184841,-0.18709518091808564,0.613527630544646,0.12692525639364582,-0.11840661355613291,-0.10748150349720254,0.7014469097183372,False,1.0,10705.013865302215,-0.16121723821201706,False,0.11883526991959023,1.4689343949390619,0.14185058443088483,0.12254628546585855,848,-0.1166337137118143,0.14416740482553914,-0.06473414868734667,0.016365582672587073,0.00982833711089539,-0.031225366085249236,-0.13051573194389493,-1.850757221922686,2.3472995043351332,-1.6863851437034407,0.45689436243007575,0.21481013810391422,-1.0809688444910117,-4.580615417356487,0.11416383102297067,-0.09591712742910287,0.12654345086600938,close,0.2913378958770584,22.914449136918336,1606,2.218627786155269,0.6920034483453725,False,1069,537,run+ledger,0.6549456867559094,this run,1.4877006853447827,-1.2213362611725023,False,False,False,False,False,False,0,6,False,True,underpowered,2000.0
us_etfs,4h,FLOOR~TSF_9|gate,False,10,3.537759525439197,0.9760253752904967,0.01944375289644329,0.13293464539844013,-0.11349089250199684,0.6883724521403024,0.2805383022774327,1.0614700068835898,1932,0.26636442417228046,1.490534927053709,-1.2241705028814285,-2.629875312582475,0.00011849970260785492,0.12967360848851275,1.5797513058102404,9.999434708875071,1769,2023-02-10,2026-08-25,0.08624260052178344,0.11109349480147013,-0.16121723821201706,-0.12952080687813716,0.17279207155734722,10705.013865302215,17574.676013236298,0.024043881079278868,-0.008832452904465092,0.46548613807828104,0.0015,-2.1873806820983304,-0.35335727482902546,-1.6965975509058078,,,1,-1.696598,0.7763064855948898,-0.1016828998871735,15551.194461687066,False,-4846.18059638485,0.0,0.007851625178684526,0.019926087528259417,0.9760253752904967,1.3312123600586279,0.12060591728331667,-1.2106064427753112,SPY,0.21037381520456644,19649.4012312515,1.4288247116075652,0.1405684051184841,-0.18709518091808564,0.613527630544646,0.12692525639364582,-0.11840661355613291,-0.10748150349720254,0.7014469097183372,False,1.0,10705.013865302215,-0.16121723821201706,False,0.11883526991959023,1.4689343949390619,0.14185058443088483,0.12254628546585855,848,-0.1166337137118143,0.14416740482553914,-0.06473414868734667,0.016365582672587073,0.00982833711089539,-0.031225366085249236,-0.13051573194389493,-1.850757221922686,2.3472995043351332,-1.6863851437034407,0.45689436243007575,0.21481013810391422,-1.0809688444910117,-4.580615417356487,0.11416383102297067,-0.09591712742910287,0.12654345086600938,close,0.2913378958770584,22.914449136918336,1606,2.218627786155269,0.6920034483453725,False,1069,537,run+ledger,0.6549456867559094,this run,1.4877006853447827,-1.2213362611725023,False,False,False,False,False,False,0,6,False,True,underpowered,2000.0
us_etfs,4h,FLOOR~WILLR|gate,False,10,3.537759525439197,0.9760253752904967,0.01944375289644329,0.13293464539844013,-0.11349089250199684,0.6883724521403024,0.2805383022774327,1.0614700068835898,1932,0.26636442417228046,1.490534927053709,-1.2241705028814285,-2.629875312582475,0.00011849970260785492,0.12967360848851275,1.5797513058102404,9.999434708875071,1769,2023-02-10,2026-08-25,0.08624260052178344,0.11109349480147013,-0.16121723821201706,-0.12952080687813716,0.17279207155734722,10705.013865302215,17574.676013236298,0.024043881079278868,-0.008832452904465092,0.46548613807828104,0.0015,-2.1873806820983304,-0.35335727482902546,-1.6965975509058078,,,1,-1.696598,0.7763064855948898,-0.1016828998871735,15551.194461687066,False,-4846.18059638485,0.0,0.007851625178684526,0.019926087528259417,0.9760253752904967,1.3312123600586279,0.12060591728331667,-1.2106064427753112,SPY,0.21037381520456644,19649.4012312515,1.4288247116075652,0.1405684051184841,-0.18709518091808564,0.613527630544646,0.12692525639364582,-0.11840661355613291,-0.10748150349720254,0.7014469097183372,False,1.0,10705.013865302215,-0.16121723821201706,False,0.11883526991959023,1.4689343949390619,0.14185058443088483,0.12254628546585855,848,-0.1166337137118143,0.14416740482553914,-0.06473414868734667,0.016365582672587073,0.00982833711089539,-0.031225366085249236,-0.13051573194389493,-1.850757221922686,2.3472995043351332,-1.6863851437034407,0.45689436243007575,0.21481013810391422,-1.0809688444910117,-4.580615417356487,0.11416383102297067,-0.09591712742910287,0.12654345086600938,close,0.2913378958770584,22.914449136918336,1606,2.218627786155269,0.6920034483453725,False,1069,537,run+ledger,0.6549456867559094,this run,1.4877006853447827,-1.2213362611725023,False,False,False,False,False,False,0,6,False,True,underpowered,2000.0
us_etfs,4h,CEIL~FLOOR|or,False,10,3.537759525439197,0.9762514917404685,0.019430448782026266,0.13301236085095813,-0.11358191206893187,0.6881736518537309,0.28068358363542206,1.0614211300482297,1931,0.26611152337747446,1.490534927053709,-1.2244234036762345,-2.626547364413735,0.00011831602119966034,0.13092749141112056,1.5937038804804065,9.999434708875071,1769,2023-02-10,2026-08-25,0.08629146291195446,0.11109349480147013,-0.16121723821201506,-0.12952080687813716,0.17279207155734722,10704.519633083033,17574.676013236298,0.024058660705884256,-0.008844652189447137,0.4661722153826588,0.0015,-2.1892879839123025,-0.3522400675646459,-1.723314420778105,,,1,-1.723314,0.7767463168402596,-0.10173826789324736,15554.96872664088,False,-4850.449093557847,0.0,0.00784851584310539,0.019907792502358967,0.9762514917404685,1.3312394660147338,0.12052339438090046,-1.2107160716338332,SPY,0.21037381520456644,19649.4012312515,1.4288247116075652,0.1405684051184841,-0.18709518091808564,0.6138752363251188,0.12699916754221485,-0.11847039569433437,-0.10756871876018859,0.7012518004866637,False,1.0,10704.519633083033,-0.16121723821201506,False,0.12010998268661273,1.4833917202046552,0.13797036597877677,0.12259399905971735,848,-0.11654632432063905,0.14399142240837834,-0.06468496555028805,0.01631277798242732,0.010118496738002102,-0.03135306629210338,-0.13071027228797397,-1.849115688331273,2.3438116302506935,-1.685225601311934,0.4553663981262145,0.2212162094555169,-1.085446354551475,-4.588389578592844,0.11100237469124652,-0.09573278747438126,0.1265746666962716,close,0.28771025002037354,22.87332228896015,1606,2.218627786155269,0.6918320605267552,False,1069,537,run+ledger,0.6549456867559094,this run,1.4877006853447827,-1.2215891619673083,False,False,False,False,False,False,0,6,False,True,underpowered,2000.0
us_etfs,4h,FLOOR~CEIL|gate,False,10,3.537759525439197,0.9759688461780037,0.01923228403839783,0.13292963455718287,-0.11369735051878505,0.6878781813710146,0.2801657172449508,1.0608775836182773,1931,0.26396530719421496,1.490534927053709,-1.226569619859494,-2.633534425263426,0.0001164314521706622,0.12967360848851275,1.5797513058102404,9.999434708875071,1769,2023-02-10,2026-08-25,0.08623944997648145,0.11109349480147013,-0.16121723821201706,-0.12952080687813716,0.17279207155734722,10697.159983149082,17574.676013236298,0.02407488040600465,-0.008832452904465092,0.46575036502012057,0.0015,-2.189913421730475,-0.35414465385612637,-1.6964549473130501,,,1,-1.696455,0.7762781261908795,-0.10167932978739813,15550.95113182468,False,-4853.791148675597,0.0,0.00785145559134705,0.019710475052162613,0.9759688461780037,1.3312055835982946,0.11929421600130266,-1.211911367596992,SPY,0.21037381520456644,19649.4012312515,1.4288247116075652,0.1405684051184841,-0.18709518091808564,0.6135052176468164,0.12692049083011092,-0.11840250089102444,-0.10768820679171309,0.7009427698781105,False,1.0,10697.159983149082,-0.16121723821201706,False,0.11883526991959023,1.4689343949390619,0.14185058443088483,0.12254628546585855,848,-0.1166337137118143,0.14416740482553914,-0.06473414868734667,0.016365582672587073,0.00982833711089539,-0.031225366085249236,-0.13051573194389493,-1.850757221922686,2.3472995043351332,-1.6863851437034407,0.45689436243007575,0.21481013810391422,-1.0809688444910117,-4.580615417356487,0.11416383102297067,-0.09591712742910287,0.12654345086600938,close,0.29165547163112165,22.9179058314375,1606,2.218627786155269,0.6904112907568876,False,1069,537,run+ledger,0.6549456867559094,this run,1.4877006853447827,-1.2237353781505678,False,False,False,False,False,False,0,6,False,True,underpowered,2000.0
us_etfs,4h,CEIL,False,10,3.537759525439197,0.9761949626279756,0.019218982683726793,0.13300735261163377,-0.11378836992790697,0.6876795175035828,0.28031088082901556,1.0608290979803454,1930,0.26371375038819356,1.490534927053709,-1.2268211766655153,-2.630224915159947,0.0001162516860343521,0.13092749141112056,1.5937038804804065,9.999434708875071,1769,2023-02-10,2026-08-25,0.08628831410827713,0.11109349480147013,-0.16121723821201506,-0.12952080687813716,0.17279207155734722,10696.666113530233,17574.676013236298,0.024089687351698034,-0.008844652189447137,0.46643204145563,0.0015,-2.191460865787925,-0.3522400675646459,-1.72317221330107,,,1,-1.723172,0.7767179731133569,-0.10173469992831374,15554.725480789826,False,-4858.059367259593,0.0,0.007848346255767911,0.019692232770879503,0.9761949626279756,1.3312326895085007,0.1192117102170682,-1.2120209792914325,SPY,0.21037381520456644,19649.4012312515,1.4288247116075652,0.1405684051184841,-0.18709518091808564,0.613852835817162,0.12699440447485255,-0.11846628553834426,-0.10777542179112576,0.7007477946957766,False,1.0,10696.666113530233,-0.16121723821201506,False,0.12010998268661273,1.4833917202046552,0.13797036597877677,0.12259399905971735,848,-0.11654632432063905,0.14399142240837834,-0.06468496555028805,0.01631277798242732,0.010118496738002102,-0.03135306629210338,-0.13071027228797397,-1.849115688331273,2.3438116302506935,-1.685225601311934,0.4553663981262145,0.2212162094555169,-1.085446354551475,-4.588389578592844,0.11100237469124652,-0.09573278747438126,0.1265746666962716,close,0.28802727239963716,22.87676763892216,1606,2.218627786155269,0.6902404750175043,False,1069,537,run+ledger,0.6549456867559094,this run,1.4877006853447827,-1.223986934956589,False,False,False,False,False,False,0,6,False,True,underpowered,2000.0
us_etfs,4h,CEIL~ADD|gate,False,10,3.537759525439197,0.9761949626279756,0.019218982683726793,0.13300735261163377,-0.11378836992790697,0.6876795175035828,0.28031088082901556,1.0608290979803454,1930,0.26371375038819356,1.490534927053709,-1.2268211766655153,-2.630224915159947,0.0001162516860343521,0.13092749141112056,1.5937038804804065,9.999434708875071,1769,2023-02-10,2026-08-25,0.08628831410827713,0.11109349480147013,-0.16121723821201506,-0.12952080687813716,0.17279207155734722,10696.666113530233,17574.676013236298,0.024089687351698034,-0.008844652189447137,0.46643204145563,0.0015,-2.191460865787925,-0.3522400675646459,-1.72317221330107,,,1,-1.723172,0.7767179731133569,-0.10173469992831374,15554.725480789826,False,-4858.059367259593,0.0,0.007848346255767911,0.019692232770879503,0.9761949626279756,1.3312326895085007,0.1192117102170682,-1.2120209792914325,SPY,0.21037381520456644,19649.4012312515,1.4288247116075652,0.1405684051184841,-0.18709518091808564,0.613852835817162,0.12699440447485255,-0.11846628553834426,-0.10777542179112576,0.7007477946957766,False,1.0,10696.666113530233,-0.16121723821201506,False,0.12010998268661273,1.4833917202046552,0.13797036597877677,0.12259399905971735,848,-0.11654632432063905,0.14399142240837834,-0.06468496555028805,0.01631277798242732,0.010118496738002102,-0.03135306629210338,-0.13071027228797397,-1.849115688331273,2.3438116302506935,-1.685225601311934,0.4553663981262145,0.2212162094555169,-1.085446354551475,-4.588389578592844,0.11100237469124652,-0.09573278747438126,0.1265746666962716,close,0.28802727239963716,22.87676763892216,1606,2.218627786155269,0.6902404750175043,False,1069,537,run+ledger,0.6549456867559094,this run,1.4877006853447827,-1.223986934956589,False,False,False,False,False,False,0,6,False,True,underpowered,2000.0
us_etfs,4h,CEIL~MULT|gate,False,10,3.537759525439197,0.9761949626279756,0.019218982683726793,0.13300735261163377,-0.11378836992790697,0.6876795175035828,0.28031088082901556,1.0608290979803454,1930,0.26371375038819356,1.490534927053709,-1.2268211766655153,-2.630224915159947,0.0001162516860343521,0.13092749141112056,1.5937038804804065,9.999434708875071,1769,2023-02-10,2026-08-25,0.08628831410827713,0.11109349480147013,-0.16121723821201506,-0.12952080687813716,0.17279207155734722,10696.666113530233,17574.676013236298,0.024089687351698034,-0.008844652189447137,0.46643204145563,0.0015,-2.191460865787925,-0.3522400675646459,-1.72317221330107,,,1,-1.723172,0.7767179731133569,-0.10173469992831374,15554.725480789826,False,-4858.059367259593,0.0,0.007848346255767911,0.019692232770879503,0.9761949626279756,1.3312326895085007,0.1192117102170682,-1.2120209792914325,SPY,0.21037381520456644,19649.4012312515,1.4288247116075652,0.1405684051184841,-0.18709518091808564,0.613852835817162,0.12699440447485255,-0.11846628553834426,-0.10777542179112576,0.7007477946957766,False,1.0,10696.666113530233,-0.16121723821201506,False,0.12010998268661273,1.4833917202046552,0.13797036597877677,0.12259399905971735,848,-0.11654632432063905,0.14399142240837834,-0.06468496555028805,0.01631277798242732,0.010118496738002102,-0.03135306629210338,-0.13071027228797397,-1.849115688331273,2.3438116302506935,-1.685225601311934,0.4553663981262145,0.2212162094555169,-1.085446354551475,-4.588389578592844,0.11100237469124652,-0.09573278747438126,0.1265746666962716,close,0.28802727239963716,22.87676763892216,1606,2.218627786155269,0.6902404750175043,False,1069,537,run+ledger,0.6549456867559094,this run,1.4877006853447827,-1.223986934956589,False,False,False,False,False,False,0,6,False,True,underpowered,2000.0
us_etfs,4h,CEIL~TSF_9|gate,False,10,3.537759525439197,0.9761949626279756,0.019218982683726793,0.13300735261163377,-0.11378836992790697,0.6876795175035828,0.28031088082901556,1.0608290979803454,1930,0.26371375038819356,1.490534927053709,-1.2268211766655153,-2.630224915159947,0.0001162516860343521,0.13092749141112056,1.5937038804804065,9.999434708875071,1769,2023-02-10,2026-08-25,0.08628831410827713,0.11109349480147013,-0.16121723821201506,-0.12952080687813716,0.17279207155734722,10696.666113530233,17574.676013236298,0.024089687351698034,-0.008844652189447137,0.46643204145563,0.0015,-2.191460865787925,-0.3522400675646459,-1.72317221330107,,,1,-1.723172,0.7767179731133569,-0.10173469992831374,15554.725480789826,False,-4858.059367259593,0.0,0.007848346255767911,0.019692232770879503,0.9761949626279756,1.3312326895085007,0.1192117102170682,-1.2120209792914325,SPY,0.21037381520456644,19649.4012312515,1.4288247116075652,0.1405684051184841,-0.18709518091808564,0.613852835817162,0.12699440447485255,-0.11846628553834426,-0.10777542179112576,0.7007477946957766,False,1.0,10696.666113530233,-0.16121723821201506,False,0.12010998268661273,1.4833917202046552,0.13797036597877677,0.12259399905971735,848,-0.11654632432063905,0.14399142240837834,-0.06468496555028805,0.01631277798242732,0.010118496738002102,-0.03135306629210338,-0.13071027228797397,-1.849115688331273,2.3438116302506935,-1.685225601311934,0.4553663981262145,0.2212162094555169,-1.085446354551475,-4.588389578592844,0.11100237469124652,-0.09573278747438126,0.1265746666962716,close,0.28802727239963716,22.87676763892216,1606,2.218627786155269,0.6902404750175043,False,1069,537,run+ledger,0.6549456867559094,this run,1.4877006853447827,-1.223986934956589,False,False,False,False,False,False,0,6,False,True,underpowered,2000.0
us_etfs,4h,CEIL~WILLR|gate,False,10,3.537759525439197,0.9761949626279756,0.019218982683726793,0.13300735261163377,-0.11378836992790697,0.6876795175035828,0.28031088082901556,1.0608290979803454,1930,0.26371375038819356,1.490534927053709,-1.2268211766655153,-2.630224915159947,0.0001162516860343521,0.13092749141112056,1.5937038804804065,9.999434708875071,1769,2023-02-10,2026-08-25,0.08628831410827713,0.11109349480147013,-0.16121723821201506,-0.12952080687813716,0.17279207155734722,10696.666113530233,17574.676013236298,0.024089687351698034,-0.008844652189447137,0.46643204145563,0.0015,-2.191460865787925,-0.3522400675646459,-1.72317221330107,,,1,-1.723172,0.7767179731133569,-0.10173469992831374,15554.725480789826,False,-4858.059367259593,0.0,0.007848346255767911,0.019692232770879503,0.9761949626279756,1.3312326895085007,0.1192117102170682,-1.2120209792914325,SPY,0.21037381520456644,19649.4012312515,1.4288247116075652,0.1405684051184841,-0.18709518091808564,0.613852835817162,0.12699440447485255,-0.11846628553834426,-0.10777542179112576,0.7007477946957766,False,1.0,10696.666113530233,-0.16121723821201506,False,0.12010998268661273,1.4833917202046552,0.13797036597877677,0.12259399905971735,848,-0.11654632432063905,0.14399142240837834,-0.06468496555028805,0.01631277798242732,0.010118496738002102,-0.03135306629210338,-0.13071027228797397,-1.849115688331273,2.3438116302506935,-1.685225601311934,0.4553663981262145,0.2212162094555169,-1.085446354551475,-4.588389578592844,0.11100237469124652,-0.09573278747438126,0.1265746666962716,close,0.28802727239963716,22.87676763892216,1606,2.218627786155269,0.6902404750175043,False,1069,537,run+ledger,0.6549456867559094,this run,1.4877006853447827,-1.223986934956589,False,False,False,False,False,False,0,6,False,True,underpowered,2000.0
us_etfs,4h,CEIL~FLOOR|and,False,10,3.537759525439197,0.9759123170655108,0.01911582063919659,0.13292715062575589,-0.1138113299865593,0.6876054837946217,0.2800207039337474,1.0605420812699518,1932,0.26264338586911473,1.490534927053709,-1.227891541184594,-2.638884596329642,0.00011530643057966472,0.12966967872098414,1.5797032089357161,9.999434708875071,1769,2023-02-10,2026-08-25,0.08623788821254744,0.11109349480147013,-0.16121723821201528,-0.12952080687813716,0.17279207155734722,10692.836337224287,17574.676013236298,0.02407136921003223,-0.00882760767810681,0.4653070251319203,0.0015,-2.191341448597018,-0.3567447865549681,-1.6964549473130501,,,1,-1.696455,0.7762640680866062,-0.10167756004130923,15550.830511436248,False,-4857.994174211962,0.0,0.007854904101601145,0.019592234017828503,0.9759123170655108,1.3311988071494505,0.11857181558995294,-1.2126269915594976,SPY,0.21037381520456644,19649.4012312515,1.4288247116075652,0.1405684051184841,-0.18709518091808564,0.613494107298565,0.12691812848514372,-0.11840046218687028,-0.10780230784594713,0.7006646546050288,False,1.0,10692.836337224287,-0.16121723821201528,False,0.11883145412670457,1.4688871222921163,0.14186340808032405,0.12254760105029605,848,-0.11663430934801648,0.14416824602723835,-0.0647336107021255,0.016363721348383375,0.009828894043242296,-0.031226264238420988,-0.13051632717260503,-1.8507699725663207,2.3473166376708616,-1.6863717790524375,0.45684189863942193,0.2148221911955549,-1.0810011459098476,-4.580638522349128,0.11417485041618458,-0.09591611877632082,0.12654467879953957,close,0.2918311916276846,22.919627843644896,1606,2.218627786155269,0.689532478362638,False,1069,537,run+ledger,0.6549456867559094,this run,1.4877006853447827,-1.2250572994756679,False,False,False,False,False,False,0,6,False,True,underpowered,2000.0
us_etfs,4h,KAMA_100,False,10,3.537759525439197,0.943470887507066,0.01826588858605782,0.13217949642256266,-0.11391360783650484,0.6871818866931424,0.17685589519650655,1.1022038062798605,916,0.2538675437334516,1.490534927053709,-1.2366673833202573,-3.714706308779332,0.00010675051952385717,0.11192802480396702,1.3492158043476248,9.999434708875071,1769,2023-02-10,2026-08-25,0.08576772684176495,0.11109349480147013,-0.08169211739338977,-0.12952080687813716,0.17279207155734722,10661.320978004522,17574.676013236298,0.047674951000008514,-0.009293344093953111,0.3329112130338593,0.0,-1.9212205864425491,-0.6662330747079214,-0.985800030054614,,,1,-0.985800,0.7720319447600091,-0.10114467040636033,15514.554711721152,False,-4853.233733716629,0.0,0.004186767159853339,0.019370843770013968,0.943470887507066,1.3273117825531031,0.2235942606077662,-1.103717521945337,SPY,0.21037381520456644,19649.4012312515,1.4288247116075652,0.1405684051184841,-0.18709518091808564,0.6101493914615589,0.126207055791133,-0.11778655044828645,-0.10794116720507518,0.700161271523968,False,1.0,10661.320978004522,-0.08169211739338977,False,0.09890228534234409,1.250228572557436,0.21121606212440147,0.2616034898054821,848,-0.1356458681008225,0.20149016929399804,-0.015253212258077783,-0.023977969806608837,-0.03515111965410007,-0.016785670698395174,-0.22560999221923517,-2.2442618673476846,3.602112165111673,-0.3746543189653801,-0.6882904772188468,-0.7981857375750906,-0.6234352576505716,-7.691888122639552,0.17726765986223914,-0.11527518759943922,0.26728192602409917,close,0.46422649305240976,30.230402053258015,1606,2.218627786155269,0.6838169710074911,False,1069,537,run+ledger,0.6549456867559094,this run,1.4877006853447827,-1.233833141611331,False,False,False,False,False,False,0,6,False,True,underpowered,2000.0
us_etfs,4h,CEIL~FLOOR|gate,False,10,3.537759525439197,0.9759688461780037,0.018999152410556164,0.13292548892473732,-0.11392633651418116,0.6873306090346697,0.27987584066218313,1.060187774284252,1933,0.26131788356012847,1.490534927053709,-1.2292170434935805,-2.6442563871577787,0.00011418861239270717,0.12966574895345548,1.5796551084558332,9.999434708875071,1769,2023-02-10,2026-08-25,0.08623684342241554,0.11109349480147013,-0.16121723821201728,-0.12952080687813716,0.17279207155734722,10688.506344146042,17574.676013236298,0.02407136921003223,-0.008824214008386112,0.46486303274654245,0.0015,-2.192744900154326,-0.3593240077552867,-1.6964549473130501,,,1,-1.696455,0.7762546634843497,-0.10167637611367497,15550.749819155664,False,-4862.243475009622,0.0,0.007858522199192718,0.01947149165657902,0.9759688461780037,1.3312055835982946,0.11784814466037634,-1.2133574389379183,SPY,0.21037381520456644,19649.4012312515,1.4288247116075652,0.1405684051184841,-0.18709518091808564,0.6134866746885769,0.1269165481228729,-0.11839909833078899,-0.10791739571231673,0.7003843998931022,False,1.0,10688.506344146042,-0.16121723821201728,False,0.11882763833381885,1.4688398463883314,0.14187623350381973,0.12254891606224294,848,-0.11663490498421868,0.14416908722893762,-0.06473307271690432,0.016361860024179706,0.009829450975589193,-0.031227162391592712,-0.13051692240131507,-1.8507827230863252,2.347333770609647,-1.6863584140551349,0.4567894337435078,0.21483424423718697,-1.0810334463547595,-4.5806616252800305,0.11418587147278192,-0.09591511012353864,0.12654590614217143,close,0.29201147458927545,22.92080571521154,1606,2.218627786155269,0.6886502052030672,False,1069,537,run+ledger,0.6549456867559094,this run,1.4877006853447827,-1.2263828017846543,False,False,False,False,False,False,0,6,False,True,underpowered,2000.0
us_etfs,4h,WILLR~CEIL|vote,False,10,3.537759525439197,0.8912254255385968,0.015531431768089243,0.13040433017218245,-0.1148728984040932,0.6844647797279954,0.2948343079922027,1.0559375174711634,2052,0.22434448970691173,1.490534927053709,-1.2661904373467971,-2.68926539544849,8.686526901779956e-05,0.09662638174720388,1.2127587128023336,9.999434708875071,1769,2023-02-10,2026-08-25,0.08465080635135601,0.11109349480147013,-0.16491294722276506,-0.12952080687813716,0.17279207155734722,10560.379681530505,17574.676013236298,0.02141811308479485,-0.008480663475572648,0.47083134282313327,0.0015,-2.2262484321267846,-0.3721825293240558,-1.74465385010648,,,1,-1.744654,0.76197806633621,-0.09987780251934342,15428.667762462774,False,-4868.288080932268,0.0,0.00813294059570254,0.017443494926778547,0.8912254255385968,1.321060019210478,0.09417957795096175,-1.2268804412595162,SPY,0.21037381520456644,19649.4012312515,1.4288247116075652,0.1405684051184841,-0.18709518091808564,0.602203647967724,0.12451862121305668,-0.11632677686076331,-0.10898718944496744,0.6972231140947673,False,1.0,10560.379681530505,-0.16491294722276506,False,0.09041336989592988,1.158196339707777,0.24678392171686792,0.08879893271335526,848,-0.09267732850662709,0.13857973111977057,-0.04885258431377234,0.010189194182008407,0.014781964390803284,-0.019268964560867723,-0.10856626463175692,-1.6014327244615323,2.204934719190577,-1.2041206009834367,0.2611704157526458,0.3249046966444057,-0.7072144262402031,-3.9098104140077856,0.22522208491566342,-0.0549839115716441,0.09015397054385843,close,0.2916934554952883,22.836664627239152,1606,2.218627786155269,0.6636155866337733,False,1069,537,run+ledger,0.6549456867559094,this run,1.4882174865880018,-1.26387299688109,False,False,False,False,False,False,0,6,False,True,underpowered,2000.0
us_etfs,4h,MINMAXINDEX,False,10,3.537759525439197,0.9789711701526285,0.014635490991331324,0.12975902236491033,-0.115123531373579,0.6837106644721653,0.4059161873459326,1.0491028571619692,1217,0.2144852244021242,1.490534927053709,-1.2760497026515847,-1.8777906943180074,7.755792885882906e-05,0.12402226361925249,1.5352972452690337,9.999434708875071,1769,2023-02-10,2026-08-25,0.08424457071764448,0.11109349480147013,-0.2068229152744926,-0.12952080687813716,0.17279207155734722,10527.45606385022,17574.676013236298,0.024256192173058723,-0.015797676147871746,0.6795484217238767,0.0165,-2.6671057663109,-0.07199927470793051,-1.9364464768695147,,,1,-1.936446,0.7583213658746979,-0.09941670490927756,15397.530872181978,False,-4870.074808331759,0.0,0.005594240178130629,0.014952208067411599,0.9789711701526285,1.3315655048053316,0.07076339182197146,-1.2608021129833602,SPY,0.21037381520456644,19649.4012312515,1.4288247116075652,0.1405684051184841,-0.18709518091808564,0.599313698171615,0.12390479869351956,-0.11579536764909237,-0.10926930770218823,0.6963932861537375,False,1.0,10527.45606385022,-0.2068229152744926,False,0.11114159073331534,1.3860641865653676,0.16572730485174292,0.09974217572068744,848,-0.15871570982724328,0.13455683166041799,-0.08446670688326567,0.03817620603768358,-0.04742421441624768,0.003366659348827128,-0.025271509078717724,-2.4137073787969117,2.02317594465884,-2.5196186439695207,0.9486192816492888,-1.0912956511943102,0.11016730056442749,-0.7655276602355178,0.12471083050676701,-0.11399137743450692,0.10570778341249121,close,0.8483837617675958,28.526977009468606,1606,2.218627786155269,0.6571993630448074,False,1069,537,run+ledger,0.6549456867559094,this run,1.4877006853447827,-1.2732154609426585,False,False,False,False,False,False,0,6,False,True,underpowered,2000.0
us_etfs,4h,WILLR~FLOOR|and,False,10,3.537759525439197,0.8748257019031468,0.013370102153458463,0.12859681044468818,-0.11522670829122972,0.6831819740468356,0.2961141170683719,1.0504140758443077,2033,0.20074676230686803,1.490534927053709,-1.289788164746841,-2.6011517967041384,7.284926849432383e-05,0.08452244669054967,1.0663692094737744,9.999434708875071,1769,2023-02-10,2026-08-25,0.08351264505867248,0.11109349480147013,-0.17024264372141829,-0.12952080687813716,0.17279207155734722,10481.081660443739,17574.676013236298,0.021097581087974895,-0.008449460683586719,0.49585270893498135,0.0025,-2.297796001085535,-0.3450420809176413,-1.7993301745709713,,,1,-1.799330,0.751732990378185,-0.09858549584428289,15341.56646194709,False,-4860.484801503351,0.0,0.00803639610618356,0.015297724427976833,0.8748257019031468,1.3190997079096274,0.07853556465756627,-1.240564143252061,SPY,0.21037381520456644,19649.4012312515,1.4288247116075652,0.1405684051184841,-0.18709518091808564,0.5941067979556307,0.12279923402626247,-0.11483727440596891,-0.10942913187280401,0.6957437986865946,False,1.0,10481.081660443739,-0.17024264372141829,False,0.07954412991566988,1.0246326428759505,0.30553655607595,0.09188113567612477,848,-0.09252397547081155,0.13999639830040692,-0.05406307935526281,0.011729769860595832,0.014178863776951267,-0.023448077484502554,-0.10852323911962182,-1.5973069467957703,2.2342367041040405,-1.391627596803241,0.3023280012486203,0.3179357472420606,-0.869454334530436,-3.9690976417109494,0.28625677475338573,-0.044057107225619396,0.0927718524909118,close,0.28250679558745284,23.887977121363466,1606,2.218627786155269,0.6472359484992354,False,1069,537,run+ledger,0.6549456867559094,this run,1.4944357725144757,-1.2936890102076077,False,False,False,False,False,False,0,6,False,True,underpowered,2000.0
us_etfs,4h,WILLR~FLOOR|vote,False,10,3.537759525439197,0.8913384837635827,0.015028532871382616,0.1303993569314652,-0.11537082406008259,0.6832770365300475,0.2945472249269718,1.0544347198605502,2054,0.21849778435340772,1.490534927053709,-1.2720371427003012,-2.7029016009485574,8.315231878486262e-05,0.09536749941803398,1.1978079841606988,9.999434708875071,1769,2023-02-10,2026-08-25,0.08464767602062993,0.11109349480147013,-0.16491294722276684,-0.12952080687813716,0.17279207155734722,10541.890305904815,17574.676013236298,0.02141811308479485,-0.008481028033304697,0.4706191088324828,0.0015,-2.233370928728209,-0.3820212834010747,-1.74465385010648,,,1,-1.744654,0.7619498888922321,-0.09987425010055606,15428.427624965601,False,-4886.537319060786,0.0,0.008140176790885686,0.01687601277726758,0.8913384837635827,1.3210735369385296,0.09113009696613968,-1.2299434399723899,SPY,0.21037381520456644,19649.4012312515,1.4288247116075652,0.1405684051184841,-0.18709518091808564,0.6021813788758649,0.12451389071076058,-0.11632268294735193,-0.10948535783937796,0.6960127566988288,False,1.0,10541.890305904815,-0.16491294722276684,False,0.08913375022941007,1.1426738522088766,0.2531740300317564,0.08874547954207768,848,-0.09276536658777276,0.1387566922377097,-0.048901277093727616,0.010240214175460713,0.014492123190040718,-0.019142035709403978,-0.10837215985435493,-1.603181323924597,2.208275956159922,-1.2052507852390466,0.26250358915003236,0.3184507263805182,-0.7024905289497815,-3.9018361694458132,0.2309917782205606,-0.055167432857354294,0.09010973524451404,close,0.2923597124684564,22.840215300774823,1606,2.218627786155269,0.6595867050349946,False,1069,537,run+ledger,0.6549456867559094,this run,1.4881746182821125,-1.2696768339287048,False,False,False,False,False,False,0,6,False,True,underpowered,2000.0
us_etfs,4h,CEIL~ADD|and,False,10,3.537759525439197,0.9076188681615477,0.016867017951054608,0.13240385035441604,-0.11553683240336143,0.683368742182362,0.3004484304932735,1.0622568488540887,1784,0.23760272343845404,1.490534927053709,-1.2529322036152548,-2.8761992814800554,9.567563888662756e-05,0.1164682620242247,1.423885437072238,9.999434708875071,1769,2023-02-10,2026-08-25,0.08590882747360187,0.11109349480147013,-0.15401412250909474,-0.12952080687813716,0.17279207155734722,10609.596214308925,17574.676013236298,0.02251629799305505,-0.009103694015211179,0.4356207901458455,0.0015,-2.1458877877313864,-0.42297672197535957,-1.3889871161198302,,,1,-1.388987,0.7733020518179343,-0.10130462082429637,15525.433868143878,False,-4915.837653834954,0.0,0.007239350919715149,0.018599683852529747,0.9076188681615477,1.3230205898105893,0.10951604746544323,-1.213504542345146,SPY,0.21037381520456644,19649.4012312515,1.4288247116075652,0.1405684051184841,-0.18709518091808564,0.6111531777086746,0.12642043570740347,-0.11797082771873268,-0.10955341775634886,0.6962975150657973,False,1.0,10609.596214308925,-0.15401412250909474,False,0.10494719227694585,1.306264195830456,0.19146272849377155,0.13391199096044593,848,-0.12588178227697588,0.14654627218662536,-0.06671184098643898,0.01636771714108838,0.010313188341415855,-0.026531772716080718,-0.13521681736352598,-2.0009190355430895,2.418873166949816,-1.7635341519051004,0.4520526902523933,0.22914487181933854,-0.9131609699321187,-4.636540418612383,0.1544796381096618,-0.10195916173332699,0.1384554898479874,close,0.31796152388917026,23.39652887237229,1606,2.218627786155269,0.6727046267131702,False,1069,537,run+ledger,0.6549456867559094,this run,1.4877006853447827,-1.2500979619063286,False,False,False,False,False,False,0,6,False,True,underpowered,2000.0
us_etfs,4h,ADD~FLOOR|and,False,10,3.537759525439197,0.9076188681615478,0.016731563244017922,0.13240673721418017,-0.11567517397016225,0.6830405937042567,0.30067189249720044,1.061767231891202,1786,0.23604880752893526,1.490534927053709,-1.2544861195247736,-2.877448677554979,9.457870261908585e-05,0.11554778336640154,1.4135291674475416,9.999434708875071,1769,2023-02-10,2026-08-25,0.08591064298770938,0.11109349480147013,-0.1540141225090922,-0.12952080687813716,0.17279207155734722,10604.5972078608,17574.676013236298,0.022479798685129594,-0.009102798869355597,0.4359716749459919,0.0015,-2.146767835753852,-0.42482167319503233,-1.3891298330515691,,,1,-1.389130,0.7733183940359081,-0.10130667873887511,15525.573890638165,False,-4920.976682777365,0.0,0.007242969017306725,0.018450188732185735,0.9076188681615478,1.3230205898105893,0.10863655209950099,-1.2143840377110884,SPY,0.21037381520456644,19649.4012312515,1.4288247116075652,0.1405684051184841,-0.18709518091808564,0.6111660932291002,0.12642318134151886,-0.11797319857941935,-0.10969161809750094,0.6959634336404612,False,1.0,10604.5972078608,-0.1540141225090922,False,0.1040243316630728,1.2955773638155519,0.19512113193976233,0.1339361440828042,848,-0.1259956242730501,0.14670217655201864,-0.06675186803764133,0.016315301736506846,0.010071204027003636,-0.02651861381645108,-0.13508245517316866,-2.0031699546946684,2.422124085980529,-1.7645220554681336,0.4506437131689282,0.22370879990374,-0.9126422844378903,-4.631198116527883,0.15750019152726913,-0.10198024156770515,0.13848193188458313,close,0.318174383978392,23.39465389358073,1606,2.218627786155269,0.671646889914382,False,1069,537,run+ledger,0.6549456867559094,this run,1.4877006853447827,-1.2516518778158474,False,False,False,False,False,False,0,6,False,True,underpowered,2000.0
us_etfs,4h,SQRT,False,10,3.537759525439197,0.9892594686263424,0.0183026872364358,0.1342632033302058,-0.11596051609377,0.6828135354908857,0.26498422712933756,1.0594519747934688,1902,0.2517973532066026,1.490534927053709,-1.2387375738471063,-3.4441814528697914,0.00010796581700267538,0.14018485652955254,1.7287202110756315,9.999434708875071,1769,2023-02-10,2026-08-25,0.08707768543225383,0.11109349480147013,-0.12723407777402296,-0.12952080687813716,0.17279207155734722,10662.68408497271,17574.676013236298,0.025576323589175557,-0.008703224937965933,0.3596609501555019,0.0,-1.9377572659316924,-0.5414159953276947,-1.5556901941574184,,,1,-1.555690,0.7838234415783408,-0.10262882524355466,15615.80655735996,False,-4953.122472387248,0.0,0.007760695158515912,0.018503229385129494,0.9892594686263424,1.3327991197068807,0.1438505120376847,-1.188948607669196,SPY,0.21037381520456644,19649.4012312515,1.4288247116075652,0.1405684051184841,-0.18709518091808564,0.6194684030088887,0.12818873303237677,-0.11949618245813354,-0.10988604579594097,0.6959090398540015,False,1.0,10662.68408497271,-0.12723407777402296,False,0.13178524566799305,1.6495449600754613,0.09903604025887569,0.124843314935847,848,-0.12385060576482469,0.1407326628435171,-0.06357350925066119,0.007121227519324452,0.03120816132517817,-0.02518831976388062,-0.12970482638286254,-2.0076889930662714,2.327191651627562,-1.6493256082440129,0.19899128551473544,0.70163888054722,-0.8795374283500502,-4.623044793871307,0.08385918227957356,-0.07433487524307679,0.12722817422942534,close,0.1203176803931207,22.308216863834133,1606,2.218627786155269,0.6821184607997558,False,1069,537,run+ledger,0.6549456867559094,this run,1.4877006853447827,-1.23590333213818,False,False,False,False,False,False,0,6,False,True,underpowered,2000.0
us_etfs,4h,WILLR~CEIL|and,False,10,3.537759525439197,0.8748822310156398,0.012645869445811142,0.12865587373218235,-0.1160100042863712,0.6813300602990241,0.2956222331529759,1.0482705144104052,2033,0.19213767880261867,1.490534927053709,-1.2983972482510904,-2.6144944550114735,6.828078245457725e-05,0.08451851692302106,1.0663209002982008,9.999434708875071,1769,2023-02-10,2026-08-25,0.08354985024275131,0.11109349480147013,-0.17024264372141884,-0.12952080687813716,0.17279207155734722,10454.60576902276,17574.676013236298,0.02112058331054951,-0.008455980878859347,0.4966150323104787,0.0025,-2.3088780174608674,-0.34954513286182437,-1.8263633116347426,,,1,-1.826363,0.7520678901321743,-0.09862776135900198,15344.407032964922,False,-4889.801263942161,0.0,0.008040014203775135,0.014467391090666082,0.8748822310156398,1.3191064632691714,0.07428144423382282,-1.2448250190353485,SPY,0.21037381520456644,19649.4012312515,1.4288247116075652,0.1405684051184841,-0.18709518091808564,0.594371474673329,0.12285542032656394,-0.11488599595357096,-0.1102095508807528,0.6938634595577774,False,1.0,10454.60576902276,-0.17024264372141884,False,0.07954031412278423,1.0245847139877322,0.3055591801732933,0.09188245618463164,848,-0.09252457110701374,0.13999723950210624,-0.05406254137004165,0.01172790853639219,0.014179420709298163,-0.023448975637674285,-0.10852383434833189,-1.597320180642967,2.234252728135697,-1.3916145487427891,0.30228001241442376,0.31794823604624356,-0.8694882533786246,-3.9691223324855147,0.2862786047337793,-0.04405609857283725,0.09277313153622746,close,0.2796673534748035,23.857163913840246,1606,2.218627786155269,0.6411919765820159,False,1069,537,run+ledger,0.6549456867559094,this run,1.4944143383615311,-1.3022766595589124,False,False,False,False,False,False,0,6,False,True,underpowered,2000.0
us_etfs,4h,CEIL~ADD|or,False,10,3.537759525439197,0.9892594686263424,0.016794443590707475,0.13343902020779064,-0.11664457661708316,0.680991338297067,0.2737226277372263,1.0534050297916258,1918,0.23564263159088908,1.490534927053709,-1.2548922954628199,-2.79240609890431,9.453768869199797e-05,0.12534055306068276,1.5089479184836394,9.999434708875071,1769,2023-02-10,2026-08-25,0.08655968918945296,0.11109349480147013,-0.1612066923157377,-0.12952080687813716,0.17279207155734722,10606.917620320759,17574.676013236298,0.024914044462833556,-0.008913679908732753,0.449394626360119,0.0015,-2.1988442359680973,-0.4060768124939107,-1.6593426880730362,,,1,-1.659343,0.7791607361361675,-0.10204216166527169,15575.701222346137,False,-4968.783602025377,0.0,0.007823854031212921,0.01697832253482745,0.9892594686263424,1.3327991197068807,0.1041795681646644,-1.2286195515422162,SPY,0.21037381520456644,19649.4012312515,1.4288247116075652,0.1405684051184841,-0.18709518091808564,0.615783391128984,0.12740493522352692,-0.11882045764251059,-0.11061049163281944,0.6939735557175064,False,1.0,10606.917620320759,-0.1612066923157377,False,0.11521097530623282,1.4056723301793108,0.15982144700308565,0.12009996937557144,848,-0.12060874737627517,0.1381031733282283,-0.07327167859300551,0.009239895162947667,0.014961699172956228,-0.03425575419430063,-0.12709715979748895,-1.9078319379242605,2.23842638720534,-1.9811005302866993,0.2557352614405044,0.33218033133030295,-1.1808554997949574,-4.47994589859722,0.13131209280926548,-0.08964473605415087,0.12355946166367293,close,0.28326200563066056,22.629624390457966,1606,2.218627786155269,0.671342260033752,False,1069,537,run+ledger,0.6549456867559094,this run,1.4877006853447827,-1.2520580537538937,False,False,False,False,False,False,0,6,False,True,underpowered,2000.0
us_etfs,4h,CEIL~MULT|or,False,10,3.537759525439197,0.9892594686263424,0.016794443590707475,0.13343902020779064,-0.11664457661708316,0.680991338297067,0.2737226277372263,1.0534050297916258,1918,0.23564263159088908,1.490534927053709,-1.2548922954628199,-2.79240609890431,9.453768869199797e-05,0.12534055306068276,1.5089479184836394,9.999434708875071,1769,2023-02-10,2026-08-25,0.08655968918945296,0.11109349480147013,-0.1612066923157377,-0.12952080687813716,0.17279207155734722,10606.917620320759,17574.676013236298,0.024914044462833556,-0.008913679908732753,0.449394626360119,0.0015,-2.1988442359680973,-0.4060768124939107,-1.6593426880730362,,,1,-1.659343,0.7791607361361675,-0.10204216166527169,15575.701222346137,False,-4968.783602025377,0.0,0.007823854031212921,0.01697832253482745,0.9892594686263424,1.3327991197068807,0.1041795681646644,-1.2286195515422162,SPY,0.21037381520456644,19649.4012312515,1.4288247116075652,0.1405684051184841,-0.18709518091808564,0.615783391128984,0.12740493522352692,-0.11882045764251059,-0.11061049163281944,0.6939735557175064,False,1.0,10606.917620320759,-0.1612066923157377,False,0.11521097530623282,1.4056723301793108,0.15982144700308565,0.12009996937557144,848,-0.12060874737627517,0.1381031733282283,-0.07327167859300551,0.009239895162947667,0.014961699172956228,-0.03425575419430063,-0.12709715979748895,-1.9078319379242605,2.23842638720534,-1.9811005302866993,0.2557352614405044,0.33218033133030295,-1.1808554997949574,-4.47994589859722,0.13131209280926548,-0.08964473605415087,0.12355946166367293,close,0.28326200563066056,22.629624390457966,1606,2.218627786155269,0.671342260033752,False,1069,537,run+ledger,0.6549456867559094,this run,1.4877006853447827,-1.2520580537538937,False,False,False,False,False,False,0,6,False,True,underpowered,2000.0
us_etfs,4h,CEIL~MULT|and,False,10,3.537759525439197,0.9079580428365053,0.015787550330866873,0.1324559238049261,-0.11666837347405923,0.6806950262257012,0.3004484304932735,1.0587291958018683,1784,0.22518574237893857,1.490534927053709,-1.2653491846747704,-2.8584288987327624,8.723996431192482e-05,0.11618501001312127,1.417921668925413,9.999434708875071,1769,2023-02-10,2026-08-25,0.08594157554131673,0.11109349480147013,-0.15622380016310355,-0.12952080687813716,0.17279207155734722,10569.804966805725,17574.676013236298,0.02251646035898917,-0.009134093108949174,0.4426729610926276,0.0015,-2.1738719852176405,-0.4269100693756985,-1.4750010643586815,,,1,-1.475001,0.7735968311636862,-0.10134174075720026,15527.959746397566,False,-4958.154779591841,0.0,0.007240877205752458,0.017401822182807614,0.9079580428365053,1.3230611639423544,0.10105726729463803,-1.2220038966477165,SPY,0.21037381520456644,19649.4012312515,1.4288247116075652,0.1405684051184841,-0.18709518091808564,0.6113861466157862,0.126469961645151,-0.11801359229839381,-0.11068241131428413,0.6935781643265732,False,1.0,10569.804966805725,-0.15622380016310355,False,0.1044569164500898,1.296989260691558,0.19463488195069534,0.13397152830540504,848,-0.1262899529879976,0.1461456806876567,-0.06638283699700599,0.01624350899619316,0.00967973188810485,-0.026701700828326402,-0.13501569859959767,-2.009165142871124,2.4131416693894927,-1.7550879449317307,0.4484220383385599,0.21468479664384701,-0.919443318571851,-4.627041422163166,0.1562136352421053,-0.1037912810743249,0.1386765197394848,close,0.31901642697867105,23.363032714486415,1606,2.218627786155269,0.6642141214915198,False,1069,537,run+ledger,0.6549456867559094,this run,1.4877006853447827,-1.2625149429658442,False,False,False,False,False,False,0,6,False,True,underpowered,2000.0
us_etfs,4h,MULT~FLOOR|and,False,10,3.537759525439197,0.9079580428365053,0.01565223941742988,0.13245880441071978,-0.1168065649932899,0.6803681752203102,0.30067189249720044,1.0582436767070225,1786,0.22363269122032142,1.490534927053709,-1.2669022358333875,-2.8593146278550283,8.623530356549614e-05,0.11526453135529816,1.407580365218692,9.999434708875071,1769,2023-02-10,2026-08-25,0.08594338708159922,0.11109349480147013,-0.15622380016310422,-0.12952080687813716,0.17279207155734722,10564.824709110935,17574.676013236298,0.0224799607487063,-0.009133173624347605,0.44307898945132157,0.0015,-2.1662344768785857,-0.4291030025430858,-1.475143469548607,,,1,-1.475143,0.7736131376115635,-0.10134379410518879,15528.099481857653,False,-4963.274772746718,0.0,0.007244495303344032,0.0172525586423089,0.9079580428365053,1.3230611639423544,0.100191132216015,-1.2228700317263395,SPY,0.21037381520456644,19649.4012312515,1.4288247116075652,0.1405684051184841,-0.18709518091808564,0.6113990338665233,0.12647270132291322,-0.11801595787883068,-0.11082046190548334,0.6932454008683184,False,1.0,10564.824709110935,-0.15622380016310422,False,0.10353405583621678,1.2863225210241074,0.1983305258579393,0.133995932226607,848,-0.12640379498407184,0.14630158505304997,-0.06642286404820835,0.016191093591611624,0.009437747573692652,-0.026688541928696782,-0.1348813364092404,-2.0114197881239715,2.416391547047305,-1.7560746690299665,0.44701261720145224,0.20926236479783533,-0.9189235257296942,-4.621704830497644,0.15925536487456204,-0.10381236090870329,0.13870326004148403,close,0.31922923381640533,23.361165932464722,1606,2.218627786155269,0.6631462305739992,False,1069,537,run+ledger,0.6549456867559094,this run,1.4877006853447827,-1.2640679941244612,False,False,False,False,False,False,0,6,False,True,underpowered,2000.0
us_etfs,4h,LINEARREG_200,False,10,3.537759525439197,0.8875070661390615,0.014044479458680703,0.13160494417471713,-0.11756046471603643,0.6783733976453338,0.21333333333333335,1.0876074536802396,825,0.20592073176422673,1.490534927053709,-1.2846141952894823,-1.9504106751668069,7.404174751013404e-05,0.17911659170551952,2.1849356903752875,9.999434708875071,1769,2023-02-10,2026-08-25,0.08540631711314037,0.11109349480147013,-0.16598222668470752,-0.12952080687813716,0.17279207155734722,10505.778192207405,17574.676013236298,0.04204999895813935,-0.010484839460582283,0.6586377995391237,0.022,-2.6065440844873353,-0.02867962649913514,-0.11348723768562774,,,1,-0.113487,0.7687787414174513,-0.10073488434363886,15486.71900854818,False,-4980.940816340775,0.0,0.004181027564408935,0.01583866758408492,0.8875070661390615,1.3206154629391313,0.08461435744779454,-1.236001105491337,SPY,0.21037381520456644,19649.4012312515,1.4288247116075652,0.1405684051184841,-0.18709518091808564,0.6075783319953869,0.12566059436536792,-0.11731441060854098,-0.11161611490668721,0.6911319733594071,False,1.0,10505.778192207405,-0.16598222668470752,False,0.14654358724233701,1.805976682147206,0.07092198192410804,0.2921393563299911,848,-0.21008292357132455,0.11725772986051154,-0.043460079336650054,-0.020589147230542254,-0.0323394604811241,-0.06194884165386586,-0.17762700251660646,-3.912782242675517,2.215547129976496,-1.173701781023542,-0.540029559261563,-0.784505373797314,-2.401485671370377,-6.354210202092943,0.028893562188575528,-0.28826457117720533,0.3291996742557477,close,0.6182547645988651,30.058315468004903,1606,2.218627786155269,0.6510630868647908,False,1069,537,run+ledger,0.6549456867559094,this run,1.4896273775372444,-1.2837066457730177,False,False,False,False,False,False,0,6,False,True,underpowered,2000.0
us_etfs,4h,ADD~FLOOR|vote,False,10,3.537759525439197,0.9208529614973935,0.014749848761447693,0.13289943292051798,-0.11814958415907029,0.6772992553389566,0.2945128779395297,1.0553507370058581,1786,0.21288141572900754,1.490534927053709,-1.2776535113247014,-3.058762077410178,7.96243412933273e-05,0.1105216603644068,1.334891010283218,9.999434708875071,1769,2023-02-10,2026-08-25,0.08622046068045282,0.11109349480147013,-0.15402196304951865,-0.12952080687813716,0.17279207155734722,10531.654325332582,17574.676013236298,0.02318701948303375,-0.009171984417055565,0.41770280884562205,0.0,-2.1511194891482317,-0.46837131362226814,-1.296244346596393,,,1,-1.296244,0.7761071954260984,-0.10165781148841757,15549.48457762881,False,-5017.830252296227,0.0,0.007263307426054969,0.01602770168516865,0.9208529614973935,1.324604049469819,0.09576458103384619,-1.228839468435973,SPY,0.21037381520456644,19649.4012312515,1.4288247116075652,0.1405684051184841,-0.18709518091808564,0.6133701282857852,0.1268917675162109,-0.11837771228397309,-0.1121419187547632,0.6901600666543247,False,1.0,10531.654325332582,-0.15402196304951865,False,0.09966895642443757,1.224374095983921,0.2208111366693548,0.13109100303066323,848,-0.12992086135140418,0.1406764308777428,-0.07531160461074432,0.009399392723370481,0.015109575005548614,-0.029322335730967177,-0.13154359957113515,-2.0562239441884214,2.309755837669988,-2.0423071804907553,0.2573118715684191,0.33907255618916143,-1.0037395232278685,-4.508335886285465,0.181912020461249,-0.0960442580881508,0.13508186885691253,close,0.3115282947970961,23.10918247903944,1606,2.218627786155269,0.6557119934037982,False,1069,537,run+ledger,0.6549456867559094,this run,1.4877006853447827,-1.2748192696157752,False,False,False,False,False,False,0,6,False,True,underpowered,2000.0
us_etfs,4h,WILLR~ADD|vote,False,10,3.537759525439197,0.8833741599145782,0.011105356844086645,0.12932607902165594,-0.11822072217756929,0.6762485790759292,0.31282316442605995,1.0448120754732761,1934,0.1734624369721653,1.490534927053709,-1.3170724900815436,-2.97693869799059,5.928494861678901e-05,0.07625422500778407,0.9628029660468818,9.999434708875071,1769,2023-02-10,2026-08-25,0.08397195941745361,0.11109349480147013,-0.15975153208733817,-0.12952080687813716,0.17279207155734722,10398.448607383465,17574.676013236298,0.020610730453950017,-0.008980191418289124,0.4424251298726968,0.0005,-2.2066188638905917,-0.46709857931736604,-1.4139902147178947,,,1,-1.413990,0.7558674751164853,-0.0991071804551783,15376.666109365575,False,-4978.21750198211,0.0,0.0077112352662470395,0.01258070754559637,0.8833741599145782,1.3201214057411295,0.06951643404593583,-1.2506049716951937,SPY,0.21037381520456644,19649.4012312515,1.4288247116075652,0.1405684051184841,-0.18709518091808564,0.5973743484296792,0.12349296617045069,-0.11543861456744653,-0.11238760932636405,0.6887518601296218,False,1.0,10398.448607383465,-0.15975153208733817,False,0.06953596622764732,0.8942605806544095,0.37118248570876133,0.098082604428541,848,-0.10446474841131131,0.13825977579314788,-0.05551271343357347,0.007449865987503981,0.018337185997762358,-0.01624247396860032,-0.11105031311627452,-1.815235910041362,2.225452680314921,-1.4625561006800485,0.18859250658698062,0.41899339368051597,-0.5915972437699817,-4.014165502920298,0.33564641197862155,-0.05945524578497537,0.09968826553707888,close,0.2718083079570724,23.29262439617155,1606,2.218627786155269,0.6279624525306767,False,1069,537,run+ledger,0.6549456867559094,this run,1.4911944522747471,-1.3177320153025818,False,False,False,False,False,False,0,6,False,True,underpowered,2000.0
us_etfs,4h,CEIL~ADD|vote,False,10,3.537759525439197,0.9206833741599145,0.014393412423671093,0.132940386425503,-0.1185469740018319,0.6763714762934941,0.29395296752519595,1.0542626439939764,1786,0.20877010387245779,1.490534927053709,-1.281764823181251,-3.060845325754279,7.721185572745481e-05,0.11085543992411001,1.3387838859588057,9.999434708875071,1769,2023-02-10,2026-08-25,0.08624621015995028,0.11109349480147013,-0.1540219630495171,-0.12952080687813716,0.17279207155734722,10518.572922823538,17574.676013236298,0.02322481674906864,-0.00917165467270382,0.4187617101708293,0.0,-2.156070576463679,-0.47025771204918365,-1.3239419058484274,,,1,-1.323942,0.7763389774898769,-0.1016869902038906,15551.473253226413,False,-5032.9003304028765,0.0,0.007263137838717489,0.01564305145785405,0.9206833741599145,1.3245837542316181,0.0934503894035145,-1.2311333648281035,SPY,0.21037381520456644,19649.4012312515,1.4288247116075652,0.1405684051184841,-0.18709518091808564,0.6135533094172476,0.1269307163991098,-0.11841132549411526,-0.11253730397543871,0.6892185380036172,False,1.0,10518.572922823538,-0.1540219630495171,False,0.100021204269572,1.2285009639527824,0.2192589677496164,0.13116394665933273,848,-0.1299473427230092,0.14065632955263563,-0.075302438936975,0.009294057638685571,0.015157803295216862,-0.0294370034698415,-0.1316038440127699,-2.056821083344429,2.30948776280521,-2.0421667980197165,0.25441191436881694,0.34014642921056615,-1.007635197604184,-4.5105791344116435,0.18064103812349197,-0.0958808174578515,0.13514053864343878,close,0.3110395165660638,23.08357547057984,1606,2.218627786155269,0.6528549119625158,False,1069,537,run+ledger,0.6549456867559094,this run,1.4877006853447827,-1.2789305814723249,False,False,False,False,False,False,0,6,False,True,underpowered,2000.0
us_etfs,4h,MINMAX,False,10,3.537759525439197,0.970096099491238,-1.587906588573773e-05,0.11867107552635114,-0.11868695459223688,0.67247817052384,0.4616122840690979,1.0025718429766144,1042,0.038370656070900476,1.490534927053709,-1.4521642709828084,-3.6108246967089315,2.058255116138552e-05,0.05918554743140767,0.7706325914740365,9.999434708875071,1769,2023-02-10,2026-08-25,0.07724652903972211,0.11109349480147013,-0.09934483145026518,-0.12952080687813716,0.17279207155734722,9999.438248152741,17574.676013236298,0.023544975177875842,-0.02013561731402806,0.4021696961102477,0.0,-2.280867293735196,-0.6542020235481382,-2.6631656753645627,,,1,-2.663166,0.695329003536757,-0.09144636304779707,14869.535825026831,False,-4870.097576874091,0.0,0.005038668460180961,-1.636854535103094e-05,0.970096099491238,1.330501647243504,-0.00015983786628786257,-1.330661485109792,SPY,0.21037381520456644,19649.4012312515,1.4288247116075652,0.1405684051184841,-0.18709518091808564,0.5495298105901648,0.11335422708103571,-0.10660120491246827,-0.11337010614692145,0.6839084676568238,False,1.0,9999.438248152741,-0.09934483145026518,False,0.0589958653840778,0.7792658635005673,0.43582311900663306,0.014973726508869634,848,0.014638993720867714,-0.02264437420439912,-0.03004322048906537,-0.01083465887089416,0.04770848827384044,-0.018136202881071394,0.041212051779098154,0.25608094439213713,-0.6584740250227172,-0.968340960204086,-0.3246442293940072,1.247980957279581,-0.6420872354250345,1.0344752251941463,0.44092473745943384,-0.0016786481607911814,0.014975287334418108,close,0.34224405208773295,24.101010044083267,1606,2.218627786155269,0.5287672030151805,False,1069,537,run+ledger,0.6549456867559094,this run,1.4877006853447827,-1.4493300292738822,False,False,False,False,False,False,0,6,False,True,underpowered,2000.0
us_etfs,4h,ATAN,False,10,3.537759525439197,0.9892594686263424,0.015651371074828946,0.13435273869201958,-0.11870136761719063,0.6763559037183247,0.2655099894847529,1.051703544015478,1902,0.22177046386639146,1.490534927053709,-1.2687644631873174,-3.5567208117174034,8.632291179444529e-05,0.13574280563363658,1.6713047210042755,9.999434708875071,1769,2023-02-10,2026-08-25,0.08713394701858442,0.11109349480147013,-0.13063355008409305,-0.12952080687813716,0.17279207155734722,10564.79275430303,17574.676013236298,0.0255062607419461,-0.008766947980267899,0.3567230970188745,0.0,-1.9700373147006647,-0.582563573346765,-1.5499767929065564,,,1,-1.549977,0.7843298761488899,-0.1026925281278408,15620.167867571163,False,-5055.375113268133,0.0,0.0077566247746551,0.01582263761323599,0.9892594686263424,1.3327991197068807,0.11981126643770801,-1.2129878532691727,SPY,0.21037381520456644,19649.4012312515,1.4288247116075652,0.1405684051184841,-0.18709518091808564,0.6198686464795545,0.12827387885460273,-0.11956955083132148,-0.11262250777977378,0.6893360101087809,False,1.0,10564.79275430303,-0.13063355008409305,False,0.12757270015658284,1.5949541528806093,0.11072248852600763,0.12329898619439972,848,-0.12252887557392085,0.1435894534372089,-0.0658269862332796,0.00948088353997982,0.0324435572828502,-0.025531159722130072,-0.1281957483487995,-1.9742716593425125,2.364079701412944,-1.71106406496359,0.26434651700306755,0.7286011410536394,-0.8901049667112791,-4.562893427396757,0.0946615044246868,-0.07230379851749541,0.12555137762078072,close,0.11681764438621801,22.279399579242266,1606,2.218627786155269,0.6617124287801768,False,1069,537,run+ledger,0.6549456867559094,this run,1.4877006853447827,-1.2659302214783912,False,False,False,False,False,False,0,6,False,True,underpowered,2000.0
us_etfs,4h,WILLR~ADD|and,False,10,3.537759525439197,0.8798693549400164,0.009512505567080387,0.12866997878966346,-0.11915747322258308,0.6738712158323171,0.3103983445421624,1.0400625000471408,1933,0.15503959116389937,1.490534927053709,-1.3354953358898096,-3.0056818139146015,5.153444003486163e-05,0.07006671954125734,0.884829663609462,9.999434708875071,1769,2023-02-10,2026-08-25,0.0835587351681535,0.11109349480147013,-0.15975153208733872,-0.12952080687813716,0.17279207155734722,10340.611391216877,17574.676013236298,0.02073684180038422,-0.008974376335866258,0.4443235906433023,0.0005,-2.2277021160841977,-0.4744584179159372,-1.4139902147178947,,,1,-1.413990,0.7521478671408918,-0.09863785452095886,15345.085452930201,False,-5004.474061713325,0.0,0.007697610940221578,0.010818271973604743,0.8798693549400164,1.3197024837191487,0.05954562965868614,-1.2601568540604626,SPY,0.21037381520456644,19649.4012312515,1.4288247116075652,0.1405684051184841,-0.18709518091808564,0.5944346818029446,0.12286883829456441,-0.11489763077367943,-0.11335633272748402,0.6862687348829115,False,1.0,10340.611391216877,-0.15975153208733872,False,0.06487861131911608,0.834918681765462,0.40376349538994494,0.09914534490845417,848,-0.10345535941247479,0.1395479025597148,-0.06002712125031071,0.00751277321654735,0.015805054937042873,-0.019737695768280477,-0.11146895544116389,-1.786950288037374,2.2449853708502814,-1.5981994239116384,0.19020391539640819,0.361364793139109,-0.7239200154358517,-4.025035807220463,0.37624850799759146,-0.04591371955162776,0.10011109157664555,close,0.2590689360263036,23.679191645722703,1606,2.218627786155269,0.6147621976889004,False,1069,537,run+ledger,0.6549456867559094,this run,1.4925233697573104,-1.337483778593411,False,False,False,False,False,False,0,6,False,True,underpowered,2000.0
us_etfs,4h,LN,False,10,3.537759525439197,0.9892594686263424,0.015137491705859096,0.13440898803611034,-0.11927149633025125,0.675027600700352,0.2644281217208814,1.0501229222460982,1906,0.21590972546032153,1.490534927053709,-1.2746252015933874,-3.5708756830022126,8.259266475207916e-05,0.1345905661804998,1.658574865971372,9.999434708875071,1769,2023-02-10,2026-08-25,0.08716929146694555,0.11109349480147013,-0.12978718045404247,-0.12952080687813716,0.17279207155734722,10545.89426981281,17574.676013236298,0.025571528232101706,-0.008753849342396015,0.3569503154816487,0.0,-1.965827464700645,-0.5826194691931905,-1.5499767929065564,,,1,-1.549977,0.784648026625876,-0.10273254562496004,15622.908246820241,False,-5077.013977007432,0.0,0.00777228427638375,0.015303092814890507,0.9892594686263424,1.3327991197068807,0.11663318097290255,-1.216165938733978,SPY,0.21037381520456644,19649.4012312515,1.4288247116075652,0.1405684051184841,-0.18709518091808564,0.6201200859714613,0.12832737030408747,-0.11961563956531074,-0.11318987859822838,0.6879875141612972,False,1.0,10545.89426981281,-0.12978718045404247,False,0.12634188070801036,1.5814749172736924,0.11376948964124178,0.12426510007968339,848,-0.12379833078653286,0.1428138269381104,-0.0632460318559141,0.007488902547157297,0.0324690730187858,-0.025203937953588117,-0.12838304496412606,-2.0032697643264448,2.355772939672415,-1.6440357324266102,0.20786770431003332,0.7287045919708898,-0.8807101201417542,-4.571112806640885,0.09720148994081956,-0.07299921575212599,0.12655863317329474,close,0.1183574123240827,22.249699839524446,1606,2.218627786155269,0.6576727331123491,False,1069,537,run+ledger,0.6549456867559094,this run,1.4877006853447827,-1.2717909598844612,False,False,False,False,False,False,0,6,False,True,underpowered,2000.0
us_etfs,4h,LOG10,False,10,3.537759525439197,0.9892594686263424,0.015137491705859096,0.13440898803611034,-0.11927149633025125,0.675027600700352,0.2644281217208814,1.0501229222460982,1906,0.21590972546032153,1.490534927053709,-1.2746252015933874,-3.5708756830022126,8.259266475207916e-05,0.1345905661804998,1.658574865971372,9.999434708875071,1769,2023-02-10,2026-08-25,0.08716929146694555,0.11109349480147013,-0.12978718045404247,-0.12952080687813716,0.17279207155734722,10545.89426981281,17574.676013236298,0.025571528232101706,-0.008753849342396015,0.3569503154816487,0.0,-1.965827464700645,-0.5826194691931905,-1.5499767929065564,,,1,-1.549977,0.784648026625876,-0.10273254562496004,15622.908246820241,False,-5077.013977007432,0.0,0.00777228427638375,0.015303092814890507,0.9892594686263424,1.3327991197068807,0.11663318097290255,-1.216165938733978,SPY,0.21037381520456644,19649.4012312515,1.4288247116075652,0.1405684051184841,-0.18709518091808564,0.6201200859714613,0.12832737030408747,-0.11961563956531074,-0.11318987859822838,0.6879875141612972,False,1.0,10545.89426981281,-0.12978718045404247,False,0.12634188070801036,1.5814749172736924,0.11376948964124178,0.12426510007968339,848,-0.12379833078653286,0.1428138269381104,-0.0632460318559141,0.007488902547157297,0.0324690730187858,-0.025203937953588117,-0.12838304496412606,-2.0032697643264448,2.355772939672415,-1.6440357324266102,0.20786770431003332,0.7287045919708898,-0.8807101201417542,-4.571112806640885,0.09720148994081956,-0.07299921575212599,0.12655863317329474,close,0.1183574123240827,22.249699839524446,1606,2.218627786155269,0.6576727331123491,False,1069,537,run+ledger,0.6549456867559094,this run,1.4877006853447827,-1.2717909598844612,False,False,False,False,False,False,0,6,False,True,underpowered,2000.0
us_etfs,4h,MULT~FLOOR|vote,False,10,3.537759525439197,0.9211921361723511,0.01367263002695851,0.13295122377925206,-0.11927859375229355,0.6746499331490773,0.2945128779395297,1.0519051297354318,1786,0.2005191126602938,1.490534927053709,-1.290015814393415,-3.043504320222275,7.256485252021827e-05,0.1102384083533034,1.3290340318160703,9.999434708875071,1769,2023-02-10,2026-08-25,0.08625302406019363,0.11109349480147013,-0.15623161896165516,-0.12952080687813716,0.17279207155734722,10492.155449058198,17574.676013236298,0.023187185624492786,-0.009202093989451928,0.42385870978464785,0.0,-2.174051818441799,-0.4807450846952483,-1.3829657998401932,,,1,-1.382966,0.7764003123165067,-0.10169471144197662,15551.999538610713,False,-5059.844089552515,0.0,0.0072648337120922776,0.01485096622164117,0.9211921361723511,1.324644640265488,0.0875151273335666,-1.2371295129319213,SPY,0.21037381520456644,19649.4012312515,1.4288247116075652,0.1405684051184841,-0.18709518091808564,0.613601783327424,0.12694102326257273,-0.11842022014714115,-0.11326839323561422,0.687465316514339,False,1.0,10492.155449058198,-0.15623161896165516,False,0.09917868059758152,1.2152982826828365,0.224252346669934,0.13115882489880804,848,-0.1303290320624259,0.14027583937877414,-0.07498260062131135,0.009275184578475287,0.014476118552237627,-0.029492263843212848,-0.13134248080720687,-2.0645180639289964,2.3039983506497523,-2.0336828980172323,0.25380311711291087,0.3242715933100043,-1.0100402990091983,-4.499298554029496,0.18383674243053694,-0.09787637742914894,0.13530056522575873,close,0.31259259312412624,23.076410309256573,1606,2.218627786155269,0.6470967407387548,False,1069,537,run+ledger,0.6549456867559094,this run,1.4877006853447827,-1.2871815726844889,False,False,False,False,False,False,0,6,False,True,underpowered,2000.0
us_etfs,4h,WILLR~MULT|vote,False,10,3.537759525439197,0.8833741599145782,0.010036373254850517,0.12937198834339214,-0.11933561508854162,0.6736257344893454,0.31350232798758404,1.0415510558728278,1933,0.1608386219778977,1.490534927053709,-1.3296963050758113,-2.9621535687854768,5.383502083988745e-05,0.07597172536712093,0.9570281673007199,9.999434708875071,1769,2023-02-10,2026-08-25,0.08400086955704812,0.11109349480147013,-0.1619479920651531,-0.12952080687813716,0.17279207155734722,10359.607750856663,17574.676013236298,0.02055063599049344,-0.009010448412044089,0.44889512788528546,0.0005,-2.227066989519046,-0.46272107008783947,-1.5016484490355542,,,1,-1.501648,0.756127707631865,-0.09914000889256624,15378.877647407515,False,-5019.269896550851,0.0,0.007708804280017817,0.011368912244155815,0.8833741599145782,1.3201214057411295,0.061972816870818605,-1.2581485888703108,SPY,0.21037381520456644,19649.4012312515,1.4288247116075652,0.1405684051184841,-0.18709518091808564,0.5975800144153617,0.12353663739401388,-0.11547645325825451,-0.11350026413916336,0.6860848440274672,False,1.0,10359.607750856663,-0.1619479920651531,False,0.069046387189748,0.8853054526370265,0.37599190993786813,0.09808515169202481,848,-0.1048728033069666,0.13785897105770734,-0.05518361399582056,0.0073257121237921136,0.017704047591082867,-0.016412425724461187,-0.11084929488901656,-1.8240004490388322,2.2198411234781203,-1.4534889181952986,0.18527724106881832,0.40369564316124795,-0.5980295940686238,-4.004361628725003,0.3385530380918109,-0.06128785701097988,0.09978979715097624,close,0.2722794353687658,23.262661811959592,1606,2.218627786155269,0.6189360590935878,False,1069,537,run+ledger,0.6549456867559094,this run,1.4911944522747471,-1.3303558302968495,False,False,False,False,False,False,0,6,False,True,underpowered,2000.0
us_etfs,4h,CDLHIKKAKE,False,10,3.537759525439197,0.6653916211293259,-0.019208220194519177,0.10021377370794049,-0.11942199390245967,0.6659856609232176,0.545816733067729,0.95313586044218,1757,-0.2631966050560219,1.490534927053709,-1.7537315321097309,-3.385053680777921,1.3459486460920544e-06,-0.03716996365028963,-0.4879272150165216,9.999434708875071,1769,2023-02-10,2026-08-25,0.06552048177227153,0.11109349480147013,-0.18202253500407495,-0.12952080687813716,0.17279207155734722,9336.85910196168,17574.676013236298,0.01218317809669065,-0.015361071092107772,0.5180808629618852,0.0,-2.737940049382822,-0.7130366268298558,-1.1714828521419867,,,1,-1.171483,0.5897778433324116,-0.07797540718478169,14019.60980513984,False,-4682.7507031781615,0.0,0.007108545336346642,-0.028727674016630567,0.6653916211293259,1.2941579223300232,-0.10552660523099056,-1.3996845275610137,SPY,0.21037381520456644,19649.4012312515,1.4288247116075652,0.1405684051184841,-0.18709518091808564,0.4661110134745058,0.09577624161838405,-0.09102574241839045,-0.11498446181290323,0.6755762073679095,False,1.0,9336.85910196168,-0.18202253500407495,False,-0.03598951707433501,-0.502740855301645,0.6151464814352126,0.015483668904343495,848,0.008230194875121291,-0.04926860078499343,-0.006020421778217114,-0.04979987232143856,-0.011392799752901374,-0.013235534590441484,-0.028345143387178397,0.17230347879634597,-1.06161646977611,-0.13671458392412383,-1.4467395364365625,-0.34474370389476455,-0.6109399590768163,-0.8178010999507217,0.6256013968380498,0.010446715973031723,0.015564594231028628,close,-1.0358499696171803,30.29912261951644,1606,2.218627786155269,0.3093498534545928,False,1069,537,run+ledger,0.6549456867559094,this run,1.5585805758637035,-1.8217771809197254,False,False,False,False,False,False,0,6,False,True,underpowered,2000.0
us_etfs,4h,CEIL~MULT|vote,False,10,3.537759525439197,0.9210225488348721,0.013316572068052146,0.1329921491011392,-0.11967557703308707,0.6737258464294197,0.29395296752519595,1.0508231944461948,1786,0.1964130836157282,1.490534927053709,-1.2941218434379806,-3.045289336039111,7.035811842703854e-05,0.11057218791300664,1.3329209952688836,9.999434708875071,1769,2023-02-10,2026-08-25,0.08627875524426926,0.11109349480147013,-0.15623161896165605,-0.12952080687813716,0.17279207155734722,10479.123108233429,17574.676013236298,0.023224983206987595,-0.009201740367564578,0.4249585837781819,0.0,-2.17834574454975,-0.48139791267438986,-1.4105059787287726,,,1,-1.410506,0.7766319296953786,-0.10172386854739945,15553.987076152991,False,-5074.863967919563,0.0,0.007264664124754798,0.014466686481582336,0.9210225488348721,1.3246243448144632,0.08523608829349989,-1.2393882565209633,SPY,0.21037381520456644,19649.4012312515,1.4288247116075652,0.1405684051184841,-0.18709518091808564,0.6137848343057284,0.12697994522428036,-0.11845380819168905,-0.11366337315622821,0.686527525776894,False,1.0,10479.123108233429,-0.15623161896165605,False,0.09953092844271595,1.219416204892041,0.22268626245005185,0.13123177810528586,848,-0.13035551343403096,0.14025573805366695,-0.074973434947542,0.009169849493790336,0.014524346841905865,-0.029606931582087177,-0.1314027252488416,-2.0651164347721975,2.303730228478784,-2.0335435728785742,0.25090467265577204,0.3253439689317821,-1.0139372492206142,-4.50153969210187,0.18255773182877677,-0.09771293679884972,0.13535896861802044,close,0.31210479482523323,23.050868755054143,1606,2.218627786155269,0.6442178698800631,False,1069,537,run+ledger,0.6549456867559094,this run,1.4877006853447827,-1.2912876017290544,False,False,False,False,False,False,0,6,False,True,underpowered,2000.0
us_etfs,4h,TSF_200,False,10,3.537759525439197,0.8875070661390615,0.011849182857764928,0.13177223653981907,-0.11992305368205414,0.6728401147772877,0.21385176184690158,1.075586145524926,823,0.18042607102344302,1.490534927053709,-1.3101088560302658,-2.0202086295222856,6.116231001512817e-05,0.18086252187410276,2.2054867848996103,9.999434708875071,1769,2023-02-10,2026-08-25,0.08551155804799336,0.11109349480147013,-0.1653944868998194,-0.12952080687813716,0.17279207155734722,10425.536621688147,17574.676013236298,0.041825036475222795,-0.01057790143700689,0.6485017620878416,0.017,-2.633423712891693,-0.09353484860673036,-0.2632416413831482,,,1,-0.263242,0.7697260600254495,-0.10085422639125896,15494.820229526647,False,-5069.2836078385,0.0,0.004188207443956761,0.013361077279472555,0.8875070661390615,1.3206154629391313,0.07164194574963108,-1.2489735171895002,SPY,0.21037381520456644,19649.4012312515,1.4288247116075652,0.1405684051184841,-0.18709518091808564,0.6083270132852137,0.12581970941799647,-0.11745191632368157,-0.11397052656023154,0.6855103445081445,False,1.0,10425.536621688147,-0.1653944868998194,False,0.1475992513312692,1.8179540373198557,0.06907115808111253,0.29070960175829186,848,-0.21129512662642785,0.11459982095390822,-0.04273674204350977,-0.01925246999352953,-0.033853358402164316,-0.06268257111198547,-0.17447083725818066,-3.9356458560268113,2.1616851726435318,-1.1548895922587068,-0.5075819507285418,-0.8149040721992296,-2.407401744730511,-6.22570725258253,0.027419954119625167,-0.2943732878500464,0.32932052664671485,close,0.6297361964045826,29.974854788643636,1606,2.218627786155269,0.6330908987529267,False,1069,537,run+ledger,0.6549456867559094,this run,1.4896273775372444,-1.3092013065138013,False,False,False,False,False,False,0,6,False,True,underpowered,2000.0
us_etfs,4h,WILLR~MULT|and,False,10,3.537759525439197,0.8798693549400164,0.008445206007963613,0.1287160372865599,-0.12027083127859628,0.6712572219290999,0.3110766045548654,1.0368179390284922,1932,0.1423595667750892,1.490534927053709,-1.3481753602786197,-2.988671164967694,4.6740915157716945e-05,0.0697842199005942,0.8792400325384689,9.999434708875071,1769,2023-02-10,2026-08-25,0.08358774752429764,0.11109349480147013,-0.1619479920651521,-0.12952080687813716,0.17279207155734722,10301.986571437452,17574.676013236298,0.02067603754713776,-0.00900453366159728,0.4510952479755975,0.0005,-2.261806173229112,-0.4723695997843463,-1.5016484490355542,,,1,-1.501648,0.7524090197510962,-0.0986708116104944,15347.30090773694,False,-5045.314336299489,0.0,0.007695179953992354,0.009603770172176063,0.8798693549400164,1.3197024837191487,0.05214764258741834,-1.2675548411317303,SPY,0.21037381520456644,19649.4012312515,1.4288247116075652,0.1405684051184841,-0.18709518091808564,0.5946410749545186,0.12291265310013966,-0.11493562164392224,-0.11446744709217604,0.6836109725631178,False,1.0,10301.986571437452,-0.1619479920651521,False,0.06438903228121677,0.8261418786847183,0.4087236137630317,0.09914238465832259,848,-0.10386341430813008,0.13914709782427426,-0.05969802181255782,0.007388619352835482,0.015171916530363382,-0.01990764752414135,-0.11126793721390589,-1.7956443575874428,2.2393722959505884,-1.5889345686864609,0.18688396802646673,0.3461772009587597,-0.7304494325311317,-4.015312336331831,0.37927114281972263,-0.04774633077763228,0.10018582357432693,close,0.2595471614913571,23.648420914396567,1606,2.218627786155269,0.6056034263006715,False,1069,537,run+ledger,0.6549456867559094,this run,1.4925233697573104,-1.3501638029822212,False,False,False,False,False,False,0,6,False,True,underpowered,2000.0
us_etfs,4h,MOM,False,10,3.537759525439197,0.9931599773883548,0.015637182665483307,0.13715883986647404,-0.12152165720099073,0.6704366969525432,0.3443140794223827,1.0458693173199196,2216,0.21891007076610017,1.490534927053709,-1.2716248562876087,-4.149800091067667,8.184592861948392e-05,0.10825318675981534,1.1856504306291402,9.999434708875071,1769,2023-02-10,2026-08-25,0.08889612741287878,0.11109349480147013,-0.09952156157583336,-0.12952080687813716,0.17279207155734722,10564.27063392556,17574.676013236298,0.01864093940697489,-0.009359427750698262,0.30643038902638875,0.0,-1.8843028030409132,-0.6749703037903053,-1.132410696048966,,,1,-1.132411,0.8001920145886201,-0.1046861005923615,15757.297716466364,False,-5193.027082540804,0.0,0.008908521043289645,0.01574572145689679,0.9931599773883548,1.3332669076122854,0.15712356616880552,-1.1761433414434799,SPY,0.21037381520456644,19649.4012312515,1.4288247116075652,0.1405684051184841,-0.18709518091808564,0.6324047522481946,0.1309421834118214,-0.1218650854050074,-0.1153050007463381,0.6835656371982085,False,1.0,10564.27063392556,-0.09952156157583336,False,0.09603307289735769,1.0795378613148092,0.28034802512588475,0.13258127314400947,848,-0.16269495483780058,0.15192592510784386,-0.037028158048266285,-0.014460987127625627,-0.012285225109420317,0.0037487997172066957,-0.10470232250064414,-2.433343248803539,2.6028337877047867,-0.9631695069749495,-0.4051713373093911,-0.2751788685188531,0.1268125215897001,-3.753582544851476,0.2357603776915851,-0.10814556226397927,0.13733768971974636,close,0.5496103816397498,23.637277990845085,1606,2.218627786155269,0.660060946498404,False,1069,537,run+ledger,0.6549456867559094,this run,1.4877006853447827,-1.2687906145786825,False,False,False,False,False,False,0,6,False,True,underpowered,2000.0
us_etfs,4h,ROC,False,10,3.537759525439197,0.9931599773883548,0.015637182665483307,0.13715883986647404,-0.12152165720099073,0.6704366969525432,0.3443140794223827,1.0458693173199196,2216,0.21891007076610017,1.490534927053709,-1.2716248562876087,-4.149800091067667,8.184592861948392e-05,0.10825318675981534,1.1856504306291402,9.999434708875071,1769,2023-02-10,2026-08-25,0.08889612741287878,0.11109349480147013,-0.09952156157583336,-0.12952080687813716,0.17279207155734722,10564.27063392556,17574.676013236298,0.01864093940697489,-0.009359427750698262,0.30643038902638875,0.0,-1.8843028030409132,-0.6749703037903053,-1.132410696048966,,,1,-1.132411,0.8001920145886201,-0.1046861005923615,15757.297716466364,False,-5193.027082540804,0.0,0.008908521043289645,0.01574572145689679,0.9931599773883548,1.3332669076122854,0.15712356616880552,-1.1761433414434799,SPY,0.21037381520456644,19649.4012312515,1.4288247116075652,0.1405684051184841,-0.18709518091808564,0.6324047522481946,0.1309421834118214,-0.1218650854050074,-0.1153050007463381,0.6835656371982085,False,1.0,10564.27063392556,-0.09952156157583336,False,0.09603307289735769,1.0795378613148092,0.28034802512588475,0.13258127314400947,848,-0.16269495483780058,0.15192592510784386,-0.037028158048266285,-0.014460987127625627,-0.012285225109420317,0.0037487997172066957,-0.10470232250064414,-2.433343248803539,2.6028337877047867,-0.9631695069749495,-0.4051713373093911,-0.2751788685188531,0.1268125215897001,-3.753582544851476,0.2357603776915851,-0.10814556226397927,0.13733768971974636,close,0.5496103816397498,23.637277990845085,1606,2.218627786155269,0.660060946498404,False,1069,537,run+ledger,0.6549456867559094,this run,1.4877006853447827,-1.2687906145786825,False,False,False,False,False,False,0,6,False,True,underpowered,2000.0
us_etfs,4h,ROCP,False,10,3.537759525439197,0.9931599773883548,0.015637182665483307,0.13715883986647404,-0.12152165720099073,0.6704366969525432,0.3443140794223827,1.0458693173199196,2216,0.21891007076610017,1.490534927053709,-1.2716248562876087,-4.149800091067667,8.184592861948392e-05,0.10825318675981534,1.1856504306291402,9.999434708875071,1769,2023-02-10,2026-08-25,0.08889612741287878,0.11109349480147013,-0.09952156157583336,-0.12952080687813716,0.17279207155734722,10564.27063392556,17574.676013236298,0.01864093940697489,-0.009359427750698262,0.30643038902638875,0.0,-1.8843028030409132,-0.6749703037903053,-1.132410696048966,,,1,-1.132411,0.8001920145886201,-0.1046861005923615,15757.297716466364,False,-5193.027082540804,0.0,0.008908521043289645,0.01574572145689679,0.9931599773883548,1.3332669076122854,0.15712356616880552,-1.1761433414434799,SPY,0.21037381520456644,19649.4012312515,1.4288247116075652,0.1405684051184841,-0.18709518091808564,0.6324047522481946,0.1309421834118214,-0.1218650854050074,-0.1153050007463381,0.6835656371982085,False,1.0,10564.27063392556,-0.09952156157583336,False,0.09603307289735769,1.0795378613148092,0.28034802512588475,0.13258127314400947,848,-0.16269495483780058,0.15192592510784386,-0.037028158048266285,-0.014460987127625627,-0.012285225109420317,0.0037487997172066957,-0.10470232250064414,-2.433343248803539,2.6028337877047867,-0.9631695069749495,-0.4051713373093911,-0.2751788685188531,0.1268125215897001,-3.753582544851476,0.2357603776915851,-0.10814556226397927,0.13733768971974636,close,0.5496103816397498,23.637277990845085,1606,2.218627786155269,0.660060946498404,False,1069,537,run+ledger,0.6549456867559094,this run,1.4877006853447827,-1.2687906145786825,False,False,False,False,False,False,0,6,False,True,underpowered,2000.0
us_etfs,4h,ROCR,False,10,3.537759525439197,0.9931599773883548,0.015637182665483307,0.13715883986647404,-0.12152165720099073,0.6704366969525432,0.3443140794223827,1.0458693173199196,2216,0.21891007076610017,1.490534927053709,-1.2716248562876087,-4.149800091067667,8.184592861948392e-05,0.10825318675981534,1.1856504306291402,9.999434708875071,1769,2023-02-10,2026-08-25,0.08889612741287878,0.11109349480147013,-0.09952156157583336,-0.12952080687813716,0.17279207155734722,10564.27063392556,17574.676013236298,0.01864093940697489,-0.009359427750698262,0.30643038902638875,0.0,-1.8843028030409132,-0.6749703037903053,-1.132410696048966,,,1,-1.132411,0.8001920145886201,-0.1046861005923615,15757.297716466364,False,-5193.027082540804,0.0,0.008908521043289645,0.01574572145689679,0.9931599773883548,1.3332669076122854,0.15712356616880552,-1.1761433414434799,SPY,0.21037381520456644,19649.4012312515,1.4288247116075652,0.1405684051184841,-0.18709518091808564,0.6324047522481946,0.1309421834118214,-0.1218650854050074,-0.1153050007463381,0.6835656371982085,False,1.0,10564.27063392556,-0.09952156157583336,False,0.09603307289735769,1.0795378613148092,0.28034802512588475,0.13258127314400947,848,-0.16269495483780058,0.15192592510784386,-0.037028158048266285,-0.014460987127625627,-0.012285225109420317,0.0037487997172066957,-0.10470232250064414,-2.433343248803539,2.6028337877047867,-0.9631695069749495,-0.4051713373093911,-0.2751788685188531,0.1268125215897001,-3.753582544851476,0.2357603776915851,-0.10814556226397927,0.13733768971974636,close,0.5496103816397498,23.637277990845085,1606,2.218627786155269,0.660060946498404,False,1069,537,run+ledger,0.6549456867559094,this run,1.4877006853447827,-1.2687906145786825,False,False,False,False,False,False,0,6,False,True,underpowered,2000.0
us_etfs,4h,ROCR100,False,10,3.537759525439197,0.9931599773883548,0.015637182665483307,0.13715883986647404,-0.12152165720099073,0.6704366969525432,0.3443140794223827,1.0458693173199196,2216,0.21891007076610017,1.490534927053709,-1.2716248562876087,-4.149800091067667,8.184592861948392e-05,0.10825318675981534,1.1856504306291402,9.999434708875071,1769,2023-02-10,2026-08-25,0.08889612741287878,0.11109349480147013,-0.09952156157583336,-0.12952080687813716,0.17279207155734722,10564.27063392556,17574.676013236298,0.01864093940697489,-0.009359427750698262,0.30643038902638875,0.0,-1.8843028030409132,-0.6749703037903053,-1.132410696048966,,,1,-1.132411,0.8001920145886201,-0.1046861005923615,15757.297716466364,False,-5193.027082540804,0.0,0.008908521043289645,0.01574572145689679,0.9931599773883548,1.3332669076122854,0.15712356616880552,-1.1761433414434799,SPY,0.21037381520456644,19649.4012312515,1.4288247116075652,0.1405684051184841,-0.18709518091808564,0.6324047522481946,0.1309421834118214,-0.1218650854050074,-0.1153050007463381,0.6835656371982085,False,1.0,10564.27063392556,-0.09952156157583336,False,0.09603307289735769,1.0795378613148092,0.28034802512588475,0.13258127314400947,848,-0.16269495483780058,0.15192592510784386,-0.037028158048266285,-0.014460987127625627,-0.012285225109420317,0.0037487997172066957,-0.10470232250064414,-2.433343248803539,2.6028337877047867,-0.9631695069749495,-0.4051713373093911,-0.2751788685188531,0.1268125215897001,-3.753582544851476,0.2357603776915851,-0.10814556226397927,0.13733768971974636,close,0.5496103816397498,23.637277990845085,1606,2.218627786155269,0.660060946498404,False,1069,537,run+ledger,0.6549456867559094,this run,1.4877006853447827,-1.2687906145786825,False,False,False,False,False,False,0,6,False,True,underpowered,2000.0
us_etfs,4h,ADD~CEIL|gate,False,10,3.537759525439197,0.9761949626279756,0.013529497789544376,0.13572090238994372,-0.12219140460039934,0.6685133103698044,0.3088888888888889,1.0475538366171313,1800,0.1966571630834457,1.490534927053709,-1.2938777639702632,-3.210083630936685,7.000102823812027e-05,0.10148060522614215,1.2059670024835645,9.999434708875071,1769,2023-02-10,2026-08-25,0.08799339426119245,0.11109349480147013,-0.14774406853959698,-0.12952080687813716,0.17279207155734722,10486.915163517251,17574.676013236298,0.022092469722940617,-0.009425889146736987,0.40306668383985894,0.0,-2.0981015438797117,-0.5101015028598082,-1.073694702935059,,,1,-1.073695,0.7920661278902175,-0.10366523575423015,15686.920515787726,False,-5200.005352270474,0.0,0.007394752120269078,0.013861698130217315,0.9761949626279756,1.3312326895085007,0.09157388126155688,-1.2396588082469437,SPY,0.21037381520456644,19649.4012312515,1.4288247116075652,0.1405684051184841,-0.18709518091808564,0.6259827319448026,0.1295749119587244,-0.12068971781842752,-0.11604541416918002,0.6814705223122993,False,1.0,10486.915163517251,-0.14774406853959698,False,0.08925406269501548,1.08452689879243,0.2781312471273425,0.13815737107711556,848,-0.13521667998966422,0.14907664476960195,-0.06874862607623691,0.016412467551099652,0.010492285745207216,-0.021724751372679943,-0.1397258753164454,-2.1425778519307914,2.4720951747105127,-1.8111183790169718,0.4396565566912987,0.23199928105097586,-0.7353902824415409,-4.612008518049342,0.22783021383054058,-0.10820245469523179,0.14302039385762244,close,0.41343607522274683,22.710922044134897,1606,2.218627786155269,0.6444513031488738,False,1069,537,run+ledger,0.6549456867559094,this run,1.4877006853447827,-1.291043522261337,False,False,False,False,False,False,0,6,False,True,underpowered,2000.0
us_etfs,4h,ADD~FLOOR|gate,False,10,3.537759525439197,0.9760253752904967,0.013033665839255804,0.13578807471711096,-0.12275440887785516,0.6672174002734303,0.3089295618413755,1.045970682689963,1803,0.19104677077717724,1.490534927053709,-1.2994881562765317,-3.2119175358779937,6.711954324850611e-05,0.10089390612802224,1.1994635862619607,9.999434708875071,1769,2023-02-10,2026-08-25,0.08803557726840042,0.11109349480147013,-0.14774406853959587,-0.12952080687813716,0.17279207155734722,10468.776529693878,17574.676013236298,0.022040114764366316,-0.00941957899313932,0.40458328763453455,0.0,-2.110791734173039,-0.5092302389568312,-1.101510657659836,,,1,-1.101511,0.7924458351564562,-0.10371295783742862,15690.203111315293,False,-5221.426581621416,0.0,0.007401649140777269,0.013355947259407142,0.9760253752904967,1.3312123600586279,0.08821786192900692,-1.242994498129621,SPY,0.21037381520456644,19649.4012312515,1.4288247116075652,0.1405684051184841,-0.18709518091808564,0.6262828207675535,0.1296387857209762,-0.12074466826656116,-0.1166051198817204,0.6801557466098118,False,1.0,10468.776529693878,-0.14774406853959587,False,0.08868344992627689,1.0779332095870962,0.2810635636981953,0.13823971658262113,848,-0.1353570033573434,0.14921244780988802,-0.06877948745366992,0.01625471706183318,0.010298529720463252,-0.021826260211924638,-0.13965175756772288,-2.1454487388248373,2.475057997110151,-1.8119187788254765,0.43544323336208474,0.22766286495063862,-0.7387476301368449,-4.609035853034663,0.23034773563311162,-0.10806009389931076,0.14308925433619624,close,0.4115823951956356,22.674050838567773,1606,2.218627786155269,0.6405012332192749,False,1069,537,run+ledger,0.6549456867559094,this run,1.4877006853447827,-1.2966539145676055,False,False,False,False,False,False,0,6,False,True,underpowered,2000.0
us_etfs,4h,SUM,False,10,3.537759525439197,0.9728660260033917,0.007718898850246125,0.13103132489557523,-0.1233124260453291,0.6647121438891975,0.33676092544987146,1.0648472308491546,389,0.13295859335621224,1.490534927053709,-1.3575763336974966,-4.670254901366393,4.482107002129476e-05,0.06700232667938653,0.910767034742523,9.999434708875071,1769,2023-02-10,2026-08-25,0.08504540456455793,0.11109349480147013,-0.12911789354102376,-0.12952080687813716,0.17279207155734722,10275.761276592248,17574.676013236298,0.05285162363770592,-0.025201281038475916,0.29068570396453214,0.0,-1.9116304376075912,-0.7734974506136607,-0.6393198821379876,,,1,-0.639320,0.7655300134048219,-0.10032552531079819,15458.964261536252,False,-5183.202984944004,0.0,0.0023784701270543607,0.007935036745922774,0.9728660260033917,1.330833648828292,0.059781790413066575,-1.2710518584152253,SPY,0.21037381520456644,19649.4012312515,1.4288247116075652,0.1405684051184841,-0.18709518091808564,0.6050108094551815,0.12511500200717363,-0.11684272051582134,-0.1173961031569275,0.677160521574821,False,1.0,10275.761276592248,-0.12911789354102376,False,0.07817388683764835,1.1112067832059227,0.26647935216647567,0.24011191251119623,848,-0.04799436696112464,0.14264012499460726,-0.017484477588805426,-0.03513879895024074,-0.0011125699991441675,-0.028235508866641036,-0.26514576911151394,-1.0588139677329569,4.253475117588062,-0.6074701741100562,-0.9854685628625233,-0.026927542281004902,-1.1725985659905795,-8.785483545784075,0.36241813518775334,0.0988660718123711,0.24451839583940693,close,-0.3871260562147168,16.308356764110904,1606,2.218627786155269,0.5985926932625403,False,1069,537,run+ledger,0.6549456867559094,this run,1.4877006853447827,-1.3547420919885704,False,False,False,False,False,False,0,6,False,True,underpowered,2000.0
us_etfs,4h,TRIMA_21,False,10,3.537759525439197,0.9886941775014131,0.01106781224724207,0.13441252075596122,-0.12334470850871915,0.6654950519631686,0.2742825607064018,1.0378230666098607,1812,0.16981789582386642,1.490534927053709,-1.3207170312298424,-3.318442905586355,5.8015240102349264e-05,0.11231097857427573,1.3694182560710655,9.999434708875071,1769,2023-02-10,2026-08-25,0.08717151123375184,0.11109349480147013,-0.1380081585289401,-0.12952080687813716,0.17279207155734722,10397.08268057074,17574.676013236298,0.02588796697871861,-0.009427689329775198,0.3979929951503798,0.0,-2.1259559335222287,-0.5514309696084315,-1.5825835367015884,,,1,-1.582584,0.784668007695067,-0.10273505883345246,15623.080366863733,False,-5225.997686292993,0.0,0.007456773842232863,0.011195079670506258,0.9886941775014131,1.3327313288540517,0.08019679680691606,-1.2525345320471355,SPY,0.21037381520456644,19649.4012312515,1.4288247116075652,0.1405684051184841,-0.18709518091808564,0.6201358773351352,0.12833072980949822,-0.11961853405062595,-0.11726291756225615,0.6782722772835775,False,1.0,10397.08268057074,-0.1380081585289401,False,0.09978203636923619,1.2319510033701893,0.2179673873650274,0.12418198503820277,848,-0.1293960295694696,0.14103913237776572,-0.07160737183298616,0.002873539621940119,0.018388192438249847,-0.025801435477299486,-0.12632582351662303,-2.051553664057764,2.31881746479966,-1.9239402626659612,0.07861683390432672,0.4130358775645653,-0.8797689967433809,-4.3731197242015565,0.17086857084891283,-0.11087863129488057,0.12944633030081265,close,0.16784007181259633,22.4301354149105,1606,2.218627786155269,0.6253161942612521,False,1069,537,run+ledger,0.6549456867559094,this run,1.4877006853447827,-1.3178827895209162,False,False,False,False,False,False,0,6,False,True,underpowered,2000.0
us_etfs,4h,WMA_21,False,10,3.537759525439197,0.9886941775014131,0.01121253050648896,0.13483248654938151,-0.12361995604289255,0.664960795422745,0.2826086956521739,1.0334450006336615,2300,0.17121087046288974,1.490534927053709,-1.319324056590819,-3.046631253524103,5.880585195244814e-05,0.09091137322077739,1.1163481542806153,9.999434708875071,1769,2023-02-10,2026-08-25,0.08743537057815365,0.11109349480147013,-0.1480451109045785,-0.12952080687813716,0.17279207155734722,10402.348448644145,17574.676013236298,0.021987702137904363,-0.008381502691497782,0.4330435641217587,0.0005,-2.2016684535548703,-0.47215312363903544,-1.7934802286870948,,,1,-1.793480,0.7870431183608475,-0.10303376223845939,15643.55149995108,False,-5241.203051306935,0.0,0.009134880325107921,0.011341471342763532,0.9886941775014131,1.3327313288540517,0.07573725628613243,-1.2569940725679192,SPY,0.21037381520456644,19649.4012312515,1.4288247116075652,0.1405684051184841,-0.18709518091808564,0.6220129658898457,0.12873009912978817,-0.11996254214865798,-0.1175175686232992,0.6777667322380465,False,1.0,10402.348448644145,-0.1480451109045785,False,0.08618991974541246,1.077248329075453,0.2813693394832879,0.07253320681715547,848,-0.08875167984314686,0.1329082596409359,-0.03823717513676305,-0.011872482775485561,0.012879791070699375,-0.025129468785042873,-0.08964774280955712,-1.6176210311949322,2.084042784024533,-0.9393363832544028,-0.287955059530065,0.27950554696002,-0.9135833936981588,-3.2951268603902504,0.26427313672590125,-0.04178391842691639,0.0732756864742734,close,0.11800482029685075,21.28315925676545,1606,2.218627786155269,0.6262872790001581,False,1069,537,run+ledger,0.6549456867559094,this run,1.4877006853447827,-1.3164898148818929,False,False,False,False,False,False,0,6,False,True,underpowered,2000.0
us_etfs,4h,MULT~CEIL|gate,False,10,3.537759525439197,0.9761949626279756,0.011389975836818778,0.1357655977650487,-0.12437562192822993,0.663441788435495,0.3092324805339266,1.0409859716968324,1798,0.17261401554150688,1.490534927053709,-1.3179209115122021,-3.1596489594759842,5.838311542205599e-05,0.10091509909724808,1.1965641470574484,9.999434708875071,1769,2023-02-10,2026-08-25,0.08802146228432267,0.11109349480147013,-0.1521826388611487,-0.12952080687813716,0.17279207155734722,10408.807645737563,17574.676013236298,0.022031443812138417,-0.009474390437550542,0.41710991582140006,0.0,-2.162661896541755,-0.5084069299337852,-1.2424641317193046,,,1,-1.242464,0.7923187801555943,-0.1036969896137857,15689.10464666877,False,-5280.297000931207,0.0,0.007389890147810632,0.011669340893255553,0.9761949626279756,1.3312326895085007,0.0748441209986573,-1.2563885685098435,SPY,0.21037381520456644,19649.4012312515,1.4288247116075652,0.1405684051184841,-0.18709518091808564,0.6261824071357288,0.1296174125501881,-0.12072628143326636,-0.11822743671336933,0.6763048398623187,False,1.0,10408.807645737563,-0.1521826388611487,False,0.08827450806854016,1.0689330647550725,0.28509983161034924,0.13841873404695137,848,-0.13603289336043964,0.1482751606880517,-0.0680901901577804,0.016163820651530422,0.009225669429505923,-0.022064621066197252,-0.13932388723019848,-2.1592686022486403,2.4605670897661955,-1.794938983451695,0.43266116295987245,0.2033371215711137,-0.7475558179946499,-4.594860829116951,0.23147648191077685,-0.11186670104182656,0.14361418367329037,close,0.41629520341061416,22.685588135348173,1606,2.218627786155269,0.6274271999239582,False,1069,537,run+ledger,0.6549456867559094,this run,1.4877006853447827,-1.315086669803276,False,False,False,False,False,False,0,6,False,True,underpowered,2000.0
us_etfs,4h,MULT~FLOOR|gate,False,10,3.537759525439197,0.9760253752904967,0.010895190568786406,0.1358327128816863,-0.1249375223128999,0.6621558329052807,0.30927262631871183,1.039414508718756,1801,0.16701699788488775,1.490534927053709,-1.3235179291688213,-3.160222644341641,5.596256823103829e-05,0.10032839999912821,1.1900744918185067,9.999434708875071,1769,2023-02-10,2026-08-25,0.0880636085556558,0.11109349480147013,-0.15218263886115013,-0.12952080687813716,0.17279207155734722,10390.804110142924,17574.676013236298,0.021979198415342936,-0.00946799216265961,0.4188052799186703,0.0,-2.1699963389305723,-0.5046913009925744,-1.269892696458908,,,1,-1.269893,0.792698156746532,-0.10374466889917122,15692.384773765629,False,-5301.580663622704,0.0,0.007396787168318823,0.011164303322890978,0.9760253752904967,1.3312123600586279,0.07159286138234904,-1.2596194986762788,SPY,0.21037381520456644,19649.4012312515,1.4288247116075652,0.1405684051184841,-0.18709518091808564,0.6264822346204157,0.1296812317450302,-0.12078118221882861,-0.1187860411762438,0.6750001508498689,False,1.0,10390.804110142924,-0.15218263886115013,False,0.08770389529980156,1.0623576290516614,0.28807336140892925,0.13850163795578607,848,-0.1361732167281188,0.14841096372833779,-0.06812105153521339,0.01600607016226399,0.009031913404761956,-0.022166129905441954,-0.13924976948147594,-2.1621493389465263,2.4635278309788182,-1.7957391943772663,0.4284496789273519,0.1990213239723782,-0.7509136002828762,-4.59189338914922,0.23401711500523126,-0.11172434024590572,0.14368312931885185,close,0.414442875857092,22.648803289039314,1606,2.218627786155269,0.6234262760131936,False,1069,537,run+ledger,0.6549456867559094,this run,1.4877006853447827,-1.320683687459895,False,False,False,False,False,False,0,6,False,True,underpowered,2000.0
us_etfs,4h,ADD,False,10,3.537759525439197,0.9892594686263424,0.011218751877495992,0.13634553422099094,-0.12512678234349495,0.661848166200133,0.29441913439635536,1.0408943708842786,1756,0.17035151445498317,1.490534927053709,-1.3201834125987257,-3.4114048278682363,5.743818364190023e-05,0.09597045428289186,1.1262170870098138,9.999434708875071,1769,2023-02-10,2026-08-25,0.08838560481200206,0.11109349480147013,-0.14759373807404086,-0.12952080687813716,0.17279207155734722,10402.574864457209,17574.676013236298,0.0237746203924199,-0.009530730037909198,0.3869911309891941,0.0,-2.096583481775946,-0.5703294306391933,-1.0063228107259,,,1,-1.006323,0.7955965825897524,-0.10410887582144612,15717.464209626027,False,-5314.889345168818,0.0,0.007259907567583039,0.01134124358892108,0.9892594686263424,1.3327991197068807,0.0760110288138923,-1.2567880908929885,SPY,0.21037381520456644,19649.4012312515,1.4288247116075652,0.1405684051184841,-0.18709518091808564,0.6287729076637276,0.1301688609577496,-0.12120053293534883,-0.11895010908025361,0.6747338565453516,False,1.0,10402.574864457209,-0.14759373807404086,False,0.08443096430909909,1.0121067496083467,0.3114870155184357,0.13537095924132325,848,-0.13928188607155406,0.14319487957690313,-0.07734555341812666,0.009349209832210909,0.01533646245208238,-0.024630502053251856,-0.13611647151552997,-2.1950965843346992,2.3599280218878067,-2.06446815017746,0.24823404172030045,0.3404676722944074,-0.82837694109373,-4.472929162672162,0.26007364269788047,-0.10212217705182595,0.13965488112803026,close,0.4018993698618283,22.367164084325758,1606,2.218627786155269,0.6258054046547883,False,1069,537,run+ledger,0.6549456867559094,this run,1.4877006853447827,-1.3173491708897995,False,False,False,False,False,False,0,6,False,True,underpowered,2000.0
us_etfs,4h,ADD~FLOOR|or,False,10,3.537759525439197,0.9892594686263424,0.011218751877495992,0.13634553422099094,-0.12512678234349495,0.661848166200133,0.29441913439635536,1.0408943708842786,1756,0.17035151445498317,1.490534927053709,-1.3201834125987257,-3.4114048278682363,5.743818364190023e-05,0.09597045428289186,1.1262170870098138,9.999434708875071,1769,2023-02-10,2026-08-25,0.08838560481200206,0.11109349480147013,-0.14759373807404086,-0.12952080687813716,0.17279207155734722,10402.574864457209,17574.676013236298,0.0237746203924199,-0.009530730037909198,0.3869911309891941,0.0,-2.096583481775946,-0.5703294306391933,-1.0063228107259,,,1,-1.006323,0.7955965825897524,-0.10410887582144612,15717.464209626027,False,-5314.889345168818,0.0,0.007259907567583039,0.01134124358892108,0.9892594686263424,1.3327991197068807,0.0760110288138923,-1.2567880908929885,SPY,0.21037381520456644,19649.4012312515,1.4288247116075652,0.1405684051184841,-0.18709518091808564,0.6287729076637276,0.1301688609577496,-0.12120053293534883,-0.11895010908025361,0.6747338565453516,False,1.0,10402.574864457209,-0.14759373807404086,False,0.08443096430909909,1.0121067496083467,0.3114870155184357,0.13537095924132325,848,-0.13928188607155406,0.14319487957690313,-0.07734555341812666,0.009349209832210909,0.01533646245208238,-0.024630502053251856,-0.13611647151552997,-2.1950965843346992,2.3599280218878067,-2.06446815017746,0.24823404172030045,0.3404676722944074,-0.82837694109373,-4.472929162672162,0.26007364269788047,-0.10212217705182595,0.13965488112803026,close,0.4018993698618283,22.367164084325758,1606,2.218627786155269,0.6258054046547883,False,1069,537,run+ledger,0.6549456867559094,this run,1.4877006853447827,-1.3173491708897995,False,False,False,False,False,False,0,6,False,True,underpowered,2000.0
us_etfs,4h,ADD~MULT|gate,False,10,3.537759525439197,0.9892594686263424,0.011218751877495992,0.13634553422099094,-0.12512678234349495,0.661848166200133,0.29441913439635536,1.0408943708842786,1756,0.17035151445498317,1.490534927053709,-1.3201834125987257,-3.4114048278682363,5.743818364190023e-05,0.09597045428289186,1.1262170870098138,9.999434708875071,1769,2023-02-10,2026-08-25,0.08838560481200206,0.11109349480147013,-0.14759373807404086,-0.12952080687813716,0.17279207155734722,10402.574864457209,17574.676013236298,0.0237746203924199,-0.009530730037909198,0.3869911309891941,0.0,-2.096583481775946,-0.5703294306391933,-1.0063228107259,,,1,-1.006323,0.7955965825897524,-0.10410887582144612,15717.464209626027,False,-5314.889345168818,0.0,0.007259907567583039,0.01134124358892108,0.9892594686263424,1.3327991197068807,0.0760110288138923,-1.2567880908929885,SPY,0.21037381520456644,19649.4012312515,1.4288247116075652,0.1405684051184841,-0.18709518091808564,0.6287729076637276,0.1301688609577496,-0.12120053293534883,-0.11895010908025361,0.6747338565453516,False,1.0,10402.574864457209,-0.14759373807404086,False,0.08443096430909909,1.0121067496083467,0.3114870155184357,0.13537095924132325,848,-0.13928188607155406,0.14319487957690313,-0.07734555341812666,0.009349209832210909,0.01533646245208238,-0.024630502053251856,-0.13611647151552997,-2.1950965843346992,2.3599280218878067,-2.06446815017746,0.24823404172030045,0.3404676722944074,-0.82837694109373,-4.472929162672162,0.26007364269788047,-0.10212217705182595,0.13965488112803026,close,0.4018993698618283,22.367164084325758,1606,2.218627786155269,0.6258054046547883,False,1069,537,run+ledger,0.6549456867559094,this run,1.4877006853447827,-1.3173491708897995,False,False,False,False,False,False,0,6,False,True,underpowered,2000.0
us_etfs,4h,ADD~TSF_9|gate,False,10,3.537759525439197,0.9892594686263424,0.011218751877495992,0.13634553422099094,-0.12512678234349495,0.661848166200133,0.29441913439635536,1.0408943708842786,1756,0.17035151445498317,1.490534927053709,-1.3201834125987257,-3.4114048278682363,5.743818364190023e-05,0.09597045428289186,1.1262170870098138,9.999434708875071,1769,2023-02-10,2026-08-25,0.08838560481200206,0.11109349480147013,-0.14759373807404086,-0.12952080687813716,0.17279207155734722,10402.574864457209,17574.676013236298,0.0237746203924199,-0.009530730037909198,0.3869911309891941,0.0,-2.096583481775946,-0.5703294306391933,-1.0063228107259,,,1,-1.006323,0.7955965825897524,-0.10410887582144612,15717.464209626027,False,-5314.889345168818,0.0,0.007259907567583039,0.01134124358892108,0.9892594686263424,1.3327991197068807,0.0760110288138923,-1.2567880908929885,SPY,0.21037381520456644,19649.4012312515,1.4288247116075652,0.1405684051184841,-0.18709518091808564,0.6287729076637276,0.1301688609577496,-0.12120053293534883,-0.11895010908025361,0.6747338565453516,False,1.0,10402.574864457209,-0.14759373807404086,False,0.08443096430909909,1.0121067496083467,0.3114870155184357,0.13537095924132325,848,-0.13928188607155406,0.14319487957690313,-0.07734555341812666,0.009349209832210909,0.01533646245208238,-0.024630502053251856,-0.13611647151552997,-2.1950965843346992,2.3599280218878067,-2.06446815017746,0.24823404172030045,0.3404676722944074,-0.82837694109373,-4.472929162672162,0.26007364269788047,-0.10212217705182595,0.13965488112803026,close,0.4018993698618283,22.367164084325758,1606,2.218627786155269,0.6258054046547883,False,1069,537,run+ledger,0.6549456867559094,this run,1.4877006853447827,-1.3173491708897995,False,False,False,False,False,False,0,6,False,True,underpowered,2000.0
us_etfs,4h,ADD~WILLR|gate,False,10,3.537759525439197,0.9891464104013565,0.01109399531558819,0.136341983388806,-0.1252479880732178,0.6615666531521516,0.29441913439635536,1.0405113910459542,1756,0.16895757947248613,1.490534927053709,-1.321577347581223,-3.417479390055304,5.683315805621314e-05,0.09597618299792292,1.1262874450247888,9.999434708875071,1769,2023-02-10,2026-08-25,0.08838337551767639,0.11109349480147013,-0.14759373807404186,-0.12952080687813716,0.17279207155734722,10398.035244938445,17574.676013236298,0.02376542698554647,-0.009530551208762205,0.38671113904211024,0.0,-2.0998780621856836,-0.5734944111002954,-1.0063228107259,,,1,-1.006323,0.7955765157592899,-0.1041063546609502,15717.290458028925,False,-5319.255213090481,0.0,0.007259907567583039,0.011216406371972187,0.9891464104013565,1.3327855614451942,0.07516575879406738,-1.257619802651127,SPY,0.21037381520456644,19649.4012312515,1.4288247116075652,0.1405684051184841,-0.18709518091808564,0.6287570485215271,0.1301654846088005,-0.12119763016653085,-0.11907148929321232,0.6744465350235289,False,1.0,10398.035244938445,-0.14759373807404186,False,0.08443655956240802,1.012176160701533,0.3114538324359071,0.13537055796767605,848,-0.13928066415019946,0.14319481550899557,-0.07734518289246839,0.00934736919801804,0.015336376655716428,-0.02463139622660929,-0.13611722405898907,-2.1950688078665745,2.359916478414118,-2.0644554506347763,0.2481865089356298,0.34046538814052696,-0.8284040559197666,-4.472952542249456,0.2600438702537793,-0.10212335816135885,0.13965458159903676,close,0.4020916906130092,22.3695039102918,1606,2.218627786155269,0.624809259201569,False,1069,537,run+ledger,0.6549456867559094,this run,1.4877006853447827,-1.3187431058722967,False,False,False,False,False,False,0,6,False,True,underpowered,2000.0
us_etfs,4h,AROON,False,10,3.537759525439197,0.9916336913510457,0.014532986999069575,0.14015921393961328,-0.1256262269405437,0.6616647016257469,0.37310774710596617,1.0582109786524883,1123,0.2042305293436442,1.490534927053709,-1.2863043977100648,-3.260345865025919,7.272358925819455e-05,0.12223591656751284,1.3295735140826002,9.999434708875071,1769,2023-02-10,2026-08-25,0.0907779655405969,0.11109349480147013,-0.13553751641251077,-0.12952080687813716,0.17279207155734722,10523.693994432151,17574.676013236298,0.02715048772162963,-0.015270270715760252,0.3945300440386986,0.0,-2.093472636102948,-0.5312966815812491,-1.1253296968338962,,,1,-1.125330,0.8171312433983814,-0.10681145376040024,15904.874430470374,False,-5381.180436038224,0.0,0.00513385249302849,0.014656494475098869,0.9916336913510457,1.333083853721177,0.10722482884250423,-1.225859024878673,SPY,0.21037381520456644,19649.4012312515,1.4288247116075652,0.1405684051184841,-0.18709518091808564,0.6457921000389868,0.1337947379770157,-0.1243112544295355,-0.11926175097794611,0.6748985375798758,False,1.0,10523.693994432151,-0.13553751641251077,False,0.10614115399468504,1.172975059215885,0.2408058074743693,0.1591274880000716,848,-0.16037122996152203,0.13802094975147322,-0.09694184780853263,-0.00022552262223039798,0.0031152311999197227,-0.021707613101995482,-0.15644423434539084,-2.16196452133366,2.361720541646688,-2.4333846135416444,-0.0063887840560780795,0.06980412550047964,-0.6985661811445092,-5.0686512216629795,0.1836588294939685,-0.1424354279783814,0.1669383489155144,close,0.6800241039916963,23.48479117339023,1606,2.218627786155269,0.6499311267206409,False,1069,537,run+ledger,0.6549456867559094,this run,1.4877006853447827,-1.2834701560011386,False,False,False,False,False,False,0,6,False,True,underpowered,2000.0
us_etfs,4h,AROONOSC,False,10,3.537759525439197,0.9916336913510457,0.014532986999069575,0.14015921393961328,-0.1256262269405437,0.6616647016257469,0.37310774710596617,1.0582109786524883,1123,0.2042305293436442,1.490534927053709,-1.2863043977100648,-3.260345865025919,7.272358925819455e-05,0.12223591656751284,1.3295735140826002,9.999434708875071,1769,2023-02-10,2026-08-25,0.0907779655405969,0.11109349480147013,-0.13553751641251077,-0.12952080687813716,0.17279207155734722,10523.693994432151,17574.676013236298,0.02715048772162963,-0.015270270715760252,0.3945300440386986,0.0,-2.093472636102948,-0.5312966815812491,-1.1253296968338962,,,1,-1.125330,0.8171312433983814,-0.10681145376040024,15904.874430470374,False,-5381.180436038224,0.0,0.00513385249302849,0.014656494475098869,0.9916336913510457,1.333083853721177,0.10722482884250423,-1.225859024878673,SPY,0.21037381520456644,19649.4012312515,1.4288247116075652,0.1405684051184841,-0.18709518091808564,0.6457921000389868,0.1337947379770157,-0.1243112544295355,-0.11926175097794611,0.6748985375798758,False,1.0,10523.693994432151,-0.13553751641251077,False,0.10614115399468504,1.172975059215885,0.2408058074743693,0.1591274880000716,848,-0.16037122996152203,0.13802094975147322,-0.09694184780853263,-0.00022552262223039798,0.0031152311999197227,-0.021707613101995482,-0.15644423434539084,-2.16196452133366,2.361720541646688,-2.4333846135416444,-0.0063887840560780795,0.06980412550047964,-0.6985661811445092,-5.0686512216629795,0.1836588294939685,-0.1424354279783814,0.1669383489155144,close,0.6800241039916963,23.48479117339023,1606,2.218627786155269,0.6499311267206409,False,1069,537,run+ledger,0.6549456867559094,this run,1.4877006853447827,-1.2834701560011386,False,False,False,False,False,False,0,6,False,True,underpowered,2000.0
us_etfs,4h,MULT~ADD|and,False,10,3.537759525439197,0.9885811192764272,0.010153644559424357,0.13633653093236964,-0.12618288637294528,0.6594037055704436,0.2945868945868946,1.037792737211642,1755,0.15843233874582066,1.490534927053709,-1.3321025883078883,-3.3898499400067066,5.2455111934690546e-05,0.09568860551563511,1.1217774535482044,9.999434708875071,1769,2023-02-10,2026-08-25,0.08837995233318448,0.11109349480147013,-0.14981276928351217,-0.12952080687813716,0.17279207155734722,10363.863640370964,17574.676013236298,0.02376413751734113,-0.009562717546557202,0.3929680109395205,0.0,-2.117656099221846,-0.5668078180065745,-1.09082452461149,,,1,-1.090825,0.795545702213474,-0.10410248329232985,15717.023657616983,False,-5353.160017246017,0.0,0.007256459057328945,0.010271527345429243,0.9885811192764272,1.3327177708201827,0.06777556150910714,-1.2649422093110756,SPY,0.21037381520456644,19649.4012312515,1.4288247116075652,0.1405684051184841,-0.18709518091808564,0.6287326960755488,0.13016030007756374,-0.1211931728160347,-0.12000665551813938,0.6722409760983669,False,1.0,10363.863640370964,-0.14981276928351217,False,0.08394206007544437,1.004644948130592,0.3150678455649367,0.13556096185143196,848,-0.13969000445483892,0.14279387343025782,-0.07701603938236917,0.009224720974570569,0.01470323527500398,-0.024800520730148688,-0.1359155581574669,-2.203489852740645,2.354219567975234,-2.056921185955979,0.24489219589512215,0.3259300154752409,-0.834482904977575,-4.465021907394893,0.26195707489884246,-0.10395457649470101,0.1400007265164509,close,0.4039049245703474,22.37410402798181,1606,2.218627786155269,0.6172618081237486,False,1069,537,run+ledger,0.6549456867559094,this run,1.4877006853447827,-1.329268346598962,False,False,False,False,False,False,0,6,False,True,underpowered,2000.0
us_etfs,4h,MULT~ADD|vote,False,10,3.537759525439197,0.9885811192764272,0.010153644559424357,0.13633653093236964,-0.12618288637294528,0.6594037055704436,0.2945868945868946,1.037792737211642,1755,0.15843233874582066,1.490534927053709,-1.3321025883078883,-3.3898499400067066,5.2455111934690546e-05,0.09568860551563511,1.1217774535482044,9.999434708875071,1769,2023-02-10,2026-08-25,0.08837995233318448,0.11109349480147013,-0.14981276928351217,-0.12952080687813716,0.17279207155734722,10363.863640370964,17574.676013236298,0.02376413751734113,-0.009562717546557202,0.3929680109395205,0.0,-2.117656099221846,-0.5668078180065745,-1.09082452461149,,,1,-1.090825,0.795545702213474,-0.10410248329232985,15717.023657616983,False,-5353.160017246017,0.0,0.007256459057328945,0.010271527345429243,0.9885811192764272,1.3327177708201827,0.06777556150910714,-1.2649422093110756,SPY,0.21037381520456644,19649.4012312515,1.4288247116075652,0.1405684051184841,-0.18709518091808564,0.6287326960755488,0.13016030007756374,-0.1211931728160347,-0.12000665551813938,0.6722409760983669,False,1.0,10363.863640370964,-0.14981276928351217,False,0.08394206007544437,1.004644948130592,0.3150678455649367,0.13556096185143196,848,-0.13969000445483892,0.14279387343025782,-0.07701603938236917,0.009224720974570569,0.01470323527500398,-0.024800520730148688,-0.1359155581574669,-2.203489852740645,2.354219567975234,-2.056921185955979,0.24489219589512215,0.3259300154752409,-0.834482904977575,-4.465021907394893,0.26195707489884246,-0.10395457649470101,0.1400007265164509,close,0.4039049245703474,22.37410402798181,1606,2.218627786155269,0.6172618081237486,False,1069,537,run+ledger,0.6549456867559094,this run,1.4877006853447827,-1.329268346598962,False,False,False,False,False,False,0,6,False,True,underpowered,2000.0
us_etfs,4h,HT_SINE,False,10,3.537759525439197,0.9643866591294515,0.0009190055875409886,0.12717827720634856,-0.12625927161880757,0.6568617691396926,0.403030303030303,1.0127950314107808,990,0.05246971809671335,1.490534927053709,-1.4380652089569956,-3.507643042087487,2.3477607637656384e-05,0.06819691948283109,0.8523708438158082,9.999434708875071,1769,2023-02-10,2026-08-25,0.08261879401011968,0.11109349480147013,-0.1637583637347816,-0.12952080687813716,0.17279207155734722,10032.550138306546,17574.676013236298,0.025797103753331316,-0.017196291685366558,0.40998048880742627,0.0,-2.2346940040905747,-0.6236631989928527,-1.010222732839044,,,1,-1.010223,0.743687055284054,-0.09756963394784257,15273.45723202374,False,-5240.907093717193,0.0,0.004572426854802216,0.0009529592395460806,0.9643866591294515,1.329817404690649,0.005611961224950831,-1.3242054434656982,SPY,0.21037381520456644,19649.4012312515,1.4288247116075652,0.1405684051184841,-0.18709518091808564,0.5877479647043081,0.12144973963130146,-0.11366610498944185,-0.12053073404376047,0.6688093348628013,False,1.0,10032.550138306546,-0.1637583637347816,False,0.06868656257276813,0.8812694583600046,0.37817199265159473,0.14471135789246603,848,-0.0994118202429814,0.13426067431297806,-0.050948082377631626,-0.022092116582027872,0.005891841435043191,-0.019309749816268037,-0.16409838946785604,-1.6254399716512737,2.605446247602413,-1.3923448673969012,-0.6200956238084256,0.1338637490657674,-0.6745071456230187,-4.955603182558737,0.39400829723684483,0.004333243361389045,0.1447203387914322,close,-0.5906943639793557,20.08137829671742,1606,2.218627786155269,0.5392690659102767,False,1069,537,run+ledger,0.6549456867559094,this run,1.4877006853447827,-1.4352309672480694,False,False,False,False,False,False,0,6,False,True,underpowered,2000.0
us_etfs,4h,range_filter,False,10,3.537759525439197,0.905031091011871,-0.0004382820217945227,0.12594956707297578,-0.1263878490947703,0.6562432485405152,0.3538812785388128,1.014924503192759,438,0.035589801923519425,1.490534927053709,-1.4549451251301895,-4.500532828228097,2.0342601694423035e-05,0.0252896087894907,0.3104384213836972,9.999434708875071,1769,2023-02-10,2026-08-25,0.08184410760000188,0.11109349480147013,-0.12587548018344952,-0.12952080687813716,0.17279207155734722,9984.503257043041,17574.676013236298,0.04646730419959655,-0.02507604280509176,0.32328286019924785,0.0,-2.07143388014984,-0.8194833599828182,-0.9940530314355143,,,1,-0.994053,0.7367137720013361,-0.0966885239370947,15214.637680842545,False,-5230.134423799503,0.0,0.00240832717896612,-0.0004842617522686776,0.905031091011871,1.3227110383282938,-0.0034818697108902814,-1.326192908039184,SPY,0.21037381520456644,19649.4012312515,1.4288247116075652,0.1405684051184841,-0.18709518091808564,0.5822368656101353,0.12028073937538708,-0.11265007853666875,-0.1207190213971816,0.6680667558917985,False,1.0,9984.503257043041,-0.12587548018344952,False,0.037344158220987474,0.48925352939795297,0.6246622164677924,0.134826929562337,848,-0.042435619677778175,0.1774690320327277,-0.03152707807430273,-0.019369075755273926,0.01060545992145065,-0.036241655701174824,-0.15989759920851246,-0.7060437247942938,2.7635192039904535,-0.8858495946509302,-0.5764835143550532,0.25313817151559204,-1.4210051110568895,-6.090303779594093,0.7562275802926937,0.10668035018177517,0.1400490774075659,close,-0.40231720235169294,26.8002339268295,1606,2.218627786155269,0.5266692378662444,False,1069,537,run+ledger,0.6549456867559094,this run,1.4877006853447827,-1.4521108834212633,False,False,False,False,False,False,0,6,False,True,underpowered,2000.0
us_etfs,4h,EMA_9,False,10,3.537759525439197,0.9954776710005652,0.010023095863064269,0.1367383816615917,-0.12671528579852742,0.6582783402225837,0.29825693996126534,1.0254258814652795,3098,0.15683971272583833,1.490534927053709,-1.3336952143278706,-2.625020515268763,5.345848445748036e-05,0.059533255832494414,0.7036843091460767,9.999434708875071,1769,2023-02-10,2026-08-25,0.08863222252315031,0.11109349480147013,-0.1358801913015698,-0.12952080687813716,0.17279207155734722,10359.12598043434,17574.676013236298,0.01820766809189626,-0.007546793813721065,0.5080703966198604,0.0,-2.347973495233739,-0.3774488134994902,-2.2328311744044718,,,1,-2.232831,0.7978164939498997,-0.10438774936318584,15736.695782716486,False,-5377.569802282145,0.0,0.01192839914140825,0.010068857990473523,0.9954776710005652,1.333544894174652,0.07376421660180922,-1.2597806775728426,SPY,0.21037381520456644,19649.4012312515,1.4288247116075652,0.1405684051184841,-0.18709518091808564,0.6305273396852077,0.13054240007283724,-0.12152160746398644,-0.12051930420977297,0.6711305931571724,False,1.0,10359.12598043434,-0.1358801913015698,False,0.06167938079330125,0.7561807619399669,0.44954082549538876,0.04676653799290609,848,-0.0654395440836668,0.12477718246890812,-0.001997060532147113,-0.0034391904735337903,-0.0037267823449949194,-0.006232089633408405,-0.06629953446176202,-1.3009415227675147,1.9034301306303645,-0.04513204732069871,-0.07856328242490015,-0.0750914000190189,-0.23229125895451105,-2.167868126077108,0.4816293940509644,0.018992776432979874,0.046910916570345185,close,-0.15236423243181296,22.171090441777512,1606,2.218627786155269,0.615895951067713,False,1069,537,run+ledger,0.6549456867559094,this run,1.4877006853447827,-1.3308609726189444,False,False,False,False,False,False,0,6,False,True,underpowered,2000.0
us_etfs,4h,WILLR~ADD|or,False,10,3.537759525439197,0.9926512153759185,0.008213009866800736,0.13522592560384283,-0.1270129157370421,0.6572025491435902,0.2922018348623853,1.026713914277488,2180,0.13710843754382865,1.490534927053709,-1.3534264895098802,-2.7880772949428643,4.546315855907812e-05,0.049866088754473625,0.5969155780014211,9.999434708875071,1769,2023-02-10,2026-08-25,0.087682520239291,0.11109349480147013,-0.17848146797716102,-0.12952080687813716,0.17279207155734722,10293.5972836469,17574.676013236298,0.02231346973425975,-0.008972039288180514,0.48543363269188555,0.0015,-2.363793928545081,-0.4160027558787491,-1.8362096059770239,,,1,-1.836210,0.7892678180300677,-0.10331348319926015,15662.74704360266,False,-5369.149759955761,0.0,0.00871477695241919,0.008274063185001346,0.9926512153759185,1.3332058887277538,0.046016037182368394,-1.2871898515453855,SPY,0.21037381520456644,19649.4012312515,1.4288247116075652,0.1405684051184841,-0.18709518091808564,0.6237711821897961,0.129104233790595,-0.12028466828476947,-0.12089122392379426,0.6698951531993971,False,1.0,10293.5972836469,-0.17848146797716102,False,0.04949513007680815,0.6109135750882371,0.5412567972847857,0.05619303314023527,848,-0.06866125199784841,0.1345847476113025,-0.03823120504735006,0.005589609034157117,0.018842752371757095,-0.0113650167579991,-0.08637578477157723,-1.2675413413503098,2.051525463846008,-0.8991883019079823,0.1271257732495678,0.40465016651300234,-0.4330857825993031,-2.984408704274614,0.5505637461125668,-0.003282910063226522,0.056197470591543675,close,-0.002149814982929148,21.27451536301074,1606,2.218627786155269,0.6017144200626174,False,1069,537,run+ledger,0.6549456867559094,this run,1.4877006853447827,-1.350592247800954,False,False,False,False,False,False,0,6,False,True,underpowered,2000.0
us_etfs,4h,WILLR~MULT|or,False,10,3.537759525439197,0.9926512153759185,0.008213009866800736,0.13522592560384283,-0.1270129157370421,0.6572025491435902,0.2922018348623853,1.026713914277488,2180,0.13710843754382865,1.490534927053709,-1.3534264895098802,-2.7880772949428643,4.546315855907812e-05,0.049866088754473625,0.5969155780014211,9.999434708875071,1769,2023-02-10,2026-08-25,0.087682520239291,0.11109349480147013,-0.17848146797716102,-0.12952080687813716,0.17279207155734722,10293.5972836469,17574.676013236298,0.02231346973425975,-0.008972039288180514,0.48543363269188555,0.0015,-2.363793928545081,-0.4160027558787491,-1.8362096059770239,,,1,-1.836210,0.7892678180300677,-0.10331348319926015,15662.74704360266,False,-5369.149759955761,0.0,0.00871477695241919,0.008274063185001346,0.9926512153759185,1.3332058887277538,0.046016037182368394,-1.2871898515453855,SPY,0.21037381520456644,19649.4012312515,1.4288247116075652,0.1405684051184841,-0.18709518091808564,0.6237711821897961,0.129104233790595,-0.12028466828476947,-0.12089122392379426,0.6698951531993971,False,1.0,10293.5972836469,-0.17848146797716102,False,0.04949513007680815,0.6109135750882371,0.5412567972847857,0.05619303314023527,848,-0.06866125199784841,0.1345847476113025,-0.03823120504735006,0.005589609034157117,0.018842752371757095,-0.0113650167579991,-0.08637578477157723,-1.2675413413503098,2.051525463846008,-0.8991883019079823,0.1271257732495678,0.40465016651300234,-0.4330857825993031,-2.984408704274614,0.5505637461125668,-0.003282910063226522,0.056197470591543675,close,-0.002149814982929148,21.27451536301074,1606,2.218627786155269,0.6017144200626174,False,1069,537,run+ledger,0.6549456867559094,this run,1.4877006853447827,-1.350592247800954,False,False,False,False,False,False,0,6,False,True,underpowered,2000.0
us_etfs,4h,WILLR~FLOOR|gate,False,10,3.537759525439197,0.9760253752904967,0.006240164376873025,0.13328065636587794,-0.1270404919890049,0.656636256517753,0.30405405405405406,1.0222692070273096,2220,0.1151658372117793,1.490534927053709,-1.3753690898419297,-2.693732906005562,3.832730149894159e-05,0.0388666164780022,0.4685110985388118,9.999434708875071,1769,2023-02-10,2026-08-25,0.08646013697331695,0.11109349480147013,-0.18386977868887766,-0.12952080687813716,0.17279207155734722,10222.515603152046,17574.676013236298,0.020856714998285782,-0.008913656965745417,0.5105810924221935,0.003,-2.4235975843119952,-0.393343227754983,-1.8942426214877144,,,1,-1.894243,0.7782646241152619,-0.10192938025456755,15568.003596639146,False,-5345.487993487101,0.0,0.008821738561022878,0.006393933820849629,0.9760253752904967,1.3312123600586279,0.03393795555403306,-1.2972744045045947,SPY,0.21037381520456644,19649.4012312515,1.4288247116075652,0.1405684051184841,-0.18709518091808564,0.6150751792370435,0.12725432695766048,-0.11869054496342102,-0.12101416258078745,0.6691396592928431,False,1.0,10222.515603152046,-0.18386977868887766,False,0.039748575730542225,0.49401226066239806,0.6212975206209339,0.05833556024777653,848,-0.06841786791533676,0.13581088265564514,-0.04337569828245591,0.007063952943040797,0.018521372970354444,-0.015673578166789284,-0.08650721328306454,-1.2635650101763742,2.0780515381917946,-1.0686865304194524,0.16194847447020294,0.40741740616647765,-0.6048033593722527,-3.0478823205853036,0.6394191360723849,0.007805162892375623,0.05836127241474376,close,-0.03588175957686098,22.210039486511317,1606,2.218627786155269,0.5857080744444668,False,1069,537,run+ledger,0.6549456867559094,this run,1.4877006853447827,-1.3725348481330035,False,False,False,False,False,False,0,6,False,True,underpowered,2000.0
us_etfs,4h,WILLR,False,10,3.537759525439197,0.9925381571509325,0.008091757876923511,0.135228511175721,-0.12713675329879748,0.6569176812966188,0.29233593391463975,1.0264030682723846,2179,0.13573584497579172,1.490534927053709,-1.3547990820779172,-2.7938497262937423,4.497766131977832e-05,0.049871817469504705,0.5969850305032678,9.999434708875071,1769,2023-02-10,2026-08-25,0.08768414429969694,0.11109349480147013,-0.17848146797716002,-0.12952080687813716,0.17279207155734722,10289.218376008472,17574.676013236298,0.02230612172200983,-0.008977619295049978,0.4849219588754199,0.0015,-2.363793928545081,-0.4189590133038517,-1.8362096059770239,,,1,-1.836210,0.7892824368914947,-0.10331532107932728,15662.873247222842,False,-5373.65487121437,0.0,0.008711328442165097,0.008152838545082863,0.9925381571509325,1.3331923291006633,0.045336683794863226,-1.2878556453058,SPY,0.21037381520456644,19649.4012312515,1.4288247116075652,0.1405684051184841,-0.18709518091808564,0.6237827357135383,0.1291066924709754,-0.1202867847186776,-0.12101493459405188,0.6696050206476631,False,1.0,10289.218376008472,-0.17848146797716002,False,0.04950072533011709,0.6109833446711612,0.5412106066172182,0.056193150321794505,848,-0.06866003007649375,0.13458468354339492,-0.038230834521691764,0.005587768399964242,0.01884266657539113,-0.011365910931356544,-0.08637653731503635,-1.267514031592426,2.051518211597703,-0.8991797339657366,0.12708453286752955,0.404648199270061,-0.43311841680884267,-2.98443867284564,0.5505173749900183,-0.003284091172759854,0.05619759097076715,close,-0.0019775610857319316,21.272941626046578,1606,2.218627786155269,0.6007184292477386,False,1069,537,run+ledger,0.6549456867559094,this run,1.4877006853447827,-1.351964840368991,False,False,False,False,False,False,0,6,False,True,underpowered,2000.0
us_etfs,4h,WILLR~CEIL|or,False,10,3.537759525439197,0.9925381571509325,0.008091757876923511,0.135228511175721,-0.12713675329879748,0.6569176812966188,0.29233593391463975,1.0264030682723846,2179,0.13573584497579172,1.490534927053709,-1.3547990820779172,-2.7938497262937423,4.497766131977832e-05,0.049871817469504705,0.5969850305032678,9.999434708875071,1769,2023-02-10,2026-08-25,0.08768414429969694,0.11109349480147013,-0.17848146797716002,-0.12952080687813716,0.17279207155734722,10289.218376008472,17574.676013236298,0.02230612172200983,-0.008977619295049978,0.4849219588754199,0.0015,-2.363793928545081,-0.4189590133038517,-1.8362096059770239,,,1,-1.836210,0.7892824368914947,-0.10331532107932728,15662.873247222842,False,-5373.65487121437,0.0,0.008711328442165097,0.008152838545082863,0.9925381571509325,1.3331923291006633,0.045336683794863226,-1.2878556453058,SPY,0.21037381520456644,19649.4012312515,1.4288247116075652,0.1405684051184841,-0.18709518091808564,0.6237827357135383,0.1291066924709754,-0.1202867847186776,-0.12101493459405188,0.6696050206476631,False,1.0,10289.218376008472,-0.17848146797716002,False,0.04950072533011709,0.6109833446711612,0.5412106066172182,0.056193150321794505,848,-0.06866003007649375,0.13458468354339492,-0.038230834521691764,0.005587768399964242,0.01884266657539113,-0.011365910931356544,-0.08637653731503635,-1.267514031592426,2.051518211597703,-0.8991797339657366,0.12708453286752955,0.404648199270061,-0.43311841680884267,-2.98443867284564,0.5505173749900183,-0.003284091172759854,0.05619759097076715,close,-0.0019775610857319316,21.272941626046578,1606,2.218627786155269,0.6007184292477386,False,1069,537,run+ledger,0.6549456867559094,this run,1.4877006853447827,-1.351964840368991,False,False,False,False,False,False,0,6,False,True,underpowered,2000.0
us_etfs,4h,WILLR~FLOOR|or,False,10,3.537759525439197,0.9925381571509325,0.008091757876923511,0.135228511175721,-0.12713675329879748,0.6569176812966188,0.29233593391463975,1.0264030682723846,2179,0.13573584497579172,1.490534927053709,-1.3547990820779172,-2.7938497262937423,4.497766131977832e-05,0.049871817469504705,0.5969850305032678,9.999434708875071,1769,2023-02-10,2026-08-25,0.08768414429969694,0.11109349480147013,-0.17848146797716002,-0.12952080687813716,0.17279207155734722,10289.218376008472,17574.676013236298,0.02230612172200983,-0.008977619295049978,0.4849219588754199,0.0015,-2.363793928545081,-0.4189590133038517,-1.8362096059770239,,,1,-1.836210,0.7892824368914947,-0.10331532107932728,15662.873247222842,False,-5373.65487121437,0.0,0.008711328442165097,0.008152838545082863,0.9925381571509325,1.3331923291006633,0.045336683794863226,-1.2878556453058,SPY,0.21037381520456644,19649.4012312515,1.4288247116075652,0.1405684051184841,-0.18709518091808564,0.6237827357135383,0.1291066924709754,-0.1202867847186776,-0.12101493459405188,0.6696050206476631,False,1.0,10289.218376008472,-0.17848146797716002,False,0.04950072533011709,0.6109833446711612,0.5412106066172182,0.056193150321794505,848,-0.06866003007649375,0.13458468354339492,-0.038230834521691764,0.005587768399964242,0.01884266657539113,-0.011365910931356544,-0.08637653731503635,-1.267514031592426,2.051518211597703,-0.8991797339657366,0.12708453286752955,0.404648199270061,-0.43311841680884267,-2.98443867284564,0.5505173749900183,-0.003284091172759854,0.05619759097076715,close,-0.0019775610857319316,21.272941626046578,1606,2.218627786155269,0.6007184292477386,False,1069,537,run+ledger,0.6549456867559094,this run,1.4877006853447827,-1.351964840368991,False,False,False,False,False,False,0,6,False,True,underpowered,2000.0
us_etfs,4h,WILLR~TSF_9|gate,False,10,3.537759525439197,0.9925381571509325,0.008091757876923511,0.135228511175721,-0.12713675329879748,0.6569176812966188,0.29233593391463975,1.0264030682723846,2179,0.13573584497579172,1.490534927053709,-1.3547990820779172,-2.7938497262937423,4.497766131977832e-05,0.049871817469504705,0.5969850305032678,9.999434708875071,1769,2023-02-10,2026-08-25,0.08768414429969694,0.11109349480147013,-0.17848146797716002,-0.12952080687813716,0.17279207155734722,10289.218376008472,17574.676013236298,0.02230612172200983,-0.008977619295049978,0.4849219588754199,0.0015,-2.363793928545081,-0.4189590133038517,-1.8362096059770239,,,1,-1.836210,0.7892824368914947,-0.10331532107932728,15662.873247222842,False,-5373.65487121437,0.0,0.008711328442165097,0.008152838545082863,0.9925381571509325,1.3331923291006633,0.045336683794863226,-1.2878556453058,SPY,0.21037381520456644,19649.4012312515,1.4288247116075652,0.1405684051184841,-0.18709518091808564,0.6237827357135383,0.1291066924709754,-0.1202867847186776,-0.12101493459405188,0.6696050206476631,False,1.0,10289.218376008472,-0.17848146797716002,False,0.04950072533011709,0.6109833446711612,0.5412106066172182,0.056193150321794505,848,-0.06866003007649375,0.13458468354339492,-0.038230834521691764,0.005587768399964242,0.01884266657539113,-0.011365910931356544,-0.08637653731503635,-1.267514031592426,2.051518211597703,-0.8991797339657366,0.12708453286752955,0.404648199270061,-0.43311841680884267,-2.98443867284564,0.5505173749900183,-0.003284091172759854,0.05619759097076715,close,-0.0019775610857319316,21.272941626046578,1606,2.218627786155269,0.6007184292477386,False,1069,537,run+ledger,0.6549456867559094,this run,1.4877006853447827,-1.351964840368991,False,False,False,False,False,False,0,6,False,True,underpowered,2000.0
us_etfs,4h,T3_100,False,10,3.537759525439197,0.6642170717919728,-0.013217005298130524,0.11393795052979527,-0.1271549558279258,0.6512903769345484,0.1662870159453303,0.909437053812475,439,-0.14208225594883206,1.490534927053709,-1.6326171830025409,-2.9777299070038583,4.530410742942248e-06,0.03694797881052339,0.5291956530193183,9.999434708875071,1769,2023-02-10,2026-08-25,0.0742488150937733,0.11109349480147013,-0.13508117153132848,-0.12952080687813716,0.17279207155734722,9540.202888208723,17574.676013236298,0.05796832897377902,-0.012713347299614803,0.5482757785259486,0.0,-2.9809188392350214,-0.8424254105989822,-1.1492427790013726,,,1,-1.149243,0.6683452998437021,-0.08801638264776868,14648.155762890181,False,-5107.952874681458,0.0,0.00222302710659084,-0.01983200025726728,0.6642170717919728,1.2940185453597945,-0.09784491168012406,-1.3918634570399187,SPY,0.21037381520456644,19649.4012312515,1.4288247116075652,0.1405684051184841,-0.18709518091808564,0.5282041510764066,0.10884840603371115,-0.10263966393495971,-0.12206541133184168,0.661927830013796,False,1.0,9540.202888208723,-0.13508117153132848,False,0.030182926386142,0.45475702833441234,0.6492840482377389,0.21008249169383308,848,-0.1025027674133584,0.10303657538356228,0.027940921143407425,-0.060607979376516116,-0.009768427100751445,-0.0005639727441613084,-0.18648967263769764,-1.793570470464711,2.1512469773181064,0.8641397326197652,-1.7759091308935013,-0.25271315628832897,-0.021968288912913633,-6.470859089633235,0.5966697318874687,-0.05986936017246621,0.21209781858228127,close,-0.012593573475835933,32.88317969586142,1606,2.218627786155269,0.3946831016751091,False,1069,537,run+ledger,0.6549456867559094,this run,1.558818594047299,-1.7009008499961311,False,False,False,False,False,False,0,6,False,True,underpowered,2000.0
us_etfs,4h,MULT,False,10,3.537759525439197,0.9892594686263424,0.009084110592340267,0.13638982264692778,-0.12730571205458752,0.656828096623465,0.29475484606613456,1.0343917915366136,1754,0.1464238109931523,1.490534927053709,-1.3441111160605566,-3.3664240498880065,4.7854709621930613e-05,0.09540494815399785,1.1169055553011593,9.999434708875071,1769,2023-02-10,2026-08-25,0.08841340982166218,0.11109349480147013,-0.15203308878175692,-0.12952080687813716,0.17279207155734722,10325.095621378672,17574.676013236298,0.023708902773733432,-0.00957959687477838,0.39926969868970374,0.0,-2.15553171760796,-0.5750408171982198,-1.1759802440927782,,,1,-1.175980,0.7958468673585394,-0.10414032071251866,15719.631475048887,False,-5394.535853670215,0.0,0.007255045595124595,0.009183189563738647,0.9892594686263424,1.3327991197068807,0.05975087834583485,-1.2730482413610458,SPY,0.21037381520456644,19649.4012312515,1.4288247116075652,0.1405684051184841,-0.18709518091808564,0.6289707117836271,0.13021097304977647,-0.12123673725836526,-0.1211268624574362,0.6696201070179316,False,1.0,10325.095621378672,-0.15203308878175692,False,0.08345140968262375,0.9967681875638142,0.31887704314214105,0.13564409285067625,848,-0.14009809944232948,0.1423933954953529,-0.07668711749967012,0.009100562932641706,0.014069846136381067,-0.02497037174676914,-0.13571448342928297,-2.2118589687901946,2.348356709591112,-2.0482465792540285,0.24145405357180053,0.3113530785146106,-0.8405602399578259,-4.456691783020235,0.2640347090949593,-0.10578642339842068,0.1402387596174055,close,0.404761937972599,22.34257075976105,1606,2.218627786155269,0.6085968057810335,False,1069,537,run+ledger,0.6549456867559094,this run,1.4877006853447827,-1.3412768743516303,False,False,False,False,False,False,0,6,False,True,underpowered,2000.0
us_etfs,4h,MULT~ADD|gate,False,10,3.537759525439197,0.9892594686263424,0.009084110592340267,0.13638982264692778,-0.12730571205458752,0.656828096623465,0.29475484606613456,1.0343917915366136,1754,0.1464238109931523,1.490534927053709,-1.3441111160605566,-3.3664240498880065,4.7854709621930613e-05,0.09540494815399785,1.1169055553011593,9.999434708875071,1769,2023-02-10,2026-08-25,0.08841340982166218,0.11109349480147013,-0.15203308878175692,-0.12952080687813716,0.17279207155734722,10325.095621378672,17574.676013236298,0.023708902773733432,-0.00957959687477838,0.39926969868970374,0.0,-2.15553171760796,-0.5750408171982198,-1.1759802440927782,,,1,-1.175980,0.7958468673585394,-0.10414032071251866,15719.631475048887,False,-5394.535853670215,0.0,0.007255045595124595,0.009183189563738647,0.9892594686263424,1.3327991197068807,0.05975087834583485,-1.2730482413610458,SPY,0.21037381520456644,19649.4012312515,1.4288247116075652,0.1405684051184841,-0.18709518091808564,0.6289707117836271,0.13021097304977647,-0.12123673725836526,-0.1211268624574362,0.6696201070179316,False,1.0,10325.095621378672,-0.15203308878175692,False,0.08345140968262375,0.9967681875638142,0.31887704314214105,0.13564409285067625,848,-0.14009809944232948,0.1423933954953529,-0.07668711749967012,0.009100562932641706,0.014069846136381067,-0.02497037174676914,-0.13571448342928297,-2.2118589687901946,2.348356709591112,-2.0482465792540285,0.24145405357180053,0.3113530785146106,-0.8405602399578259,-4.456691783020235,0.2640347090949593,-0.10578642339842068,0.1402387596174055,close,0.404761937972599,22.34257075976105,1606,2.218627786155269,0.6085968057810335,False,1069,537,run+ledger,0.6549456867559094,this run,1.4877006853447827,-1.3412768743516303,False,False,False,False,False,False,0,6,False,True,underpowered,2000.0
us_etfs,4h,MULT~ADD|or,False,10,3.537759525439197,0.9892594686263424,0.009084110592340267,0.13638982264692778,-0.12730571205458752,0.656828096623465,0.29475484606613456,1.0343917915366136,1754,0.1464238109931523,1.490534927053709,-1.3441111160605566,-3.3664240498880065,4.7854709621930613e-05,0.09540494815399785,1.1169055553011593,9.999434708875071,1769,2023-02-10,2026-08-25,0.08841340982166218,0.11109349480147013,-0.15203308878175692,-0.12952080687813716,0.17279207155734722,10325.095621378672,17574.676013236298,0.023708902773733432,-0.00957959687477838,0.39926969868970374,0.0,-2.15553171760796,-0.5750408171982198,-1.1759802440927782,,,1,-1.175980,0.7958468673585394,-0.10414032071251866,15719.631475048887,False,-5394.535853670215,0.0,0.007255045595124595,0.009183189563738647,0.9892594686263424,1.3327991197068807,0.05975087834583485,-1.2730482413610458,SPY,0.21037381520456644,19649.4012312515,1.4288247116075652,0.1405684051184841,-0.18709518091808564,0.6289707117836271,0.13021097304977647,-0.12123673725836526,-0.1211268624574362,0.6696201070179316,False,1.0,10325.095621378672,-0.15203308878175692,False,0.08345140968262375,0.9967681875638142,0.31887704314214105,0.13564409285067625,848,-0.14009809944232948,0.1423933954953529,-0.07668711749967012,0.009100562932641706,0.014069846136381067,-0.02497037174676914,-0.13571448342928297,-2.2118589687901946,2.348356709591112,-2.0482465792540285,0.24145405357180053,0.3113530785146106,-0.8405602399578259,-4.456691783020235,0.2640347090949593,-0.10578642339842068,0.1402387596174055,close,0.404761937972599,22.34257075976105,1606,2.218627786155269,0.6085968057810335,False,1069,537,run+ledger,0.6549456867559094,this run,1.4877006853447827,-1.3412768743516303,False,False,False,False,False,False,0,6,False,True,underpowered,2000.0
us_etfs,4h,MULT~FLOOR|or,False,10,3.537759525439197,0.9892594686263424,0.009084110592340267,0.13638982264692778,-0.12730571205458752,0.656828096623465,0.29475484606613456,1.0343917915366136,1754,0.1464238109931523,1.490534927053709,-1.3441111160605566,-3.3664240498880065,4.7854709621930613e-05,0.09540494815399785,1.1169055553011593,9.999434708875071,1769,2023-02-10,2026-08-25,0.08841340982166218,0.11109349480147013,-0.15203308878175692,-0.12952080687813716,0.17279207155734722,10325.095621378672,17574.676013236298,0.023708902773733432,-0.00957959687477838,0.39926969868970374,0.0,-2.15553171760796,-0.5750408171982198,-1.1759802440927782,,,1,-1.175980,0.7958468673585394,-0.10414032071251866,15719.631475048887,False,-5394.535853670215,0.0,0.007255045595124595,0.009183189563738647,0.9892594686263424,1.3327991197068807,0.05975087834583485,-1.2730482413610458,SPY,0.21037381520456644,19649.4012312515,1.4288247116075652,0.1405684051184841,-0.18709518091808564,0.6289707117836271,0.13021097304977647,-0.12123673725836526,-0.1211268624574362,0.6696201070179316,False,1.0,10325.095621378672,-0.15203308878175692,False,0.08345140968262375,0.9967681875638142,0.31887704314214105,0.13564409285067625,848,-0.14009809944232948,0.1423933954953529,-0.07668711749967012,0.009100562932641706,0.014069846136381067,-0.02497037174676914,-0.13571448342928297,-2.2118589687901946,2.348356709591112,-2.0482465792540285,0.24145405357180053,0.3113530785146106,-0.8405602399578259,-4.456691783020235,0.2640347090949593,-0.10578642339842068,0.1402387596174055,close,0.404761937972599,22.34257075976105,1606,2.218627786155269,0.6085968057810335,False,1069,537,run+ledger,0.6549456867559094,this run,1.4877006853447827,-1.3412768743516303,False,False,False,False,False,False,0,6,False,True,underpowered,2000.0
us_etfs,4h,MULT~TSF_9|gate,False,10,3.537759525439197,0.9892594686263424,0.009084110592340267,0.13638982264692778,-0.12730571205458752,0.656828096623465,0.29475484606613456,1.0343917915366136,1754,0.1464238109931523,1.490534927053709,-1.3441111160605566,-3.3664240498880065,4.7854709621930613e-05,0.09540494815399785,1.1169055553011593,9.999434708875071,1769,2023-02-10,2026-08-25,0.08841340982166218,0.11109349480147013,-0.15203308878175692,-0.12952080687813716,0.17279207155734722,10325.095621378672,17574.676013236298,0.023708902773733432,-0.00957959687477838,0.39926969868970374,0.0,-2.15553171760796,-0.5750408171982198,-1.1759802440927782,,,1,-1.175980,0.7958468673585394,-0.10414032071251866,15719.631475048887,False,-5394.535853670215,0.0,0.007255045595124595,0.009183189563738647,0.9892594686263424,1.3327991197068807,0.05975087834583485,-1.2730482413610458,SPY,0.21037381520456644,19649.4012312515,1.4288247116075652,0.1405684051184841,-0.18709518091808564,0.6289707117836271,0.13021097304977647,-0.12123673725836526,-0.1211268624574362,0.6696201070179316,False,1.0,10325.095621378672,-0.15203308878175692,False,0.08345140968262375,0.9967681875638142,0.31887704314214105,0.13564409285067625,848,-0.14009809944232948,0.1423933954953529,-0.07668711749967012,0.009100562932641706,0.014069846136381067,-0.02497037174676914,-0.13571448342928297,-2.2118589687901946,2.348356709591112,-2.0482465792540285,0.24145405357180053,0.3113530785146106,-0.8405602399578259,-4.456691783020235,0.2640347090949593,-0.10578642339842068,0.1402387596174055,close,0.404761937972599,22.34257075976105,1606,2.218627786155269,0.6085968057810335,False,1069,537,run+ledger,0.6549456867559094,this run,1.4877006853447827,-1.3412768743516303,False,False,False,False,False,False,0,6,False,True,underpowered,2000.0
us_etfs,4h,MA_21,False,10,3.537759525439197,0.9886941775014131,0.008023378428364314,0.1354303372401624,-0.1274069588117981,0.6563471469401733,0.24825362708221385,1.031527569662249,1861,0.1348614611178635,1.490534927053709,-1.3556734659358454,-3.5381810061055545,4.405282626424034e-05,0.12659229788454657,1.5108166153401836,9.999434708875071,1769,2023-02-10,2026-08-25,0.08781091057505733,0.11109349480147013,-0.13722843888793168,-0.12952080687813716,0.17279207155734722,10286.749502473547,17574.676013236298,0.02704132199593585,-0.008657078204523251,0.3831554868437959,0.0,-2.1254775188123354,-0.6210350033117286,-1.6430897224209808,,,1,-1.643090,0.7904235142838922,-0.10345876855582159,15672.7267733689,False,-5385.977270895354,0.0,0.007617151147345587,0.008115497903076418,0.9886941775014131,1.3327313288540517,0.0584673154732646,-1.274264013380787,SPY,0.21037381520456644,19649.4012312515,1.4288247116075652,0.1405684051184841,-0.18709518091808564,0.6246845477192556,0.12929861242121032,-0.12045197083247028,-0.12127523399284601,0.6690419482029105,False,1.0,10286.749502473547,-0.13722843888793168,False,0.11826197668432432,1.436631489865352,0.15082273103673538,0.12465137234584711,848,-0.13268981210278147,0.13709229794480499,-0.0769405543138361,-0.0024459386854079473,0.022743586217169,-0.03311873908954764,-0.12541851698766748,-2.077019699965364,2.2172290782544937,-2.0858752436400905,-0.06667020675418442,0.5088298434915728,-1.1238634938732228,-4.178120537728155,0.13083518022988327,-0.07372167560608986,0.1269334169290709,close,0.282812155719581,21.749649332636192,1606,2.218627786155269,0.600167573319419,False,1069,537,run+ledger,0.6549456867559094,this run,1.4877006853447827,-1.3528392242269192,False,False,False,False,False,False,0,6,False,True,underpowered,2000.0
us_etfs,4h,SMA_21,False,10,3.537759525439197,0.9886941775014131,0.008023378428364314,0.1354303372401624,-0.1274069588117981,0.6563471469401733,0.24825362708221385,1.031527569662249,1861,0.1348614611178635,1.490534927053709,-1.3556734659358454,-3.5381810061055545,4.405282626424034e-05,0.12659229788454657,1.5108166153401836,9.999434708875071,1769,2023-02-10,2026-08-25,0.08781091057505733,0.11109349480147013,-0.13722843888793168,-0.12952080687813716,0.17279207155734722,10286.749502473547,17574.676013236298,0.02704132199593585,-0.008657078204523251,0.3831554868437959,0.0,-2.1254775188123354,-0.6210350033117286,-1.6430897224209808,,,1,-1.643090,0.7904235142838922,-0.10345876855582159,15672.7267733689,False,-5385.977270895354,0.0,0.007617151147345587,0.008115497903076418,0.9886941775014131,1.3327313288540517,0.0584673154732646,-1.274264013380787,SPY,0.21037381520456644,19649.4012312515,1.4288247116075652,0.1405684051184841,-0.18709518091808564,0.6246845477192556,0.12929861242121032,-0.12045197083247028,-0.12127523399284601,0.6690419482029105,False,1.0,10286.749502473547,-0.13722843888793168,False,0.11826197668432432,1.436631489865352,0.15082273103673538,0.12465137234584711,848,-0.13268981210278147,0.13709229794480499,-0.0769405543138361,-0.0024459386854079473,0.022743586217169,-0.03311873908954764,-0.12541851698766748,-2.077019699965364,2.2172290782544937,-2.0858752436400905,-0.06667020675418442,0.5088298434915728,-1.1238634938732228,-4.178120537728155,0.13083518022988327,-0.07372167560608986,0.1269334169290709,close,0.282812155719581,21.749649332636192,1606,2.218627786155269,0.600167573319419,False,1069,537,run+ledger,0.6549456867559094,this run,1.4877006853447827,-1.3528392242269192,False,False,False,False,False,False,0,6,False,True,underpowered,2000.0
us_etfs,4h,MULT~WILLR|gate,False,10,3.537759525439197,0.9891464104013565,0.008959617386414376,0.13638626346017402,-0.12742664607375964,0.6565487356246286,0.29475484606613456,1.03401002772031,1754,0.14502971959415673,1.490534927053709,-1.3455052074595522,-3.3722785744130195,4.734597963734766e-05,0.09541067686902889,1.1169757169769237,9.999434708875071,1769,2023-02-10,2026-08-25,0.08841117532460555,0.11109349480147013,-0.15203308878175548,-0.12952080687813716,0.17279207155734722,10320.589813323775,17574.676013236298,0.02369970936686,-0.00957941775649776,0.39898993448183667,0.0,-2.157093657528368,-0.5763337418384399,-1.1759802440927782,,,1,-1.175980,0.7958267536960731,-0.10413779373318599,15719.457297415938,False,-5398.867484092162,0.0,0.007255045595124595,0.009058372361986367,0.9891464104013565,1.3327855614451942,0.05893202235255489,-1.2738535390926393,SPY,0.21037381520456644,19649.4012312515,1.4288247116075652,0.1405684051184841,-0.18709518091808564,0.628954815629333,0.1302075887655294,-0.12123382781004077,-0.12124797137911503,0.6693349794430608,False,1.0,10320.589813323775,-0.15203308878175548,False,0.0834570049359327,0.9968373102513431,0.3188434848566293,0.1356436825645192,848,-0.14009687752097483,0.1423933314274453,-0.07668674697401184,0.009098722298448852,0.014069760340015135,-0.02497126592012657,-0.13571523597274215,-2.211831083728596,2.348345194015796,-2.048233898190575,0.2414065167025992,0.3113508395941958,-0.8405873402831772,-4.45671524141872,0.26400470803575793,-0.10578760450795392,0.14023845476471297,close,0.4049543407398879,22.344913251753116,1606,2.218627786155269,0.6075873898789727,False,1069,537,run+ledger,0.6549456867559094,this run,1.4877006853447827,-1.342670965750626,False,False,False,False,False,False,0,6,False,True,underpowered,2000.0
us_etfs,4h,CDLCLOSINGMARUBOZU,False,10,3.537759525439197,0.5658250109917718,-0.03001224705286365,0.0979363074570394,-0.12794855450990306,0.645104379172906,0.45209768315591736,0.9142219547820629,1597,-0.44352741782203103,1.490534927053709,-1.93406234487574,-4.3776544917585065,2.2555039025373702e-07,-0.00830068258958724,-0.14069557442583766,9.999434708875071,1769,2023-02-10,2026-08-25,0.06406676935519949,0.11109349480147013,-0.17175437124669946,-0.12952080687813716,0.17279207155734722,8978.05327375856,17574.676013236298,0.014298409614247411,-0.012905214647258752,0.4418033329301934,0.0,-2.782978131053759,-1.1146962535219973,-1.2201525553204982,,,1,-1.220153,0.5766923569169388,-0.07629524197339987,13917.210243200336,False,-4939.156969441775,0.0,0.006238182196987732,-0.05242937954160476,0.5658250109917718,1.2823637302433069,-0.17473934919394596,-1.4571030794372528,SPY,0.21037381520456644,19649.4012312515,1.4288247116075652,0.1405684051184841,-0.18709518091808564,0.45576934092122673,0.09360595330427524,-0.08907993144844473,-0.12361820035713889,0.654186804965511,False,1.0,8978.05327375856,-0.17175437124669946,False,-0.009206311761749502,-0.1619383146283142,0.8713544303009764,0.08441829568665937,848,-0.08601381944906666,0.09612283476788623,0.009688767214188675,0.001931583069142373,-0.003678517641752202,0.06037229541053932,-0.04150379383469185,-1.4721238138534827,2.047844456345834,0.39230078202028473,0.07389837178448425,-0.10349655248925571,2.201079468874404,-1.4181979048320001,0.888110441414977,-0.008014636944344676,0.0844693726001966,close,-1.0064802344440704,42.58223765801658,1606,2.218627786155269,0.2002605638820672,False,1069,537,run+ledger,0.6549456867559094,this run,1.5787573900153395,-2.0222848078373707,False,False,False,False,False,False,0,6,False,True,underpowered,2000.0
us_etfs,4h,WILLR~ADD|gate,False,10,3.537759525439197,0.9891464104013565,0.006624548385883555,0.13459897856012915,-0.1279744301742456,0.6548252313806168,0.29004130335016065,1.0226598787747163,2179,0.11927029264874887,1.490534927053709,-1.3712646344049602,-2.8117989473757894,3.955411276562737e-05,0.04367858328794692,0.524123784417104,9.999434708875071,1769,2023-02-10,2026-08-25,0.08728866626778854,0.11109349480147013,-0.17848146797716347,-0.12952080687813716,0.17279207155734722,10236.337264660238,17574.676013236298,0.022447067741932374,-0.008967165057611692,0.4876823201334296,0.0015,-2.379343834116548,-0.42716393818047416,-1.8362096059770239,,,1,-1.836210,0.7857225701988937,-0.1028676938301285,15632.166834925107,False,-5395.829570264869,0.0,0.008701152626393732,0.006697480330761785,0.9891464104013565,1.3327855614451942,0.03711616931978148,-1.2956693921254128,SPY,0.21037381520456644,19649.4012312515,1.4288247116075652,0.1405684051184841,-0.18709518091808564,0.6209693152185483,0.1285080443311024,-0.11977128873229159,-0.12188349594521886,0.6674146391271183,False,1.0,10236.337264660238,-0.17848146797716347,False,0.04483777516827696,0.5543924597852877,0.5793102852958496,0.05694553009634051,848,-0.06765186299901188,0.13587287437786946,-0.04274561286408733,0.005652516263200499,0.016310621311037606,-0.014860238557679258,-0.08679442709646656,-1.2412530674724769,2.0701365476655367,-1.0125763458507384,0.12855164760705115,0.35014651053485574,-0.5695430348285254,-2.9998228688882347,0.6001924467265978,0.010258616170121141,0.056989197180908335,close,-0.016753680905843817,21.595023017500633,1606,2.218627786155269,0.5887166006763257,False,1069,537,run+ledger,0.6549456867559094,this run,1.4877006853447827,-1.368430392696034,False,False,False,False,False,False,0,6,False,True,underpowered,2000.0
us_etfs,4h,WILLR~MULT|gate,False,10,3.537759525439197,0.9891464104013565,0.006624548385883555,0.13459897856012915,-0.1279744301742456,0.6548252313806168,0.29004130335016065,1.0226598787747163,2179,0.11927029264874887,1.490534927053709,-1.3712646344049602,-2.8117989473757894,3.955411276562737e-05,0.04367858328794692,0.524123784417104,9.999434708875071,1769,2023-02-10,2026-08-25,0.08728866626778854,0.11109349480147013,-0.17848146797716347,-0.12952080687813716,0.17279207155734722,10236.337264660238,17574.676013236298,0.022447067741932374,-0.008967165057611692,0.4876823201334296,0.0015,-2.379343834116548,-0.42716393818047416,-1.8362096059770239,,,1,-1.836210,0.7857225701988937,-0.1028676938301285,15632.166834925107,False,-5395.829570264869,0.0,0.008701152626393732,0.006697480330761785,0.9891464104013565,1.3327855614451942,0.03711616931978148,-1.2956693921254128,SPY,0.21037381520456644,19649.4012312515,1.4288247116075652,0.1405684051184841,-0.18709518091808564,0.6209693152185483,0.1285080443311024,-0.11977128873229159,-0.12188349594521886,0.6674146391271183,False,1.0,10236.337264660238,-0.17848146797716347,False,0.04483777516827696,0.5543924597852877,0.5793102852958496,0.05694553009634051,848,-0.06765186299901188,0.13587287437786946,-0.04274561286408733,0.005652516263200499,0.016310621311037606,-0.014860238557679258,-0.08679442709646656,-1.2412530674724769,2.0701365476655367,-1.0125763458507384,0.12855164760705115,0.35014651053485574,-0.5695430348285254,-2.9998228688882347,0.6001924467265978,0.010258616170121141,0.056989197180908335,close,-0.016753680905843817,21.595023017500633,1606,2.218627786155269,0.5887166006763257,False,1069,537,run+ledger,0.6549456867559094,this run,1.4877006853447827,-1.368430392696034,False,False,False,False,False,False,0,6,False,True,underpowered,2000.0
us_etfs,4h,EMA_50,False,10,3.537759525439197,0.9723007348784622,0.006878796701664802,0.13500970892230457,-0.12813091222063977,0.6545718517641332,0.22231139646869985,1.0340685284948634,1246,0.12200525165773644,1.490534927053709,-1.3685296753959726,-3.3628296821442007,3.9524618390185395e-05,0.0836790415137294,0.9141891947070263,9.999434708875071,1769,2023-02-10,2026-08-25,0.08754670290747298,0.11109349480147013,-0.07599468464025183,-0.12952080687813716,0.17279207155734722,10245.486875962439,17574.676013236298,0.03182513125972603,-0.008797856516318085,0.40695777209964834,0.0,-2.178277108166387,-0.6251855553689951,-1.7837682646213073,,,1,-1.783768,0.7880452682123602,-0.10315977472594773,15652.195932883273,False,-5406.709056920833,0.0,0.0052883710407532,0.007075454088132371,0.9723007348784622,1.3307658911601954,0.09051681356700222,-1.2402490775931931,SPY,0.21037381520456644,19649.4012312515,1.4288247116075652,0.1405684051184841,-0.18709518091808564,0.6228049812024294,0.12889862701178845,-0.12010766033973763,-0.12201983031012364,0.6671939025680415,False,1.0,10245.486875962439,-0.07599468464025183,False,0.08397981251011816,0.9776041386148749,0.32827014965454615,0.23724927854266042,848,-0.11434947654657496,0.1978694914345367,-0.035603563453486316,-0.01297214316643193,-0.020293920456291782,-0.03166316690801314,-0.23041319057230972,-1.788015367837469,3.2508211158501643,-0.9187175699609572,-0.3518291002112561,-0.42625465977934374,-1.1190763005250206,-7.568258793564756,0.36061744085482506,0.002661763129481579,0.23725221255636864,close,0.4854421304737375,26.488915443289724,1606,2.218627786155269,0.5908362168950526,False,1069,537,run+ledger,0.6549456867559094,this run,1.4877006853447827,-1.3656954336870464,False,False,False,False,False,False,0,6,False,True,underpowered,2000.0
us_etfs,4h,TSF_9~MAXINDEX|gate,False,10,3.537759525439197,0.8508510771936436,-0.009791171183916036,0.11849381684766414,-0.12828498803158017,0.6498729908184538,0.42797133679268595,0.9894714555447016,4047,-0.08911032609955581,1.490534927053709,-1.5796452531532648,-2.9830186561452505,7.470066234416262e-06,0.02019530172225856,0.24323061498033646,9.999434708875071,1769,2023-02-10,2026-08-25,0.07713437633795618,0.11109349480147013,-0.13521347408904216,-0.12952080687813716,0.17279207155734722,9657.89380186766,17574.676013236298,0.011796960376385222,-0.00891997717183067,0.5295458846357104,0.0,-2.622782754836681,-0.5692902215536169,-1.735837694748272,,,1,-1.735838,0.6943194691624324,-0.09131820857023709,14861.202016880949,False,-5203.308215013288,0.0,0.015323187264200578,-0.011497600790442042,0.8508510771936436,1.3162357810475582,-0.07241268852738932,-1.3886484695749475,SPY,0.21037381520456644,19649.4012312515,1.4288247116075652,0.1405684051184841,-0.18709518091808564,0.5487319591692043,0.11318550360935542,-0.1064532426074839,-0.12297667479327146,0.6609029035460394,False,1.0,9657.89380186766,-0.13521347408904216,False,0.01494606476912401,0.18764666652035963,0.8511536413875114,0.05993794881270553,848,0.008954523189749673,-0.00536798771528642,0.0020813535549898954,-4.661030748680933e-05,-0.06183646696050695,0.035460889233619675,0.12769055162833234,0.22893309195179262,-0.09730993023723701,0.04533136490394095,-0.0010608909141051727,-1.6659369875849714,1.5509386817223692,3.353568064407238,0.80782675154188,-0.046454696588188515,0.06108282096996498,close,1.1214874059485638,18.37296091624856,1606,2.218627786155269,0.4336139264909267,False,1069,537,run+ledger,0.6549456867559094,this run,1.5035262349355216,-1.5926365610350774,False,False,False,False,False,False,0,6,False,True,underpowered,2000.0
us_etfs,4h,WILLR~CEIL|gate,False,10,3.537759525439197,0.9761949626279756,0.005036880177425873,0.13333386478547204,-0.12829698460804617,0.6537539536395978,0.3025247971145176,1.0191518759487208,2218,0.10132100405692379,1.490534927053709,-1.389213922996785,-2.7180328944990033,3.434913720884447e-05,0.037611435896688,0.45354594755298616,9.999434708875071,1769,2023-02-10,2026-08-25,0.0864935861256037,0.11109349480147013,-0.18386977868887877,-0.12952080687813716,0.17279207155734722,10179.334515017943,17574.676013236298,0.02096225720415019,-0.008921365732045595,0.5111100479351812,0.003,-2.4336917351128857,-0.4021856344152038,-1.9205148531549685,,,1,-1.920515,0.7785657142227117,-0.10196727552286255,15570.58960538175,False,-5391.255090363807,0.0,0.00881879881278122,0.005160023558130389,0.9761949626279756,1.3312326895085007,0.02739373600894275,-1.303838953499558,SPY,0.21037381520456644,19649.4012312515,1.4288247116075652,0.1405684051184841,-0.18709518091808564,0.6153131356416749,0.12730492974865704,-0.11873419680439556,-0.12226804957123116,0.6662073288374735,False,1.0,10179.334515017943,-0.18386977868887877,False,0.03847318655506269,0.478353781420949,0.6323984236158151,0.05830053287283066,848,-0.06850708659546775,0.13598821171854275,-0.04342365810970587,0.0071107733245036955,0.01823316597362615,-0.015550118420122092,-0.08631505168022248,-1.2654003923901604,2.0812049060622404,-1.0697833738153566,0.16303700431558166,0.4009960484517917,-0.5999836696521541,-3.040759933765872,0.650155665370499,0.007626320878039786,0.058325082351706636,close,-0.037289481488705575,22.184821796352605,1606,2.218627786155269,0.5755388505893839,False,1069,537,run+ledger,0.6549456867559094,this run,1.4877006853447827,-1.3863796812878588,False,False,False,False,False,False,0,6,False,True,underpowered,2000.0
us_etfs,4h,AD,False,10,3.537759525439197,0.9892594686263424,0.0013888916624791303,0.1303938653020167,-0.12900497363953756,0.6513557481999308,0.3732997481108312,1.0112374832710331,1985,0.058803018766231854,1.490534927053709,-1.431731908287477,-2.4630212575678962,2.4953371154545767e-05,0.011393968318273958,0.13291344185531873,9.999434708875071,1769,2023-02-10,2026-08-25,0.08464421939015536,0.11109349480147013,-0.20938731942081656,-0.12952080687813716,0.17279207155734722,10049.22230229264,17574.676013236298,0.01879930517564836,-0.011073539687476642,0.5812909262915729,0.005,-2.552788615749723,-0.34293159346343927,-1.4550282824591148,,,1,-1.455028,0.76191877428484,-0.09987032737241397,15428.162459707157,False,-5378.940157414518,0.0,0.007984966005491518,0.0014039816383448755,0.9892594686263424,1.3327991197068807,0.006633122131373212,-1.3261659975755076,SPY,0.21037381520456644,19649.4012312515,1.4288247116075652,0.1405684051184841,-0.18709518091808564,0.6021567884960305,0.12450866712012187,-0.11631816227469971,-0.12311977545764274,0.6634959820748694,False,1.0,10049.22230229264,-0.20938731942081656,False,0.02152083882435069,0.2577502312663439,0.7965996765524535,0.05588711709569061,848,-0.024937518967070457,0.06261060730532525,0.03362913166674998,-0.025025972581618077,-0.010348067899290613,-0.022974084737542803,-0.11519468534734847,-0.4518715881612928,1.6753545729224786,0.794540622535905,-0.757509340274052,-0.23061048181004107,-0.8578324958804486,-3.157454740878619,0.8942618361630568,0.0896207774478066,0.059561377708602814,close,-0.9626451018752168,17.462020077009495,1606,2.218627786155269,0.5439656934857795,False,1069,537,run+ledger,0.6549456867559094,this run,1.4877006853447827,-1.4288976665785509,False,False,False,False,False,False,0,6,False,True,underpowered,2000.0
us_etfs,4h,TRIX,False,10,3.537759525439197,0.9502543810062181,0.001956467129694772,0.13136119351692077,-0.129404726387226,0.6506907080123744,0.3471502590673575,1.0486783368344281,193,0.06552338678048004,1.490534927053709,-1.4250115402732288,-4.601430505011366,2.5710796523414903e-05,0.015291023372353081,0.2039300015073294,9.999434708875071,1769,2023-02-10,2026-08-25,0.08525296385268402,0.11109349480147013,-0.1607699850255514,-0.12952080687813716,0.17279207155734722,10069.387102590075,17574.676013236298,0.07699442643808994,-0.03904102839446771,0.30968881062557935,0.0,-2.084215464914069,-0.8856801173075797,-1.6648188209848478,,,1,-1.664819,0.7673983432156448,-0.10056096266020031,15474.920693655551,False,-5405.533591065477,0.0,0.0015593039480729758,0.002058993147789012,0.9502543810062181,1.328124242434821,0.012169355675338455,-1.3159548867594826,SPY,0.21037381520456644,19649.4012312515,1.4288247116075652,0.1405684051184841,-0.18709518091808564,0.606487380865031,0.12542875554766653,-0.11711401189688797,-0.12347228841797175,0.6629064842209703,False,1.0,10069.387102590075,-0.1607699850255514,False,0.033001779974161885,0.46492741736560983,0.6419834355385547,0.1720572327574027,848,-0.0020470398859102207,0.11506197776960791,0.06030317618561522,-0.04902567768638209,0.0012377426692016698,0.027228550514123033,-0.21952259739919594,-0.0379624363879478,2.7120810962208357,2.050070235818387,-1.288593055473374,0.028995912467350733,0.993113599336206,-6.949506430061432,0.8384081998830841,0.15673665175144982,0.18290730034483593,close,0.08649068776610436,14.35330270509146,1606,2.218627786155269,0.5490341527997207,False,1069,537,run+ledger,0.6549456867559094,this run,1.4877006853447827,-1.4221772985643026,False,False,False,False,False,False,0,6,False,True,underpowered,2000.0
us_etfs,4h,TSF_21,False,10,3.537759525439197,0.9886941775014131,0.011627624157751093,0.1433122365806716,-0.1316846124229205,0.6486175573280474,0.36675824175824173,1.0289375736734794,2912,0.17096736249099803,1.490534927053709,-1.319567564562711,-2.6284928888400914,5.8305715852247086e-05,-0.0003605529089364797,-0.004382663136513957,9.999434708875071,1769,2023-02-10,2026-08-25,0.09275295443247485,0.11109349480147013,-0.11020906438270128,-0.12952080687813716,0.17279207155734722,10417.462801316697,17574.676013236298,0.017043823832306078,-0.009593748869082873,0.5020243996722447,0.002,-2.331208399549487,-0.3858961308068344,-2.5709242752027386,,,1,-2.570924,0.8349089620254473,-0.1090380285514434,16061.02499634915,False,-5643.562195032452,0.0,0.0115756154813698,0.011761366153496766,0.9886941775014131,1.3327313288540517,0.10550515261951718,-1.2272261762345344,SPY,0.21037381520456644,19649.4012312515,1.4288247116075652,0.1405684051184841,-0.18709518091808564,0.6598421199578529,0.13679188324070024,-0.1268726970198487,-0.12516425908294915,0.6618751828415362,False,1.0,10417.462801316697,-0.11020906438270128,False,-0.007099849706452224,-0.08781069347307699,0.9300271384365755,0.06302471700918455,848,-0.11364949715772375,0.05240431457484925,0.06090510425923474,0.028411932074338397,-0.044547502555411914,0.05457414750666115,0.09289791483655764,-1.8982533897095208,0.7302762550201606,1.247418868085787,0.6302911426510783,-0.8251906675069283,1.8854479326362206,3.0161187023388067,0.9965031519426018,-0.05964142802877274,0.06432286469687654,close,0.2322466230676343,23.06962602907792,1606,2.218627786155269,0.6261654258623788,False,1069,537,run+ledger,0.6549456867559094,this run,1.4877006853447827,-1.3167333228537847,False,False,False,False,False,False,0,6,False,True,underpowered,2000.0
us_etfs,4h,T3_50,False,10,3.537759525439197,0.8338044092707744,-0.00391999611247118,0.12789834500993735,-0.13181834112240853,0.6442387154856316,0.2027194066749073,0.9884306683298906,809,-0.005818879620125158,1.490534927053709,-1.496353806673834,-3.3460800800877117,1.4419756597994215e-05,0.10847354035744873,1.3644692512987786,9.999434708875071,1769,2023-02-10,2026-08-25,0.08307259468230481,0.11109349480147013,-0.12371126318320069,-0.12952080687813716,0.17279207155734722,9862.008373850831,17574.676013236298,0.0427397886311634,-0.01099436855917192,0.44719605354890657,0.0,-2.41432181958205,-0.6591582283824569,-1.661226695760639,,,1,-1.661227,0.7477719089741471,-0.09808548334236789,15308.003286354467,False,-5445.994912503637,0.0,0.0037445921770861254,-0.004699499110161209,0.8338044092707744,1.314200783983255,-0.03168665497066474,-1.3458874389539197,SPY,0.21037381520456644,19649.4012312515,1.4288247116075652,0.1405684051184841,-0.18709518091808564,0.5909762909544539,0.12213477630857494,-0.11426085117432949,-0.12605477242104612,0.656021562231069,False,1.0,9862.008373850831,-0.12371126318320069,False,0.09498012254612795,1.2453073205059995,0.21301880579400523,0.27361552853818927,848,-0.15814933803745174,0.18231641166111232,-0.0291916924564931,-0.004588162909013982,-0.013095809261044863,-0.028558542944629922,-0.20820607389275447,-2.7484795767662127,3.2681763695026396,-0.7995200029459557,-0.1288994836780114,-0.3203615470307197,-1.1028502002359055,-7.613116395157036,0.17241992535017614,-0.11941404740516905,0.28014307551420903,close,0.590517170822996,32.75433391880098,1606,2.218627786155269,0.49563535766396855,False,1069,537,run+ledger,0.6549456867559094,this run,1.5099898228345832,-1.5158087024547082,False,False,False,False,False,False,0,6,False,True,underpowered,2000.0
us_etfs,4h,OBV,False,10,3.537759525439197,0.9892594686263424,-0.01327064288916524,0.11929275291087582,-0.13256339580004106,0.6402109269881916,0.28174069089277703,0.9709718999080349,2229,-0.13321610410785859,1.490534927053709,-1.6237510311615675,-4.128510562358731,4.731864487739212e-06,-0.0006554579492634485,-0.009012979179902215,9.999434708875071,1769,2023-02-10,2026-08-25,0.07763979867158316,0.11109349480147013,-0.12372224495204343,-0.12952080687813716,0.17279207155734722,9538.368447946432,17574.676013236298,0.02186778265032064,-0.00883418315330544,0.39330189583767816,0.0,-2.4391440327996268,-0.871732278030701,-2.4933464510358188,,,1,-2.493346,0.6988689914772196,-0.0918956391303476,14898.790454606476,False,-5360.422006660044,0.0,0.008919329268251073,-0.013413753492947156,0.9892594686263424,1.3327991197068807,-0.10726157526731865,-1.4400606949741994,SPY,0.21037381520456644,19649.4012312515,1.4288247116075652,0.1405684051184841,-0.18709518091808564,0.5523275205843101,0.11394595614771164,-0.10711988959897112,-0.12721659903687688,0.6511485877542046,False,1.0,9538.368447946432,-0.12372224495204343,False,0.003210792545314252,0.044692125175134316,0.9643527106278988,0.054592169795890766,848,-0.05790973892807599,0.12417304423455294,-0.023725200204726397,0.003921911459289773,-0.013901723419437108,-0.02005397454104045,-0.056144083262685364,-1.0765358491192345,2.1763516821265774,-0.7396762544179017,0.10610437904873102,-0.3581517141961133,-0.7835857710505095,-1.752980575323319,0.9928087804273247,0.034215543185242045,0.05523804198378801,close,-0.5392892871008566,19.319818511069602,1606,2.218627786155269,0.4009544678439697,False,1069,537,run+ledger,0.6549456867559094,this run,1.4877006853447827,-1.6209167894526413,False,False,False,False,False,False,0,6,False,True,underpowered,2000.0
us_etfs,4h,SIN,False,10,3.537759525439197,0.9892594686263424,-0.044327880372599715,0.08837884676664509,-0.1327067271392448,0.6312749535206242,0.50198371267488,0.9403937431139787,4789,-0.753296533660635,1.490534927053709,-2.243831460714344,-3.69469705568484,3.693904515600366e-09,-0.059056587336341136,-0.9277766142773118,9.999434708875071,1769,2023-02-10,2026-08-25,0.05794949650902041,0.11109349480147013,-0.2283092130775336,-0.12952080687813716,0.17279207155734722,8518.000887173246,17574.676013236298,0.009946938567898843,-0.010661683470277863,0.60731135107867,0.0,-3.4198145345702677,-0.9849142571353279,-1.1298676442098166,,,1,-1.129868,0.5216281710515921,-0.06920047793094386,13493.329395801788,False,-4975.328508628541,0.0,0.017961255241217933,-0.04479821059453082,0.9892594686263424,1.3327991197068807,-0.19415721238347927,-1.5269563320903599,SPY,0.21037381520456644,19649.4012312515,1.4288247116075652,0.1405684051184841,-0.18709518091808564,0.4122512200389213,0.08449509159720625,-0.08085574953746488,-0.12882297196980597,0.6393091735627379,False,1.0,8518.000887173246,-0.2283092130775336,False,-0.052001209382653846,-0.8545023551810577,0.3928267050137959,0.026486545711419507,848,-0.0342295547415507,0.016425209337245374,0.04253891083625397,-0.03662255640248803,-0.023201299210128465,0.03801380626891078,-0.010003549888925933,-0.8568115402107638,0.503519577978447,1.3095212070934101,-1.2119967694349223,-0.7533124925480126,2.140205737753124,-0.3381155806359662,0.3535234571624968,0.062438683008551044,0.030054041592880387,close,-2.3005999259525147,42.112999822696885,1606,2.218627786155269,0.07138760355603185,False,1069,537,run+ledger,0.6549456867559094,this run,1.4877006853447827,-2.2409972190054175,False,False,False,False,False,False,0,6,False,True,underpowered,2000.0
us_etfs,4h,CORREL,False,10,3.537759525439197,0.8755731423905535,-0.022598973835806446,0.11017167661811689,-0.13277065045392333,0.6372363029071687,0.45464725643896975,0.9225739371276498,893,-0.28220988261972,1.490534927053709,-1.772744809673429,-2.926854637415001,1.377058123974706e-06,-0.03436513575849828,-0.4920785590296405,9.999434708875071,1769,2023-02-10,2026-08-25,0.07185891940799492,0.11109349480147013,-0.17085218170234873,-0.12952080687813716,0.17279207155734722,9223.163777889054,17574.676013236298,0.022934082137815802,-0.020724175166087756,0.6056825600464798,0.002,-2.9106752084365124,-0.5597933669513553,-3.347298283343261,,,1,-3.347298,0.6468328279384006,-0.0852750775255855,14473.694822174417,False,-5250.5310442853615,0.0,0.004330827710695568,-0.025768776159218798,0.8755731423905535,1.3191890297528324,-0.1322720822797417,-1.451461112032574,SPY,0.21037381520456644,19649.4012312515,1.4288247116075652,0.1405684051184841,-0.18709518091808564,0.5112024949520169,0.10526211037730304,-0.09947141438108553,-0.1278610842131095,0.6473068524583719,False,1.0,9223.163777889054,-0.17085218170234873,False,-0.0315796661092479,-0.46145382909478666,0.6444730394328428,0.04265987841258578,848,0.0708352868320798,-0.05201899395013236,-0.0230904785597727,-0.014863381914514771,0.048872302567326394,-0.05089144181795138,0.01756980940614981,1.4399107191446454,-1.37771190024073,-0.8142056798232297,-0.4797655812106962,1.2885120366446219,-2.228539819224289,0.5195834932525587,0.6226638088645542,0.024650848983730083,0.0430467679323524,close,0.4200788828846049,19.414090125979218,1606,2.218627786155269,0.298381000703143,False,1069,537,run+ledger,0.6549456867559094,this run,1.4941523653810975,-1.7763622480008174,False,False,False,False,False,False,0,6,False,True,underpowered,2000.0
us_etfs,4h,DEMA_100,False,10,3.537759525439197,0.8880723572639908,-0.004194501393891215,0.12907367856548246,-0.13326817995937368,0.641243730027233,0.2222222222222222,0.9900403210416283,1296,-0.008301037502287383,1.490534927053709,-1.4988359645559963,-2.987157413824156,1.4125351140370501e-05,0.15830296534974367,2.0872366655637467,9.999434708875071,1769,2023-02-10,2026-08-25,0.08381300682634649,0.11109349480147013,-0.1547298370506338,-0.12952080687813716,0.17279207155734722,9852.396716339017,17574.676013236298,0.030031966541950547,-0.00866688122368699,0.5017599533320837,0.0,-2.501493333691288,-0.5560280524490576,-0.7726750267404464,,,1,-0.772675,0.7544366749477519,-0.09892666876328182,15364.511581143404,False,-5512.114864804388,0.0,0.005724715194354547,-0.004721902768068276,0.8880723572639908,1.320683044154436,-0.02710854915796625,-1.3477915933124023,SPY,0.21037381520456644,19649.4012312515,1.4288247116075652,0.1405684051184841,-0.18709518091808564,0.596243563805829,0.12325286824751136,-0.1152305484589673,-0.12744736964140257,0.6530771760072848,False,1.0,9852.396716339017,-0.1547298370506338,False,0.13054960803113372,1.705059511744923,0.08818332582045652,0.2801032679746145,848,-0.18904707601801102,0.14169484245302308,-0.06891499049407308,0.01274310907472384,0.026395146876726328,-0.05654066395214959,-0.18120684550534977,-3.499128196319501,2.6855214738341995,-1.9595134227892088,0.3790718669288093,0.6401719900479376,-2.099612881470616,-6.825078833477534,0.036866746649372395,-0.24561165842775318,0.3079014730098799,close,0.38850269728545334,27.012647796125567,1606,2.218627786155269,0.49377363367805754,False,1069,537,run+ledger,0.6549456867559094,this run,1.4894130360077988,-1.4977140735100862,False,False,False,False,False,False,0,6,False,True,underpowered,2000.0
us_etfs,4h,ADOSC,False,10,3.537759525439197,0.9949123798756359,0.0005371739320969571,0.13516775603014475,-0.1346305820980478,0.6397877253555007,0.3890353189246178,1.009057856311501,1897,0.05004999668520808,1.490534927053709,-1.4404849303685008,-2.772822291547459,2.3213179581205168e-05,0.0012109052935150237,0.01303693496830963,9.999434708875071,1769,2023-02-10,2026-08-25,0.08764598204192654,0.11109349480147013,-0.1867586674129863,-0.12952080687813716,0.17279207155734722,10019.016878764582,17574.676013236298,0.019561867193191,-0.012344319788402287,0.5195013523800668,0.0015,-2.468732518460459,-0.4634542900010111,-1.6224788437896227,,,1,-1.622479,0.788938922108396,-0.10327213374546429,15659.907937742124,False,-5640.891058977541,0.0,0.007710567089131283,0.0005399215856751738,0.9949123798756359,1.3334770908140374,0.0028762998769373558,-1.3306007909371,SPY,0.21037381520456644,19649.4012312515,1.4288247116075652,0.1405684051184841,-0.18709518091808564,0.6235112503983408,0.12904891889327197,-0.12023705157564202,-0.128511744961175,0.6521388032346482,False,1.0,10019.016878764582,-0.1867586674129863,False,0.01138832432115482,0.1267521745217117,0.8991365495271886,0.046860973681059015,848,0.0061757562256498505,0.06287894468729434,0.040663807691292596,-0.017936679813214278,-0.015154980824188499,-0.03271499670008761,-0.10932065583601583,0.10309068747502509,1.483952908307137,0.8446971983989717,-0.49199179377820723,-0.3347121932989314,-1.1688988652131669,-2.755538188294506,0.9895983255170961,0.09006812174816091,0.05026784115445859,close,-1.0415147535622202,16.98755039904264,1606,2.218627786155269,0.5374460764457726,False,1069,537,run+ledger,0.6549456867559094,this run,1.4877006853447827,-1.4376506886595746,False,False,False,False,False,False,0,6,False,True,underpowered,2000.0
us_etfs,4h,EMA_21,False,10,3.537759525439197,0.9886941775014131,-0.002419325354041324,0.1324928243480401,-0.13491214970208143,0.6384309225545429,0.24583927722301474,0.9992422950741557,2103,0.014783043309670126,1.490534927053709,-1.4757518837440389,-4.193527899712123,1.7059305308708694e-05,0.08097364714234634,0.9909292063664722,9.999434708875071,1769,2023-02-10,2026-08-25,0.08596478119097076,0.11109349480147013,-0.15089561064887302,-0.12952080687813716,0.17279207155734722,9914.672507844542,17574.676013236298,0.02420171179855665,-0.007895190926097926,0.35191178383368954,0.0,-2.1775578669434954,-0.7863766575163432,-1.278448702925742,,,1,-1.278449,0.7738057151284538,-0.10136804367909613,15529.749825044702,False,-5615.077317200162,0.0,0.00839642584718112,-0.0024469567200585685,0.9886941775014131,1.3327313288540517,-0.01603310622249298,-1.3487644350765446,SPY,0.21037381520456644,19649.4012312515,1.4288247116075652,0.1405684051184841,-0.18709518091808564,0.6115512310075061,0.1265050568661754,-0.1180438947667134,-0.12892438222021674,0.6505174410196398,False,1.0,9914.672507844542,-0.15089561064887302,False,0.0770570308938386,0.9639821583789251,0.3350548709483654,0.13675112545550194,848,-0.11792933102827831,0.15719397496713092,-0.061559283002496815,-0.01105291011847502,0.014202686423820197,-0.04262366289573939,-0.135698758912727,-2.172867982048166,2.629028674190382,-1.601493382644292,-0.29502668210844335,0.30622955575092814,-1.5971502966993165,-5.284436293818859,0.32172014978548136,-0.03466127002861854,0.13727758490712672,close,0.0409635361501544,22.052734658822832,1606,2.218627786155269,0.5110882940946038,False,1069,537,run+ledger,0.6549456867559094,this run,1.4877006853447827,-1.4729176420351127,False,False,False,False,False,False,0,6,False,True,underpowered,2000.0
us_etfs,4h,LINEARREG_INTERCEPT_9,False,10,3.537759525439197,0.9954776710005652,0.003569139994352044,0.1390419988798668,-0.13547285888551475,0.6389251346662731,0.33510167992926615,1.0122443895336926,2262,0.08457287629100249,1.490534927053709,-1.4059620507627064,-3.203140739513663,3.0013051793897905e-05,0.03986846807728523,0.4638969330914187,9.999434708875071,1769,2023-02-10,2026-08-25,0.09007752878142242,0.11109349480147013,-0.12351503514977968,-0.12952080687813716,0.17279207155734722,10126.840478671827,17574.676013236298,0.019963510736060484,-0.009939691577678834,0.4389323370712008,0.0,-2.3104873666820653,-0.5582265762494791,-2.2469793128132296,,,1,-2.246979,0.8108263129393459,-0.1060208114598774,15849.807636635449,False,-5722.967157963621,0.0,0.009074320343979274,0.0035853831777508116,0.9954776710005652,1.333544894174652,0.028896401073957922,-1.304648493100694,SPY,0.21037381520456644,19649.4012312515,1.4288247116075652,0.1405684051184841,-0.18709518091808564,0.6408092110421024,0.13273262307199674,-0.123401400518927,-0.1291634830776447,0.6516047084415458,False,1.0,10126.840478671827,-0.12351503514977968,False,0.03628026126435672,0.43982270482425967,0.6600655218644893,0.052277139952183416,848,-0.08513578506596257,0.12575285208628245,-0.03126871251333677,0.04200826049361041,0.004943863724309619,-0.015607419771718183,-0.058634875842349284,-1.6647564046282255,1.8204903389266023,-0.7188290381688413,0.9151503372640052,0.10576475173868727,-0.5764233837232013,-2.082218757183228,0.6427215902348782,-0.03175491224314598,0.05267281080359487,close,0.011920101705139323,25.688935729476647,1606,2.218627786155269,0.5631750771779187,False,1069,537,run+ledger,0.6549456867559094,this run,1.4877006853447827,-1.4031278090537802,False,False,False,False,False,False,0,6,False,True,underpowered,2000.0
us_etfs,4h,TEMA_200,False,10,3.537759525439197,0.6625211984171847,-0.01866886850898608,0.11717922989824459,-0.13584809840723067,0.6321183482623689,0.2034313725490196,0.8941767251165604,816,-0.20891925196234312,1.490534927053709,-1.699454179016052,-3.2012339331570137,2.7795428712562575e-06,0.11113920114912859,1.5212878348395238,9.999434708875071,1769,2023-02-10,2026-08-25,0.07630235336362463,0.11109349480147013,-0.1386110951599152,-0.12952080687813716,0.17279207155734722,9355.036317495367,17574.676013236298,0.032827621553233426,-0.009375852970531496,0.5308747234664207,0.0,-2.895071161052108,-0.7937845233472454,-0.06735684292054867,,,1,-0.067357,0.686830074974065,-0.09036706010277595,14799.501301000739,False,-5444.464983505372,0.0,0.003781112422746066,-0.028044126583928075,0.6625211984171847,1.293817316077038,-0.13468523921153544,-1.4285025552885735,SPY,0.21037381520456644,19649.4012312515,1.4288247116075652,0.1405684051184841,-0.18709518091808564,0.5428129692394954,0.11193416083882335,-0.105354954227314,-0.13060302934780943,0.6427303367352264,False,1.0,9355.036317495367,-0.1386110951599152,False,0.08236913892530129,1.1228450397024068,0.26150331289458606,0.3178715968774838,848,-0.19211071336895155,0.10770832998738553,-0.054932132214568635,0.005725071947601079,-0.003927882873637285,-0.05136627094810805,-0.1746237867106835,-3.23040664865153,2.088658621901244,-1.5683198598650425,0.19795035052137716,-0.1055875994755309,-1.9642337861118038,-6.672102008604787,0.12818762171993914,-0.2546092933817995,0.35332921462840194,close,0.9456579990631887,44.438077453702306,1606,2.218627786155269,0.3479222284198119,False,1069,537,run+ledger,0.6549456867559094,this run,1.5591622566653247,-1.7680815086276678,False,False,False,False,False,False,0,6,False,True,underpowered,2000.0
us_etfs,4h,pivot_center,False,10,3.537759525439197,0.9853589598643301,-0.0026071052255727256,0.13465460056254663,-0.13726170578811936,0.6337159461992319,0.2854188210961737,0.997256976574664,1934,0.013764302692378728,1.490534927053709,-1.47677062436133,-3.2667718121354037,1.6933595216594988e-05,0.06365699966727871,0.7733699761871128,9.999434708875071,1769,2023-02-10,2026-08-25,0.08732361282329215,0.11109349480147013,-0.14372783509907006,-0.12952080687813716,0.17279207155734722,9908.07159558408,17574.676013236298,0.022189795248422555,-0.008887451553743582,0.4520580895413089,0.0,-2.4075610809237764,-0.6282937661232141,-2.015085799805229,,,1,-2.015086,0.7860371390723102,-0.1029072551693726,15634.878142184407,False,-5726.806546600327,0.0,0.007792520438991773,-0.0026457918297708716,0.9853589598643301,1.3323313860236423,-0.018139181069384898,-1.3504705670930273,SPY,0.21037381520456644,19649.4012312515,1.4288247116075652,0.1405684051184841,-0.18709518091808564,0.621217924110953,0.128560938438407,-0.11981685035531875,-0.13116804366397972,0.6459044339750062,False,1.0,9908.07159558408,-0.14372783509907006,False,0.056594405676148235,0.6982933666060019,0.48499374679110474,0.12483369828015822,848,-0.08632237339002238,0.17533865732365642,-0.046650203772664336,-0.005137708374842981,0.0071628964609631515,-0.019307412468362997,-0.15086506191996824,-1.6200339143572393,2.6919027051231637,-1.1493304362074337,-0.11696024636258855,0.15410707851044259,-0.7155989961955602,-4.828512389663045,0.43930345332566834,-0.06250254349589154,0.12649458006695102,close,-0.1295295341599529,22.00669382638639,1606,2.218627786155269,0.5103237962218805,False,1069,537,run+ledger,0.6549456867559094,this run,1.4877006853447827,-1.473936382652404,False,False,False,False,False,False,0,6,False,True,underpowered,2000.0
us_etfs,4h,MIDPRICE_50,False,10,3.537759525439197,0.9723007348784622,-0.007616794288305639,0.13010395916168327,-0.1377207534499889,0.6314404860621026,0.21032863849765257,0.9821909484723506,1065,-0.04828763343663039,1.490534927053709,-1.5388225604903394,-4.183609167710619,1.0059134690820759e-05,0.03487227695912054,0.41555434678692704,9.999434708875071,1769,2023-02-10,2026-08-25,0.08446173026927149,0.11109349480147013,-0.13729265394909995,-0.12952080687813716,0.17279207155734722,9733.130290343675,17574.676013236298,0.039541712491127715,-0.010722883042518115,0.3678217775137976,0.0,-2.306783249110402,-0.8641738227098539,-1.7558817811069032,,,1,-1.755882,0.7602761117580198,-0.09966321332121286,15414.16888081265,False,-5681.038590468974,0.0,0.0046433897515855155,-0.007832932327102915,0.9723007348784622,1.3307658911601954,-0.055478527577517,-1.3862444187377123,SPY,0.21037381520456644,19649.4012312515,1.4288247116075652,0.1405684051184841,-0.18709518091808564,0.6008585656078214,0.12423290851728352,-0.11607947216263081,-0.13184970280558916,0.643183951006779,False,1.0,9733.130290343675,-0.13729265394909995,False,0.04033667693829424,0.501776019891579,0.6158250831481427,0.21364120642823758,848,-0.07581164647749046,0.18946611217622814,-0.040067310684991836,-0.008118610710306957,-0.00560492062784335,-0.03526393393752128,-0.22121499039799036,-1.2412194795287201,3.126332639283226,-1.0887723369170015,-0.2312015515695895,-0.1318983987757156,-1.3327596608926988,-9.051723711600674,0.6777361391960195,0.04835884631145042,0.21469705114130588,close,-0.2188473496075695,22.750009690607893,1606,2.218627786155269,0.46381839658576796,False,1069,537,run+ledger,0.6549456867559094,this run,1.4877006853447827,-1.5359883187814132,False,False,False,False,False,False,0,6,False,True,underpowered,2000.0
us_etfs,4h,HT_TRENDLINE,False,10,3.537759525439197,0.9643866591294515,-0.008726078136033433,0.12975125360244544,-0.13847733173847887,0.6296419287122066,0.25227410551849605,0.980700061713626,1649,-0.0619496857854501,1.490534927053709,-1.552484612839159,-3.462994692738735,9.036774942461356e-06,0.08307183032923679,0.9782462853085687,9.999434708875071,1769,2023-02-10,2026-08-25,0.08423967941523425,0.11109349480147013,-0.17253975771766583,-0.12952080687813716,0.17279207155734722,9694.695186099001,17574.676013236298,0.027153425005049654,-0.0093415441055977,0.44830695700875156,0.0,-2.508820451941187,-0.7280110591727098,-1.8701888519782501,,,1,-1.870189,0.7582773371723965,-0.0994111519832035,15397.156294733037,False,-5702.461108634035,0.0,0.006803742684423913,-0.009046857034498257,0.9643866591294515,1.329817404690649,-0.050574303867473185,-1.380391708558122,SPY,0.21037381520456644,19649.4012312515,1.4288247116075652,0.1405684051184841,-0.18709518091808564,0.5992789015727199,0.1238974088367022,-0.11578896764517477,-0.13262348697273563,0.6413209084031064,False,1.0,9694.695186099001,-0.17253975771766583,False,0.07475376640562667,0.9105802820875292,0.3625165636912495,0.13432598362855008,848,-0.10767866809003435,0.16046805395381572,-0.04522859667458099,-0.0007527010419537961,-0.009246910044400017,-0.02552040843194133,-0.13916104051156772,-1.6971379164540987,2.521325941088617,-1.3255782964289973,-0.020546967263998996,-0.2052473269065415,-0.8642632196284501,-4.615743614624575,0.3279525293816259,-0.07361320116092782,0.136810735532507,close,0.12793741480535706,25.313129625832303,1606,2.218627786155269,0.4536422275455636,False,1069,537,run+ledger,0.6549456867559094,this run,1.4877006853447827,-1.5496503711302327,False,False,False,False,False,False,0,6,False,True,underpowered,2000.0
us_etfs,4h,MIDPOINT_21,False,10,3.537759525439197,0.9885811192764272,-0.004294706336304688,0.1341936676726787,-0.1384883740089834,0.6308368426944235,0.2562954672635702,0.9950786616070207,1787,-0.00596973214922686,1.490534927053709,-1.4965046592029358,-3.8642800750466084,1.4387046741559661e-05,0.08018622661040314,0.964392958575351,9.999434708875071,1769,2023-02-10,2026-08-25,0.08703398961910801,0.11109349480147013,-0.1557667769487886,-0.12952080687813716,0.17279207155734722,9848.889767989685,17574.676013236298,0.02652532755813112,-0.009186368007829352,0.3872660961783123,0.0,-2.299759487541018,-0.7542490247445813,-1.3061032654463927,,,1,-1.306103,0.7834301168996645,-0.10257934782468847,15612.420044972665,False,-5763.53027698298,0.0,0.007317042297757214,-0.0043442056269658025,0.9885811192764272,1.3327177708201827,-0.02757138858767462,-1.3602891594078574,SPY,0.21037381520456644,19649.4012312515,1.4288247116075652,0.1405684051184841,-0.18709518091808564,0.6191575521238054,0.12812260610676662,-0.11943919723998753,-0.1324173124430713,0.64292937757047,False,1.0,9848.889767989685,-0.1557667769487886,False,0.07657461931808543,0.939018364619169,0.34772131557087693,0.10874699904451135,848,-0.09841332086034195,0.1422176213990453,-0.06796918723872798,-0.012294659722452007,0.012543413032102338,-0.04174764423657902,-0.1305247550032513,-1.647230713253911,2.279405781568452,-1.8045416270827068,-0.31583393646540703,0.2775712254011973,-1.474883749190386,-4.6129372108809905,0.3348489511470243,-0.0319620018029712,0.10918388995084649,close,0.15976497639733767,22.08705403092205,1606,2.218627786155269,0.49552196156808137,False,1069,537,run+ledger,0.6549456867559094,this run,1.4877006853447827,-1.4936704174940096,False,False,False,False,False,False,0,6,False,True,underpowered,2000.0
us_etfs,4h,MACD,False,10,3.537759525439197,0.9813453928773317,-0.0038083702496097827,0.1350774779978019,-0.13888584824741168,0.6301885781125165,0.3473227206946454,0.9938934533277965,1382,0.00018531378409555443,1.490534927053709,-1.4903496132696135,-2.324624990118852,1.5131488011466132e-05,0.08180334238124834,1.0360672335468102,9.999434708875071,1769,2023-02-10,2026-08-25,0.08758927366930665,0.11109349480147013,-0.20935048493548958,-0.12952080687813716,0.17279207155734722,9865.91881755214,17574.676013236298,0.02606120336292578,-0.013953698505636136,0.6411139945602219,0.0055,-2.7987450983877884,-0.29204552088123975,-2.69427859755931,,,1,-2.694279,0.7884284658236133,-0.10320795538969507,15655.502432464966,False,-5789.583614912825,0.0,0.006220734794039273,-0.00388062373698439,0.9813453928773317,1.3318501515699974,-0.018191361012530327,-1.3500415125825278,SPY,0.21037381520456644,19649.4012312515,1.4288247116075652,0.1405684051184841,-0.18709518091808564,0.6231078285015632,0.12896307089072123,-0.12016314497753988,-0.13277144114033101,0.6423464071454339,False,1.0,9865.91881755214,-0.20935048493548958,False,0.06258806473902033,0.7900878221918807,0.4294764812825851,0.09406812112485208,848,-0.1629814724052588,0.10906703956532454,-0.0628068973421474,0.028362161677582265,-0.055470252113139516,0.013291178792168982,-0.02736851433614322,-2.562228830103222,1.8332310321327006,-1.7721494661870163,0.7430644043685504,-1.315076120767934,0.4508474494034032,-0.8884813932672464,0.30017077734311437,-0.17005136188307865,0.10653897209160956,close,0.2548490898157063,22.294978535181137,1606,2.218627786155269,0.5001390143419895,False,1069,537,run+ledger,0.6549456867559094,this run,1.4877006853447827,-1.4875153715606872,False,False,False,False,False,False,0,6,False,True,underpowered,2000.0
us_etfs,4h,MINUS_DI,False,10,3.537759525439197,0.9920859242509892,-0.004398944148455097,0.13452051737310344,-0.13891946152155854,0.6299607549343592,0.29894344313238036,0.9923534011109701,1609,-0.006946796648157156,1.490534927053709,-1.497481723701866,-3.620184543548199,1.4270791458659282e-05,0.08899420284360228,1.0559265188828661,9.999434708875071,1769,2023-02-10,2026-08-25,0.08723936873715117,0.11109349480147013,-0.13575558640512586,-0.12952080687813716,0.17279207155734722,9845.242628561728,17574.676013236298,0.023510712734742416,-0.010102652371366434,0.4136478971412217,0.0,-2.3430545084513037,-0.747668312862814,-1.849346889671632,,,1,-1.849347,0.7852788220683171,-0.10281188425646992,15628.342799842483,False,-5783.100171280755,0.0,0.006842579413926912,-0.004433957529375587,0.9920859242509892,1.3331380910470523,-0.03240341163808639,-1.3655415026851387,SPY,0.21037381520456644,19649.4012312515,1.4288247116075652,0.1405684051184841,-0.18709518091808564,0.6206186138600472,0.12843343085984338,-0.119707013826851,-0.13283237500829848,0.6420652307975203,False,1.0,9845.242628561728,-0.13575558640512586,False,0.07044579884373492,0.8423296335849555,0.3996034681963616,0.23842086825570308,848,-0.20321602662838706,0.13562161182457544,-0.08616353897708712,-0.005902823792788697,0.0034239223051926726,-0.036302623607752285,-0.16342054605651174,-3.9518858916983386,2.602486234431195,-2.4060265382465924,-0.17273088384113866,0.08473163376933056,-1.3657528231699552,-6.342236844371947,0.2910017873836832,-0.16414966359909808,0.24977834226076712,close,0.12718205404741148,22.909505209558436,1606,2.218627786155269,0.49478907315546783,False,1069,537,run+ledger,0.6549456867559094,this run,1.4877006853447827,-1.4946474819929398,False,False,False,False,False,False,0,6,False,True,underpowered,2000.0
us_etfs,4h,PLUS_DI,False,10,3.537759525439197,0.9920859242509892,-0.004398944148455097,0.13452051737310344,-0.13891946152155854,0.6299607549343592,0.29894344313238036,0.9923534011109701,1609,-0.006946796648157156,1.490534927053709,-1.497481723701866,-3.620184543548199,1.4270791458659282e-05,0.08899420284360228,1.0559265188828661,9.999434708875071,1769,2023-02-10,2026-08-25,0.08723936873715117,0.11109349480147013,-0.13575558640512586,-0.12952080687813716,0.17279207155734722,9845.242628561728,17574.676013236298,0.023510712734742416,-0.010102652371366434,0.4136478971412217,0.0,-2.3430545084513037,-0.747668312862814,-1.849346889671632,,,1,-1.849347,0.7852788220683171,-0.10281188425646992,15628.342799842483,False,-5783.100171280755,0.0,0.006842579413926912,-0.004433957529375587,0.9920859242509892,1.3331380910470523,-0.03240341163808639,-1.3655415026851387,SPY,0.21037381520456644,19649.4012312515,1.4288247116075652,0.1405684051184841,-0.18709518091808564,0.6206186138600472,0.12843343085984338,-0.119707013826851,-0.13283237500829848,0.6420652307975203,False,1.0,9845.242628561728,-0.13575558640512586,False,0.07044579884373492,0.8423296335849555,0.3996034681963616,0.23842086825570308,848,-0.20321602662838706,0.13562161182457544,-0.08616353897708712,-0.005902823792788697,0.0034239223051926726,-0.036302623607752285,-0.16342054605651174,-3.9518858916983386,2.602486234431195,-2.4060265382465924,-0.17273088384113866,0.08473163376933056,-1.3657528231699552,-6.342236844371947,0.2910017873836832,-0.16414966359909808,0.24977834226076712,close,0.12718205404741148,22.909505209558436,1606,2.218627786155269,0.49478907315546783,False,1069,537,run+ledger,0.6549456867559094,this run,1.4877006853447827,-1.4946474819929398,False,False,False,False,False,False,0,6,False,True,underpowered,2000.0
us_etfs,4h,KAMA_50,False,10,3.537759525439197,0.9717354437535329,-0.009618967948606172,0.1297747396036062,-0.13939370755221236,0.6275916234963395,0.21416938110749187,0.9645973457148834,1228,-0.07259063359418826,1.490534927053709,-1.563125560647897,-4.236880863259682,8.1912762027736e-06,0.05868485808709421,0.730481899603349,9.999434708875071,1769,2023-02-10,2026-08-25,0.08425446642184996,0.11109349480147013,-0.1283950677664384,-0.12952080687813716,0.17279207155734722,9663.837011905454,17574.676013236298,0.03371557534302892,-0.009526051997289125,0.3689330927859257,0.0,-2.336470897153368,-0.9021925715978542,-2.212983467713525,,,1,-2.212983,0.7584104413351752,-0.09942793908246006,15398.288712121126,False,-5734.451700215672,0.0,0.005277853557818319,-0.009897362688217282,0.9717354437535329,1.330698134641824,-0.07491695838428854,-1.4056150930261126,SPY,0.21037381520456644,19649.4012312515,1.4288247116075652,0.1405684051184841,-0.18709518091808564,0.5993840959555063,0.12391974934549266,-0.1158083155291092,-0.13353871729409883,0.6392346328839619,False,1.0,9663.837011905454,-0.1283950677664384,False,0.058319133203085446,0.7561181553981512,0.44957835762740483,0.21690161323331192,848,-0.11383176903108569,0.1803668999529685,-0.013964329804477982,-0.018329808994851843,-0.04901988068809136,-0.0522819355031948,-0.19042026552657929,-1.9262766010966927,3.0853455537811314,-0.36577851530610794,-0.5422224844419151,-1.0643621929112181,-2.0465319727214957,-7.209811851025702,0.46509567296354004,-0.0032365920367212002,0.21690635987064133,close,-0.1483598699383724,23.729628020687343,1606,2.218627786155269,0.4457029613546313,False,1069,537,run+ledger,0.6549456867559094,this run,1.4877006853447827,-1.5602913189389709,False,False,False,False,False,False,0,6,False,True,underpowered,2000.0
us_etfs,4h,LINEARREG_INTERCEPT_50,False,10,3.537759525439197,0.9723007348784622,-0.0041731080188966985,0.13523526005926745,-0.13940836807816415,0.6290632740347696,0.2327718223583461,0.9985717653645364,653,-0.0038532875239004247,1.490534927053709,-1.4943882145776093,-4.573236735223638,1.4633111640960372e-05,0.06000560866214266,0.7191507276812438,9.999434708875071,1769,2023-02-10,2026-08-25,0.0876883834286293,0.11109349480147013,-0.09823895838904739,-0.12952080687813716,0.17279207155734722,9853.145552524542,17574.676013236298,0.049091124177967335,-0.014915216350845266,0.3267681734181057,0.0,-2.167128409168077,-0.8798485705531413,-1.7753796906970296,,,1,-1.775380,0.7893205951017475,-0.10332011830817267,15663.202668512387,False,-5810.0571159878455,0.0,0.003258725917542611,-0.004291737600517931,0.9723007348784622,1.3307658911601954,-0.042479155798561034,-1.3732450469587565,SPY,0.21037381520456644,19649.4012312515,1.4288247116075652,0.1405684051184841,-0.18709518091808564,0.6238128927671719,0.1291131101394125,-0.12029230902387533,-0.1332862181583092,0.6412132413130386,False,1.0,9853.145552524542,-0.09823895838904739,False,0.06384670378469459,0.812472434114665,0.41652059781006723,0.2531501109724301,848,-0.07930650967498022,0.17918666794033977,-0.017605212787506846,-0.01296578341811877,-0.02051705713320404,-0.03511229848307467,-0.26311787561834893,-1.5251167788726092,4.059984030815954,-0.5687531227020218,-0.36991831326009617,-0.5027212107036928,-1.363892495203853,-9.531250017709505,0.472048054505974,0.033992923176761856,0.2536330395263492,close,-0.09550170828048843,18.118452597816006,1606,2.218627786155269,0.49710943595378393,False,1069,537,run+ledger,0.6549456867559094,this run,1.4877006853447827,-1.491553972868683,False,False,False,False,False,False,0,6,False,True,underpowered,2000.0
us_etfs,4h,LINEARREG_ANGLE,False,10,3.537759525439197,0.9926512153759185,-0.0016571262971630807,0.13785629821530998,-0.13951342451247306,0.6295468193511146,0.3718801996672213,1.0026706079960823,1202,0.026024971900608488,1.490534927053709,-1.4645099551531005,-3.681972541730198,1.8612091501002404e-05,0.09379157023831818,1.0406894877708814,9.999434708875071,1769,2023-02-10,2026-08-25,0.08933378946056568,0.11109349480147013,-0.1370218362914427,-0.12952080687813716,0.17279207155734722,9941.498022626847,17574.676013236298,0.02534586703698277,-0.014966127453638414,0.3977514602715944,0.0,-2.2932280186201113,-0.7280219101029675,-1.5300222357162754,,,1,-1.530022,0.804131597626034,-0.10518072802087475,15791.514970838438,False,-5850.016948211592,0.0,0.005409282508728346,-0.0016693840707474594,0.9926512153759185,1.3332058887277538,-0.012093884755991782,-1.3452997734837455,SPY,0.21037381520456644,19649.4012312515,1.4288247116075652,0.1405684051184841,-0.18709518091808564,0.6355182687408801,0.13160532456867324,-0.12243447744618685,-0.13326245086583632,0.641936241910727,False,1.0,9941.498022626847,-0.1370218362914427,False,0.07881994943593439,0.8913066556589323,0.37276467904533517,0.14260413663875238,848,-0.15604638879182958,0.1536793129632697,-0.08310965439832169,0.004323376087576117,0.00531894552106877,-0.01972741388128067,-0.12888955397100874,-2.2555898363799822,2.5523421945627143,-2.093006152032349,0.11604563877396792,0.12311225361453858,-0.6419181292735289,-4.381905432694813,0.2980196836216753,-0.13249584806661155,0.14966718179855376,close,0.4980845963226593,23.038359007400306,1606,2.218627786155269,0.5195205740676307,False,1069,537,run+ledger,0.6549456867559094,this run,1.4877006853447827,-1.4616757134441742,False,False,False,False,False,False,0,6,False,True,underpowered,2000.0
us_etfs,4h,LINEARREG_SLOPE,False,10,3.537759525439197,0.9926512153759185,-0.0016571262971630807,0.13785629821530998,-0.13951342451247306,0.6295468193511146,0.3718801996672213,1.0026706079960823,1202,0.026024971900608488,1.490534927053709,-1.4645099551531005,-3.681972541730198,1.8612091501002404e-05,0.09379157023831818,1.0406894877708814,9.999434708875071,1769,2023-02-10,2026-08-25,0.08933378946056568,0.11109349480147013,-0.1370218362914427,-0.12952080687813716,0.17279207155734722,9941.498022626847,17574.676013236298,0.02534586703698277,-0.014966127453638414,0.3977514602715944,0.0,-2.2932280186201113,-0.7280219101029675,-1.5300222357162754,,,1,-1.530022,0.804131597626034,-0.10518072802087475,15791.514970838438,False,-5850.016948211592,0.0,0.005409282508728346,-0.0016693840707474594,0.9926512153759185,1.3332058887277538,-0.012093884755991782,-1.3452997734837455,SPY,0.21037381520456644,19649.4012312515,1.4288247116075652,0.1405684051184841,-0.18709518091808564,0.6355182687408801,0.13160532456867324,-0.12243447744618685,-0.13326245086583632,0.641936241910727,False,1.0,9941.498022626847,-0.1370218362914427,False,0.07881994943593439,0.8913066556589323,0.37276467904533517,0.14260413663875238,848,-0.15604638879182958,0.1536793129632697,-0.08310965439832169,0.004323376087576117,0.00531894552106877,-0.01972741388128067,-0.12888955397100874,-2.2555898363799822,2.5523421945627143,-2.093006152032349,0.11604563877396792,0.12311225361453858,-0.6419181292735289,-4.381905432694813,0.2980196836216753,-0.13249584806661155,0.14966718179855376,close,0.4980845963226593,23.038359007400306,1606,2.218627786155269,0.5195205740676307,False,1069,537,run+ledger,0.6549456867559094,this run,1.4877006853447827,-1.4616757134441742,False,False,False,False,False,False,0,6,False,True,underpowered,2000.0
us_etfs,4h,ULTOSC,False,10,3.537759525439197,0.9841718485019784,0.0030097178956733917,0.1425288767077213,-0.1395191588120479,0.6308078481624315,0.38403990024937656,1.0131183590714619,2406,0.07867134500480186,1.490534927053709,-1.4118635820489072,-2.678172578330458,2.8541564429385158e-05,0.0826000358798545,0.9027538382551297,9.999434708875071,1769,2023-02-10,2026-08-25,0.0922625206781263,0.11109349480147013,-0.17777829468202289,-0.12952080687813716,0.17279207155734722,10106.883840007235,17574.676013236298,0.016157926363371142,-0.00994372732680353,0.5271742356980769,0.001,-2.4907053888465973,-0.3803895992389905,-1.7486772025662098,,,1,-1.748677,0.8304943583150772,-0.10848550090956699,16022.127608984245,False,-5915.2437689770095,0.0,0.009472055547352509,0.0030581962594125045,0.9841718485019784,1.332189043074543,0.016929613938847943,-1.315259429135695,SPY,0.21037381520456644,19649.4012312515,1.4288247116075652,0.1405684051184841,-0.18709518091808564,0.6563531869082451,0.1360473020597759,-0.12623718872515233,-0.1330375841641025,0.6436326707228591,False,1.0,10106.883840007235,-0.17777829468202289,False,0.07110452788036872,0.8061416329388366,0.42016118844245964,0.09236286267198424,848,-0.10550931722197968,0.15584438513470156,-0.034992987193462714,0.012429062299697674,-0.03066203461808664,-0.012809348298955924,-0.11985321401354002,-1.7186104765144445,2.368063116956986,-0.7720186134481787,0.2754245339178695,-0.6185529544401728,-0.3989488737692818,-3.4007090131781315,0.36665655566406263,-0.10173294538062796,0.09620453159253284,close,0.11311410234496044,23.101608788055476,1606,2.218627786155269,0.5588108418704664,False,1069,537,run+ledger,0.6549456867559094,this run,1.4877006853447827,-1.409029340339981,False,False,False,False,False,False,0,6,False,True,underpowered,2000.0
us_etfs,4h,MINUS_DM,False,10,3.537759525439197,0.9926512153759185,-0.00548846371682965,0.13455902724961288,-0.14004749096644253,0.6274499032285228,0.29894344313238036,0.9890087700996877,1609,-0.019468021071385386,1.490534927053709,-1.5100029481250943,-3.6574840624081055,1.2871458594021501e-05,0.08676029906647728,1.0291236275141418,9.999434708875071,1769,2023-02-10,2026-08-25,0.08726356488070042,0.11109349480147013,-0.13575558640512542,-0.12952080687813716,0.17279207155734722,9807.179780024824,17574.676013236298,0.02350154403556772,-0.010132864380526034,0.41285291264697976,0.0,-2.3594316672470854,-0.7536482639609126,-1.849346889671632,,,1,-1.849347,0.7854966218917224,-0.10283927694984307,15630.21960727431,False,-5823.039827249484,0.0,0.006844275383222139,-0.005528983317380609,0.9926512153759185,1.3332058887277538,-0.04042900820634247,-1.3736348969340963,SPY,0.21037381520456644,19649.4012312515,1.4288247116075652,0.1405684051184841,-0.18709518091808564,0.6207907445997313,0.12847005226492136,-0.11973856160880325,-0.13395851598175101,0.6395095058309179,False,1.0,9807.179780024824,-0.13575558640512542,False,0.06802168741753771,0.8129838076399095,0.4162273419598961,0.2377669063250636,848,-0.2028874092696663,0.13507471660887146,-0.08559031627563315,-0.005661309166867093,0.004287350192823759,-0.03588375767972159,-0.1634574711237097,-3.9419837163050206,2.5887407557698707,-2.384499259942114,-0.165619017566463,0.105964057007619,-1.3468549099809362,-6.342643409543941,0.30342158462425695,-0.16583296323012842,0.24935082509947692,close,0.12820629276349166,22.884935885112167,1606,2.218627786155269,0.48540005808260456,False,1069,537,run+ledger,0.6549456867559094,this run,1.4877006853447827,-1.507168706416168,False,False,False,False,False,False,0,6,False,True,underpowered,2000.0
us_etfs,4h,PLUS_DM,False,10,3.537759525439197,0.9926512153759185,-0.00548846371682965,0.13455902724961288,-0.14004749096644253,0.6274499032285228,0.29894344313238036,0.9890087700996877,1609,-0.019468021071385386,1.490534927053709,-1.5100029481250943,-3.6574840624081055,1.2871458594021501e-05,0.08676029906647728,1.0291236275141418,9.999434708875071,1769,2023-02-10,2026-08-25,0.08726356488070042,0.11109349480147013,-0.13575558640512542,-0.12952080687813716,0.17279207155734722,9807.179780024824,17574.676013236298,0.02350154403556772,-0.010132864380526034,0.41285291264697976,0.0,-2.3594316672470854,-0.7536482639609126,-1.849346889671632,,,1,-1.849347,0.7854966218917224,-0.10283927694984307,15630.21960727431,False,-5823.039827249484,0.0,0.006844275383222139,-0.005528983317380609,0.9926512153759185,1.3332058887277538,-0.04042900820634247,-1.3736348969340963,SPY,0.21037381520456644,19649.4012312515,1.4288247116075652,0.1405684051184841,-0.18709518091808564,0.6207907445997313,0.12847005226492136,-0.11973856160880325,-0.13395851598175101,0.6395095058309179,False,1.0,9807.179780024824,-0.13575558640512542,False,0.06802168741753771,0.8129838076399095,0.4162273419598961,0.2377669063250636,848,-0.2028874092696663,0.13507471660887146,-0.08559031627563315,-0.005661309166867093,0.004287350192823759,-0.03588375767972159,-0.1634574711237097,-3.9419837163050206,2.5887407557698707,-2.384499259942114,-0.165619017566463,0.105964057007619,-1.3468549099809362,-6.342643409543941,0.30342158462425695,-0.16583296323012842,0.24935082509947692,close,0.12820629276349166,22.884935885112167,1606,2.218627786155269,0.48540005808260456,False,1069,537,run+ledger,0.6549456867559094,this run,1.4877006853447827,-1.507168706416168,False,False,False,False,False,False,0,6,False,True,underpowered,2000.0
us_etfs,4h,TSF_9~ADD|gate,False,10,3.537759525439197,0.9892594686263424,0.0009863926091171482,0.14166246381132752,-0.14067607120221037,0.6280007327397903,0.42520560124472107,1.007776292491484,4499,0.05644410212036222,1.490534927053709,-1.4340908249333466,-2.870075503016588,2.3340467911914242e-05,0.04261839838773268,0.43250134750633656,9.999434708875071,1769,2023-02-10,2026-08-25,0.0917199005201793,0.11109349480147013,-0.13154697341505406,-0.12952080687813716,0.17279207155734722,10034.939897130873,17574.676013236298,0.012475666468836447,-0.009157692731114511,0.49967006910656114,0.0,-2.4826856371683386,-0.5376271681485271,-1.7780585368225308,,,1,-1.778059,0.8256100024946335,-0.10787388663302233,15979.185013608592,False,-5944.24511647772,0.0,0.017071126418940083,0.0009971073520367302,0.9892594686263424,1.3327991197068807,0.007498405957276602,-1.325300713749604,SPY,0.21037381520456644,19649.4012312515,1.4288247116075652,0.1405684051184841,-0.18709518091808564,0.6524930011325749,0.1352237396722189,-0.1255336296574272,-0.13423734706310175,0.6406927360030962,False,1.0,10034.939897130873,-0.13154697341505406,False,0.03631853746625356,0.38441129038195443,0.7006736336848032,0.06508967063262627,848,0.03631660566172532,-0.007893601394152502,0.01529730156415667,-0.005892833686530478,-0.06026402794936153,0.03111862094929252,0.14883501471809785,0.7063090620169089,-0.12703094854932254,0.27419213555877625,-0.11475284059674289,-1.3759626074438047,1.144970450149566,2.9636759717447965,0.6653770730557367,-0.0557525084632235,0.06627461808624613,close,1.17393653673411,23.307236503389923,1606,2.218627786155269,0.5423242751526413,False,1069,537,run+ledger,0.6549456867559094,this run,1.4877006853447827,-1.4312565832244204,False,False,False,False,False,False,0,6,False,True,underpowered,2000.0
us_etfs,4h,TSF_9~MULT|gate,False,10,3.537759525439197,0.9892594686263424,0.0009863926091171482,0.14166246381132752,-0.14067607120221037,0.6280007327397903,0.42520560124472107,1.007776292491484,4499,0.05644410212036222,1.490534927053709,-1.4340908249333466,-2.870075503016588,2.3340467911914242e-05,0.04261839838773268,0.43250134750633656,9.999434708875071,1769,2023-02-10,2026-08-25,0.0917199005201793,0.11109349480147013,-0.13154697341505406,-0.12952080687813716,0.17279207155734722,10034.939897130873,17574.676013236298,0.012475666468836447,-0.009157692731114511,0.49967006910656114,0.0,-2.4826856371683386,-0.5376271681485271,-1.7780585368225308,,,1,-1.778059,0.8256100024946335,-0.10787388663302233,15979.185013608592,False,-5944.24511647772,0.0,0.017071126418940083,0.0009971073520367302,0.9892594686263424,1.3327991197068807,0.007498405957276602,-1.325300713749604,SPY,0.21037381520456644,19649.4012312515,1.4288247116075652,0.1405684051184841,-0.18709518091808564,0.6524930011325749,0.1352237396722189,-0.1255336296574272,-0.13423734706310175,0.6406927360030962,False,1.0,10034.939897130873,-0.13154697341505406,False,0.03631853746625356,0.38441129038195443,0.7006736336848032,0.06508967063262627,848,0.03631660566172532,-0.007893601394152502,0.01529730156415667,-0.005892833686530478,-0.06026402794936153,0.03111862094929252,0.14883501471809785,0.7063090620169089,-0.12703094854932254,0.27419213555877625,-0.11475284059674289,-1.3759626074438047,1.144970450149566,2.9636759717447965,0.6653770730557367,-0.0557525084632235,0.06627461808624613,close,1.17393653673411,23.307236503389923,1606,2.218627786155269,0.5423242751526413,False,1069,537,run+ledger,0.6549456867559094,this run,1.4877006853447827,-1.4312565832244204,False,False,False,False,False,False,0,6,False,True,underpowered,2000.0
us_etfs,4h,AVGDEV,False,10,3.537759525439197,0.981910684002261,-0.014263481753653107,0.1264159595615304,-0.1406794413151835,0.6237771598914483,0.5115089514066496,0.9716152499270341,1564,-0.13384475657403813,1.490534927053709,-1.624379683627747,-3.1761914070204527,4.861736126571259e-06,-0.04226915086473584,-0.47082801249222506,9.999434708875071,1769,2023-02-10,2026-08-25,0.08213821122459822,0.11109349480147013,-0.15779725702759484,-0.12952080687813716,0.17279207155734722,9504.458386592429,17574.676013236298,0.01780995113520632,-0.019193979812238582,0.5114237385181891,0.0,-2.6945127795296266,-0.6682992872424425,0.09600608411904088,,,1,0.096006,0.7393611243519118,-0.09702310468431463,15236.94517485447,False,-5732.486788262041,0.0,0.0069777895613571525,-0.014524334209436773,0.981910684002261,1.3319179275845094,-0.09039118944354511,-1.4223091170280546,SPY,0.21037381520456644,19649.4012312515,1.4288247116075652,0.1405684051184841,-0.18709518091808564,0.5843291111922663,0.12072447713895729,-0.11303591359994092,-0.1349879588926104,0.6350564332750117,False,1.0,9504.458386592429,-0.15779725702759484,False,-0.03118030277008858,-0.3548185224399008,0.7227255511836423,0.033397178133179994,848,0.047004575037268286,-0.11029534945551371,0.03569557800438863,0.004499412829116903,0.05365184075588425,0.010798891750007448,0.04633127432605101,0.5429526094428963,-1.639318135018953,0.962997272089869,0.1099401869861417,1.1075566254574178,0.29940808394028656,1.1742844504985992,0.6377635586643244,0.09813408660124384,0.03797030723092365,close,-0.016176712908002627,25.232279044163562,1606,2.218627786155269,0.400651393125954,False,1069,537,run+ledger,0.6549456867559094,this run,1.4877006853447827,-1.6215454419188209,False,False,False,False,False,False,0,6,False,True,underpowered,2000.0
us_etfs,4h,MIDPRICE_9,False,10,3.537759525439197,0.9953080836630864,-0.004651379367611064,0.1367728950726923,-0.14142427444030337,0.6249951025307006,0.309515387336399,0.9940499361418739,2827,-0.00824525959137364,1.490534927053709,-1.4987801866450825,-2.398480001482951,1.4099074881424034e-05,0.004514009330302948,0.05279771258227853,9.999434708875071,1769,2023-02-10,2026-08-25,0.08865388701047718,0.11109349480147013,-0.1445170892894747,-0.12952080687813716,0.17279207155734722,9836.414277337502,17574.676013236298,0.01900624899096466,-0.008570703130058957,0.6248875061365553,0.0015,-2.821028523659873,-0.38095404611991984,-3.291968584939922,,,1,-3.291969,0.7980115052542572,-0.10441224436752783,15738.38616896094,False,-5901.971891623439,0.0,0.01099830020279594,-0.004673254814503203,0.9953080836630864,1.333524553047292,-0.03218567015485709,-1.365710223202149,SPY,0.21037381520456644,19649.4012312515,1.4288247116075652,0.1405684051184841,-0.18709518091808564,0.6306814602879748,0.1305752167519425,-0.12154980827504491,-0.13522659611955357,0.6372005402079874,False,1.0,9836.414277337502,-0.1445170892894747,False,0.007316657996574189,0.0886374004428982,0.9293700837965391,0.03925192087003326,848,-0.06177136132264855,0.12191484036022869,-0.005549295381233291,0.014342979035206566,0.002131348443689793,0.006564373517881178,-0.05757552262387155,-1.2327428091184263,1.848863012397702,-0.12494419508720607,0.3256200481551267,0.04406028671953336,0.2501305853253514,-1.971784153655236,0.9578930840554172,0.024802879846598812,0.0395004497137037,close,-0.2918394849868171,21.99399360187186,1606,2.218627786155269,0.4938146884407014,False,1069,537,run+ledger,0.6549456867559094,this run,1.4877006853447827,-1.4959459449361563,False,False,False,False,False,False,0,6,False,True,underpowered,2000.0
us_etfs,4h,MACDFIX,False,10,3.537759525439197,0.9813453928773317,-0.006247050826114542,0.13547834441526807,-0.1417253952413826,0.6239678579392317,0.3472222222222222,0.9865626853487514,1368,-0.027465031697397113,1.490534927053709,-1.5179999587511062,-2.315836712017067,1.2063232935455304e-05,0.08230960559226094,1.0450878506304806,9.999434708875071,1769,2023-02-10,2026-08-25,0.08784106210180813,0.11109349480147013,-0.21485258227718584,-0.12952080687813716,0.17279207155734722,9780.740617165919,17574.676013236298,0.026021088758807646,-0.014029523784438919,0.6554866113288902,0.0055,-2.8575606955606645,-0.29291618298431477,-2.7789982237536544,,,1,-2.778998,0.7906949210553209,-0.10349288525047007,15675.071227977367,False,-5894.330610811447,0.0,0.006174321207114646,-0.006365423619380528,0.9813453928773317,1.3318501515699974,-0.029075986706341234,-1.3609261382763387,SPY,0.21037381520456644,19649.4012312515,1.4288247116075652,0.1405684051184841,-0.18709518091808564,0.6248990449010753,0.1293442629547379,-0.12049125695022167,-0.13559131378085243,0.6360405709923337,False,1.0,9780.740617165919,-0.21485258227718584,False,0.062263464908407666,0.7868268291977432,0.4313832456382991,0.09252512539466506,848,-0.16269137433244255,0.11019309319448232,-0.06273189817607255,0.027965178157181095,-0.05947863206506429,0.01176209386407542,-0.024818853739170147,-2.548138740347663,1.8507248848040871,-1.7825141284649535,0.7213750366740976,-1.3905550304943342,0.39275603310066076,-0.8019219406791366,0.2959823687038523,-0.17740433353393803,0.10599722760797514,close,0.24295232244420947,22.078631811476324,1606,2.218627786155269,0.47940925471365553,False,1069,537,run+ledger,0.6549456867559094,this run,1.4877006853447827,-1.51516571704218,False,False,False,False,False,False,0,6,False,True,underpowered,2000.0
us_etfs,4h,HT_DCPERIOD,False,10,3.537759525439197,0.9711701526286036,-0.03658327058001987,0.1053749165107638,-0.14195818709078367,0.6149105622327187,0.48829787234042554,0.8817795419446534,940,-0.5072507063673579,1.490534927053709,-1.9977856334210669,-4.065236562631418,1.708791017018818e-07,0.0024178470377090562,0.03384647934844409,9.999434708875071,1769,2023-02-10,2026-08-25,0.06880924928604262,0.11109349480147013,-0.21155881765338735,-0.12952080687813716,0.17279207155734722,8764.728610934973,17574.676013236298,0.021209334227341187,-0.02295274472317925,0.49143158156776606,0.0,-2.841757240962359,-0.9748710355712857,-1.606472585669472,,,1,-1.606473,0.6193814445121952,-0.08176822492179958,14253.664108664114,False,-5488.935497729141,0.0,0.004816798150535405,-0.03764856899730595,0.9711701526286036,1.3306303792735166,-0.172922457148333,-1.5035528364218496,SPY,0.21037381520456644,19649.4012312515,1.4288247116075652,0.1405684051184841,-0.18709518091808564,0.48950722054535517,0.10069342399529813,-0.0954156596834822,-0.137276694575318,0.624213086651354,False,1.0,8764.728610934973,-0.21155881765338735,False,-0.005135711401801714,-0.07191122597540689,0.9426725561447331,0.05268602694401203,848,-0.08222631692726995,0.03188441260920605,-0.027352491019614688,0.007840371306616398,-0.015346404255870366,-0.020419229431699625,-0.04671019126141676,-2.3745061049315375,0.910640694235743,-0.8619263210079137,0.22397891847357787,-0.4383928393784922,-0.8564093193434659,-1.728611630153188,0.9729995719992004,-0.06684748061508082,0.05562788533676155,close,0.4121147867015836,10.281116130135885,1606,2.218627786155269,0.17135446066281046,False,1069,537,run+ledger,0.6549456867559094,this run,1.4877006853447827,-1.9949513917121406,False,False,False,False,False,False,0,6,False,True,underpowered,2000.0
us_etfs,4h,KAMA_9,False,10,3.537759525439197,0.9949123798756359,-0.0030806818956033988,0.13897389232970037,-0.14205457422530376,0.624205108076688,0.27764976958525345,0.9985570858463104,2604,0.010695510781627584,1.490534927053709,-1.4798394162720814,-2.8481782400690197,1.6478520105722705e-05,0.028698197378756368,0.33682743751169736,9.999434708875071,1769,2023-02-10,2026-08-25,0.09003481865509212,0.11109349480147013,-0.13104429633274373,-0.12952080687813716,0.17279207155734722,9891.43824258063,17574.676013236298,0.021914145132659168,-0.008435311744855538,0.5195740194392541,0.0005,-2.516211081189635,-0.4611595623859203,-1.7968449983132122,,,1,-1.796845,0.8104418608487296,-0.10597258432102608,15846.455138853808,False,-5955.016896273178,0.0,0.010237625852801963,-0.003096410967786345,0.9949123798756359,1.3334770908140374,-0.023508706458929156,-1.3569857972729666,SPY,0.21037381520456644,19649.4012312515,1.4288247116075652,0.1405684051184841,-0.18709518091808564,0.6405053723075426,0.13266787324622498,-0.1233458966584956,-0.13574855514182838,0.6365866363856645,False,1.0,9891.43824258063,-0.13104429633274373,False,0.02749889140873189,0.335880747659176,0.7369607956497282,0.056168295669350554,848,-0.08249342665057145,0.12816559615354853,-0.026262532627125128,0.01493821658693359,0.027513746425690756,-0.02191816832898371,-0.06368771739775192,-1.5517335190796733,1.8302761617258092,-0.6665985116158196,0.3214445575611061,0.5833618198681687,-0.7789455419651554,-2.120512235851148,0.7362469882977865,-0.01061361783651679,0.05621292337143935,close,0.30238103399283556,26.640405063335564,1606,2.218627786155269,0.5080233321925102,False,1069,537,run+ledger,0.6549456867559094,this run,1.4877006853447827,-1.4770051745631552,False,False,False,False,False,False,0,6,False,True,underpowered,2000.0
us_etfs,4h,TSF_9~CEIL|gate,False,10,3.537759525439197,0.9761949626279756,-0.0015138093986237777,0.1406668911636486,-0.1421807005622724,0.6243931933275894,0.42923280423280424,1.004289311389445,4536,0.028752990567568703,1.490534927053709,-1.4617819364861402,-2.9086458708752,1.8869969588386493e-05,0.03506278052953729,0.35864247509783287,9.999434708875071,1769,2023-02-10,2026-08-25,0.09109614301082265,0.11109349480147013,-0.14472440290850652,-0.12952080687813716,0.17279207155734722,9946.54785457284,17574.676013236298,0.0121272030913414,-0.009081042562493792,0.5025644239208453,0.0,-2.5174205447091462,-0.579848248602379,-1.6657795211422661,,,1,-1.665780,0.8199952947165468,-0.10717043813311788,15929.94280024824,False,-5983.3949456754,0.0,0.01718328859005089,-0.0015506958155216966,0.9761949626279756,1.3312326895085007,-0.010459945718904051,-1.3416926352274048,SPY,0.21037381520456644,19649.4012312515,1.4288247116075652,0.1405684051184841,-0.18709518091808564,0.6480556063365617,0.13427735411802644,-0.12472431355574576,-0.13579116351665022,0.6369257218634272,False,1.0,9946.54785457284,-0.14472440290850652,False,0.029364561287440086,0.3136667122136328,0.7537741854989963,0.06750172988923742,848,0.03150409726400779,-0.013318848093353479,0.006097288168496211,-0.011464687055683598,-0.055323687369867744,0.02800390803744146,0.15298375231769343,0.6190114485164883,-0.21453670606688122,0.1129120639410691,-0.22171238166704138,-1.29193384623318,1.0397367980689758,3.072272645341168,0.7198625672736947,-0.05042809999775954,0.06848545469942224,close,1.1924762005512317,23.893352668284365,1606,2.218627786155269,0.5215751460805782,False,1069,537,run+ledger,0.6549456867559094,this run,1.4877006853447827,-1.458947694777214,False,False,False,False,False,False,0,6,False,True,underpowered,2000.0
us_etfs,4h,TSF_9~FLOOR|gate,False,10,3.537759525439197,0.9760253752904967,-0.0015681333132344655,0.14069557672790478,-0.14226371004113925,0.6242174836899209,0.4291381970465065,1.004231878437831,4537,0.02816821347695711,1.490534927053709,-1.4623667135767517,-2.914660270263484,1.8785474959481796e-05,0.03533785263527387,0.36145090772087,9.999434708875071,1769,2023-02-10,2026-08-25,0.0911141191137221,0.11109349480147013,-0.14426700561607853,-0.12952080687813716,0.17279207155734722,9944.633511818822,17574.676013236298,0.012135436587412986,-0.009084218865999713,0.5017280156100506,0.0,-2.5145692160576325,-0.5807064671900468,-1.6934344821885212,,,1,-1.693434,0.8201571052971893,-0.10719071654798085,15931.360097498975,False,-5986.726585680152,0.0,0.017183119002713416,-0.0016066212376750766,0.9760253752904967,1.3312123600586279,-0.010869660089899983,-1.342082020148528,SPY,0.21037381520456644,19649.4012312515,1.4288247116075652,0.1405684051184841,-0.18709518091808564,0.6481834878678652,0.13430462321611136,-0.12474764558702844,-0.13587275652934583,0.6367489793690487,False,1.0,9944.633511818822,-0.14426700561607853,False,0.029641010445707803,0.31660446228457145,0.7515437494351711,0.06755576147019704,848,0.03136053021308165,-0.013235901253301985,0.006325928024363183,-0.011635782944447434,-0.055181086391461034,0.02812599192914241,0.15312189538349152,0.6161166706442549,-0.21323293667366439,0.11716963319586667,-0.22502861632528418,-1.2884777688471185,1.0440217463184698,3.0749611643798143,0.7177623976941094,-0.05041591335842694,0.06853906144735722,close,1.1912586436476942,23.875395968446032,1606,2.218627786155269,0.5211364248875179,False,1069,537,run+ledger,0.6549456867559094,this run,1.4877006853447827,-1.4595324718678255,False,False,False,False,False,False,0,6,False,True,underpowered,2000.0
us_etfs,4h,T3_9,False,10,3.537759525439197,0.9728660260033917,-0.008703526180938503,0.13430274417139132,-0.14300627035232982,0.6207991775590791,0.3038259564891223,0.9841519770817624,2666,-0.05683378825885801,1.490534927053709,-1.547368715312567,-2.5655797580141306,9.425839030352545e-06,-0.009933289084761144,-0.12031360556342816,9.999434708875071,1769,2023-02-10,2026-08-25,0.08710253208902291,0.11109349480147013,-0.14157564459437955,-0.12952080687813716,0.17279207155734722,9695.475493133115,17574.676013236298,0.01952301449102486,-0.008657485131468622,0.6031263344977033,0.001,-2.78710808471894,-0.40561938878781634,-2.715419824703898,,,1,-2.715420,0.7840470969491029,-0.10265695859015822,15617.732502892104,False,-5922.257009758988,0.0,0.010499358623149525,-0.008945185230602504,0.9728660260033917,1.330833648828292,-0.061476154361680566,-1.3923098031899726,SPY,0.21037381520456644,19649.4012312515,1.4288247116075652,0.1405684051184841,-0.18709518091808564,0.6196451614828014,0.1282263354084261,-0.11952858453760051,-0.1369298615893646,0.6327087503045525,False,1.0,9695.475493133115,-0.14157564459437955,False,-0.013904722128816372,-0.17434106701439617,0.8615974265960313,0.042604894726490206,848,-0.08957083649486985,0.1030802849850671,0.022477540919400983,0.009202956149076943,-0.049021996236763773,0.011222279522982926,-0.018613080950734197,-1.7503389384843102,1.4696208055394404,0.5067525272847233,0.20253131673982358,-0.9571073194717598,0.44235870602302385,-0.6230143485719979,0.904234726721346,-0.03514638769959224,0.043113330895149904,close,0.09568620385434087,28.696722043755596,1606,2.218627786155269,0.45745292302529394,False,1069,537,run+ledger,0.6549456867559094,this run,1.4877006853447827,-1.5445344736036408,False,False,False,False,False,False,0,6,False,True,underpowered,2000.0
us_etfs,4h,TSF_9~WILLR|gate,False,10,3.537759525439197,0.9925381571509325,-0.0025044250612101804,0.14215585544653297,-0.14466028050774316,0.6193395604460091,0.42376631998229697,1.0025510585788364,4519,0.01860414135048045,1.490534927053709,-1.4719307857032284,-2.93630043545624,1.7455315198144916e-05,0.03543040661757262,0.3589801199295243,9.999434708875071,1769,2023-02-10,2026-08-25,0.09202892806025527,0.11109349480147013,-0.13192623244072255,-0.12952080687813716,0.17279207155734722,9911.680658566858,17574.676013236298,0.012464254376731817,-0.009142976473153043,0.5012875276417418,0.0,-2.5205540575060827,-0.5603367997400199,-1.7780585368225308,,,1,-1.778059,0.8283916913831523,-0.10822224472898345,16003.629174647092,False,-6091.948516080233,0.0,0.017142470942667132,-0.0025232294061463545,0.9925381571509325,1.3331923291006633,-0.018983525981729792,-1.352175855082393,SPY,0.21037381520456644,19649.4012312515,1.4288247116075652,0.1405684051184841,-0.18709518091808564,0.6546914150636108,0.13569273454581232,-0.12593436851800766,-0.1381971596070225,0.6318990635390559,False,1.0,9911.680658566858,-0.13192623244072255,False,0.030549448687243887,0.32344546124168105,0.7463579050686651,0.06494819601340596,848,0.03755476743364215,-0.006820664426970192,0.011040091180019213,-0.005570505226289366,-0.06244228800140954,0.027863130375102768,0.1483535575140678,0.7316662555233282,-0.10963764457544291,0.19688614161819376,-0.1084605603446106,-1.4234921226620838,1.0092811375425477,2.965455590380976,0.7196099614110616,-0.04319550093423317,0.06565463838035912,close,1.150718926916234,23.055848466569508,1606,2.218627786155269,0.5139598119323735,False,1069,537,run+ledger,0.6549456867559094,this run,1.4877006853447827,-1.4690965439943022,False,False,False,False,False,False,0,6,False,True,underpowered,2000.0
us_etfs,4h,MIDPOINT_50,False,10,3.537759525439197,0.9722442057659693,-0.013503206110788257,0.131275110768325,-0.14477831687911324,0.6160279328079067,0.21300659754948162,0.9581240990088337,1061,-0.1169641996891709,1.490534927053709,-1.6074991267428798,-4.405422146844834,5.572975768697308e-06,0.028048769268333513,0.33479527952062554,9.999434708875071,1769,2023-02-10,2026-08-25,0.08519880189428009,0.11109349480147013,-0.14507003625661563,-0.12952080687813716,0.17279207155734722,9530.417562370778,17574.676013236298,0.038772349908060826,-0.010952728524023698,0.3648910531523458,0.0,-2.358794656690074,-0.9213296662295573,-1.7227196482052685,,,1,-1.722720,0.7669108082929139,-0.10049953036451376,15470.755553129451,False,-5940.337990758673,0.0,0.004652999722345614,-0.01388600917961591,0.9722442057659693,1.3307591154566203,-0.09308060064796786,-1.4238397161045881,SPY,0.21037381520456644,19649.4012312515,1.4288247116075652,0.1405684051184841,-0.18709518091808564,0.6061020740931551,0.12534687878470807,-0.11704322561224734,-0.13885008489549633,0.6275855579119046,False,1.0,9530.417562370778,-0.14507003625661563,False,0.030276880324611583,0.37555032400844945,0.7072512273326883,0.22154928138566155,848,-0.08199517660891131,0.1878653761289588,-0.0377175180338048,-0.004229527593363938,-0.01105463139600963,-0.040588869066156955,-0.22612805387048127,-1.3740724430757218,3.132628616088619,-1.0184117885443202,-0.12164945737487731,-0.2577475712456127,-1.5581116671671804,-9.022796250948051,0.7377795216297374,0.019718336971315115,0.22172202785632777,close,-0.19374460123918147,22.75559499811312,1606,2.218627786155269,0.41292384599817933,False,1069,537,run+ledger,0.6549456867559094,this run,1.4877006853447827,-1.6046648850339535,False,False,False,False,False,False,0,6,False,True,underpowered,2000.0
us_etfs,4h,TSF_9,False,10,3.537759525439197,0.9954776710005652,-0.0030969829407174743,0.1423176078772539,-0.14541459081797137,0.6177293936152161,0.42432253800396563,1.0016795776524057,4539,0.012235110693032205,1.490534927053709,-1.4782998163606766,-2.9516090211670996,1.6615386142171396e-05,0.03097492574569644,0.312611646430546,9.999434708875071,1769,2023-02-10,2026-08-25,0.09213022488029662,0.11109349480147013,-0.1315469734150555,-0.12952080687813716,0.17279207155734722,9890.86606059615,17574.676013236298,0.012448587621520348,-0.009160267034683051,0.5008454052549752,0.0,-2.5239214969625525,-0.5678800449405211,-1.7780585368225308,,,1,-1.778059,0.8293035073290128,-0.10833641207720535,16011.648729730312,False,-6120.7826691341625,0.0,0.017217037913567594,-0.0031110302345039864,0.9954776710005652,1.333544894174652,-0.02354279129589633,-1.3570876854705483,SPY,0.21037381520456644,19649.4012312515,1.4288247116075652,0.1405684051184841,-0.18709518091808564,0.6554120380226319,0.13584648586248504,-0.12606569591219352,-0.13894346880320252,0.630270154075595,False,1.0,9890.86606059615,-0.1315469734150555,False,0.02645987494053979,0.27932789278523407,0.7799932024858021,0.0646214033706205,848,0.03931918322797333,-0.0057108833561081256,0.010048387260591,-0.0047303769879116775,-0.06495617444193454,0.026114616280024733,0.1468433907316291,0.7655774964655254,-0.09162904231024002,0.17894960692424822,-0.09212276593480172,-1.4757158644804307,0.9372367120802505,2.9376402805619355,0.75457572874771,-0.03995729609968549,0.06522502667835284,close,1.1472674917064745,22.959261489766927,1606,2.218627786155269,0.5091803026334514,False,1069,537,run+ledger,0.6549456867559094,this run,1.4877006853447827,-1.4754655746517504,False,False,False,False,False,False,0,6,False,True,underpowered,2000.0
us_etfs,4h,TSF_9~ADD|or,False,10,3.537759525439197,0.9954776710005652,-0.0030969829407174743,0.1423176078772539,-0.14541459081797137,0.6177293936152161,0.42432253800396563,1.0016795776524057,4539,0.012235110693032205,1.490534927053709,-1.4782998163606766,-2.9516090211670996,1.6615386142171396e-05,0.03097492574569644,0.312611646430546,9.999434708875071,1769,2023-02-10,2026-08-25,0.09213022488029662,0.11109349480147013,-0.1315469734150555,-0.12952080687813716,0.17279207155734722,9890.86606059615,17574.676013236298,0.012448587621520348,-0.009160267034683051,0.5008454052549752,0.0,-2.5239214969625525,-0.5678800449405211,-1.7780585368225308,,,1,-1.778059,0.8293035073290128,-0.10833641207720535,16011.648729730312,False,-6120.7826691341625,0.0,0.017217037913567594,-0.0031110302345039864,0.9954776710005652,1.333544894174652,-0.02354279129589633,-1.3570876854705483,SPY,0.21037381520456644,19649.4012312515,1.4288247116075652,0.1405684051184841,-0.18709518091808564,0.6554120380226319,0.13584648586248504,-0.12606569591219352,-0.13894346880320252,0.630270154075595,False,1.0,9890.86606059615,-0.1315469734150555,False,0.02645987494053979,0.27932789278523407,0.7799932024858021,0.0646214033706205,848,0.03931918322797333,-0.0057108833561081256,0.010048387260591,-0.0047303769879116775,-0.06495617444193454,0.026114616280024733,0.1468433907316291,0.7655774964655254,-0.09162904231024002,0.17894960692424822,-0.09212276593480172,-1.4757158644804307,0.9372367120802505,2.9376402805619355,0.75457572874771,-0.03995729609968549,0.06522502667835284,close,1.1472674917064745,22.959261489766927,1606,2.218627786155269,0.5091803026334514,False,1069,537,run+ledger,0.6549456867559094,this run,1.4877006853447827,-1.4754655746517504,False,False,False,False,False,False,0,6,False,True,underpowered,2000.0
us_etfs,4h,TSF_9~CEIL|or,False,10,3.537759525439197,0.9954776710005652,-0.0030969829407174743,0.1423176078772539,-0.14541459081797137,0.6177293936152161,0.42432253800396563,1.0016795776524057,4539,0.012235110693032205,1.490534927053709,-1.4782998163606766,-2.9516090211670996,1.6615386142171396e-05,0.03097492574569644,0.312611646430546,9.999434708875071,1769,2023-02-10,2026-08-25,0.09213022488029662,0.11109349480147013,-0.1315469734150555,-0.12952080687813716,0.17279207155734722,9890.86606059615,17574.676013236298,0.012448587621520348,-0.009160267034683051,0.5008454052549752,0.0,-2.5239214969625525,-0.5678800449405211,-1.7780585368225308,,,1,-1.778059,0.8293035073290128,-0.10833641207720535,16011.648729730312,False,-6120.7826691341625,0.0,0.017217037913567594,-0.0031110302345039864,0.9954776710005652,1.333544894174652,-0.02354279129589633,-1.3570876854705483,SPY,0.21037381520456644,19649.4012312515,1.4288247116075652,0.1405684051184841,-0.18709518091808564,0.6554120380226319,0.13584648586248504,-0.12606569591219352,-0.13894346880320252,0.630270154075595,False,1.0,9890.86606059615,-0.1315469734150555,False,0.02645987494053979,0.27932789278523407,0.7799932024858021,0.0646214033706205,848,0.03931918322797333,-0.0057108833561081256,0.010048387260591,-0.0047303769879116775,-0.06495617444193454,0.026114616280024733,0.1468433907316291,0.7655774964655254,-0.09162904231024002,0.17894960692424822,-0.09212276593480172,-1.4757158644804307,0.9372367120802505,2.9376402805619355,0.75457572874771,-0.03995729609968549,0.06522502667835284,close,1.1472674917064745,22.959261489766927,1606,2.218627786155269,0.5091803026334514,False,1069,537,run+ledger,0.6549456867559094,this run,1.4877006853447827,-1.4754655746517504,False,False,False,False,False,False,0,6,False,True,underpowered,2000.0
us_etfs,4h,TSF_9~FLOOR|or,False,10,3.537759525439197,0.9954776710005652,-0.0030969829407174743,0.1423176078772539,-0.14541459081797137,0.6177293936152161,0.42432253800396563,1.0016795776524057,4539,0.012235110693032205,1.490534927053709,-1.4782998163606766,-2.9516090211670996,1.6615386142171396e-05,0.03097492574569644,0.312611646430546,9.999434708875071,1769,2023-02-10,2026-08-25,0.09213022488029662,0.11109349480147013,-0.1315469734150555,-0.12952080687813716,0.17279207155734722,9890.86606059615,17574.676013236298,0.012448587621520348,-0.009160267034683051,0.5008454052549752,0.0,-2.5239214969625525,-0.5678800449405211,-1.7780585368225308,,,1,-1.778059,0.8293035073290128,-0.10833641207720535,16011.648729730312,False,-6120.7826691341625,0.0,0.017217037913567594,-0.0031110302345039864,0.9954776710005652,1.333544894174652,-0.02354279129589633,-1.3570876854705483,SPY,0.21037381520456644,19649.4012312515,1.4288247116075652,0.1405684051184841,-0.18709518091808564,0.6554120380226319,0.13584648586248504,-0.12606569591219352,-0.13894346880320252,0.630270154075595,False,1.0,9890.86606059615,-0.1315469734150555,False,0.02645987494053979,0.27932789278523407,0.7799932024858021,0.0646214033706205,848,0.03931918322797333,-0.0057108833561081256,0.010048387260591,-0.0047303769879116775,-0.06495617444193454,0.026114616280024733,0.1468433907316291,0.7655774964655254,-0.09162904231024002,0.17894960692424822,-0.09212276593480172,-1.4757158644804307,0.9372367120802505,2.9376402805619355,0.75457572874771,-0.03995729609968549,0.06522502667835284,close,1.1472674917064745,22.959261489766927,1606,2.218627786155269,0.5091803026334514,False,1069,537,run+ledger,0.6549456867559094,this run,1.4877006853447827,-1.4754655746517504,False,False,False,False,False,False,0,6,False,True,underpowered,2000.0
us_etfs,4h,TSF_9~MULT|or,False,10,3.537759525439197,0.9954776710005652,-0.0030969829407174743,0.1423176078772539,-0.14541459081797137,0.6177293936152161,0.42432253800396563,1.0016795776524057,4539,0.012235110693032205,1.490534927053709,-1.4782998163606766,-2.9516090211670996,1.6615386142171396e-05,0.03097492574569644,0.312611646430546,9.999434708875071,1769,2023-02-10,2026-08-25,0.09213022488029662,0.11109349480147013,-0.1315469734150555,-0.12952080687813716,0.17279207155734722,9890.86606059615,17574.676013236298,0.012448587621520348,-0.009160267034683051,0.5008454052549752,0.0,-2.5239214969625525,-0.5678800449405211,-1.7780585368225308,,,1,-1.778059,0.8293035073290128,-0.10833641207720535,16011.648729730312,False,-6120.7826691341625,0.0,0.017217037913567594,-0.0031110302345039864,0.9954776710005652,1.333544894174652,-0.02354279129589633,-1.3570876854705483,SPY,0.21037381520456644,19649.4012312515,1.4288247116075652,0.1405684051184841,-0.18709518091808564,0.6554120380226319,0.13584648586248504,-0.12606569591219352,-0.13894346880320252,0.630270154075595,False,1.0,9890.86606059615,-0.1315469734150555,False,0.02645987494053979,0.27932789278523407,0.7799932024858021,0.0646214033706205,848,0.03931918322797333,-0.0057108833561081256,0.010048387260591,-0.0047303769879116775,-0.06495617444193454,0.026114616280024733,0.1468433907316291,0.7655774964655254,-0.09162904231024002,0.17894960692424822,-0.09212276593480172,-1.4757158644804307,0.9372367120802505,2.9376402805619355,0.75457572874771,-0.03995729609968549,0.06522502667835284,close,1.1472674917064745,22.959261489766927,1606,2.218627786155269,0.5091803026334514,False,1069,537,run+ledger,0.6549456867559094,this run,1.4877006853447827,-1.4754655746517504,False,False,False,False,False,False,0,6,False,True,underpowered,2000.0
us_etfs,4h,TSF_9~WILLR|or,False,10,3.537759525439197,0.9954776710005652,-0.0030969829407174743,0.1423176078772539,-0.14541459081797137,0.6177293936152161,0.42432253800396563,1.0016795776524057,4539,0.012235110693032205,1.490534927053709,-1.4782998163606766,-2.9516090211670996,1.6615386142171396e-05,0.03097492574569644,0.312611646430546,9.999434708875071,1769,2023-02-10,2026-08-25,0.09213022488029662,0.11109349480147013,-0.1315469734150555,-0.12952080687813716,0.17279207155734722,9890.86606059615,17574.676013236298,0.012448587621520348,-0.009160267034683051,0.5008454052549752,0.0,-2.5239214969625525,-0.5678800449405211,-1.7780585368225308,,,1,-1.778059,0.8293035073290128,-0.10833641207720535,16011.648729730312,False,-6120.7826691341625,0.0,0.017217037913567594,-0.0031110302345039864,0.9954776710005652,1.333544894174652,-0.02354279129589633,-1.3570876854705483,SPY,0.21037381520456644,19649.4012312515,1.4288247116075652,0.1405684051184841,-0.18709518091808564,0.6554120380226319,0.13584648586248504,-0.12606569591219352,-0.13894346880320252,0.630270154075595,False,1.0,9890.86606059615,-0.1315469734150555,False,0.02645987494053979,0.27932789278523407,0.7799932024858021,0.0646214033706205,848,0.03931918322797333,-0.0057108833561081256,0.010048387260591,-0.0047303769879116775,-0.06495617444193454,0.026114616280024733,0.1468433907316291,0.7655774964655254,-0.09162904231024002,0.17894960692424822,-0.09212276593480172,-1.4757158644804307,0.9372367120802505,2.9376402805619355,0.75457572874771,-0.03995729609968549,0.06522502667835284,close,1.1472674917064745,22.959261489766927,1606,2.218627786155269,0.5091803026334514,False,1069,537,run+ledger,0.6549456867559094,this run,1.4877006853447827,-1.4754655746517504,False,False,False,False,False,False,0,6,False,True,underpowered,2000.0
us_etfs,4h,ACCBANDS,False,10,3.537759525439197,0.9838326738270207,-0.008508503167722115,0.13699507938685085,-0.14550358255457296,0.6160428016487708,0.34120734908136485,0.9634080061944691,381,-0.05189921611355067,1.490534927053709,-1.5424341431672597,-4.058020749659745,9.88902010440329e-06,0.06996927011499691,0.8892630916967649,9.999434708875071,1769,2023-02-10,2026-08-25,0.08879334712872194,0.11109349480147013,-0.15834109455983503,-0.12952080687813716,0.17279207155734722,9702.225250082212,17574.676013236298,0.04824962033633056,-0.02593900304066938,0.380095183913633,0.0,-2.323245718694005,-0.8483301407078577,-0.8489966817550395,,,1,-0.848997,0.7992668453485984,-0.10456991352046185,15749.271356008498,False,-6047.046105926287,0.0,0.0025018398841256174,-0.008647717134344424,0.9838326738270207,1.332148374585486,-0.05373528073286662,-1.3858836553183527,SPY,0.21037381520456644,19649.4012312515,1.4288247116075652,0.1405684051184841,-0.18709518091808564,0.6316735759638069,0.13078647656483522,-0.12173132729013336,-0.13929497973255733,0.6280924975154116,False,1.0,9702.225250082212,-0.15834109455983503,False,0.06223728194737817,0.8241954763390298,0.4098284969778532,0.27957615140868586,848,-0.16858558913838143,0.19421441303398762,-0.08362477668221317,0.020295975652161763,-0.005284238297936228,-0.04776985344669386,-0.22906124257183663,-3.099280949307865,3.413697076086106,-2.2591575385543807,0.5446971744479923,-0.13547096969300873,-1.8812203500159765,-8.468131519536659,0.37386170227527904,-0.06842654800250732,0.28146221693799633,close,0.3965401066484398,24.172655088478013,1606,2.218627786155269,0.4611476358081412,False,1069,537,run+ledger,0.6549456867559094,this run,1.4877006853447827,-1.5395999014583335,False,False,False,False,False,False,0,6,False,True,underpowered,2000.0
us_etfs,4h,MA_9,False,10,3.537759525439197,0.9954776710005652,-0.007287424934091069,0.13881666971710005,-0.14610409465119112,0.6152368859689455,0.3077956989247312,0.9885497980460757,2976,-0.0363915660636578,1.490534927053709,-1.5269264931173667,-2.7368923843423953,1.1191990597014811e-05,0.004632335362875994,0.05523018567875813,9.999434708875071,1769,2023-02-10,2026-08-25,0.08993621843636757,0.11109349480147013,-0.1168856285162495,-0.12952080687813716,0.17279207155734722,9744.563482921307,17574.676013236298,0.018607698045744865,-0.008369940131008467,0.557905200019126,0.0005,-2.650765764509089,-0.5192635348021003,-2.615165353494631,,,1,-2.615165,0.8095543181631677,-0.10586124028732824,15838.717907126864,False,-6094.154424205558,0.0,0.011549515119425723,-0.0073204093124622505,0.9954776710005652,1.333544894174652,-0.062346629150203586,-1.3958915233248554,SPY,0.21037381520456644,19649.4012312515,1.4288247116075652,0.1405684051184841,-0.18709518091808564,0.6398039329005759,0.13251839858343062,-0.12321775030163917,-0.1398058235175217,0.6274270438267455,False,1.0,9744.563482921307,-0.1168856285162495,False,0.005593213747880776,0.06925620657817312,0.944785684083493,0.04181271021176458,848,-0.07699229755301848,0.11705860418111004,0.0016237314667400804,0.01534448843346603,-0.00826733233844536,0.000633737635733848,-0.045971447306069134,-1.4341420643918947,1.6307011878068323,0.03580045563874903,0.32775699313719814,-0.16090968354074492,0.022650330555555827,-1.5049933091821217,0.9559550809358062,0.008503581421846668,0.041840966543312264,close,0.15594059724125128,25.920280280985395,1606,2.218627786155269,0.47272562809897506,False,1069,537,run+ledger,0.6549456867559094,this run,1.4877006853447827,-1.5240922514084405,False,False,False,False,False,False,0,6,False,True,underpowered,2000.0
us_etfs,4h,SMA_9,False,10,3.537759525439197,0.9954776710005652,-0.007287424934091069,0.13881666971710005,-0.14610409465119112,0.6152368859689455,0.3077956989247312,0.9885497980460757,2976,-0.0363915660636578,1.490534927053709,-1.5269264931173667,-2.7368923843423953,1.1191990597014811e-05,0.004632335362875994,0.05523018567875813,9.999434708875071,1769,2023-02-10,2026-08-25,0.08993621843636757,0.11109349480147013,-0.1168856285162495,-0.12952080687813716,0.17279207155734722,9744.563482921307,17574.676013236298,0.018607698045744865,-0.008369940131008467,0.557905200019126,0.0005,-2.650765764509089,-0.5192635348021003,-2.615165353494631,,,1,-2.615165,0.8095543181631677,-0.10586124028732824,15838.717907126864,False,-6094.154424205558,0.0,0.011549515119425723,-0.0073204093124622505,0.9954776710005652,1.333544894174652,-0.062346629150203586,-1.3958915233248554,SPY,0.21037381520456644,19649.4012312515,1.4288247116075652,0.1405684051184841,-0.18709518091808564,0.6398039329005759,0.13251839858343062,-0.12321775030163917,-0.1398058235175217,0.6274270438267455,False,1.0,9744.563482921307,-0.1168856285162495,False,0.005593213747880776,0.06925620657817312,0.944785684083493,0.04181271021176458,848,-0.07699229755301848,0.11705860418111004,0.0016237314667400804,0.01534448843346603,-0.00826733233844536,0.000633737635733848,-0.045971447306069134,-1.4341420643918947,1.6307011878068323,0.03580045563874903,0.32775699313719814,-0.16090968354074492,0.022650330555555827,-1.5049933091821217,0.9559550809358062,0.008503581421846668,0.041840966543312264,close,0.15594059724125128,25.920280280985395,1606,2.218627786155269,0.47272562809897506,False,1069,537,run+ledger,0.6549456867559094,this run,1.4877006853447827,-1.5240922514084405,False,False,False,False,False,False,0,6,False,True,underpowered,2000.0
us_etfs,4h,LINEARREG_21,False,10,3.537759525439197,0.9886941775014131,-0.0022309334957864024,0.14433300158810125,-0.14656393508388765,0.6157779130892684,0.34995112414467255,1.0003475097045385,3069,0.02276351369350021,1.490534927053709,-1.4677714133602087,-2.955166575112085,1.8215853293257478e-05,-0.023251663163745544,-0.2843445423958997,9.999434708875071,1769,2023-02-10,2026-08-25,0.09339177498364944,0.11109349480147013,-0.1311462766137984,-0.12952080687813716,0.17279207155734722,9921.298102322184,17574.676013236298,0.016899600931422454,-0.009094669789851972,0.49667975596419245,0.0,-2.4555111157678646,-0.5252896444055843,-2.770788339516381,,,1,-2.770788,0.8406592586770757,-0.1097573534292402,16111.812215784861,False,-6190.514113462678,0.0,0.012067339623768259,-0.002256415653072108,0.9886941775014131,1.3327313288540517,-0.017011031905664314,-1.3497423607597159,SPY,0.21037381520456644,19649.4012312515,1.4288247116075652,0.1405684051184841,-0.18709518091808564,0.6643866728439451,0.13776206632609966,-0.12769993670661917,-0.13999299982188607,0.6284517612322301,False,1.0,9921.298102322184,-0.1311462766137984,False,-0.024689913175934875,-0.308506651248271,0.7576968399399233,0.05127062225021939,848,-0.10373210848881541,0.06012611579816887,0.06250332901974356,0.013515152732949273,-0.04506651966277399,0.04973494656671178,0.07832123844591421,-1.9237739147025927,0.8147016374105094,1.2974113028502314,0.28425643852378685,-0.8361049581463509,1.7849021228736996,2.51324339898064,0.7761463543079543,-0.012728224793570702,0.05132869181479349,close,0.005064904482616745,23.80423280288117,1606,2.218627786155269,0.517070961020943,False,1069,537,run+ledger,0.6549456867559094,this run,1.4877006853447827,-1.4649371716512825,False,False,False,False,False,False,0,6,False,True,underpowered,2000.0
us_etfs,4h,DEMA_21,False,10,3.537759525439197,0.9773883550028263,-0.012157607811767779,0.13451732567614583,-0.1466749334879136,0.6127701630254959,0.30293609671848015,0.9788665999803432,2895,-0.09666709469017111,1.490534927053709,-1.58720202174388,-2.521957137625239,6.848651486701662e-06,0.0028404162907008515,0.034782848448502345,9.999434708875071,1769,2023-02-10,2026-08-25,0.08723736334377992,0.11109349480147013,-0.1567235694648409,-0.12952080687813716,0.17279207155734722,9576.486853494995,17574.676013236298,0.018691109913826814,-0.00829831683976314,0.6293532899763885,0.001,-2.8239283037156717,-0.38511612298846415,-2.552161610614985,,,1,-2.552162,0.785260770665984,-0.10280961390327803,15628.18725737555,False,-6051.700403880555,0.0,0.011424800080140974,-0.012437114884165434,0.9773883550028263,1.3313757515194031,-0.07757357654169048,-1.4089493280610936,SPY,0.21037381520456644,19649.4012312515,1.4288247116075652,0.1405684051184841,-0.18709518091808564,0.6206043475434482,0.12843039567562964,-0.1197043990843214,-0.14058800348739742,0.62454405474508,False,1.0,9576.486853494995,-0.1567235694648409,False,-0.007014360383664269,-0.08797725357247403,0.9298947550478878,0.0561749476229797,848,-0.12538185859042245,0.09374228142181851,0.005486411476221385,0.007300422623637198,-0.06529788608303468,0.029924199190397228,0.054459551943734155,-2.202724831186748,1.3849141713245106,0.1379898384592011,0.18091332804422902,-1.3475818802162618,1.0846148070373338,1.884776581449374,0.9722528973110349,-0.08721280148700854,0.05939653135917222,close,0.49560422603503684,28.343287698384405,1606,2.218627786155269,0.4279627991691357,False,1069,537,run+ledger,0.6549456867559094,this run,1.4877006853447827,-1.5843677800349538,False,False,False,False,False,False,0,6,False,True,underpowered,2000.0
us_etfs,4h,MIDPRICE_21,False,10,3.537759525439197,0.9886941775014131,-0.010715460603207827,0.1360926771671951,-0.1468081377704029,0.6129245955638531,0.2567791920309906,0.9773960614894462,1807,-0.07800145061474907,1.490534927053709,-1.568536377668458,-3.8036258816977546,7.837539507893343e-06,0.049444735382067756,0.5932357926176492,9.999434708875071,1769,2023-02-10,2026-08-25,0.08822684682959354,0.11109349480147013,-0.1643473590555894,-0.12952080687813716,0.17279207155734722,9626.03881127738,17574.676013236298,0.02640473287564948,-0.009333685464301007,0.4123792471851462,0.0,-2.404306507772761,-0.7870469632835654,-1.72395564784961,,,1,-1.723956,0.7941675341770418,-0.10392931973749275,15705.09469019107,False,-6079.05587891369,0.0,0.007366169441467943,-0.010837326668695857,0.9886941775014131,1.3327313288540517,-0.06520007783990854,-1.39793140669396,SPY,0.21037381520456644,19649.4012312515,1.4288247116075652,0.1405684051184841,-0.18709518091808564,0.6276435074811283,0.12992842722009446,-0.12099379483635486,-0.14064388782330228,0.6248361646263109,False,1.0,9626.03881127738,-0.1643473590555894,False,0.05160647646694821,0.6359149073608839,0.5248318857018648,0.07689761585048716,848,-0.05911037314883542,0.1435297761801837,-0.06520056100137828,0.0029282322643038525,0.032700050086147625,-0.03649244826431949,-0.11760679188328928,-1.0661715589311282,2.1965840463930646,-1.6431889562247026,0.06610604599390708,0.7346221834890873,-1.3679350755160444,-3.782730835857048,0.5530233619600147,0.019130976006022538,0.077048599241194,close,-0.0832329299048559,22.113382105238813,1606,2.218627786155269,0.4416893366565375,False,1069,537,run+ledger,0.6549456867559094,this run,1.4877006853447827,-1.5657021359595318,False,False,False,False,False,False,0,6,False,True,underpowered,2000.0
us_etfs,4h,MA_50,False,10,3.537759525439197,0.9723007348784622,-0.013612084143056147,0.13431236603619756,-0.1479244501792537,0.6099740138594003,0.21061792863359444,0.9506437602240032,1149,-0.11384548865822319,1.490534927053709,-1.6043804157119321,-4.039586609912461,5.911757997134615e-06,0.061578930560426036,0.7032588297726128,9.999434708875071,1769,2023-02-10,2026-08-25,0.08710857820826894,0.11109349480147013,-0.10004197910642798,-0.12952080687813716,0.17279207155734722,9526.696867958624,17574.676013236298,0.03471748861785526,-0.009744029245270305,0.3971645048468708,0.0,-2.42662229638498,-0.8847829850724763,-1.9549735412742857,,,1,-1.954974,0.7841015206510202,-0.10266380438589284,15618.201188082972,False,-6091.504320124347,0.0,0.005000225419070467,-0.013997143736792839,0.9723007348784622,1.3307658911601954,-0.13606372309543335,-1.4668296142556287,SPY,0.21037381520456644,19649.4012312515,1.4288247116075652,0.1405684051184841,-0.18709518091808564,0.6196881734188117,0.12823548555417652,-0.11953646903034199,-0.14184756969723267,0.6216767329254549,False,1.0,9526.696867958624,-0.10004197910642798,False,0.05914003307018189,0.71402806528092,0.47520982526616873,0.25044386318730627,848,-0.12540890756927925,0.20106746568193357,-0.059746434075552406,0.003930569079846416,-0.011457666207100727,-0.041682583403026205,-0.23110847821513153,-2.1040613999437787,3.3404649437278042,-1.694018860486888,0.10388885443050462,-0.261744732352477,-1.5194829380421917,-7.911839602005283,0.4818944627382937,-0.021583754730548542,0.25063919278049707,close,0.42251373992898994,26.88121458582239,1606,2.218627786155269,0.4153425750225174,False,1069,537,run+ledger,0.6549456867559094,this run,1.4877006853447827,-1.601546174003006,False,False,False,False,False,False,0,6,False,True,underpowered,2000.0
us_etfs,4h,SMA_50,False,10,3.537759525439197,0.9723007348784622,-0.013612084143056147,0.13431236603619756,-0.1479244501792537,0.6099740138594003,0.21061792863359444,0.9506437602240032,1149,-0.11384548865822319,1.490534927053709,-1.6043804157119321,-4.039586609912461,5.911757997134615e-06,0.061578930560426036,0.7032588297726128,9.999434708875071,1769,2023-02-10,2026-08-25,0.08710857820826894,0.11109349480147013,-0.10004197910642798,-0.12952080687813716,0.17279207155734722,9526.696867958624,17574.676013236298,0.03471748861785526,-0.009744029245270305,0.3971645048468708,0.0,-2.42662229638498,-0.8847829850724763,-1.9549735412742857,,,1,-1.954974,0.7841015206510202,-0.10266380438589284,15618.201188082972,False,-6091.504320124347,0.0,0.005000225419070467,-0.013997143736792839,0.9723007348784622,1.3307658911601954,-0.13606372309543335,-1.4668296142556287,SPY,0.21037381520456644,19649.4012312515,1.4288247116075652,0.1405684051184841,-0.18709518091808564,0.6196881734188117,0.12823548555417652,-0.11953646903034199,-0.14184756969723267,0.6216767329254549,False,1.0,9526.696867958624,-0.10004197910642798,False,0.05914003307018189,0.71402806528092,0.47520982526616873,0.25044386318730627,848,-0.12540890756927925,0.20106746568193357,-0.059746434075552406,0.003930569079846416,-0.011457666207100727,-0.041682583403026205,-0.23110847821513153,-2.1040613999437787,3.3404649437278042,-1.694018860486888,0.10388885443050462,-0.261744732352477,-1.5194829380421917,-7.911839602005283,0.4818944627382937,-0.021583754730548542,0.25063919278049707,close,0.42251373992898994,26.88121458582239,1606,2.218627786155269,0.4153425750225174,False,1069,537,run+ledger,0.6549456867559094,this run,1.4877006853447827,-1.601546174003006,False,False,False,False,False,False,0,6,False,True,underpowered,2000.0
us_etfs,4h,CMO,False,10,3.537759525439197,0.9920859242509892,-0.013960806794633074,0.13399996010530058,-0.14796076689993365,0.6098054044070044,0.2382709541381128,0.962178221824856,1897,-0.11833185030499857,1.490534927053709,-1.6088667773587075,-4.415846047835899,5.592062175041601e-06,0.07527190485377773,0.8981789079674825,9.999434708875071,1769,2023-02-10,2026-08-25,0.08691225797803545,0.11109349480147013,-0.14084847396659006,-0.12952080687813716,0.17279207155734722,9514.786964513814,17574.676013236298,0.025085962226089695,-0.008155410555383779,0.3643394176178707,0.0,-2.3429497407401207,-0.9208740115565828,-1.6504107980610285,,,1,-1.650411,0.7823343584010224,-0.10244149872678843,15602.98891376064,False,-6088.201949246826,0.0,0.007663813255673393,-0.014071387814321823,0.9920859242509892,1.3331380910470523,-0.09911933300707713,-1.4322574240541295,SPY,0.21037381520456644,19649.4012312515,1.4288247116075652,0.1405684051184841,-0.18709518091808564,0.618291556376255,0.1279383929314062,-0.11928042739411637,-0.14189919972603926,0.6214783007029512,False,1.0,9514.786964513814,-0.14084847396659006,False,0.06734323564381227,0.8246870425587368,0.40954928993119344,0.16749528218002274,848,-0.13267583583719236,0.16702630671401214,-0.07197503699529978,-0.017844335652724308,0.03602240058981314,-0.037280369376844605,-0.15901765703552725,-2.4377711021333415,2.8252570437358298,-1.9574818677848906,-0.4654906417468256,0.7994541730738423,-1.3736221597250307,-5.922287522183173,0.3690901762432923,-0.07016713586859916,0.16961483567975677,close,0.09442711153455247,21.65011113766078,1606,2.218627786155269,0.4119876247501514,False,1069,537,run+ledger,0.6549456867559094,this run,1.4877006853447827,-1.6060325356497813,False,False,False,False,False,False,0,6,False,True,underpowered,2000.0
us_etfs,4h,RSI,False,10,3.537759525439197,0.9920859242509892,-0.013960806794633074,0.13399996010530058,-0.14796076689993365,0.6098054044070044,0.2382709541381128,0.962178221824856,1897,-0.11833185030499857,1.490534927053709,-1.6088667773587075,-4.415846047835899,5.592062175041601e-06,0.07527190485377773,0.8981789079674825,9.999434708875071,1769,2023-02-10,2026-08-25,0.08691225797803545,0.11109349480147013,-0.14084847396659006,-0.12952080687813716,0.17279207155734722,9514.786964513814,17574.676013236298,0.025085962226089695,-0.008155410555383779,0.3643394176178707,0.0,-2.3429497407401207,-0.9208740115565828,-1.6504107980610285,,,1,-1.650411,0.7823343584010224,-0.10244149872678843,15602.98891376064,False,-6088.201949246826,0.0,0.007663813255673393,-0.014071387814321823,0.9920859242509892,1.3331380910470523,-0.09911933300707713,-1.4322574240541295,SPY,0.21037381520456644,19649.4012312515,1.4288247116075652,0.1405684051184841,-0.18709518091808564,0.618291556376255,0.1279383929314062,-0.11928042739411637,-0.14189919972603926,0.6214783007029512,False,1.0,9514.786964513814,-0.14084847396659006,False,0.06734323564381227,0.8246870425587368,0.40954928993119344,0.16749528218002274,848,-0.13267583583719236,0.16702630671401214,-0.07197503699529978,-0.017844335652724308,0.03602240058981314,-0.037280369376844605,-0.15901765703552725,-2.4377711021333415,2.8252570437358298,-1.9574818677848906,-0.4654906417468256,0.7994541730738423,-1.3736221597250307,-5.922287522183173,0.3690901762432923,-0.07016713586859916,0.16961483567975677,close,0.09442711153455247,21.65011113766078,1606,2.218627786155269,0.4119876247501514,False,1069,537,run+ledger,0.6549456867559094,this run,1.4877006853447827,-1.6060325356497813,False,False,False,False,False,False,0,6,False,True,underpowered,2000.0
us_etfs,4h,LINEARREG_50,False,10,3.537759525439197,0.9723007348784622,-0.013684670230628249,0.13461390600387824,-0.14829857623450649,0.6092420692388306,0.290753607696419,0.9688749456798922,1871,-0.1142558213544778,1.490534927053709,-1.6047907484081867,-3.025427405752256,5.9004334838630434e-06,0.07029979115729353,0.9136241131360727,9.999434708875071,1769,2023-02-10,2026-08-25,0.08729804506194039,0.11109349480147013,-0.19805778770880855,-0.12952080687813716,0.17279207155734722,9524.216958936911,17574.676013236298,0.02360805357102455,-0.009988963662549729,0.5304343926273003,0.0,-2.676183136617896,-0.5961084745495115,-2.6175958885243693,,,1,-2.617596,0.7858069927311815,-0.10287831124411173,15632.894443478259,False,-6108.677484541346,0.0,0.007896264782658601,-0.014071768462698753,0.9723007348784622,1.3307658911601954,-0.06909433044232488,-1.3998602216025202,SPY,0.21037381520456644,19649.4012312515,1.4288247116075652,0.1405684051184841,-0.18709518091808564,0.6210360357176814,0.12852223969830323,-0.11978351653239827,-0.14220690992893148,0.6209563824322556,False,1.0,9524.216958936911,-0.19805778770880855,False,0.05436359674016664,0.706206700247353,0.480059604238382,0.08660862194352437,848,-0.15516728123356172,0.15394789862766803,-0.053801000652926236,0.0467979783747466,-0.05494087105759234,0.029434411824198342,0.02158848506766465,-2.6268713289081527,2.3316309692263344,-1.6504388122910651,1.139904996667348,-1.26138509842621,1.0707086211404706,0.7637266063878738,0.36091439153150207,-0.14103213153217398,0.09520952119981174,close,0.45229399116306795,26.938026341858496,1606,2.218627786155269,0.4150488305699068,False,1069,537,run+ledger,0.6549456867559094,this run,1.4877006853447827,-1.6019565066992605,False,False,False,False,False,False,0,6,False,True,underpowered,2000.0
us_etfs,4h,KAMA_21,False,10,3.537759525439197,0.9881288863764838,-0.014035470070345668,0.13476207633803794,-0.1487975464083836,0.6081947952939927,0.22358591248665954,0.9667665235599702,1874,-0.11805968543190352,1.490534927053709,-1.6085946124856125,-3.9220238053058107,5.5721537735031745e-06,0.038128215481886746,0.4408421494003261,9.999434708875071,1769,2023-02-10,2026-08-25,0.08739113603621271,0.11109349480147013,-0.16783597272501294,-0.12952080687813716,0.17279207155734722,9512.238383093698,17574.676013236298,0.028869035025412184,-0.008599272145107098,0.4101440206225842,0.0,-2.4410941383275895,-0.8213746255304825,-1.6358096642179232,,,1,-1.635810,0.7866449443541697,-0.10298369137400798,15640.118029118643,False,-6127.879646024946,0.0,0.007630531965987319,-0.014202885308628455,0.9881288863764838,1.3326635391404553,-0.08362611329659207,-1.4162896524370474,SPY,0.21037381520456644,19649.4012312515,1.4288247116075652,0.1405684051184841,-0.18709518091808564,0.6216982825020413,0.12866314274439694,-0.1199048785496174,-0.1426986128147426,0.6199015467266528,False,1.0,9512.238383093698,-0.16783597272501294,False,0.0415418440129946,0.504978241167034,0.6135741186771064,0.09623813033736384,848,-0.07757990257423648,0.13933594992452178,-0.046135058973888705,-0.0042623873005478916,0.008182073220959422,-0.05133606206698423,-0.13007773687464352,-1.3335635024680033,2.290746518887235,-1.120065179127661,-0.11444734219975358,0.17964016002761682,-1.9498543732273512,-4.751112451497566,0.6593272770371383,0.030209929384632954,0.09660786797700627,close,-0.017055207128349896,22.28743617309896,1606,2.218627786155269,0.41216144677538435,False,1069,537,run+ledger,0.6549456867559094,this run,1.4877006853447827,-1.6057603707766863,False,False,False,False,False,False,0,6,False,True,underpowered,2000.0
us_etfs,4h,MIDPOINT_9,False,10,3.537759525439197,0.9953080836630864,-0.013452592005791852,0.13549124250794486,-0.14894383451373672,0.6080842866855809,0.308037254225595,0.9747309405646518,2899,-0.11023530411451983,1.490534927053709,-1.6007702311682288,-3.1785041923350983,5.898064505627243e-06,0.00010519292949134588,0.0012635434003175502,9.999434708875071,1769,2023-02-10,2026-08-25,0.08784916280957211,0.11109349480147013,-0.13797917189531395,-0.12952080687813716,0.17279207155734722,9532.147555566477,17574.676013236298,0.018667929484118124,-0.008525736970037326,0.5036237595748514,0.0,-2.6241463429502714,-0.6824246545683381,-2.570560468605736,,,1,-2.570560,0.7907678389861004,-0.10350205110407462,15675.701155710369,False,-6143.553600143893,0.0,0.011262880512195834,-0.01351557749337473,0.9953080836630864,1.333524553047292,-0.09749726586269453,-1.4310218189099864,SPY,0.21037381520456644,19649.4012312515,1.4288247116075652,0.1405684051184841,-0.18709518091808564,0.6249566731266866,0.1293565278664961,-0.12050181158038731,-0.14280911987228795,0.6198507739031667,False,1.0,9532.147555566477,-0.13797917189531395,False,-0.0015333563133264876,-0.019157604346184933,0.9847153782204587,0.03633813458734403,848,-0.07210945517995168,0.10909759487204486,-0.007227745625924632,0.010603289773259333,0.00031386512249275376,0.0026401498112496313,-0.04416210119081722,-1.4404279782783682,1.6725029487144965,-0.1646246191815357,0.2403097497702043,0.00614698114318898,0.09849393821238149,-1.4677759689853103,0.9989918384972443,-0.014500832901905111,0.03642411792421485,close,-0.2319942678935968,22.671092820788225,1606,2.218627786155269,0.41785374111692153,False,1069,537,run+ledger,0.6549456867559094,this run,1.4877006853447827,-1.5979359894593026,False,False,False,False,False,False,0,6,False,True,underpowered,2000.0
us_etfs,4h,TEMA_100,False,10,3.537759525439197,0.8321085358959863,-0.02082966786198237,0.12880943141137746,-0.14963909927335983,0.6046437123710324,0.2468680913780398,0.9377467159056425,1357,-0.20983987607968838,1.490534927053709,-1.7003748031333974,-2.815972308485743,2.50474676516399e-06,0.07830042928492313,1.0470575563663418,9.999434708875071,1769,2023-02-10,2026-08-25,0.08364657491928858,0.11109349480147013,-0.1996740880728739,-0.12952080687813716,0.17279207155734722,9282.365687180747,17574.676013236298,0.02812042850595333,-0.009829474348232125,0.603832217387022,0.001,-2.8845787893715817,-0.5013802722199705,-1.964917679422818,,,1,-1.964918,0.7529385502613756,-0.09873763489879117,15351.79395280759,False,-6069.4282656268415,0.0,0.005904818379865923,-0.024979496534297874,0.8321085358959863,1.3139983953497292,-0.1043183322534083,-1.4183167276031374,SPY,0.21037381520456644,19649.4012312515,1.4288247116075652,0.1405684051184841,-0.18709518091808564,0.5950595715216622,0.12300149726628873,-0.11501265050967935,-0.1438311651282711,0.6157794094115528,False,1.0,9282.365687180747,-0.1996740880728739,False,0.06311488244563349,0.8472443062497068,0.3968589624602179,0.10957798607478186,848,-0.11766454665037385,0.11739086648138111,-0.05876376340175357,0.05416352882177361,0.005433717382660606,-0.04699777718231194,-0.0832914288175703,-2.21672898473418,1.860704970801073,-1.7679277515572736,1.3118981811311008,0.1284001968697316,-1.6515700055583018,-2.5869817126790395,0.29507303326112466,-0.1343890506835823,0.11806406861400975,close,0.035114794068118876,25.997756085192396,1606,2.218627786155269,0.346642364984276,False,1069,537,run+ledger,0.6549456867559094,this run,1.5106328474229203,-1.7204727235026087,False,False,False,False,False,False,0,6,False,True,underpowered,2000.0
us_etfs,4h,bar_updn,False,10,3.537759525439197,0.9988128886376482,-0.017706691164672717,0.13265214793319502,-0.15035883909786774,0.6041858996503209,0.36049766718507,0.970728699619735,3215,-0.16452382434302196,1.490534927053709,-1.655058751396731,-2.9134027668943268,3.6317720907841355e-06,-0.03238834172203052,-0.41922751563942834,9.999434708875071,1769,2023-02-10,2026-08-25,0.08606497078789221,0.11109349480147013,-0.17597794384201193,-0.12952080687813716,0.17279207155734722,9387.526607217298,17574.676013236298,0.016114646805560934,-0.009358004445286556,0.5680844304136553,0.0,-2.8469501212556434,-0.5703250771671828,-3.1137111321082838,,,1,-3.113711,0.7747075644860647,-0.10148159916199184,15537.48045535394,False,-6149.953848136643,0.0,0.012402742659596499,-0.01772754831364276,0.9988128886376482,1.333944957091182,-0.10061880925583087,-1.434563766347013,SPY,0.21037381520456644,19649.4012312515,1.4288247116075652,0.1405684051184841,-0.18709518091808564,0.6122639772098764,0.12665658483681663,-0.11817471516614475,-0.14436327600148935,0.615637546397442,False,1.0,9387.526607217298,-0.17597794384201193,False,-0.02627868927662285,-0.35155573041205535,0.7251714702903891,0.03989908728205327,848,-0.07316626994367344,0.09972154736146004,0.04652424509729449,-0.016533068353432705,-0.060317414595374055,0.01913928523950506,0.03231137889012649,-1.655024087214072,1.5123497120242646,1.2388483094466547,-0.3803445490656949,-1.3039123528904102,0.8049390724560082,1.1538507825877118,0.6750498645993264,0.054069201513415904,0.041143812584112704,close,-0.32113912886171697,23.16218155055394,1606,2.218627786155269,0.37840068937867277,False,1069,537,run+ledger,0.6549456867559094,this run,1.4877006853447827,-1.6522245096878048,False,False,False,False,False,False,0,6,False,True,underpowered,2000.0
us_etfs,4h,DX,False,10,3.537759525439197,0.9813453928773317,-0.03585273066376582,0.11465739716189849,-0.1505101278256643,0.5985881710310155,0.4901568234901568,0.9361584924610292,2997,-0.45137384622095533,1.490534927053709,-1.9419087732746643,-3.1550112008057583,2.598181469970484e-07,-0.008374267451638651,-0.11315263191653518,9.999434708875071,1769,2023-02-10,2026-08-25,0.07470488264945042,0.11109349480147013,-0.18302704239185796,-0.12952080687813716,0.17279207155734722,8788.263620236488,17574.676013236298,0.012312192618103247,-0.012643999248191101,0.6154998032269173,0.0,-3.281484179930765,-0.8664782530754837,-1.168498566431759,,,1,-1.168499,0.6724505587203998,-0.0885388254980235,14681.652671317372,False,-5893.389051080883,0.0,0.011820512165019356,-0.03652166474113461,0.9813453928773317,1.3318501515699974,-0.19588761417564568,-1.527737765745643,SPY,0.21037381520456644,19649.4012312515,1.4288247116075652,0.1405684051184841,-0.18709518091808564,0.5314486038771103,0.10953338247481503,-0.10324326199479261,-0.14538611313858085,0.6084253352404725,False,1.0,8788.263620236488,-0.18302704239185796,False,-0.00810692564503793,-0.11607143951838032,0.9075959237541285,0.021649015759606205,848,-0.00919003888765381,-0.06089431340057987,0.00997190276424338,0.027070079803294914,0.01935490023098957,-0.0033598406576735426,-0.03397609407264113,-0.1742343219874582,-0.9212556402981068,0.2933600504605927,0.6633396304117894,0.48845096340429156,-0.14388983531760527,-1.2888550556189462,0.9099095486533217,0.00236592148951437,0.021652169501192198,close,-0.1002112465663696,27.32049153844388,1606,2.218627786155269,0.19808902002343853,False,1069,537,run+ledger,0.6549456867559094,this run,1.4877006853447827,-1.939074531565738,False,False,False,False,False,False,0,6,False,True,underpowered,2000.0
us_etfs,4h,TSF_50,False,10,3.537759525439197,0.9723007348784622,-0.015054874557874798,0.13553187223475938,-0.15058674679263417,0.6045210309776249,0.2976515565264883,0.9643545682041907,1831,-0.12875292354684248,1.490534927053709,-1.6192878506005515,-2.738209833422989,5.225364518468556e-06,0.06204417288340358,0.7856126521398235,9.999434708875071,1769,2023-02-10,2026-08-25,0.08787468020704414,0.11109349480147013,-0.22764809521340812,-0.12952080687813716,0.17279207155734722,9477.490651770477,17574.676013236298,0.023215364240999656,-0.010202210819049729,0.5913673345392626,0.0005,-2.824455579332499,-0.4952570687254434,-2.653326391532295,,,1,-2.653326,0.7909975319804349,-0.10353092328377567,15677.685582656373,False,-6200.1949308858975,0.0,0.007793599497894781,-0.015480426709928441,0.9723007348784622,1.3307658911601954,-0.06613222282295683,-1.3968981139831522,SPY,0.21037381520456644,19649.4012312515,1.4288247116075652,0.1405684051184841,-0.18709518091808564,0.6251382032326198,0.12939516297701892,-0.12053505822827082,-0.14445003753489372,0.6162219953015625,False,1.0,9477.490651770477,-0.22764809521340812,False,0.046449782180576805,0.5940436023259067,0.5524829503414757,0.0827647975753133,848,-0.15552986526929155,0.14178373586877735,-0.04442084980053799,0.037346779910162956,-0.0711915427243134,0.02973277416273528,0.04056894134245681,-2.7241622705526227,2.160875103449997,-1.3357916845643778,0.9019567789330831,-1.622622606211242,1.1018217008047675,1.454750464739492,0.43209444991055945,-0.1380072370604076,0.0908752351312837,close,0.45971308406670697,26.425351315614915,1606,2.218627786155269,0.40448428160997735,False,1069,537,run+ledger,0.6549456867559094,this run,1.4877006853447827,-1.6164536088916253,False,False,False,False,False,False,0,6,False,True,underpowered,2000.0
us_etfs,4h,TEMA_50,False,10,3.537759525439197,0.9169022046353871,-0.01926717123848909,0.13212024440422865,-0.15138741564271774,0.6017963501543401,0.2839680300893277,0.9546940102808115,2127,-0.18414980449123208,1.490534927053709,-1.6746847315449411,-2.362251180217695,3.3175815289387955e-06,0.03696786621217404,0.47264957784999256,9.999434708875071,1769,2023-02-10,2026-08-25,0.08573045978878627,0.11109349480147013,-0.22178120081006958,-0.12952080687813716,0.17279207155734722,9334.87387266857,17574.676013236298,0.02124515732201703,-0.008825367293703437,0.7089359275462863,0.0025,-3.15546405514864,-0.3908290093473427,-3.0111468214899864,,,1,-3.011147,0.7716964880976251,-0.10110242132256064,15511.682432561274,False,-6176.808559892704,0.0,0.008696866204974455,-0.020994878390271143,0.9169022046353871,1.3241312732411628,-0.08687468174991637,-1.4110059549910792,SPY,0.21037381520456644,19649.4012312515,1.4288247116075652,0.1405684051184841,-0.18709518091808564,0.6098842746101066,0.126150701550914,-0.11773787462604979,-0.1454178727894031,0.613158006525472,False,1.0,9334.87387266857,-0.22178120081006958,False,0.026668504470576643,0.34711741054850953,0.7285031140467217,0.05998709487410958,848,-0.10108639247137594,0.13829786251078285,-0.04815141073466554,0.09304176608188681,-0.05413761715979127,-0.00894919411870787,0.016338099416158477,-1.7007663272350084,1.9572470619421576,-1.3092894817246574,2.1614675431397403,-1.2238124444071465,-0.2869060535481574,0.5065686960111456,0.6364632053438193,-0.09114729036421217,0.06353174250069327,close,0.646075942792746,28.666778882074386,1606,2.218627786155269,0.3649456350681745,False,1069,537,run+ledger,0.6549456867559094,this run,1.4877006853447827,-1.671850489836015,False,False,False,False,False,False,0,6,False,True,underpowered,2000.0
us_etfs,4h,MACDEXT,False,10,3.537759525439197,0.9813453928773317,-0.01249564653076296,0.14057693858607845,-0.1530725851168414,0.6006027450594859,0.4258492129246065,0.9681440138647393,1207,-0.09269161631953433,1.490534927053709,-1.5832265433732433,-3.2402806562195736,7.115838463744861e-06,0.060818847298374674,0.7009874384641376,9.999434708875071,1769,2023-02-10,2026-08-25,0.09103977188246393,0.11109349480147013,-0.18451947369062027,-0.12952080687813716,0.17279207155734722,9564.898420048181,17574.676013236298,0.022932188493906908,-0.01756852992487867,0.4886078433774898,0.0,-2.595905604808945,-0.6743740464576344,-1.0794248523087064,,,1,-1.079425,0.8194878741114118,-0.1071068450104452,15925.499007003104,False,-6360.6005869549235,0.0,0.005651911526578941,-0.012731660492761976,0.9813453928773317,1.3318501515699974,-0.06771993373292477,-1.3995700853029223,SPY,0.21037381520456644,19649.4012312515,1.4288247116075652,0.1405684051184841,-0.18709518091808564,0.6476545835867396,0.13419184301858222,-0.12465114361427798,-0.14668748954934518,0.6126502381228581,False,1.0,9564.898420048181,-0.18451947369062027,False,0.04130298613937918,0.4773338046203057,0.633124442793626,0.093936615406504,848,-0.1807186165014413,0.09208416381832138,-0.048871058362454006,-0.019841146326871104,-0.09358259921776015,0.04027979189918472,-0.005354811229753693,-2.1813811895162427,1.4798793942115651,-1.1447848212311722,-0.5460562126574595,-1.9485497769098659,1.16734469501324,-0.14492730937459827,0.48331085452933986,-0.1727114658554294,0.10573069381176703,close,0.6278713914057236,24.176566108729467,1606,2.218627786155269,0.4309096480779311,False,1069,537,run+ledger,0.6549456867559094,this run,1.4877006853447827,-1.580392301664317,False,False,False,False,False,False,0,6,False,True,underpowered,2000.0
us_etfs,4h,LINEARREG_INTERCEPT_21,False,10,3.537759525439197,0.9886941775014131,-0.014009024464511688,0.13913036495815767,-0.15313938942266936,0.600040755109196,0.2787682333873582,0.962908861390047,1234,-0.11153008954992323,1.490534927053709,-1.602065016603632,-3.6342370902035315,6.041186445204794e-06,0.09074987901946603,1.035043409069434,9.999434708875071,1769,2023-02-10,2026-08-25,0.09013294195806139,0.11109349480147013,-0.17777372694500493,-0.12952080687813716,0.17279207155734722,9513.141030303983,17574.676013236298,0.030115935338726217,-0.012088700236445775,0.4408256745059828,0.0,-2.5197621878390537,-0.7659254853432665,-1.5450582448328576,,,1,-1.545058,0.8113251106118649,-0.10608337970102444,15854.158153928682,False,-6341.0171236247,0.0,0.005443746272857487,-0.014168078948440077,0.9886941775014131,1.3327313288540517,-0.07880255820279584,-1.4115338870568475,SPY,0.21037381520456644,19649.4012312515,1.4288247116075652,0.1405684051184841,-0.18709518091808564,0.6412034189481555,0.13281663352430795,-0.1234734084525162,-0.14682565798881964,0.6119560506477286,False,1.0,9513.141030303983,-0.17777372694500493,False,0.0805444131848909,0.9419077332271025,0.34623988053406674,0.14878601898140087,848,-0.13429414712923332,0.1518911284780369,-0.09882891537207156,0.008889437097496594,0.01653029133438749,-0.03919875153566095,-0.1592291315073353,-2.021316694507509,2.370397618188804,-2.6249567927059534,0.2265292309791607,0.36363119367090335,-1.268754627415771,-4.887375533559657,0.30064863916773277,-0.09031633037697327,0.15199274068001734,close,0.4717748937998595,22.901482900955713,1606,2.218627786155269,0.41704599810853243,False,1069,537,run+ledger,0.6549456867559094,this run,1.4877006853447827,-1.5992307748947059,False,False,False,False,False,False,0,6,False,True,underpowered,2000.0
us_etfs,4h,CDLBELTHOLD,False,10,3.537759525439197,0.5936938634507883,-0.07301784916868648,0.08150194043671544,-0.1545197896054019,0.5795968503234055,0.43522727272727274,0.7998565305181078,1760,-1.3894911368733642,1.490534927053709,-2.8800260639270734,-5.927137645024181,1.7755241721317816e-12,-0.12476838740416707,-2.0301376031229257,9.999434708875071,1769,2023-02-10,2026-08-25,0.05353097146865292,0.11109349480147013,-0.23527298583851675,-0.12952080687813716,0.17279207155734722,7647.270141614833,17574.676013236298,0.013436472982868418,-0.012945402957131319,0.4859050415920152,0.0,-3.790338509260574,-1.8764693177452507,-3.0132841218132556,,,1,-3.013284,0.4818551398019799,-0.06405116168991742,13194.119563189106,False,-5546.849421574274,0.0,0.006899270086363186,-0.11989190826238871,0.5936938634507883,1.2856606581182357,-0.310353731893399,-1.5960143900116348,SPY,0.21037381520456644,19649.4012312515,1.4288247116075652,0.1405684051184841,-0.18709518091808564,0.380817947130666,0.07793634717691389,-0.07487895527089405,-0.15095419634560037,0.5864079163857676,False,1.0,7647.270141614833,-0.23527298583851675,False,-0.11192137491693223,-1.8659867389805758,0.062043220843111424,0.006808879125084544,848,0.005722898674766484,-0.014828329381739369,0.03729640477470481,-0.02701767270292453,0.002246727015945916,-0.004792587531915675,0.0044356935072458175,0.21828905888200792,-0.5870432653643064,1.3146136721863628,-0.9311586377460613,0.08091953449707195,-0.2771420118544854,0.19878860442128218,0.04234255418360955,0.11369348964191682,0.02087430947305735,close,-0.9510095682618073,12.356322130394771,1606,2.218627786155269,0.0037032879721649037,False,1069,537,run+ledger,0.6549456867559094,this run,1.573109867659119,-2.962601004532483,False,False,False,False,False,False,0,6,False,True,underpowered,2000.0
us_etfs,4h,TEMA_21,False,10,3.537759525439197,0.9660825325042396,-0.016722291728915595,0.13797634129005587,-0.15469863301897147,0.5963541605700707,0.3219178082191781,0.9729272119625775,3358,-0.14395673474725354,1.490534927053709,-1.6344916618009624,-2.2007140489120767,4.54944413202929e-06,-0.024051765025960847,-0.28113790039280806,9.999434708875071,1769,2023-02-10,2026-08-25,0.08940910450365194,0.11109349480147013,-0.16138274304878986,-0.12952080687813716,0.17279207155734722,9420.850969087367,17574.676013236298,0.0167883917931187,-0.00819202763665829,0.7427096957957684,0.0085,-3.093369943105905,-0.2444107867287988,-3.4021042528087593,,,1,-3.402104,0.8048095404994746,-0.10526582572834597,15797.409646780574,False,-6376.558677693207,0.0,0.013042986146473081,-0.017304273493904065,0.9660825325042396,1.330020632771532,-0.10361883441192994,-1.433639467183462,SPY,0.21037381520456644,19649.4012312515,1.4288247116075652,0.1405684051184841,-0.18709518091808564,0.6360540580103307,0.1317194584185244,-0.12253243172186146,-0.14844175014744,0.6081003339811443,False,1.0,9420.850969087367,-0.16138274304878986,False,-0.027249186675634033,-0.3286056593627078,0.7424537698763918,0.05203587944518717,848,-0.10991131261133817,0.036105586467389414,0.051870386316138585,-0.022910556482467717,-0.061339924734583294,0.05600006058076611,0.0862706965865917,-1.8217090280441013,0.48927252547225547,1.0992069481085542,-0.5166793694389392,-1.1847389449582804,1.9284382045798498,2.88877152394562,0.7786046326369578,-0.028296541750011447,0.0523496260195766,close,0.30768930614487194,25.865693512663196,1606,2.218627786155269,0.39343078695980627,False,1069,537,run+ledger,0.6549456867559094,this run,1.4877006853447827,-1.6316574200920362,False,False,False,False,False,False,0,6,False,True,underpowered,2000.0
us_etfs,4h,STOCHF,False,10,3.537759525439197,0.9966082532504238,-0.020319274333432613,0.13654150181987146,-0.15686077615330407,0.5913054877471022,0.39197930142302717,0.9802709119382037,6957,-0.1877197217725393,1.490534927053709,-1.6782546488262482,-4.641441295432204,3.0839974549112803e-06,-0.029004970721400746,-0.2887037119886001,9.999434708875071,1769,2023-02-10,2026-08-25,0.08850863252329495,0.11109349480147013,-0.1133309678099923,-0.12952080687813716,0.17279207155734722,9299.494257774548,17574.676013236298,0.010728386400878875,-0.0070555855439850285,0.36158049666121467,0.0,-2.3776478798707092,-0.9824090050578375,-2.400994373249743,,,1,-2.400994,0.7967040075700607,-0.10424800263666023,15727.0555583815,False,-6427.5613006069525,0.0,0.02546380222281762,-0.020387716952023904,0.9966082532504238,1.3336805043002515,-0.17929145692551898,-1.5129719612257706,SPY,0.21037381520456644,19649.4012312515,1.4288247116075652,0.1405684051184841,-0.18709518091808564,0.6296481236213193,0.13035519788176897,-0.12136071579664731,-0.15067447221520158,0.6028339252583493,False,1.0,9299.494257774548,-0.1133309678099923,False,-0.02616260685934864,-0.27017728905910293,0.7870238639064282,0.02433697578454641,848,-0.039522091709132325,0.07368585367336258,0.01934100140463665,0.02075636381205509,-0.09110514708500816,0.04444738754996181,0.06369193122393854,-0.764023040001092,1.3494994920468815,0.39909912484435334,0.5602174157178953,-2.0245400770431212,1.592583146868861,1.961200879731297,0.7728081218533864,0.025154351381683822,0.024599652498340063,close,0.19175798660920548,16.557749610685054,1606,2.218627786155269,0.36217582280320454,False,1069,537,run+ledger,0.6549456867559094,this run,1.4877006853447827,-1.675420407117322,False,False,False,False,False,False,0,6,False,True,underpowered,2000.0
us_etfs,4h,DEMA_200,False,10,3.537759525439197,0.7750141322781231,-0.03380115271737116,0.12319324582825164,-0.1569943985456228,0.5870472968805173,0.18109339407744876,0.8202567480387531,878,-0.3892552551199826,1.490534927053709,-1.8797901821736915,-4.591507500201357,5.486134167509427e-07,0.06833595745807666,0.8987435076552298,9.999434708875071,1769,2023-02-10,2026-08-25,0.08010476457081522,0.11109349480147013,-0.1860251380969855,-0.12952080687813716,0.17279207155734722,8854.599474413135,17574.676013236298,0.034877994567214916,-0.009403075598106084,0.40940588294612495,0.0,-2.7334831424910835,-1.1411070986991687,-1.9991124876550201,,,1,-1.999112,0.7210572024398604,-0.09470793878697492,15083.281230430954,False,-6228.68175601782,0.0,0.003979711574722277,-0.0433978811499417,0.7750141322781231,1.3071912028865016,-0.18170207028551535,-1.488893273172017,SPY,0.21037381520456644,19649.4012312515,1.4288247116075652,0.1405684051184841,-0.18709518091808564,0.5698632242664736,0.11765805760369141,-0.11036551240051018,-0.15145921032106258,0.5973975827994394,False,1.0,8854.599474413135,-0.1860251380969855,False,0.05129361820454638,0.6964558732595281,0.48614338262489865,0.27604165685432214,848,-0.17270972557937708,0.13644197496990595,-0.03676319447373673,-0.026415910690254868,-0.03701633371303915,-0.049231436969717456,-0.18661847646864688,-2.812764387357438,2.398367663891719,-1.0435811694842798,-0.8218715605944508,-0.9384071605423107,-1.9042007368597647,-7.04988744238119,0.36878929689847895,-0.15082129197901334,0.2874282968584736,close,0.5600845549879974,37.5854063489121,1606,2.218627786155269,0.23349021862170627,False,1069,537,run+ledger,0.6549456867559094,this run,1.5322813418969332,-1.9215365970169158,False,False,False,False,False,False,0,6,False,True,underpowered,2000.0
us_etfs,4h,WMA_50,False,10,3.537759525439197,0.9723007348784622,-0.02775884601467593,0.13144566450908468,-0.1592045105237606,0.5847957543665597,0.21457219251336898,0.9140611585830768,1496,-0.28737803850443056,1.490534927053709,-1.7779129655581394,-4.385439334752945,1.2751890964279866e-06,0.05068521124319448,0.5905034659852586,9.999434708875071,1769,2023-02-10,2026-08-25,0.08530610975553021,0.11109349480147013,-0.15190230622841738,-0.12952080687813716,0.17279207155734722,9052.058529055215,17574.676013236298,0.030705790821739444,-0.009177242297028931,0.4054127374351875,0.0,-2.6253935350741813,-1.0279568528591998,-1.7225174998337298,,,1,-1.722517,0.7678767321882949,-0.10062123952117208,15479.008630731667,False,-6426.950101676453,0.0,0.006225520878406889,-0.028538258866395272,0.9723007348784622,1.3307658911601954,-0.1827414389149208,-1.5135073300751163,SPY,0.21037381520456644,19649.4012312515,1.4288247116075652,0.1405684051184841,-0.18709518091808564,0.6068654594439363,0.12550909890424666,-0.1171834658900871,-0.1532679449189226,0.5957813484558246,False,1.0,9052.058529055215,-0.15190230622841738,False,0.04540474886682658,0.5507777440874629,0.5817860425960817,0.18684706216101044,848,-0.12296722368573572,0.18439541772085938,-0.060390289096872184,-0.005831447476954105,-0.0032863949504731843,-0.04177311076175361,-0.1725195423934252,-2.0590855283440894,3.036228653113909,-1.850953635796451,-0.15286302937692786,-0.07445844546283886,-1.5175908250755759,-6.097555752545928,0.5548531627605309,-0.04673103533515239,0.187817535105393,close,0.19479491670926793,24.226616306430444,1606,2.218627786155269,0.2947911134091844,False,1069,537,run+ledger,0.6549456867559094,this run,1.4877006853447827,-1.7750787238492132,False,False,False,False,False,False,0,6,False,True,underpowered,2000.0
us_etfs,4h,TRIMA_9,False,10,3.537759525439197,0.9954776710005652,-0.01781314294737646,0.14148298135986925,-0.1592961243072457,0.587586225328765,0.3168697883258499,0.9683946690191648,3118,-0.1504359652902211,1.490534927053709,-1.6409708923439301,-2.259352359386336,4.270651593030195e-06,-0.012753296245617584,-0.15321653450734132,9.999434708875071,1769,2023-02-10,2026-08-25,0.09160746864168183,0.11109349480147013,-0.16136107687148316,-0.12952080687813716,0.17279207155734722,9383.928024228528,17574.676013236298,0.017812135191646674,-0.008531805256384995,0.7263014489646207,0.0075,-3.1054990598325882,-0.331314011759742,-3.281420239716132,,,1,-3.281420,0.8245979551312987,-0.10774712055760416,15970.299540255648,False,-6586.37151602712,0.0,0.012049549650059175,-0.01789333746270616,0.9954776710005652,1.333544894174652,-0.1103930594214107,-1.4439379535960626,SPY,0.21037381520456644,19649.4012312515,1.4288247116075652,0.1405684051184841,-0.18709518091808564,0.6516931636555637,0.13505312875563846,-0.1253877948032015,-0.15286627170301492,0.5994467601239482,False,1.0,9383.928024228528,-0.16136107687148316,False,-0.013282322842144994,-0.16468151935909786,0.8691946637785402,0.03569414205630328,848,-0.0839444692898771,0.10330626562125265,0.00010664696977121663,0.004563191845331022,-0.02040966964691613,-0.004312229459756591,-0.028491901302237034,-1.5966836136357287,1.416747883043134,0.002470599789596699,0.09628560672084077,-0.40326583128527793,-0.1559765821326757,-0.9265811492010307,0.8782275189728352,-0.004681779513513424,0.03570242858123396,close,0.19625539551251692,25.339242242304444,1606,2.218627786155269,0.3887231150758796,False,1069,537,run+ledger,0.6549456867559094,this run,1.4877006853447827,-1.638136650635004,False,False,False,False,False,False,0,6,False,True,underpowered,2000.0
us_etfs,4h,T3_21,False,10,3.537759525439197,0.9321650650084793,-0.025868047944214267,0.13392912043302707,-0.15979716837724134,0.5842795088422368,0.24914442162902123,0.9258418348881686,1461,-0.25830585862418554,1.490534927053709,-1.7488407856778945,-3.595803730597654,1.6658619274023678e-06,0.06996718034431766,0.8859471823630894,9.999434708875071,1769,2023-02-10,2026-08-25,0.08686773766703887,0.11109349480147013,-0.1939008541087014,-0.12952080687813716,0.17279207155734722,9114.492112854077,17574.676013236298,0.028724248155612597,-0.010294532411576553,0.48635601848803406,0.0,-2.7494062788342597,-0.8372185015911722,-2.099059698694022,,,1,-2.099060,0.7819336120650093,-0.10239107997993013,15599.540930187079,False,-6485.048817333002,0.0,0.006224074879695138,-0.02772417041566,0.9321650650084793,1.3259580568196931,-0.1334086333096427,-1.4593666901293358,SPY,0.21037381520456644,19649.4012312515,1.4288247116075652,0.1405684051184841,-0.18709518091808564,0.6179748400347765,0.12787102487827728,-0.11922235561907246,-0.15373907282249155,0.5954580114643039,False,1.0,9114.492112854077,-0.1939008541087014,False,0.054155570028058445,0.6930211114130369,0.48829630292258797,0.09875367878439789,848,-0.09871525923299693,0.15426047033688994,-0.05931081332244283,0.04281681717989182,-0.007461796573454598,-0.032932802710489345,-0.10674063224798952,-1.5659965355530914,2.2965680468493144,-1.7811996892219428,0.994714662006562,-0.1698063383141156,-1.0459484271500012,-2.9634816678052593,0.3756459894709836,-0.13992958717054774,0.10718749940397898,close,0.24049401630888737,24.828678768629203,1606,2.218627786155269,0.31389384916977014,False,1069,537,run+ledger,0.6549456867559094,this run,1.4877006853447827,-1.7460065439689683,False,False,False,False,False,False,0,6,False,True,underpowered,2000.0
us_etfs,4h,MIN,False,10,3.537759525439197,0.8241379310344829,-0.0352305652225926,0.1254346587912718,-0.1606652240138644,0.5798763372450843,0.35913978494623655,0.8372432736568606,465,-0.3991796412271877,1.490534927053709,-1.8897145682808967,-6.3227951560166264,4.060433136388042e-07,-0.010032377801314187,-0.1361676423262735,9.999434708875071,1769,2023-02-10,2026-08-25,0.08151934057846108,0.11109349480147013,-0.1836814402769752,-0.12952080687813716,0.17279207155734722,8808.342961917717,17574.676013236298,0.03675528559067009,-0.02460188258897977,0.29887328652149797,0.0,-2.499084062797773,-1.3084027283669322,-1.3382655964996002,,,1,-1.338266,0.7337904053170745,-0.09631895404183843,15190.03690298002,False,-6381.693941062303,0.0,0.002570517570237018,-0.042586189074179104,0.8241379310344829,1.3130473181030755,-0.19180253143413978,-1.5048498495372153,SPY,0.21037381520456644,19649.4012312515,1.4288247116075652,0.1405684051184841,-0.18709518091808564,0.57992648141486,0.11979082838967958,-0.11222386165763454,-0.15502139361227218,0.5902821607962112,False,1.0,8808.342961917717,-0.1836814402769752,False,-0.006595840845805861,-0.09296183282047348,0.9259338828710364,0.2047117527458694,848,-0.06568074289968479,0.11136502658957274,-0.008759159334236544,-0.015914456885938337,-0.020772709469426484,-0.036777925025518715,-0.22625472361944546,-1.5216017755449278,3.34626657243791,-0.30553970374353223,-0.45027007804162966,-0.5149245483213212,-1.4806328780486353,-7.511862960955916,0.8916887545551762,0.03041266435627512,0.20516595928644887,close,-0.3119099563679678,19.966114838675214,1606,2.218627786155269,0.22598664974626692,False,1069,537,run+ledger,0.6549456867559094,this run,1.5136550629881043,-1.912834704215292,False,False,False,False,False,False,0,6,False,True,underpowered,2000.0
us_etfs,4h,TRIMA_50,False,10,3.537759525439197,0.9723007348784622,-0.02772522648138609,0.1341561308018373,-0.1618813572832234,0.5799373823829764,0.2123585726718886,0.89928118484191,1149,-0.2796976429984731,1.490534927053709,-1.770232570052182,-5.348917073752136,1.4260909904084684e-06,0.05921679358529044,0.6954534959190073,9.999434708875071,1769,2023-02-10,2026-08-25,0.08701040111812412,0.11109349480147013,-0.12448329580570983,-0.12952080687813716,0.17279207155734722,9053.16594914472,17574.676013236298,0.03474179883552092,-0.010415929732188309,0.33095158246871204,0.0,-2.4279566426033905,-1.1626786133520814,-1.6640895525399224,,,1,-1.664090,0.7832177867265429,-0.10255263738278175,15610.592150388802,False,-6557.426201244082,0.0,0.005008535187505053,-0.02850370926976531,0.9723007348784622,1.3307658911601954,-0.22272246490532252,-1.553488356065518,SPY,0.21037381520456644,19649.4012312515,1.4288247116075652,0.1405684051184841,-0.18709518091808564,0.6189897441376224,0.12808690923255872,-0.11940843344709318,-0.1558121357139448,0.5910511854574929,False,1.0,9053.16594914472,-0.12448329580570983,False,0.05602324321460744,0.691681960001867,0.48913707844009746,0.2288645497458136,848,-0.12855163190649224,0.20917264013727876,-0.07997021562992904,0.019904494621413846,-7.75245198191589e-05,-0.042591492941764855,-0.20929926661635395,-2.190287943461375,3.409523039728981,-2.256943602770895,0.5148757722430174,-0.0017449458836713372,-1.5579138038330687,-6.8893509889059095,0.4867711451576313,-0.028262281705646364,0.2291996999594621,close,0.48566330989357287,26.984192995494826,1606,2.218627786155269,0.30011219208088746,False,1069,537,run+ledger,0.6549456867559094,this run,1.4877006853447827,-1.7673983283432557,False,False,False,False,False,False,0,6,False,True,underpowered,2000.0
us_etfs,4h,LINEARREG_9,False,10,3.537759525439197,0.9954776710005652,-0.01995663171182971,0.14414405382634254,-0.16410068553817225,0.5782788051189356,0.38029850746268656,0.9769391195144728,5025,-0.16963193505851182,1.490534927053709,-1.6601668621122208,-3.5259425154311796,3.865048319728892e-06,0.027120643028977872,0.2725605492530715,9.999434708875071,1769,2023-02-10,2026-08-25,0.093273547505143,0.11109349480147013,-0.13475898693247212,-0.12952080687813716,0.17279207155734722,9311.678145761078,17574.676013236298,0.012790624599847372,-0.008034638309821466,0.47084342834477627,0.0,-2.6141587936032504,-0.7978411081673142,-2.7265452206371394,,,1,-2.726545,0.839595042642485,-0.10962425903970174,16102.402618484228,False,-6790.72447272315,0.0,0.018815508469974075,-0.020046377335906418,0.9954776710005652,1.333544894174652,-0.14809128627413917,-1.4816361804487912,SPY,0.21037381520456644,19649.4012312515,1.4288247116075652,0.1405684051184841,-0.18709518091808564,0.6635456056182994,0.13758248583226673,-0.12754688508599377,-0.15753911754409644,0.5901656510890864,False,1.0,9311.678145761078,-0.13475898693247212,False,0.018826652930240842,0.1972356766561205,0.8436431130014879,0.054093767550961847,848,0.03705960793842385,0.013554742299793802,0.0025391752214048973,0.016567108907708916,-0.06483461366872459,0.010091622501213118,0.13606264794314604,0.7063186984180335,0.22037498862222066,0.043148342907439484,0.31274097972995885,-1.440870385115858,0.3360900456946852,2.6844814445539718,0.7851910411602454,-0.07340015262831569,0.056074944185618314,close,1.039415032263548,21.83456341943605,1606,2.218627786155269,0.3753668742907684,False,1069,537,run+ledger,0.6549456867559094,this run,1.4877006853447827,-1.6573326204032945,False,False,False,False,False,False,0,6,False,True,underpowered,2000.0
us_etfs,4h,IMI,False,10,3.537759525439197,0.9926512153759185,-0.032101851544368176,0.13241598215185157,-0.16451783369621975,0.5738634112356567,0.37331256490134995,0.9234146184978776,1926,-0.3367098684576701,1.490534927053709,-1.827244795511379,-3.088917383300535,6.555972538180299e-07,-0.028966696462740252,-0.31418483704944844,9.999434708875071,1769,2023-02-10,2026-08-25,0.085916457011296,0.11109349480147013,-0.22919172848362646,-0.12952080687813716,0.17279207155734722,8909.816124349283,17574.676013236298,0.018076824236140522,-0.01166130112396051,0.5915486135660101,0.0005,-2.9817891743636067,-0.7166103803618507,-2.0568202038177645,,,1,-2.056820,0.7733707285456559,-0.1013132690053069,15526.022307580908,False,-6616.206183231627,0.0,0.007958181794848931,-0.03233562329860784,0.9926512153759185,1.3332058887277538,-0.14006548908531638,-1.4732713778130702,SPY,0.21037381520456644,19649.4012312515,1.4288247116075652,0.1405684051184841,-0.18709518091808564,0.6112074540425897,0.1264319740122246,-0.11798079101740322,-0.1585338255565928,0.584721405772602,False,1.0,8909.816124349283,-0.22919172848362646,False,-0.026354412796200946,-0.29648862690302,0.766856951162614,0.05970263125775788,848,-0.05209105465558286,0.08576483195808102,-0.03152219668096487,0.04042015706143015,-0.0013220662385030474,-0.056674741855764876,-0.09771148814123543,-1.1542813378486012,1.917365630967743,-0.9123519080097541,1.0020803211368554,-0.0325252489932289,-2.001149867183049,-3.1968675466972627,0.75338065831412,0.023118187693718102,0.059927449673964905,close,-0.9596201086901649,15.412875104786357,1606,2.218627786155269,0.2619007164678887,False,1069,537,run+ledger,0.6549456867559094,this run,1.4877006853447827,-1.8244105538024529,False,False,False,False,False,False,0,6,False,True,underpowered,2000.0
us_etfs,4h,supertrend,False,10,3.537759525439197,0.9886941775014131,-0.033360780327508666,0.1314112160504537,-0.16477199637796236,0.5730238125671008,0.35066864784546803,0.8865521137147014,673,-0.3551944867080624,1.490534927053709,-1.8457294137617715,-4.831701186294724,6.505567913817067e-07,0.02816279092893944,0.339792245199441,9.999434708875071,1769,2023-02-10,2026-08-25,0.08528443634364458,0.11109349480147013,-0.19038273828546504,-0.12952080687813716,0.17279207155734722,8868.885188301512,17574.676013236298,0.03578292065155769,-0.02179726889730508,0.38200404838718965,0.0,-2.605099705255103,-1.1217132950477837,-1.6820096733123693,,,1,-1.682010,0.7676816405501719,-0.1005966583934701,15477.341418971082,False,-6608.456230669571,0.0,0.003477674197211602,-0.0337357563617271,0.9886941775014131,1.3327313288540517,-0.1752300687969232,-1.507961397650975,SPY,0.21037381520456644,19649.4012312515,1.4288247116075652,0.1405684051184841,-0.18709518091808564,0.6067112753520888,0.12547633380130674,-0.11715514240436309,-0.1588371141288154,0.5837855092326267,False,1.0,8868.885188301512,-0.19038273828546504,False,0.022026626173072626,0.269587359163145,0.787477726324812,0.14906297972993066,848,-0.10106720415270803,0.15336682464348686,-0.08748620232103993,0.008073152364938246,0.026378623926181757,-0.04298687914606192,-0.16798983013938568,-1.713030140972347,2.4838345081220337,-2.2935643352312183,0.20647304927098553,0.6039860093531674,-1.6201308990956031,-6.079675600789868,0.7340129882585882,-0.05430383015548836,0.1503601812386287,close,-0.08277635999952544,22.714750027446815,1606,2.218627786155269,0.2521064561927512,False,1069,537,run+ledger,0.6549456867559094,this run,1.4877006853447827,-1.8428951720528453,False,False,False,False,False,False,0,6,False,True,underpowered,2000.0
us_etfs,4h,STOCH,False,10,3.537759525439197,0.9954776710005652,-0.02468438649439697,0.1426900900307193,-0.16737447652511628,0.5710330975094233,0.4093242087254063,0.9696442441286923,4676,-0.22449448789387985,1.490534927053709,-1.7150294149475889,-4.9616823180594585,2.3002943750904947e-06,-0.015402066887129445,-0.16990786394968002,9.999434708875071,1769,2023-02-10,2026-08-25,0.09236346391752423,0.11109349480147013,-0.1336361060711816,-0.12952080687813716,0.17279207155734722,9153.733106564092,17574.676013236298,0.01267501355412984,-0.009058457849385549,0.3456548212902003,0.0,-2.422152281601374,-1.0858714544866028,-2.936277445070753,,,1,-2.936277,0.8314029915305352,-0.10859924512833508,16030.12705653727,False,-6876.393949973179,0.0,0.01760956678377008,-0.024795122689462268,0.9954776710005652,1.333544894174652,-0.1847134522256191,-1.518258346400271,SPY,0.21037381520456644,19649.4012312515,1.4288247116075652,0.1405684051184841,-0.18709518091808564,0.6570712945037097,0.1362005376094424,-0.12636802180314055,-0.16088492410383937,0.5826554659960455,False,1.0,9153.733106564092,-0.1336361060711816,False,-0.020990010702652412,-0.23990215541024223,0.8104061098722841,0.04492006643506852,848,0.020500201918371732,0.02248301338440024,-0.014601802792842634,0.020502014350945917,-0.05353471150628549,0.0105233346374752,0.12740879547008865,0.4656350419286486,0.3879576924014614,-0.2786568159227483,0.38836329071580505,-1.2406070832497,0.35930183392062964,2.628815147618064,0.8650825965111308,-0.04945218454026051,0.045842042904173264,close,0.4666441641811502,18.527231612548828,1606,2.218627786155269,0.3368582134449333,False,1069,537,run+ledger,0.6549456867559094,this run,1.4877006853447827,-1.7121951732386627,False,False,False,False,False,False,0,6,False,True,underpowered,2000.0
us_etfs,4h,ADX,False,10,3.537759525439197,0.9739966082532503,-0.0550219937990265,0.1129605247071166,-0.1679825185061431,0.5605491149339704,0.4787037037037037,0.8428305548010441,1080,-0.7317647115260323,1.490534927053709,-2.222299638579741,-5.297363200599188,1.4163034189884627e-08,-0.0914837003391306,-1.1796161519460768,9.999434708875071,1769,2023-02-10,2026-08-25,0.07362897565442922,0.11109349480147013,-0.23832492868014732,-0.12952080687813716,0.17279207155734722,8185.550411074571,17574.676013236298,0.02032764608527895,-0.022147717102262,0.4195105289983469,0.0,-3.036852223892636,-1.3212756886036108,-2.9034983346114807,,,1,-2.903498,0.6627658602873916,-0.08730598112771193,14602.735412469223,False,-6417.185001394653,0.0,0.005314849910141124,-0.05644869728599522,0.9739966082532503,1.3309691676121653,-0.23086965389537903,-1.5618388215075443,SPY,0.21037381520456644,19649.4012312515,1.4288247116075652,0.1405684051184841,-0.18709518091808564,0.5237946293291718,0.10791776442037393,-0.10181880081712558,-0.16293975821940043,0.5696275210043166,False,1.0,8185.550411074571,-0.23832492868014732,False,-0.09109897853670243,-1.2318513380984506,0.21800462186272562,0.01780660514684873,848,0.017716772469037655,-0.08419958207790151,-0.010858242480807717,-0.01074651991856514,0.02786668281802931,-0.030947005851262227,-0.0010542819670276721,0.23824265387565163,-1.507683968548511,-0.43749389158346225,-0.3390775844543734,0.7013610939702325,-0.9701521240009242,-0.02725624788866502,0.23815291592904275,0.003404710963178908,0.017813578476098213,close,-0.26159576824831626,28.03114671283604,1606,2.218627786155269,0.0842725304745609,False,1069,537,run+ledger,0.6549456867559094,this run,1.4877006853447827,-2.219465396870815,False,False,False,False,False,False,0,6,False,True,underpowered,2000.0
us_etfs,4h,TEMA_9,False,10,3.537759525439197,0.9864330130016957,-0.02087376946207653,0.14727768720915524,-0.16815145667123177,0.5708164762674011,0.37464142283419394,0.9753069092137464,5229,-0.17400176907799042,1.490534927053709,-1.6645366961316994,-2.938852146517018,3.6400246098411415e-06,-0.007994211536775297,-0.08410386304151006,9.999434708875071,1769,2023-02-10,2026-08-25,0.09523309142699056,0.11109349480147013,-0.1582068056704744,-0.12952080687813716,0.17279207155734722,9280.886720931669,17574.676013236298,0.012338533649162946,-0.0075789480870337616,0.5663900778759577,0.0,-2.852544817664608,-0.6764143894392243,-3.5035024516973676,,,1,-3.503502,0.8572337344970294,-0.1118283287305748,16258.967823808933,False,-6978.081102877264,0.0,0.019511316840319374,-0.021157799966146085,0.9864330130016957,1.332460176838782,-0.13193976942783397,-1.464399946266616,SPY,0.21037381520456644,19649.4012312515,1.4288247116075652,0.1405684051184841,-0.18709518091808564,0.6774857504196571,0.14056051112991974,-0.13008087078667807,-0.16143428059199627,0.5827986693531894,False,1.0,9280.886720931669,-0.1582068056704744,False,-0.01543164637720808,-0.16914069373302057,0.8656859770567662,0.046627580064086294,848,0.03564415888624211,-0.00419094815753774,-0.013415940856953358,0.034209297444298375,-0.022551754623971694,-0.0030018424788836075,0.1326133036878399,0.6687473326343164,-0.06617189042230105,-0.22448007020102284,0.5951247200760504,-0.4337133058091887,-0.11021070564493764,2.5091709744932977,0.9329738532657039,-0.06581981000122575,0.04812309912958246,close,0.7445004102733495,21.77668890621266,1606,2.218627786155269,0.37213969213860415,False,1069,537,run+ledger,0.6549456867559094,this run,1.4877006853447827,-1.6617024544227732,False,False,False,False,False,False,0,6,False,True,underpowered,2000.0
us_etfs,4h,HT_PHASOR,False,10,3.537759525439197,0.981910684002261,-0.03675001411382284,0.1349389692307832,-0.17168898334460603,0.5597486024384303,0.4937192790824686,0.9462919635248195,3662,-0.38419587115643256,1.490534927053709,-1.8747307982101415,-4.5474860288368015,5.415217638193859e-07,-0.015106356485391987,-0.17313544634073766,9.999434708875071,1769,2023-02-10,2026-08-25,0.0875022647584093,0.11109349480147013,-0.23957391570998732,-0.12952080687813716,0.17279207155734722,8759.36316007176,17574.676013236298,0.011578819419672561,-0.011932400602233198,0.4122565273036535,0.0,-2.672425087046308,-1.0453262999104156,-0.17945110143161713,,,1,-0.179451,0.7876452614510006,-0.10310947856864183,15648.745029310276,False,-6889.381869238516,0.0,0.013970462936137067,-0.03741421894682295,0.981910684002261,1.3319179275845094,-0.15339739305471814,-1.4853153206392276,SPY,0.21037381520456644,19649.4012312515,1.4288247116075652,0.1405684051184841,-0.18709518091808564,0.6224888493588178,0.1288313580030258,-0.12004973888355086,-0.16558137211684865,0.5705366601523568,False,1.0,8759.36316007176,-0.23957391570998732,False,-0.014468770694357494,-0.16888733568056832,0.8658852607675023,0.04888525253365794,848,-0.0610048498099648,0.1050451957516318,-0.045879966431277966,0.017583189559501538,-0.03399386215356563,0.032588831015047615,-0.08822471895475575,-1.0572990039079992,2.6379708926252037,-1.3674231329465956,0.4921371643428632,-0.7629046772292011,1.3316510777560204,-2.965134818786223,0.8625449635075002,0.005642506660660856,0.04889905571464215,close,0.38788628234861594,12.783510403990679,1606,2.218627786155269,0.23584837473310016,False,1069,537,run+ledger,0.6549456867559094,this run,1.4877006853447827,-1.8718965565012153,False,False,False,False,False,False,0,6,False,True,underpowered,2000.0
us_etfs,4h,BOP,False,10,3.537759525439197,0.9942968406507129,-0.030670571449811668,0.14134066497038034,-0.172011236420192,0.5610706699099697,0.3623900377013595,0.9695450118710409,8753,-0.2946273481724925,1.490534927053709,-1.7851622752262015,-3.01537225767252,1.159459132205054e-06,-0.044440136202390644,-0.4576399485130779,9.999434708875071,1769,2023-02-10,2026-08-25,0.0915183123303143,0.11109349480147013,-0.1916151207132354,-0.12952080687813716,0.17279207155734722,8956.515036867959,17574.676013236298,0.009593088977882176,-0.005623564134382817,0.5920205277089461,0.0005,-2.871474997775517,-0.6295151193484249,-2.2113802374835427,,,1,-2.211380,0.8237954210897973,-0.10764658811023742,15963.256532916139,False,-7006.741496048181,0.0,0.03160846249330909,-0.030843752614320152,0.9942968406507129,1.3334032617791225,-0.1600634195028491,-1.4934666812819717,SPY,0.21037381520456644,19649.4012312515,1.4288247116075652,0.1405684051184841,-0.18709518091808564,0.6510589079613884,0.1349178455732536,-0.1252721368728218,-0.16558841702306526,0.5723848647034012,False,1.0,8956.515036867959,-0.1916151207132354,False,-0.029504963780546414,-0.31588008407876944,0.7520935291501074,0.03356710586755529,848,-0.04032045543164519,0.12389682866645399,0.024836015652325717,-0.003998378268983832,-0.08242359974371612,0.04280746096953845,-0.029513069013882426,-0.5642772336732452,2.084985760391678,0.5797361264303066,-0.10106241883830101,-1.8285587803357173,1.3817079159570702,-0.9023592896759356,0.6472111379124859,0.13217328719267643,0.04019813647467552,close,0.022896758357776024,17.38588130121137,1606,2.218627786155269,0.289883325159876,False,1069,537,run+ledger,0.6549456867559094,this run,1.4877006853447827,-1.7823280335172753,False,False,False,False,False,False,0,6,False,True,underpowered,2000.0
us_etfs,4h,CDLLONGLINE,False,10,3.537759525439197,0.6874819420890648,-0.0715330959819569,0.10123419232821895,-0.17276728831017585,0.5467705429791103,0.418884982420894,0.8303817564716071,1991,-1.0883676323498621,1.490534927053709,-2.578902559403571,-5.864861405005718,4.899786132384065e-11,-0.13424846404908658,-1.8657755869254387,9.999434708875071,1769,2023-02-10,2026-08-25,0.06617132487450673,0.11109349480147013,-0.23536257027839935,-0.12952080687813716,0.17279207155734722,7690.6911706062865,17574.676013236298,0.014606219055699825,-0.012679224809983937,0.43972097229824586,0.0,-3.414609230114086,-1.6757844076696955,-3.285045621965194,,,1,-3.285046,0.5956363601015374,-0.07872691004948928,14065.664782713275,False,-6374.973612106988,0.0,0.00774242016512714,-0.10233648851001953,0.6874819420890648,1.2967803250453844,-0.303927238291729,-1.6007075633371135,SPY,0.21037381520456644,19649.4012312515,1.4288247116075652,0.1405684051184841,-0.18709518091808564,0.470741094478033,0.09674854479387696,-0.09189583691480296,-0.16828164077583385,0.5547230527336315,False,1.0,7690.6911706062865,-0.23536257027839935,False,-0.1106507425878182,-1.5368751085825838,0.12432389605843941,0.013918209750591548,848,0.005228259342064761,0.027915369653608503,0.03885738939183682,-0.03011255425958103,0.00857682005981022,0.0059738745112850045,-0.012382991715994293,0.13393754885855233,0.9596515981291501,1.0643530444198652,-1.001880468373727,0.2489508236040547,0.2774071572115019,-0.427239548502319,0.06207276928188987,0.20883511269218194,0.0465208918011335,close,-1.7882047949094406,19.15817048994158,1606,2.218627786155269,0.016612658384271783,False,1069,537,run+ledger,0.6549456867559094,this run,1.5541040520577922,-2.6424716844076546,False,False,False,False,False,False,0,6,False,True,underpowered,2000.0
us_etfs,4h,DEMA_50,False,10,3.537759525439197,0.9446014697569247,-0.03992086884423285,0.1333186030217579,-0.17323947186599076,0.5560606432975554,0.2484375,0.8902607301822328,1920,-0.42781315569021705,1.490534927053709,-1.9183480827439259,-3.5187299506127445,3.2955911560828e-07,0.016830988763311124,0.21478187863168607,9.999434708875071,1769,2023-02-10,2026-08-25,0.08648399198838273,0.11109349480147013,-0.22843943079520335,-0.12952080687813716,0.17279207155734722,8657.779600024445,17574.676013236298,0.02332345300306403,-0.00866019515024473,0.5451819576008863,0.0,-2.989500113080423,-0.8607688342227778,-1.7468632748495616,,,1,-1.746863,0.7784793532954755,-0.10195640623718127,15569.847829333878,False,-6912.068229309434,0.0,0.008002056080705585,-0.042212023318895286,0.9446014697569247,1.3274471808699115,-0.17475472034432632,-1.5022019012142378,SPY,0.21037381520456644,19649.4012312515,1.4288247116075652,0.1405684051184841,-0.18709518091808564,0.6152448831975151,0.12729041537310626,-0.11872167643055764,-0.1672112842173391,0.5666518714984599,False,1.0,8657.779600024445,-0.22843943079520335,False,0.0008653219904656725,0.01108829187167406,0.9911530044002912,0.098231478799638,848,-0.12620062003300447,0.118143741254868,-0.05814400845619643,0.04931191180916661,0.0036381295728682983,-0.03696348065838895,-0.07322354790007013,-2.5064576988056504,1.903773543178598,-1.6762146350807157,1.162541123213119,0.08478667792023757,-1.3285609661004525,-2.3059351534891417,0.8299373819463636,-0.1412929559824454,0.10689445439543188,close,-0.039270245006431524,23.402719259069308,1606,2.218627786155269,0.21072113462714104,False,1069,537,run+ledger,0.6549456867559094,this run,1.4877006853447827,-1.9155138410349997,False,False,False,False,False,False,0,6,False,True,underpowered,2000.0
us_etfs,4h,APO,False,10,3.537759525439197,0.9858677218767664,-0.038085129484657365,0.13544963016308742,-0.17353475964774479,0.556122945017538,0.356,0.8731370446276557,750,-0.3982004478668939,1.490534927053709,-1.8887353749206028,-5.010439042386679,4.211043745927512e-07,0.0590225269558315,0.7051351186289218,9.999434708875071,1769,2023-02-10,2026-08-25,0.08782302781941069,0.11109349480147013,-0.21513489997299962,-0.12952080687813716,0.17279207155734722,8716.486920553623,17574.676013236298,0.03277012720368255,-0.020747216713260193,0.37696005458653786,0.0,-2.6796003196491176,-1.2140217395931767,-0.7702295398783408,,,1,-0.770230,0.7905325867761657,-0.1034724794295585,15673.668922757246,False,-6957.182002203624,0.0,0.0037788123830575357,-0.03862039484605817,0.9858677218767664,1.332392391685762,-0.17702906171633342,-1.5094214534020955,SPY,0.21037381520456644,19649.4012312515,1.4288247116075652,0.1405684051184841,-0.18709518091808564,0.6247707494823271,0.1293169582822289,-0.12046775923786279,-0.16740208776688625,0.5668807470776241,False,1.0,8716.486920553623,-0.21513489997299962,False,0.056009812482308366,0.6828603967809415,0.4946950609825924,0.17713538802758766,848,-0.12559079748072458,0.12903108261169755,-0.09430867811219237,-0.024309526140494066,0.01429150727286116,-0.03395204947813109,-0.19557042356441198,-2.5557696113200348,2.676239777361405,-2.674051275671804,-0.614797200283867,0.34416630371579615,-1.3265742409846244,-6.592048975830296,0.48072615339566305,-0.026661920203619262,0.1774300052437886,close,-0.16816629641184258,14.505579233993434,1606,2.218627786155269,0.22678332698132042,False,1069,537,run+ledger,0.6549456867559094,this run,1.4877006853447827,-1.8859011332116766,False,False,False,False,False,False,0,6,False,True,underpowered,2000.0
us_etfs,4h,PPO,False,10,3.537759525439197,0.9858677218767664,-0.038085129484657365,0.13544963016308742,-0.17353475964774479,0.556122945017538,0.356,0.8731370446276557,750,-0.3982004478668939,1.490534927053709,-1.8887353749206028,-5.010439042386679,4.211043745927512e-07,0.0590225269558315,0.7051351186289218,9.999434708875071,1769,2023-02-10,2026-08-25,0.08782302781941069,0.11109349480147013,-0.21513489997299962,-0.12952080687813716,0.17279207155734722,8716.486920553623,17574.676013236298,0.03277012720368255,-0.020747216713260193,0.37696005458653786,0.0,-2.6796003196491176,-1.2140217395931767,-0.7702295398783408,,,1,-0.770230,0.7905325867761657,-0.1034724794295585,15673.668922757246,False,-6957.182002203624,0.0,0.0037788123830575357,-0.03862039484605817,0.9858677218767664,1.332392391685762,-0.17702906171633342,-1.5094214534020955,SPY,0.21037381520456644,19649.4012312515,1.4288247116075652,0.1405684051184841,-0.18709518091808564,0.6247707494823271,0.1293169582822289,-0.12046775923786279,-0.16740208776688625,0.5668807470776241,False,1.0,8716.486920553623,-0.21513489997299962,False,0.056009812482308366,0.6828603967809415,0.4946950609825924,0.17713538802758766,848,-0.12559079748072458,0.12903108261169755,-0.09430867811219237,-0.024309526140494066,0.01429150727286116,-0.03395204947813109,-0.19557042356441198,-2.5557696113200348,2.676239777361405,-2.674051275671804,-0.614797200283867,0.34416630371579615,-1.3265742409846244,-6.592048975830296,0.48072615339566305,-0.026661920203619262,0.1774300052437886,close,-0.16816629641184258,14.505579233993434,1606,2.218627786155269,0.22678332698132042,False,1069,537,run+ledger,0.6549456867559094,this run,1.4877006853447827,-1.8859011332116766,False,False,False,False,False,False,0,6,False,True,underpowered,2000.0
us_etfs,4h,MAMA,False,10,3.537759525439197,0.981910684002261,-0.04128240649571169,0.13337464370615937,-0.17465705020187106,0.5531790825207508,0.301143583227446,0.8501185396719163,787,-0.4439660579512964,1.490534927053709,-1.9345009850050054,-5.805935710054787,2.5535007519561503e-07,0.035824761151649134,0.4406990230844213,9.999434708875071,1769,2023-02-10,2026-08-25,0.08651922102846461,0.11109349480147013,-0.17519429171085832,-0.12952080687813716,0.17279207155734722,8614.420942343995,17574.676013236298,0.03428389474126908,-0.017377861117444417,0.33319366276392176,0.0,-2.615459269957234,-1.3062462778740314,-1.639279510316304,,,1,-1.639280,0.7787964649332436,-0.10199631706515155,15572.57173045919,False,-6958.150788115196,0.0,0.0038168566652878747,-0.04202672653428274,0.981910684002261,1.3319179275845094,-0.2356378515108495,-1.567555779095359,SPY,0.21037381520456644,19649.4012312515,1.4288247116075652,0.1405684051184841,-0.18709518091808564,0.6154955016779068,0.12734371160982016,-0.11876764972739884,-0.16862611810553185,0.563719753608839,False,1.0,8614.420942343995,-0.17519429171085832,False,0.032305964024431755,0.4112205696268103,0.6809108066511984,0.20637195597705948,848,-0.1232678306064578,0.14450832262994617,-0.06246481090020122,-0.010014950218217272,-0.020924243312751035,-0.05203908459477928,-0.2064028900957245,-2.2171339960067136,3.192336257386464,-1.7394235468297525,-0.28887375077549804,-0.4648716436487912,-1.9516638780885023,-6.583729513165295,0.6594309039279724,-0.031140650414468746,0.20679021846181633,close,-0.40138912938900234,18.887560117770406,1606,2.218627786155269,0.2011784130189444,False,1069,537,run+ledger,0.6549456867559094,this run,1.4877006853447827,-1.9316667432960792,False,False,False,False,False,False,0,6,False,True,underpowered,2000.0
us_etfs,4h,WMA_9,False,10,3.537759525439197,0.9954776710005652,-0.04098913853119135,0.13970415268539216,-0.1806932912165835,0.5429740876275706,0.3068582271618325,0.9282730001520056,3689,-0.4172565761216683,1.490534927053709,-1.9077915031753772,-3.1060317417210546,3.760010668929503e-07,-0.052362887123023956,-0.6364451328068312,9.999434708875071,1769,2023-02-10,2026-08-25,0.09049270567130609,0.11109349480147013,-0.17617754436304234,-0.12952080687813716,0.17279207155734722,8623.746974089252,17574.676013236298,0.01625335506346593,-0.007751450945693367,0.6142215089271008,0.0,-3.125409519594366,-0.802827486459247,-2.9737258810746594,,,1,-2.973726,0.8145634974668974,-0.10648951872450108,15882.428223728304,False,-7258.681249639052,0.0,0.014017688063888164,-0.04117146016409812,0.9954776710005652,1.333544894174652,-0.23265813290442167,-1.5662030270790737,SPY,0.21037381520456644,19649.4012312515,1.4288247116075652,0.1405684051184841,-0.18709518091808564,0.6437627687034682,0.1333621283269204,-0.12394079771715205,-0.17435126685811175,0.5537995924508711,False,1.0,8623.746974089252,-0.17617754436304234,False,-0.04984810850325387,-0.6240517439436415,0.5325936037166261,0.0312819559684373,848,-0.07614942979570934,0.10212498460561789,0.0057460121632551195,-0.0068267552180969054,-0.03075230742871858,-0.0003163818000732439,-0.01980830060270981,-1.4141264251495975,1.3751714425181698,0.13561132832959993,-0.14504727263858233,-0.6083210508596341,-0.01175438222632189,-0.650837417945428,0.5244863318777517,0.02225528754195854,0.03147417569588118,close,0.07781495284828677,26.093349908979086,1606,2.218627786155269,0.21676346335369884,False,1069,537,run+ledger,0.6549456867559094,this run,1.4877006853447827,-1.904957261466451,False,False,False,False,False,False,0,6,False,True,underpowered,2000.0
us_etfs,4h,EXP,False,10,3.537759525439197,0.9711136235161106,-0.04575631907710198,0.13739182468600641,-0.1831481437631084,0.5373323301652767,0.25279850746268656,0.8759202214969379,2144,-0.4815629789669376,1.490534927053709,-1.9720979060206465,-3.6963273172726736,2.522389185855012e-07,0.09291544982833888,1.2228374005810538,9.999434708875071,1769,2023-02-10,2026-08-25,0.0890423422432948,0.11109349480147013,-0.21627014857158022,-0.12952080687813716,0.17279207155734722,8473.04414264955,17574.676013236298,0.021601100170877893,-0.008343496595685963,0.5335290240139648,0.0,-3.064560827505774,-0.977271585221467,-1.748313381677967,,,1,-1.748313,0.8015081567324721,-0.10485136881047685,15768.722012396587,False,-7295.677869747037,0.0,0.00898712410493826,-0.04708481909301199,0.9711136235161106,1.330623603799949,-0.21157020226468165,-1.5421938060646307,SPY,0.21037381520456644,19649.4012312515,1.4288247116075652,0.1405684051184841,-0.18709518091808564,0.6334449207717883,0.13116370762896978,-0.1220553413574541,-0.17692002670607176,0.5478721864282738,False,1.0,8473.04414264955,-0.21627014857158022,False,0.05652351781189477,0.7157924288850761,0.47411952807186974,0.29223712519308453,848,-0.27041366427318847,0.07386757500292036,-0.06834559678679812,0.0033433766530305,-0.014511972782756018,-0.01961318105132041,-0.111752710682279,-5.454837076640401,1.3271134993017273,-1.908584957526272,0.09467309702146995,-0.36562833265719413,-0.8235161179913232,-4.519672373751621,0.22139111615315543,-0.32206131580179403,0.33445608623022904,close,0.8293238316041137,28.94676641236481,1606,2.218627786155269,0.18509756982709297,False,1069,537,run+ledger,0.6549456867559094,this run,1.4877006853447827,-1.9692636643117203,False,False,False,False,False,False,0,6,False,True,underpowered,2000.0
us_etfs,4h,COSH,False,10,3.537759525439197,0.9712832108535895,-0.04651023979699598,0.13740879908883263,-0.1839190388858286,0.5358036572050804,0.2517482517482518,0.8740117395072505,2145,-0.49036936317803104,1.490534927053709,-1.98090429023174,-3.685794155883101,2.3293933681944878e-07,0.09153370250089105,1.2032888656291376,9.999434708875071,1769,2023-02-10,2026-08-25,0.0890529943388673,0.11109349480147013,-0.21627014857158022,-0.12952080687813716,0.17279207155734722,8449.38501432716,17574.676013236298,0.02166484487580575,-0.008339826981381767,0.5374430058905781,0.0,-3.0854904907919276,-0.9807721463144826,-1.8055089615325235,,,1,-1.805509,0.8016040407947347,-0.10486340811574424,15769.554576020993,False,-7320.169561693834,0.0,0.008990911789867313,-0.04785192247936909,0.9712832108535895,1.3306439302551498,-0.21505621605286968,-1.5457001463080196,SPY,0.21037381520456644,19649.4012312515,1.4288247116075652,0.1405684051184841,-0.18709518091808564,0.6335206995043102,0.13117984693755003,-0.12206920067602389,-0.177690086734546,0.5463147963394273,False,1.0,8449.38501432716,-0.21627014857158022,False,0.05525826298534425,0.6994426735419427,0.48427542708739146,0.292270075845783,848,-0.2704020841749778,0.07411458926117488,-0.0689966015744331,0.0035170997137370374,-0.01454335061089708,-0.020023304737298245,-0.11185572974935998,-5.452461416037804,1.3318496814064684,-1.929409145965012,0.09962485820838614,-0.3663786200892167,-0.8404351828467387,-4.523063686720654,0.22886455627101987,-0.32103038048066085,0.3342102590817234,close,0.8299568618937948,28.93453246012163,1606,2.218627786155269,0.18080797162372236,False,1069,537,run+ledger,0.6549456867559094,this run,1.4877006853447827,-1.9780700485228138,False,False,False,False,False,False,0,6,False,True,underpowered,2000.0
us_etfs,4h,SINH,False,10,3.537759525439197,0.9712832108535895,-0.04651023979699598,0.13740879908883263,-0.1839190388858286,0.5358036572050804,0.2517482517482518,0.8740117395072505,2145,-0.49036936317803104,1.490534927053709,-1.98090429023174,-3.685794155883101,2.3293933681944878e-07,0.09153370250089105,1.2032888656291376,9.999434708875071,1769,2023-02-10,2026-08-25,0.0890529943388673,0.11109349480147013,-0.21627014857158022,-0.12952080687813716,0.17279207155734722,8449.38501432716,17574.676013236298,0.02166484487580575,-0.008339826981381767,0.5374430058905781,0.0,-3.0854904907919276,-0.9807721463144826,-1.8055089615325235,,,1,-1.805509,0.8016040407947347,-0.10486340811574424,15769.554576020993,False,-7320.169561693834,0.0,0.008990911789867313,-0.04785192247936909,0.9712832108535895,1.3306439302551498,-0.21505621605286968,-1.5457001463080196,SPY,0.21037381520456644,19649.4012312515,1.4288247116075652,0.1405684051184841,-0.18709518091808564,0.6335206995043102,0.13117984693755003,-0.12206920067602389,-0.177690086734546,0.5463147963394273,False,1.0,8449.38501432716,-0.21627014857158022,False,0.05525826298534425,0.6994426735419427,0.48427542708739146,0.292270075845783,848,-0.2704020841749778,0.07411458926117488,-0.0689966015744331,0.0035170997137370374,-0.01454335061089708,-0.020023304737298245,-0.11185572974935998,-5.452461416037804,1.3318496814064684,-1.929409145965012,0.09962485820838614,-0.3663786200892167,-0.8404351828467387,-4.523063686720654,0.22886455627101987,-0.32103038048066085,0.3342102590817234,close,0.8299568618937948,28.93453246012163,1606,2.218627786155269,0.18080797162372236,False,1069,537,run+ledger,0.6549456867559094,this run,1.4877006853447827,-1.9780700485228138,False,False,False,False,False,False,0,6,False,True,underpowered,2000.0
us_etfs,4h,TSF_100,False,10,3.537759525439197,0.9440361786319954,-0.051286425963344096,0.13359709904953476,-0.18488352501287886,0.532657022607067,0.2342857142857143,0.8408913771042487,1400,-0.5641857692780424,1.490534927053709,-2.0547206963317515,-5.340522528631035,8.76971247842917e-08,0.03617931343932252,0.45817967758321204,9.999434708875071,1769,2023-02-10,2026-08-25,0.08665905546279284,0.11109349480147013,-0.23572487374733497,-0.12952080687813716,0.17279207155734722,8300.600903731765,17574.676013236298,0.028450469939757597,-0.010352103459288102,0.3847415089658744,0.0,-2.8088997582741513,-1.2810904904434774,-1.4906357543528357,,,1,-1.490636,0.7800551744065402,-0.10215472206541543,15583.387717493762,False,-7282.786813761997,0.0,0.00624438381751335,-0.05424281105317941,0.9440361786319954,1.3273794811276955,-0.2175690038477491,-1.5449484849754447,SPY,0.21037381520456644,19649.4012312515,1.4288247116075652,0.1405684051184841,-0.18709518091808564,0.6164902802286798,0.12755527105844022,-0.11895011253999765,-0.17884169702178432,0.5428231924342841,False,1.0,8300.600903731765,-0.23572487374733497,False,0.02351992301192387,0.29883336134228816,0.7650671947024223,0.13232608156015746,848,-0.12656814274037104,0.14127865369803275,-0.07543322822681785,0.09408295234401048,0.025689013111255266,-0.04151629695312331,-0.10048203272109259,-2.5710732172010387,2.308392681833182,-2.1458182128667955,2.135575710648781,0.6191291805889088,-1.4730626805435771,-3.04954096475657,0.6468233590515893,-0.11203307195821195,0.13775293571742042,close,-0.00021116936942840945,22.723371039741085,1606,2.218627786155269,0.14478918248363437,False,1069,537,run+ledger,0.6549456867559094,this run,1.4877006853447827,-2.0518864546228253,False,False,False,False,False,False,0,6,False,True,underpowered,2000.0
us_etfs,4h,LINEARREG_100,False,10,3.537759525439197,0.9440361786319954,-0.053298908640221576,0.13427984655954783,-0.1875787551997694,0.5275454931220729,0.2315340909090909,0.8355243204843028,1408,-0.5853522479278053,1.490534927053709,-2.0758871749815144,-5.244668737503282,6.93825987219121e-08,0.029523324980047717,0.3711845835430319,9.999434708875071,1769,2023-02-10,2026-08-25,0.0870881437491228,0.11109349480147013,-0.23726595356730684,-0.12952080687813716,0.17279207155734722,8238.476016872974,17574.676013236298,0.02865817345771415,-0.010334268723911622,0.39580901652327,0.0,-2.856297906317393,-1.274854073005952,-1.8200221565304064,,,1,-1.820022,0.7839175813557208,-0.10264066705450481,15616.61719090188,False,-7378.141174028907,0.0,0.00625263692874429,-0.05636781980687999,0.9440361786319954,1.3273794811276955,-0.22463782872708668,-1.5520173098547823,SPY,0.21037381520456644,19649.4012312515,1.4288247116075652,0.1405684051184841,-0.18709518091808564,0.6195428032047232,0.12820456034832795,-0.11950982107674135,-0.18150346898854952,0.5376643771563783,False,1.0,8238.476016872974,-0.23726595356730684,False,0.015560466051457349,0.19551280004887125,0.8449915180488867,0.13760326233527242,848,-0.12789726421377057,0.13840131464693167,-0.06708405151975487,0.0895747557368281,0.02414288280466679,-0.042597754464280345,-0.1088759508949301,-2.537374453333737,2.239583843422724,-1.8701092119079465,2.004706582500645,0.5700717835679318,-1.5187755778859138,-3.232505978366724,0.7105000547872262,-0.1235685073511532,0.14414251512654552,close,-0.05941867312163186,22.54560491999436,1606,2.218627786155269,0.13577490788624402,False,1069,537,run+ledger,0.6549456867559094,this run,1.4877006853447827,-2.0730529332725878,False,False,False,False,False,False,0,6,False,True,underpowered,2000.0
us_etfs,4h,ATR,False,10,3.537759525439197,0.9813453928773317,-0.04706394836669803,0.14662200309166473,-0.19368595145836276,0.5196584309686704,0.5157648890618918,0.8986183626377854,2569,-0.46090500901778136,1.490534927053709,-1.9514399360714902,-4.005138200570566,2.1114224907359258e-07,-0.12794069392420682,-1.2407874381774842,9.999434708875071,1769,2023-02-10,2026-08-25,0.09482328887197349,0.11109349480147013,-0.2548318540266479,-0.12952080687813716,0.17279207155734722,8432.03904462746,17574.676013236298,0.010707547111686207,-0.012691419603185363,0.48723410737574324,0.0,-2.9700683733516375,-1.0421540159775373,-0.9102515871369289,,,1,-0.910252,0.8535449266532451,-0.11136771958094926,16226.118046251457,False,-7794.079001623997,0.0,0.01046555108433058,-0.04793680602860806,0.9813453928773317,1.3318501515699974,-0.18468628479144736,-1.5165364363614449,SPY,0.21037381520456644,19649.4012312515,1.4288247116075652,0.1405684051184841,-0.18709518091808564,0.6745704256375935,0.13993743150207472,-0.12955141742649556,-0.18700137986877274,0.5305193852669245,False,1.0,8432.03904462746,-0.2548318540266479,False,-0.1211158758450845,-1.221587104231794,0.22186380775257541,0.04434626515835027,848,0.08064789822757984,-0.14145357659696378,0.08998681211568167,-0.041230781783337514,0.014575659300176472,0.018903921613049483,0.05486989718510741,0.8409609727057905,-1.9055757091129417,2.0758660927295236,-0.9440270411119926,0.2741818804606428,0.48663186021821386,1.2960592969613682,0.2146842829753255,0.0603982742569643,0.04566199403201765,close,-0.4885940009437132,21.0080329991737,1606,2.218627786155269,0.19211417690836696,False,1069,537,run+ledger,0.6549456867559094,this run,1.4877006853447827,-1.948605694362564,False,False,False,False,False,False,0,6,False,True,underpowered,2000.0
us_etfs,4h,NATR,False,10,3.537759525439197,0.9813453928773317,-0.05156504808538387,0.14471968633916665,-0.19628473442455052,0.5140374483720845,0.5473727761688043,0.8845713951239064,2417,-0.518495568733362,1.490534927053709,-2.009030495787071,-3.755357371966355,1.1078824424526346e-07,-0.15643931357083404,-1.5136628544923154,9.999434708875071,1769,2023-02-10,2026-08-25,0.09363370005594734,0.11109349480147013,-0.2689901937724857,-0.12952080687813716,0.17279207155734722,8291.97992690211,17574.676013236298,0.01018209604178031,-0.013920243111426756,0.5349771797444449,0.0,-3.124413177662314,-1.0145429592665585,-0.6003465100600389,,,1,-0.600347,0.8428369295904828,-0.11002965468220804,16131.08140887818,False,-7839.10148197607,0.0,0.009980214284483953,-0.052519060853258304,0.9813453928773317,1.3318501515699974,-0.19169861682392053,-1.523548768393918,SPY,0.21037381520456644,19649.4012312515,1.4288247116075652,0.1405684051184841,-0.18709518091808564,0.6661077215539593,0.13812957464983766,-0.12801305496135595,-0.18969462273522153,0.5246449406515513,False,1.0,8291.97992690211,-0.2689901937724857,False,-0.148426018462627,-1.4868501034072772,0.13705440509251132,0.06049760043086372,848,0.09169538344816928,-0.15304143399115291,0.08167394567384613,-0.048850518081687756,0.0010092423267306656,0.014182426151364834,0.0771203085193368,0.9993653208433311,-2.1511003266966617,2.028749528695318,-1.1481199312059205,0.020278636785117748,0.38308520491679515,1.9951318461742713,0.1301113706258925,0.07091605813318957,0.06236150701109833,close,-0.6722182200009637,21.11033483653998,1606,2.218627786155269,0.16322215369393217,False,1069,537,run+ledger,0.6549456867559094,this run,1.4877006853447827,-2.006196254078145,False,False,False,False,False,False,0,6,False,True,underpowered,2000.0
us_etfs,4h,DEMA_9,False,10,3.537759525439197,0.9909553420011304,-0.05537683476502919,0.14237548642072562,-0.1977523211857548,0.5104543956321252,0.3332600571554188,0.9172020281178032,4549,-0.5720578218726311,1.490534927053709,-2.06259274892634,-3.3827396030044388,9.367613490463e-08,-0.1019636293926762,-1.2147372523638011,9.999434708875071,1769,2023-02-10,2026-08-25,0.09216646939993019,0.11109349480147013,-0.21491871451588163,-0.12952080687813716,0.17279207155734722,8174.681618204892,17574.676013236298,0.013963222765734834,-0.007609348088893026,0.6097403261824861,0.0,-3.2853374724609945,-0.925227404669957,-3.412912176468958,,,1,-3.412912,0.829629759731985,-0.10837725913254315,16014.519001411889,False,-7839.8373832069965,0.0,0.017164973360675694,-0.055867882665425306,0.9909553420011304,1.3330024990972205,-0.25766408890807446,-1.5906665880052948,SPY,0.21037381520456644,19649.4012312515,1.4288247116075652,0.1405684051184841,-0.18709518091808564,0.6556698805983019,0.13590150108120436,-0.12611268172524537,-0.19127833584623355,0.520821438086592,False,1.0,8174.681618204892,-0.21491871451588163,False,-0.09947644625950301,-1.2260272412533932,0.22018842391656146,0.0367809567127414,848,-0.06113695994364661,0.025598693258611128,0.02902472457080984,-0.008918519280979524,-0.035205896022680865,0.0516418540222591,0.114854885891233,-1.3136858149826638,0.3488561681854889,0.6034754617709008,-0.18028009741411785,-0.701319336467282,1.8677346714743217,3.5782936337685927,0.22446631960055408,0.022011073007825958,0.03695874770534746,close,0.4065535977543231,22.23562164689153,1606,2.218627786155269,0.14269490388869738,False,1069,537,run+ledger,0.6549456867559094,this run,1.4877006853447827,-2.059758507217414,False,False,False,False,False,False,0,6,False,True,underpowered,2000.0
us_etfs,4h,STOCHRSI,False,10,3.537759525439197,0.974335782928208,-0.06558508881867875,0.1323484041451639,-0.19793349296384266,0.5067669000946271,0.37636011328066776,0.9234417224522246,6709,-0.7470079258952435,1.490534927053709,-2.2375428529489523,-6.486693892235101,1.7393298135104374e-08,-0.08850646609668476,-0.91862665230542,9.999434708875071,1769,2023-02-10,2026-08-25,0.08587395752753059,0.11109349480147013,-0.2624495708985216,-0.12952080687813716,0.17279207155734722,7866.413219994958,17574.676013236298,0.010811388965135543,-0.007065480567455962,0.34494349357650494,0.0,-2.9369117141327417,-1.588519219325376,-2.2243210952260912,,,1,-2.224321,0.7729881725387416,-0.10126509450634336,15522.744714633265,False,-7656.331494638308,0.0,0.024687343260712518,-0.06725319294697518,0.974335782928208,1.331009824143359,-0.24989596513395632,-1.5809057892773153,SPY,0.21037381520456644,19649.4012312515,1.4288247116075652,0.1405684051184841,-0.18709518091808564,0.6109051138137909,0.12636770184594237,-0.11792529044482691,-0.19195279066462112,0.516350588077404,False,1.0,7866.413219994958,-0.2624495708985216,False,-0.09168907879243211,-0.9817601385418093,0.3262180302237878,0.03137117615149565,848,-0.07970131526361933,0.061759901761556255,-0.0028633348993327094,0.03222536146713802,-0.0723734845257863,0.05221746836534023,0.057962281866767704,-1.397686874593104,1.0541972384932743,-0.06276018911790274,0.9027833394979125,-1.5746960874912947,1.8598784724616046,1.8814425813188982,0.35829088645608387,-0.02816548547125004,0.0317173526558705,close,0.4843256718421277,22.73804347687592,1606,2.218627786155269,0.0823740653716814,False,1069,537,run+ledger,0.6549456867559094,this run,1.4877006853447827,-2.234708611240026,False,False,False,False,False,False,0,6,False,True,underpowered,2000.0
us_etfs,4h,STDDEV,False,10,3.537759525439197,0.986998304126625,-0.08313049864454902,0.11955737018189949,-0.20268786882644851,0.4933315488515097,0.4871722582464054,0.8719565653264577,3547,-1.0763462869873095,1.490534927053709,-2.566881214041018,-4.801188701631256,1.0423412133420129e-10,-0.13319212867128444,-1.3673346608572317,9.999434708875071,1769,2023-02-10,2026-08-25,0.07780716122180287,0.11109349480147013,-0.30728833176700965,-0.12952080687813716,0.17279207155734722,7356.192632766793,17574.676013236298,0.01171422972598301,-0.012762328636287547,0.5346345193991006,0.0,-3.7497106806748612,-1.6188800077895642,-1.7357154885430832,,,1,-1.735715,0.7003754932802171,-0.09208678677518689,14911.25521952169,False,-7555.062586754897,0.0,0.01385499711249707,-0.0841781413930689,0.986998304126625,1.3325279631324578,-0.27052930440450224,-1.60305726753696,SPY,0.21037381520456644,19649.4012312515,1.4288247116075652,0.1405684051184841,-0.18709518091808564,0.5535181334398706,0.11419781936655515,-0.10734055229935024,-0.19732831801110418,0.5017781598558085,False,1.0,7356.192632766793,-0.30728833176700965,False,-0.12496578184332388,-1.3953575668434994,0.16290804049056673,0.04639771772399992,848,-0.06513008632565856,-0.052592999239840156,0.081286918033835,-0.04458013451942612,-0.0725032328998823,-0.0030555682774730183,-0.035766664284783825,-1.9486316363589598,-1.0927421431467104,1.9477803503144993,-1.0110890390502454,-2.0853779048090675,-0.14604031798925418,-1.243104318823227,0.1715204322002155,0.07280152321832556,0.04913250839441963,close,-1.2779356838926281,21.767632637585624,1606,2.218627786155269,0.018950042831449465,False,1069,537,run+ledger,0.6549456867559094,this run,1.4877006853447827,-2.5640469723320924,False,False,False,False,False,False,0,6,False,True,underpowered,2000.0
us_etfs,4h,MEDPRICE,False,10,3.537759525439197,0.9977451165127817,-0.0684742982288109,0.14236858172615174,-0.21084287995496265,0.4858633567802,0.40405544735937676,0.9255703802069818,8729,-0.7234561910294495,1.490534927053709,-2.2139911180831584,-4.983142234654276,1.3376785290564186e-08,-0.1180688708602534,-1.2586592425086431,9.999434708875071,1769,2023-02-10,2026-08-25,0.09216214561055426,0.11109349480147013,-0.23110366352202072,-0.12952080687813716,0.17279207155734722,7780.70158403464,17574.676013236298,0.008442357239446046,-0.006184283484666297,0.4442961918057236,0.0,-3.066019253982564,-1.370254496675761,-2.3483016215694468,,,1,-2.348302,0.8295908394569171,-0.10837238635586655,16014.176569307647,False,-8233.474985273007,0.0,0.03148901004328823,-0.0686236133039757,0.9977451165127817,1.3338168723899881,-0.2962925692533919,-1.6301094416433801,SPY,0.21037381520456644,19649.4012312515,1.4288247116075652,0.1405684051184841,-0.18709518091808564,0.6556391212724613,0.13589493798034646,-0.1261070766586344,-0.20436923620915737,0.49573050203679647,False,1.0,7780.70158403464,-0.23110366352202072,False,-0.10350463698951295,-1.1433942171453813,0.2528749523958267,0.0292346815468133,848,0.008791695534765775,0.10123568277739071,0.04885877829283698,-0.011966467052983994,-0.05257150953428862,0.05012048197724773,-0.0015351902452723173,0.16839779175596206,1.4666380170535687,1.22788698798117,-0.2741520296760323,-1.2265224333761973,1.758336446875695,-0.0555301601589456,0.20815343884762783,0.12889055524549342,0.035487359219195436,close,-0.46635428863297973,18.535434567875573,1606,2.218627786155269,0.08572533745226163,False,1069,537,run+ledger,0.6549456867559094,this run,1.4877006853447827,-2.211156876374232,False,False,False,False,False,False,0,6,False,True,underpowered,2000.0
us_etfs,4h,WCLPRICE,False,10,3.537759525439197,0.9977451165127817,-0.0684742982288109,0.14236858172615174,-0.21084287995496265,0.4858633567802,0.40405544735937676,0.9255703802069818,8729,-0.7234561910294495,1.490534927053709,-2.2139911180831584,-4.983142234654276,1.3376785290564186e-08,-0.1180688708602534,-1.2586592425086431,9.999434708875071,1769,2023-02-10,2026-08-25,0.09216214561055426,0.11109349480147013,-0.23110366352202072,-0.12952080687813716,0.17279207155734722,7780.70158403464,17574.676013236298,0.008442357239446046,-0.006184283484666297,0.4442961918057236,0.0,-3.066019253982564,-1.370254496675761,-2.3483016215694468,,,1,-2.348302,0.8295908394569171,-0.10837238635586655,16014.176569307647,False,-8233.474985273007,0.0,0.03148901004328823,-0.0686236133039757,0.9977451165127817,1.3338168723899881,-0.2962925692533919,-1.6301094416433801,SPY,0.21037381520456644,19649.4012312515,1.4288247116075652,0.1405684051184841,-0.18709518091808564,0.6556391212724613,0.13589493798034646,-0.1261070766586344,-0.20436923620915737,0.49573050203679647,False,1.0,7780.70158403464,-0.23110366352202072,False,-0.10350463698951295,-1.1433942171453813,0.2528749523958267,0.0292346815468133,848,0.008791695534765775,0.10123568277739071,0.04885877829283698,-0.011966467052983994,-0.05257150953428862,0.05012048197724773,-0.0015351902452723173,0.16839779175596206,1.4666380170535687,1.22788698798117,-0.2741520296760323,-1.2265224333761973,1.758336446875695,-0.0555301601589456,0.20815343884762783,0.12889055524549342,0.035487359219195436,close,-0.46635428863297973,18.535434567875573,1606,2.218627786155269,0.08572533745226163,False,1069,537,run+ledger,0.6549456867559094,this run,1.4877006853447827,-2.211156876374232,False,False,False,False,False,False,0,6,False,True,underpowered,2000.0
us_etfs,4h,TYPPRICE,False,10,3.537759525439197,0.9980905722002384,-0.06905482520389694,0.14244972528273636,-0.2115045504866333,0.48467120067029895,0.40400916380297824,0.9249537197507987,8730,-0.7297660529367259,1.490534927053709,-2.220300979990435,-5.039491504526425,1.2480996347541407e-08,-0.11988949693744082,-1.278774319456277,9.999434708875071,1769,2023-02-10,2026-08-25,0.09221295772368694,0.11109349480147013,-0.23279753405069492,-0.12952080687813716,0.17279207155734722,7763.560780417373,17574.676013236298,0.008445163395470221,-0.006189273682857525,0.44058035974387116,0.0,-3.06305433570571,-1.3797682768746855,-2.353455938495282,,,1,-2.353456,0.8300482209914839,-0.10842964879888572,16018.201142713637,False,-8254.640362296264,0.0,0.03149223242172239,-0.06918225382934018,0.9980905722002384,1.333858311115598,-0.2966303981074786,-1.6304887092230764,SPY,0.21037381520456644,19649.4012312515,1.4288247116075652,0.1405684051184841,-0.18709518091808564,0.6560005973316785,0.13597206698135245,-0.12617294422761538,-0.2050268921852494,0.4945196095861823,False,1.0,7763.560780417373,-0.23279753405069492,False,-0.10517607723106379,-1.1625597312538554,0.245008176878579,0.029440112258503293,848,0.008861707508927445,0.10150746101399225,0.0491765056058988,-0.012545981872229113,-0.052198954469996235,0.050162062602818025,-0.0018599014725049876,0.16977844629980726,1.4701377376240563,1.236406192946382,-0.2873162469136691,-1.2173530271311999,1.7594612936726772,-0.067269172720614,0.2009765396688281,0.1302108200366673,0.03581266450130449,close,-0.4661559636847284,18.49786141823847,1606,2.218627786155269,0.08386676364628604,False,1069,537,run+ledger,0.6549456867559094,this run,1.4877006853447827,-2.2174667382815088,False,False,False,False,False,False,0,6,False,True,underpowered,2000.0
us_etfs,4h,AVGPRICE,False,10,3.537759525439197,0.9985930532001758,-0.07041538445765572,0.14133897411202034,-0.21175435856967606,0.4838320515001533,0.3853169174646603,0.9233043829545997,8772,-0.7520033618430708,1.490534927053709,-2.24253828889678,-3.9029052611379207,1.0207743261769764e-08,-0.12184850353102093,-1.3180704683074596,9.999434708875071,1769,2023-02-10,2026-08-25,0.09151725303342115,0.11109349480147013,-0.23660813797063385,-0.12952080687813716,0.17279207155734722,7723.494677404996,17574.676013236298,0.008766052585240056,-0.005951493876930307,0.5745817894239512,0.0,-3.285625896999855,-1.1116047893534027,-2.7104659446468236,,,1,-2.710466,0.8237858859059862,-0.10764539359959469,15963.172868473242,False,-8239.678191068248,0.0,0.03165238973685213,-0.07051101185627029,0.9985930532001758,1.333918586381068,-0.2976033920963242,-1.6315219784773922,SPY,0.21037381520456644,19649.4012312515,1.4288247116075652,0.1405684051184841,-0.18709518091808564,0.6510513721506758,0.134916238269553,-0.12527076262818182,-0.20533162272720873,0.4935885874508214,False,1.0,7723.494677404996,-0.23660813797063385,False,-0.10548458282539383,-1.1850847245630847,0.2359839500540648,0.029067995977075323,848,-0.0075601845860979455,0.100131626757533,0.05142384763974302,-0.028244603999672685,-0.05680783027350212,0.039083325844396936,-0.009959355877691197,-0.14191064988802,1.4879613676360486,1.2380360204971108,-0.6734446309610704,-1.3184636796717328,1.3884816337223773,-0.341931093722551,0.18748005931791112,0.14481742359128105,0.03708104423718228,close,-0.3778781090175922,17.520973318476628,1606,2.218627786155269,0.07783952976026709,False,1069,537,run+ledger,0.6549456867559094,this run,1.4877006853447827,-2.2397040471878533,False,False,False,False,False,False,0,6,False,True,underpowered,2000.0
us_etfs,4h,BETA,False,10,3.537759525439197,0.8974499089253191,-0.09748868052658133,0.11475877640513543,-0.21224745693171676,0.47368271361848197,0.47912772585669783,0.7270011103326175,1605,-1.3343141933035105,1.490534927053709,-2.8248491203572197,-6.555183934272657,6.762090887235672e-12,-0.04206907809346952,-0.6319116008633187,9.999434708875071,1769,2023-02-10,2026-08-25,0.0747691366252087,0.11109349480147013,-0.3231729393794408,-0.12952080687813716,0.17279207155734722,6956.683018341402,17574.676013236298,0.01223661085123284,-0.015482679973715644,0.4309336166126445,0.0,-3.706267262716833,-2.0392900452421716,-2.98836517330005,,,1,-2.988365,0.6730289362021157,-0.08861241325947866,14686.377227488441,False,-7729.694209147039,0.0,0.007780124642424905,-0.10800523049865718,0.8974499089253191,1.3218043166349214,-0.30166102617929536,-1.6234653428142167,SPY,0.21037381520456644,19649.4012312515,1.4288247116075652,0.1405684051184841,-0.18709518091808564,0.5319057049995434,0.10962990210400436,-0.10332827525529553,-0.2071185826305857,0.4814739329025267,False,1.0,6956.683018341402,-0.3231729393794408,False,-0.09512645295101135,-1.6641984038637898,0.09607278695261412,0.434496221976019,848,-0.2361647053122124,-0.1348207272442985,-0.0752219589219465,0.051244358282639624,-0.00854977784098297,-0.015000013867735591,0.008318287802745284,-10.535458076949851,-4.329862877328343,-2.6866019451139778,1.6850516503980792,-0.3644800730384191,-1.1166908812153045,0.48130687958482105,0.5274446424391366,-0.4695471499531177,0.5658544525495313,close,-0.5809977728241412,12.836667660054857,1606,2.218627786155269,0.0055453828130586635,False,1069,537,run+ledger,0.6549456867559094,this run,1.4877006853447827,-2.822014878648293,False,False,False,False,False,False,0,6,False,True,underpowered,2000.0
us_etfs,4h,DIV,False,10,3.537759525439197,0.9892594686263424,-0.0942185264070402,0.1451939528487194,-0.2394124792557596,0.436173560757951,0.4979817891673707,0.9013912573858638,10653,-1.0065041373795007,1.490534927053709,-2.49703906443321,-7.726608256224325,9.879653761757368e-10,-0.04039741748237072,-0.4988743210465614,9.999434708875071,1769,2023-02-10,2026-08-25,0.09393036573684858,0.11109349480147013,-0.31234086901702196,-0.12952080687813716,0.17279207155734722,7046.26938831919,17574.676013236298,0.005814051083687886,-0.006398224749194277,0.3231740217218428,0.0,-3.123139728181439,-1.8486780764535156,-2.00166131636834,,,1,-2.001661,0.8455073441042344,-0.11036348636145354,16154.737522546508,False,-9108.468134227318,0.0,0.03844830587440729,-0.09519116860817756,0.9892594686263424,1.3327991197068807,-0.301652891930404,-1.6344520116372847,SPY,0.21037381520456644,19649.4012312515,1.4288247116075652,0.1405684051184841,-0.18709518091808564,0.6682181935384083,0.13858031009377858,-0.12839690114543822,-0.23279883650081878,0.4452030546812193,False,1.0,7046.26938831919,-0.31234086901702196,False,-0.09503688100957532,-1.2856723221506714,0.19855744465923175,0.20450538874224355,848,-0.16742824960950692,-0.17374320716823083,-0.09505684442997367,0.05200444300267991,-0.0028478914121357387,-0.042614775224111764,0.017552471729578998,-1.9102335360205818,-2.8416938240238614,-3.299671284402259,1.5887932285529065,-0.05852109782650085,-1.1401570525553006,0.3600712885052972,0.6178679254438462,-0.4835483180811647,0.2897133129140943,close,0.3395635627421206,13.596107321044832,1606,2.218627786155269,0.0305743623243816,False,1069,537,run+ledger,0.6549456867559094,this run,1.4877006853447827,-2.4942048227242832,False,False,False,False,False,False,0,6,False,True,underpowered,2000.0
us_etfs,4h,VAR,False,10,3.537759525439197,0.986998304126625,-0.12457022143047758,0.12125230946379006,-0.24582253089426764,0.4166337104733389,0.4765160523186682,0.80253052281207,3364,-1.6468646911078741,1.490534927053709,-3.137399618161583,-6.0093061322776595,2.4147350785597155e-14,-0.17682534178413184,-1.7728584217338152,9.999434708875071,1769,2023-02-10,2026-08-25,0.0788786955334698,0.11109349480147013,-0.40656349727161833,-0.12952080687813716,0.17279207155734722,6245.8695358779405,17574.676013236298,0.011674324824331993,-0.013241719387057385,0.5220901630072954,0.0,-4.207543845652148,-2.1711813145596555,-2.353115841218454,,,1,-2.353116,0.7100208313225733,-0.09330990581282095,14991.272618775825,False,-8745.403082897885,0.0,0.01342353449934934,-0.12610309998363867,0.986998304126625,1.3325279631324578,-0.30639794833143685,-1.6389259114638945,SPY,0.21037381520456644,19649.4012312515,1.4288247116075652,0.1405684051184841,-0.18709518091808564,0.5611410008314707,0.11581097323463352,-0.10875231623300174,-0.2403811946651111,0.4238661260388785,False,1.0,6245.8695358779405,-0.40656349727161833,False,-0.18025749801119237,-1.994220896414151,0.046127919488291536,0.11825352180549897,848,-0.13917960189198553,-0.07482969663700374,0.06038467235285152,-0.05725905583184926,-0.060893097529860274,0.005785627466864066,-0.03921385294466245,-3.5834109047351492,-1.360632354319396,1.3731176398902563,-1.3177402715199142,-1.8091706751486138,0.27289546459513964,-1.3797780998736209,0.07625216981537974,-0.030373895786158244,0.11871780439719826,close,-1.3268691457686004,21.542313786229144,1606,2.218627786155269,0.0006616062895321018,False,1069,537,run+ledger,0.6549456867559094,this run,1.4877006853447827,-3.134565376452657,False,False,False,False,False,False,0,6,False,True,underpowered,2000.0
us_etfs,4h,SUB,False,10,3.537759525439197,0.9892594686263424,-0.09986289785135627,0.14629562550634034,-0.2461585233576966,0.4251848697127824,0.4974827521909379,0.8957503714213176,10726,-1.0645372020849313,1.490534927053709,-2.5550721291386402,-7.580539280154197,5.050649343196767e-10,-0.052969549038871716,-0.6649805958183733,9.999434708875071,1769,2023-02-10,2026-08-25,0.0946192607261571,0.11109349480147013,-0.3292726936848881,-0.12952080687813716,0.17279207155734722,6892.155020446018,17574.676013236298,0.005788572427646451,-0.006397518205448661,0.3370567758718437,0.0,-3.199288800252866,-1.8771048989873356,-2.299382165534297,,,1,-2.299382,0.85170838216267,-0.11113833103664172,16209.784287718783,False,-9317.629267272765,0.0,0.03869467651613879,-0.10089050177910908,0.9892594686263424,1.3327991197068807,-0.30328326571447933,-1.63608238542136,SPY,0.21037381520456644,19649.4012312515,1.4288247116075652,0.1405684051184841,-0.18709518091808564,0.6731189746828472,0.13962727447925816,-0.12928772357101026,-0.23949017233061443,0.4340520167628281,False,1.0,6892.155020446018,-0.3292726936848881,False,-0.10735743926225931,-1.4576879358531813,0.14492657876528936,0.21191537173668507,848,-0.16982696934756614,-0.18022897408882133,-0.08541069798107752,0.05670996254832894,-0.0023464579218232355,-0.046900350411577835,0.0074403886291380715,-1.9200087022722534,-2.833280715073885,-3.0110830484220346,1.7424357618998687,-0.04822621344413359,-1.2719820614630657,0.15300182745348742,0.5060629041745337,-0.4813219446857845,0.29491303649329537,close,0.30755838358719595,13.353891210678873,1606,2.218627786155269,0.023829269573632184,False,1069,537,run+ledger,0.6549456867559094,this run,1.4877006853447827,-2.552237887429714,False,False,False,False,False,False,0,6,False,True,underpowered,2000.0
us_etfs,4h,lorentzian_knn,False,10,3.537759525439197,0.9322215941209723,-0.11184775859352458,0.13879584511672638,-0.25064360371025096,0.4150199154219219,0.26153846153846155,0.3695697733878905,130,-1.2740101915985627,1.490534927053709,-2.7645451186522716,-5.001740293986146,9.4780072679157e-11,0.008176465884812282,0.12252218533668889,9.999434708875071,1769,2023-02-10,2026-08-25,0.08992315804897101,0.11109349480147013,-0.3576887444458563,-0.12952080687813716,0.17279207155734722,6572.958130178454,17574.676013236298,0.06364978300049474,-0.06099695673888825,0.5527166458394949,0.0,-4.020470047459403,-1.8409689005103296,-1.125688001499255,,,1,-1.125688,0.8094367560375014,-0.10584649111682742,15837.693291166963,False,-9264.73516098851,0.0,0.0025241823211564042,-0.11947411910231431,0.9322215941209723,1.325964824281453,-0.31269577343509364,-1.6386605977165467,SPY,0.21037381520456644,19649.4012312515,1.4288247116075652,0.1405684051184841,-0.18709518091808564,0.6397110216422776,0.13249860011921388,-0.12320077517860761,-0.24434635871273847,0.4232418172431785,False,1.0,6572.958130178454,-0.3576887444458563,False,-0.04938759507007694,-0.6742933704872767,0.5001248180070861,0.534713024786837,848,-0.38869416562686476,-3.2060177821979785e-05,-0.056437753755502584,0.0323072052975758,-0.04692765816263114,0.005132884565246493,-0.047797065807026196,-8.952989379649358,-0.0007506012098611857,-1.630619329942763,1.1591198492444499,-1.2991385724616842,0.2858464775737222,-2.4901089379419554,0.9024854769973532,-0.5094304200625889,0.6365445826873127,close,0.7040812110769284,29.31243117875321,1606,2.218627786155269,0.010078063404487747,False,1069,537,run+ledger,0.6549456867559094,this run,1.4877006853447827,-2.7617108769433454,False,False,False,False,False,False,0,6,False,True,underpowered,2000.0
us_etfs,4h,TRANGE,False,10,3.537759525439197,0.9886941775014131,-0.11794766207128293,0.14991686384727676,-0.2678645259185597,0.3913351424181342,0.49106140426634426,0.8856602878663874,11579,-1.2468668207989346,1.490534927053709,-2.7374017478526436,-6.957481365997933,5.2063353628284403e-11,-0.04444883586604823,-0.6194592873434206,9.999434708875071,1769,2023-02-10,2026-08-25,0.09688143599892528,0.11109349480147013,-0.3754465852916916,-0.12952080687813716,0.17279207155734722,6414.637764272816,17574.676013236298,0.0058441861690571245,-0.006366889089976693,0.3934472266401837,0.0,-3.549835620066229,-1.9977308548710444,-2.6360405640828284,,,1,-2.636041,0.8720711880750305,-0.1136792625828621,16391.673195091935,False,-9977.03543081912,0.0,0.04165819096555242,-0.11921263172950813,0.9886941775014131,1.3327313288540517,-0.31415297592771324,-1.646884304781765,SPY,0.21037381520456644,19649.4012312515,1.4288247116075652,0.1405684051184841,-0.18709518091808564,0.6892120310909455,0.14306821201915798,-0.13220790728983467,-0.2610158740904409,0.39969327747599304,False,1.0,6414.637764272816,-0.3754465852916916,False,-0.11480219158031402,-1.5922998441798093,0.11131734795124837,0.2859474566454637,848,-0.24086996185953294,-0.16094734654318377,-0.10598045622225855,0.057447521556172804,-0.021406751962397053,-0.05593093784689103,0.020254315805529936,-2.8229580156802285,-3.30903324186506,-3.499700528733965,1.7838283934154273,-0.43387347331810716,-1.5663665405379292,0.3735314348723742,0.5356138344661621,-0.6226131193630988,0.4178997878686418,close,0.15541296743260524,12.068489064410912,1606,2.218627786155269,0.010047357624643594,False,1069,537,run+ledger,0.6549456867559094,this run,1.4877006853447827,-2.7345675061437174,False,False,False,False,False,False,0,6,False,True,underpowered,2000.0
