class,tf,rule,pit,n_names,years,exposure,cagr,cashmatch_bench_cagr,cashmatch_excess_cagr,cashmatch_ratio,win_rate,profit_factor,n_trades,sharpe,bench_sharpe,dsharpe,boot_t,dsr,alpha_vs_bh_ann,alpha_vs_bh_t,avg_breadth,bars,start,end,vol,bench_vol,dd,bench_dd,bench_cagr,wealth,bench_wealth,avg_win,avg_loss,boot_se,boot_p_gt0,boot_ci_lo,boot_ci_hi,fold_dsharpe,fold_sd,fold_t,n_folds_scored,fold_edges,cash_w,cashmatch_bench_dd,cashmatch_bench_wealth,cashmatch_beats,edge_wealth,edge_headroom,cost_drag_ann,roe_ann,const_weight,const_mar,mar,vs_constant,index_symbol,index_cagr,index_wealth,index_sharpe,index_vol,index_dd,idx_cash_w,idx_cashmatch_bench_cagr,idx_cashmatch_bench_dd,idx_cashmatch_excess_cagr,idx_cashmatch_ratio,idx_cashmatch_beats,volmatch_k,volmatch_wealth,volmatch_dd,volmatch_beats,alpha_ann,alpha_t,alpha_p,r2,factor_n,beta_Mkt-RF,beta_SMB,beta_HML,beta_RMW,beta_CMA,beta_Mom,beta_ST_Rev,t_Mkt-RF,t_SMB,t_HML,t_RMW,t_CMA,t_Mom,t_ST_Rev,alpha_vs_bh_p,beta_BH,r2_vs_bh,fill,skew,kurtosis,n_trials,sr_star_ann,psr,dsr_pass,n_trials_ledger,n_trials_measured,n_trials_source,trial_dispersion,dispersion_source,rand_sharpe,vs_random,edge_gate_dsharpe,edge_gate_t,edge_gate_vs_random,edge_gate_vs_constant,edge_gate_wealth,edge_gate_headroom,edge_passed,edge_n,edge_powered,edge_rankable,edge_verdict,boot_draws
cme_futures,1h,MININDEX~MAMA|vote,False,16,7.651388971072362,0.5582319395753348,0.13586806767167436,0.11681351287528163,0.01905455479639273,1.1381945930377317,0.369806663924311,1.1364411449340763,19448,1.2635606967186996,1.1028159427621445,0.1607447539565552,0.48598360222956183,0.34197911004838333,-0.07775030611257838,-0.5555196712763195,14.219809169599964,45171,2019-01-03,2026-08-21,0.10519891015686035,0.17172962572574335,-0.13833103260969448,-0.374145512834133,0.19080886039322742,26505.45179479758,38044.95560808754,0.015426772689431092,-0.007965793755074365,0.33076168253229443,0.656,-0.5168914761389765,0.7486985124395555,-0.3614077065327318,0.814613983174471,-0.992043122375915,5,1.086102;-0.565585;-0.806062;-0.741391;-0.780103,0.612584518904535,-0.24747382639927207,23287.276144984207,True,3218.1756498133705,1.0,0.026428726457712357,0.2563560291399083,0.5582319395753348,0.46677702247904074,0.9821951380572033,0.5154181155781625,ES.v.0,0.13954477253900444,27169.018928732497,0.7770023302590264,0.1917795838294669,-0.35590921649847973,0.5485407156290667,0.07918627834593184,-0.20957382160467453,0.056681789325742526,1.479454689277048,True,1.0,26505.45179479758,-0.13833103260969448,False,0.27399337802956003,1.1293169097521025,0.2587641700663219,0.0026654118727224008,1881,0.0016760797850709681,0.001764946499439707,0.0007901621965276215,0.006036208645780007,0.002935827048522172,0.0034925996278441485,0.00611420010525967,0.5446844783991616,0.307231567169552,0.19884632315154657,0.701254925295209,0.32343922546064086,1.1264446776108243,1.2203213161511324,0.5785392588696276,0.5647685555910642,0.617586985213997,open,1.3659420667181663,78.94393192862663,175,1.4094540293974152,0.9997887010086062,False,0,175,run+ledger,0.5178804550613076,this run,0.8464939284861542,0.4170667682325454,False,False,True,True,True,False,3,6,False,True,underpowered,2000.0
cme_futures,1h,MAXINDEX~MAMA|and,False,16,7.651388971072362,0.48290753587791513,0.13074115032805134,0.11231911598667721,0.018422034341374127,1.1339227063401878,0.353276740237691,1.163572653986704,14725,1.2651204367539752,1.1028159427621445,0.16230449399183078,0.4960071184533672,0.3436086220741033,-0.007851648607689166,-0.061832007018603745,14.219809169599964,45171,2019-01-03,2026-08-21,0.101164810549911,0.17172962572574335,-0.15220832173885013,-0.374145512834133,0.19080886039322742,25603.691189722555,38044.95560808754,0.017387796069387798,-0.008162958630154475,0.3272221062026755,0.661,-0.5305012779028511,0.7511762778265761,-0.35632751771913657,0.8383557017048384,-0.9503991566508979,5,0.853394;-0.090201;-1.434566;-0.421967;-0.688299,0.5890935249080075,-0.2391022870480639,22579.749965815747,True,3023.9412239068074,1.0,0.02007415033432396,0.28974533296433513,0.48290753587791513,0.45954317903743674,0.858961907170681,0.39941872813324425,ES.v.0,0.13954477253900444,27169.018928732497,0.7770023302590264,0.1917795838294669,-0.35590921649847973,0.5275056318813799,0.0762566380850489,-0.20219420882298644,0.054484512243002436,1.4591570931058089,True,1.0,25603.691189722555,-0.15220832173885013,False,0.34340281596959815,1.4572435662816414,0.14504915853916822,0.0022955261811757888,1881,-0.0005822823058296526,0.002752819503814409,0.0020257404813927094,0.00583819646780165,0.0001618234673378743,0.0035316426188044293,0.005735077898164791,-0.20524690187592773,0.48181912146964573,0.5182607522356489,0.6887121584773482,0.018583202223974762,1.1740043628630377,1.134224629340967,0.9506966143296822,0.5639830522843547,0.6287272753971477,open,1.389137219770508,90.66511643110951,175,1.4094540293974152,0.9997915845408194,False,0,175,run+ledger,0.5178804550613076,this run,0.8289538628183664,0.43616657393560887,False,False,True,True,True,False,3,6,False,True,underpowered,2000.0
cme_futures,1h,supertrend_lf,False,16,7.651388971072362,0.52249965796406,0.1326820683708403,0.11623666196464466,0.01644540640619563,1.118406426835706,0.391348890153671,1.181084804413128,8785,1.2424582264786124,1.1028159427621445,0.13964228371646792,0.6674091214064665,0.3205844429776358,-0.16951303750859334,-1.2810965445807028,14.219809169599964,45171,2019-01-03,2026-08-21,0.1046811354550637,0.17172962572574335,-0.15663278919615042,-0.374145512834133,0.19080886039322742,25941.886042238315,38044.95560808754,0.024141105890869076,-0.013142311820783452,0.20923040941093576,0.721,-0.3014733777354262,0.5131511419104147,-0.003248867784281928,0.6341583015937639,-0.011455640014970915,5,0.291911;0.824260;-0.543651;0.138738;-0.727502,0.6095694613708772,-0.24640397480920306,23195.401438844896,True,2746.4846033934177,2.0,0.011765049962406633,0.2692760834829768,0.52249965796406,0.46333992588220263,0.8470899934284081,0.38375006754620544,ES.v.0,0.13954477253900444,27169.018928732497,0.7770023302590264,0.1917795838294669,-0.35590921649847973,0.5458408729687705,0.0788107964105349,-0.20862951408305552,0.05387127196030539,1.451858741929343,True,1.0,25941.886042238315,-0.15663278919615042,False,0.19709154589084257,0.8305544897397253,0.4062253534226268,0.003788173038621223,1881,0.002236146914046188,0.0005090936796860622,-0.0004659853672859156,0.009733737836563946,0.012418161171646454,0.00042453676755843997,0.004687698847558281,0.6450008844039722,0.08685501334586596,-0.10837134637163821,0.9791022166864138,1.370904216636754,0.14517423690594253,0.9112110701852373,0.200159757410173,0.5886295913017627,0.6719502151997175,open,1.3864513116106463,73.34942484442965,175,1.4094540293974152,0.9997373878755809,False,0,175,run+ledger,0.5178804550613076,this run,0.8489567126525379,0.39350151382607446,False,False,True,True,True,False,3,6,False,True,underpowered,2000.0
cme_futures,1h,MAXINDEX~MAMA|vote,False,16,7.651388971072362,0.6260835495668132,0.13207765751064726,0.12144263130231292,0.010635026208334342,1.0748905624111131,0.3700712997165192,1.116787179613023,23282,1.1890703100348816,1.1028159427621445,0.08625436727273716,0.24775705160351355,0.26994911666477667,-0.02679046739688142,-0.14801059319242127,14.219809169599964,45171,2019-01-03,2026-08-21,0.10935403275022086,0.17172962572574335,-0.17199126199590542,-0.374145512834133,0.19080886039322742,25836.156721273466,38044.95560808754,0.015117031170742801,-0.007952251348972204,0.34814091754195686,0.563,-0.6354141646450918,0.7238098747997251,-0.42681783105683246,0.8707917970458905,-1.0960067463770584,5,0.971827;-0.627988;-0.829395;-1.352678;-0.295856,0.6367802427104924,-0.256010239362936,24036.08109026444,True,1800.075631009026,1.0,0.031820608800389096,0.21913770459053827,0.6260835495668132,0.47333014507395926,0.7679323703886284,0.2946022253146691,ES.v.0,0.13954477253900444,27169.018928732497,0.7770023302590264,0.1917795838294669,-0.35590921649847973,0.5702068518798122,0.08219374229409016,-0.2171213936828701,0.049883915216557106,1.4117144868278453,True,1.0,25836.156721273466,-0.17199126199590542,False,0.2744648137993942,1.102860072489685,0.27008793573430445,0.0025536544861887167,1881,0.0007025215745104325,0.001468999849438188,0.0007034108635410141,0.009642319183737917,-0.0015227136766088095,0.003965662725108987,0.0058672843588195795,0.2148308284391409,0.2464682422503446,0.1625239792893381,1.0427949786742683,-0.16385855568803626,1.2349675493817562,1.1374768062846152,0.882334408166938,0.4837030988640231,0.4225158477754659,open,0.9797570845606711,71.25508815256366,175,1.4094540293974152,0.9995288907749953,False,0,175,run+ledger,0.5178804550613076,this run,0.8418173765500494,0.3472529334848322,False,False,True,True,True,False,3,6,False,True,underpowered,2000.0
cme_futures,1h,renko_delta,False,16,7.651388971072362,0.5477837017461445,0.12844674092142383,0.1201521787550417,0.008294562166382136,1.0580723026948589,0.3851063829787234,1.468966268097859,940,1.1709547252413146,1.1028159427621445,0.06813878247917016,0.35062852630050806,0.25382434248763097,-0.003737036682244376,-0.03304225777162824,14.219809169599964,45171,2019-01-03,2026-08-21,0.1081956970127869,0.17172962572574335,-0.15432017635527473,-0.374145512834133,0.19080886039322742,25208.85115957249,38044.95560808754,0.10510335464229706,-0.04481108781490821,0.19433325405124466,0.574,-0.33468439098961,0.42227056991455875,-0.1830286541816494,0.6617492662079849,-0.618458581640254,5,0.210866;-0.427262;0.750465;-0.526085;-0.923128,0.6300351296728395,-0.2536392758059922,23825.26325976662,True,1383.5878998058693,5.0,0.0012836334384382603,0.24682696126569703,0.5477837017461445,0.46577098985587506,0.8323392569596002,0.36656826710372514,ES.v.0,0.13954477253900444,27169.018928732497,0.7770023302590264,0.1917795838294669,-0.35590921649847973,0.5641669193994917,0.08135637706220655,-0.21502277570528094,0.04709036385921728,1.3856201884813388,True,1.0,25208.85115957249,-0.15432017635527473,False,0.4081415750502473,1.64671817250827,0.09961598718896925,0.005597022199727575,1881,0.002753483037102403,1.917424735765373e-05,0.0006031965617218325,0.008195762658677727,0.01673290215435189,-0.0003588016080962817,0.006954251889178589,0.7973922280997884,0.003301528370358302,0.12768363669658778,0.7408435475061176,1.8729145277453767,-0.10719958200731641,1.3303013228469924,0.9736408891963089,0.6613227162680559,0.7608904451877914,open,0.7930692709881518,64.18075405483533,175,1.4094540293974152,0.9994283851228319,False,0,175,run+ledger,0.5178804550613076,this run,0.8472140547566307,0.3237406704846839,False,False,True,True,True,True,4,6,False,True,underpowered,2000.0
cme_futures,1h,range_filter@allow_short=0,False,16,7.651388971072362,0.5111226347661229,0.12303188872185622,0.11511405235602745,0.007917836365828768,1.0556286900792304,0.39203300244940054,1.180873686473012,7757,1.1710073033801887,1.1028159427621445,0.0681913606180442,0.28922846920190587,0.2535296133267658,-0.17991455241273374,-1.3030073607569772,14.219809169599964,45171,2019-01-03,2026-08-21,0.10367349741718584,0.17172962572574335,-0.16830502502208855,-0.374145512834133,0.19080886039322742,24297.940754211526,38044.95560808754,0.026095044649084697,-0.014249421157478454,0.2357698770325437,0.5945,-0.433248128659777,0.49664292036414365,-0.15729876332253814,0.9283000088943153,-0.3788976884582683,5,-0.014548;1.122393;-1.062868;0.230539;-1.062010,0.6037018771749675,-0.24431804044745153,23017.50699139092,True,1280.4337628206054,1.0,0.010421577312271434,0.2548476260893673,0.5111226347661229,0.4622476432354769,0.7310054391169211,0.26875779588144416,ES.v.0,0.13954477253900444,27169.018928732497,0.7770023302590264,0.1917795838294669,-0.35590921649847973,0.5405867264232557,0.0780796197621938,-0.20678938844970207,0.04495226895966242,1.366926683463521,True,1.0,24297.940754211526,-0.16830502502208855,False,0.19037591600254322,0.7830895872922145,0.4335745053966866,0.005068744394580937,1881,0.00046363061203382296,0.0014295070473726466,0.0004083009483301144,0.009878000483710639,0.010400780961466896,0.0008036406703743593,0.007892781082506956,0.12647533498527547,0.2230984188362404,0.09114271377735693,1.0056398616859523,1.1334620143751633,0.25564847895122683,1.37203391375347,0.19257224860331412,0.5945477415069279,0.6858280897345401,open,1.0349663408256828,72.81931748353915,175,1.4094540293974152,0.9994391187777646,False,0,175,run+ledger,0.5178804550613076,this run,0.8497408538080699,0.3212664495721188,False,False,True,True,True,False,3,6,False,True,underpowered,2000.0
cme_futures,1h,MININDEX~MAMA|and,False,16,7.651388971072362,0.41328075220035776,0.10657983794960235,0.10128205449221284,0.0052977834573895155,1.0374016949416192,0.41005665722379603,1.1280746192854434,18356,1.155328279599569,1.1028159427621445,0.05251233683742451,0.15721598414794713,0.23851239262047502,-0.08805847490734132,-0.7132261248129356,14.219809169599964,45171,2019-01-03,2026-08-21,0.09125768394344873,0.17172962572574335,-0.11885558467643942,-0.374145512834133,0.19080886039322742,21703.46880756369,38044.95560808754,0.012443398751409198,-0.007667163995942062,0.33401398160640017,0.5455,-0.6112722934123781,0.6703815765698914,-0.43711793558344336,0.7462159857910199,-1.3098425077463896,5,0.376697;0.007115;-0.147067;-1.004671;-1.417664,0.5314032657893846,-0.21818838489550052,20920.98838221493,True,782.4804253487594,1.0,0.025187321574436258,0.2776839072145625,0.41328075220035776,0.4528968711460103,0.896717123051009,0.44382025190499874,ES.v.0,0.13954477253900444,27169.018928732497,0.7770023302590264,0.1917795838294669,-0.35590921649847973,0.47584670965078507,0.0690218058423715,-0.1838531675048375,0.037558032107230854,1.302391866417986,True,1.0,21703.46880756369,-0.11885558467643942,False,0.23468401030630068,1.0428492431927276,0.297018120458046,0.0024492599245818925,1881,0.0016203236775908549,0.0006982338025776427,0.0015962124912435628,0.005802208081704365,0.0005170169841664817,0.004740198354329429,0.004606026131035667,0.6092437049146628,0.1351437278871283,0.4877082062398318,0.7451702804101674,0.064830894511352,1.6450707447990742,1.055860423141593,0.47570584275928307,0.5182034970905758,0.5759352413390233,open,1.9639108371280312,119.59817840981381,175,1.4094540293974152,0.9993871805456187,False,0,175,run+ledger,0.5178804550613076,this run,0.7602867111466008,0.3950415684529681,False,False,True,True,True,False,3,6,False,True,underpowered,2000.0
cme_futures,1h,volmanaged,False,16,7.651388971072362,0.8582908546483408,0.14178761307341414,0.13987914252872047,0.0019084705446936745,1.0128820812223551,0.49147343092578405,1.0316006357074663,371955,1.1160959120541731,1.1028159427621445,0.013279969292028682,0.21093575908050502,0.20889508535868762,-0.04778840907917743,-0.6751015212617072,14.219809169599964,45171,2019-01-03,2026-08-21,0.1259066105922403,0.17172962572574335,-0.24865628351641067,-0.374145512834133,0.19080886039322742,27580.855765355867,38044.95560808754,0.002309868631577698,-0.0021640240166575222,0.06295741106163177,0.5295,-0.11519224748740027,0.13817938083590117,0.09988842746846867,0.1690497005496595,1.3212523492133632,5,0.029957;0.066343;0.041253;-0.033202;0.395091,0.7331676759915403,-0.2891623984537429,27230.07571826233,True,350.7800470935374,5.0,0.0003715999932744548,0.16705956392439902,0.8582908546483408,0.4959959991926699,0.5702152829934681,0.07421928380079823,ES.v.0,0.13954477253900444,27169.018928732497,0.7770023302590264,0.1917795838294669,-0.35590921649847973,0.6565172792542829,0.094070448049284,-0.2466535270304755,0.04771716502413015,1.386299463919028,True,1.0,27580.855765355867,-0.24865628351641067,False,0.3544192866804481,1.6106360314691188,0.1072590756419316,0.005160530779077965,1881,0.003850448977326025,0.00030850713794872316,0.005785105239600524,0.002705619569611656,0.008799497631918863,0.002601470189373078,0.004875499108823624,1.1174077218872218,0.04547980388589903,1.2330369748121635,0.37191213943939777,0.965763237350906,0.7376310648357354,1.1582030960038,0.4996112672068129,0.6457948489843578,0.9048565171906453,open,-0.13535165585998013,19.551626308242298,175,1.4094540293974152,0.99897426973298,False,0,175,run+ledger,0.5178804550613076,this run,0.9285541846075684,0.1875417274466047,False,False,True,True,True,True,4,6,False,True,underpowered,2000.0
cme_futures,1h,ssl_hybrid@allow_short=0,False,16,7.651388971072362,0.5233736277976498,0.121368570625219,0.12055160821185273,0.0008169624133662623,1.0055919552009005,0.375886524822695,3.213962770581152,141,1.1095276891328567,1.1028159427621445,0.006711746370712257,0.041150992201412745,0.2038773690600335,0.059325647064675725,0.4542353105881475,14.219809169599964,45171,2019-01-03,2026-08-21,0.10855423095880283,0.17172962572574335,-0.1408168325549075,-0.374145512834133,0.19080886039322742,24023.938280960483,38044.95560808754,0.35759151704625636,-0.06700999158807858,0.16310047490135215,0.4165,-0.34594635298789717,0.2829143496451978,-0.12067631952933203,0.26735724436500924,-1.0092879823883598,5,-0.037945;0.023209;0.056075;-0.052380;-0.592340,0.6321229112335384,-0.25437387016982715,23890.344544533375,True,133.59373642710892,5.0,0.0001807121385233363,0.24466729855516767,0.5233736277976498,0.4634238755961183,0.8618896507127071,0.39846577511658876,ES.v.0,0.13954477253900444,27169.018928732497,0.7770023302590264,0.1917795838294669,-0.35590921649847973,0.5660364299013746,0.0816156483307966,-0.21567279964984032,0.0397529222944224,1.3180707399584812,True,1.0,24023.938280960483,-0.1408168325549075,False,0.3640743388427416,1.6514818718645607,0.09864021938463607,0.0052931130214664,1881,-0.0027359123581894864,0.0021426275750060213,0.009009608294151792,-0.004745808449206267,0.002631219338731207,0.0035030883282393256,-0.0035753833694111225,-0.8626578574521867,0.3745843268774652,2.0847970398909683,-0.5902015835566203,0.28510878552961477,1.0444818814245413,-1.1053112919575707,0.6496594707082983,0.4893122072497957,0.5500921113123168,open,-0.17633494098777264,34.275058340106916,175,1.4094540293974152,0.9989025113042614,False,0,175,run+ledger,0.5178804550613076,this run,0.8488964758310699,0.26063121330178685,False,False,True,True,True,True,4,6,False,True,underpowered,2000.0
cme_futures,1h,ALWAYS_FLAT,False,16,7.651388971072362,0.0,0.0,0.0,0.0,1.0,,,0,,1.1028159427621445,,,,0.0,,14.219809169599964,45171,2019-01-03,2026-08-21,0.0,0.17172962572574335,0.0,-0.374145512834133,0.19080886039322742,10000.0,38044.95560808754,,,,,,,,,,0,,0.0,0.0,10000.0,False,0.0,0.0,0.0,,,,,,ES.v.0,0.13954477253900444,27169.018928732497,0.7770023302590264,0.1917795838294669,-0.35590921649847973,0.0,0.0,0.0,0.0,1.0,False,,,,,0.0,,,,1881,0.0,0.0,0.0,0.0,0.0,0.0,0.0,,,,,,,,,0.0,,open,,,175,1.4094540293974152,,False,0,175,run+ledger,0.5178804550613076,this run,,,False,False,False,False,True,False,1,6,False,False,unrankable,0.0
cme_futures,1h,CDL3STARSINSOUTH,False,16,7.651388971072362,0.0,0.0,0.0,0.0,1.0,,,0,,1.1028159427621445,,,,0.0,,14.219809169599964,45171,2019-01-03,2026-08-21,0.0,0.17172962572574335,0.0,-0.374145512834133,0.19080886039322742,10000.0,38044.95560808754,,,,,,,,,,0,,0.0,0.0,10000.0,False,0.0,0.0,0.0,,,,,,ES.v.0,0.13954477253900444,27169.018928732497,0.7770023302590264,0.1917795838294669,-0.35590921649847973,0.0,0.0,0.0,0.0,1.0,False,,,,,0.0,,,,1881,0.0,0.0,0.0,0.0,0.0,0.0,0.0,,,,,,,,,0.0,,open,,,175,1.4094540293974152,,False,0,175,run+ledger,0.5178804550613076,this run,,,False,False,False,False,True,False,1,6,False,False,unrankable,0.0
cme_futures,1h,CDLABANDONEDBABY,False,16,7.651388971072362,0.0,0.0,0.0,0.0,1.0,,,0,,1.1028159427621445,,,,0.0,,14.219809169599964,45171,2019-01-03,2026-08-21,0.0,0.17172962572574335,0.0,-0.374145512834133,0.19080886039322742,10000.0,38044.95560808754,,,,,,,,,,0,,0.0,0.0,10000.0,False,0.0,0.0,0.0,,,,,,ES.v.0,0.13954477253900444,27169.018928732497,0.7770023302590264,0.1917795838294669,-0.35590921649847973,0.0,0.0,0.0,0.0,1.0,False,,,,,0.0,,,,1881,0.0,0.0,0.0,0.0,0.0,0.0,0.0,,,,,,,,,0.0,,open,,,175,1.4094540293974152,,False,0,175,run+ledger,0.5178804550613076,this run,,,False,False,False,False,True,False,1,6,False,False,unrankable,0.0
cme_futures,1h,connors_rsi,False,16,7.651388971072362,0.0,0.0,0.0,0.0,1.0,,,0,,1.1028159427621445,,,,0.0,,14.219809169599964,45171,2019-01-03,2026-08-21,0.0,0.17172962572574335,0.0,-0.374145512834133,0.19080886039322742,10000.0,38044.95560808754,,,,,,,,,,0,,0.0,0.0,10000.0,False,0.0,0.0,0.0,,,,,,ES.v.0,0.13954477253900444,27169.018928732497,0.7770023302590264,0.1917795838294669,-0.35590921649847973,0.0,0.0,0.0,0.0,1.0,False,,,,,0.0,,,,1881,0.0,0.0,0.0,0.0,0.0,0.0,0.0,,,,,,,,,0.0,,open,,,175,1.4094540293974152,,False,0,175,run+ledger,0.5178804550613076,this run,,,False,False,False,False,True,False,1,6,False,False,unrankable,0.0
cme_futures,1h,supertrend_adx,False,16,7.651388971072362,0.0,0.0,0.0,0.0,1.0,,,0,,1.1028159427621445,,,,0.0,,14.219809169599964,45171,2019-01-03,2026-08-21,0.0,0.17172962572574335,0.0,-0.374145512834133,0.19080886039322742,10000.0,38044.95560808754,,,,,,,,,,0,,0.0,0.0,10000.0,False,0.0,0.0,0.0,,,,,,ES.v.0,0.13954477253900444,27169.018928732497,0.7770023302590264,0.1917795838294669,-0.35590921649847973,0.0,0.0,0.0,0.0,1.0,False,,,,,0.0,,,,1881,0.0,0.0,0.0,0.0,0.0,0.0,0.0,,,,,,,,,0.0,,open,,,175,1.4094540293974152,,False,0,175,run+ledger,0.5178804550613076,this run,,,False,False,False,False,True,False,1,6,False,False,unrankable,0.0
cme_futures,1h,BUYHOLD,False,16,7.651388971072362,0.9999690989056401,0.19072430345084523,0.1908080917163102,-8.378826546495688e-05,0.9994617549080451,0.875,19.76719744786236,16,1.1024061868379111,1.1028159427621445,-0.00040975592423331264,,0.19843065388651154,9.78030195963851e-17,0.16174677782480232,14.219809169599964,45171,2019-01-03,2026-08-21,0.17172893234452807,0.17172962572574335,-0.3741455128341338,-0.374145512834133,0.19080886039322742,38024.290293650534,38044.95560808754,1.704046599644783,-0.6034404335250578,,,,,,,,5,0.000000;0.000000;0.000000;0.000000;0.000000,0.9999959623669338,-0.37414429908366065,38044.76770314131,False,-20.47740949077781,0.0,1.041477570951824e-05,0.19073072661220736,0.9999690989056401,0.5099826358780483,0.5097596975201387,-0.0002229383579095412,ES.v.0,0.13954477253900444,27169.018928732497,0.7770023302590264,0.1917795838294669,-0.35590921649847973,0.8954494994484494,0.12602343082364387,-0.32402774679280866,0.06470087262720137,1.5333867202358056,True,1.0,38024.290293650534,-0.3741455128341338,False,0.6228103187756582,1.9376067640652266,0.05267121661258356,0.008418219431590379,1881,0.005780562467990829,0.0025480681465469123,0.011628286058451967,0.009798574043017138,0.003288842356450102,0.008018231334157022,0.01191272897110035,1.004446345072802,0.226286293375305,1.71937641138391,0.7799700816657613,0.2458891205353841,1.5381632472474351,1.4815362172944617,0.8715052661445148,1.0000000000000009,1.0,open,-0.21537618973251557,36.478262423610516,175,1.4094540293974152,0.9988244724273871,False,0,175,run+ledger,0.5178804550613076,this run,0.9696917327253886,0.13271445411252258,False,False,True,False,False,False,1,6,False,True,underpowered,
cme_futures,1h,ALWAYS_LONG,False,16,7.651388971072362,0.9999690989056401,0.19072430345084523,0.1908080917163102,-8.378826546495688e-05,0.9994617549080451,0.875,19.76719744786236,16,1.1024061868379111,1.1028159427621445,-0.00040975592423331264,-1.0115642273702525,0.19843065388651154,9.78030195963851e-17,0.16174677782480232,14.219809169599964,45171,2019-01-03,2026-08-21,0.17172893234452807,0.17172962572574335,-0.3741455128341338,-0.374145512834133,0.19080886039322742,38024.290293650534,38044.95560808754,1.704046599644783,-0.6034404335250578,0.00040507158433088187,0.0015,-0.0013791344443435827,0.0,0.0,0.0,,5,0.000000;0.000000;0.000000;0.000000;0.000000,0.9999959623669338,-0.37414429908366065,38044.76770314131,False,-20.47740949077781,0.0,1.041477570951824e-05,0.19073072661220736,0.9999690989056401,0.5099826358780483,0.5097596975201387,-0.0002229383579095412,ES.v.0,0.13954477253900444,27169.018928732497,0.7770023302590264,0.1917795838294669,-0.35590921649847973,0.8954494994484494,0.12602343082364387,-0.32402774679280866,0.06470087262720137,1.5333867202358056,True,1.0,38024.290293650534,-0.3741455128341338,False,0.6228103187756582,1.9376067640652266,0.05267121661258356,0.008418219431590379,1881,0.005780562467990829,0.0025480681465469123,0.011628286058451967,0.009798574043017138,0.003288842356450102,0.008018231334157022,0.01191272897110035,1.004446345072802,0.226286293375305,1.71937641138391,0.7799700816657613,0.2458891205353841,1.5381632472474351,1.4815362172944617,0.8715052661445148,1.0000000000000009,1.0,open,-0.21537618973251557,36.478262423610516,175,1.4094540293974152,0.9988244724273871,False,0,175,run+ledger,0.5178804550613076,this run,0.9696917327253886,0.13271445411252258,False,False,True,False,False,False,1,6,False,True,underpowered,2000.0
cme_futures,1h,CDLMATHOLD,False,16,7.651388971072362,8.855238980761994e-06,-2.9207148322552e-05,0.00015298469462954323,-0.00018219184295209523,0.9986070366825386,0.0,0.0,1,-0.2104812238737526,1.1028159427621445,-1.313297166635897,-3.5163053698534084,5.077095552308286e-06,0.0,,14.219809169599964,45171,2019-01-03,2026-08-21,0.00013871999045481814,0.17172962572574335,-0.0004819913855711455,-0.374145512834133,0.19080886039322742,9997.765464533111,38044.95560808754,,-0.003287220371251842,0.37348780282147315,0.0,-2.001346781198199,-0.555028072555628,-0.17218284321835475,,,1,-0.172183,0.0008077813590321192,-0.0003691600387381033,10011.711411274026,False,-13.945946740914206,0.0,1.3069522459003268e-06,-0.9630554969518053,8.855238980761994e-06,0.4143399939682344,-0.06059682640996249,-0.4749368203781969,ES.v.0,0.13954477253900444,27169.018928732497,0.7770023302590264,0.1917795838294669,-0.35590921649847973,0.0007233303341515743,0.00010778194151006559,-0.0003002932379062573,-0.0001369890898326176,0.9989524334463349,False,1.0,9997.765464533111,-0.0004819913855711455,False,0.0,,,,1881,0.0,0.0,0.0,0.0,0.0,0.0,0.0,,,,,,,,,0.0,,open,-1.3350159991014896,18258.601971618617,175,1.4094540293974152,0.2831525642854233,False,0,175,run+ledger,0.5178804550613076,this run,0.6024746685830206,-0.8129558924567731,False,False,False,False,False,False,0,6,False,False,unrankable,1287.0
cme_futures,1h,CDLKICKING,False,16,7.651388971072362,3.5420955923047976e-05,0.0002290525928092535,0.00045528622851875866,-0.00022623363570950517,0.9982710868359105,1.0,,3,0.5549873029731212,1.1028159427621445,-0.5478286397890233,-1.0501153570747337,0.0005142019705088319,0.0,,14.219809169599964,45171,2019-01-03,2026-08-21,0.0004128230529648226,0.17172962572574335,-0.0006299816087138588,-0.374145512834133,0.19080886039322742,10017.539060948639,38044.95560808754,0.006406006259252879,,0.5216842474479076,0.1483836777954425,-1.5329582221833966,0.46970823482551016,-0.4478358279898037,,,2,1.330646;-2.226318,0.002403912843926602,-0.0010982431566448625,10034.888511796855,False,-17.349450848216375,0.0,5.227808983601299e-06,641.8064626724803,3.5420955923047976e-05,0.41434241919905646,0.36358615813702344,-0.050756261062033015,ES.v.0,0.13954477253900444,27169.018928732497,0.7770023302590264,0.1917795838294669,-0.35590921649847973,0.0021525912441853596,0.00032073067906268626,-0.0008934668610306451,-9.167808625343277e-05,0.9992989739089342,False,1.0,10017.539060948639,-0.0006299816087138588,False,0.0,,,,1881,0.0,0.0,0.0,0.0,0.0,0.0,0.0,,,,,,,,,0.0,,open,83.54606302004831,9344.733118796297,175,1.4094540293974152,0.9835013729788181,False,0,175,run+ledger,0.5178804550613076,this run,0.6024746685830206,-0.04748736560989941,False,False,False,False,False,False,0,6,False,False,unrankable,1887.0
cme_futures,1h,CDLKICKINGBYLENGTH,False,16,7.651388971072362,3.5420955923047976e-05,0.0002290525928092535,0.00045528622851875866,-0.00022623363570950517,0.9982710868359105,1.0,,3,0.5549873029731212,1.1028159427621445,-0.5478286397890233,-1.0501153570747337,0.0005142019705088319,0.0,,14.219809169599964,45171,2019-01-03,2026-08-21,0.0004128230529648226,0.17172962572574335,-0.0006299816087138588,-0.374145512834133,0.19080886039322742,10017.539060948639,38044.95560808754,0.006406006259252879,,0.5216842474479076,0.1483836777954425,-1.5329582221833966,0.46970823482551016,-0.4478358279898037,,,2,1.330646;-2.226318,0.002403912843926602,-0.0010982431566448625,10034.888511796855,False,-17.349450848216375,0.0,5.227808983601299e-06,641.8064626724803,3.5420955923047976e-05,0.41434241919905646,0.36358615813702344,-0.050756261062033015,ES.v.0,0.13954477253900444,27169.018928732497,0.7770023302590264,0.1917795838294669,-0.35590921649847973,0.0021525912441853596,0.00032073067906268626,-0.0008934668610306451,-9.167808625343277e-05,0.9992989739089342,False,1.0,10017.539060948639,-0.0006299816087138588,False,0.0,,,,1881,0.0,0.0,0.0,0.0,0.0,0.0,0.0,,,,,,,,,0.0,,open,83.54606302004831,9344.733118796297,175,1.4094540293974152,0.9835013729788181,False,0,175,run+ledger,0.5178804550613076,this run,0.6024746685830206,-0.04748736560989941,False,False,False,False,False,False,0,6,False,False,unrankable,1887.0
cme_futures,1h,CDLUPSIDEGAP2CROWS,False,16,7.651388971072362,5.26702235209906e-05,0.0005500604851180757,0.000896298790258987,-0.00034623830514091125,0.997356211470946,0.6666666666666666,19.640838891236466,6,0.6770743085876415,1.1028159427621445,-0.42574163417450295,-1.1026535863661464,0.0034623187599333027,0.0,,14.219809169599964,45171,2019-01-03,2026-08-21,0.0008126719959374381,0.17172962572574335,-0.0008762281209790945,-0.374145512834133,0.19080886039322742,10042.164338754548,38044.95560808754,0.0173446831179212,-0.001766185570175438,0.3861064249358288,0.12794781736076266,-1.1573105030103,0.3628037228136421,-0.8111674339051379,0.768306571281396,-1.8286752469469456,3,0.064399;-1.372776;-1.125126,0.004732276056056258,-0.0021609468585652714,10068.784074592479,False,-26.619735837929426,0.0,7.760028960033184e-06,34220.517891527255,5.26702235209906e-05,0.41434399368813324,0.6277594520744665,0.21341545838633325,ES.v.0,0.13954477253900444,27169.018928732497,0.7770023302590264,0.1917795838294669,-0.35590921649847973,0.004237531335244097,0.000631316987726116,-0.0017583105540840416,-8.125650260804029e-05,0.9993788349239479,False,1.0,10042.164338754548,-0.0008762281209790945,False,0.0,,,,1881,0.0,0.0,0.0,0.0,0.0,0.0,0.0,,,,,,,,,0.0,,open,70.38018993196552,9425.837951432863,175,1.4094540293974152,0.9937291340535771,False,0,175,run+ledger,0.5178804550613076,this run,0.6024746685830206,0.07459964000462094,False,False,True,True,False,False,2,6,False,False,unrankable,1993.0
cme_futures,1h,rsi2_connors,False,16,7.651388971072362,2.628899072413717e-05,0.0002556981623593746,0.0006650707736597372,-0.0004093726113003626,0.9968740681880033,1.0,,1,0.42426926543928695,1.1028159427621445,-0.6785466773228574,-1.7701015820835078,0.0019327356724316846,0.0,,14.219809169599964,45171,2019-01-03,2026-08-21,0.000603030426711893,0.17172962572574335,-0.0009151428554095009,-0.374145512834133,0.19080886039322742,10019.581106118534,38044.95560808754,0.03152782383707953,,0.38333770456505123,0.03186646433990895,-1.51250085391564,0.04046339458659103,-0.5002286869076908,,,1,-0.500229,0.0035115107493156024,-0.0016038948873021708,10050.999846280396,False,-31.418740161861525,0.0,1.225267730531558e-06,16732.898730904977,2.628899072413717e-05,0.4143415855333435,0.27940792068464193,-0.13493366484870156,ES.v.0,0.13954477253900444,27169.018928732497,0.7770023302590264,0.1917795838294669,-0.35590921649847973,0.0031443932386886193,0.00046848391398968126,-0.0013049380319212212,-0.00021278575163030666,0.9983738064380393,False,1.0,10019.581106118534,-0.0009151428554095009,False,0.0,,,,1881,0.0,0.0,0.0,0.0,0.0,0.0,0.0,,,,,,,,,0.0,,open,26.65187086546747,4849.979975997032,175,1.4094540293974152,0.8932720929475485,False,0,175,run+ledger,0.5178804550613076,this run,0.6024746685830206,-0.17820540314373362,False,False,False,False,False,False,0,6,False,False,unrankable,1318.0
cme_futures,1h,rsi2_raw,False,16,7.651388971072362,6.641429235571495e-05,0.0003296605094629257,0.0010023906672163019,-0.0006727301577533762,0.9948693128311932,1.0,,2,0.3631145759976295,1.1028159427621445,-0.7397013667645149,-1.8964446599595821,0.0012765783590237834,0.0,,14.219809169599964,45171,2019-01-03,2026-08-21,0.0009088567340099541,0.17172962572574335,-0.0012503127855927332,-0.374145512834133,0.19080886039322742,10025.251278949023,38044.95560808754,0.020134755747254984,,0.39004637592761593,0.02206287920573635,-1.5578297630232523,-0.017583886392543636,-0.5002286869076908,,,1,-0.500229,0.005292370085645105,-0.0024164328152088688,10076.95297226449,False,-51.70169331546681,0.0,2.4505354610631017e-06,142.00510130658034,6.641429235571495e-05,0.41434524875140577,0.2636624317223504,-0.1506828170290554,ES.v.0,0.13954477253900444,27169.018928732497,0.7770023302590264,0.1917795838294669,-0.35590921649847973,0.00473906927870968,0.000706019872667607,-0.0019662712404894256,-0.00037635936320468133,0.997125956516694,False,1.0,10025.251278949023,-0.0012503127855927332,False,0.0,,,,1881,0.0,0.0,0.0,0.0,0.0,0.0,0.0,,,,,,,,,0.0,,open,20.31509528789265,2923.3281689978216,175,1.4094540293974152,0.852447592343984,False,0,175,run+ledger,0.5178804550613076,this run,0.6024746685830206,-0.2393600925853911,False,False,False,False,False,False,0,6,False,False,unrankable,1813.0
cme_futures,1h,CDLBREAKAWAY,False,16,7.651388971072362,7.102639599152848e-05,-0.00016128186688202373,0.0007103281345284262,-0.00087161000141045,0.9933549791735039,0.375,0.5646671885656369,8,-0.2501111528067421,1.1028159427621445,-1.3529270955688866,-2.2187323754324444,1.2291292385557817e-06,0.0,,14.219809169599964,45171,2019-01-03,2026-08-21,0.0006440634293995309,0.17172962572574335,-0.0020613074006400334,-0.374145512834133,0.19080886039322742,9987.666314034743,38044.95560808754,0.008628845547375455,-0.009168776640938936,0.6097748022923192,0.014,-2.5411547776030123,-0.14220464746648145,-0.40917214797387474,1.5959698237483413,-0.44406036930469783,3,1.120741;-2.063873;-0.284384,0.0037504503179207806,-0.0017129480856651336,10054.478533288,False,-66.8122192532572,0.0,1.0864040544046456e-05,-0.8967822581320931,7.102639599152848e-05,0.4143456698090883,-0.07824251095782507,-0.4925881807669134,ES.v.0,0.13954477253900444,27169.018928732497,0.7770023302590264,0.1917795838294669,-0.35590921649847973,0.003358352419683219,0.0005003564969567886,-0.0013936878995661761,-0.0006616383638388124,0.9949511937487667,False,1.0,9987.666314034743,-0.0020613074006400334,False,0.0,,,,1881,0.0,0.0,0.0,0.0,0.0,0.0,0.0,,,,,,,,,0.0,,open,-18.034677201709115,3011.714330695873,175,1.4094540293974152,0.23882912439218978,False,0,175,run+ledger,0.5178804550613076,this run,0.6024746685830206,-0.8525858213897627,False,False,False,False,False,False,0,6,False,False,unrankable,2000.0
cme_futures,1h,CDLCONCEALBABYSWALL,False,16,7.651388971072362,9.731538671566567e-05,-0.00032066591450408133,0.0016471234646724398,-0.001967789379176521,0.9850662830529928,0.6,0.5448150575671415,10,-0.2140176104470937,1.1028159427621445,-1.3168335532092381,-4.583860456774436,1.706560948555591e-06,0.0,,14.219809169599964,45171,2019-01-03,2026-08-21,0.001493344108031121,0.17172962572574335,-0.004232020179543383,-0.374145512834133,0.19080886039322742,9975.490753234992,38044.95560808754,0.008367628623818901,-0.023037988325389752,0.287276099616668,0.0,-1.8786056916144183,-0.7486805907578984,-1.5416007816726125,1.0069352789827795,-2.651740319936218,3,-2.128129;-0.378907;-2.117766,0.008695902653488746,-0.003967696335084314,10126.720328218104,False,-151.22957498311274,0.0,1.4172263416481615e-05,-0.9629559974184939,9.731538671566567e-05,0.41434806971556326,-0.07577135762587026,-0.49011942734143354,ES.v.0,0.13954477253900444,27169.018928732497,0.7770023302590264,0.1917795838294669,-0.35590921649847973,0.007786773118451563,0.0011598888802619722,-0.003229324126767019,-0.0014805547947660536,0.98874031889659,False,1.0,9975.490753234992,-0.004232020179543383,False,0.0,,,,1881,0.0,0.0,0.0,0.0,0.0,0.0,0.0,,,,,,,,,0.0,,open,-26.162360662264803,4034.577952431236,175,1.4094540293974152,0.27019004977727656,False,0,175,run+ledger,0.5178804550613076,this run,0.6024746685830206,-0.8164922790301142,False,False,False,False,False,False,0,6,False,False,unrankable,1999.0
cme_futures,1h,CDL2CROWS,False,16,7.651388971072362,0.00025126740607912156,-7.093679776215556e-05,0.0022262554886915975,-0.002297192286453753,0.9825954418617633,0.4074074074074074,1.0157841191585368,27,-0.03413827010617002,1.1028159427621445,-1.1369542128683146,-1.75331947620469,2.8887274948929953e-05,-0.006844391062597074,-1.1271685939151748,14.219809169599964,45171,2019-01-03,2026-08-21,0.002018304346475631,0.17172962572574335,-0.006585351126604855,-0.374145512834133,0.19080886039322742,9994.573629967832,38044.95560808754,0.013215483243127308,-0.008944464240272294,0.6484580980811404,0.041,-2.3805012165390873,0.1125594932734751,-1.4447234445251707,2.5515601286317615,-1.266088066824527,5,-1.137720;2.553634;-1.470708;-2.950566;-4.218257,0.011752802336499092,-0.005359139763668086,10171.60593685506,False,-177.03230688722815,0.0,3.590034450457454e-05,-0.24597214522620636,0.00025126740607912156,0.41436212474555195,-0.010771908194169101,-0.4251340329397211,ES.v.0,0.13954477253900444,27169.018928732497,0.7770023302590264,0.1917795838294669,-0.35590921649847973,0.010524083461722055,0.0015674173690491955,-0.004362767682434043,-0.001638354166811351,0.9875518126184588,False,1.0,9994.573629967832,-0.006585351126604855,False,-0.010342390913592868,-1.103550712571642,0.26978808151970446,0.0020046936515896174,1881,-7.40778932683236e-05,-2.849062214416352e-05,-1.7420230145548675e-05,3.184499573938472e-05,0.0004042978338961872,-0.00017587569233847407,7.729704331850177e-05,-1.064266242523092,-0.36947324646507734,-0.32454228341674185,0.3027280329858202,1.027199942345123,-0.8448571212910928,1.0084260492301356,0.2596712062370137,-0.0056164770324812294,0.03838648810682088,open,-32.512290751393486,5302.712401804116,175,1.4094540293974152,0.46211523450168107,False,0,175,run+ledger,0.5178804550613076,this run,0.6024746685830206,-0.6366129386891906,False,False,False,False,False,False,0,6,False,False,unrankable,2000.0
cme_futures,1h,CDLRISEFALL3METHODS,False,16,7.651388971072362,0.001352811057599528,0.0012319909814444419,0.003951481604595131,-0.002719490623150689,0.9794597800520239,0.49295774647887325,1.2364614475926294,142,0.3455333538490168,1.1028159427621445,-0.7572825889131276,-1.563387429287202,0.001321190878382117,0.0022176590992781186,0.2585402919293648,14.219809169599964,45171,2019-01-03,2026-08-21,0.00358184068537876,0.17172962572574335,-0.005537236201055062,-0.374145512834133,0.19080886039322742,10094.651542321872,38044.95560808754,0.007448475356584553,-0.005856691510637327,0.4843857477211498,0.0505,-1.8008467585373447,0.1190917436976922,-1.0803957175038497,1.235053116057699,-1.95606021759586,5,-0.994722;0.921693;-1.956393;-1.145831;-2.226726,0.020857441866781054,-0.009493150248423676,10306.346159293742,False,-211.69461697187143,0.0,0.00020467911791903777,1.4846432672028893,0.001352811057599528,0.4144626970770554,0.2224920405616251,-0.1919706565154303,ES.v.0,0.13954477253900444,27169.018928732497,0.7770023302590264,0.1917795838294669,-0.35590921649847973,0.018676861289696943,0.0027805418740050047,-0.007733147749646729,-0.0015485508925605629,0.988244794914493,False,1.0,10094.651542321872,-0.005537236201055062,False,0.003538201434886276,0.35876780600372854,0.7197687985424781,0.00362896491417819,1881,0.0001798631683113932,9.653741647024759e-05,-0.00018097341057669153,0.00046605939316974926,-0.00028730164758146556,0.0001486617003322126,0.0001062644287831946,1.807119525415889,0.7321670521186424,-1.296764163794196,1.791637679095307,-1.1931601644376832,1.3854904634121281,1.0089782232671156,0.7959899571433995,0.002120296173326296,0.008591623481940314,open,10.33827362724208,910.9801295440265,175,1.4094540293974152,0.8355780668175021,False,0,175,run+ledger,0.5178804550613076,this run,0.6024746685830206,-0.2569413147340038,False,False,False,False,False,False,0,6,False,False,unrankable,2000.0
cme_futures,1h,MININDEX~HT_DCPHASE|or,False,16,7.651388971072362,0.9992033974600222,0.18280097071935542,0.18559741306883693,-0.0027964423494815094,0.9820937773687809,0.5145082142095156,1.1945956278253056,9374,1.0886732743160552,1.1028159427621445,-0.014142668446089246,-0.20361944847325222,0.18798412816115867,0.08232225368009746,1.4569315019859386,14.219809169599964,45171,2019-01-03,2026-08-21,0.16703022719683935,0.17172962572574335,-0.37738939146197636,-0.374145512834133,0.19080886039322742,36130.63256395456,38044.95560808754,0.019453166688938827,-0.017257576755988234,0.0694563734070179,0.4125,-0.16306358648849406,0.11276087813103375,0.00670561726732245,0.2500701765423299,0.059960033012138404,5,0.255774;-0.156427;-0.076658;0.283394;-0.272555,0.9726348991384337,-0.36587061900282847,36789.391600418756,False,-658.7590364642004,0.5,0.01303294247104179,0.18295929272000566,0.9992033974600222,0.5099067688490456,0.48438290756186614,-0.025523861287179483,ES.v.0,0.13954477253900444,27169.018928732497,0.7770023302590264,0.1917795838294669,-0.35590921649847973,0.8709489501518837,0.12281283918461017,-0.3163848407176275,0.05998813153474525,1.4892043925666547,True,1.0,36130.63256395456,-0.37738939146197636,False,0.6899248748712543,2.1423910572385814,0.032162026911759956,0.009710081366321899,1881,0.007605981433573381,-0.00019396646103826166,0.011644678213842165,0.010174966863062301,0.006209434333432065,0.007827244054356877,0.012367815540546598,1.3323889217421967,-0.017677272849698486,1.7755365819218485,0.8135081777090438,0.4673708977095699,1.5340994589022514,1.5424280047482861,0.14513528923429186,0.9755821361238903,0.9740036122612477,open,-0.17313492523277912,40.30853360519728,175,1.4094540293974152,0.9986708700126556,False,0,175,run+ledger,0.5178804550613076,this run,0.9696917327253886,0.11898154159066665,False,False,True,False,False,False,1,6,False,True,underpowered,2000.0
cme_futures,1h,CDL3BLACKCROWS,False,16,7.651388971072362,0.0012262090124546127,0.0005833116889724099,0.003435580029417462,-0.002852268340445052,0.978455409543351,0.48854961832061067,1.156817450464899,131,0.1888008214590516,1.1028159427621445,-0.9140151213030928,-2.1145672075960227,0.00031416177238685616,0.0061941153080345614,1.4441705489623318,14.219809169599964,45171,2019-01-03,2026-08-21,0.003114338703855577,0.17172962572574335,-0.007295826313005405,-0.374145512834133,0.19080886039322742,10044.718122718097,38044.95560808754,0.007731792190642309,-0.006384406232242553,0.4322469004625323,0.0065,-1.8380348510968498,-0.15104355522270302,-0.9090592877709323,0.5542233163772035,-3.6676882819016643,5,-1.750405;-0.605534;-0.756726;-0.309402;-1.123229,0.01813512776665138,-0.00825867564495919,10265.89257389461,False,-221.17445117651346,0.0,0.00018073282486164496,0.608922378420665,0.0012262090124546127,0.41445113749948226,0.07995142207985534,-0.3344997154196269,ES.v.0,0.13954477253900444,27169.018928732497,0.7770023302590264,0.1917795838294669,-0.35590921649847973,0.016239156648837506,0.0024179169890652386,-0.006726250226567698,-0.0018346053000928286,0.98608152060425,False,1.0,10044.718122718097,-0.007295826313005405,False,0.005974296714133803,1.4279609392396149,0.1533031017148303,0.0016032945544079968,1881,-7.480385675211327e-05,-5.055197704248324e-05,8.400233932092936e-05,-8.378414680725781e-05,-0.0001283840526147987,-1.0042449724291701e-05,3.993027918004697e-05,-1.648915956639676,-0.4619801439298294,1.7688181017427396,-1.7241948889723404,-0.9920409683961487,-0.1406894322584968,0.9453838409620631,0.14869100706175686,-0.0003529462940384212,0.0025501917354836534,open,10.690101596886159,976.5370204866101,175,1.4094540293974152,0.7015405268199252,False,0,175,run+ledger,0.5178804550613076,this run,0.6024746685830206,-0.41367384712396893,False,False,False,False,False,False,0,6,False,False,unrankable,2000.0
cme_futures,1h,CDLUNIQUE3RIVER,False,16,7.651388971072362,0.0010880523499239047,0.00020841806186910894,0.0032286273414732225,-0.0030202092796041136,0.9771948902448115,0.5130434782608696,1.0663795759626946,115,0.07266681320341352,1.1028159427621445,-1.0301491295587308,-1.4793946778646219,0.00011735189989375838,-0.0067482119044162715,-0.7253292511998559,14.219809169599964,45171,2019-01-03,2026-08-21,0.0029267897260510205,0.17172962572574335,-0.012423821053183848,-0.374145512834133,0.19080886039322742,10015.957934275464,38044.95560808754,0.007932245004266838,-0.007836971833766958,0.6963315097534769,0.0805,-2.414840456791622,0.3025941714010577,-0.9571284832253764,2.3287054283617077,-0.9190532755355351,5,-0.414698;1.801903;0.533450;-3.554809;-3.151489,0.017043009985505817,-0.007763053279726928,10249.703548660818,False,-233.74561438535446,0.0,0.00015618662799332948,0.2111030348017755,0.0010880523499239047,0.41443852313198826,0.01677568124789577,-0.3976628418840925,ES.v.0,0.13954477253900444,27169.018928732497,0.7770023302590264,0.1917795838294669,-0.35590921649847973,0.015261216379807995,0.002272417115274372,-0.0063221053202354716,-0.0020639990534052632,0.9843508405494062,False,1.0,10015.957934275464,-0.012423821053183848,False,-0.0060731434019563576,-0.7013551353158558,0.48308141330722965,0.0009998588791223506,1881,9.139538208536113e-05,5.5305148625024803e-05,2.0703102739154337e-05,0.00020010829173852201,0.00011587955560759931,-1.577224847832599e-05,-7.215973045013175e-05,0.8872489056167465,0.4113655884723483,0.549104760992562,1.3707632194063164,0.9378583954710845,-0.6185812953066419,-1.1870283447199426,0.4682500647492367,0.001083907061442055,0.0028498602500592884,open,-10.80007663609957,1295.3860437730839,175,1.4094540293974152,0.5792421563824931,False,0,175,run+ledger,0.5178804550613076,this run,0.6024746685830206,-0.5298078553796071,False,False,False,False,False,False,0,6,False,False,unrankable,2000.0
cme_futures,1h,CDLONNECK,False,16,7.651388971072362,0.0019206556531388835,0.0012055761662161935,0.004310927338078141,-0.0031053511718619475,0.9765836080930974,0.5023923444976076,1.3054556029727558,209,0.3102925689756029,1.1028159427621445,-0.7925233737865416,-1.4068213344871836,0.0008877178864103441,0.004106610573150491,0.8286868825700754,14.219809169599964,45171,2019-01-03,2026-08-21,0.003907540349283837,0.17172962572574335,-0.0077179848572836995,-0.374145512834133,0.19080886039322742,10092.614001269207,38044.95560808754,0.007841490547266024,-0.0060644647560650225,0.5633433005019314,0.0635,-1.9546939167011956,0.20845205824434943,-0.9247299022174353,1.833779111629008,-1.1275943264224766,5,1.164608;-1.151158;0.719438;-2.377189;-2.979349,0.02275402588674059,-0.010352375964543525,10334.613357863243,False,-241.99935659403593,0.0,0.00028327411982124133,0.8725700502897957,0.0019206556531388835,0.41451454686592315,0.15620348944821447,-0.25831105741770866,ES.v.0,0.13954477253900444,27169.018928732497,0.7770023302590264,0.1917795838294669,-0.35590921649847973,0.02037516335815223,0.0030331236324230293,-0.008434202444063343,-0.0018275474662068358,0.9861431941279152,False,1.0,10092.614001269207,-0.0077179848572836995,False,0.003796323194430603,0.7781056729216896,0.43650671864703927,0.017772506337066063,1881,-0.0002737675479507785,0.00040116205599568193,-0.00031707116166872803,-5.408262244542455e-05,0.00013475172237441144,-5.388933708738816e-05,-0.00013548634192488376,-1.6054925443650219,1.0876472045181873,-2.023258244598513,-0.4816626276927983,0.6624327078294502,-0.9483579306124111,-1.517747176776666,0.40728161027135856,-0.0004982052630885452,0.0189058744338112,open,14.324208678864446,1020.5453154503194,175,1.4094540293974152,0.8111947782031041,False,0,175,run+ledger,0.5178804550613076,this run,0.6024746685830206,-0.29218209960741764,False,False,False,False,False,False,0,6,False,False,unrankable,2000.0
cme_futures,1h,CDLCOUNTERATTACK,False,16,7.651388971072362,0.00048159586165164963,-0.0017017680353751397,0.00198284363529444,-0.0036846116706695797,0.9722051205222286,0.41818181818181815,0.24794430085082542,55,-0.9465599166071887,1.1028159427621445,-2.0493758593693334,-3.841765789124256,0.0,-0.005985701381451719,-0.9585551714562243,14.219809169599964,45171,2019-01-03,2026-08-21,0.001797667611277728,0.17172962572574335,-0.01456501680016109,-0.374145512834133,0.19080886039322742,9870.525675584111,38044.95560808754,0.0028088369740675977,-0.008142359264493516,0.5334463295943129,0.0,-3.1009164386462613,-1.0413379433625005,-2.1441543770385834,1.581629198585314,-3.0313520676024437,5,-1.056086;-0.593425;-1.372248;-3.798230;-3.900783,0.010468011000901205,-0.0047745378669232785,10152.71928446753,False,-282.1936088834198,0.0,7.24133228744149e-05,-0.9708882080956035,0.00048159586165164963,0.41438315298679684,-0.11683941451796458,-0.5312225675047614,ES.v.0,0.13954477253900444,27169.018928732497,0.7770023302590264,0.1917795838294669,-0.35590921649847973,0.009373613058187881,0.0013961497081023122,-0.0038865023433591883,-0.003097917743477452,0.9765717884715421,False,1.0,9870.525675584111,-0.01456501680016109,False,-0.009530515529158465,-1.0045116633405111,0.31513205229141006,0.0019586428196060046,1881,-1.5010037384242837e-05,-5.319243529099322e-05,-1.1875414134723074e-05,7.573860077724089e-05,0.00036055668115312473,-0.00020451510429721383,4.555628777698916e-05,-0.19584640588097219,-0.5713303618457842,-0.1583319448910959,0.5243686746744192,0.9023402340982584,-0.9803468260802454,0.5275830433387408,0.3377828850698459,-0.0056916432513116795,0.038511204997945914,open,-62.1059419749027,7253.27647814144,175,1.4094540293974152,0.0001231411229254964,False,0,175,run+ledger,0.5178804550613076,this run,0.6024746685830206,-1.5490345851902094,False,False,False,False,False,False,0,6,False,False,unrankable,2000.0
cme_futures,1h,range_filter_macd@allow_short=0,False,16,7.651388971072362,0.24969529470010973,0.07350103852434398,0.07728662727299129,-0.003785588748647317,0.9734251375207696,0.38563829787234044,1.1815080235354403,4136,1.0522470459577198,1.1028159427621445,-0.05056889680442467,-0.17040092549145452,0.15757660567250603,-0.07587539292904606,-0.6298126118164846,14.219809169599964,45171,2019-01-03,2026-08-21,0.0697087192247016,0.17172962572574335,-0.0998873056695504,-0.374145512834133,0.19080886039322742,17206.069426706847,38044.95560808754,0.026175615719806675,-0.013906449189246406,0.2967642145051651,0.3895,-0.6285646794030981,0.5041674585176383,-0.30041010829415066,1.1368407869219743,-0.5908808260588017,5,-0.338553;1.385901;-1.569956;0.076452;-1.055894,0.40592133669485914,-0.17091373096408768,17675.80141861677,False,-469.7319919099252,0.0,0.005545958324939866,0.3284959345676044,0.24969529470010973,0.4374445283292326,0.7358396347930526,0.29839510646382,ES.v.0,0.13954477253900444,27169.018928732497,0.7770023302590264,0.1917795838294669,-0.35590921649847973,0.36348352537195816,0.053096017488022396,-0.14288132231888406,0.02040502103632158,1.1581651434011317,True,1.0,17206.069426706847,-0.0998873056695504,False,0.18889381550018916,0.9133634278688085,0.36105143347277235,0.0010900449921035227,1881,-0.0013413442193862327,-0.0016017588512191269,-0.0011145654459011954,0.0020135192711599617,0.007410255425759025,-0.00030551365085881773,0.0008372128065867798,-0.5745342787806456,-0.34713663129773126,-0.3668972614835588,0.2590363627615259,1.0859878906735658,-0.15489189268595943,0.20609190954775047,0.5288171931764296,0.42512013762027545,0.48299690404172546,open,3.235474287934832,255.1284850131608,175,1.4094540293974152,0.9984564224619525,False,0,175,run+ledger,0.5178804550613076,this run,0.6024746685830206,0.4497723773746992,False,False,True,True,False,False,2,6,False,True,underpowered,2000.0
cme_futures,1h,CDLINNECK,False,16,7.651388971072362,0.0013387048088515845,0.0006645920321641796,0.004802949383977628,-0.004138357351813449,0.9689154749923831,0.49324324324324326,1.1613308364478205,148,0.15478593090830167,1.1028159427621445,-0.9480300118538427,-1.7891531755355852,0.00017259848166484293,-0.010673215574406748,-0.8029643546078317,14.219809169599964,45171,2019-01-03,2026-08-21,0.004353337136834416,0.17172962572574335,-0.008179335932769538,-0.374145512834133,0.19080886039322742,10050.963053620357,38044.95560808754,0.007486512885262382,-0.0062745880096871,0.5298763821996676,0.0265,-2.0427752026394357,0.010624552106544964,-0.8766516598306427,1.5226203237555835,-1.2874205561202043,5,0.327584;-0.885607;0.675367;-1.344586;-3.156016,0.025349948318100966,-0.01152735276858119,10373.415755073342,False,-322.45270145298434,0.0,0.00019579778333894254,0.6425980300200098,0.0013387048088515845,0.4144614090771971,0.08125256593283699,-0.3332088431443601,ES.v.0,0.13954477253900444,27169.018928732497,0.7770023302590264,0.1917795838294669,-0.35590921649847973,0.022699690185507257,0.0033787719089501955,-0.009393186758700267,-0.002714179876786016,0.9794879355816138,False,1.0,10050.963053620357,-0.008179335932769538,False,-0.011833132902703465,-0.8357616413094133,0.4032890099123163,0.005336480668151844,1881,-0.00019794216849838842,0.00024038111247309886,0.00011948687392724688,-0.0011912672973350407,6.040951706525435e-05,2.0596097492159017e-05,-0.0002056322183960576,-1.7201938302949638,0.9056065710450119,0.36277552223053094,-1.0249116752739271,0.2568717794344248,0.19202618973601324,-1.3747803671937546,0.42199533759829055,-0.0018623925990451243,0.007069679669489681,open,32.50462858454063,5808.116901955467,175,1.4094540293974152,0.670577182523056,False,0,175,run+ledger,0.5178804550613076,this run,0.6024746685830206,-0.4476887376747189,False,False,False,False,False,False,0,6,False,False,unrankable,2000.0
cme_futures,1h,supertrend_pullback,False,16,7.651388971072362,2.6012264505988355e-05,0.0004295224396744235,0.004675643443023736,-0.004246121003349312,0.9681133970612631,1.0,,2,0.10344254497380519,1.1028159427621445,-0.9993733977883392,-2.487439563517154,8.174989714831993e-05,0.0,,14.219809169599964,45171,2019-01-03,2026-08-21,0.004237995121684669,0.17172962572574335,-0.007942146936485872,-0.374145512834133,0.19080886039322742,10032.911416122486,38044.95560808754,0.029273025540049513,,0.40176791124736294,0.012279355333844973,-1.6507611257978916,-0.08011312818254111,,,,0,,0.024678299412664282,-0.011223467564936529,10363.363885447392,False,-330.4524693249067,0.0,2.8998002955912956e-06,14779616.558460137,2.6012264505988355e-05,0.4143415602777159,0.054081401806004924,-0.360260158471711,ES.v.0,0.13954477253900444,27169.018928732497,0.7770023302590264,0.1917795838294669,-0.35590921649847973,0.0220982600809748,0.003289349246153206,-0.009145130212724895,-0.0028598268064787824,0.9783957385843299,False,1.0,10032.911416122486,-0.007942146936485872,False,0.0,,,,1881,0.0,0.0,0.0,0.0,0.0,0.0,0.0,,,,,,,,,0.0,,open,65.17535065054429,13557.296214912225,175,1.4094540293974152,0.6173667047596176,False,0,175,run+ledger,0.5178804550613076,this run,0.6024746685830206,-0.4990321236092154,False,False,False,False,False,False,0,6,False,False,unrankable,1303.0
cme_futures,1h,CDLLADDERBOTTOM,False,16,7.651388971072362,0.0012876993351191397,-0.001188086312779335,0.0037953071352807566,-0.004983393448060092,0.9626356203632247,0.460431654676259,0.8009041536084452,139,-0.3438258339637553,1.1028159427621445,-1.4466417767258997,-3.203818681876182,2.393137992218186e-07,-0.0009473684879103736,-0.11074117336599996,14.219809169599964,45171,2019-01-03,2026-08-21,0.0034403221865721523,0.17172962572574335,-0.0116084516915117,-0.374145512834133,0.19080886039322742,9909.453277460705,38044.95560808754,0.007324637754091062,-0.007804126775965566,0.4515367192623818,0.001,-2.370110597708122,-0.6163192504240964,-1.3268361699555578,1.3830787703907266,-2.145138754597418,5,-1.167317;-0.588034;0.214361;-1.616694;-3.476498,0.020033364493942562,-0.009119604389253633,10294.085392063134,False,-384.6321146024301,0.0,0.0001978807384808461,-0.602750671143498,0.0012876993351191397,0.4144567519422117,-0.10234666468466971,-0.5168034166268815,ES.v.0,0.13954477253900444,27169.018928732497,0.7770023302590264,0.1917795838294669,-0.35590921649847973,0.017938938639221032,0.002670780226393221,-0.007428424760549945,-0.0038588665391725563,0.9709271367764974,False,1.0,9909.453277460705,-0.0116084516915117,False,-0.0007719491270097455,-0.09080752260738106,0.9276455325742872,0.010115976983314234,1881,9.842533557660846e-05,0.0002011149648851445,0.0004093837327740636,0.0006969702018571179,-0.0005304272908916772,0.00016933045662215093,0.00012064372518304793,1.4727264847059418,0.6905334271898892,1.6258039538063207,1.7090361629612334,-1.484101880660649,0.7704984445209332,0.6274741769821501,0.9118215951366893,0.0002816577625840809,0.010241822708223047,open,-17.52722975377701,1260.204693609488,175,1.4094540293974152,0.16174183994310398,False,0,175,run+ledger,0.5178804550613076,this run,0.6024746685830206,-0.9463005025467759,False,False,False,False,False,False,0,6,False,False,unrankable,2000.0
cme_futures,1h,voltgt_tsmom,False,16,7.651388971072362,0.43831561621353066,0.0843285995630747,0.08960449320010166,-0.005275893637026963,0.963542953298356,0.4976450653733587,1.0333327516835413,214231,1.0427077516597547,1.1028159427621445,-0.06010819110238974,-0.37834347245641303,0.1547870669023304,0.16166209157039452,1.7865897279057752,14.219809169599964,45171,2019-01-03,2026-08-21,0.08077322148302858,0.17172962572574335,-0.15020011754410434,-0.374145512834133,0.19080886039322742,18579.320172780994,38044.95560808754,0.002274923838062808,-0.002180899717205299,0.15887201835975773,0.2965,-0.4000358272204935,0.22010796860671686,-0.08131266111264682,0.32607542783527654,-0.5576030027357115,5,0.327624;-0.474358;-0.136225;0.161592;-0.285196,0.47035111817005587,-0.19549715718946692,19282.295728676254,False,-702.97555589526,0.0,0.002102179878694651,0.20286877727185337,0.43831561621353066,0.4552820189771512,0.5614416349462089,0.10615961596905771,ES.v.0,0.13954477253900444,27169.018928732497,0.7770023302590264,0.1917795838294669,-0.35590921649847973,0.4211773738900866,0.061304921740022555,-0.16410408863876969,0.023023677823052147,1.1784646617699184,True,1.0,18579.320172780994,-0.15020011754410434,False,0.4283574416998912,2.6053797931173612,0.009177246980994758,0.006701504874402131,1881,0.0005932995020734098,0.0032217537192155378,0.0037351928737733536,0.0013759745367994299,0.010231294871633517,0.004957373326526491,0.000853489234913885,0.2846114074564345,0.7782144395224206,1.2783853853262828,0.22681724617538235,1.7728350237914017,2.0993987948745825,0.2905732152361036,0.07400382314830978,0.42821279945036217,0.7283616361720238,open,0.3386559423856454,29.69418365419272,175,1.4094540293974152,0.9980673541848746,False,0,175,run+ledger,0.5178804550613076,this run,0.78497653183738,0.2577312198223747,False,False,True,True,False,False,2,6,False,True,underpowered,2000.0
cme_futures,1h,CDLPIERCING,False,16,7.651388971072362,0.002990187312263423,-7.448442909452346e-06,0.005856662266676915,-0.005864110709586368,0.956248101572062,0.4878048780487805,1.0308970499918149,328,0.0012505062964216277,1.1028159427621445,-1.1015654364657228,-2.248973656205861,4.9050275570450275e-05,-0.0007330048044843799,-0.1333009369337369,14.219809169599964,45171,2019-01-03,2026-08-21,0.005307928748252654,0.17172962572574335,-0.013639554706535328,-0.374145512834133,0.19080886039322742,9999.430104777879,38044.95560808754,0.007918897817331192,-0.007315771681699163,0.48980806574858804,0.008,-2.103936329149014,-0.20765163876601606,-1.4121387100151643,1.660225910063316,-1.9019328213787168,5,-0.015801;-0.914489;0.171992;-2.783867;-3.518529,0.03090863749234249,-0.014039170851235516,10456.9411310087,False,-457.51102623082016,0.0,0.0004452400156800665,-0.0024878713629837845,0.002990187312263423,0.41461221462672077,-0.0005460913548653799,-0.41515830598158615,ES.v.0,0.13954477253900444,27169.018928732497,0.7770023302590264,0.1917795838294669,-0.35590921649847973,0.02767723572167379,0.004118643428267843,-0.011444443051650044,-0.004126091871177295,0.968985515024373,False,1.0,9999.430104777879,-0.013639554706535328,False,-0.0002197309646087412,-0.0397549095064765,0.968288524790393,0.007554328984132552,1881,-7.672003729317136e-05,8.520223845013888e-05,0.0003946714264359971,-0.0002749404772669055,-0.0003770802192090953,0.0001336815832394019,-0.00014189538620776882,-0.42736864562398885,0.5306373771737505,1.9851367694032844,-1.0631310559740685,-0.917689778696074,1.3728712039006148,-1.2101221856736348,0.8939553866481054,0.0008241254590717942,0.00965470086295983,open,1.0585895235882417,412.0891361721647,175,1.4094540293974152,0.5013799525421858,False,0,175,run+ledger,0.5178804550613076,this run,0.6024746685830206,-0.6012241622865989,False,False,False,False,False,False,0,6,False,False,unrankable,2000.0
cme_futures,1h,CDLHOMINGPIGEON,False,16,7.651388971072362,0.007437242511460483,0.003017071004979277,0.00916440692952536,-0.006147335924546082,0.954324941346642,0.523989898989899,1.1228668077332749,792,0.3669582741593974,1.1028159427621445,-0.735857668602747,-1.8976528044140932,0.0021188921645602377,0.024199133085621164,1.628139826240018,14.219809169599964,45171,2019-01-03,2026-08-21,0.008303424361607133,0.17172962572574335,-0.016969015483118133,-0.374145512834133,0.19080886039322742,10233.177343239102,38044.95560808754,0.007630470045938772,-0.007480485650446691,0.38777255085391954,0.023,-1.5271864763925629,-0.019727441227352368,-0.8435249572848239,1.2042011696916808,-1.566332264640968,5,-1.392442;0.305554;-0.133706;-2.685284;-0.311747,0.04835172921687907,-0.021884350618954773,10722.948651849263,False,-489.7713086101607,0.0,0.0011130961222603688,0.4993923255095387,0.007437242511460483,0.4150184379546851,0.17779882445041395,-0.23721961350427118,ES.v.0,0.13954477253900444,27169.018928732497,0.7770023302590264,0.1917795838294669,-0.35590921649847973,0.04329670654093532,0.006437939702336193,-0.017861516697733393,-0.003420868697356916,0.9742851417817879,False,1.0,10233.177343239102,-0.016969015483118133,False,0.026221496028266914,1.7688632588653097,0.07691669689917502,0.0020121665767734997,1881,0.00025746325326825585,-1.4240739890507585e-06,0.0004098470841487194,-0.0002889972080037618,-0.00018096546226231304,3.462781204705444e-05,-3.0010919284169243e-05,1.307059648500975,-0.004581576273779897,1.4247035249491877,-0.5747900507958801,-0.3941673785201871,0.193676005029764,-0.10908199115107241,0.10349524047801739,0.0032471570904948894,0.00753962449939094,open,-3.2349169225910934,214.35078462243587,175,1.4094540293974152,0.8429564710099334,False,0,175,run+ledger,0.5178804550613076,this run,0.6024746685830206,-0.23551639442362315,False,False,False,False,False,False,0,6,False,False,unrankable,2000.0
cme_futures,1h,dual_thrust,False,16,7.651388971072362,0.0006687382559070146,-0.001279689113958371,0.005093992929223301,-0.006373682043181672,0.9524907773358805,0.47902869757174393,0.9585638491764303,453,-0.2750362058412056,1.1028159427621445,-1.37785214860335,-3.143809756576832,1.303958566900576e-06,-0.006159964745422184,-1.055994823381002,14.219809169599964,45171,2019-01-03,2026-08-21,0.004617019678904258,0.17172962572574335,-0.020734208900083262,-0.374145512834133,0.19080886039322742,9902.501712971787,38044.95560808754,0.0050165046883323215,-0.00481202535661345,0.4382746588660116,0.0,-2.2530605517146474,-0.5535745074612538,-1.8863130238751864,1.341633297513958,-3.1438725887646797,5,-0.413503;-0.596224;-2.806863;-2.166441;-3.448534,0.026885399996607214,-0.012221750084719263,10396.427922031029,False,-493.9262090592411,0.0,0.0005899515605208766,-0.8526305919222221,0.0006687382559070146,0.41440023891705596,-0.06171873352511811,-0.47611897244217405,ES.v.0,0.13954477253900444,27169.018928732497,0.7770023302590264,0.1917795838294669,-0.35590921649847973,0.024074615173895555,0.003583180194231428,-0.00996010016315374,-0.004862869308189799,0.9635171677701908,False,1.0,9902.501712971787,-0.020734208900083262,False,-0.00453039265265181,-0.6830163571160947,0.494596506654877,0.0015487234903841518,1881,2.965126108387683e-05,0.00019432805230982342,6.901656332571896e-06,0.00017178614656696071,-0.00011989106847342365,0.0001340835125878549,-7.424523714484576e-05,0.6153717154715957,1.5111801573985102,0.05722770896192033,0.5813243670081439,-0.47802258055090374,1.2468965014482762,-0.7330193140559105,0.29097057990396014,0.002616482167433968,0.018695939327836197,open,-6.247548856679588,1682.2459975622896,175,1.4094540293974152,0.22144718927962692,False,0,175,run+ledger,0.5178804550613076,this run,0.6024746685830206,-0.8775108744242262,False,False,False,False,False,False,0,6,False,False,unrankable,2000.0
cme_futures,1h,supertrend_dual,False,16,7.651388971072362,0.35905257134419655,0.08693095289594233,0.09339696874344416,-0.006466015847501838,0.9556320743184414,0.3974716795271712,1.1602150997517804,6091,1.0322870045048698,1.1028159427621445,-0.07052893825727469,-0.2598052481462629,0.14580230415426348,-0.2320556032738255,-1.7919723472747515,14.219809169599964,45171,2019-01-03,2026-08-21,0.08417862595922276,0.17172962572574335,-0.1206145189869563,-0.374145512834133,0.19080886039322742,18923.229240099987,38044.95560808754,0.023423987145060096,-0.01331836867980714,0.27146848941853907,0.3815,-0.6243682576749808,0.43238539183061825,0.018961392429159306,1.1028743970726191,0.03844405358596633,5,-0.039860;1.721708;-0.352443;0.095064;-1.329663,0.490181153097359,-0.20293111634694694,19801.79375372689,False,-878.564513626905,0.0,0.008175806189768944,0.2613230710886185,0.35905257134419655,0.4477485077669782,0.7207337360881352,0.27298522832115696,ES.v.0,0.13954477253900444,27169.018928732497,0.7770023302590264,0.1917795838294669,-0.35590921649847973,0.43893424043549695,0.06381809246677461,-0.17055708938162362,0.023112860429167714,1.1787522525533645,True,1.0,18923.229240099987,-0.1206145189869563,False,0.09052501959261489,0.41299075203296487,0.6796133893503518,0.003090337687695066,1881,0.0010093718536445164,0.0016406828947532264,-0.0012682919977088734,0.008328976961789702,0.011376631326157054,7.8399545454857e-05,0.004171408966188308,0.33304381898998264,0.3240739336808081,-0.33674379503012036,0.8897796831145727,1.3956386072506697,0.030587751967919716,0.8741088915192733,0.07313739568315425,0.517943606812072,0.5918214424841209,open,2.071205262779567,143.9559683527668,175,1.4094540293974152,0.9980516715775727,False,0,175,run+ledger,0.5178804550613076,this run,0.7068059308627026,0.32548107364216716,False,False,True,True,False,False,2,6,False,True,underpowered,2000.0
cme_futures,1h,CDLDARKCLOUDCOVER,False,16,7.651388971072362,0.004095237790529017,0.0005631077802887852,0.007127282229278942,-0.0065641744489901566,0.9511981819754879,0.48423423423423423,1.0800404208967458,444,0.0903892422865094,1.1028159427621445,-1.012426700475635,-1.948922835766341,0.0001309683672342521,0.004522203671644908,0.5724809920489388,14.219809169599964,45171,2019-01-03,2026-08-21,0.006458797877512704,0.17172962572574335,-0.018341324088243738,-0.374145512834133,0.19080886039322742,10043.166339637497,38044.95560808754,0.007715388137690446,-0.006706883260987597,0.5194801363582648,0.027,-2.0437156219752475,0.012426431923794078,-1.2735443948425977,0.9534969283272647,-2.98661878673034,5,-1.804752;-0.327221;-0.197651;-1.710980;-2.327119,0.0376102716710486,-0.01705989403867847,10558.437274111933,False,-515.2709344744367,0.0,0.0006067997602431113,0.14736082806143802,0.004095237790529017,0.414713138254734,0.030701588259362426,-0.38401154999537157,ES.v.0,0.13954477253900444,27169.018928732497,0.7770023302590264,0.1917795838294669,-0.35590921649847973,0.0336782349223156,0.005010150712980055,-0.013913422821169252,-0.00444704293269127,0.966637662586958,False,1.0,10043.166339637497,-0.018341324088243738,False,0.004763496374848317,0.6020707937043889,0.547127014668523,0.01485338797288771,1881,-0.00033519492080224167,-2.1502142970624284e-05,0.00032817333335719825,-0.0005185908286256173,-0.0005429967490717725,0.0001052576760582045,-0.00037631445980839333,-1.3781537085459474,-0.09258094995625891,1.592977956315393,-1.3891019225325945,-1.0099777033226491,1.0920198947453075,-1.6530093903582619,0.5669961596360502,0.0003874256670598383,0.015106929870745911,open,0.9293835652133781,542.7416802971095,175,1.4094540293974152,0.5987595086577853,False,0,175,run+ledger,0.5178804550613076,this run,0.6024746685830206,-0.5120854262965112,False,False,False,False,False,False,0,6,False,False,unrankable,2000.0
cme_futures,1h,CDLSTICKSANDWICH,False,16,7.651388971072362,0.00324381747307961,-0.0012931269935375633,0.0056647934440809955,-0.006957920437618559,0.9482644555946913,0.5071633237822349,0.9059846313330231,349,-0.2494654144533961,1.1028159427621445,-1.3522813572155405,-3.725333873447686,2.496734199608497e-06,0.0006885732655489776,0.12008671770083881,14.219809169599964,45171,2019-01-03,2026-08-21,0.005134121431410843,0.17172962572574335,-0.017207988981910782,-0.374145512834133,0.19080886039322742,9901.482294177707,38044.95560808754,0.005912175769470187,-0.006715391336398627,0.36299601677420773,0.0,-2.0545973014656895,-0.6794067294328705,-1.2327141035263491,1.243774874107793,-2.2161828395873684,5,-2.259513;0.402292;-0.238359;-1.727809;-2.340181,0.029896538874487316,-0.013582255231135099,10441.688745960773,False,-540.2064517830652,0.0,0.0004800895322799704,-0.3289432334222929,0.00324381747307961,0.4146353774141018,-0.07514689804235183,-0.4897822754564536,ES.v.0,0.13954477253900444,27169.018928732497,0.7770023302590264,0.1917795838294669,-0.35590921649847973,0.026770948861669114,0.003983958797141973,-0.011071186974029423,-0.0052770857906795365,0.9604792710469195,False,1.0,9901.482294177707,-0.017207988981910782,False,0.0011209389845520123,0.18810746200010195,0.8507924116879257,0.002555275099091814,1881,-5.845356545931623e-05,1.9553479716339786e-05,9.232394369260094e-05,-0.0002536656338173958,-2.4378075848620332e-05,0.00010217005987762371,9.194085900344657e-05,-0.30565383904768245,0.11604149274691516,0.8896652317326906,-1.7612602641746526,-0.18711892678616218,0.7343998554119896,0.41106251333723826,0.9044144539857091,0.0006942173338633742,0.004043376511640662,open,2.4019589208288457,983.3209235705789,175,1.4094540293974152,0.24620332585417276,False,0,175,run+ledger,0.5178804550613076,this run,0.6024746685830206,-0.8519400830364167,False,False,False,False,False,False,0,6,False,False,unrankable,2000.0
cme_futures,1h,CDL3WHITESOLDIERS,False,16,7.651388971072362,0.0040233716015744304,-0.0008653248627790155,0.0066380113451005585,-0.007503336207879574,0.9443617465345339,0.4988344988344988,0.9623675401431904,429,-0.1408996381506853,1.1028159427621445,-1.2437155809128297,-2.555351763710869,8.998454160691338e-06,-0.004410246151648207,-1.2223430202550212,14.219809169599964,45171,2019-01-03,2026-08-21,0.0060156678249688655,0.17172962572574335,-0.015914008450172323,-0.374145512834133,0.19080886039322742,9933.980856336637,38044.95560808754,0.005931574216545315,-0.0061348551909602075,0.4867101267915898,0.003,-2.2470218868395175,-0.3239774539658988,-1.1552394466426943,1.7266516113443773,-1.4960713070374525,5,-2.183486;1.385037;-0.104773;-2.555517;-2.317458,0.03502987792319563,-0.015897773751823885,10519.25376349768,False,-585.272907161043,0.0,0.0005901962604543625,-0.19359377716143567,0.0040233716015744304,0.41470657437250863,-0.05437504105193845,-0.4690816154244471,ES.v.0,0.13954477253900444,27169.018928732497,0.7770023302590264,0.1917795838294669,-0.35590921649847973,0.0313676133029785,0.004666949085526451,-0.012963291382116715,-0.005532273948305466,0.9586306881169956,False,1.0,9933.980856336637,-0.015914008450172323,False,-0.004071011002815779,-1.1011215792234823,0.2708437463695468,0.0023405331736687796,1881,-1.48374592105498e-06,-4.482634376432581e-05,8.825564867011132e-05,-1.9365644966127203e-05,-8.296639642635228e-05,6.724357384073577e-05,8.44472665223955e-05,-0.029818373154438797,-0.5186984354428442,0.6575737258235979,-0.20819185504043333,-0.4182650615019066,1.1413798566143993,0.6487518145350422,0.22157793704361128,0.000544684534930808,0.004765615674226287,open,-0.24127650510531407,534.7589757095852,175,1.4094540293974152,0.3483647836865751,False,0,175,run+ledger,0.5178804550613076,this run,0.6024746685830206,-0.7433743067337059,False,False,False,False,False,False,0,6,False,False,unrankable,2000.0
cme_futures,1h,CDLTASUKIGAP,False,16,7.651388971072362,0.004471819815181706,-0.0012633955540959363,0.006637145201880301,-0.007900540755976238,0.9414929342621585,0.5145228215767634,0.9740231060232019,482,-0.20716978765272978,1.1028159427621445,-1.3099857304148743,-2.5913102827450065,3.5580541839497215e-06,0.0001491719775698453,0.016908188800525057,14.219809169599964,45171,2019-01-03,2026-08-21,0.0060148833314948285,0.17172962572574335,-0.019938672081503017,-0.374145512834133,0.19080886039322742,9903.73789056883,38044.95560808754,0.006834268697278159,-0.007436329306014377,0.505530248206012,0.003,-2.274530998520922,-0.3177291706895513,-1.7854867632255556,1.4525139968500742,-2.7486618264309293,5,-1.385029;0.014436;-1.141034;-2.670667;-3.745139,0.03502530973369005,-0.01589571531213274,10519.184510216553,False,-615.4466196477238,0.0,0.000660423550107956,-0.24625595099661235,0.004471819815181706,0.4147475341392121,-0.06336407705245228,-0.4781116111916644,ES.v.0,0.13954477253900444,27169.018928732497,0.7770023302590264,0.1917795838294669,-0.35590921649847973,0.03136352270345601,0.004666341428929632,-0.012961608739851638,-0.005929736983025569,0.955716660120792,False,1.0,9903.73789056883,-0.019938672081503017,False,0.0007417610147281771,0.08304645430108513,0.9338146019681122,0.005530843624759418,1881,0.00034003209595120026,-0.0003447502990796792,-0.00013414593748621142,9.300086002886338e-05,0.00018017725371342972,-0.0001025858896481179,7.742988550902613e-06,1.4464360742871734,-1.2881777973751203,-0.9002461647733572,0.3056002383905059,0.5167861822951071,-0.9894169039495512,0.06478598373838239,0.9865098599835862,0.0009514759458758857,0.006838720991943603,open,-3.2246361621965796,267.94387359551325,175,1.4094540293974152,0.282505071935612,False,0,175,run+ledger,0.5178804550613076,this run,0.6024746685830206,-0.8096444562357503,False,False,False,False,False,False,0,6,False,False,unrankable,2000.0
cme_futures,1h,ema_cross_sniper@allow_short=0,False,16,7.651388971072362,0.5299902496289559,0.11422258552539422,0.12278488847295121,-0.008562302947556999,0.9431096346786056,0.31586402266288954,1.6263339970121355,706,1.0335346985538458,1.1028159427621445,-0.06928124420829862,-0.22634529501118814,0.1486554333183826,0.18723308821348386,1.4814934901069818,14.219809169599964,45171,2019-01-03,2026-08-21,0.11055888950776496,0.17172962572574335,-0.17900310026289334,-0.374145512834133,0.19080886039322742,22877.086653813287,38044.95560808754,0.11895365527918503,-0.03376958966261107,0.3060865223855176,0.3615,-0.674111953757179,0.49989145477251395,-0.5467950724139465,0.4956929159632238,-2.4665895200532106,5,0.201513;-0.488181;-0.458620;-1.068747;-0.919941,0.6437962526298774,-0.25846926946140847,24257.080844698798,False,-1379.9941908855117,0.0,0.0009570934000307418,0.22638820594456677,0.5299902496289559,0.46405963201183437,0.6381039510357135,0.17404431902387912,ES.v.0,0.13954477253900444,27169.018928732497,0.7770023302590264,0.1917795838294669,-0.35590921649847973,0.5764893598167128,0.08306388465234193,-0.21929983949427134,0.03115870087305228,1.2423641630961497,True,1.0,22877.086653813287,-0.17900310026289334,False,0.5790949831592537,2.3123533933571467,0.020758216523933726,0.002983976282914358,1881,0.00047633098758521534,0.0018659117837792304,0.004742123384862477,0.0058733023809089055,0.00760490073349024,0.002642782922653671,-0.001522124220771115,0.16002655729004353,0.2923001325890761,1.212020667651062,0.6445930190733248,0.8908701502335848,0.8443174317565938,-0.34511896277388593,0.1384751183685986,0.6291833695307197,0.6799846924157696,open,0.5542965810336574,64.42455984648505,175,1.4094540293974152,0.9979177376356045,False,0,175,run+ledger,0.5178804550613076,this run,0.8484404369008285,0.18509426165301734,False,False,True,True,False,False,2,6,False,True,underpowered,2000.0
cme_futures,1h,faber_gtaa,False,16,7.651388971072362,0.5217474360555652,0.11291845998129268,0.12169248108403652,-0.008774021102743834,0.9416840705670794,0.07747933884297521,2.1974460765340824,1936,1.0311146235479767,1.1028159427621445,-0.07170131921416778,-0.3941521646620611,0.14719378206621914,0.014106016022870267,0.10773350673481019,14.219809169599964,45171,2019-01-03,2026-08-21,0.10957830495091685,0.17172962572574335,-0.2012916519575325,-0.374145512834133,0.19080886039322742,22673.007622498495,38044.95560808754,0.14645070504966776,-0.0055973574837264815,0.18191278811228448,0.267,-0.4228024850434635,0.262358716155699,-0.3492210256385632,0.1533734565817335,-5.0913761083808415,5,-0.244403;-0.496392;-0.199998;-0.273293;-0.532019,0.6380862037509837,-0.25646851572515494,24077.08522545664,False,-1404.0776029581448,0.0,0.002620104558684703,0.22758996347966232,0.5217474360555652,0.46326767550626985,0.560969413699857,0.09770173819358713,ES.v.0,0.13954477253900444,27169.018928732497,0.7770023302590264,0.1917795838294669,-0.35590921649847973,0.5713762787615361,0.08235577669473537,-0.21752723398718676,0.030562683286557313,1.2374583593063901,True,1.0,22673.007622498495,-0.2012916519575325,False,0.4380266334261296,1.6967626003182743,0.0897415521330085,0.003284909761328003,1881,-0.0014544396250285737,0.0020680315496355373,0.006524305939576038,0.002685312183738551,0.0061885650176594755,0.00437858158259464,-0.0012474316977437775,-0.469196753455706,0.31646618843943597,1.5063040787383204,0.26537758907194614,0.6853658166175358,1.3554951786874299,-0.2692744911619805,0.9142070896578653,0.6806576651405156,0.7315785656646852,open,0.4918371396696939,61.828601025290354,175,1.4094540293974152,0.9978661970704645,False,0,175,run+ledger,0.5178804550613076,this run,0.8490085582140948,0.18210606533388185,False,False,True,True,False,False,2,6,False,True,underpowered,2000.0
cme_futures,1h,CDLTHRUSTING,False,16,7.651388971072362,0.006989259317080263,-4.4684498174962783e-05,0.00912925180515356,-0.009173936303328523,0.9325090296111321,0.4841688654353562,1.0123414095770016,758,-0.0012676384668916481,1.1028159427621445,-1.1040835812290362,-1.5426295772070069,4.768906592239608e-05,0.007680438549133205,0.951326798709444,14.219809169599964,45171,2019-01-03,2026-08-21,0.008271596467962416,0.17172962572574335,-0.034957799394258915,-0.374145512834133,0.19080886039322742,9996.581523277126,38044.95560808754,0.007893155283871472,-0.007318346225767814,0.7157152938996697,0.0535,-2.5908640220763313,0.23069435140715103,-0.7216304415591466,1.8539850697018445,-0.8703493616693152,5,0.282479;1.526597;-0.530415;-1.515859;-3.370954,0.04816639198394556,-0.021801286768626027,10720.090857936062,False,-723.509334658936,0.0,0.0010365140874021518,-0.0063730577422200785,0.006989259317080263,0.4149775070203308,-0.001278241163610009,-0.41625574818394084,ES.v.0,0.13954477253900444,27169.018928732497,0.7770023302590264,0.1917795838294669,-0.35590921649847973,0.04313074573838702,0.006413315927828567,-0.017793490956117375,-0.0064580004260035295,0.9519374051607518,False,1.0,9996.581523277126,-0.034957799394258915,False,0.006932686806219991,0.8642914646095479,0.38742779780656855,0.009215578282810166,1881,-0.00037338540060959016,0.00038563218906519607,-0.00014972701549021604,-7.799262510202003e-05,-0.00044130212624248985,-0.00012149390705012025,4.1122662348946764e-05,-2.0024451942507517,1.5928071960694474,-0.7746643739331963,-0.22451885002045732,-1.7332821558683045,-1.5475314174419645,0.32916105305837096,0.3414385070616601,-0.0012006091106248383,0.011887374996717326,open,3.6008737085322142,235.93388751107005,175,1.4094540293974152,0.49860119551809395,False,0,175,run+ledger,0.5178804550613076,this run,0.6024746685830206,-0.6037423070499122,False,False,False,False,False,False,0,6,False,False,unrankable,2000.0
cme_futures,1h,CDLTRISTAR,False,16,7.651388971072362,0.005995324198651555,-0.003055682135226667,0.00618721656352772,-0.009242898698754387,0.9318243434419641,0.48813056379821956,0.8587644621070171,674,-0.5429728753981096,1.1028159427621445,-1.645788818160254,-2.089776022088846,4.8592109003209316e-08,-0.01361210242112472,-1.5283051375494114,14.219809169599964,45171,2019-01-03,2026-08-21,0.005607353245698506,0.17172962572574335,-0.032604897864347726,-0.374145512834133,0.19080886039322742,9768.560205123937,38044.95560808754,0.004950671936702313,-0.005497520874869218,0.7875431628865172,0.0135,-3.266742800502663,-0.20708463099728502,-1.8077897325103822,2.3594274762249796,-1.7132718727964515,5,-2.113535;1.084660;-0.119508;-2.991395;-4.899170,0.03265221840437475,-0.014825874706264397,10483.263582748783,False,-714.7033776248458,0.0,0.0009340872677282465,-0.3997792915273326,0.005995324198651555,0.41488670138691564,-0.09371850045167432,-0.5086052018385899,ES.v.0,0.13954477253900444,27169.018928732497,0.7770023302590264,0.1917795838294669,-0.35590921649847973,0.029238530680537108,0.0043506409985289984,-0.01208722906758708,-0.007406323133755666,0.9449415080644706,False,1.0,9768.560205123937,-0.032604897864347726,False,-0.014253127462015156,-1.4860061561684221,0.13727749265921263,0.0016938518333817765,1881,3.459316561723133e-05,0.00023376357898568847,-0.000275162326208891,-3.11347142014747e-05,0.00038005991802521284,7.234251707259104e-05,-8.696542016667854e-05,0.6595654578721633,0.8885562170942982,-0.920532668352307,-0.12843236001802658,0.7736760894986492,0.9343461323643019,-0.7660290211757361,0.12643679494596904,-0.001029246018515864,0.0029036470828549543,open,2.7852507802642545,500.7642632597461,175,1.4094540293974152,0.06906209088778265,False,0,175,run+ledger,0.5178804550613076,this run,0.6024746685830206,-1.1454475439811302,False,False,False,False,False,False,0,6,False,False,unrankable,2000.0
cme_futures,1h,CDLMORNINGDOJISTAR,False,16,7.651388971072362,0.005944686925293951,-0.0005843506218949912,0.008959924685828069,-0.00954427530772306,0.9298583983298172,0.49921752738654146,0.9961534207584117,639,-0.06794220713739421,1.1028159427621445,-1.1707581498995387,-2.6951230822372567,2.2347347964135622e-05,0.00012312545608773095,0.01370927427428785,14.219809169599964,45171,2019-01-03,2026-08-21,0.00811829262296972,0.17172962572574335,-0.01729618938945765,-0.374145512834133,0.19080886039322742,9955.37585535159,38044.95560808754,0.007730563344445094,-0.007736163098377463,0.43439876924940923,0.002,-2.036780798920344,-0.3759076027596367,-1.3064770505093233,1.1370306338715797,-2.569298846447987,5,-0.863907;-0.439735;-1.173200;-0.769608;-3.285935,0.04727368727825008,-0.021401109181573785,10706.335365936498,False,-750.9595105849087,0.0,0.0008792013800183817,-0.09364724600244545,0.005944686925293951,0.41488207545038125,-0.03378493428449412,-0.4486670097348754,ES.v.0,0.13954477253900444,27169.018928732497,0.7770023302590264,0.1917795838294669,-0.35590921649847973,0.042331370528932946,0.006294705966942704,-0.01746578742097371,-0.006879056588837695,0.9488688471971365,False,1.0,9955.37585535159,-0.01729618938945765,False,0.00013873366258781376,0.01450375164480845,0.9884280861993167,0.005435572116405996,1881,-1.528360574741714e-05,-0.00043898423276802893,0.0002112131865483483,-7.869421071748413e-05,-0.0007989799507674482,4.402229459603395e-05,0.00020934882893273193,-0.1103773572953535,-2.0511755848768387,0.9840582439893693,-0.21870536442925761,-1.3876603549717408,0.2719392735560032,1.1477353469589817,0.9890619243424557,2.506093112067567e-05,0.0054363351897508405,open,2.5904834818529316,410.135485981167,175,1.4094540293974152,0.425551418322288,False,0,175,run+ledger,0.5178804550613076,this run,0.6024746685830206,-0.6704168757204148,False,False,False,False,False,False,0,6,False,False,unrankable,2000.0
cme_futures,1h,CDLIDENTICAL3CROWS,False,16,7.651388971072362,0.007402391994276168,-0.0021183612544772856,0.007873947893749733,-0.009992309148227019,0.9265972403551825,0.4644243208279431,0.868702296668822,773,-0.29364613705014414,1.1028159427621445,-1.3964620798122886,-2.5209020636317785,1.446962960671705e-06,0.018671018718001083,1.5226079264811476,14.219809169599964,45171,2019-01-03,2026-08-21,0.007134979422417403,0.17172962572574335,-0.0433022544303997,-0.374145512834133,0.19080886039322742,9839.053280869512,38044.95560808754,0.005735770966126431,-0.005725520039370607,0.5539533248667554,0.005,-2.5092963577507943,-0.35587386634637475,-1.7778745944468117,0.7032658260040845,-5.65283894319337,5,-1.530921;-1.221873;-1.432371;-2.996059;-1.708148,0.04154774921487425,-0.018830842192895658,10618.478938160892,False,-779.4256572913805,0.0,0.0010742022973167027,-0.249094951337827,0.007402391994276168,0.415015253688807,-0.04892034565734115,-0.46393559934614814,ES.v.0,0.13954477253900444,27169.018928732497,0.7770023302590264,0.1917795838294669,-0.35590921649847973,0.037204061454017584,0.00553369477815524,-0.015361986130264738,-0.007652056032632526,0.9432260325703239,False,1.0,9839.053280869512,-0.0433022544303997,False,0.01652114716438692,1.3760588457866756,0.1688034154446285,0.007015404840569617,1881,-0.00045926318480121584,-0.0002400244227003628,0.0002293197737769651,-0.00023299560368811268,-2.2515437600700383e-05,0.0002419238531989019,0.0003800228234650485,-2.531966959404826,-0.8898355363339984,1.3210999883412402,-0.8269996041926414,-0.053539861838969194,1.3354180028409313,2.0787108783211843,0.127856825509991,-0.0034518881412248462,0.016358966825126053,open,3.077910597387642,622.5599235056147,175,1.4094540293974152,0.2099455801876806,False,0,175,run+ledger,0.5178804550613076,this run,0.6024746685830206,-0.8961208056331647,False,False,False,False,False,False,0,6,False,False,unrankable,2000.0
cme_futures,1h,MAXINDEX~MININDEX|or,False,16,7.651388971072362,0.9933433037031032,0.1796556476679707,0.18986273954722566,-0.010207091879254948,0.9362060839078378,0.552191235059761,1.491579883929473,1255,1.0523950151521486,1.1028159427621445,-0.050420927609995836,-2.279660118164844,0.16220951855865218,-0.00041486518189902963,-0.028466657109988566,14.219809169599964,45171,2019-01-03,2026-08-21,0.1708762345627064,0.17172962572574335,-0.37503264389256674,-0.374145512834133,0.19080886039322742,35401.962527646894,38044.95560808754,0.06709709947574528,-0.05546948681547707,0.022117739047251193,0.011,-0.09304903002334992,-0.0075601518960049414,-0.033320499145387,0.06732260585756858,-1.1067144562249995,5,0.001934;-0.051001;-0.119291;0.059375;-0.057620,0.9950306118735748,-0.37265006802287726,37814.28377379775,False,-2412.3212461508638,0.0,0.0017457041772168073,0.18096249378957174,0.9933433037031032,0.5093262339166849,0.4790400264981614,-0.030286207418523448,ES.v.0,0.13954477253900444,27169.018928732497,0.7770023302590264,0.1917795838294669,-0.35590921649847973,0.8910032608823052,0.12544195183523077,-0.322645625379248,0.05421369583273994,1.433290881978319,True,1.0,35401.962527646894,-0.37503264389256674,False,0.6196255147583237,1.928761102727762,0.05376052676207732,0.008327047440231605,1881,0.005890864748649163,0.0016221636759985465,0.012034875801947356,0.009016113519795404,0.003453763871068081,0.007963378423068646,0.011643864803475137,1.0222139766432323,0.14410335834397708,1.779380761351276,0.7172098718456431,0.25833010387070454,1.5240339193683046,1.4422500716092643,0.977289961017848,0.9955525161482873,0.99801659691397,open,-0.20845483155130742,37.06627066117985,175,1.4094540293974152,0.9981603144650548,False,0,175,run+ledger,0.5178804550613076,this run,0.9696917327253886,0.08270328242676006,False,False,True,False,False,False,1,6,False,True,underpowered,2000.0
cme_futures,1h,MAXINDEX~MININDEX|vote,False,16,7.651388971072362,0.9933433037031032,0.1796556476679707,0.18986273954722566,-0.010207091879254948,0.9362060839078378,0.552191235059761,1.491579883929473,1255,1.0523950151521486,1.1028159427621445,-0.050420927609995836,-2.279660118164844,0.16220951855865218,-0.00041486518189902963,-0.028466657109988566,14.219809169599964,45171,2019-01-03,2026-08-21,0.1708762345627064,0.17172962572574335,-0.37503264389256674,-0.374145512834133,0.19080886039322742,35401.962527646894,38044.95560808754,0.06709709947574528,-0.05546948681547707,0.022117739047251193,0.011,-0.09304903002334992,-0.0075601518960049414,-0.033320499145387,0.06732260585756858,-1.1067144562249995,5,0.001934;-0.051001;-0.119291;0.059375;-0.057620,0.9950306118735748,-0.37265006802287726,37814.28377379775,False,-2412.3212461508638,0.0,0.0017457041772168073,0.18096249378957174,0.9933433037031032,0.5093262339166849,0.4790400264981614,-0.030286207418523448,ES.v.0,0.13954477253900444,27169.018928732497,0.7770023302590264,0.1917795838294669,-0.35590921649847973,0.8910032608823052,0.12544195183523077,-0.322645625379248,0.05421369583273994,1.433290881978319,True,1.0,35401.962527646894,-0.37503264389256674,False,0.6196255147583237,1.928761102727762,0.05376052676207732,0.008327047440231605,1881,0.005890864748649163,0.0016221636759985465,0.012034875801947356,0.009016113519795404,0.003453763871068081,0.007963378423068646,0.011643864803475137,1.0222139766432323,0.14410335834397708,1.779380761351276,0.7172098718456431,0.25833010387070454,1.5240339193683046,1.4422500716092643,0.977289961017848,0.9955525161482873,0.99801659691397,open,-0.20845483155130742,37.06627066117985,175,1.4094540293974152,0.9981603144650548,False,0,175,run+ledger,0.5178804550613076,this run,0.9696917327253886,0.08270328242676006,False,False,True,False,False,False,1,6,False,True,underpowered,2000.0
cme_futures,1h,tsmom12,False,16,7.651388971072362,0.5254070272533445,0.1128216856321449,0.1231393777750096,-0.01031769214286471,0.9318213733504409,0.3148991541964867,2.121779626569532,1537,1.0195405905407546,1.1028159427621445,-0.08327535222138982,-0.5666358224410489,0.139861123349371,0.21291763559756063,1.6236340122465835,14.219809169599964,45171,2019-01-03,2026-08-21,0.11087709531540305,0.17172962572574335,-0.18440607773468853,-0.374145512834133,0.19080886039322742,22657.926948992685,38044.95560808754,0.04395220267062961,-0.009521324355162149,0.1469645033429801,0.226,-0.39746282310587017,0.18047351471008008,-0.20537726896756642,0.34474613134521986,-1.3321035181823926,5,0.143021;-0.549353;-0.130259;0.091671;-0.581965,0.6456491991223263,-0.25911748999168926,24315.74075997445,False,-1657.8138109817653,0.0,0.0021001424833300406,0.22563504677400026,0.5254070272533445,0.4636192180520105,0.6118111019880017,0.1481918839359912,ES.v.0,0.13954477253900444,27169.018928732497,0.7770023302590264,0.1917795838294669,-0.35590921649847973,0.5781485865252295,0.083293545909501,-0.21987441463356172,0.029528139722643898,1.2284679197264698,True,1.0,22657.926948992685,-0.18440607773468853,False,0.6452328789113969,2.5067011345783152,0.012186370223744358,0.006444610599269263,1881,-0.0005977844231504308,0.0030718242413583716,0.008870393288286874,0.0021738373929390785,0.009177241447004332,0.009025654975548296,0.0010992509539267791,-0.19403689119799306,0.4925003173659676,1.9419231153944219,0.20815284933517622,1.0711431597510621,2.560807323314978,0.23530445329606633,0.1044539419552506,0.6941362888201611,0.7518465303675053,open,0.521478076624275,57.000619223935104,175,1.4094540293974152,0.9976465499979668,False,0,175,run+ledger,0.5178804550613076,this run,0.8487563273782536,0.17078426316250106,False,False,True,True,False,False,2,6,False,True,underpowered,2000.0
cme_futures,1h,CDLGAPSIDESIDEWHITE,False,16,7.651388971072362,0.013825466888826124,0.0015358466489372447,0.012104619508608527,-0.010568772859671283,0.9228221572112109,0.514878892733564,1.044967186905926,1445,0.1454442517956159,1.1028159427621445,-0.9573716909665285,-2.651246262760259,0.0002245987300235064,-0.00623058649634322,-0.41674070704323257,14.219809169599964,45171,2019-01-03,2026-08-21,0.010964720972922923,0.17172962572574335,-0.029689203069431125,-0.374145512834133,0.19080886039322742,10118.115571702763,38044.95560808754,0.005688291039937831,-0.005777421763642526,0.36110251409455724,0.0065,-1.6315092829594133,-0.21736302954646222,-0.6017291203039798,0.9021015066228237,-1.4915252963915244,5,-0.452119;0.237033;-0.222871;-2.137122;-0.433567,0.06384874436536574,-0.028807564151260845,10964.31798113727,False,-846.2024094345066,0.0,0.002021094653266137,0.11739827049025053,0.013825466888826124,0.41560233549482994,0.05173081424063543,-0.36387152125419453,ES.v.0,0.13954477253900444,27169.018928732497,0.7770023302590264,0.1917795838294669,-0.35590921649847973,0.05717355702822313,0.008495380873078107,-0.02353756476354163,-0.006959534224140862,0.9483946498160182,False,1.0,10118.115571702763,-0.029689203069431125,False,-0.002143910542460986,-0.14437137264690886,0.8852072212799083,0.00308085479902076,1881,0.00041057622323694944,9.272403439794641e-05,-0.00012413764088047783,0.00017212659729500844,0.0008492245759324613,0.0002003024975186432,-8.748179210447798e-05,1.6778234507002627,0.27791553504498584,-0.3576580805368394,0.32952674788463515,1.3840451421255897,1.0390465467101784,-0.3435527660821489,0.6768680760094083,0.0065616702721238845,0.023865554970111225,open,4.328870470320373,895.4090662666805,175,1.4094540293974152,0.656822471068855,False,0,175,run+ledger,0.5178804550613076,this run,0.6024746685830206,-0.45703041678740464,False,False,False,False,False,False,0,6,False,False,unrankable,2000.0
cme_futures,1h,CDLHIKKAKEMOD,False,16,7.651388971072362,0.01224169937393023,-0.0027778124722225295,0.01127165392478946,-0.01404946639701199,0.8984851740675374,0.47467811158798284,0.9534472880666498,1165,-0.2673126236182214,1.1028159427621445,-1.370128566380366,-2.4398865681628386,1.2531312391095284e-06,0.00023246788883762398,0.012340167219811713,14.219809169599964,45171,2019-01-03,2026-08-21,0.01021090047324998,0.17172962572574335,-0.040000805784852655,-0.374145512834133,0.19080886039322742,9789.412010399283,38044.95560808754,0.006507056242240623,-0.006166824396331097,0.5615542067646332,0.0065,-2.4690650318174194,-0.27628555907433305,-1.3810367543710005,1.6883692909517698,-1.8290382789765227,5,-2.617458;1.342987;-1.107411;-1.618421;-2.904881,0.059459166874078276,-0.026850988291838074,10895.463044850901,False,-1106.0510344516183,0.0,0.0016787630096468666,-0.2032622543858189,0.01224169937393023,0.4154575367332353,-0.06944391288423546,-0.4849014496174708,ES.v.0,0.13954477253900444,27169.018928732497,0.7770023302590264,0.1917795838294669,-0.35590921649847973,0.05324289619029342,0.00791290235262987,-0.021932201256773642,-0.010690714824852399,0.9216496596328296,False,1.0,9789.412010399283,-0.040000805784852655,False,0.001135180659952268,0.05705963545448466,0.9544976902496738,0.0007435631145124022,1881,1.9953990955989667e-05,0.0001614611624064311,-0.0003395048955649763,0.0003589826620979715,0.0005870330986339128,1.2157511191411628e-05,0.00020313781550235235,0.07229270182949588,0.4042066840950354,-0.916863437129378,0.7568015850491547,0.9705719036611028,0.0462092625203476,0.9198822390477823,0.9901542209836443,0.0014494184567931192,0.0013677749201842504,open,-9.488473844698067,1218.5953935623272,175,1.4094540293974152,0.22647810969667254,False,0,175,run+ledger,0.5178804550613076,this run,0.6024746685830206,-0.869787292201242,False,False,False,False,False,False,0,6,False,False,unrankable,2000.0
cme_futures,1h,momo_regime,False,16,7.651388971072362,0.43201810764904347,0.09569578276859048,0.11045581110654279,-0.014760028337952313,0.9026835989782036,0.18534718425369054,1.9589328408116096,1829,0.9682819572379763,1.1028159427621445,-0.13453398552416818,-0.7657853157679164,0.11046292385964651,0.17148476664460702,1.324543288278021,14.219809169599964,45171,2019-01-03,2026-08-21,0.09949233374995482,0.17172962572574335,-0.18911982740562483,-0.374145512834133,0.19080886039322742,20122.574893880246,38044.95560808754,0.05607924331924251,-0.006513224198509432,0.1756810724285824,0.162,-0.5034075055839005,0.1588903530887847,-0.3970617242309598,0.3417908986193687,-2.5976613485909494,5,-0.034279;-0.802143;-0.292489;-0.146501;-0.709897,0.5793545134072944,-0.23560720584886696,22291.946942049326,False,-2169.3720481690802,0.0,0.0024638617062846934,0.2355807292714729,0.43201810764904347,0.4546815461714408,0.5060060813366852,0.051324535165244434,ES.v.0,0.13954477253900444,27169.018928732497,0.7770023302590264,0.1917795838294669,-0.35590921649847973,0.5187848036964394,0.07503925916716025,-0.19911970958536762,0.02065652360143022,1.156761492221984,True,1.0,20122.574893880246,-0.18911982740562483,False,0.5545954776144998,2.293372700872651,0.02182655691854385,0.004332113222876521,1881,-0.0015852077064821488,0.00158387294418682,0.006668398446288371,0.00036317236239012674,0.00794489524402957,0.005912189762703759,-0.00022786246755551073,-0.5906143684990525,0.26798822319869936,1.6803626904081042,0.03893683744349757,0.9950061083190418,1.9968631805351964,-0.050812409443737466,0.18532267638300004,0.6151322472033306,0.6821997670220121,open,0.7386341711175036,81.3202866760145,175,1.4094540293974152,0.9963906357465013,False,0,175,run+ledger,0.5178804550613076,this run,0.778765818762445,0.18951613847553128,False,False,True,True,False,False,2,6,False,True,underpowered,2000.0
cme_futures,1h,CDLEVENINGDOJISTAR,False,16,7.651388971072362,0.006393809584186153,-0.004727075958874227,0.010426208271679949,-0.015153284230554176,0.8908168561585305,0.4622222222222222,0.8555558025227413,675,-0.49691449936294696,1.1028159427621445,-1.5997304421250913,-2.746359636821292,1.4416761573432524e-07,0.03225186517644714,1.0272183933123402,14.219809169599964,45171,2019-01-03,2026-08-21,0.009445682757431184,0.17172962572574335,-0.03971256413370261,-0.374145512834133,0.19080886039322742,9643.948687991024,38044.95560808754,0.007981912348098823,-0.00801874831082974,0.5824912442919022,0.002,-2.7975673454808607,-0.5257654768140129,-1.6158212511582224,1.2874526708872716,-2.8063836743517117,5,-1.779703;0.289977;-1.298439;-2.033046;-3.257895,0.05500322217272041,-0.02486123923694361,10825.961162857451,False,-1182.0124748664284,0.0,0.0009386899848019472,-0.5233980712167934,0.006393809584186153,0.41492310568120566,-0.11903225243676799,-0.5339553581179737,ES.v.0,0.13954477253900444,27169.018928732497,0.7770023302590264,0.1917795838294669,-0.35590921649847973,0.04925280662737499,0.007321375821378373,-0.02030063031817375,-0.0120484517802526,0.9120421471358114,False,1.0,9643.948687991024,-0.03971256413370261,False,0.016496059658068423,0.4894778349332253,0.6245034430120562,0.003716578001159543,1881,0.00034702768438287554,-0.0007239572715682718,0.0004384752794685163,0.0006274947598640208,-0.0024213719288872196,0.00034730720862082666,-0.00028883744883866286,0.5279681668964421,-0.9715739738226111,0.8128031558689365,0.5666480887649197,-1.2295385976153983,0.8295495112108922,-0.44950932515899683,0.30431763896855335,-0.025297919837539033,0.07571253070352812,open,6.733726489630554,1212.8315389270379,175,1.4094540293974152,0.09054182574280456,False,0,175,run+ledger,0.5178804550613076,this run,0.6024746685830206,-1.0993891679459675,False,False,False,False,False,False,0,6,False,False,unrankable,2000.0
cme_futures,1h,MAXINDEX~MULT|and,False,16,7.651388971072362,0.47114346187119654,0.09532384642376002,0.11066547363612966,-0.015341627212369646,0.8990421126743223,0.33997469955724224,1.099192660465446,28458,0.9632289756795663,1.1028159427621445,-0.13958696708257812,-0.557081456335637,0.10763780280740876,-0.2082862907721764,-1.4721570566095532,14.219809169599964,45171,2019-01-03,2026-08-21,0.09968052457598611,0.17172962572574335,-0.19714212990736102,-0.374145512834133,0.19080886039322742,20070.369879794358,38044.95560808754,0.011780626041180547,-0.0055205273459088934,0.2505683244255722,0.2655,-0.619102197386298,0.33993500920083436,-0.6545661051446101,0.3274030927904397,-4.470496275389376,5,-0.371536;-0.520287;-1.213089;-0.649975;-0.517944,0.5804503687393955,-0.23600119613944226,22324.17102252566,False,-2253.8011427313045,0.5,0.038527431294059236,0.21319016101672106,0.47114346187119654,0.4584174494461404,0.48352854089865827,0.025111091452517886,ES.v.0,0.13954477253900444,27169.018928732497,0.7770023302590264,0.1917795838294669,-0.35590921649847973,0.5197660907671144,0.07517632266949237,-0.19946609939756554,0.02014752375426765,1.1526355472941148,True,1.0,20070.369879794358,-0.19714212990736102,False,0.14318594878354848,0.6217203927205743,0.5341257399694577,0.004303391058952721,1881,0.0011675501025593463,-0.004004515096038857,0.0020024358855648657,0.009047470075363991,0.007789437990239576,0.0009085896055944051,0.00639408276488112,0.37254919588334073,-0.723846062579511,0.45833984921878934,0.9376470884341398,0.9261451194009241,0.31301315064349616,1.257310830550401,0.1409784708336863,0.5643327172977182,0.6312701064261232,open,0.9018879539464719,88.17445884341058,175,1.4094540293974152,0.9962628004233077,False,0,175,run+ledger,0.5178804550613076,this run,0.8173519273069089,0.14587704837265747,False,False,True,True,False,False,2,6,False,True,underpowered,2000.0
cme_futures,1h,donchian_s1,False,16,7.651388971072362,0.40386175989632855,0.08804334256428725,0.1047860628272419,-0.016742720262954647,0.8897255413159787,0.4168012924071082,1.5627580480531498,619,0.9410006270609358,1.1028159427621445,-0.16181531570120866,-0.6703260604761196,0.09632433508834459,-0.010372183652435285,-0.0832094539962418,14.219809169599964,45171,2019-01-03,2026-08-21,0.0944031079459448,0.17172962572574335,-0.20872790674813524,-0.374145512834133,0.19080886039322742,19071.91487634242,38044.95560808754,0.08393450791531192,-0.038384979104434766,0.24139791847906727,0.201,-0.628664392325907,0.27777095702493854,-0.6205030723771026,0.2188072258762686,-6.341139075851505,5,-0.276769;-0.682517;-0.845112;-0.555712;-0.742406,0.5497194065787402,-0.2248833968168379,21435.728200107034,False,-2363.8133237646143,0.0,0.0008196533683145442,0.23236528203817453,0.40386175989632855,0.4520008505337953,0.4218091578455109,-0.03019169268828442,ES.v.0,0.13954477253900444,27169.018928732497,0.7770023302590264,0.1917795838294669,-0.35590921649847973,0.49224795497465135,0.07132490261192181,-0.18970991921407587,0.016718439952365438,1.1257852635288415,True,1.0,19071.91487634242,-0.20872790674813524,False,0.3329474103142884,1.387982930332963,0.16514224299691227,0.0015566244078666358,1881,0.000590591618512813,0.0028841085191821996,0.002070847882358822,0.004570885771961289,0.006595039664939663,0.0013967607615716267,0.00035000242613953737,0.21185674383414926,0.5375593639399522,0.6319873296459525,0.5046549097341694,0.8597733477339687,0.507593982908968,0.0778942404094168,0.9336849956091897,0.5512426233425827,0.6075419234796334,open,1.1935085766528621,104.90710673107617,175,1.4094540293974152,0.9955640609772451,False,0,175,run+ledger,0.5178804550613076,this run,0.7509975362203082,0.1900030908406276,False,False,True,False,False,False,1,6,False,True,underpowered,2000.0
cme_futures,1h,golden_cross,False,16,7.651388971072362,0.5261698890683749,0.10469957547910869,0.12165357574270863,-0.016954000263599944,0.889998845714928,0.40625,3.0910825010610425,96,0.9637902432505628,1.1028159427621445,-0.1390256995115816,-0.9696105256744881,0.10965202637268912,0.15069474941243494,1.2088691925385,14.219809169599964,45171,2019-01-03,2026-08-21,0.10954338237318006,0.17172962572574335,-0.21321103134955455,-0.374145512834133,0.19080886039322742,21422.89190035864,38044.95560808754,0.43207281759809507,-0.09563923636268572,0.14338303455902715,0.106,-0.4609373143439898,0.11292832720461211,-0.2300459700226331,0.2658054062749622,-1.9352444110499671,5,-0.223080;-0.007691;-0.140241;-0.094537;-0.684680,0.6378828458411927,-0.2563971717706841,24070.6962750607,False,-2647.8043747020583,0.0,0.00012522236206032478,0.20833328431059828,0.5261698890683749,0.4636925121452282,0.491060780562785,0.027368268417556796,ES.v.0,0.13954477253900444,27169.018928732497,0.7770023302590264,0.1917795838294669,-0.35590921649847973,0.571194181287762,0.0823305474668814,-0.2174640488556564,0.022369028012227288,1.1694374932465756,True,1.0,21422.89190035864,-0.21321103134955455,False,0.4604544776736392,2.1021825778249448,0.035537285360373705,0.008564876356409679,1881,-0.0028270051088256764,0.008113963135542456,0.00984425875651939,-0.002508652790390432,0.003890583486314364,0.007448859712088897,0.0015673155217433262,-0.7827399158478452,1.2219405458182573,2.1318641015667446,-0.31300383421244043,0.4249916034938686,2.172134929122651,0.35344342831923287,0.22671310357698848,0.4973580541667015,0.5769777657846284,open,-0.4896476245601036,25.752096869217077,175,1.4094540293974152,0.996052061331616,False,0,175,run+ledger,0.5178804550613076,this run,0.8487037484800003,0.11508649477056254,False,False,True,True,False,False,2,6,False,True,underpowered,2000.0
cme_futures,1h,MAXINDEX~ADD|and,False,16,7.651388971072362,0.471485659595841,0.09372591582531409,0.11131305976898753,-0.017587143943673444,0.8850989507624275,0.3401840921866217,1.0979855913909888,28464,0.9436823209655002,1.1028159427621445,-0.15913362179664425,-0.6754518141557503,0.09861133379953735,-0.20286395071298782,-1.4367448908007348,14.219809169599964,45171,2019-01-03,2026-08-21,0.10026178976806824,0.17172962572574335,-0.1990182963255297,-0.374145512834133,0.19080886039322742,19847.421344718525,38044.95560808754,0.011779577471820221,-0.00553126277312907,0.23559581669870258,0.2325,-0.6156437169843707,0.2823654605964634,-0.6549824313926087,0.31648221249777453,-4.627701598465867,5,-0.401415;-0.526604;-1.203169;-0.624494;-0.519231,0.5838351381967658,-0.23721696724935037,22423.957601149436,False,-2576.5362564309103,0.5,0.03853549472264778,0.20926976535513298,0.471485659595841,0.4584501793487715,0.47094120267218414,0.01249102332341262,ES.v.0,0.13954477253900444,27169.018928732497,0.7770023302590264,0.1917795838294669,-0.35590921649847973,0.5227969931211366,0.07559954078285869,-0.20053528881302807,0.0181263750424554,1.1364045803684988,True,1.0,19847.421344718525,-0.1990182963255297,False,0.14904841879042088,0.6468621206181929,0.5177211833541078,0.004199868134336926,1881,0.0011521051507609736,-0.004143255824716177,0.0017437327547966059,0.008886447844379326,0.008051238082038783,0.0008338076660973036,0.006330013549866744,0.36755936570666464,-0.7478720869533548,0.3984254561098644,0.9233439315269142,0.9563025998035533,0.28644731445620214,1.2416895533441077,0.1507904944574774,0.5650394010735249,0.6320893046526164,open,0.45630422072368954,102.69719172618407,175,1.4094540293974152,0.9955073962956795,False,0,175,run+ledger,0.5178804550613076,this run,0.8176894086871879,0.12599291227831233,False,False,True,True,False,False,2,6,False,True,underpowered,2000.0
cme_futures,1h,CDLMATCHINGLOW,False,16,7.651388971072362,0.08543801167580806,0.013310104322754368,0.031151617415242416,-0.01784151309248805,0.8749863801965782,0.5059199621122424,1.070991429516562,8446,0.48335982535720656,1.1028159427621445,-0.6194561174049379,-1.6848731592571202,0.005270982405727154,-0.0221993380492653,-0.4482565735566704,14.219809169599964,45171,2019-01-03,2026-08-21,0.02817632102915425,0.17172962572574335,-0.05820653473954562,-0.374145512834133,0.19080886039322742,11064.63600917565,38044.95560808754,0.006729750912575495,-0.006434243651109539,0.3676574191959133,0.038,-1.3484678829337882,0.07076512875905969,-1.0968589200842533,0.7803491648940662,-3.1430175328865144,5,-0.993546;0.186945;-1.534130;-1.312316;-1.831247,0.16407373457013505,-0.07253782278295551,12645.495129523984,False,-1580.8591203483347,0.0,0.011849299692529458,0.1673766150297964,0.08543801167580806,0.42217621305614605,0.22867027529318731,-0.19350593776295874,ES.v.0,0.13954477253900444,27169.018928732497,0.7770023302590264,0.1917795838294669,-0.35590921649847973,0.14692033670387475,0.021728818771459713,-0.05967870069526826,-0.008418714448705344,0.9386560724236228,False,1.0,11064.63600917565,-0.05820653473954562,False,0.012354647195737473,0.23153663245856754,0.8168979298944223,0.004247794456801346,1881,0.0012156761349686937,-0.0002925997841976599,0.000552519751374331,0.0011323975865383527,0.0026976264683341105,0.0004300419001268782,0.0007772101665388771,1.4289328576614755,-0.15322022626392276,0.3767752744954124,0.6402315364128286,0.9378743294992435,0.4372802590494674,0.8323895923429203,0.6539680376729604,0.055480752651835004,0.1271453276155915,open,-0.40114378714126064,72.48363681231913,175,1.4094540293974152,0.9090387830051362,False,0,175,run+ledger,0.5178804550613076,this run,0.6024746685830206,-0.119114843225814,False,False,False,False,False,False,0,6,False,False,unrankable,2000.0
cme_futures,1h,MININDEX~LINEARREG_100|vote,False,16,7.651388971072362,0.5456287841258287,0.09709228061905595,0.11668790774248827,-0.019595627123432324,0.8733153972874845,0.2972396405714655,1.0910135273433248,30938,0.9343559396791579,1.1028159427621445,-0.1684600030829866,-0.7776726400504412,0.09521506900148491,-0.305702599122238,-2.1116231723103627,14.219809169599964,45171,2019-01-03,2026-08-21,0.10508616832187898,0.17172962572574335,-0.21134115815558174,-0.374145512834133,0.19080886039322742,20319.642606434485,38044.95560808754,0.014029477690804973,-0.005438897053044603,0.2166207146905155,0.219,-0.6166464421861924,0.22856956183007543,-0.6587418748002287,0.3835017540031989,-3.8408992822147057,5,-0.158360;-0.413419;-1.124977;-0.901682;-0.695272,0.611928011126655,-0.24724098950490536,23267.244193274553,False,-2947.6015868400696,0.5,0.04191599477709846,0.18510154701158243,0.5456287841258287,0.46556360232730853,0.45941018524929306,-0.006153417078015477,ES.v.0,0.13954477253900444,27169.018928732497,0.7770023302590264,0.1917795838294669,-0.35590921649847973,0.5479528436943688,0.07910453326703526,-0.20936827693405335,0.01798774735202069,1.1348389566352828,True,1.0,20319.642606434485,-0.21134115815558174,False,-0.09371447409279002,-0.5170417714514784,0.6051269997402746,0.005638751244217088,1881,0.0015537685296367,0.0007023655242517487,0.004116654826661324,0.004372707680697653,0.0006003645221640667,0.0033482991675189595,0.0067766602623292125,0.4675857809244466,0.11881879489190587,0.9776172973000187,0.5847269609847551,0.06971546028606204,1.0299763015754395,1.2030396001644867,0.034718783403123954,0.3403734951697359,0.3902954771437507,open,-0.443872710002561,55.902472375683914,175,1.4094540293974152,0.9949874422882631,False,0,175,run+ledger,0.5178804550613076,this run,0.8473625786335247,0.08699336104563316,False,False,True,False,False,False,1,6,False,True,underpowered,2000.0
cme_futures,1h,CDL3LINESTRIKE,False,16,7.651388971072362,0.015508503737400594,-0.0049381987554024676,0.014827523508787355,-0.019765722264189822,0.8602812112396128,0.5023724792408066,0.9680154799533625,1686,-0.361942424869539,1.1028159427621445,-1.4647583676316835,-2.2761231941573143,4.0260072992071017e-07,-0.006053471672900924,-0.27630373653733853,14.219809169599964,45171,2019-01-03,2026-08-21,0.013428212988727786,0.17172962572574335,-0.05286268725046339,-0.374145512834133,0.19080886039322742,9628.307067409994,38044.95560808754,0.007930472724750002,-0.008270622964237714,0.6435321125814453,0.0095,-2.73586582444157,-0.2120573638022149,-1.5881816552230679,2.472063380262639,-1.4365659756343365,5,-1.771322;0.797479;-0.965176;-0.323302;-5.678587,0.07819392217259583,-0.03517725072980005,11192.04620723518,False,-1563.7391398251855,0.0,0.002358923244168788,-0.2732753199242055,0.015508503737400594,0.4157562382659693,-0.09341558313154388,-0.5091718213975132,ES.v.0,0.13954477253900444,27169.018928732497,0.7770023302590264,0.1917795838294669,-0.35590921649847973,0.070018991180356,0.010397270306545137,-0.028770717811834823,-0.015335469061947604,0.8895669441034283,False,1.0,9628.307067409994,-0.05286268725046339,False,0.0008226074343015684,0.03954484180377533,0.968456002867838,0.007243496776078051,1881,2.016674163417013e-05,-0.0010276481996646016,-0.0002301265015566186,-0.0009353857624389656,-0.0010329068148603356,-0.0003030983275312399,-0.00038247551780407985,0.049015408158927645,-1.521044346155694,-0.5746766067427244,-1.57255837544158,-1.6172467786976568,-0.9856620417386895,-1.0115105022335265,0.7823147862471431,0.011040406524926763,0.037149208059117256,open,-3.1529543409068395,182.88251544294351,175,1.4094540293974152,0.1566874769643023,False,0,175,run+ledger,0.5178804550613076,this run,0.6024746685830206,-0.9644170934525595,False,False,False,False,False,False,0,6,False,False,unrankable,2000.0
cme_futures,1h,CDLSTALLEDPATTERN,False,16,7.651388971072362,0.01581989322409061,-0.005396695203503721,0.014487086742208666,-0.019883781945712387,0.8594564501634447,0.46711739397664415,0.9249857487003107,1627,-0.4058774148169391,1.1028159427621445,-1.5086933575790835,-2.3767419241687677,2.3529231368835113e-07,0.016411419085497557,0.5248337764065284,14.219809169599964,45171,2019-01-03,2026-08-21,0.013120267140621865,0.17172962572574335,-0.048288308440136984,-0.374145512834133,0.19080886039322742,9594.4140140948,38044.95560808754,0.006630749888161339,-0.006283796323845536,0.6347737388891004,0.0045,-2.7243260091422568,-0.27896583474614217,-1.7429067336710045,2.008850236881371,-1.9400440427957264,5,-1.683015;0.890373;-1.462695;-1.695789;-4.763408,0.07640072052317444,-0.034383056930631484,11163.350990350016,False,-1568.9369762552162,0.0,0.002250657164888246,-0.2896924973107612,0.01581989322409061,0.41578471598640077,-0.11175987268624255,-0.5275445886726433,ES.v.0,0.13954477253900444,27169.018928732497,0.7770023302590264,0.1917795838294669,-0.35590921649847973,0.068413263177631,0.010159666157411262,-0.02811765790024312,-0.015556361360914983,0.8880321197884233,False,1.0,9594.4140140948,-0.048288308440136984,False,0.005703505806618997,0.1782760515774214,0.8585061856001657,0.004617742762772936,1881,-3.172983868521411e-05,-0.0018184533922984511,-9.15857959882839e-05,-0.0013294835947818065,-0.0008202474034562902,-0.00031111546555000197,0.0005508746937692423,-0.08432166324206566,-1.9606757745159447,-0.18795496336194034,-1.0370826463223548,-0.5997697970878816,-0.6466233498692621,1.3255364388717235,0.5996987490574566,-0.017192896386059486,0.03476206771199175,open,-1.831083403499248,445.87352693435656,175,1.4094540293974152,0.12999880786314388,False,0,175,run+ledger,0.5178804550613076,this run,0.6024746685830206,-1.0083520833999597,False,False,False,False,False,False,0,6,False,False,unrankable,2000.0
cme_futures,1h,CDLEVENINGSTAR,False,16,7.651388971072362,0.017477150640297347,-0.0031819774842377635,0.016894368453816755,-0.02007634593805452,0.8584979681728416,0.48620876149269876,1.0036853812804403,1849,-0.20068942051974786,1.1028159427621445,-1.3035053632818923,-2.1845969418245756,4.183058207207768e-06,0.04090645072402525,1.0947823653138173,14.219809169599964,45171,2019-01-03,2026-08-21,0.01529745401305001,0.17172962572574335,-0.0494593324801752,-0.374145512834133,0.19080886039322742,9759.095560173468,38044.95560808754,0.008480720908351239,-0.007995971896545925,0.5966800274805861,0.0115,-2.5075852165395895,-0.13827516235714063,-1.2141208814876534,1.5360361834204381,-1.7674432758888068,5,-1.385880;1.088966;-0.962657;-1.630329;-3.180705,0.08907871282198238,-0.03998555452752528,11367.639670649363,False,-1608.5441104758947,0.0,0.0025677562767435027,-0.16669477081113915,0.017477150640297347,0.415936294984125,-0.06433522905941354,-0.4802715240435385,ES.v.0,0.13954477253900444,27169.018928732497,0.7770023302590264,0.1917795838294669,-0.35590921649847973,0.07976581087303183,0.011838675829155543,-0.032728047765760215,-0.015020653313393306,0.8918692964023126,False,1.0,9759.095560173468,-0.0494593324801752,False,0.017969376320901786,0.44917894721288715,0.6533025732260349,0.0026277953730398096,1881,0.0007492330126253493,-0.000488524458750289,-0.00030151623373314784,0.0015906931617536064,-0.0007950271705845309,0.00013747050442869168,-0.00011683602366774945,1.0524271821724374,-0.5888782406586582,-0.42160199711137775,0.9974749808424488,-0.37602157232326267,0.276038215470594,-0.16991331006712393,0.2736119940023882,-0.036828346788174565,0.11157217704537936,open,-0.5385087088528956,351.40890389176724,175,1.4094540293974152,0.2893281849936169,False,0,175,run+ledger,0.5178804550613076,this run,0.6024746685830206,-0.8031640891027685,False,False,False,False,False,False,0,6,False,False,unrankable,2000.0
cme_futures,1h,vwma_offset_dip,False,16,7.651388971072362,0.03414677826828322,0.02213241099671226,0.042229456256048126,-0.020097045259335866,0.861585634365796,0.28817204301075267,1.2823436650756972,465,0.5925916191306257,1.1028159427621445,-0.5102243236315187,-1.3325314638910914,0.00977528233195002,0.06984382812832096,1.4940449683104458,14.219809169599964,45171,2019-01-03,2026-08-21,0.03816652026258191,0.17172962572574335,-0.07422051706317978,-0.374145512834133,0.19080886039322742,11823.416166676267,38044.95560808754,0.06610674555486792,-0.020869793468035212,0.38289851868985186,0.1005,-1.2303664029454455,0.2567779448446374,-0.624344064579571,0.8989080985826926,-1.5530795327682894,5,-0.754978;0.836325;-0.780503;-0.782246;-1.640318,0.22224773449128007,-0.09710703495858342,13722.85666691664,False,-1899.4405002403726,0.0,0.000642671135713764,0.8985428305360488,0.03414677826828322,0.41746251985472155,0.2981980168350508,-0.11926450301967073,ES.v.0,0.13954477253900444,27169.018928732497,0.7770023302590264,0.1917795838294669,-0.35590921649847973,0.19901242614292103,0.029349602410867925,-0.0802072583532979,-0.007217191414155666,0.9475875223393063,False,1.0,11823.416166676267,-0.07422051706317978,False,0.09308088815571415,1.8779782352885173,0.06038414256615465,0.023336095103759003,1881,0.0007063363301071976,0.0027943819022090218,5.625003563192697e-05,0.003240204092716118,0.0017322002743545282,0.0016791873581836294,0.004007953020374836,0.8364095082435634,1.831280673503963,0.04766231600470187,2.0405037572443527,0.8369937010182324,1.696671483422698,2.250957221555718,0.13516386619955112,0.03731001129376511,0.08310739139098267,open,9.570066124927934,693.939323542399,175,1.4094540293974152,0.9548505467468975,False,0,175,run+ledger,0.5178804550613076,this run,0.6024746685830206,-0.009883049452394821,False,False,False,False,False,False,0,6,False,False,unrankable,2000.0
cme_futures,1h,CDLINVERTEDHAMMER,False,16,7.651388971072362,0.044974421565043866,-0.0009753679974749963,0.020089032735702617,-0.021064400733177613,0.8524403835781758,0.5016237280796709,1.0149458961196642,4619,-0.04456853033578986,1.1028159427621445,-1.1473844730979343,-2.1593553495051774,2.893006509407936e-05,-0.007880866226369014,-0.26890608438604774,14.219809169599964,45171,2019-01-03,2026-08-21,0.018185539119350072,0.17172962572574335,-0.05990683002507424,-0.374145512834133,0.19080886039322742,9925.612436724396,38044.95560808754,0.005954232983098522,-0.005904778986415871,0.5313550978818103,0.0075,-2.170244949489899,-0.1870710888381249,-1.5667065892523957,2.1301690013460455,-1.644593660010779,5,-1.716831;0.092133;-0.597405;-0.421773;-5.189657,0.10589634166205456,-0.04737268045890353,11643.76140306841,False,-1718.1489663440163,0.0,0.00646155465831571,-0.021464051998476785,0.044974421565043866,0.4184553812995626,-0.01628141560931787,-0.4347367969088805,ES.v.0,0.13954477253900444,27169.018928732497,0.7770023302590264,0.1917795838294669,-0.35590921649847973,0.09482520900410812,0.01406280827641071,-0.0388195324885281,-0.015038176273885706,0.891975138962277,False,1.0,9925.612436724396,-0.05990683002507424,False,0.0072825896839445944,0.2394000538893213,0.810795388223529,0.002787384070225163,1881,-0.0004539439383046586,0.0004761096348590817,-0.00020666479496252656,0.0016753955712491121,-0.0012498258943008005,0.00012491756369934637,0.0001872736903976868,-0.5563888239565645,0.5704699538217777,-0.34292439082368636,1.2497006612586128,-0.9810284749007024,0.2725971891149638,0.2767289777057945,0.7880019547137904,0.02434682832507089,0.08105197815841392,open,0.48102514709004024,90.86843975814317,175,1.4094540293974152,0.45094956655207713,False,0,175,run+ledger,0.5178804550613076,this run,0.6024746685830206,-0.6470431989188105,False,False,False,False,False,False,0,6,False,False,unrankable,2000.0
cme_futures,1h,TSF_100~MININDEX|vote,False,16,7.651388971072362,0.5445735368105362,0.09512258712091137,0.11667372440981194,-0.021551137288900568,0.8614736628765174,0.2984298299795195,1.0895141595490574,30761,0.9173550437264,1.1028159427621445,-0.18546089903574448,-0.8574740467405422,0.08753531301737016,-0.2980435867108214,-2.0708002306979423,14.219809169599964,45171,2019-01-03,2026-08-21,0.10507343751735337,0.17172962572574335,-0.2086747335162611,-0.374145512834133,0.19080886039322742,20042.170230873235,38044.95560808754,0.014019966855707026,-0.005473753357485946,0.21628747801840112,0.1915,-0.6251881391527832,0.19618321376307998,-0.6320722355315487,0.4317492724760247,-3.2735584642294575,5,-0.119430;-0.428195;-1.247918;-0.851123;-0.513695,0.6118538782886441,-0.24721469351901193,23264.983126647316,False,-3222.812895774081,0.5,0.04165868554797955,0.18158615894033758,0.5445735368105362,0.46546205915402994,0.45584142132616595,-0.009620637827863987,ES.v.0,0.13954477253900444,27169.018928732497,0.7770023302590264,0.1917795838294669,-0.35590921649847973,0.5478864612136511,0.07909530214291238,-0.20934506432779387,0.01602728497799899,1.1194155704386823,True,1.0,20042.170230873235,-0.2086747335162611,False,-0.08507726281980033,-0.46901869183732675,0.6390562754105225,0.005620388275373367,1881,0.0011260042082347982,0.0017084666513360325,0.0031801523417921483,0.004733412194082598,0.00163807800919928,0.003227507972489946,0.007028808961694825,0.33513247307004085,0.28344411944942166,0.7623692550466911,0.6305896869478829,0.18859552786605932,0.9833595493241148,1.2401430610526076,0.03837746867495895,0.34194411600256996,0.3930945699875906,open,-0.467235866118244,55.81308611752042,175,1.4094540293974152,0.9942639338322359,False,0,175,run+ledger,0.5178804550613076,this run,0.847435309684063,0.06991973404233698,False,False,True,False,False,False,1,6,False,True,underpowered,2000.0
cme_futures,1h,CDLXSIDEGAP3METHODS,False,16,7.651388971072362,0.027859782024788334,0.0006538058485032749,0.02267792174020733,-0.022024115891704055,0.8465564003992613,0.503206209922376,1.0108160784198803,2963,0.042093049862089886,1.1028159427621445,-1.0607228929000545,-2.8030898375236935,7.543366140422281e-05,-0.020553152474736176,-0.6657011158444766,14.219809169599964,45171,2019-01-03,2026-08-21,0.020524987475564617,0.17172962572574335,-0.03843629722863917,-0.374145512834133,0.19080886039322742,10050.134135436338,38044.95560808754,0.008100113591995398,-0.008116873943533665,0.3784120218698087,0.0005,-1.8449864376973044,-0.3685798775006393,-1.1859435230344566,1.0187546610122713,-2.6030313641418426,5,-0.688230;-0.149022;-1.124053;-1.103798;-2.864615,0.11951919995646851,-0.05331932019509478,11871.78329842689,False,-1821.649162990553,0.0,0.004104961367704346,0.02373741379380334,0.027859782024788334,0.4168865675550583,0.01701011532443139,-0.39987645223062696,ES.v.0,0.13954477253900444,27169.018928732497,0.7770023302590264,0.1917795838294669,-0.35590921649847973,0.1070238398984937,0.01586180425489392,-0.04373355815228752,-0.015207998406390644,0.8909994470986157,False,1.0,10050.134135436338,-0.03843629722863917,False,-0.019617740068182458,-0.5942705264427995,0.5523311884161541,0.006833028330330282,1881,-7.019957663324686e-05,-0.00022617479646621177,0.001687756311885002,-0.0021390974235401235,-0.0017532815367720437,7.576354973123505e-05,0.0008691919031695214,-0.1343209062967703,-0.20858603204162215,2.0629697551267268,-1.4760695278693636,-1.0822540224271717,0.16261640911835262,1.2092387332778867,0.5056021601544245,0.0015019218184961801,0.007059726742110195,open,7.2098671451811525,627.3613313330619,175,1.4094540293974152,0.5464355642493701,False,0,175,run+ledger,0.5178804550613076,this run,0.6024746685830206,-0.5603816187209307,False,False,False,False,False,False,0,6,False,False,unrankable,2000.0
cme_futures,1h,MAXINDEX~MAMA|or,False,16,7.651388971072362,0.9992657531011785,0.1482234664504336,0.17107942136164467,-0.022855954911211063,0.8600122506694946,0.4406159147195004,1.0956549288041346,18574,0.9747967137080551,1.1028159427621445,-0.12801922905408936,-0.8290501529387524,0.11526625902823906,0.07248205031067095,0.4451186858638877,14.219809169599964,45171,2019-01-03,2026-08-21,0.15395365735108404,0.17172962572574335,-0.31501972461018046,-0.374145512834133,0.19080886039322742,28792.904417922568,38044.95560808754,0.017364671587777356,-0.012483686404228308,0.15441674861321328,0.19,-0.425064858074393,0.17597424679639856,-0.16861146394130794,0.6728328205144698,-0.5603571699582555,5,0.034531;-0.803277;-0.301753;-0.657512;0.884953,0.8964886326425239,-0.34232565802084525,33479.6444998407,False,-4686.740081918135,0.0,0.025686745502372266,0.14834008501966656,0.9992657531011785,0.5099129470491184,0.4705212241355743,-0.03939172291354409,ES.v.0,0.13954477253900444,27169.018928732497,0.7770023302590264,0.1917795838294669,-0.35590921649847973,0.8027635386255808,0.11379644097808561,-0.2947671562647117,0.034427025472347994,1.2622805667139705,True,1.0,28792.904417922568,-0.31501972461018046,False,0.5747007772856106,1.9331374448400602,0.05321926836355395,0.008676717995626304,1881,0.006312911448845545,-0.0004104223749081346,0.008811738083515434,0.0161935263047243,-0.0004012406409046477,0.008105545486774748,0.010781567856358816,1.2080359002633394,-0.039453176943225705,1.3524232272241552,1.4148653188058458,-0.03205705146313792,1.7968279997642225,1.3783445250509951,0.6562339857851502,0.8063750901915353,0.7619876405443873,open,-0.28538154061394605,48.43834470060558,175,1.4094540293974152,0.9964160930779273,False,0,175,run+ledger,0.5178804550613076,this run,0.9696917327253886,0.0051049809826665404,False,False,True,False,False,False,1,6,False,True,underpowered,2000.0
cme_futures,1h,lorentzian_knn@allow_short=0,False,16,7.651388971072362,0.14840151764754939,0.01744040705147154,0.04068247366517497,-0.023242066613703427,0.8412896429236892,0.32677165354330706,1.44665046335846,254,0.4885780915219587,1.1028159427621445,-0.6142378512401858,-1.450944052991424,0.005389847622357058,-0.0022538603739543036,-0.03426820819505699,14.219809169599964,45171,2019-01-03,2026-08-21,0.03677221487556312,0.17172962572574335,-0.05947333850215342,-0.374145512834133,0.19080886039322742,11414.427589680825,38044.95560808754,0.06462656623811187,-0.02168350342659434,0.423336688946625,0.055,-1.5322022370612574,0.15510617410121957,-0.8448029326820853,1.1725756971676766,-1.611014785340713,5,0.513826;0.183585;-1.090983;-2.264567;-1.565875,0.21412854491565303,-0.09371321613342876,13567.773816890067,False,-2153.346227209243,0.0,0.00032179614829527076,0.12356729085007134,0.14840151764754939,0.42799827490337683,0.2932474868690961,-0.13475078803428076,ES.v.0,0.13954477253900444,27169.018928732497,0.7770023302590264,0.1917795838294669,-0.35590921649847973,0.19174207254647863,0.02828874772664358,-0.07736185453664446,-0.010848340675172041,0.9220551998556602,False,1.0,11414.427589680825,-0.05947333850215342,False,0.06805511378045682,0.8546257564349709,0.39275836400163566,0.008765515549831626,1881,-0.0005279980534511543,0.004003257359348896,0.0019961126681551145,-0.0021820805459685237,0.003027509253593341,0.0025800211273384705,0.00014313985817368947,-0.4112912110488451,2.018348650318253,0.9957297137525314,-0.7807771150811464,0.9627730638733941,2.2734567555626586,0.10658353052096046,0.9726632761579213,0.11288986716313083,0.2550879108598817,open,0.36532884889214634,33.777835350505235,175,1.4094540293974152,0.9119395633421465,False,0,175,run+ledger,0.5178804550613076,this run,0.6024746685830206,-0.11389657706106188,False,False,False,False,False,False,0,6,False,True,underpowered,2000.0
cme_futures,1h,ema_fan_align,False,16,7.651388971072362,0.00040531166751529374,-3.469109354747868e-05,0.02326327365488101,-0.02329796474842849,0.8384310212887904,0.0,0.0,1,0.00871435407755879,1.1028159427621445,-1.0941015886845857,-2.8090876268969223,4.9233902469969504e-05,0.007205751910759707,0.1206993914295952,14.219809169599964,45171,2019-01-03,2026-08-21,0.02105381973088425,0.17172962572574335,-0.027599485571478066,-0.374145512834133,0.19080886039322742,9997.345955712024,38044.95560808754,,-0.13743347525559813,0.38948645752756117,0.0,-1.9911383660618969,-0.47565002413697344,-2.831052373328427,,,1,-2.831052,0.12259864680837157,-0.05465896378715207,11923.874119476935,False,-1926.5281637649123,0.0,1.5928480496910378e-06,-0.08203190066132782,0.00040531166751529374,0.41437618842459484,-0.0012569471071348242,-0.41563313553172965,ES.v.0,0.13954477253900444,27169.018928732497,0.7770023302590264,0.1917795838294669,-0.35590921649847973,0.10978134017438271,0.016268138620911365,-0.044841859798426364,-0.016302829714458844,0.8836116121924642,False,1.0,9997.345955712024,-0.027599485571478066,False,0.1324466205935974,0.9407509347320724,0.3468325102233516,0.0024505555057022788,1881,0.00038052195954822406,-0.002506829406926611,-0.0014558556983520566,0.004944822959127435,0.0013878963278546761,0.0004171874390549596,0.003603781072500298,0.6877309346630032,-1.0232673391510434,-1.0193849735962761,1.032722291759968,0.8027746812582506,0.7451930100236983,1.0342970279016512,0.9039291410412638,0.2010899063603195,0.2045554016416753,open,89.92938810632772,21863.72996583774,175,1.4094540293974152,0.5096644879400818,False,0,175,run+ledger,0.5178804550613076,this run,0.6024746685830206,-0.5937603145054617,False,False,False,False,False,False,0,6,False,False,unrankable,1349.0
cme_futures,1h,MAXINDEX,False,16,7.651388971072362,0.8561598433875448,0.14609485362411667,0.17041503816655124,-0.024320184542434564,0.851578038325777,0.477462758289284,1.1294824291063394,10405,0.9658966070659123,1.1028159427621445,-0.13691933569623216,-1.3058480192850082,0.11053737871781544,0.09117676749863286,1.1106408922293907,14.219809169599964,45171,2019-01-03,2026-08-21,0.15335570997045245,0.17172962572574335,-0.33843360198706407,-0.374145512834133,0.19080886039322742,28387.00393600391,38044.95560808754,0.022125736443317615,-0.017899483933904045,0.10485089663895167,0.095,-0.34845478471609864,0.06332667368920786,-0.16359176165202585,0.4372243016942045,-0.8366467696224167,5,-0.143784;-0.409345;-0.681271;-0.074085;0.490526,0.8930067210148439,-0.34123051860526,33334.58903169162,False,-4947.5850956877075,0.0,0.014468455970969456,0.1726542548320551,0.8561598433875448,0.4957864572366645,0.43167951635517815,-0.06410694088148633,ES.v.0,0.13954477253900444,27169.018928732497,0.7770023302590264,0.1917795838294669,-0.35590921649847973,0.7996456500125608,0.11338133779168191,-0.29376636507886933,0.03271351583243476,1.2480404143954154,True,1.0,28387.00393600391,-0.33843360198706407,False,0.643394385539772,2.182463764885792,0.029075322715208074,0.008130649808088863,1881,0.005031333066610426,0.0008734536637447204,0.0101343649398923,0.012390266045401126,0.001285224496615463,0.007670510704314037,0.010648020002911757,0.9604968843511583,0.08384290349613183,1.6161852521545392,1.124681811869007,0.10402832173576707,1.6716900759458269,1.3619721506929168,0.26672295379049427,0.8866545742638114,0.930501571298152,open,-0.26927113591986185,49.607581565932215,175,1.4094540293974152,0.9961470532962691,False,0,175,run+ledger,0.5178804550613076,this run,0.926621906803014,0.039274700262898254,False,False,True,False,False,False,1,6,False,True,underpowered,2000.0
cme_futures,1h,pivot_center@allow_short=0,False,16,7.651388971072362,0.5225056046135943,0.09197293244244209,0.11642334319995595,-0.024450410757513863,0.8441435817827857,0.27904726672547736,1.0931285571487697,35141,0.8915706004041833,1.1028159427621445,-0.2112453423579611,-0.9967942103509504,0.07541015101626514,-0.3487830626043676,-2.6303136182871762,14.219809169599964,45171,2019-01-03,2026-08-21,0.10484869822025451,0.17172962572574335,-0.1668981145652546,-0.374145512834133,0.19080886039322742,19605.31868041893,38044.95560808754,0.012812474245290596,-0.004536623578444309,0.2119247284588321,0.142,-0.641930397465698,0.17214832929000567,-0.4333342768083937,0.5751377550338695,-1.684752724792371,5,-0.271244;-0.081563;0.158839;-0.661705;-1.310998,0.6105451972957805,-0.2467503501342061,23225.099501453955,False,-3619.7808210350236,0.5,0.04768583050195543,0.18340115127483392,0.5225056046135943,0.4633404970712491,0.5510723274616867,0.08773183039043758,ES.v.0,0.13954477253900444,27169.018928732497,0.7770023302590264,0.1917795838294669,-0.35590921649847973,0.5467145987421032,0.07893232758972468,-0.20893520399034327,0.013040604852717408,1.0962823021762367,True,1.0,19605.31868041893,-0.1668981145652546,False,0.03264575240305462,0.13380425146373243,0.8935573652483382,0.004007408957229286,1881,0.0003464283548564852,-0.000994294366126948,0.000987473120468988,0.008470918733530244,0.00858841077477318,0.000619250511811392,0.007518433750077713,0.1034881542802533,-0.16264247526920317,0.23653748019182197,0.8706885767324373,0.9579631644722877,0.20554806063785708,1.3939795452548065,0.008530613159436484,0.6124317525073258,0.6891165569887931,open,0.7008262943127612,71.98400071506512,175,1.4094540293974152,0.9933058694096277,False,0,175,run+ledger,0.5178804550613076,this run,0.8489563027902606,0.04261429761392277,False,False,True,True,False,False,2,6,False,True,underpowered,2000.0
cme_futures,1h,MININDEX~TEMA_100|and,False,16,7.651388971072362,0.39582340789586595,0.07527620334047969,0.09976310666032129,-0.024486903319841602,0.8417366004922211,0.32799438239818096,1.0788918860796342,29906,0.8522809114716526,1.1028159427621445,-0.2505350312904918,-0.9959036540687528,0.060686692918088925,-0.23926512794954866,-1.8856880785373369,14.219809169599964,45171,2019-01-03,2026-08-21,0.08989411384229405,0.17172962572574335,-0.1879078571324302,-0.374145512834133,0.19080886039322742,17424.97025822194,38044.95560808754,0.011638731167806882,-0.0052652768565827545,0.2515655307287345,0.1595,-0.7615257565957695,0.20255472681149397,-0.6729341160727565,0.4826912507136061,-3.1173683502504854,5,-0.552510;-0.389523;-0.360886;-0.539185;-1.522567,0.5234630510745844,-0.21526999957610504,20701.21490265763,False,-3276.2446444356906,0.0,0.04066364182947945,0.20124490311490262,0.39582340789586595,0.4512367603849818,0.40060168046846456,-0.05063507991651722,ES.v.0,0.13954477253900444,27169.018928732497,0.7770023302590264,0.1917795838294669,-0.35590921649847973,0.4687366196509696,0.06802164958968504,-0.1813044621088361,0.007254553750794646,1.0531613639502524,True,1.0,17424.97025822194,-0.1879078571324302,False,-0.029672839628403506,-0.1696194170352604,0.8653094512420463,0.004260430155249906,1881,0.0022503945072290567,-0.0006656611960958762,0.003747764060260738,0.003370847709821263,0.005423650025876419,0.003477605354539317,0.003360747780123927,0.6459539426121645,-0.11117710120183666,1.1232224698026654,0.4444530441893672,0.6386832536423517,1.1750702692680706,0.7342334096039104,0.05933700032069922,0.3365266791551704,0.41894888932093033,open,1.1116724714691326,73.33624354786524,175,1.4094540293974152,0.9910935324658212,False,0,175,run+ledger,0.5178804550613076,this run,0.7430699729055501,0.10921093856610253,False,False,True,False,False,False,1,6,False,True,underpowered,2000.0
cme_futures,1h,RANDOM_90,False,16,7.651388971072362,0.9036593715737967,0.15137414893009327,0.17589488054068458,-0.024520731610591318,0.8510876616415056,0.5369843527738265,1.2727987357810107,2812,0.9696917327253886,1.1028159427621445,-0.1331242100367559,-2.154762314351002,0.11255362271400299,0.03544789634880489,0.3875918097322683,14.219809169599964,45171,2019-01-03,2026-08-21,0.15828875717435997,0.17172962572574335,-0.3882762260949292,-0.374145512834133,0.19080886039322742,29402.96021280666,38044.95560808754,0.04187697980148091,-0.038157646499114586,0.061781389599275545,0.0105,-0.25267021481793656,-0.014099738788306298,-0.06976199816542808,0.1315793665694956,-1.1855397560507561,5,0.091214;-0.032730;-0.103139;-0.268915;-0.035240,0.9217323831308595,-0.35021667303075976,34547.510835836496,False,-5144.550623029835,0.0,0.0038716838970931336,0.16880716280049946,0.9036593715737967,0.5004631736582711,0.3898620073974964,-0.11060116626077471,ES.v.0,0.13954477253900444,27169.018928732497,0.7770023302590264,0.1917795838294669,-0.35590921649847973,0.8253681336336227,0.1167986233377456,-0.30199063988836483,0.03457552559234767,1.2627479309059944,True,1.0,29402.96021280666,-0.3882762260949292,False,0.6022081366217057,1.977272482807327,0.048010838337008366,0.007025694139533023,1881,0.0037738071889273977,0.003042812537931504,0.01251017547059435,0.003365946455866752,-0.00028532319076533157,0.008752828159130411,0.009667079714096544,0.7721650850608212,0.2841873890086065,1.9725297629150018,0.2986815142472334,-0.02287498533553955,1.7671306229010546,1.2248546315014188,0.6983181309233242,0.9100045763324188,0.9459851631236881,open,-0.3063194166946213,43.24204774689469,175,1.4094540293974152,0.996261742449801,False,0,175,run+ledger,0.5178804550613076,this run,0.9696917327253886,0.0,False,False,True,False,False,False,1,6,False,True,underpowered,2000.0
cme_futures,1h,CDLMORNINGSTAR,False,16,7.651388971072362,0.01692951903817282,0.0017158977362126127,0.026822808268448517,-0.025106910532235904,0.8274473548973834,0.5080600333518621,1.0234026792511244,1799,0.08262856401967561,1.1028159427621445,-1.020187378742469,-3.2564467540670026,7.536209068070843e-05,0.009148579474912735,0.1475113029168766,14.219809169599964,45171,2019-01-03,2026-08-21,0.024268721999646976,0.17172962572574335,-0.04102270713831313,-0.374145512834133,0.19080886039322742,10132.041649962495,38044.95560808754,0.008080029922130992,-0.008153974416324993,0.3132823767096295,0.0,-1.7294243268521048,-0.48192865340125596,-1.2217626676749784,0.8202682751018247,-3.3305498459678997,5,-1.471896;-1.558341;-0.305589;-0.485977;-2.287011,0.1413193669821697,-0.06276668613524561,12244.938109952662,False,-2112.8964599901656,0.0,0.0024833022673298477,0.10657373436473794,0.01692951903817282,0.4158862034316889,0.04182799858691069,-0.37405820484477825,ES.v.0,0.13954477253900444,27169.018928732497,0.7770023302590264,0.1917795838294669,-0.35590921649847973,0.12654486736829645,0.018735715529955232,-0.05155957443977266,-0.01701981779374262,0.8790529742486413,False,1.0,10132.041649962495,-0.04102270713831313,False,0.13811808681332557,0.9827693347979514,0.32572097747917717,0.00264256769028004,1881,0.0005693630116118295,-0.0023768466114931185,-0.001165126764584252,0.005711067259308269,0.0006959669471924943,0.0004210457036163467,0.003664514073130922,0.9428970219849856,-0.9771168149942594,-0.7976794448124082,1.2275014743202648,0.36740066209123123,0.6653937617226755,1.0703611258162684,0.8827284588859419,0.20707670289077043,0.2135894390033516,open,61.14403082303213,12284.674480364658,175,1.4094540293974152,0.5932897979544159,False,0,175,run+ledger,0.5178804550613076,this run,0.6024746685830206,-0.5198461045633449,False,False,False,False,False,False,0,6,False,False,unrankable,2000.0
cme_futures,1h,MAXINDEX~T3_200|and,False,16,7.651388971072362,0.4416829358584024,0.08177865232538784,0.10701728544381517,-0.025238633118427334,0.838231011177352,0.30423898531375165,1.1169097701306805,11984,0.8635336125605054,1.1028159427621445,-0.23928233020163903,-0.9880527213621394,0.06453039931046661,-0.08900338597885317,-0.6780521733711643,14.219809169599964,45171,2019-01-03,2026-08-21,0.09640591144789136,0.17172962572574335,-0.17377465897244748,-0.374145512834133,0.19080886039322742,18247.620065749426,38044.95560808754,0.0200054111910319,-0.007832207159228248,0.24217567041540253,0.1325,-0.7333842663112865,0.2175547755020705,-0.4367299886594439,0.19691297161730995,-4.9593377949377455,5,-0.388122;-0.519063;-0.428331;-0.154284;-0.693850,0.5613819458376628,-0.2291195789923849,21769.201833894713,False,-3521.581768145283,0.0,0.016384758584945616,0.1947902200712739,0.4416829358584024,0.4556032300929055,0.47060171378816573,0.014998483695260245,ES.v.0,0.13954477253900444,27169.018928732497,0.7770023302590264,0.1917795838294669,-0.35590921649847973,0.5026912120823918,0.07278842308990474,-0.19342279643390725,0.008990229235483094,1.0659360452745514,True,1.0,18247.620065749426,-0.17377465897244748,False,0.272810576595687,1.1119390495464767,0.26616435747714773,0.003446593318905733,1881,0.00193817067710873,0.0025143322900781657,-0.0011735763493095058,0.014760559179207433,0.008092082487885047,0.0002116891513691231,0.002458604697423454,0.6429058817993922,0.4553854669966489,-0.3088295145565206,1.4598730165943214,0.9983276111511241,0.07005765378704935,0.5176222842093879,0.49773861347002546,0.5809376493405035,0.6281506012241109,open,1.1842185494137747,99.72550025932851,175,1.4094540293974152,0.9918219742474845,False,0,175,run+ledger,0.5178804550613076,this run,0.7882974413576664,0.07523617120283899,False,False,True,True,False,False,2,6,False,True,underpowered,2000.0
cme_futures,1h,MININDEX~MAMA|or,False,16,7.651388971072362,0.9992598496085247,0.15329609474699146,0.18148625365382864,-0.02819015890683718,0.8312915532679598,0.4603960396039604,1.1428895177583622,10908,0.9549242021838781,1.1028159427621445,-0.14789174057826637,-1.9829927821557067,0.1044376258519632,-0.02943762712072314,-0.4855375639029733,14.219809169599964,45171,2019-01-03,2026-08-21,0.16332511645926795,0.17172962572574335,-0.3621693840377791,-0.374145512834133,0.19080886039322742,29780.591402224516,38044.95560808754,0.020068555859770937,-0.014981949288825673,0.0745800700381237,0.012,-0.30901623487490043,-0.019324790318910927,-0.22437182076587492,0.26041367097397844,-1.9265910333794578,5,0.014758;-0.622956;-0.273203;0.004537;-0.244995,0.9510596425575537,-0.3592774267637724,35824.48454474431,False,-6043.893142519794,0.0,0.014902980817018786,0.15341793700701323,0.9992598496085247,0.5099123621299895,0.42327182115151024,-0.08664054097847923,ES.v.0,0.13954477253900444,27169.018928732497,0.7770023302590264,0.1917795838294669,-0.35590921649847973,0.851629319440483,0.12027018891172458,-0.3103117158410672,0.03302590583526688,1.2489514271673714,True,1.0,29780.591402224516,-0.3621693840377791,False,0.5737579057459417,1.8220432483248148,0.06844842371411786,0.008510344652068014,1881,0.008260027869966614,0.00018147092509487525,0.008985240749488687,0.008981305228808453,0.008515840809357286,0.0071594192922450695,0.011275399349238999,1.4023728313007628,0.016285770751476438,1.36819475614678,0.7252269134387521,0.6560422809348629,1.432342420030586,1.453462726399867,0.6272950733789304,0.9685060036456169,0.9727741718013164,open,0.031525742540279234,36.02049751498488,175,1.4094540293974152,0.9958563217987957,False,0,175,run+ledger,0.5178804550613076,this run,0.9696917327253886,-0.014767530541510476,False,False,False,False,False,False,0,6,False,True,underpowered,2000.0
cme_futures,1h,RANDOM_50,False,16,7.651388971072362,0.5044512658670526,0.0855806098091576,0.11413824529532945,-0.02855763548617185,0.8198138436075691,0.515147752669481,1.1174563413898164,8054,0.8502006660829051,1.1028159427621445,-0.25261527667923933,-1.4464489580827202,0.061022973789468804,-0.10209277935936048,-0.9804184653758606,14.219809169599964,45171,2019-01-03,2026-08-21,0.10279762948056168,0.17172962572574335,-0.25180802356233645,-0.374145512834133,0.19080886039322742,18744.092842355574,38044.95560808754,0.018962746123976585,-0.018029889409915168,0.174645137159961,0.0805,-0.5642206302881295,0.10295850141601169,-0.03237573222687523,0.659249603391516,-0.10981324479861693,5,-0.942282;0.791580;0.372356;-0.099602;-0.283931,0.5986016043890536,-0.24250069020306642,22863.840356577402,False,-4119.747514221827,0.0,0.011109502199918433,0.176778682347009,0.5044512658670526,0.4616076123434063,0.3398645070893528,-0.12174310525405352,ES.v.0,0.13954477253900444,27169.018928732497,0.7770023302590264,0.1917795838294669,-0.35590921649847973,0.5360196712699657,0.07744357432886706,-0.2051873050479932,0.008137035480290544,1.0592567385608984,True,1.0,18744.092842355574,-0.25180802356233645,False,0.28345781930254677,1.2629950045287255,0.2065909749927084,0.004798002440240423,1881,0.0036662880787786205,-4.435083664821281e-06,0.0045454781222497125,0.0011549040179926633,0.003820319233458214,0.0054972152346788004,0.006807148355290134,1.0147676223527509,-0.0006218808849236731,1.042470537663708,0.14823429631688728,0.45389934109123564,1.7131432213810733,1.2236067277685065,0.3268795985583748,0.6190497925914846,0.7651399721860483,open,0.18171236791403625,96.22681067532939,175,1.4094540293974152,0.9906300211489953,False,0,175,run+ledger,0.5178804550613076,this run,0.8502006660829051,0.0,False,False,True,False,False,False,1,6,False,True,underpowered,2000.0
cme_futures,1h,ichimoku,False,16,7.651388971072362,0.4607776389090728,0.08472251509189532,0.11342489830542601,-0.02870238321353069,0.8188716760899988,0.1177429876060013,1.4393519022339676,3066,0.8471223350412941,1.1028159427621445,-0.25569360772085037,-1.0025694410510073,0.059438986196240995,0.033160573334820864,0.25090898329658273,14.219809169599964,45171,2019-01-03,2026-08-21,0.10215734178593959,0.17172962572574335,-0.18169102126629455,-0.374145512834133,0.19080886039322742,18631.025706819226,38044.95560808754,0.0716278287429706,-0.006641324992980784,0.25503830183852727,0.114,-0.8155808975679978,0.1664714396921808,-0.4772452298983153,0.607778971661745,-1.7558237875068576,5,0.004822;0.052221;-1.079354;-0.172787;-1.191128,0.5948731405790606,-0.24116967493424313,22752.07001392434,False,-4121.044307105115,0.0,0.004121125952627954,0.19302654159806254,0.4607776389090728,0.4574264472208827,0.466299955283548,0.008873508062665292,ES.v.0,0.13954477253900444,27169.018928732497,0.7770023302590264,0.1917795838294669,-0.35590921649847973,0.5326810067372935,0.07697831956676926,-0.20401460341833555,0.007744195525126063,1.0563522975767987,True,1.0,18631.025706819226,-0.18169102126629455,False,0.419897958220761,1.6848886470491549,0.09201005735693335,0.0016684735306586873,1881,-0.0002224417696716867,-0.0005200862774820078,0.004918793118451923,0.0026413418596818953,0.0037372691655840474,0.001780693693548304,-0.0018094853979829593,-0.07582169632841732,-0.0813198920424266,1.2541457446842958,0.30083391806015836,0.43480120744746426,0.5879114755177366,-0.4086782748197439,0.8018844788770927,0.6209553265690942,0.6620981790249632,open,0.7048824891150381,86.29685940534613,175,1.4094540293974152,0.990595709557218,False,0,175,run+ledger,0.5178804550613076,this run,0.8071289714277584,0.03999336361353567,False,False,True,True,False,False,2,6,False,True,underpowered,2000.0
cme_futures,1h,MININDEX~DEMA_50|vote,False,16,7.651388971072362,0.5436675549538338,0.08947514405946921,0.11831267136810975,-0.02883752730864053,0.8188190867203751,0.2892296306575083,1.074132962764273,43239,0.8575755447383281,1.1028159427621445,-0.24524039802381636,-1.1234161343415092,0.06312042754701297,-0.3390793777050919,-2.1979613505510045,14.219809169599964,45171,2019-01-03,2026-08-21,0.10654454536321888,0.17172962572574335,-0.22506325117175652,-0.374145512834133,0.19080886039322742,19264.78830558547,38044.95560808754,0.011960322444158655,-0.0045310443410545125,0.21829880355738715,0.1315,-0.6816868384216079,0.13556992295492865,-0.6202360232682398,0.5822474932471919,-2.381959435131693,5,0.338463;-0.802464;-0.607889;-0.799626;-1.229665,0.620420296806407,-0.25024788991038294,23527.527164452084,False,-4262.738858866613,0.5,0.058497527565032036,0.170728086121555,0.5436675549538338,0.4653748861448973,0.3975555475788735,-0.06781933856602379,ES.v.0,0.13954477253900444,27169.018928732497,0.7770023302590264,0.1917795838294669,-0.35590921649847973,0.5555572873594292,0.08016136920840777,-0.21202402865391523,0.00931377485106144,1.06789762702255,True,1.0,19264.78830558547,-0.22506325117175652,False,0.024352276833617948,0.09998038528953475,0.9203598976797878,0.005959764855615002,1881,0.0029266101228562318,-0.005703440128327295,0.004836749482401069,0.004402742847149809,0.00722503749675515,0.004509067047371763,0.008717365548179479,0.6809796729552883,-0.8707131220836402,0.9903157069290469,0.45077516481572827,0.7316185075341145,1.2433028599355473,1.3733114210878417,0.027951860288695896,0.583535056472983,0.6212387297694759,open,0.5339437911987913,85.22356303709759,175,1.4094540293974152,0.9912514743380334,False,0,175,run+ledger,0.5178804550613076,this run,0.8474977528774754,0.01007779186085267,False,False,True,False,False,False,1,6,False,True,underpowered,2000.0
cme_futures,1h,TSF_100~MININDEX|and,False,16,7.651388971072362,0.3982588271166673,0.0696299044381492,0.09909345322813445,-0.02946354878998525,0.8122791597205941,0.34286478840934287,1.0820217887749168,26159,0.7984947498089168,1.1028159427621445,-0.3043211929532277,-1.2676264245145992,0.04569889076275574,-0.2836498749141968,-2.320623758688292,14.219809169599964,45171,2019-01-03,2026-08-21,0.08929294687737917,0.17172962572574335,-0.1883097050103999,-0.374145512834133,0.19080886039322742,16736.982319885057,38044.95560808754,0.011991006694962038,-0.00578212913174353,0.24007167022394524,0.086,-0.7881306567452795,0.1281329714354069,-0.647804178638849,0.5275067497966647,-2.746001221981032,5,-0.155301;-0.079289;-0.744276;-0.939288;-1.320868,0.5199623914628586,-0.21398025825798206,20604.963354768584,False,-3867.9810348835254,0.0,0.03561223709865048,0.18414084226008565,0.3982588271166673,0.45146820287285566,0.36976269722425464,-0.08170550564860102,ES.v.0,0.13954477253900444,27169.018928732497,0.7770023302590264,0.1917795838294669,-0.35590921649847973,0.4656019430972366,0.0675803705769169,-0.18017892070415653,0.0020495338612323,1.014783211408794,True,1.0,16736.982319885057,-0.1883097050103999,False,-0.08896242499083247,-0.5643329853992307,0.5725275368957252,0.00464765698613212,1881,0.001658822259084689,0.001270792038919851,0.0008490743994731581,0.007471290732429824,0.004739955730243285,0.002924423697311151,0.0041981821074340234,0.6275415169499933,0.224311287936028,0.2540893324556393,1.100857153550339,0.6692727997627922,1.0405922703558588,0.9998037691629792,0.020307158768732902,0.3125950936491992,0.4194401235565536,open,-0.07664180596806042,54.6798252039597,175,1.4094540293974152,0.9863159577087164,False,0,175,run+ledger,0.5178804550613076,this run,0.745471825930868,0.053022923878048744,False,False,True,False,False,False,1,6,False,True,underpowered,2000.0
cme_futures,1h,MININDEX~LINEARREG_100|or,False,16,7.651388971072362,0.9991229623726137,0.15264639055026374,0.18250343753943832,-0.029857046989174574,0.822282876746328,0.4230359804130296,1.1273077438482872,14091,0.947108107373551,1.1028159427621445,-0.15570783538859345,-2.041049147462488,0.10093869689318341,-0.0610956889805264,-0.6888223243742315,14.219809169599964,45171,2019-01-03,2026-08-21,0.16424166958106376,0.17172962572574335,-0.3744283713405575,-0.374145512834133,0.19080886039322742,29652.46610279544,38044.95560808754,0.017967456961147935,-0.01168618343786375,0.07628813621767781,0.017,-0.3079185798951757,-0.012743327646960258,-0.26702937132611554,0.18390337804204854,-3.246790965077894,5,-0.453534;-0.463872;-0.231007;-0.085123;-0.101611,0.9563968295334315,-0.36091412096404385,36061.14992948241,False,-6408.683826686969,0.0,0.01929157431012181,0.15279013656808882,0.9991229623726137,0.5098987993640303,0.40767848334715473,-0.10222031601687553,ES.v.0,0.13954477253900444,27169.018928732497,0.7770023302590264,0.1917795838294669,-0.35590921649847973,0.8564085201431544,0.12090007305151707,-0.31181787464364386,0.03174631749874668,1.2382410725417523,True,1.0,29652.46610279544,-0.3744283713405575,False,0.5308308554186256,1.6755564497465048,0.09382510524776855,0.00943122709922628,1881,0.007944455335117962,-0.0009213638759559776,0.012461270298817028,0.005980889733420524,0.0027084603623034513,0.008769821325115352,0.012357905350890113,1.331032396254961,-0.08174860468734751,1.857951408107525,0.4758848729733308,0.2027993432470244,1.7000522527582511,1.5224762461716996,0.4909350851588927,0.950412230745923,0.9371469034886316,open,-0.21429304208947714,41.585493781975025,175,1.4094540293974152,0.9955297117475137,False,0,175,run+ledger,0.5178804550613076,this run,0.9696917327253886,-0.022583625351837555,False,False,False,False,False,False,0,6,False,True,underpowered,2000.0
cme_futures,1h,ASIN,False,16,7.651388971072362,0.05436316915861313,0.008667246134938633,0.03896057543766229,-0.03029332930272366,0.797390129977857,0.26198497019953354,1.0570705566343332,3859,0.26262804908833304,1.1028159427621445,-0.8401878936738114,-1.762232891013191,0.0007316790191065348,-0.13905073950947838,-2.412298734291382,14.219809169599964,45171,2019-01-03,2026-08-21,0.03521996483099284,0.17172962572574335,-0.09081731960942407,-0.374145512834133,0.19080886039322742,10682.595450952544,38044.95560808754,0.017161560196201082,-0.005763203599104666,0.47677460678352657,0.02957393483709273,-1.7972909810758042,0.01954607334947701,-1.5300598433796648,,,1,-1.530060,0.2050896266858465,-0.08992156767271586,13396.949685405803,False,-2714.3542344532602,0.0,0.005289855744486976,0.17203946763158173,0.05436316915861313,0.41931725984617635,0.09543604867676844,-0.32388121116940793,ES.v.0,0.13954477253900444,27169.018928732497,0.7770023302590264,0.1917795838294669,-0.35590921649847973,0.18364814506173366,0.027106658771095082,-0.07418661521613823,-0.01843941263615645,0.870566058244624,False,1.0,10682.595450952544,-0.09081731960942407,False,-0.13683524194029786,-2.487116141883046,0.012878334827015614,0.01638341850356706,1881,-0.0029638841739117487,-0.0014430730690884273,-0.0010409244551718034,-0.0006905042949668003,-0.0026744371407478353,-0.000697725686471056,-0.0011273465427526514,-2.4261153799943744,-0.6712338031970282,-0.7822606848897313,-0.39771994778440634,-1.4393257025495556,-0.9240452742468667,-1.2297224439261791,0.015852286966330453,0.003557258931637194,0.016927382869666774,open,2.0309215291948797,306.97144024734325,175,1.4094540293974152,0.7668945708842672,False,0,175,run+ledger,0.5178804550613076,this run,0.6024746685830206,-0.33984661949468753,False,False,False,False,False,False,0,6,False,False,unrankable,1995.0
cme_futures,1h,sma_fan_dip,False,16,7.651388971072362,0.0966980322396408,0.011831061540701349,0.04215438156206974,-0.030323320021368394,0.7977709073563458,0.83984375,1.1942176971318406,256,0.3277604885969719,1.1028159427621445,-0.7750554541651726,-2.7644401590793923,0.0013785535139693161,-0.06060525708667755,-0.980678084598255,14.219809169599964,45171,2019-01-03,2026-08-21,0.03809886060788527,0.17172962572574335,-0.10345582985100155,-0.374145512834133,0.19080886039322742,10941.663427730766,38044.95560808754,0.021676621529573382,-0.09518372469419986,0.28036615356625405,0.0025,-1.3160594323671764,-0.20337037381131087,-0.48862352446473556,1.0299291976241867,-1.0608451713273597,5,-1.631824;1.063531;-0.578211;-0.164623;-1.131991,0.22185374507675298,-0.0969426096285434,13715.295113968574,False,-2773.6316862378076,0.0,0.0003474710766486811,0.12933897342475764,0.0966980322396408,0.4232145345932637,0.11435857754696473,-0.308855957046299,ES.v.0,0.13954477253900444,27169.018928732497,0.7770023302590264,0.1917795838294669,-0.35590921649847973,0.19865962709442164,0.029298144616308752,-0.08006933048025,-0.017467083075607404,0.8772549534866805,False,1.0,10941.663427730766,-0.10345582985100155,False,-0.004435936390927325,-0.06781133068705981,0.9459358239424087,0.0036330725940039166,1881,0.00040142509755190813,-0.002153407315377105,0.003944742680380706,-0.0011634926539101488,-0.0026817822720109916,0.001641103605880026,-0.0004781736059834954,0.29360538847571127,-1.1778433700648516,2.4766126389686516,-0.32350635526478677,-0.9299157667634834,1.7186465421816313,-0.3388062552635356,0.3267515144409132,0.09018688194853586,0.16950238802701034,open,0.3588466828866494,111.2254219287175,175,1.4094540293974152,0.8178177361019885,False,0,175,run+ledger,0.5178804550613076,this run,0.6024746685830206,-0.2747141799860487,False,False,False,False,False,False,0,6,False,False,unrankable,2000.0
cme_futures,1h,MAMA~HT_TRENDMODE|vote,False,16,7.651388971072362,0.7747442571793373,0.0893467003405799,0.11968704916511475,-0.030340348824534846,0.8104287765786128,0.39793549038413,1.0583646448884991,39622,0.8478635698098642,1.1028159427621445,-0.25495237295228024,-0.5526301187901097,0.059274489720178625,-0.10200909013051647,-0.6202759727114844,14.219809169599964,45171,2019-01-03,2026-08-21,0.10777819153300235,0.17172962572574335,-0.22848835715388371,-0.374145512834133,0.19080886039322742,19247.417106739835,38044.95560808754,0.011335887313387158,-0.007079292278663412,0.4613436081089018,0.2855,-1.2131411686437894,0.5939908891842739,-0.869254966351764,1.2011829437193038,-1.6181658295308345,5,1.091388;-0.582246;-1.291939;-1.759939;-1.803538,0.6276039505561312,-0.2527830392669569,23749.671362851474,False,-4502.25425611164,0.0,0.05379690811793775,0.11679154448048568,0.7747442571793373,0.487801077004159,0.3910339303652402,-0.09676714663891878,ES.v.0,0.13954477253900444,27169.018928732497,0.7770023302590264,0.1917795838294669,-0.35590921649847973,0.5619899124864106,0.08105436423019219,-0.21426532845032464,0.00829233611038771,1.0602097815581715,True,1.0,19247.417106739835,-0.22848835715388371,False,0.18828963293982415,0.7852563590685967,0.4323032774184279,0.002176694373481114,1881,0.00017592234917217353,0.005012632556807818,-0.0018543211184290044,0.008504424593016648,0.00013457820420105298,0.003696266966987407,0.005406825947383166,0.05090781026922745,0.8370911048318582,-0.44060628258349993,0.9524205750684371,0.01370341638960071,1.2097938808468924,1.03869872860291,0.5350761109029181,0.4661109720227822,0.41225107257664473,open,1.0792419072898773,77.84426007119656,175,1.4094540293974152,0.9907775786174031,False,0,175,run+ledger,0.5178804550613076,this run,0.8527989603601376,-0.004935390550273366,False,False,False,False,False,False,0,6,False,True,underpowered,2000.0
cme_futures,1h,MININDEX~LINEARREG_100|and,False,16,7.651388971072362,0.3993140744319598,0.06771295283943246,0.09893580588071837,-0.031222853041285914,0.8020867587087029,0.3410693190046111,1.0806652810357296,26241,0.7795009975871848,1.1028159427621445,-0.3233149451749596,-1.2589504025541218,0.0408979416240009,-0.2927351139636885,-2.3822322870119255,14.219809169599964,45171,2019-01-03,2026-08-21,0.08915142100818814,0.17172962572574335,-0.18921998634810966,-0.374145512834133,0.19080886039322742,16508.839082185998,38044.95560808754,0.012015056065822182,-0.005754896631012985,0.2568130916984718,0.088,-0.855353231288925,0.11570439186509458,-0.7051769671234085,0.6252444477322042,-2.5219314467714207,5,-0.184757;-0.111053;-0.606311;-1.000476;-1.623287,0.5191382711714825,-0.21367635364946647,20582.36082685611,False,-4073.5217446701145,0.0,0.03571183898870097,0.17830704255150298,0.3993140744319598,0.45156850060282716,0.35785306904557296,-0.0937154315572542,ES.v.0,0.13954477253900444,27169.018928732497,0.7770023302590264,0.1917795838294669,-0.35590921649847973,0.46486398201522244,0.06747645574211769,-0.17991378038318828,0.00023649709731476953,1.0016963981662748,True,1.0,16508.839082185998,-0.18921998634810966,False,-0.0987115096934104,-0.625904228460252,0.5313777608682637,0.004651115074195911,1881,0.0017995395008232413,0.0005538518371502607,0.00152991788205402,0.007005686324538287,0.0040513617308506,0.003028396348747145,0.004160776669695613,0.6845665846117857,0.10058329905800216,0.4511769647284631,1.041080172333674,0.5768167033736205,1.088725461043023,1.0056072357626595,0.017208039000204067,0.31152920627856084,0.4170382446871437,open,-0.10617862261353592,54.91478781643285,175,1.4094540293974152,0.9843608114894384,False,0,175,run+ledger,0.5178804550613076,this run,0.7465125292870072,0.032988468300177654,False,False,True,False,False,False,1,6,False,True,underpowered,2000.0
cme_futures,1h,MININDEX~MULT|or,False,16,7.651388971072362,0.9995304878498743,0.1499707355998101,0.18125445653790684,-0.031283720938096726,0.8143484479541251,0.4416918809884014,1.1216864298577998,15864,0.9382446113243158,1.1028159427621445,-0.16457133143782865,-1.7237662144830064,0.09643013522329963,-0.07510175361779056,-1.1553685802384,14.219809169599964,45171,2019-01-03,2026-08-21,0.16311626615207273,0.17172962572574335,-0.3648615296345754,-0.374145512834133,0.19080886039322742,29129.848430744856,38044.95560808754,0.01651387322106121,-0.011647238085606167,0.09547195556747064,0.039,-0.34883702895228724,0.016260987555141212,-0.31345472084521264,0.19370849106953036,-3.6183548785506274,5,-0.254013;-0.421529;-0.263246;-0.056992;-0.571494,0.9498434848543467,-0.3589039558157877,35770.74224667256,False,-6640.893815927709,0.0,0.021682755634400593,0.15004622077664198,0.9995304878498743,0.5099391771890849,0.4110346622457355,-0.0989045149433494,ES.v.0,0.13954477253900444,27169.018928732497,0.7770023302590264,0.1917795838294669,-0.35590921649847973,0.8505403072368642,0.12012657837178131,-0.3099681636132616,0.0298441572280288,1.222859218290088,True,1.0,29129.848430744856,-0.3648615296345754,False,0.528738426157072,1.705581900464004,0.08808595161962485,0.009905955516667397,1881,0.008520206057942925,0.0005332184322505221,0.010895493190928257,0.010152843695835974,0.005377178150065241,0.008601024687332575,0.012323263794633306,1.4507563182372085,0.04805331750544138,1.648456483563962,0.8186900938823312,0.41036044428931084,1.65704771530323,1.539602831405343,0.24793952279355524,0.9695410650258858,0.9673733834899749,open,-0.049192358905471405,36.02345662208794,175,1.4094540293974152,0.9952399984969017,False,0,175,run+ledger,0.5178804550613076,this run,0.9696917327253886,-0.03144712140107275,False,False,False,False,False,False,0,6,False,True,underpowered,2000.0
cme_futures,1h,macd_cross,False,16,7.651388971072362,0.5069398832689993,0.09105058886280726,0.12261143812579745,-0.03156084926299019,0.8039717721099323,0.36929133858267715,1.2931240858491848,1270,0.844436360760433,1.1028159427621445,-0.2583795820017114,-1.0344506512057743,0.057880946640718245,-0.09952109857863575,-0.7873439858152934,14.219809169599964,45171,2019-01-03,2026-08-21,0.11040319316010566,0.17172962572574335,-0.20777137325186923,-0.374145512834133,0.19080886039322742,19478.968663335734,38044.95560808754,0.07085732050065052,-0.03208372985448103,0.24977468156701288,0.1365,-0.7152663317946399,0.23548375486598228,-0.6155321367528679,0.21497731355660435,-6.402404408838728,5,-0.437752;-0.563226;-0.637396;-0.466302;-0.972984,0.6428896161249569,-0.2581519137797126,24228.423607728662,False,-4749.45494439293,0.0,0.0017237140011743947,0.1875546417532885,0.5069398832689993,0.4618463217609674,0.4382248980586555,-0.023621423702311906,ES.v.0,0.13954477253900444,27169.018928732497,0.7770023302590264,0.1917795838294669,-0.35590921649847973,0.5756775093342456,0.08295149047372363,-0.21901858766455973,0.008099098389083625,1.0586661140872764,True,1.0,19478.968663335734,-0.20777137325186923,False,0.3031246219278385,1.1782664636904057,0.2386903931053146,0.0034360070873886706,1881,0.004658419371957006,0.0003120024019870205,0.006326883219972569,0.004869807939499563,0.003441021651556663,0.0032921407488027948,0.003696404329712389,1.2864085262572371,0.05491115146275614,1.4893317804237347,0.4490734772096911,0.39693175024908867,0.9850976285939544,0.7697649735601223,0.43108052733297253,0.6464981525964588,0.7038229861209468,open,1.3587193789099312,78.76671009118454,175,1.4094540293974152,0.9906288959546278,False,0,175,run+ledger,0.5178804550613076,this run,0.8500291425401217,-0.005592781779688694,False,False,False,False,False,False,0,6,False,True,underpowered,2000.0
cme_futures,1h,MININDEX~TRIMA_50|and,False,16,7.651388971072362,0.416293500209619,0.06946099030304276,0.10146630416495239,-0.032005313861909634,0.7980208941127146,0.3281020953694921,1.0828038828473343,23194,0.7802158624084766,1.1028159427621445,-0.32260008035366783,-1.2289922231188353,0.040011250359860084,-0.3184621476543911,-2.526109222782,14.219809169599964,45171,2019-01-03,2026-08-21,0.09142308326132771,0.17172962572574335,-0.13180527562690136,-0.374145512834133,0.19080886039322742,16716.76973684408,38044.95560808754,0.012481557535136304,-0.0056289150672310185,0.26249155550797537,0.094,-0.8736400692896915,0.13476654569831303,-0.5575007115473805,0.754177910366564,-1.6529382144307794,5,0.005006;-0.042683;-0.184328;-0.781523;-1.783976,0.5323664037289217,-0.21854172033689867,20947.784525655483,False,-4231.014788811407,0.0,0.03167116172973457,0.17505614857573937,0.416293500209619,0.4531836284284136,0.5269970414512438,0.07381341302283023,ES.v.0,0.13954477253900444,27169.018928732497,0.7770023302590264,0.1917795838294669,-0.35590921649847973,0.47670915451887935,0.06914305207450577,-0.184161920910083,0.0003179382285369847,1.0022775963138701,True,1.0,16716.76973684408,-0.13180527562690136,False,0.017901607913203076,0.07820102010637069,0.9376681505769229,0.0036295089452700324,1881,0.001700872366527427,-0.0013619182836227522,-0.000693939279605804,0.009480312928736393,0.010574992753577985,0.0016251960090434225,0.004830323565108447,0.5603380687151805,-0.26218218734229387,-0.1972456918410747,0.9856573947277261,1.3627319068680803,0.6526846640060264,1.0675577686084303,0.011533361820753374,0.5400741532812589,0.617910512628189,open,1.4170907732828475,115.95457142807447,175,1.4094540293974152,0.9850184971006684,False,0,175,run+ledger,0.5178804550613076,this run,0.7632579359192229,0.01695792648925376,False,False,True,True,False,False,2,6,False,True,underpowered,2000.0
cme_futures,1h,MININDEX~DEMA_50|or,False,16,7.651388971072362,0.9991376288621757,0.1504048779099052,0.18292766665189175,-0.03252278874198655,0.8079063114763027,0.4007355194606191,1.122973086981772,16315,0.9334770572722872,1.1028159427621445,-0.1693388854898572,-2.4358344625340496,0.09455940763039306,-0.11884600420837203,-1.6378391510028638,14.219809169599964,45171,2019-01-03,2026-08-21,0.16462396123103473,0.17172962572574335,-0.37206364653532,-0.374145512834133,0.19080886039322742,29214.098282560364,38044.95560808754,0.017101948192675968,-0.01018393313978965,0.06951986602311654,0.0025,-0.3158676584736452,-0.044870785057212294,-0.2824663367770686,0.25015934149291524,-2.5248464703316396,5,0.012052;-0.583129;-0.189238;-0.151802;-0.500215,0.9586229547483173,-0.3615956719079476,36160.25505380306,False,-6946.156771242698,0.0,0.022311528148464314,0.1505440099790214,0.9991376288621757,0.5099002525132257,0.4042450245018154,-0.10565522801141031,ES.v.0,0.13954477253900444,27169.018928732497,0.7770023302590264,0.1917795838294669,-0.35590921649847973,0.8584019109011138,0.12116262236421793,-0.31244534696098003,0.029242255545687268,1.2177513673542353,True,1.0,29214.098282560364,-0.37206364653532,False,0.4808685697413125,1.5362434477422884,0.12447868369136894,0.009267808864930616,1881,0.007930975981031907,-0.00047791440075549245,0.010233264161504194,0.006314491430667908,0.007299756501321014,0.008820484881485397,0.012495500398569588,1.3310695694219457,-0.042349686281396424,1.5105725999903779,0.5017012019512769,0.5425681200017137,1.6354260254562014,1.5267966151054329,0.10145525208852968,0.9629168879677918,0.9548554385110115,open,-0.30860039080773094,39.98442011428806,175,1.4094540293974152,0.9949938488142638,False,0,175,run+ledger,0.5178804550613076,this run,0.9696917327253886,-0.03621467545310131,False,False,False,False,False,False,0,6,False,True,underpowered,2000.0
cme_futures,1h,MININDEX~HT_TRENDMODE|or,False,16,7.651388971072362,0.9189359481773308,0.14705528257497424,0.1796218347932137,-0.03256655221823945,0.8071810241068608,0.5035080880919899,1.1402078427494453,10262,0.9296014173055003,1.1028159427621445,-0.17321452545664417,-3.5428000992493156,0.09243072488659299,-0.003327669142045931,-0.08050244677707259,14.219809169599964,45171,2019-01-03,2026-08-21,0.16164542098607415,0.17172962572574335,-0.35402895251089395,-0.374145512834133,0.19080886039322742,28569.525883410468,38044.95560808754,0.01960312432621111,-0.017435545662048156,0.04889198391220172,0.0,-0.27521430112388495,-0.08665836203725574,-0.19364887526922508,0.12924938864483768,-3.3502057797598725,5,-0.147760;-0.314453;-0.196489;-0.001325;-0.308216,0.9412785959495775,-0.3562682198022361,35394.199107966415,False,-6824.673224555946,0.0,0.014146566332937469,0.16102237722946744,0.9189359481773308,0.5019699257738506,0.41537643046425465,-0.08659349530959592,ES.v.0,0.13954477253900444,27169.018928732497,0.7770023302590264,0.1917795838294669,-0.35590921649847973,0.8428708507878062,0.11911432914000408,-0.30754497200274145,0.02794095343497016,1.2076624305703723,True,1.0,28569.525883410468,-0.35402895251089395,False,0.602406926361842,1.8946460860281165,0.05813930484442409,0.008028619107776525,1881,0.006129991513280558,0.0004787766693494389,0.009577927294547869,0.008517076844640334,0.007484616997984821,0.007058193352145489,0.011810433908269826,1.0781582477081504,0.04354660640377535,1.4548805120104296,0.6848048218553405,0.5784377551769411,1.4185725328313354,1.5201220019062238,0.9358376503061556,0.9725827868341399,0.9845142394483797,open,-0.0601876350754038,37.93829572181676,175,1.4094540293974152,0.9948957466896731,False,0,175,run+ledger,0.5178804550613076,this run,0.9696917327253886,-0.04009031541988828,False,False,False,False,False,False,0,6,False,True,underpowered,2000.0
cme_futures,1h,MININDEX~HT_TRENDMODE|vote,False,16,7.651388971072362,0.9189359481773308,0.14705528257497424,0.1796218347932137,-0.03256655221823945,0.8071810241068608,0.5035080880919899,1.1402078427494453,10262,0.9296014173055003,1.1028159427621445,-0.17321452545664417,-3.5428000992493156,0.09243072488659299,-0.003327669142045931,-0.08050244677707259,14.219809169599964,45171,2019-01-03,2026-08-21,0.16164542098607415,0.17172962572574335,-0.35402895251089395,-0.374145512834133,0.19080886039322742,28569.525883410468,38044.95560808754,0.01960312432621111,-0.017435545662048156,0.04889198391220172,0.0,-0.27521430112388495,-0.08665836203725574,-0.19364887526922508,0.12924938864483768,-3.3502057797598725,5,-0.147760;-0.314453;-0.196489;-0.001325;-0.308216,0.9412785959495775,-0.3562682198022361,35394.199107966415,False,-6824.673224555946,0.0,0.014146566332937469,0.16102237722946744,0.9189359481773308,0.5019699257738506,0.41537643046425465,-0.08659349530959592,ES.v.0,0.13954477253900444,27169.018928732497,0.7770023302590264,0.1917795838294669,-0.35590921649847973,0.8428708507878062,0.11911432914000408,-0.30754497200274145,0.02794095343497016,1.2076624305703723,True,1.0,28569.525883410468,-0.35402895251089395,False,0.602406926361842,1.8946460860281165,0.05813930484442409,0.008028619107776525,1881,0.006129991513280558,0.0004787766693494389,0.009577927294547869,0.008517076844640334,0.007484616997984821,0.007058193352145489,0.011810433908269826,1.0781582477081504,0.04354660640377535,1.4548805120104296,0.6848048218553405,0.5784377551769411,1.4185725328313354,1.5201220019062238,0.9358376503061556,0.9725827868341399,0.9845142394483797,open,-0.0601876350754038,37.93829572181676,175,1.4094540293974152,0.9948957466896731,False,0,175,run+ledger,0.5178804550613076,this run,0.9696917327253886,-0.04009031541988828,False,False,False,False,False,False,0,6,False,True,underpowered,2000.0
cme_futures,1h,MININDEX~TEMA_100|vote,False,16,7.651388971072362,0.5455448018192922,0.08421411283992764,0.11719869815144102,-0.03298458531151338,0.7950865017266795,0.28979122235941185,1.0714586823222474,35636,0.8188496799487054,1.1028159427621445,-0.28396626281343906,-1.3197388490412312,0.05118897762589175,-0.30528145953681046,-2.1910166679600627,14.219809169599964,45171,2019-01-03,2026-08-21,0.10554464884254298,0.17172962572574335,-0.25812494436786393,-0.374145512834133,0.19080886039322742,18564.316008219852,38044.95560808754,0.013110831671355573,-0.004992913065522675,0.21516852596991892,0.084,-0.7123576132042994,0.12342972318642513,-0.8477261311212587,0.3373077244395074,-5.619714931343014,5,-0.514279;-1.000068;-1.357409;-0.624473;-0.742402,0.6145977922941527,-0.2481874516034992,23348.800373171922,False,-4784.484364952069,0.0,0.04821214598966716,0.15975686502069397,0.5455448018192922,0.465555520658076,0.326253291971313,-0.139302228686763,ES.v.0,0.13954477253900444,27169.018928732497,0.7770023302590264,0.1917795838294669,-0.35590921649847973,0.550343507557065,0.07943691422637067,-0.21020390434064773,0.0047771986135569655,1.0343648617862058,True,1.0,18564.316008219852,-0.25812494436786393,False,-0.06920807959997637,-0.35672882627669567,0.7212948232387388,0.00513630759092798,1881,0.001761925503236701,-0.0009461732813924118,0.005121521362667136,-0.0002780780147627424,0.006081061031655668,0.0036732613892298386,0.005894887140142816,0.42052786968581646,-0.14705220960220147,1.18825827047527,-0.03330152071356692,0.6041248971349523,1.0186721648453516,0.9647240730513517,0.028450586295435176,0.3790453896154377,0.42272635510174184,open,0.14128327039228167,63.86469959748174,175,1.4094540293974152,0.9882341633381575,False,0,175,run+ledger,0.5178804550613076,this run,0.8473683669651247,-0.028518687016419353,False,False,False,False,False,False,0,6,False,True,underpowered,2000.0
cme_futures,1h,RANDOM_25,False,16,7.651388971072362,0.25326326666650106,0.037313642041284734,0.07119407709599557,-0.033880435054710833,0.7819902758697672,0.5180683311432326,1.0923903863763713,6088,0.6024746685830206,1.1028159427621445,-0.5003412741791239,-2.521955897966616,0.013250153393769837,0.020422423935861512,0.24489705629147265,14.219809169599964,45171,2019-01-03,2026-08-21,0.06423333951416686,0.17172962572574335,-0.186386662964516,-0.374145512834133,0.19080886039322742,13235.315036774544,38044.95560808754,0.015370484374838768,-0.015125553073017722,0.1983941410642967,0.014,-0.847163674379597,-0.07230495551632793,-0.2307817878181631,0.5981200505430134,-0.8627762354093405,5,-1.142893;-0.360273;0.475091;0.054689;-0.180523,0.37403761431792304,-0.1585018803391769,16925.165753568468,False,-3689.8507167939256,0.0,0.008394872744384134,0.15563412984664615,0.25326326666650106,0.4377790121597502,0.2001948071165824,-0.23758420504316777,ES.v.0,0.13954477253900444,27169.018928732497,0.7770023302590264,0.1917795838294669,-0.35590921649847973,0.33493314685302505,0.049009791200494535,-0.13223339122335287,-0.011696149159209801,0.9177870513296701,False,1.0,13235.315036774544,-0.186386662964516,False,0.15819841095459736,1.3556311911032235,0.17521654250703644,0.0019611683950083725,1881,0.0008405044566441831,0.0031514457485408596,0.0011509632121148986,0.0004260891293724118,0.0002779911996231106,0.0027652998308201307,0.0005552763544680262,0.3170765007875024,0.6680441279487307,0.4161513273847295,0.1227628795742878,0.04779783428796781,1.289829108676056,0.16682121048631401,0.8065361410423009,0.22121660939976198,0.38211588163986243,open,-1.3317616523440767,108.16887334080053,175,1.4094540293974152,0.951190916636636,False,0,175,run+ledger,0.5178804550613076,this run,0.6024746685830206,0.0,False,False,True,False,False,False,1,6,False,True,underpowered,2000.0
cme_futures,1h,MININDEX~TEMA_50|or,False,16,7.651388971072362,0.9989147720144932,0.14842128740820826,0.18319493853404745,-0.03477365112583919,0.7959315631925127,0.407514786037342,1.1152853741936486,17246,0.9218832404166959,1.1028159427621445,-0.18093270234544856,-1.9785389098433384,0.08924094726099319,-0.000564276171953278,-0.008835170398036407,14.219809169599964,45171,2019-01-03,2026-08-21,0.16486482147432696,0.17172962572574335,-0.37683495359291785,-0.374145512834133,0.19080886039322742,28830.88140292547,38044.95560808754,0.016309865029538094,-0.010058430389016194,0.09144763413309617,0.0115,-0.3824675848522809,-0.026784559593736962,-0.2489090066946961,0.28266213423019904,-1.9690556030685595,5,0.070289;-0.580967;-0.022943;-0.225706;-0.485219,0.9600255097371513,-0.36202474343346513,36222.81454360684,False,-7391.933140681366,0.0,0.02353708800382198,0.14859396083550935,0.9989147720144932,0.5098781720681557,0.39386284630205187,-0.1160153257661038,ES.v.0,0.13954477253900444,27169.018928732497,0.7770023302590264,0.1917795838294669,-0.35590921649847973,0.8596578331347673,0.12132798724009586,-0.31284045737831767,0.0270933001681124,1.2004220916298631,True,1.0,28830.88140292547,-0.37683495359291785,False,0.6068567290403141,1.9378129731649159,0.05264604442832077,0.009695042694685685,1881,0.008078117591749732,0.0013088622751536091,0.011490121818737563,0.009087259691935981,0.00416759872219713,0.00955898833399056,0.012168436005559046,1.4338329859309693,0.11833210685201377,1.7338704548381092,0.7300115476501314,0.314960365260497,1.7877252237709165,1.5651306028558734,0.9929506456598407,0.9752905289147376,0.9664299188013699,open,-0.28287871649052304,39.75412658563656,175,1.4094540293974152,0.9945192290232208,False,0,175,run+ledger,0.5178804550613076,this run,0.9696917327253886,-0.04780849230869266,False,False,False,False,False,False,0,6,False,True,underpowered,2000.0
cme_futures,1h,MININDEX~ADD|or,False,16,7.651388971072362,0.9995132385822764,0.14710451093518717,0.18200872571036708,-0.03490421477517991,0.7950538635995017,0.44150110375275936,1.1203627458714105,15855,0.9198197835648337,1.1028159427621445,-0.18299615919731071,-2.0449524368499272,0.0883023316999178,-0.07701474879381014,-1.1851641391833656,14.219809169599964,45171,2019-01-03,2026-08-21,0.16379588656791166,0.17172962572574335,-0.37601948000896523,-0.374145512834133,0.19080886039322742,28578.90876685404,38044.95560808754,0.016511167458991585,-0.011650071675259924,0.08948675573071055,0.0225,-0.354782398123109,-0.004887317964203561,-0.3124882839302515,0.19483016955179333,-3.586431437429635,5,-0.261158;-0.416548;-0.269539;-0.046371;-0.568825,0.9538009873118685,-0.3601185528593285,35945.87747485031,False,-7366.968707996273,0.0,0.021670380430322225,0.1471811815270172,0.9995132385822764,0.5099374681070175,0.3912151331406549,-0.11872233496636253,ES.v.0,0.13954477253900444,27169.018928732497,0.7770023302590264,0.1917795838294669,-0.35590921649847973,0.8540840651399123,0.1205937902333516,-0.3110856394628573,0.026510720701835577,1.1959090211987846,True,1.0,28578.90876685404,-0.37601948000896523,False,0.526845268968029,1.6989793814110328,0.08932306859791228,0.009902092884414793,1881,0.008518017736103969,0.0005635891913591141,0.010889769836152478,0.010136984846937269,0.005352452263094279,0.00859129257665946,0.012329395851534485,1.450399396294493,0.05079674769055976,1.6474813807293727,0.8174284391404009,0.40844144316314335,1.655113947235983,1.5405599448567218,0.23595255560255568,0.9695729173995197,0.9673962671921575,open,-0.2626628604486417,40.8626614848507,175,1.4094540293974152,0.9944335820527155,False,0,175,run+ledger,0.5178804550613076,this run,0.9696917327253886,-0.04987194916055482,False,False,False,False,False,False,0,6,False,True,underpowered,2000.0
cme_futures,1h,MININDEX~DEMA_50|and,False,16,7.651388971072362,0.3973470340093838,0.06271363767030946,0.10043612839117566,-0.0377224907208662,0.7657592879071938,0.31385383441963666,1.0656165225630816,36055,0.7173109136520567,1.1028159427621445,-0.38550502911008777,-1.6372424985096878,0.026913860417573654,-0.26840197275835165,-2.008480733445576,14.219809169599964,45171,2019-01-03,2026-08-21,0.09049829556850147,0.17172962572574335,-0.20216518903742853,-0.374145512834133,0.19080886039322742,15926.52521243718,38044.95560808754,0.010936359802215377,-0.004694427566537779,0.23545994528055347,0.045,-0.8789999858617996,0.036215388830344364,-0.6439068934531007,0.5734561947256386,-2.5107751876857956,5,-0.463015;-0.349060;-0.071500;-0.768732;-1.567227,0.5269812659641475,-0.21656430144451821,20798.344158467975,False,-4871.818946030795,0.0,0.04893951957486155,0.16541758800915884,0.3973470340093838,0.45138154757180016,0.3102098732670478,-0.14117167430475236,ES.v.0,0.13954477253900444,27169.018928732497,0.7770023302590264,0.1917795838294669,-0.35590921649847973,0.471887016132926,0.06846493644843665,-0.18243449146728274,-0.00575129877812719,0.959544202006589,False,1.0,15926.52521243718,-0.20216518903742853,False,0.06924723897040999,0.30887860220808194,0.7574138744092851,0.00535914526309722,1881,0.0031815414940673014,-0.006271172966841647,0.004471501328554596,0.006709863745659222,0.006087459142559636,0.004141003930227799,0.005961384248319559,0.8883545408399434,-1.0418445136232148,1.166435352654703,0.756542766590591,0.7414870707066797,1.4197870861030861,1.1486182617496596,0.044592231387190484,0.5421381142055005,0.61483620438972,open,1.7786897865355442,113.51048047015229,175,1.4094540293974152,0.9771598002979252,False,0,175,run+ledger,0.5178804550613076,this run,0.7445725996233445,-0.027261685971287863,False,False,False,False,False,False,0,6,False,True,underpowered,2000.0
cme_futures,1h,MININDEX~TRIMA_50|vote,False,16,7.651388971072362,0.5616603303642556,0.07850258205725136,0.11688049425402047,-0.038377912196769115,0.7652612134319701,0.2727305078111099,1.0725837234734639,28101,0.7705729396304941,1.1028159427621445,-0.33224300313165034,-1.2453831285708419,0.038114326454054326,-0.42378648978454164,-2.9298795706614573,14.219809169599964,45171,2019-01-03,2026-08-21,0.10525903196161869,0.17172962572574335,-0.1717756960405511,-0.374145512834133,0.19080886039322742,17829.028737288674,38044.95560808754,0.015042535190497119,-0.0052593029136155985,0.2667797527600368,0.0945,-0.8876668628951268,0.1282854173756147,-0.5633126828535142,0.8196411677617598,-1.5367767030149468,5,0.661151;-0.163334;-0.865882;-1.047146;-1.401352,0.6129346146116925,-0.2475979649073905,23297.96470061609,False,-5468.935963327415,0.0,0.03798376667354668,0.14402630617724577,0.5616603303642556,0.4671073138635869,0.45700633946911356,-0.010100974394473328,ES.v.0,0.13954477253900444,27169.018928732497,0.7770023302590264,0.1917795838294669,-0.35590921649847973,0.5488542099205748,0.07922986744605809,-0.20968341603044038,-0.000727285388806731,0.9948553242470066,False,1.0,17829.028737288674,-0.1717756960405511,False,-0.06804960655045943,-0.27516235255444815,0.7831915092238402,0.0036230498962011026,1881,0.0026720848856194236,-0.00024109461349389183,-1.9758824125206374e-05,0.008982811090494487,0.008965008300941331,0.001983934905205732,0.006089947755036153,0.8246910319975429,-0.04132977974747158,-0.004642210451663722,0.8651530238894835,1.0044266441329268,0.6864228327067889,1.2264813996714212,0.003390933936510354,0.5711801370494347,0.6180131475676374,open,0.8308268174683598,72.52607103878026,175,1.4094540293974152,0.9837605666950584,False,0,175,run+ledger,0.5178804550613076,this run,0.8462576327286377,-0.07568469309814363,False,False,False,False,False,False,0,6,False,True,underpowered,2000.0
cme_futures,1h,bb_outside_in@allow_short=0,False,16,7.651388971072362,0.46713453040825687,0.0736747679458074,0.11317336725346872,-0.03949859930766131,0.7584889290211148,0.5026595744680851,1.643445426526135,376,0.7483481041145158,1.1028159427621445,-0.35446783864762865,-2.3309456659193986,0.03351338800757403,-0.07330791663424109,-0.7836128889432177,14.219809169599964,45171,2019-01-03,2026-08-21,0.10193157193334211,0.17172962572574335,-0.2685518619965783,-0.374145512834133,0.19080886039322742,17227.38645231141,38044.95560808754,0.08255845447119231,-0.05077225641149206,0.15207039950792475,0.011,-0.6364947893531939,-0.04773581392873167,-0.323849590292718,0.5534648928763176,-1.3083931929568633,5,-0.543169;0.383629;0.092795;-0.559757;-0.992746,0.5935584585511732,-0.24069985093210355,22712.772452123474,False,-5485.385999812062,0.0,0.0004961220428897745,0.1643663001904394,0.46713453040825687,0.4580340809670631,0.2743409313868251,-0.18369314958023802,ES.v.0,0.13954477253900444,27169.018928732497,0.7770023302590264,0.1917795838294669,-0.35590921649847973,0.5315037706202402,0.07681421022368973,-0.20360079304376222,-0.0031394422778823206,0.9779075542144501,False,1.0,17227.38645231141,-0.2685518619965783,False,0.29922933797109896,1.3662153685936353,0.17187137511674822,0.008744689640276637,1881,0.00631387179376664,-0.0005216348142045944,0.004932216715837509,0.008110402423851706,0.005640518947254872,0.00226856206725997,0.008697428804460113,1.5342974396231375,-0.06699995234570012,1.0828937474381795,0.8672241999137774,0.6974249536024157,0.6528880147891665,1.6044482608377517,0.43326729061113256,0.5981552382396087,0.7439247295089484,open,0.5527854495431963,98.27076140200373,175,1.4094540293974152,0.980922502849833,False,0,175,run+ledger,0.5178804550613076,this run,0.8133982489913597,-0.06505014487684391,False,False,False,False,False,False,0,6,False,True,underpowered,2000.0
cme_futures,1h,sell_in_may,False,16,7.651388971072362,0.49216680318493433,0.10817135356649854,0.14833573887727258,-0.04016438531077404,0.7615431484372863,0.5703125,2.3239845729372925,128,0.8361489926218472,1.1028159427621445,-0.2666669501402973,-0.9980718833561443,0.056991949772450035,0.0683130720034583,0.45773347109631235,14.219809169599964,45171,2019-01-03,2026-08-21,0.13350290585019406,0.17172962572574335,-0.3741455128341329,-0.374145512834133,0.19080886039322742,21943.44906837234,38044.95560808754,0.27926831949067016,-0.15949556135941473,0.26718210841046397,0.186,-0.736527173821141,0.30548534942873035,-0.12700984590572068,0.7322944641984385,-0.3878257492603484,5,0.908908;-0.512337;-0.038087;-1.063366;0.069833,0.7774017167160292,-0.30392863374059076,28814.45275084029,False,-6871.003682467949,0.0,0.0001797059338112946,0.23206534654212985,0.49216680318493433,0.460429998298986,0.28911573132898516,-0.17131426697000085,ES.v.0,0.13954477253900444,27169.018928732497,0.7770023302590264,0.1917795838294669,-0.35590921649847973,0.6961267888082744,0.09946365031979121,-0.2599223121791069,0.008707703246707332,1.0622188242568869,True,1.0,21943.44906837234,-0.3741455128341329,False,0.5155607467633156,1.8919360224728694,0.05849950551554972,0.011635644168990655,1881,0.006592126545587695,0.0018264575308608796,0.006693362534533126,0.016770921510352723,0.0030104494909602196,0.003371094367473493,0.012994263125572041,1.2279933011748168,0.17794660876677243,1.169852541683082,1.6291061030006022,0.24810280096466011,0.7604381574173784,1.6920854159556062,0.6471439379275101,0.7181121784222726,0.7217705967451309,open,-0.37243710619351816,89.83263757778973,175,1.4094540293974152,0.98942142392737,False,0,175,run+ledger,0.5178804550613076,this run,0.8380855141593925,-0.0019365215375453104,False,False,False,False,False,False,0,6,False,True,underpowered,2000.0
cme_futures,1h,SAR~MAXINDEX|and,False,16,7.651388971072362,0.45029854206732073,0.06696415065081873,0.10775162290477835,-0.04078747225395962,0.7504801850610845,0.40563743551952836,1.0638342166521337,27140,0.7162504827339691,1.1028159427621445,-0.3865654600281754,-1.4552792321693189,0.02688030636484451,-0.11222848402367372,-0.8294847731152369,14.219809169599964,45171,2019-01-03,2026-08-21,0.09706506063743002,0.17172962572574335,-0.27413336317650505,-0.374145512834133,0.19080886039322742,16420.458545138175,38044.95560808754,0.011339625256844213,-0.007274637021421229,0.2656297509667198,0.064,-0.9488119127133945,0.08977509163288964,-1.0536464293678791,0.5235438485595476,-4.5001484532742735,5,-0.412749;-1.068872;-1.858963;-1.065655;-0.861993,0.5652202421523088,-0.23050922575082167,21879.93616886987,False,-5459.477623731695,0.0,0.03653726827916161,0.15481841138633357,0.45029854206732073,0.45642550357827866,0.2442758147891062,-0.21214968878917245,ES.v.0,0.13954477253900444,27169.018928732497,0.7770023302590264,0.1917795838294669,-0.35590921649847973,0.5061282264734793,0.07326958308399223,-0.19464197937626426,-0.006305432433173497,0.9559169072351039,False,1.0,16420.458545138175,-0.27413336317650505,False,0.22979804023726175,0.98513769657789,0.32455643898820874,0.003580316265686334,1881,0.0009783119342059643,-0.0014823035373037318,0.0020633327502140707,0.006840812216370257,0.00963594720320051,0.0035301469855722953,0.004115297165650114,0.285052674645239,-0.26728113999305736,0.4673795714636443,0.7333875450031596,1.11455446674756,1.2561551277643253,0.7295932711448828,0.4068301495330706,0.5491664379185356,0.6184638240670579,open,1.4689155719311409,93.46280971545997,175,1.4094540293974152,0.9768630287727983,False,0,175,run+ledger,0.5178804550613076,this run,0.7967943028676243,-0.08054382013365524,False,False,False,False,False,False,0,6,False,True,underpowered,2000.0
cme_futures,1h,MININDEX~MA_50|vote,False,16,7.651388971072362,0.5723740655134693,0.07628964283535988,0.11723587431464311,-0.040946231479283224,0.7514970587634527,0.2669733396011013,1.0728925038581707,29782,0.7491073366379908,1.1028159427621445,-0.35370860612415367,-1.4784434991871733,0.03343031762776283,-0.42816366315117194,-2.8674900814712765,14.219809169599964,45171,2019-01-03,2026-08-21,0.10557801785679667,0.17172962572574335,-0.19074483945917053,-0.374145512834133,0.19080886039322742,17551.02281824067,38044.95560808754,0.014664530275079505,-0.00497805934152889,0.2392439118022552,0.05,-0.8637969792409435,0.06560607420527295,-0.5298413537079962,0.7082471849850583,-1.6728076147688247,5,0.500349;-0.241927;-0.861911;-0.658259;-1.387459,0.6147921036374207,-0.24825629517290515,23354.74585505354,False,-5803.723036812867,0.0,0.040282525151199296,0.1370609145100099,0.5723740655134693,0.4681400483494655,0.3999565233411722,-0.06818352500829328,ES.v.0,0.13954477253900444,27169.018928732497,0.7770023302590264,0.1917795838294669,-0.35590921649847973,0.5505175042546663,0.07946110063654044,-0.21026469699732797,-0.003171457801180555,0.977738647603116,False,1.0,17551.02281824067,-0.19074483945917053,False,-0.06162303525506834,-0.24213933125976242,0.8086722028778013,0.003196126631797247,1881,0.0019192146750646915,-0.0008839554066788387,-0.0012118089269546398,0.007977133550828842,0.011698949744207985,0.0006215654300405465,0.0058200863032855195,0.5833280628379586,-0.15023753652214678,-0.27825120757975946,0.7606610363770705,1.314778231040804,0.21223301760468188,1.1896023841400363,0.004137417727813064,0.5885269027280441,0.6335238072176429,open,0.8486212937048645,72.44755501831229,175,1.4094540293974152,0.9811885821489694,False,0,175,run+ledger,0.5178804550613076,this run,0.8455192075260336,-0.09641187088804282,False,False,False,False,False,False,0,6,False,True,underpowered,2000.0
cme_futures,1h,SAREXT~MAXINDEX|and,False,16,7.651388971072362,0.450336176832989,0.06676993275633669,0.10775375303857504,-0.04098382028223835,0.7494245441753221,0.4056322473771397,1.0636432872607149,27165,0.7143628057283573,1.1028159427621445,-0.38845313703378714,-1.464407448560958,0.026557322923560334,-0.11305246159394952,-0.8355133561089557,14.219809169599964,45171,2019-01-03,2026-08-21,0.09706697266142994,0.17172962572574335,-0.2739994444147822,-0.374145512834133,0.19080886039322742,16397.602447821446,38044.95560808754,0.011331409804172899,-0.007270515046817527,0.2652630163930891,0.0635,-0.9510872464740481,0.08699726590648092,-1.0540913335897542,0.5232307328736411,-4.504742799519982,5,-0.412850;-1.068552;-1.858182;-1.068880;-0.861993,0.5652313760728065,-0.23051325350018104,21880.25809304873,False,-5482.6556452272835,0.0,0.03656888018660932,0.15433779284880833,0.450336176832989,0.45642909677578447,0.24368638009082938,-0.2127427166849551,ES.v.0,0.13954477253900444,27169.018928732497,0.7770023302590264,0.1917795838294669,-0.35590921649847973,0.5061381963772706,0.07327097844254515,-0.19464551391849683,-0.006501045686208462,0.9545768438838437,False,1.0,16397.602447821446,-0.2739994444147822,False,0.22895358001237948,0.9816711579142974,0.3262618788995013,0.003581605507628427,1881,0.0009875179785892277,-0.0014872652888819234,0.002055952380060122,0.006820074681246489,0.009677751414375118,0.003521492962302039,0.004116516784687662,0.28771856911677957,-0.26817748770472805,0.46570199028815656,0.7311527561970808,1.1193842371614693,1.2531220735575606,0.7297932831655389,0.4034287300938524,0.5491335504502503,0.6184493679692986,open,1.4688945304759808,93.45568669394633,175,1.4094540293974152,0.9765724671637123,False,0,175,run+ledger,0.5178804550613076,this run,0.7968314189316701,-0.08246861320331278,False,False,False,False,False,False,0,6,False,True,underpowered,2000.0
cme_futures,1h,RANDOM_75,False,16,7.651388971072362,0.7529870448155965,0.1110728862713477,0.1531631603120851,-0.0420902740407374,0.7523912964380173,0.5202388852023888,1.1395611992836896,6028,0.83307077810561,1.1028159427621445,-0.2697451646565344,-3.6283991353802816,0.055874968007065706,0.026903732625606712,0.26656616082475465,14.219809169599964,45171,2019-01-03,2026-08-21,0.1378408164433225,0.17172962572574335,-0.32942315914394105,-0.374145512834133,0.19080886039322742,22386.90411456977,38044.95560808754,0.025710936185834882,-0.024465720063542556,0.07434274857643611,0.0,-0.42096102249344464,-0.1274245930770808,-0.24392534439044752,0.19597517570818204,-2.783177254573655,5,-0.439888;-0.033966;-0.461488;-0.181435;-0.102850,0.802661834618203,-0.3122371217930602,29754.336899634807,False,-7367.432785065038,0.0,0.008311420655529598,0.15013315456071563,0.7529870448155965,0.4856740121045526,0.3371738846776542,-0.1485001274268984,ES.v.0,0.13954477253900444,27169.018928732497,0.7770023302590264,0.1917795838294669,-0.35590921649847973,0.7187460400680215,0.10252686565618707,-0.2674199824524105,0.008546020615160632,1.0608596423245216,True,1.0,22386.90411456977,-0.32942315914394105,False,0.5297793180624701,1.910664366041249,0.05604772690784188,0.005983636215693977,1881,0.0028960410966435675,0.006177348751639082,0.009119927681399673,0.0025715982368816163,0.0032466301477559133,0.00812048619601566,0.006899051942344549,0.5883106141254241,0.6455327207784337,1.6117431153079584,0.24507048295902276,0.2839063137538911,1.9430609966434513,1.0050551754545909,0.7898032128451737,0.8074297587513225,0.8917241563751152,open,-0.32478231483938663,50.31487975345924,175,1.4094540293974152,0.989237240601434,False,0,175,run+ledger,0.5178804550613076,this run,0.83307077810561,0.0,False,False,True,False,False,False,1,6,False,True,underpowered,2000.0
cme_futures,1h,MAXINDEX~TRIMA_50|vote,False,16,7.651388971072362,0.6247635888201739,0.07715216568339844,0.12091926372679618,-0.043767098043397734,0.7373128946876895,0.2872550267243573,1.0668468434319063,31432,0.7369913784009849,1.1028159427621445,-0.3658245643611595,-1.1789093931333468,0.03126207563699779,-0.35420310273811234,-2.0773680915456927,14.219809169599964,45171,2019-01-03,2026-08-21,0.10888424555171816,0.17172962572574335,-0.15817763670790497,-0.374145512834133,0.19080886039322742,17658.927882810065,38044.95560808754,0.014711920596607433,-0.005557772554908341,0.3103076169313217,0.1005,-1.0165286862065392,0.19165452752583584,-0.5965041368660442,0.6995392023667145,-1.9067177284413177,5,0.514820;-0.342110;-0.983268;-1.206193;-0.965770,0.634044621547182,-0.2550494596070453,23950.385257116683,False,-6291.457374306619,0.0,0.042726077483830414,0.12632269793607143,0.6247635888201739,0.4732023409678027,0.48775646980912785,0.01455412884132512,ES.v.0,0.13954477253900444,27169.018928732497,0.7770023302590264,0.1917795838294669,-0.35590921649847973,0.5677572313877768,0.08185422812344112,-0.2162707619570271,-0.004702062440042676,0.9672215429819072,False,1.0,17658.927882810065,-0.15817763670790497,False,-0.039958498550493056,-0.16108096963946736,0.8720296285344322,0.0033095623748525815,1881,0.00040434369783578724,-0.0005407657005885528,-7.749803070104984e-05,0.011730980100530013,0.00534074682909773,0.001867861874086444,0.005951569030033668,0.12468003548122024,-0.0901790544448872,-0.018223596461907028,1.1320629663614592,0.6003963478167288,0.6548582201421461,1.1523993057378419,0.037767598874370645,0.5045590843860333,0.4677964462464329,open,0.4427577492923984,70.29820679335886,175,1.4094540293974152,0.9793889662261726,False,0,175,run+ledger,0.5178804550613076,this run,0.841908352504578,-0.10491697410359302,False,False,False,True,False,False,1,6,False,True,underpowered,2000.0
cme_futures,1h,MAMA~HT_TRENDMODE|and,False,16,7.651388971072362,0.25855756785307826,0.04111225561680909,0.08502986714073524,-0.04391761152392615,0.7289579054410408,0.413444474321054,1.0633922226784092,18595,0.5637929460115411,1.1028159427621445,-0.5390229967506034,-1.3614054889685006,0.00911731348538708,-0.0020112621632511576,-0.016728913754672853,14.219809169599964,45171,2019-01-03,2026-08-21,0.07666482598039805,0.17172962572574335,-0.177086545513927,-0.374145512834133,0.19080886039322742,13610.705245848812,38044.95560808754,0.008837781664815025,-0.005858114420483651,0.39593126450445437,0.075,-1.3063200249553975,0.20678497580953525,-1.0959183500624219,0.8455101087143777,-2.898307073176351,5,0.109146;-0.727400;-2.159308;-1.423879;-1.278151,0.44642749121711683,-0.18644612017691986,18671.455709934224,False,-5060.75046408541,0.0,0.025417168363404397,0.16862115759689544,0.25855756785307826,0.43827554810575753,0.23215911461537778,-0.20611643349037975,ES.v.0,0.13954477253900444,27169.018928732497,0.7770023302590264,0.1917795838294669,-0.35590921649847973,0.3997548876139469,0.058264520740151315,-0.1562696264034037,-0.017152265123342225,0.8824712408024835,False,1.0,13610.705245848812,-0.177086545513927,False,0.2719168230433973,1.2913159050171814,0.19659415766396826,0.0029558426678144567,1881,-0.001521221909002741,5.03610714343624e-05,0.0002854068433213175,0.0037088022063278643,0.005837292043521734,0.0005706360232841109,0.006506907145791359,-0.6121193646403026,0.01056207728166858,0.08793765774183394,0.48727590123032277,0.7927616358870173,0.25302138269355645,1.391830912984259,0.9866528805455266,0.43982586182121375,0.5035967653338,open,2.884190925640292,216.94134984136718,175,1.4094540293974152,0.94224842416943,False,0,175,run+ledger,0.5178804550613076,this run,0.6076960009981194,-0.043903054986578316,False,False,False,False,False,False,0,6,False,True,underpowered,2000.0
cme_futures,1h,MININDEX~MA_50|or,False,16,7.651388971072362,0.9992568978621977,0.13155319764773066,0.17922627917712664,-0.04767308152939598,0.7292400053325558,0.3863594012050438,1.1004160827877099,16099,0.8469284225696965,1.1028159427621445,-0.255887520192448,-4.064318291903757,0.05997164285506529,-0.16864369035620547,-2.1127159757214495,14.219809169599964,45171,2019-01-03,2026-08-21,0.16128910131988466,0.17172962572574335,-0.3743419426503435,-0.374145512834133,0.19080886039322742,25744.716939850307,38044.95560808754,0.018456108480221896,-0.010559919424099479,0.06295951788573831,0.0,-0.39413724807048883,-0.14543773042074953,-0.2772823276477546,0.10788270455194089,-5.747187523290489,5,-0.139388;-0.377941;-0.232071;-0.241159;-0.395852,0.9392037083774207,-0.3556282382466631,35303.48959408765,False,-9558.772654237342,0.0,0.021875634073546413,0.1316572025570193,0.9992568978621977,0.5099120696704607,0.3514252149153609,-0.15848685475509977,ES.v.0,0.13954477253900444,27169.018928732497,0.7770023302590264,0.1917795838294669,-0.35590921649847973,0.8410128862481275,0.11886888031671283,-0.30695696667670447,0.012684317331017825,1.0900829035512998,True,1.0,25744.716939850307,-0.3743419426503435,False,0.42135600925595024,1.3506853671301802,0.1767962416434159,0.0076546687887305565,1881,0.008074325310108207,0.00036724311658141093,0.008856393969254153,0.007331550100539641,0.006145792357983725,0.008025118871362903,0.010376712067143051,1.3539780214075166,0.031594853535975825,1.3031037864775823,0.5895169457691167,0.47153931104506075,1.5804011023217148,1.4402315151500957,0.03462508508166273,0.9473184400219923,0.9425827433714449,open,-0.01635444990721284,36.6286628535302,175,1.4094540293974152,0.9903890044844499,False,0,175,run+ledger,0.5178804550613076,this run,0.9696917327253886,-0.12276331015569208,False,False,False,False,False,False,0,6,False,True,underpowered,2000.0
cme_futures,1h,MININDEX,False,16,7.651388971072362,0.8543728627161582,0.12308387308774793,0.1713467558059214,-0.04826288271817347,0.7247428936706355,0.5472947408248203,1.1062942599663457,10572,0.829919857854003,1.1028159427621445,-0.27289608490814143,-2.706657766689992,0.05462675288165031,-0.04068475753790762,-0.5641307697082136,14.219809169599964,45171,2019-01-03,2026-08-21,0.15419427009133987,0.17172962572574335,-0.35246608860340334,-0.374145512834133,0.19080886039322742,24306.547862552186,38044.95560808754,0.018809416991850354,-0.020554665355328617,0.10082400821655031,0.001,-0.47236288503994317,-0.07516362210190129,-0.3131336871991011,0.3637344657582905,-1.9249982515751922,5,-0.532517;-0.269606;0.159772;-0.136522;-0.786795,0.8978897463946733,-0.3427658788176412,33538.16653440478,False,-9231.618671852591,0.0,0.014689106356512499,0.14552588360353025,0.8543728627161582,0.49561076393364717,0.34920770271957297,-0.1464030612140742,ES.v.0,0.13954477253900444,27169.018928732497,0.7770023302590264,0.1917795838294669,-0.35590921649847973,0.8040181702993557,0.11396340895593537,-0.29516956811070605,0.009120464131812556,1.0643772904256517,True,1.0,24306.547862552186,-0.35246608860340334,False,0.53351223025439,1.7552703362523991,0.07921307791762677,0.00830074116577606,1881,0.008210498535194047,-0.0008815458399270872,0.009787596875746866,0.008750194126815757,0.006095822368515652,0.008410034133570537,0.009768313189055548,1.5765111195029338,-0.08105366875293588,1.6114250532220031,0.7200132793235444,0.5039609176189799,1.7121440178224412,1.4208637879244261,0.5726651387973587,0.9219452062404401,0.9449478031158939,open,-0.06225452629306464,41.453561298555215,175,1.4094540293974152,0.989090516825885,False,0,175,run+ledger,0.5178804550613076,this run,0.9250015760464331,-0.09508171819243005,False,False,False,False,False,False,0,6,False,True,underpowered,2000.0
cme_futures,1h,MININDEX~SAREXT|gate,False,16,7.651388971072362,0.8543728627161582,0.12308387308774793,0.1713467558059214,-0.04826288271817347,0.7247428936706355,0.5472947408248203,1.1062942599663457,10572,0.829919857854003,1.1028159427621445,-0.27289608490814143,-2.706657766689992,0.05462675288165031,-0.04068475753790762,-0.5641307697082136,14.219809169599964,45171,2019-01-03,2026-08-21,0.15419427009133987,0.17172962572574335,-0.35246608860340334,-0.374145512834133,0.19080886039322742,24306.547862552186,38044.95560808754,0.018809416991850354,-0.020554665355328617,0.10082400821655031,0.001,-0.47236288503994317,-0.07516362210190129,-0.3131336871991011,0.3637344657582905,-1.9249982515751922,5,-0.532517;-0.269606;0.159772;-0.136522;-0.786795,0.8978897463946733,-0.3427658788176412,33538.16653440478,False,-9231.618671852591,0.0,0.014689106356512499,0.14552588360353025,0.8543728627161582,0.49561076393364717,0.34920770271957297,-0.1464030612140742,ES.v.0,0.13954477253900444,27169.018928732497,0.7770023302590264,0.1917795838294669,-0.35590921649847973,0.8040181702993557,0.11396340895593537,-0.29516956811070605,0.009120464131812556,1.0643772904256517,True,1.0,24306.547862552186,-0.35246608860340334,False,0.53351223025439,1.7552703362523991,0.07921307791762677,0.00830074116577606,1881,0.008210498535194047,-0.0008815458399270872,0.009787596875746866,0.008750194126815757,0.006095822368515652,0.008410034133570537,0.009768313189055548,1.5765111195029338,-0.08105366875293588,1.6114250532220031,0.7200132793235444,0.5039609176189799,1.7121440178224412,1.4208637879244261,0.5726651387973587,0.9219452062404401,0.9449478031158939,open,-0.06225452629306464,41.453561298555215,175,1.4094540293974152,0.989090516825885,False,0,175,run+ledger,0.5178804550613076,this run,0.9250015760464331,-0.09508171819243005,False,False,False,False,False,False,0,6,False,True,underpowered,2000.0
cme_futures,1h,MININDEX~TRIMA_9|gate,False,16,7.651388971072362,0.8543728627161582,0.12308387308774793,0.1713467558059214,-0.04826288271817347,0.7247428936706355,0.5472947408248203,1.1062942599663457,10572,0.829919857854003,1.1028159427621445,-0.27289608490814143,-2.706657766689992,0.05462675288165031,-0.04068475753790762,-0.5641307697082136,14.219809169599964,45171,2019-01-03,2026-08-21,0.15419427009133987,0.17172962572574335,-0.35246608860340334,-0.374145512834133,0.19080886039322742,24306.547862552186,38044.95560808754,0.018809416991850354,-0.020554665355328617,0.10082400821655031,0.001,-0.47236288503994317,-0.07516362210190129,-0.3131336871991011,0.3637344657582905,-1.9249982515751922,5,-0.532517;-0.269606;0.159772;-0.136522;-0.786795,0.8978897463946733,-0.3427658788176412,33538.16653440478,False,-9231.618671852591,0.0,0.014689106356512499,0.14552588360353025,0.8543728627161582,0.49561076393364717,0.34920770271957297,-0.1464030612140742,ES.v.0,0.13954477253900444,27169.018928732497,0.7770023302590264,0.1917795838294669,-0.35590921649847973,0.8040181702993557,0.11396340895593537,-0.29516956811070605,0.009120464131812556,1.0643772904256517,True,1.0,24306.547862552186,-0.35246608860340334,False,0.53351223025439,1.7552703362523991,0.07921307791762677,0.00830074116577606,1881,0.008210498535194047,-0.0008815458399270872,0.009787596875746866,0.008750194126815757,0.006095822368515652,0.008410034133570537,0.009768313189055548,1.5765111195029338,-0.08105366875293588,1.6114250532220031,0.7200132793235444,0.5039609176189799,1.7121440178224412,1.4208637879244261,0.5726651387973587,0.9219452062404401,0.9449478031158939,open,-0.06225452629306464,41.453561298555215,175,1.4094540293974152,0.989090516825885,False,0,175,run+ledger,0.5178804550613076,this run,0.9250015760464331,-0.09508171819243005,False,False,False,False,False,False,0,6,False,True,underpowered,2000.0
cme_futures,1h,MININDEX~TRIMA_50|or,False,16,7.651388971072362,0.9992568978621977,0.13240730877177165,0.18098046684716285,-0.0485731580753912,0.7251674070863885,0.3867426347971095,1.1075643547858072,14392,0.8449225693701516,1.1028159427621445,-0.2578933733919928,-4.139548145180422,0.05936732557803498,-0.14615743489528968,-1.9557361170096697,14.219809169599964,45171,2019-01-03,2026-08-21,0.16286940723198418,0.17172962572574335,-0.37826850090525255,-0.374145512834133,0.19080886039322742,25893.775933573583,38044.95560808754,0.019553701729448095,-0.011133694357743678,0.06229988499886201,0.0,-0.377403388414897,-0.13794969123731182,-0.2872319171796212,0.15528802977430278,-4.135992278701099,5,-0.040286;-0.339325;-0.287141;-0.301757;-0.467650,0.9484059989281688,-0.3584622651017956,35707.30796852937,False,-9813.53203495579,0.0,0.019537358651110618,0.13251202764735237,0.9992568978621977,0.5099120696704607,0.35003524865248187,-0.1598768210179788,ES.v.0,0.13954477253900444,27169.018928732497,0.7770023302590264,0.1917795838294669,-0.35590921649847973,0.8492531059865577,0.11995679296806538,-0.3095619201145773,0.012450515803706264,1.0882717214787003,True,1.0,25893.775933573583,-0.37826850090525255,False,0.4473991184286122,1.428103869479705,0.1532619639293471,0.009112282410808414,1881,0.009173770250542114,0.00019806001127739038,0.01048955165901142,0.008261509392357405,0.004488302333827519,0.008772913438212454,0.011022423619046005,1.5906294197478896,0.01756984763746964,1.555449894798339,0.656955974839669,0.34397435427558287,1.6871148295709777,1.4773209468171884,0.05049624778166484,0.9530294143018315,0.9510771505631113,open,-0.06994763580235094,36.41730220319263,175,1.4094540293974152,0.9902277558821924,False,0,175,run+ledger,0.5178804550613076,this run,0.9696917327253886,-0.12476916335523691,False,False,False,False,False,False,0,6,False,True,underpowered,2000.0
cme_futures,1h,MININDEX~TEMA_100|or,False,16,7.651388971072362,0.9983447160051067,0.13026416627986426,0.181875215250219,-0.051611048970354734,0.7106026431620859,0.4116742444503878,1.1063726031076027,14956,0.830023409442023,1.1028159427621445,-0.27279253332012143,-4.105046855438364,0.05491971078840219,-0.12233865817568229,-1.767888295776258,14.219809169599964,45171,2019-01-03,2026-08-21,0.16367558513802338,0.17172962572574335,-0.3723025195488324,-0.374145512834133,0.19080886039322742,25521.168322479298,38044.95560808754,0.01744050168713802,-0.011030454221053932,0.06645296458887577,0.0,-0.4131887621962942,-0.15282594714680958,-0.41355308776879396,0.22523103184018015,-4.105707854733507,5,-0.478254;-0.697435;-0.524276;-0.169735;-0.198066,0.9531004592033382,-0.35990370430424135,35914.82323920658,False,-10393.654916727275,0.0,0.020431242856767756,0.13049366471355772,0.9983447160051067,0.5098216925439774,0.34988795251163585,-0.1599337400323415,ES.v.0,0.13954477253900444,27169.018928732497,0.7770023302590264,0.1917795838294669,-0.35590921649847973,0.8534567750630121,0.12051111129433356,-0.310887932690034,0.009753054985530696,1.0685583271554795,True,1.0,25521.168322479298,-0.3723025195488324,False,0.47776252208312964,1.5084307156366545,0.13144432667768413,0.009061431873735981,1881,0.0078534643052441,-0.0012385943762196188,0.011074625520172385,0.005062633895160413,0.007005687748117724,0.008542914269084677,0.012156636835782329,1.325900461461706,-0.10963247683272738,1.6403091762779698,0.40176674421789144,0.5233090304508052,1.6082539625538077,1.4881869939954289,0.07707957985811786,0.9635376328358078,0.9575887224575471,open,-0.3401013288848293,39.83356677374729,175,1.4094540293974152,0.989001392288894,False,0,175,run+ledger,0.5178804550613076,this run,0.9696917327253886,-0.13966832328336554,False,False,False,False,False,False,0,6,False,True,underpowered,2000.0
cme_futures,1h,MININDEX~TEMA_50|vote,False,16,7.651388971072362,0.5425794280546224,0.06725598550800949,0.11961662586921373,-0.05236064036120425,0.6931790824981371,0.3115440937194924,1.0562333611884727,49168,0.6581301377464565,1.1028159427621445,-0.444685805015688,-2.1079691996345873,0.018746969733148877,-0.194023471258609,-1.3605470075130728,14.219809169599964,45171,2019-01-03,2026-08-21,0.107714978971287,0.17172962572574335,-0.26181174927502027,-0.374145512834133,0.19080886039322742,16454.85454771023,38044.95560808754,0.010931544274526132,-0.004683440742498669,0.2109546027013931,0.0125,-0.8826416050982983,-0.05195079947522757,-0.7835280281673829,0.6471941271016487,-2.7071041900592907,5,-0.222870;-1.117370;-0.165499;-1.711328;-0.700572,0.6272358570402442,-0.2526533238669364,23738.244507334006,False,-7283.389959623778,0.0,0.06664078801082408,0.12745804215211654,0.5425794280546224,0.46527019557882326,0.25688681158980536,-0.2083833839890179,ES.v.0,0.13954477253900444,27169.018928732497,0.7770023302590264,0.1917795838294669,-0.35590921649847973,0.5616603020010132,0.08100862880954396,-0.21415059926873514,-0.013752643301534473,0.9066798863368025,False,1.0,16454.85454771023,-0.26181174927502027,False,0.16968592535110283,0.7331698792307955,0.46345482397326543,0.005293872071632122,1881,0.004459869659882535,-0.0019041881546105859,0.00544326578181948,0.005965107284740412,0.004892724791656928,0.005865200867050882,0.005899098923755188,1.1192688515068974,-0.27573110177320515,1.1481847324712269,0.6364417001078861,0.5435639896127291,1.6930678464586915,1.0255707926547273,0.17365688797593148,0.5839810061668608,0.6465963007973009,open,0.4232404911953571,87.60169796405768,175,1.4094540293974152,0.9657952539145831,False,0,175,run+ledger,0.5178804550613076,this run,0.8475727500950487,-0.18944261234859228,False,False,False,False,False,False,0,6,False,True,underpowered,2000.0
cme_futures,1h,MININDEX~MIDPOINT_9|gate,False,16,7.651388971072362,0.8499219392782189,0.11673912641291517,0.17095110982580852,-0.05421198341289335,0.6957939130277123,0.5393962264150943,1.094226535666728,13250,0.7946565402433976,1.1028159427621445,-0.30815940251874685,-3.1134037844611013,0.04464862033935868,-0.03256389000128715,-0.4487141040641217,14.219809169599964,45171,2019-01-03,2026-08-21,0.15383817352834767,0.17172962572574335,-0.34998073181674183,-0.374145512834133,0.19080886039322742,23275.410918860012,38044.95560808754,0.016285784911129572,-0.017429377020486834,0.09897829637670531,0.0,-0.5053512514757015,-0.11936289981729296,-0.3597849676154359,0.35997911052734843,-2.234862027666339,5,-0.544653;-0.249402;0.095847;-0.240727;-0.859989,0.895816157976325,-0.3421142769538671,33451.58743567938,False,-10176.176516819369,0.0,0.01827466570325085,0.13872533770948237,0.8499219392782189,0.4951732360144561,0.33355872423868904,-0.16161451177576708,ES.v.0,0.13954477253900444,27169.018928732497,0.7770023302590264,0.1917795838294669,-0.35590921649847973,0.8021613690910016,0.11371628949277968,-0.29457395376506823,0.0030228369201354965,1.0209557376941834,True,1.0,23275.410918860012,-0.34998073181674183,False,0.5411603860483991,1.7814205751980248,0.07484376944289983,0.008461452621424503,1881,0.008367911873036229,-0.0008349496981853253,0.009480803713269478,0.008732613429707473,0.006838962582641657,0.008361364996422623,0.009949096270458991,1.6146090279589607,-0.07693543743674265,1.5611198807711766,0.719157548453145,0.5650480311833199,1.7057210744834932,1.451512975841231,0.6536379089472635,0.9211862083106357,0.9445383215959986,open,-0.06150564402776024,41.721659266275594,175,1.4094540293974152,0.9859609381859791,False,0,175,run+ledger,0.5178804550613076,this run,0.9209657360078924,-0.12630919576449484,False,False,False,False,False,False,0,6,False,True,underpowered,2000.0
cme_futures,1h,range_filter_macd,False,16,7.651388971072362,0.4438409387195667,0.05739988950431374,0.11269616926179671,-0.05529627975748297,0.6770467544958291,0.3749134708569846,1.0878615424306592,7223,0.6005190330858075,1.1028159427621445,-0.502296909676337,-1.0194099459653767,0.012050461218965636,-0.18203502125609672,-0.9048724500610109,14.219809169599964,45171,2019-01-03,2026-08-21,0.10150324726457882,0.17172962572574335,-0.18684728571321874,-0.374145512834133,0.19080886039322742,15327.241908340397,38044.95560808754,0.026661464195748455,-0.014699456509436938,0.4927329889847838,0.1445,-1.4944408044547697,0.38305845236363567,-0.8592033071244665,1.7316791800061977,-1.1094647457827957,5,-0.240738;1.625313;-2.526881;-0.674545;-2.479166,0.5910642781384857,-0.23980779767552218,22638.38029879341,False,-7311.138390453014,0.0,0.00970494876337376,0.13399853680510154,0.4438409387195667,0.4558091326718148,0.30720215862495087,-0.1486069740468639,ES.v.0,0.13954477253900444,27169.018928732497,0.7770023302590264,0.1917795838294669,-0.35590921649847973,0.5292703490004282,0.0765027842605186,-0.20281528177624164,-0.019102894756204858,0.8719741082561738,False,1.0,15327.241908340397,-0.18684728571321874,False,-0.017375387595485348,-0.07079649997092047,0.9435597174554378,0.009554708033462367,1881,-0.006506723042116851,-0.006451739152575511,-0.006249566690811073,0.0038847445454814515,0.008051503606349627,-0.005496914128582718,-0.006780759561672563,-1.742388542994033,-0.9744188692852881,-1.4615583101292717,0.4067587230298964,0.9955863808953248,-1.9810423221003395,-1.4203355956338182,0.3655329637958187,0.2643816723915317,0.14699475555036157,open,2.327388657720892,154.91612306099927,175,1.4094540293974152,0.952973979159629,False,0,175,run+ledger,0.5178804550613076,this run,0.7904257015177496,-0.18990666843194215,False,False,False,False,False,False,0,6,False,True,underpowered,2000.0
cme_futures,1h,monday_effect,False,16,7.651388971072362,0.8015900298700658,0.11939555274909486,0.1748682025331223,-0.05547264978402744,0.6906820866119283,0.5248772504091653,1.139955608843043,6110,0.7954562073886754,1.1028159427621445,-0.30735973537346906,-1.9288330857146068,0.04501846077578309,-0.13287212739540755,-1.5218256059492272,14.219809169599964,45171,2019-01-03,2026-08-21,0.1573643172138278,0.17172962572574335,-0.4141427991278278,-0.374145512834133,0.19080886039322742,23702.404317252385,38044.95560808754,0.028986221006417342,-0.02809024865036866,0.15935009496148103,0.0275,-0.6022997813530321,0.004188584379262461,-0.1687466251298592,0.4513959115184429,-0.835915689831459,5,0.043384;-0.506125;-0.714823;-0.090641;0.424473,0.9163492702484699,-0.34854111167281665,34317.38679299206,False,-10614.982475739675,0.0,0.008071627518770432,0.15108664966978513,0.8015900298700658,0.4904297162863873,0.2882956144608533,-0.20213410182553404,ES.v.0,0.13954477253900444,27169.018928732497,0.7770023302590264,0.1917795838294669,-0.35590921649847973,0.820547808434908,0.11615950235465311,-0.3004550103344904,0.0032360503944417474,1.022398527737164,True,1.0,23702.404317252385,-0.4141427991278278,False,0.44452986780868936,1.455779470025195,0.1454535928339089,0.005567540437995788,1881,0.001955764926149765,0.008389132999575749,0.00665686302043284,0.01569656168218274,-0.00093570558598223,0.005954799822269756,0.008822461770774415,0.3041483330147726,0.7237997793556835,1.0482578675173013,1.27129220340681,-0.06981462578087085,1.155144123380669,1.1339644322839462,0.12805278369275075,0.9270912472021564,0.9276987209001918,open,-0.23587247618220222,49.41688553013734,175,1.4094540293974152,0.985961051333172,False,0,175,run+ledger,0.5178804550613076,this run,0.8771411549185242,-0.08168494752984878,False,False,False,False,False,False,0,6,False,True,underpowered,2000.0
cme_futures,1h,CDLGRAVESTONEDOJI,False,16,7.651388971072362,0.16392652218015835,-0.014593193396109982,0.0412894578525258,-0.055882651248635784,0.6556981912141041,0.4971499705169364,0.9813058455364636,15263,-0.3752592750295083,1.1028159427621445,-1.4780752177916527,-3.705395662173747,4.116040198676174e-07,-0.013742053427422102,-0.14381456245768937,14.219809169599964,45171,2019-01-03,2026-08-21,0.037319322933295894,0.17172962572574335,-0.14274916232683954,-0.374145512834133,0.19080886039322742,8936.143810958098,38044.95560808754,0.005629502223809167,-0.005671716926136109,0.3988980806774489,0.0,-2.225432635017032,-0.6386175592931331,-1.2715809334730874,1.4998477682511926,-1.895753333322467,5,-0.905184;1.050193;-2.666575;-1.330320;-2.506018,0.2173144137220436,-0.09504626265850369,13628.440539711955,False,-4692.296728753858,0.0,0.02146862241105894,-0.08577514398416253,0.16392652218015835,0.4294397588542775,-0.10222962543694161,-0.5316693842912191,ES.v.0,0.13954477253900444,27169.018928732497,0.7770023302590264,0.1917795838294669,-0.35590921649847973,0.19459486869301354,0.028705121846353432,-0.07847911658264706,-0.043298315242463414,0.7196273755557553,False,1.0,8936.143810958098,-0.14274916232683954,False,0.055839309452548676,0.6371676521596226,0.5240156456687011,0.005891317303022503,1881,0.00339803474844687,-0.00086520248002502,0.0009895593535773394,0.003027280205325934,0.004615350675445028,-4.868490836300765e-05,-0.0009512296307391917,1.6308382706085405,-0.4040602043000625,0.44972362787701253,0.5620601597880737,1.2633157156079986,-0.03732681583971456,-0.7885620903463753,0.8856469032417291,0.11172159609808048,0.17859263649637425,open,0.3743083869599704,163.04087303246524,175,1.4094540293974152,0.14997249964710413,False,0,175,run+ledger,0.5178804550613076,this run,0.6024746685830206,-0.9777339436125289,False,False,False,False,False,False,0,6,False,True,underpowered,2000.0
cme_futures,1h,ibs,False,16,7.651388971072362,0.47739371327154423,0.06031528948479403,0.11623569409748202,-0.05592040461268799,0.6748608727243178,0.6192606841180899,1.0543438108321475,71742,0.6118448737147267,1.1028159427621445,-0.4909710690474177,-2.788387570002582,0.013864103201709943,-0.05804420666365311,-0.5063317778613445,14.219809169599964,45171,2019-01-03,2026-08-21,0.1046802667098386,0.17172962572574335,-0.24346941288912882,-0.374145512834133,0.19080886039322742,15653.565006262577,38044.95560808754,0.004317105744908151,-0.006659723778439217,0.17607705411158572,0.0045,-0.8516648859064484,-0.15581230866643203,-0.5841231475354614,0.6427733552001872,-2.0320367273370294,5,-0.198860;0.051490;-1.254930;-0.216505;-1.301810,0.6095644025744031,-0.2464021786217342,23195.247552390094,False,-7541.6825461275175,0.0,0.09878562337985163,0.1305217576642741,0.47739371327154423,0.4590154109145805,0.24773251296359114,-0.21128289795098934,ES.v.0,0.13954477253900444,27169.018928732497,0.7770023302590264,0.1917795838294669,-0.35590921649847973,0.5458363430537099,0.07881016627727067,-0.20862792897457205,-0.018494876792476633,0.8760684065088886,False,1.0,15653.565006262577,-0.24346941288912882,False,0.16194865679603315,0.985532168585834,0.32436273825329875,0.0045112643832248,1881,0.0031889566804566153,0.0031690377757327796,0.0036752984314623437,0.007180851565437188,-0.0015734074610968853,0.0054381722965264005,0.0012546271545302177,0.7461287482210172,0.46753450396492124,0.9063075214189905,1.0332443077518771,-0.20032235227802686,1.879850981344458,0.3114701171713327,0.6126237582443084,0.35322610564988066,0.4792590376593734,open,-0.489274778834266,50.374000693807204,175,1.4094540293974152,0.9543393591746071,False,0,175,run+ledger,0.5178804550613076,this run,0.8235160345401528,-0.21167116082542603,False,False,False,False,False,False,0,6,False,True,underpowered,2000.0
cme_futures,1h,MININDEX~HT_PHASOR|or,False,16,7.651388971072362,0.9992598496085247,0.12304732389738549,0.17898585120897925,-0.055938527311593766,0.6894060307725226,0.511133494010576,1.0686169093580762,27799,0.8009848892854191,1.1028159427621445,-0.30183105347672534,-2.655011063413288,0.04612343935359592,-0.02147795821958592,-0.2644887130262749,14.219809169599964,45171,2019-01-03,2026-08-21,0.16107252947440093,0.17172962572574335,-0.3183843743984687,-0.374145512834133,0.19080886039322742,24300.496096516392,38044.95560808754,0.010535572384111848,-0.010308136261230977,0.1136835388884183,0.0015,-0.5317747805952158,-0.09238841313358846,-0.4510159502431721,0.3294502935350296,-3.0611668693904632,5,-0.092926;-0.454345;-0.387709;-0.332550;-0.987550,0.9379425873299108,-0.3552389772308917,35248.45303323814,False,-10947.956936721748,0.0,0.03877634570516209,0.12314385955123863,0.9992598496085247,0.5099123621299895,0.38647412935971426,-0.12343823277027521,ES.v.0,0.13954477253900444,27169.018928732497,0.7770023302590264,0.1917795838294669,-0.35590921649847973,0.8398836114777937,0.11871965294660414,-0.3065993898898871,0.004327670950781348,1.0299823215914088,True,1.0,24300.496096516392,-0.3183843743984687,False,0.5612370774928185,1.8386040771733128,0.06597344116237913,0.007975145069230583,1881,0.008264610108447316,-0.002270424016772349,0.01038898097205634,0.0083924519983913,0.004296231722213277,0.008112988973469312,0.010054379230798114,1.4191876009713624,-0.20538109748692462,1.6295740254231708,0.6755923961248732,0.32957783315789885,1.5958712243881303,1.3581886814121034,0.7914033609503153,0.9356219994201865,0.9372855348040771,open,0.16469347911738574,38.57451981246046,175,1.4094540293974152,0.9866666670406637,False,0,175,run+ledger,0.5178804550613076,this run,0.9696917327253886,-0.16870684343996944,False,False,False,False,False,False,0,6,False,True,underpowered,2000.0
cme_futures,1h,MININDEX~TEMA_50|and,False,16,7.651388971072362,0.3955105471742253,0.04257509419334404,0.10103921197915566,-0.05846411778581162,0.6587141172731109,0.32874460149195134,1.0482205579560477,40752,0.5034325683316015,1.1028159427621445,-0.5993833744305429,-2.618313319368601,0.00587859149065012,-0.2389511973785139,-1.9056929670423994,14.219809169599964,45171,2019-01-03,2026-08-21,0.09103968541811928,0.17172962572574335,-0.24240510718837904,-0.374145512834133,0.19080886039322742,13757.716226212255,38044.95560808754,0.010079527634072336,-0.004709321553471399,0.22891965220384036,0.0045,-1.055149215064439,-0.142046371500731,-0.8968286545809484,0.697118781681114,-2.8766544361015423,5,-1.243992;-0.731475;0.184266;-1.680321;-1.012622,0.5301338370323593,-0.21772246575314746,20885.716375967906,False,-7128.000149755649,0.0,0.05542267516332726,0.11117434959358952,0.3955105471742253,0.45120703228048886,0.1756361270072494,-0.27557090527323946,ES.v.0,0.13954477253900444,27169.018928732497,0.7770023302590264,0.1917795838294669,-0.35590921649847973,0.4747099957160876,0.06886197803466088,-0.18344609376617427,-0.026286883841316833,0.8265244746570805,False,1.0,13757.716226212255,-0.24240510718837904,False,0.09128268537143476,0.4238713918679981,0.6716596088898652,0.004525206301972173,1881,0.004571829105258604,-0.00424598049106747,0.0038015486525870027,0.005527253195082621,0.006928197304000509,0.004745388448106717,0.0034682174795200166,1.3654316545668195,-0.6589181343270636,0.9772033833034832,0.6377150811046317,0.9009238671762233,1.643691394146027,0.7010485769177022,0.05669005230447155,0.5302318744479603,0.618380217372515,open,1.7730485825929045,108.2671426357836,175,1.4094540293974152,0.9192255963145649,False,0,175,run+ledger,0.5178804550613076,this run,0.7427614241906686,-0.23932885585906705,False,False,False,False,False,False,0,6,False,True,underpowered,2000.0
cme_futures,1h,MININDEX~ADX|or,False,16,7.651388971072362,0.9992598496085247,0.115195439399421,0.1738944769322348,-0.0586990375328138,0.6753700316756838,0.49630051223676724,1.071836722608544,17570,0.7749759104845788,1.1028159427621445,-0.32784003227756564,-2.3437960951950028,0.03964926623578574,-0.1870563203260879,-1.6046462886413848,14.219809169599964,45171,2019-01-03,2026-08-21,0.156487646542249,0.17172962572574335,-0.3605402921929839,-0.374145512834133,0.19080886039322742,23030.3640008739,38044.95560808754,0.015310152659439935,-0.014074212464846749,0.13987566279748814,0.003,-0.6039491550953858,-0.07808259926495512,-0.37867944691283373,0.4408328400556629,-1.920802871383633,5,-0.561148;-0.331355;-0.091257;0.114213;-1.023850,0.9112443230509558,-0.34694855322261975,34100.36412739913,False,-11070.000126525229,0.0,0.024190853164288057,0.11528550413127259,0.9992598496085247,0.5099123621299895,0.3195078106215134,-0.19040455150847607,ES.v.0,0.13954477253900444,27169.018928732497,0.7770023302590264,0.1917795838294669,-0.35590921649847973,0.81597656756519,0.11555286484030458,-0.29899635812679115,-0.0003574254408835742,0.9975510898427722,False,1.0,23030.3640008739,-0.3605402921929839,False,0.3768800613192066,1.1830853619638144,0.23677531855611078,0.00856812286513342,1881,0.010362223569646108,-0.0012846457713285384,0.006791372065021348,0.010560447505769427,0.014879545173073893,0.007102888575267365,0.008416197303304411,1.923631738961008,-0.11313912557532978,1.038466697404747,0.8211692477964305,1.244987179805482,1.3832076185196185,1.3036762342909367,0.10857166847619304,0.905470517498651,0.8724463145811192,open,0.07409404803015343,41.540028654156764,175,1.4094540293974152,0.9839572678612225,False,0,175,run+ledger,0.5178804550613076,this run,0.9696917327253886,-0.19471582224080974,False,False,False,False,False,False,0,6,False,True,underpowered,2000.0
cme_futures,1h,bollinger_mr,False,16,7.651388971072362,0.2613705967544714,0.04481740013716373,0.10371054638880173,-0.058893146251637996,0.6573304245586836,0.6855600539811066,1.3194504258384878,741,0.5160108966811832,1.1028159427621445,-0.5868050460809613,-2.0455416263852166,0.007085802658523599,0.12414953432979074,1.0599819851665209,14.219809169599964,45171,2019-01-03,2026-08-21,0.09343767459446661,0.17172962572574335,-0.31628878671986527,-0.374145512834133,0.19080886039322742,13985.740981199968,38044.95560808754,0.03131643989264726,-0.05174722895850162,0.2868702540744356,0.038,-1.0734000392720882,0.04978130483163089,-0.3102519183665264,1.0215289732985249,-0.6791235469094553,5,-1.018884;1.052703;0.462834;-0.709417;-1.338496,0.5440975847911588,-0.2228339547435786,21276.57637418756,False,-7290.835392987594,0.0,0.0009898314956727802,0.18262831581647943,0.2613705967544714,0.43853947772712726,0.1416977206240896,-0.2968417571030376,ES.v.0,0.13954477253900444,27169.018928732497,0.7770023302590264,0.1917795838294669,-0.35590921649847973,0.4872138771432141,0.0706186058465188,-0.1879156254970169,-0.02580120570935507,0.8297326919023321,False,1.0,13985.740981199968,-0.31628878671986527,False,0.26130776967822233,1.8359674802385004,0.06636246637050913,0.02257138939558012,1881,0.002233502122912582,0.0033630650191468284,0.006157581321909347,0.002051283584099314,-0.004077826436939728,0.0068215704860542965,0.010760005682756623,0.5628862128928828,0.42853426713670595,1.7269232658846487,0.49596482016446175,-0.5417621650947071,2.203316291504333,1.6739586852724913,0.28915279506117075,0.22022473169369142,0.2822181547858623,open,-1.8907536982579274,214.3758940763544,175,1.4094540293974152,0.9217104083582737,False,0,175,run+ledger,0.5178804550613076,this run,0.6104702592939436,-0.09445936261276044,False,False,False,False,False,False,0,6,False,True,underpowered,2000.0
cme_futures,1h,ACOS,False,16,7.651388971072362,0.05436316915861313,-0.020237140633327266,0.03878992826988781,-0.059027068903215074,0.6391503228668086,0.7219486913708214,0.8833676414055525,3859,-0.5654878792214648,1.1028159427621445,-1.6683038219836093,-3.423702614919942,1.964110502017391e-08,0.13106063524990488,2.2939320610925287,14.219809169599964,45171,2019-01-03,2026-08-21,0.03506611347496521,0.17172962572574335,-0.15384233905112632,-0.374145512834133,0.19080886039322742,8551.909677192922,38044.95560808754,0.005526942948750933,-0.016245193368661606,0.48728058760518833,0.0,-2.64916277010281,-0.7453721302182322,-1.280584252980803,,,1,-1.280584,0.20419373376476518,-0.0895449885133025,13380.12259594061,False,-4828.212918747688,0.0,0.005289855744486976,-0.31345027150245186,0.05436316915861313,0.41931725984617635,-0.13154467592046862,-0.550861935766645,ES.v.0,0.13954477253900444,27169.018928732497,0.7770023302590264,0.1917795838294669,-0.35590921649847973,0.18284591495488117,0.02698943523723729,-0.07387146978275272,-0.04722657587056456,0.6975371206078099,False,1.0,8551.909677192922,-0.15384233905112632,False,0.12886306162684302,2.362529653605194,0.018150689277047327,0.016470231005526692,1881,0.002967197787940344,0.0014262421287002001,0.0010506017097021403,0.0007160846581040958,0.0026300625319051097,0.000709820358914598,0.00111363791910307,2.4342628410710985,0.6648929177097872,0.7910312664583571,0.41355259522679116,1.4255779201876322,0.946516840717219,1.217748940120449,0.021794401475218717,-0.0035284797904149958,0.017011405835894,open,-2.109594003092406,311.365989950605,175,1.4094540293974152,0.05784567390594847,False,0,175,run+ledger,0.5178804550613076,this run,0.6024746685830206,-1.1679625478044855,False,False,False,False,False,False,0,6,False,False,unrankable,1995.0
cme_futures,1h,BBANDS,False,16,7.651388971072362,0.23626703507738903,-0.013943371215640488,0.04671118275384467,-0.06065455396948516,0.6333411215430244,0.5111111111111111,0.8793944236213493,45,-0.3115998766383128,1.1028159427621445,-1.4144158194004572,-2.760904823639181,9.756723304832349e-07,-0.11425667730330276,-1.1509037044924986,14.219809169599964,45171,2019-01-03,2026-08-21,0.04220457632927123,0.17172962572574335,-0.18001417600621727,-0.374145512834133,0.19080886039322742,8981.331694354814,38044.95560808754,0.08529679044349238,-0.10140377842585634,0.5123015495826109,0.001,-2.4662215603549393,-0.4998569081942866,-1.657439145888178,1.5433759613867044,-2.4013245583047893,5,-0.037565;-0.357216;-1.551225;-3.728672;-2.612518,0.24576176737654473,-0.10687201376814492,14180.875659034073,False,-5199.543964679258,0.0,5.4197675947179106e-05,-0.057699079094321704,0.23626703507738903,0.43618673127004964,-0.0774570732427146,-0.5136438045127643,ES.v.0,0.13954477253900444,27169.018928732497,0.7770023302590264,0.1917795838294669,-0.35590921649847973,0.2200681401352927,0.03241680725608753,-0.08841186437458015,-0.04636017847172802,0.703607137523619,False,1.0,8981.331694354814,-0.18001417600621727,False,-0.09435320265499554,-1.0108445194434184,0.3120908514815637,0.0035092184591759557,1881,-0.0008380063003054839,0.00294022790846474,0.0006653060400102767,-0.0014709741984986352,0.004140620364504401,0.0018835771961164991,3.459890672237166e-05,-0.5954738809047994,1.147937982144682,0.289187140964765,-0.35802858849706304,1.2073350926414708,1.1681714114084982,0.017239158806770204,0.2497718536075837,0.03195752229576757,0.015621215162978652,open,0.19558919454684617,31.015448898854174,175,1.4094540293974152,0.19447678500989357,False,0,175,run+ledger,0.5178804550613076,this run,0.6024746685830206,-0.9140745452213334,False,False,False,False,False,False,0,6,False,True,underpowered,2000.0
cme_futures,1h,CDLDRAGONFLYDOJI,False,16,7.651388971072362,0.16929495116052862,-0.017376078809641426,0.047211035598399675,-0.0645871144080411,0.6144166622339436,0.4938035007026958,0.9796785391729957,15654,-0.3896705094069388,1.1028159427621445,-1.4924864521690833,-5.43438314867607,5.178913267678276e-07,-0.12526657311241465,-1.2079881126647782,14.219809169599964,45171,2019-01-03,2026-08-21,0.04265482515069743,0.17172962572574335,-0.20348406755386605,-0.374145512834133,0.19080886039322742,8744.853125784633,38044.95560808754,0.0058787853369379715,-0.005853815561477009,0.2746376932463226,0.0,-2.0382196442354275,-0.9780104169169694,-2.022685120380097,0.4223616286261399,-10.708504560320096,5,-2.011562;-2.642343;-1.745139;-2.171555;-1.542827,0.24838361447790194,-0.10795496125853288,14232.773398412437,False,-5487.9202726278045,0.0,0.02210802294284291,-0.09836012618732914,0.16929495116052862,0.42993875195667103,-0.08539282224168068,-0.5153315741983517,ES.v.0,0.13954477253900444,27169.018928732497,0.7770023302590264,0.1917795838294669,-0.35590921649847973,0.22241588128915069,0.03275832737832385,-0.08932337786502331,-0.050134406187965275,0.6833496541210816,False,1.0,8744.853125784633,-0.20348406755386605,False,-0.02887066929962284,-0.26353143673978363,0.7921409965995152,0.0075708837776566895,1881,0.0043855870743124675,-0.0030155453402180192,0.0022390036487644287,0.0029044079689824597,0.0027273005459433303,0.0013168045837637873,0.0019439586816542623,1.9563989922809346,-1.4425328516881246,1.0079246360123635,0.5510305593567625,0.5625710673360798,0.6940835348604801,0.8437839356603225,0.22705183483454716,0.15477570121556475,0.238868028544715,open,6.850766201361328,498.9337998523148,175,1.4094540293974152,0.1450333161225829,False,0,175,run+ledger,0.5178804550613076,this run,0.6024746685830206,-0.9921451779899594,False,False,False,False,False,False,0,6,False,True,underpowered,2000.0
cme_futures,1h,MULT~HT_TRENDMODE|and,False,16,7.651388971072362,0.2556324958571422,0.019165827988639972,0.0842650930746962,-0.06509926508605623,0.6226577331290484,0.4157913371887171,1.0287467818850673,25419,0.28778726737985405,1.1028159427621445,-0.8150286753822904,-2.618639161663357,0.000908580823255789,-0.16020758505507793,-1.2451102611336282,14.219809169599964,45171,2019-01-03,2026-08-21,0.0759779148869599,0.17172962572574335,-0.23497827298196694,-0.374145512834133,0.19080886039322742,11563.374252095808,38044.95560808754,0.007371199417855988,-0.0050996117744607815,0.311241307055297,0.0025,-1.4159849372572526,-0.2408120274592154,-1.390078266229361,0.4445762368988701,-6.991623121865066,5,-0.725279;-1.492595;-1.937014;-1.537157;-1.258346,0.44242753436322396,-0.1849239654928202,18570.995969143856,False,-7007.6217170480495,0.0,0.034502237140494045,0.07709190090862594,0.2556324958571422,0.438001182985495,0.08156425590084589,-0.35643692708464914,ES.v.0,0.13954477253900444,27169.018928732497,0.7770023302590264,0.1917795838294669,-0.35590921649847973,0.3961731137894247,0.0577552842318696,-0.15495445340356695,-0.038589456243229625,0.7524954944467125,False,1.0,11563.374252095808,-0.23497827298196694,False,0.13889705113579015,0.6497916335354869,0.5158268239431376,0.004488572833069249,1881,-0.0008427874837590362,-0.00211136156035759,0.0001485924027210591,0.00790560711952628,0.009982192984480871,-0.00018340445228568695,0.006366687127279595,-0.2939406845388114,-0.4403739549301338,0.04281301478896396,0.864460911233184,1.3126806383988983,-0.08117762387894546,1.325024543884274,0.2130912228062689,0.4802499688490366,0.5498619181375106,open,2.9347977889724866,222.5221403063164,175,1.4094540293974152,0.7881854667842775,False,0,175,run+ledger,0.5178804550613076,this run,0.6048112438430863,-0.3170239764632322,False,False,False,False,False,False,0,6,False,True,underpowered,2000.0
cme_futures,1h,ADD~HT_TRENDMODE|and,False,16,7.651388971072362,0.2557965741393715,0.018824078499436236,0.08430038020414932,-0.06547630170471308,0.6209073396538177,0.416135881104034,1.0283018762554172,25434,0.28328663580066876,1.1028159427621445,-0.8195293069614757,-2.6659859317098578,0.0008715074521917221,-0.15578235048395492,-1.2163775137686788,14.219809169599964,45171,2019-01-03,2026-08-21,0.07600960991083132,0.17172962572574335,-0.23558875655964495,-0.374145512834133,0.19080886039322742,11533.739342821722,38044.95560808754,0.007372259565866177,-0.005109793705085313,0.3074019623336355,0.0025,-1.4109895860089947,-0.24847338821100073,-1.3946051850504155,0.43942814361661425,-7.096568667361293,5,-0.741619;-1.503937;-1.946958;-1.510491;-1.270021,0.4426120978812394,-0.18499425578262374,18575.620879682745,False,-7041.881536861023,0.0,0.03452050529889545,0.0756293935051302,0.2557965741393715,0.43801657108056935,0.07990227876036379,-0.35811429232020553,ES.v.0,0.13954477253900444,27169.018928732497,0.7770023302590264,0.1917795838294669,-0.35590921649847973,0.3963383817665395,0.057778786691332185,-0.15501517058971814,-0.03895470819189595,0.7504393900351267,False,1.0,11533.739342821722,-0.23558875655964495,False,0.14379610866389544,0.6732853712155924,0.5007657576503413,0.004440268883573406,1881,-0.0008700437429947213,-0.002262434315104928,-7.57912522061947e-05,0.007799323827743024,0.010247582771272239,-0.00024281399867004036,0.006335619155305663,-0.303871470693577,-0.47080440228738385,-0.02182613980397373,0.8548374771528152,1.3455946184323586,-0.1069798803893354,1.3173237840968672,0.22384114577843262,0.48101075097273954,0.550966016396166,open,2.9303441622218354,222.15869508236594,175,1.4094540293974152,0.7845238273856472,False,0,175,run+ledger,0.5178804550613076,this run,0.6049730607143647,-0.321686424913696,False,False,False,False,False,False,0,6,False,True,underpowered,2000.0
cme_futures,1h,MININDEX~SAREXT|and,False,16,7.651388971072362,0.42826435569428867,0.0365543638321526,0.104557908822557,-0.0680035449904044,0.6149632579550172,0.409435551811289,1.0381525664727385,28488,0.42817431466216466,1.1028159427621445,-0.6746416280999799,-2.5630338632550504,0.0032116998218705284,-0.18287111165695014,-1.4061110235275809,14.219809169599964,45171,2019-01-03,2026-08-21,0.09419830764716454,0.17172962572574335,-0.2620382744738958,-0.374145512834133,0.19080886039322742,13161.37011043259,38044.95560808754,0.010864795775405488,-0.007255688621949389,0.26321994327581205,0.0045,-1.1723451257354922,-0.1744161077487761,-1.251063868668961,0.46527687498323433,-6.012471293868773,5,-1.110675;-1.286078;-0.599898;-1.369719;-1.888950,0.5485268325082224,-0.22444904692378076,21401.880421602862,False,-8240.51031117027,0.0,0.0384296502913973,0.08744579006722808,0.42826435569428867,0.4543237788929366,0.1395000936620583,-0.31482368523087834,ES.v.0,0.13954477253900444,27169.018928732497,0.7770023302590264,0.1917795838294669,-0.35590921649847973,0.49118006080838617,0.07117511820735078,-0.18932953690214271,-0.03462075437519818,0.7777266562853825,False,1.0,13161.37011043259,-0.2620382744738958,False,0.1435764212939972,0.6422183771207077,0.5207314025092171,0.004292601149508468,1881,0.002928180483069466,-0.002638067382658409,0.0023697737901160615,0.0064544579457078526,0.011428015533261181,0.004286045910096775,0.0020858537358856696,0.9009557031489055,-0.4939119107226476,0.5979733235520623,0.7339600576798997,1.4119197733800082,1.5990184703154846,0.4464490102588026,0.15969115949653334,0.524152415445989,0.5949157135613501,open,1.5948757845068782,103.89807978694787,175,1.4094540293974152,0.8828166304333365,False,0,175,run+ledger,0.5178804550613076,this run,0.7750638029403581,-0.3468894882781935,False,False,False,False,False,False,0,6,False,True,underpowered,2000.0
cme_futures,1h,MAXINDEX~HT_PHASOR|and,False,16,7.651388971072362,0.44586579569311857,0.04036838931573827,0.1105928308168791,-0.07022444150114082,0.6066630699917307,0.5088800868843033,1.043498672042185,62612,0.447004693089309,1.1028159427621445,-0.6558112496728354,-2.107681707017669,0.003722181308435879,0.03618262195296766,0.27538566472351833,14.219809169599964,45171,2019-01-03,2026-08-21,0.09961532118679242,0.17172962572574335,-0.28917820439899367,-0.374145512834133,0.19080886039322742,13536.474053634853,38044.95560808754,0.005666273406342497,-0.0056264380123742025,0.3111528877862665,0.011,-1.2821729648563427,-0.09773138936712013,-1.2457646319911195,0.7097066278631429,-3.925022384931594,5,-0.556975;-0.819886;-2.289042;-1.647489;-0.915432,0.5800706824219175,-0.23586470898699452,22313.001603706267,False,-8776.527550071414,0.0,0.08694450518172453,0.0928179143798693,0.44586579569311857,0.45600236614841405,0.13959692916565725,-0.3164054369827568,ES.v.0,0.13954477253900444,27169.018928732497,0.7770023302590264,0.1917795838294669,-0.35590921649847973,0.5194260994714212,0.07512883594276842,-0.19934609668256797,-0.03476044662703015,0.777658555758651,False,1.0,13536.474053634853,-0.28917820439899367,False,0.3881018381176096,1.731869148394894,0.08329686291788008,0.0016606815129117658,1881,0.002475345193726431,-0.00031841897409543365,0.0017528184253342372,-6.878071692570104e-05,0.0006805201707623398,0.0009575762454524638,0.004682990851653316,0.6742887902661949,-0.04881958323761378,0.43597627832575636,-0.008318300098067461,0.0833427785863591,0.3424629503258392,0.993908774289801,0.7830199563692102,0.5650503942459676,0.6350749413038521,open,1.950208580747209,102.66705643722088,175,1.4094540293974152,0.89306355571814,False,0,175,run+ledger,0.5178804550613076,this run,0.7924226508750605,-0.34541795778575146,False,False,False,False,False,False,0,6,False,True,underpowered,2000.0
cme_futures,1h,MAXINDEX~TAN|or,False,16,7.651388971072362,0.9995304878498743,0.10319637774037749,0.1739054575097525,-0.07070907976937502,0.6216748130832722,0.43748427672955975,1.0565989123570845,31800,0.7058437724304333,1.1028159427621445,-0.39697217033171117,-5.130544368024409,0.025992252632738466,-0.0117018125711784,-0.1142302202787503,14.219809169599964,45171,2019-01-03,2026-08-21,0.15649753216119336,0.17172962572574335,-0.3885165341092043,-0.374145512834133,0.19080886039322742,21200.854797574666,38044.95560808754,0.011119409041687213,-0.008184635256417817,0.07737427880086166,0.0,-0.5444539683082007,-0.24785190083081413,-0.3466853582420229,0.251867960814657,-3.077850891894457,5,-0.299980;-0.788411;-0.266518;-0.204320;-0.174197,0.9113018880686549,-0.34696653087212603,34102.804796653145,False,-12901.94999907848,0.0,0.04368318366831742,0.10324727297804936,0.9995304878498743,0.5099391771890849,0.26561643760409703,-0.24432273958498785,ES.v.0,0.13954477253900444,27169.018928732497,0.7770023302590264,0.1917795838294669,-0.35590921649847973,0.8160281143396013,0.1155597084173614,-0.29901281924790757,-0.012363330676983919,0.9182635205336259,False,1.0,21200.854797574666,-0.3885165341092043,False,0.5306341971435588,1.7797094829200648,0.07512351772473735,0.008764116024565505,1881,0.004998630645259385,0.0019203584503326501,0.011240800831703396,0.012627182595057369,-0.0029822257521913732,0.00955773751047962,0.011146933600661255,0.9449976937139914,0.17892806743366202,1.7751309196178424,1.1009854816456692,-0.2366025199209591,2.040722138048954,1.40263257052097,0.9090552963778278,0.870788414008426,0.8821071635805776,open,-0.2283778217049297,47.182577496724974,175,1.4094540293974152,0.9743779922392599,False,0,175,run+ledger,0.5178804550613076,this run,0.9696917327253886,-0.2638479602949553,False,False,False,False,False,False,0,6,False,True,underpowered,2000.0
cme_futures,1h,MININDEX~SAREXT|vote,False,16,7.651388971072362,0.5738370701552279,0.0450332158885538,0.11704888733646945,-0.07201567144791565,0.6005550785861403,0.4104809602417392,1.0346775550272003,35741,0.4705333750850374,1.1028159427621445,-0.6322825676771071,-2.259228889444576,0.004591159066033967,-0.20714160235313042,-1.3475026693284253,14.219809169599964,45171,2019-01-03,2026-08-21,0.10541017997542654,0.17172962572574335,-0.28798852661288143,-0.374145512834133,0.19080886039322742,14007.860050819325,38044.95560808754,0.01126542064716725,-0.007581193229899266,0.2798665379285902,0.0065,-1.16763125683895,-0.12678197662761898,-1.300604306583623,0.4733090392594279,-6.14448362511815,5,-0.813549;-1.447258;-0.940618;-1.288518;-2.013078,0.6138147656815448,-0.24790997187259667,23324.854872258173,False,-9316.994821438846,0.0,0.04802909058271118,0.07978466043901711,0.5738370701552279,0.4682811395517571,0.15637156250008577,-0.3119095770516713,ES.v.0,0.13954477253900444,27169.018928732497,0.7770023302590264,0.1917795838294669,-0.35590921649847973,0.549642343937709,0.07933944229885759,-0.20995888955281927,-0.034306226410303786,0.7810281248761488,False,1.0,14007.860050819325,-0.28798852661288143,False,0.13957624981501193,0.5719254259749529,0.5673724977315724,0.003946988898216541,1881,0.0025036020460816617,-0.0008217011453733516,0.0006875063047221807,0.0071308780443351625,0.012659246502198799,0.0039751226773914634,0.004465056133287658,0.6788140412235656,-0.14221253035662074,0.14543529663672264,0.7574770763679052,1.3988534353611322,1.2949321725694978,0.7790862041652946,0.17781839431008306,0.5566989526598283,0.5887940512378909,open,1.1169818064817738,71.85362813546372,175,1.4094540293974152,0.9041510311073961,False,0,175,run+ledger,0.5178804550613076,this run,0.845418372524612,-0.37488499743957465,False,False,False,False,False,False,0,6,False,True,underpowered,2000.0
cme_futures,1h,heikin_reversal,False,16,7.651388971072362,0.4839715270843649,0.05770969923954916,0.13018917993475432,-0.07247948069520516,0.6022230621419741,0.5760885829717193,1.1221566469881092,6683,0.5373764401176009,1.1028159427621445,-0.5654395026445436,-3.1058346023230397,0.008177180414639995,-0.058779984903817695,-0.4765680963222209,14.219809169599964,45171,2019-01-03,2026-08-21,0.11720576785035118,0.17172962572574335,-0.35025963005397176,-0.374145512834133,0.19080886039322742,15361.635956668746,38044.95560808754,0.012487133325063097,-0.015122493878577543,0.18205718431419932,0.001,-0.8887363797802375,-0.18828857586702694,-0.564530344644042,0.5743755775023006,-2.1977400771020874,5,-0.295423;-0.243346;0.050344;-1.026104;-1.308123,0.6825017369893522,-0.27190476252773677,25508.21601223774,False,-10146.580055568993,0.0,0.009319024191097031,0.12291515447345325,0.4839715270843649,0.459645049442545,0.1647626340228151,-0.29488241541972987,ES.v.0,0.13954477253900444,27169.018928732497,0.7770023302590264,0.1917795838294669,-0.35590921649847973,0.6111483063524228,0.08784845058546908,-0.2312362529112295,-0.030138751345919923,0.8065632600339265,False,1.0,15361.635956668746,-0.35025963005397176,False,0.178849897502271,1.0360298421191245,0.3001882205770412,0.014336355196553296,1881,0.00540891849828714,-0.0010433748234074235,0.009436731113590308,0.003593945456391825,-0.0023238907565000582,0.008771801140133564,0.008390346019101366,1.1421076006043762,-0.11621996060198149,2.1270090225892675,0.4930458119417929,-0.244615793943832,2.400414720532088,1.2526855753162534,0.6336697061001442,0.3815445493472714,0.4546419865027811,open,-1.1896728834571146,94.19960174299324,175,1.4094540293974152,0.9304895360734131,False,0,175,run+ledger,0.5178804550613076,this run,0.830003189552875,-0.2926267494352741,False,False,False,False,False,False,0,6,False,True,underpowered,2000.0
cme_futures,1h,SAR~MAXINDEX|vote,False,16,7.651388971072362,0.59414257284683,0.03598231831075238,0.11854681345140006,-0.08256449514064768,0.5561536707636706,0.39659863945578233,1.031729749992213,36750,0.3844634304804576,1.1028159427621445,-0.7183525122816868,-2.7975628442323295,0.0022424876704930097,-0.14518398581664851,-0.7740274606029915,14.219809169599964,45171,2019-01-03,2026-08-21,0.10675471107728493,0.17172962572574335,-0.3235394349427011,-0.374145512834133,0.19080886039322742,13105.896951257768,38044.95560808754,0.011676982718118482,-0.007438915384297004,0.2567779714985483,0.0015,-1.2106236143410443,-0.24138949328983828,-1.350930254896438,0.3749967931216681,-8.0554605751774,5,-0.919475;-1.785002;-0.996118;-1.525267;-1.528789,0.6216441142646811,-0.25068032485458824,23565.24399679262,False,-10459.347045534852,0.0,0.049483448180795885,0.06130324829143663,0.59414257284683,0.4702410389647924,0.111214629268067,-0.3590264096967254,ES.v.0,0.13954477253900444,27169.018928732497,0.7770023302590264,0.1917795838294669,-0.35590921649847973,0.5566531585145826,0.08031356509163845,-0.21240619696223506,-0.04433124678088607,0.7257114148546316,False,1.0,13105.896951257768,-0.3235394349427011,False,0.16397337824823582,0.6644213088094821,0.506420698294181,0.0036656680397891828,1881,0.001262539408368877,-0.00021242894744031258,0.0013446563188269176,0.010396098053721657,0.009594266995552875,0.004008635544641162,0.003307917217336028,0.33798677925094267,-0.036524215269383375,0.2625904232874407,0.9935501815785363,1.052841889401572,1.233923741631534,0.5671952167516962,0.43891455231171683,0.49639088297804185,0.4449826545815392,open,1.020620547311978,68.92634532604117,175,1.4094540293974152,0.8567782935756806,False,0,175,run+ledger,0.5178804550613076,this run,0.8440188517477591,-0.45955542126730153,False,False,False,False,False,False,0,6,False,True,underpowered,2000.0
cme_futures,1h,SAREXT~MAXINDEX|vote,False,16,7.651388971072362,0.5941219106225415,0.035825926907162575,0.11854612431127265,-0.08272019740411007,0.5555142265493573,0.39663422326137787,1.0316221590277432,36782,0.38305084062437933,1.1028159427621445,-0.7197651021377651,-2.7974553797303487,0.002215249287216725,-0.14503430004799983,-0.7732573104036004,14.219809169599964,45171,2019-01-03,2026-08-21,0.10675409250518014,0.17172962572574335,-0.32403728802887055,-0.374145512834133,0.19080886039322742,13090.766581707778,38044.95560808754,0.011670464819794628,-0.007436644187505642,0.25729279092456675,0.0015,-1.2158446835534165,-0.24305178377016434,-1.3532532394457508,0.3710781931208919,-8.154524545684318,5,-0.920727;-1.776805;-1.005746;-1.534640;-1.528348,0.6216405122530761,-0.25067905241422783,23565.132909417334,False,-10474.366327709557,0.0,0.04952510728363397,0.061035792760308016,0.5941219106225415,0.470239043078449,0.11056112438507575,-0.35967791869337323,ES.v.0,0.13954477253900444,27169.018928732497,0.7770023302590264,0.1917795838294669,-0.35590921649847973,0.5566499330820709,0.08031311717826606,-0.21240507234527206,-0.04448719027110348,0.7248759021122685,False,1.0,13090.766581707778,-0.32403728802887055,False,0.16414076390707713,0.6651016843924422,0.5059854573873999,0.0036673929640207437,1881,0.001261905906295269,-0.00021690348291172976,0.0013451347424222335,0.010399523260133638,0.00959914271376209,0.0040030264181303175,0.0033120633958643986,0.33781700766173794,-0.037292385228470004,0.26268236262647054,0.993873477130453,1.0533440691846274,1.2320731293261997,0.567930404257805,0.4393701148153324,0.49641930236940224,0.44502043866519425,open,1.0206100085410172,68.92782678778497,175,1.4094540293974152,0.8558892765082609,False,0,175,run+ledger,0.5178804550613076,this run,0.8440202758549398,-0.46096943523056044,False,False,False,False,False,False,0,6,False,True,underpowered,2000.0
cme_futures,1h,range_filter,False,16,7.651388971072362,0.9669787215986658,0.05777088213126591,0.14564399475646805,-0.08787311262520214,0.5430222010496237,0.37145435791645176,1.0503514096954425,15512,0.49392121956300294,1.1028159427621445,-0.6088947231991415,-1.1499978176881762,0.005534818376164985,-0.34749770112043615,-1.2605563431154265,14.219809169599964,45171,2019-01-03,2026-08-21,0.13108464130573177,0.17172962572574335,-0.24699020170767216,-0.374145512834133,0.19080886039322742,15368.436205585987,38044.95560808754,0.02564892285282831,-0.014431223304330248,0.5294746771112955,0.123,-1.6506044686098496,0.41096487079293514,-0.9329857675911206,1.964407738726665,-1.0620094582430528,5,-0.928579;2.162206;-2.033121;-0.782472;-3.082963,0.7633199033175402,-0.2992579377933591,28301.671968254483,False,-12933.235762668495,0.0,0.020843563047119762,0.05980156090641153,0.9669787215986658,0.5067164800969459,0.23389948966332375,-0.2728169904336222,ES.v.0,0.13954477253900444,27169.018928732497,0.7770023302590264,0.1917795838294669,-0.35590921649847973,0.6835171851363182,0.09775072650958672,-0.2557174998490628,-0.039979844378320806,0.7528697733909162,False,1.0,15368.436205585987,-0.24699020170767216,False,-0.22668561257906616,-0.7476065744596244,0.4546974979888101,0.004617656536662906,1881,-0.004764715461913497,0.0011049527879292292,-0.011496834488847692,0.010654127471419233,0.017256194059835167,-0.006387533095180156,0.0038908802467315026,-1.0866916847034935,0.17603843665412933,-2.0981769830942,0.9065484681828124,1.779267882296793,-1.779827586293076,0.7726563448953007,0.20746873607010574,0.19397894495207893,0.05941658446804643,open,1.0906939894710486,67.03386717644636,175,1.4094540293974152,0.9147457366169447,False,0,175,run+ledger,0.5178804550613076,this run,0.9696917327253886,-0.4757705131623856,False,False,False,False,False,False,0,6,False,True,underpowered,2000.0
cme_futures,1h,MAXINDEX~TAN|and,False,16,7.651388971072362,0.4442166421561388,0.014417991584728673,0.10357649724583551,-0.08915850566110683,0.5248921913680351,0.4549000626388019,1.032531922592962,70244,0.1999911159386097,1.1028159427621445,-0.9028248268235348,-2.4683445756785156,0.00039899789165015465,-0.1773183927238081,-1.624580518853747,14.219809169599964,45171,2019-01-03,2026-08-21,0.09331734474931204,0.17172962572574335,-0.34410176990491315,-0.374145512834133,0.19080886039322742,11157.534813836332,38044.95560808754,0.00520201367720212,-0.0042044371681171444,0.3657612619078356,0.0075,-1.5395197845975999,-0.17251502810961897,-1.5286566026911554,0.28192827249558117,-12.124289797593418,5,-1.168130;-1.474575;-1.738655;-1.875908;-1.386015,0.54339689121749,-0.2225781766110384,21256.81234608628,False,-10099.277532249951,0.0,0.095678214476186,0.03275021854556348,0.4442166421561388,0.4558449837608229,0.04190037031402904,-0.41394461344679384,ES.v.0,0.13954477253900444,27169.018928732497,0.7770023302590264,0.1917795838294669,-0.35590921649847973,0.4865864389000403,0.07053053705320611,-0.18769178111046947,-0.05611254546847744,0.6623603521986341,False,1.0,11157.534813836332,-0.34410176990491315,False,0.16336256432295687,0.7778199459208731,0.4366751675389946,0.003209117718289911,1881,0.0005961223995344065,-0.003888149640093156,0.002297209999754056,0.005045465223503875,0.006706777695030176,0.0019885215358058286,0.005255700939391903,0.2272321597685195,-0.6146151966663176,0.6515408285990014,0.6551406473150171,0.9276821258375383,0.7432416339191749,1.0496538822703283,0.10425197088819704,0.5470059611672581,0.6886373388795123,open,1.9048470018821968,110.05373420703482,175,1.4094540293974152,0.7103875379774343,False,0,175,run+ledger,0.5178804550613076,this run,0.790796226817068,-0.5908051108784582,False,False,False,False,False,False,0,6,False,True,underpowered,2000.0
cme_futures,1h,MININDEX~TRIMA_9|or,False,16,7.651388971072362,0.999780925077299,0.08922757397265935,0.17950843954956275,-0.0902808655769034,0.5437464191893656,0.38628365973072215,1.050066706650055,26144,0.6098958666443682,1.1028159427621445,-0.4929200761177762,-4.670814848270229,0.013625843687269268,-0.0835504928541828,-0.9128015082549547,14.219809169599964,45171,2019-01-03,2026-08-21,0.16154327204932128,0.17172962572574335,-0.37515240740168443,-0.374145512834133,0.19080886039322742,19231.318192946983,38044.95560808754,0.014273016486483242,-0.00855534503500858,0.10553192368571884,0.0,-0.7164531292490158,-0.3045033339972831,-0.6291769126674343,0.3788558665344343,-3.7135028671120227,5,-0.585114;-1.053800;-0.041632;-0.620306;-0.845032,0.9406837717524061,-0.3560848096374071,35368.174417806076,False,-16136.856224859095,0.0,0.035924957942242736,0.08924797340616064,0.999780925077299,0.5099639910279106,0.2378435329541183,-0.27212045807379226,ES.v.0,0.13954477253900444,27169.018928732497,0.7770023302590264,0.1917795838294669,-0.35590921649847973,0.8423382136075956,0.11904397342595674,-0.3073764428290007,-0.029816399453297393,0.8133181950406403,False,1.0,19231.318192946983,-0.37515240740168443,False,0.5109887158978248,1.6152915687263736,0.106247568637166,0.00949951688492745,1881,0.008806143181140981,0.0015829890133431737,0.011296490768682721,0.00902343029447317,0.00426677621294598,0.010693423392393823,0.010786927955602639,1.5812350617731161,0.13924317714189915,1.7086605731823852,0.7216306404035924,0.33445044919017763,1.9989453758149662,1.4640520252866127,0.3613469449429445,0.9546071907106062,0.9297460072454031,open,-0.34668710787815205,42.201122374457775,175,1.4094540293974152,0.9539247859714013,False,0,175,run+ledger,0.5178804550613076,this run,0.9696917327253886,-0.3597958660810203,False,False,False,False,False,False,0,6,False,True,underpowered,2000.0
cme_futures,1h,MININDEX~HT_PHASOR|and,False,16,7.651388971072362,0.4262582501549427,0.014364267553960586,0.10798143009949168,-0.0936171625455311,0.508928675646797,0.5079253203019767,1.0271203307561751,63846,0.19519756559196275,1.1028159427621445,-0.9076183771701817,-3.0429702755207924,0.000382754701211796,-0.06649807678864839,-0.4817104531802436,14.219809169599964,45171,2019-01-03,2026-08-21,0.0972713370706566,0.17172962572574335,-0.27296389769718543,-0.374145512834133,0.19080886039322742,11153.014342855227,38044.95560808754,0.005488852643136574,-0.005516061385801742,0.29826725041369206,0.0,-1.4623735021533364,-0.3495443180063937,-1.4332219178898133,0.35511669086085057,-9.02458746018224,5,-1.031430;-1.087407;-1.617866;-1.838900;-1.590506,0.5664214119117772,-0.23094364596410266,21914.690361435954,False,-10761.676018580725,0.0,0.08858499186926677,0.03402481515873301,0.4262582501549427,0.4541326264307014,0.05262332372574667,-0.4015093027049547,ES.v.0,0.13954477253900444,27169.018928732497,0.7770023302590264,0.1917795838294669,-0.35590921649847973,0.5072038176761905,0.07342010752593509,-0.1950232326639082,-0.0590558399719745,0.6485763616351371,False,1.0,11153.014342855227,-0.27296389769718543,False,0.29651475521083415,1.266509496812983,0.20533073156313142,0.0022562093728921706,1881,0.0032096813354388506,-0.0010466890342614283,0.003311836617071038,-0.0068284916966083915,0.002163478926438772,0.002720307186426336,0.00363289381491331,0.8847108205078593,-0.16439362339341923,0.8462599173929961,-0.748122995388276,0.27816247255003224,0.9426570268818132,0.7959422124048644,0.6300116492790035,0.5828625844111027,0.641901116280204,open,1.5207253143186577,99.43376324249628,175,1.4094540293974152,0.7057240526940161,False,0,175,run+ledger,0.5178804550613076,this run,0.7730853465753798,-0.577887780983417,False,False,False,False,False,False,0,6,False,True,underpowered,2000.0
cme_futures,1h,HT_TRENDMODE~TAN|and,False,16,7.651388971072362,0.24759037194532316,-0.012504664483577788,0.08168981833120847,-0.09419448281478626,0.49802623521252815,0.47026765423785877,1.007047697809911,47524,-0.13408567805467145,1.1028159427621445,-1.236901620816816,-3.404393093387531,1.0530225706795182e-05,-0.17979792495572344,-1.780147535468577,14.219809169599964,45171,2019-01-03,2026-08-21,0.07366464816405091,0.17172962572574335,-0.3049676829520265,-0.374145512834133,0.19080886039322742,9082.085037328263,38044.95560808754,0.004968199897355393,-0.004379632166774208,0.3633251469165803,0.0,-1.8714484497723725,-0.5369035324729658,-1.9295079203453427,0.17077066557924656,-25.264941483842122,5,-1.791328;-1.824828;-1.881141;-1.930461;-2.219781,0.4289571345231676,-0.17977916456714382,18236.157847091257,False,-9154.072809762996,0.0,0.06470508716051339,-0.04955396083464747,0.24759037194532316,0.43724725470794884,-0.041003244548848995,-0.47825049925679786,ES.v.0,0.13954477253900444,27169.018928732497,0.7770023302590264,0.1917795838294669,-0.35590921649847973,0.3841110022928956,0.056038499235970374,-0.1505142970715544,-0.06854316371954816,0.5984151451192322,False,1.0,9082.085037328263,-0.3049676829520265,False,0.10952425196953229,0.573794520218817,0.5661068573467745,0.002383798220992217,1881,-0.00013195990368963535,-0.0023667398844975864,0.0015200817490688304,0.0019268843254704997,0.005324719512984653,0.001553387470381907,0.005139603263597092,-0.05950131276615259,-0.45205752298848906,0.5337703216467018,0.27826041836555904,0.8732163178481853,0.7549606588026536,1.135796645684746,0.07505181886869328,0.46454300483334227,0.606611425749439,open,4.262201171047112,267.76646752461915,175,1.4094540293974152,0.3558837679603414,False,0,175,run+ledger,0.5178804550613076,this run,0.6024746685830206,-0.736560346637692,False,False,False,False,False,False,0,6,False,True,underpowered,2000.0
cme_futures,1h,HT_TRENDMODE~HT_PHASOR|and,False,16,7.651388971072362,0.248202386087589,-0.011108533926374786,0.08551097962018761,-0.0966195135465624,0.4900371342600623,0.4949471160022267,1.0053362266182204,46706,-0.10640987074581613,1.1028159427621445,-1.2092258135079605,-3.877350616936898,1.4263465633990169e-05,0.0657250429007967,0.5430842119277961,14.219809169599964,45171,2019-01-03,2026-08-21,0.07709694320442556,0.17172962572574335,-0.25094790321311033,-0.374145512834133,0.19080886039322742,9180.794654951997,38044.95560808754,0.00530989464249404,-0.005176026775686929,0.3118690912877122,0.0,-1.8657326772513345,-0.653920233965424,-1.6727626160507973,0.6299852621084819,-5.937299084094882,5,-0.815022;-1.411021;-2.534630;-1.861986;-1.741155,0.4489437560852277,-0.18740236420259282,18734.89581318088,False,-9554.101158228881,0.0,0.06455215342861786,-0.044008631102060325,0.248202386087589,0.43730460854494296,-0.04426629505224908,-0.481570903597192,ES.v.0,0.13954477253900444,27169.018928732497,0.7770023302590264,0.1917795838294669,-0.35590921649847973,0.4020080848281601,0.05858473745780435,-0.15709619121735552,-0.06969327138417913,0.5938747705003413,False,1.0,9180.794654951997,-0.25094790321311033,False,0.3795691114570277,1.7798601684845528,0.0750988477489809,0.0014621686344677975,1881,0.0006126862623942475,-3.100224202639895e-05,0.0013526176457605967,-0.004962953054497915,0.005842318440752759,0.0021530964034969457,0.003199241595993941,0.21534223424406773,-0.005416199111082225,0.40955707125914714,-0.6295224535490674,0.8018786399790379,0.9882754688206152,0.7036300204888973,0.5870718224488751,0.5039159742458936,0.5863803697273986,open,2.7208353159686416,212.26063739532444,175,1.4094540293974152,0.3844665217588251,False,0,175,run+ledger,0.5178804550613076,this run,0.6024746685830206,-0.7088845393288367,False,False,False,False,False,False,0,6,False,True,underpowered,2000.0
cme_futures,1h,TANH,False,16,7.651388971072362,0.2774124315932113,-0.008104744743455905,0.09091701272787689,-0.0990217574713328,0.4828357860983209,0.25835774164225833,0.9984608112540472,19802,-0.05835213726536911,1.1028159427621445,-1.1611680800275135,-2.14399511375949,2.471331814696276e-05,-0.4958894186772739,-3.01944349638263,14.219809169599964,45171,2019-01-03,2026-08-21,0.08195183379552502,0.17172962572574335,-0.28135859087404147,-0.374145512834133,0.19080886039322742,9396.336454044964,38044.95560808754,0.017512027256719357,-0.006109876229128713,0.5415908238668549,0.0145,-2.214630468077283,-0.13886906458157391,-1.8223123383055195,1.2816347891981137,-3.179387996511271,5,-1.592527;-1.623520;0.015187;-2.438594;-3.472107,0.477214303875583,-0.19807703891297224,19460.729143493038,False,-10064.392689448072,0.0,0.02717514555065224,-0.02890846115581247,0.2774124315932113,0.44004596614975383,-0.028805748274038787,-0.46885171442379264,ES.v.0,0.13954477253900444,27169.018928732497,0.7770023302590264,0.1917795838294669,-0.35590921649847973,0.42732303490864676,0.06217545218299958,-0.16634166570593767,-0.07028019692645548,0.5922714280884662,False,1.0,9396.336454044964,-0.28135859087404147,False,-0.3308764601786901,-1.5513422799623784,0.12081967965874241,0.007519550042993095,1881,-0.00257042292650281,-0.007373503223390483,-0.005108786800268421,0.011359079091621664,0.012295276785085305,-0.004828627328045099,0.004042344023242953,-1.0998104783617655,-1.4502442015663504,-1.6317238773521419,1.3887707983176143,1.698394802152289,-2.010205524370946,0.9919426352745316,0.002532395253626696,0.2649489796877033,0.1829760624354011,open,1.1027677402381795,185.7906545414777,175,1.4094540293974152,0.4359139097582978,False,0,175,run+ledger,0.5178804550613076,this run,0.626290997345933,-0.6846431346113021,False,False,False,False,False,False,0,6,False,True,underpowered,2000.0
cme_futures,1h,ssl_hybrid,False,16,7.651388971072362,0.9152752740643755,0.050526828460376594,0.1527009985800334,-0.1021741701196568,0.49155958869877847,0.26666666666666666,1.3779084847275516,285,0.42736965790116865,1.1028159427621445,-0.6754462848609758,-2.08837001048371,0.003278180180850576,0.16965844572640448,0.6730587853921721,14.219809169599964,45171,2019-01-03,2026-08-21,0.13742546237314224,0.17172962572574335,-0.34458482156775416,-0.374145512834133,0.19080886039322742,14581.238568278039,38044.95560808754,0.29339704766298663,-0.07742882542370634,0.32343228521296774,0.0195,-1.339516839148067,-0.046018963127417906,-0.6114769842109226,0.7845272497680637,-1.7428382554926116,5,-0.566967;0.497418;-0.445718;-0.863182;-1.678937,0.8002431833900008,-0.311445451709613,29663.216634378867,False,-15081.978066100828,0.0,0.0003681632495645975,0.055331141187097144,0.9152752740643755,0.501608753265968,0.14663103334179137,-0.3549777199241766,ES.v.0,0.13954477253900444,27169.018928732497,0.7770023302590264,0.1917795838294669,-0.35590921649847973,0.7165802512917272,0.10223409171485542,-0.2667045775400202,-0.05170726325447883,0.6923741205828654,False,1.0,14581.238568278039,-0.34458482156775416,False,0.17414730702744052,0.5985150110926025,0.5494963458396234,0.019012279052677772,1881,-0.010749296166999451,0.001620535153911233,0.00633142958344966,-0.019962078738866844,0.0015797171021379596,-0.0014656918455616245,-0.018995493311840268,-2.1443989411117133,0.16537080376884158,1.0865512099657433,-1.9149574699913843,0.12851162320946552,-0.3206339938527395,-2.8380168650765016,0.5009098929021145,0.007207429237621534,0.01907910800885315,open,0.36860284340374255,71.32551619167049,175,1.4094540293974152,0.8816016929273146,False,0,175,run+ledger,0.5178804550613076,this run,0.9696917327253886,-0.5423220748242199,False,False,False,False,False,False,0,6,False,True,underpowered,2000.0
cme_futures,1h,HT_TRENDMODE~TRIMA_50|vote,False,16,7.651388971072362,0.7742234176757986,0.013999461572924421,0.12084196636178968,-0.10684250478886526,0.4646368275409072,0.311239909713455,1.009740386835771,52278,0.18213602371798163,1.1028159427621445,-0.9206799190441628,-2.2819481353132005,0.00034003753259387315,-0.5252019211495293,-3.1021635477804073,14.219809169599964,45171,2019-01-03,2026-08-21,0.10881486184785873,0.17172962572574335,-0.22394574283016655,-0.374145512834133,0.19080886039322742,11122.360766474574,38044.95560808754,0.011486808905701725,-0.005140637445475654,0.40346224561225547,0.006,-1.7515446084904176,-0.17533044735410577,-1.1287033821048091,1.1999391503209953,-2.10332122936827,5,0.306259;-0.203654;-1.141143;-2.091681;-2.513298,0.6336405928097629,-0.2549074662524363,23937.751179431314,False,-12815.39041295674,0.0,0.07071267227718708,0.018118728523902394,0.7742234176757986,0.4877501227646572,0.06251273811237919,-0.425237384652278,ES.v.0,0.13954477253900444,27169.018928732497,0.7770023302590264,0.1917795838294669,-0.35590921649847973,0.5673954425963216,0.08180407347758778,-0.2161450720786463,-0.06780461190466336,0.6094143288306244,False,1.0,11122.360766474574,-0.22394574283016655,False,-0.24004558230313114,-0.9802259808549716,0.32697458256786316,0.0030273299824652433,1881,-0.0005722231940753067,0.0010718066146724334,-0.0041000060547865536,0.009396413772637066,0.012316577102320063,-0.0005262626191809856,0.005893681979741575,-0.16845689807906222,0.17156256282320256,-0.915391591741216,0.8749370036889088,1.3395038077011228,-0.187153311936254,1.120407655395245,0.0019211178978904009,0.4578542298511825,0.38739456047257426,open,0.6907452433926398,67.51325127656746,175,1.4094540293974152,0.6929370789117415,False,0,175,run+ledger,0.5178804550613076,this run,0.8523266932112316,-0.6701906694932499,False,False,False,False,False,False,0,6,False,True,underpowered,2000.0
cme_futures,1h,MININDEX~MIDPOINT_9|and,False,16,7.651388971072362,0.42864874552046633,-0.003961329662060975,0.10379405858364854,-0.10775538824570952,0.45567727045049045,0.320954759922287,1.0139063260065624,54045,0.004244255472943989,1.1028159427621445,-1.0985716872892004,-4.147636844762406,5.0719652878561394e-05,-0.27824454711956625,-2.1691203146400424,14.219809169599964,45171,2019-01-03,2026-08-21,0.09351263957916169,0.17172962572574335,-0.2611250530140463,-0.374145512834133,0.19080886039322742,9700.866647174114,38044.95560808754,0.008701233110764343,-0.004056281461645925,0.26486689370513855,0.0,-1.6497757320497788,-0.6099019522120822,-1.4135150508157104,0.9662225778739411,-3.2712087392925353,5,-1.048155;-1.733089;-0.047722;-1.554919;-2.683690,0.5445341139245466,-0.2229932653795791,21288.89737595134,False,-11588.030728777223,0.0,0.0733494116303775,-0.009217048187100896,0.42864874552046633,0.4543604094266911,-0.01517023976189634,-0.46953064918858745,ES.v.0,0.13954477253900444,27169.018928732497,0.7770023302590264,0.1917795838294669,-0.35590921649847973,0.48760476851547685,0.070673468161355,-0.18805505641324882,-0.07463479782341598,0.575298153309119,False,1.0,9700.866647174114,-0.2611250530140463,False,0.0729305839269949,0.31754279706432237,0.7508317710419019,0.004372923734768275,1881,0.003310142684719275,-0.0027428977788895017,0.0018139567446778142,0.006103369612120237,0.011577027569002554,0.0030481013200103096,0.005208478219508154,1.0007699363687232,-0.42156498656630337,0.4887497022080872,0.6735071149841123,1.3954283299417989,1.0551861718842457,0.9965647930139071,0.030073550781647418,0.5638556723609102,0.6510228505898011,open,1.8190186759183604,104.88777494895248,175,1.4094540293974152,0.504683696462202,False,0,175,run+ledger,0.5178804550613076,this run,0.77544289490901,-0.771198639436066,False,False,False,False,False,False,0,6,False,True,underpowered,2000.0
cme_futures,1h,HT_TRENDMODE~MA_50|vote,False,16,7.651388971072362,0.7740710313757735,0.01307852874368276,0.1213053727151523,-0.10822684397146953,0.459960686603866,0.30333985227941596,1.0111195538629028,52667,0.17354139662064325,1.1028159427621445,-0.9292745461415012,-2.607759995194085,0.00031199497021544564,-0.5423848013649815,-3.2048196644381273,14.219809169599964,45171,2019-01-03,2026-08-21,0.10923082588070748,0.17172962572574335,-0.24933038888877213,-0.374145512834133,0.19080886039322742,11045.303076616236,38044.95560808754,0.0114692680988833,-0.004939030395288741,0.35634972077725235,0.0015,-1.6791575878109526,-0.2818601165267507,-1.1055567980562055,1.056432580736924,-2.340045355015696,5,0.210765;-0.428416;-1.227723;-1.537628;-2.544781,0.6360627959159005,-0.2557583716516052,24013.580721799448,False,-12968.277645183212,0.0,0.07127070287282981,0.016927922053576294,0.7740710313757735,0.4877352149863589,0.05245461173815108,-0.43528060324820783,ES.v.0,0.13954477253900444,27169.018928732497,0.7770023302590264,0.1917795838294669,-0.35590921649847973,0.5695644119127773,0.08210471374709183,-0.21689837298832115,-0.06902618500340907,0.6039068812935389,False,1.0,11045.303076616236,-0.24933038888877213,False,-0.23927932853677827,-0.9483541084765787,0.3429492136985881,0.002966412687554598,1881,-0.0009326297346692636,-0.00014304696226480123,-0.004219718547605451,0.007158145910032035,0.013938587667947042,-0.0020898131225918553,0.005844630954709162,-0.27608478102293504,-0.022949417909992498,-0.9261716783225984,0.6477716929361791,1.530361892106937,-0.7337835155236849,1.1212436851022354,0.0013514712631814696,0.48667381334345666,0.42664243770246024,open,0.6400293520104043,67.35305524144555,175,1.4094540293974152,0.6845132285750006,False,0,175,run+ledger,0.5178804550613076,this run,0.8521885181247485,-0.6786471215041052,False,False,False,False,False,False,0,6,False,True,underpowered,2000.0
cme_futures,1h,MININDEX~TAN|and,False,16,7.651388971072362,0.4247545091961311,-0.011086014236812658,0.10023594039812966,-0.11132195463494232,0.4421114291009489,0.4546846897482014,1.0155650412394346,71168,-0.0783512744938436,1.1028159427621445,-1.1811672172559882,-3.302996524756658,1.975538518200759e-05,-0.2700459937708519,-2.785336317640381,14.219809169599964,45171,2019-01-03,2026-08-21,0.090318584720197,0.17172962572574335,-0.31024828180339337,-0.374145512834133,0.19080886039322742,9182.394460564648,38044.95560808754,0.005187572532374737,-0.004259112179524283,0.35760474115031304,0.0,-1.8204291366260392,-0.4743735536301768,-1.6637970442767014,0.6311150788330439,-5.8949047749659655,5,-1.723210;-1.505348;-0.751698;-1.836597;-2.502132,0.5259347904504149,-0.2161795174345157,20769.412089701935,False,-11587.017629137285,0.0,0.09698068961909587,-0.02590414356305426,0.4247545091961311,0.45398936388726746,-0.035732717591125764,-0.48972208147839325,ES.v.0,0.13954477253900444,27169.018928732497,0.7770023302590264,0.1917795838294669,-0.35590921649847973,0.47094994637442517,0.06833310448581731,-0.18209849096403607,-0.07941911872262997,0.5537451353192333,False,1.0,9182.394460564648,-0.31024828180339337,False,0.06518543926375941,0.32498748488427026,0.7451905436486772,0.0033521399660036977,1881,0.0022642772227875778,-0.004659271852991198,0.003876202803166726,0.002554304830607385,0.0047081765099622405,0.003160454759488158,0.004912248818515009,0.8671954286885399,-0.749687310289994,1.1741277359027547,0.3284357669964008,0.7142399142110668,1.2301942880049843,1.0867169561708139,0.005347222939271035,0.5382560675834998,0.696926417469391,open,2.390509737205604,123.44589355384149,175,1.4094540293974152,0.4143149585957958,False,0,175,run+ledger,0.5178804550613076,this run,0.7716023309449013,-0.8499536054387449,False,False,False,False,False,False,0,6,False,True,underpowered,2000.0
cme_futures,1h,MININDEX~HT_PHASOR|vote,False,16,7.651388971072362,0.5712094375299197,0.011249380231819872,0.12263492585010183,-0.11138554561828196,0.4495498115516417,0.5063342721879307,1.0181408043559157,83435,0.15642935843671063,1.1028159427621445,-0.9463865843254338,-2.493819010410166,0.000258358913555079,-0.04979350068299727,-0.33171277741858723,14.219809169599964,45171,2019-01-03,2026-08-21,0.11042427670890251,0.17172962572574335,-0.3128350220565499,-0.374145512834133,0.19080886039322742,10893.627019998388,38044.95560808754,0.005612618779762869,-0.005654081294356452,0.3794928903720959,0.003,-1.6793358327831194,-0.25045443831166647,-1.5706709156239602,0.7554076189780452,-4.649313628009736,5,-0.398265;-1.246482;-2.244802;-2.053494;-1.910312,0.6430123878872999,-0.2581948954686578,24232.302494797048,False,-13338.675474798658,0.0,0.1159594719550867,0.019777043979251507,0.5712094375299197,0.4680277438864326,0.035959465656586136,-0.43206827822984645,ES.v.0,0.13954477253900444,27169.018928732497,0.7770023302590264,0.1917795838294669,-0.35590921649847973,0.5757874456912647,0.08296671113255338,-0.21905667768942472,-0.07171733090073351,0.5919961085919939,False,1.0,10893.627019998388,-0.3128350220565499,False,0.3217587551615175,1.331113105127871,0.18315179746870225,0.0021430038878376134,1881,0.0032636220449040214,-0.0024494137777103246,0.003921869794254106,-0.007175995630178249,0.000351218305312149,0.0024227974920936536,0.003925760805052678,0.7604810346157912,-0.3616061228972151,0.8532275881447441,-0.7318584332919327,0.039836264537818626,0.7403089461303602,0.8150864939153997,0.7401061514924254,0.5965736993165515,0.6172332477617553,open,1.7266631629464626,79.93733546388647,175,1.4094540293974152,0.6676529613166369,False,0,175,run+ledger,0.5178804550613076,this run,0.8455994774452293,-0.6891701190085187,False,False,False,False,False,False,0,6,False,True,underpowered,2000.0
cme_futures,1h,bar_updn@allow_short=0,False,16,7.651388971072362,0.5124680683930535,0.0021042734964598075,0.118374523944629,-0.11627025044816919,0.43174269121315745,0.3739548778831791,1.0167171478327306,51549,0.07297937624054061,1.1028159427621445,-1.0298365665216038,-5.771266878737844,0.00010851784168397494,-0.26065341495104016,-2.18193096110038,14.219809169599964,45171,2019-01-03,2026-08-21,0.10660006414075618,0.17172962572574335,-0.30701097909951514,-0.374145512834133,0.19080886039322742,10162.1373761653,38044.95560808754,0.008926717601613864,-0.005244513577868594,0.17844202809536777,0.0,-1.3885519061598055,-0.6993523118098538,-1.170263240625608,0.3225621026236087,-8.112509610781931,5,-1.258487;-0.987318;-0.748981;-1.248927;-1.607603,0.6207435885931484,-0.25036214651505384,23537.485597290884,False,-13375.348221125585,0.0,0.0711115133256605,0.004110265220371279,0.5124680683930535,0.4623767624704283,0.006854065944585402,-0.4555226965258429,ES.v.0,0.13954477253900444,27169.018928732497,0.7770023302590264,0.1917795838294669,-0.35590921649847973,0.5558467799969076,0.0802015768393618,-0.2121249982516894,-0.07809730334290199,0.5631534531928862,False,1.0,10162.1373761653,-0.30701097909951514,False,0.12538815990313745,0.5407569107699254,0.5886751462263404,0.0035680439928877927,1881,0.00051884850041307,0.001351089427462624,0.003167244044123492,0.006844016993535221,0.00847711466045736,0.001930081352303765,0.005109947700519402,0.17711465598622875,0.17829139085858267,0.7696306006313136,0.7994446985182142,1.0283466625070383,0.6165194292608599,0.92854277282148,0.029114628403564158,0.6198381163836073,0.7311825338539399,open,0.8853322381426899,100.35526211889375,175,1.4094540293974152,0.5800219898498763,False,0,175,run+ledger,0.5178804550613076,this run,0.8496481221804237,-0.7766687459398831,False,False,False,False,False,False,0,6,False,True,underpowered,2000.0
cme_futures,1h,TSF_100~MININDEX|or,False,16,7.651388971072362,0.9991229623726137,0.031841105272754744,0.153349984160011,-0.12150887888725626,0.42664674166851657,0.25281017134677725,1.0214369246111352,47506,0.296110551703405,1.1028159427621445,-0.8067053910587394,-1.6012671526291486,0.001032573982767404,-0.5334209724593756,-2.0704250464361067,14.219809169599964,45171,2019-01-03,2026-08-21,0.13800872235470613,0.17172962572574335,-0.31365534371322734,-0.374145512834133,0.19080886039322742,12710.335594439917,38044.95560808754,0.01712108646770894,-0.0056713096338474,0.5037918811574918,0.0495,-1.7980607964839157,0.12436302439394555,-1.4108384143057244,1.170449127131825,-2.6953162905817623,5,-0.467998;0.152166;-2.060182;-2.300807;-2.377370,0.8036395687201323,-0.3125569209414757,29791.240276985915,False,-17080.904682546,0.0,0.06414690946202052,0.03186949636031522,0.9991229623726137,0.5098987993640303,0.10151622126312894,-0.40838257810090134,ES.v.0,0.13954477253900444,27169.018928732497,0.7770023302590264,0.1917795838294669,-0.35590921649847973,0.7196215551151963,0.10264518694652125,-0.2677090334018649,-0.0708040816737665,0.6018168063217983,False,1.0,12710.335594439917,-0.31365534371322734,False,-0.6997305501157594,-2.5523992468306846,0.01069838470046891,0.0013812352054439758,1881,-0.0054073951116023825,0.00404524376613861,-0.005846024994927883,0.003589621357814331,0.00022771583310772763,-0.002299092314566367,0.0014906342497463464,-1.5745489396631085,0.5727248268030265,-0.9871573948200486,0.3299582640805362,0.025469768317409932,-0.5159989612996321,0.23859722645465883,0.03841255837310653,-0.2670308642016736,0.10096612083065559,open,0.2391631680577274,57.22315257226995,175,1.4094540293974152,0.7937091126580731,False,0,175,run+ledger,0.5178804550613076,this run,0.9696917327253886,-0.6735811810219836,False,False,False,False,False,False,0,6,False,True,underpowered,2000.0
cme_futures,1h,MININDEX~TRIMA_9|and,False,16,7.651388971072362,0.43092051001080023,-0.0185436748863802,0.10388804950682462,-0.12243172439320482,0.40678560658223223,0.3174709404719972,1.006082378774949,56780,-0.15324538974702795,1.1028159427621445,-1.2560613325091725,-6.678832578231306,7.976608849713518e-06,-0.23456351999072478,-1.771257093338654,14.219809169599964,45171,2019-01-03,2026-08-21,0.09359701070855204,0.17172962572574335,-0.2818829988249002,-0.374145512834133,0.19080886039322742,8665.660939958561,38044.95560808754,0.008586511140361342,-0.00396977623030906,0.18806600072640295,0.0,-1.66541579124004,-0.9356088023293629,-1.4136366666722722,0.5951957166759502,-5.310837416335756,5,-1.173236;-1.279457;-0.769587;-1.471492;-2.374411,0.5450254160457374,-0.22317253039265794,21302.77177888984,False,-12637.110838931278,0.0,0.07763487056174687,-0.042506837265314346,0.43092051001080023,0.4545769228791233,-0.06578500641643571,-0.520361929295559,ES.v.0,0.13954477253900444,27169.018928732497,0.7770023302590264,0.1917795838294669,-0.35590921649847973,0.48804470653028337,0.07073521043048459,-0.18821196096963022,-0.08927888531686479,0.5136798371506551,False,1.0,8665.660939958561,-0.2818829988249002,False,0.12179163911882918,0.5207349186396963,0.6025514457165184,0.004077717556472238,1881,0.0026463957152770986,-0.0029163345790015646,0.0009548554209979224,0.007202485149929534,0.011701242038242063,0.001953582206803968,0.005434638300075242,0.7774089520125677,-0.4569120461152104,0.2516131101924174,0.7732262275110302,1.4136567072212611,0.6627849142218118,1.013995848376832,0.07651795896895663,0.5721728564325804,0.6566831136177518,open,1.6865689901270629,98.16886729884291,175,1.4094540293974152,0.33608997033934307,False,0,175,run+ledger,0.5178804550613076,this run,0.777683348777204,-0.930928738524232,False,False,False,False,False,False,0,6,False,True,underpowered,2000.0
cme_futures,1h,TSF_100,False,16,7.651388971072362,0.9975583523352004,0.029088336830106254,0.15327176121849506,-0.12418342438838881,0.4182316642840688,0.25261140594726644,1.019940941306667,47484,0.27682452621707004,1.1028159427621445,-0.8259914165450744,-1.6290294410893376,0.0008621551329786592,-0.5420138936046361,-2.104072297291917,14.219809169599964,45171,2019-01-03,2026-08-21,0.13793842008256826,0.17172962572574335,-0.31365534371321957,-0.374145512834133,0.19080886039322742,12453.175711887772,38044.95560808754,0.017115467470411056,-0.005671791148964341,0.5070451126977368,0.046,-1.8247660476852994,0.11397925384687485,-1.4108384143057244,1.170449127131825,-2.6953162905817623,5,-0.467998;0.152166;-2.060182;-2.300807;-2.377370,0.8032301910612645,-0.31242303713383857,29775.78403396401,False,-17322.608322076238,0.0,0.06411778893229154,0.02916056228175057,0.9975583523352004,0.50974378443461,0.09273980951748814,-0.4170039749171218,ES.v.0,0.13954477253900444,27169.018928732497,0.7770023302590264,0.1917795838294669,-0.35590921649847973,0.7192549766153683,0.10259564801053611,-0.267588018149195,-0.07350731118042986,0.5898433739673841,False,1.0,12453.175711887772,-0.31365534371321957,False,-0.7085450219330098,-2.584358193156014,0.009756041440046381,0.0013681124171867065,1881,-0.00542709513196617,0.0038702911077165445,-0.005764327991800765,0.0034614731703523733,0.0002932532913858017,-0.002261694136432705,0.0014601762239773938,-1.5800801180013422,0.5483178826444639,-0.9738584615635989,0.3182120769546914,0.0327972184841892,-0.5076572006710731,0.23344327834942702,0.0353721409485559,-0.2673865915641001,0.1012818527396323,open,0.23998989939337934,57.33706268614636,175,1.4094540293974152,0.778156200439389,False,0,175,run+ledger,0.5178804550613076,this run,0.9696917327253886,-0.6928672065083186,False,False,False,False,False,False,0,6,False,True,underpowered,2000.0
cme_futures,1h,TSF_100~ADX|gate,False,16,7.651388971072362,0.9975583523352004,0.029088336830106254,0.15327176121849506,-0.12418342438838881,0.4182316642840688,0.25261140594726644,1.019940941306667,47484,0.27682452621707004,1.1028159427621445,-0.8259914165450744,-1.6290294410893376,0.0008621551329786592,-0.5420138936046361,-2.104072297291917,14.219809169599964,45171,2019-01-03,2026-08-21,0.13793842008256826,0.17172962572574335,-0.31365534371321957,-0.374145512834133,0.19080886039322742,12453.175711887772,38044.95560808754,0.017115467470411056,-0.005671791148964341,0.5070451126977368,0.046,-1.8247660476852994,0.11397925384687485,-1.4108384143057244,1.170449127131825,-2.6953162905817623,5,-0.467998;0.152166;-2.060182;-2.300807;-2.377370,0.8032301910612645,-0.31242303713383857,29775.78403396401,False,-17322.608322076238,0.0,0.06411778893229154,0.02916056228175057,0.9975583523352004,0.50974378443461,0.09273980951748814,-0.4170039749171218,ES.v.0,0.13954477253900444,27169.018928732497,0.7770023302590264,0.1917795838294669,-0.35590921649847973,0.7192549766153683,0.10259564801053611,-0.267588018149195,-0.07350731118042986,0.5898433739673841,False,1.0,12453.175711887772,-0.31365534371321957,False,-0.7085450219330098,-2.584358193156014,0.009756041440046381,0.0013681124171867065,1881,-0.00542709513196617,0.0038702911077165445,-0.005764327991800765,0.0034614731703523733,0.0002932532913858017,-0.002261694136432705,0.0014601762239773938,-1.5800801180013422,0.5483178826444639,-0.9738584615635989,0.3182120769546914,0.0327972184841892,-0.5076572006710731,0.23344327834942702,0.0353721409485559,-0.2673865915641001,0.1012818527396323,open,0.23998989939337934,57.33706268614636,175,1.4094540293974152,0.778156200439389,False,0,175,run+ledger,0.5178804550613076,this run,0.9696917327253886,-0.6928672065083186,False,False,False,False,False,False,0,6,False,True,underpowered,2000.0
cme_futures,1h,TSF_100~DEMA_50|gate,False,16,7.651388971072362,0.9975583523352004,0.029088336830106254,0.15327176121849506,-0.12418342438838881,0.4182316642840688,0.25261140594726644,1.019940941306667,47484,0.27682452621707004,1.1028159427621445,-0.8259914165450744,-1.6290294410893376,0.0008621551329786592,-0.5420138936046361,-2.104072297291917,14.219809169599964,45171,2019-01-03,2026-08-21,0.13793842008256826,0.17172962572574335,-0.31365534371321957,-0.374145512834133,0.19080886039322742,12453.175711887772,38044.95560808754,0.017115467470411056,-0.005671791148964341,0.5070451126977368,0.046,-1.8247660476852994,0.11397925384687485,-1.4108384143057244,1.170449127131825,-2.6953162905817623,5,-0.467998;0.152166;-2.060182;-2.300807;-2.377370,0.8032301910612645,-0.31242303713383857,29775.78403396401,False,-17322.608322076238,0.0,0.06411778893229154,0.02916056228175057,0.9975583523352004,0.50974378443461,0.09273980951748814,-0.4170039749171218,ES.v.0,0.13954477253900444,27169.018928732497,0.7770023302590264,0.1917795838294669,-0.35590921649847973,0.7192549766153683,0.10259564801053611,-0.267588018149195,-0.07350731118042986,0.5898433739673841,False,1.0,12453.175711887772,-0.31365534371321957,False,-0.7085450219330098,-2.584358193156014,0.009756041440046381,0.0013681124171867065,1881,-0.00542709513196617,0.0038702911077165445,-0.005764327991800765,0.0034614731703523733,0.0002932532913858017,-0.002261694136432705,0.0014601762239773938,-1.5800801180013422,0.5483178826444639,-0.9738584615635989,0.3182120769546914,0.0327972184841892,-0.5076572006710731,0.23344327834942702,0.0353721409485559,-0.2673865915641001,0.1012818527396323,open,0.23998989939337934,57.33706268614636,175,1.4094540293974152,0.778156200439389,False,0,175,run+ledger,0.5178804550613076,this run,0.9696917327253886,-0.6928672065083186,False,False,False,False,False,False,0,6,False,True,underpowered,2000.0
cme_futures,1h,TSF_100~LINEARREG_100|gate,False,16,7.651388971072362,0.9975583523352004,0.029088336830106254,0.15327176121849506,-0.12418342438838881,0.4182316642840688,0.25261140594726644,1.019940941306667,47484,0.27682452621707004,1.1028159427621445,-0.8259914165450744,-1.6290294410893376,0.0008621551329786592,-0.5420138936046361,-2.104072297291917,14.219809169599964,45171,2019-01-03,2026-08-21,0.13793842008256826,0.17172962572574335,-0.31365534371321957,-0.374145512834133,0.19080886039322742,12453.175711887772,38044.95560808754,0.017115467470411056,-0.005671791148964341,0.5070451126977368,0.046,-1.8247660476852994,0.11397925384687485,-1.4108384143057244,1.170449127131825,-2.6953162905817623,5,-0.467998;0.152166;-2.060182;-2.300807;-2.377370,0.8032301910612645,-0.31242303713383857,29775.78403396401,False,-17322.608322076238,0.0,0.06411778893229154,0.02916056228175057,0.9975583523352004,0.50974378443461,0.09273980951748814,-0.4170039749171218,ES.v.0,0.13954477253900444,27169.018928732497,0.7770023302590264,0.1917795838294669,-0.35590921649847973,0.7192549766153683,0.10259564801053611,-0.267588018149195,-0.07350731118042986,0.5898433739673841,False,1.0,12453.175711887772,-0.31365534371321957,False,-0.7085450219330098,-2.584358193156014,0.009756041440046381,0.0013681124171867065,1881,-0.00542709513196617,0.0038702911077165445,-0.005764327991800765,0.0034614731703523733,0.0002932532913858017,-0.002261694136432705,0.0014601762239773938,-1.5800801180013422,0.5483178826444639,-0.9738584615635989,0.3182120769546914,0.0327972184841892,-0.5076572006710731,0.23344327834942702,0.0353721409485559,-0.2673865915641001,0.1012818527396323,open,0.23998989939337934,57.33706268614636,175,1.4094540293974152,0.778156200439389,False,0,175,run+ledger,0.5178804550613076,this run,0.9696917327253886,-0.6928672065083186,False,False,False,False,False,False,0,6,False,True,underpowered,2000.0
cme_futures,1h,TSF_100~LINEARREG_100|or,False,16,7.651388971072362,0.9975583523352004,0.029088336830106254,0.15327176121849506,-0.12418342438838881,0.4182316642840688,0.25261140594726644,1.019940941306667,47484,0.27682452621707004,1.1028159427621445,-0.8259914165450744,-1.6290294410893376,0.0008621551329786592,-0.5420138936046361,-2.104072297291917,14.219809169599964,45171,2019-01-03,2026-08-21,0.13793842008256826,0.17172962572574335,-0.31365534371321957,-0.374145512834133,0.19080886039322742,12453.175711887772,38044.95560808754,0.017115467470411056,-0.005671791148964341,0.5070451126977368,0.046,-1.8247660476852994,0.11397925384687485,-1.4108384143057244,1.170449127131825,-2.6953162905817623,5,-0.467998;0.152166;-2.060182;-2.300807;-2.377370,0.8032301910612645,-0.31242303713383857,29775.78403396401,False,-17322.608322076238,0.0,0.06411778893229154,0.02916056228175057,0.9975583523352004,0.50974378443461,0.09273980951748814,-0.4170039749171218,ES.v.0,0.13954477253900444,27169.018928732497,0.7770023302590264,0.1917795838294669,-0.35590921649847973,0.7192549766153683,0.10259564801053611,-0.267588018149195,-0.07350731118042986,0.5898433739673841,False,1.0,12453.175711887772,-0.31365534371321957,False,-0.7085450219330098,-2.584358193156014,0.009756041440046381,0.0013681124171867065,1881,-0.00542709513196617,0.0038702911077165445,-0.005764327991800765,0.0034614731703523733,0.0002932532913858017,-0.002261694136432705,0.0014601762239773938,-1.5800801180013422,0.5483178826444639,-0.9738584615635989,0.3182120769546914,0.0327972184841892,-0.5076572006710731,0.23344327834942702,0.0353721409485559,-0.2673865915641001,0.1012818527396323,open,0.23998989939337934,57.33706268614636,175,1.4094540293974152,0.778156200439389,False,0,175,run+ledger,0.5178804550613076,this run,0.9696917327253886,-0.6928672065083186,False,False,False,False,False,False,0,6,False,True,underpowered,2000.0
cme_futures,1h,TSF_100~TEMA_100|or,False,16,7.651388971072362,0.9975583523352004,0.029088336830106254,0.15327176121849506,-0.12418342438838881,0.4182316642840688,0.25261140594726644,1.019940941306667,47484,0.27682452621707004,1.1028159427621445,-0.8259914165450744,-1.6290294410893376,0.0008621551329786592,-0.5420138936046361,-2.104072297291917,14.219809169599964,45171,2019-01-03,2026-08-21,0.13793842008256826,0.17172962572574335,-0.31365534371321957,-0.374145512834133,0.19080886039322742,12453.175711887772,38044.95560808754,0.017115467470411056,-0.005671791148964341,0.5070451126977368,0.046,-1.8247660476852994,0.11397925384687485,-1.4108384143057244,1.170449127131825,-2.6953162905817623,5,-0.467998;0.152166;-2.060182;-2.300807;-2.377370,0.8032301910612645,-0.31242303713383857,29775.78403396401,False,-17322.608322076238,0.0,0.06411778893229154,0.02916056228175057,0.9975583523352004,0.50974378443461,0.09273980951748814,-0.4170039749171218,ES.v.0,0.13954477253900444,27169.018928732497,0.7770023302590264,0.1917795838294669,-0.35590921649847973,0.7192549766153683,0.10259564801053611,-0.267588018149195,-0.07350731118042986,0.5898433739673841,False,1.0,12453.175711887772,-0.31365534371321957,False,-0.7085450219330098,-2.584358193156014,0.009756041440046381,0.0013681124171867065,1881,-0.00542709513196617,0.0038702911077165445,-0.005764327991800765,0.0034614731703523733,0.0002932532913858017,-0.002261694136432705,0.0014601762239773938,-1.5800801180013422,0.5483178826444639,-0.9738584615635989,0.3182120769546914,0.0327972184841892,-0.5076572006710731,0.23344327834942702,0.0353721409485559,-0.2673865915641001,0.1012818527396323,open,0.23998989939337934,57.33706268614636,175,1.4094540293974152,0.778156200439389,False,0,175,run+ledger,0.5178804550613076,this run,0.9696917327253886,-0.6928672065083186,False,False,False,False,False,False,0,6,False,True,underpowered,2000.0
cme_futures,1h,TSF_100~TEMA_50|or,False,16,7.651388971072362,0.9975583523352004,0.029088336830106254,0.15327176121849506,-0.12418342438838881,0.4182316642840688,0.25261140594726644,1.019940941306667,47484,0.27682452621707004,1.1028159427621445,-0.8259914165450744,-1.6290294410893376,0.0008621551329786592,-0.5420138936046361,-2.104072297291917,14.219809169599964,45171,2019-01-03,2026-08-21,0.13793842008256826,0.17172962572574335,-0.31365534371321957,-0.374145512834133,0.19080886039322742,12453.175711887772,38044.95560808754,0.017115467470411056,-0.005671791148964341,0.5070451126977368,0.046,-1.8247660476852994,0.11397925384687485,-1.4108384143057244,1.170449127131825,-2.6953162905817623,5,-0.467998;0.152166;-2.060182;-2.300807;-2.377370,0.8032301910612645,-0.31242303713383857,29775.78403396401,False,-17322.608322076238,0.0,0.06411778893229154,0.02916056228175057,0.9975583523352004,0.50974378443461,0.09273980951748814,-0.4170039749171218,ES.v.0,0.13954477253900444,27169.018928732497,0.7770023302590264,0.1917795838294669,-0.35590921649847973,0.7192549766153683,0.10259564801053611,-0.267588018149195,-0.07350731118042986,0.5898433739673841,False,1.0,12453.175711887772,-0.31365534371321957,False,-0.7085450219330098,-2.584358193156014,0.009756041440046381,0.0013681124171867065,1881,-0.00542709513196617,0.0038702911077165445,-0.005764327991800765,0.0034614731703523733,0.0002932532913858017,-0.002261694136432705,0.0014601762239773938,-1.5800801180013422,0.5483178826444639,-0.9738584615635989,0.3182120769546914,0.0327972184841892,-0.5076572006710731,0.23344327834942702,0.0353721409485559,-0.2673865915641001,0.1012818527396323,open,0.23998989939337934,57.33706268614636,175,1.4094540293974152,0.778156200439389,False,0,175,run+ledger,0.5178804550613076,this run,0.9696917327253886,-0.6928672065083186,False,False,False,False,False,False,0,6,False,True,underpowered,2000.0
cme_futures,1h,TSF_100~TSF_21|gate,False,16,7.651388971072362,0.9975495893382923,0.02901644986773344,0.15327140290128383,-0.12425495303355039,0.41800917022195283,0.25262160454832594,1.0199023726067304,47490,0.2763184076924971,1.1028159427621445,-0.8264975350696473,-1.629530591732447,0.0008580534494029846,-0.5420138936046361,-2.104072297291917,14.219809169599964,45171,2019-01-03,2026-08-21,0.13793809804853352,0.17172962572574335,-0.3138878055430202,-0.374145512834133,0.19080886039322742,12446.52118811529,38044.95560808754,0.01711315990808217,-0.005671547270953634,0.5071997661553261,0.046,-1.8258751826478428,0.11356155889980857,-1.4114731636492859,1.1709363161117665,-2.695406999431754,5,-0.467998;0.152070;-2.061470;-2.302597;-2.377370,0.8032283158225956,-0.31242242379772056,29775.713249320546,False,-17329.19206120526,0.0,0.06412554896125158,0.029088753525152056,0.9975495893382923,0.5097429162671367,0.0924421062409083,-0.41730081002622843,ES.v.0,0.13954477253900444,27169.018928732497,0.7770023302590264,0.1917795838294669,-0.35590921649847973,0.719253297427061,0.10259542107983233,-0.26758746377912623,-0.07357897121209889,0.5895291115125774,False,1.0,12446.52118811529,-0.3138878055430202,False,-0.7085450219330098,-2.584358193156014,0.009756041440046381,0.0013681124171867065,1881,-0.00542709513196617,0.0038702911077165445,-0.005764327991800765,0.0034614731703523733,0.0002932532913858017,-0.002261694136432705,0.0014601762239773938,-1.5800801180013422,0.5483178826444639,-0.9738584615635989,0.3182120769546914,0.0327972184841892,-0.5076572006710731,0.23344327834942702,0.0353721409485559,-0.2673865915641001,0.1012818527396323,open,0.2399995778746551,57.337593566099066,175,1.4094540293974152,0.7777392284828266,False,0,175,run+ledger,0.5178804550613076,this run,0.9696917327253886,-0.6933733250328915,False,False,False,False,False,False,0,6,False,True,underpowered,2000.0
cme_futures,1h,ema_cross_sniper,False,16,7.651388971072362,0.9757433920414593,0.03869353572210188,0.16328063460412423,-0.12458709888202235,0.4203142214009216,0.2773049645390071,1.0629325934699547,1410,0.3317850875022636,1.1028159427621445,-0.7710308552598808,-1.4956927946856449,0.0014204064628837165,0.380947666593271,1.511754775419394,14.219809169599964,45171,2019-01-03,2026-08-21,0.14693700049914588,0.17172962572574335,-0.3669730967727921,-0.374145512834133,0.19080886039322742,13370.625691210935,38044.95560808754,0.09649091543693852,-0.034832390116547936,0.5155008154077062,0.0585,-1.76768936732168,0.21417515886335525,-1.3195230892325724,1.1136384972301672,-2.649462399821056,5,-0.288777;-0.310324;-1.053871;-2.747443;-2.197201,0.855629888425938,-0.3293712334030382,31811.0237779873,False,-18440.39808677636,0.0,0.0019196596625911954,0.0396742792545588,0.9757433920414593,0.5075836885810754,0.10543970678607706,-0.40214398179499833,ES.v.0,0.13954477253900444,27169.018928732497,0.7770023302590264,0.1917795838294669,-0.35590921649847973,0.7661764488435032,0.10891015714761432,-0.28295521241166177,-0.07021662142551244,0.6062227162840984,False,1.0,13370.625691210935,-0.3669730967727921,False,0.544572795615572,1.8678903809424667,0.06177735192939071,0.00966050627977244,1881,-0.004771654262566713,0.0017073922113281141,-0.0026067042741538056,0.0025448360817895213,0.01179970941627869,-0.002683721164284936,-0.014868179109433133,-0.9083190276511264,0.17107162051198405,-0.45138787928898094,0.22269248837544858,1.0180454037535225,-0.5869443637503358,-2.076118053261106,0.13059625824812127,0.2627206455794775,0.09393418801293318,open,0.6180296721279424,65.57138207720588,175,1.4094540293974152,0.8209087390469135,False,0,175,run+ledger,0.5178804550613076,this run,0.9696917327253886,-0.637906645223125,False,False,False,False,False,False,0,6,False,True,underpowered,2000.0
cme_futures,1h,TSF_100~ADX|or,False,16,7.651388971072362,0.9988446680392287,0.028445247903376103,0.15328685495599403,-0.12484160705261793,0.4161943867322083,0.25284503249963186,1.0195158120566994,47539,0.2722795023440502,1.1028159427621445,-0.8305364404180943,-1.635336869208898,0.0008259578809494128,-0.539331063051378,-2.0938516801159204,14.219809169599964,45171,2019-01-03,2026-08-21,0.13795198543595888,0.17172962572574335,-0.31365534371321646,-0.374145512834133,0.19080886039322742,12393.755209665993,38044.95560808754,0.017090340263781482,-0.005672839301482112,0.5078687187061771,0.045,-1.8304216509948419,0.11397925384687485,-1.4108384143057244,1.170449127131825,-2.6953162905817623,5,-0.467998;0.152166;-2.060182;-2.300807;-2.377370,0.8033091835666827,-0.3124488728434005,29778.765895851688,False,-17385.010686185695,0.0,0.06419195847224639,0.02847861373486338,0.9988446680392287,0.5098712262820498,0.09068950513205463,-0.4191817211499952,ES.v.0,0.13954477253900444,27169.018928732497,0.7770023302590264,0.1917795838294669,-0.35590921649847973,0.7193257107004035,0.1026052071724659,-0.2676113701316637,-0.0741599592690898,0.5869899888507073,False,1.0,12393.755209665993,-0.31365534371321646,False,-0.7057574090495634,-2.574564660350507,0.010036632454391015,0.0013721472553134273,1881,-0.005429421223073923,0.0039044186224892535,-0.005762613315332539,0.003485751520614132,0.0002509717674903712,-0.002280968154372355,0.001476105797700227,-1.5808688623304838,0.5531039981861307,-0.9735149722168004,0.32044027030006783,0.028070364896071724,-0.511930684180732,0.23610913920871515,0.0362731947838113,-0.26721835040458586,0.10114385371956103,open,0.24013289890268144,57.31487208121801,175,1.4094540293974152,0.7743957851532222,False,0,175,run+ledger,0.5178804550613076,this run,0.9696917327253886,-0.6974122303813384,False,False,False,False,False,False,0,6,False,True,underpowered,2000.0
cme_futures,1h,LINEARREG_100~ADX|or,False,16,7.651388971072362,0.9988446680392287,0.028319631619729835,0.15390871480608648,-0.12558908318635664,0.41409410184648576,0.2516780628567844,1.0194945991042663,47823,0.2708582255941187,1.1028159427621445,-0.8319577171680257,-1.6563189061286752,0.0008152386431381498,-0.5562195998559524,-2.1536201516593336,14.219809169599964,45171,2019-01-03,2026-08-21,0.13851088780412668,0.17172962572574335,-0.31307072059758223,-0.374145512834133,0.19080886039322742,12382.177262830484,38044.95560808754,0.017042264292541628,-0.005622108885031731,0.5022931961288577,0.043,-1.8095283375961821,0.10349249109105894,-1.4542617043739328,1.2114789011153533,-2.6841804880473012,5,-0.521127;0.141658;-1.858851;-2.388714;-2.644275,0.8065637319057117,-0.31351256661309557,29901.844067851136,False,-17519.666805020654,0.0,0.06458546425430099,0.028352848083647686,0.9988446680392287,0.5098712262820498,0.09045761790075409,-0.41941360838129577,ES.v.0,0.13954477253900444,27169.018928732497,0.7770023302590264,0.1917795838294669,-0.35590921649847973,0.7222400061483736,0.1029989472570294,-0.2685729993994823,-0.07467931563729957,0.5848417692982016,False,1.0,12382.177262830484,-0.31307072059758223,False,-0.7242866625380097,-2.631605384284209,0.008498250649196848,0.0010262086417435201,1881,-0.0048589443873161085,0.002185269780810098,-0.004144548965899048,0.002660655790774573,-0.0014844753835926768,-0.002055098829883433,0.0011808867217221832,-1.4315207293729362,0.3045060567791007,-0.682893405546428,0.24427239686378974,-0.16722142732889908,-0.4743219308215091,0.19127831516938854,0.031269972615455055,-0.26985272660936277,0.10244280993334443,open,0.22008353273806008,57.16133220082406,175,1.4094540293974152,0.7732045551141714,False,0,175,run+ledger,0.5178804550613076,this run,0.9696917327253886,-0.6988335071312699,False,False,False,False,False,False,0,6,False,True,underpowered,2000.0
cme_futures,1h,TSF_100~TSF_21|or,False,16,7.651388971072362,0.9994995867555143,0.026968166576845976,0.15331486163342056,-0.1263466950565746,0.411566078582735,0.2530441161060463,1.0187772754010973,47715,0.261838301081207,1.1028159427621445,-0.8409776416809375,-1.6491988424527928,0.0007480430780707481,-0.5524655692935166,-2.1421236456216897,14.219809169599964,45171,2019-01-03,2026-08-21,0.13797715620717413,0.17172962572574335,-0.3136553437132237,-0.374145512834133,0.19080886039322742,12258.207339161449,38044.95560808754,0.017038827703556678,-0.005665806691140777,0.5099310162200832,0.044,-1.8572635169110063,0.11026523737115662,-1.4108384143057244,1.170449127131825,-2.6953162905817623,5,-0.467998;0.152166;-2.060182;-2.300807;-2.377370,0.8034557556628419,-0.31249680918872214,29784.299477191355,False,-17526.092138029904,0.0,0.06443341789967648,0.026981849099272592,0.9994995867555143,0.5099361154655316,0.08598025545358819,-0.42395586001194346,ES.v.0,0.13954477253900444,27169.018928732497,0.7770023302590264,0.1917795838294669,-0.35590921649847973,0.7194569591404754,0.10262294406155115,-0.2676546986879713,-0.07565477748470517,0.5804987506271372,False,1.0,12258.207339161449,-0.3136553437132237,False,-0.7192600367703116,-2.619842671471381,0.008797034130869852,0.0013294087509156949,1881,-0.005378611846162577,0.003604611733715116,-0.005648318595880462,0.0034125841217878044,0.0003555302641087665,-0.0022150728869870556,0.0014433293767318913,-1.5662519056704838,0.5105161881863459,-0.9546119355049438,0.3137238033218331,0.039751139871126426,-0.4972794200595461,0.23049638918104734,0.032183533611142234,-0.2678094155612026,0.10147848632683165,open,0.24019131623597867,57.27350127407437,175,1.4094540293974152,0.7656218289768104,False,0,175,run+ledger,0.5178804550613076,this run,0.9696917327253886,-0.7078534316441816,False,False,False,False,False,False,0,6,False,True,underpowered,2000.0
cme_futures,1h,LINEARREG_100~TSF_21|or,False,16,7.651388971072362,0.9994995867555143,0.026842731283552856,0.15393660273194976,-0.1270938714483969,0.4094895152049988,0.25188024750515636,1.0187548421267254,47999,0.2604596047005436,1.1028159427621445,-0.8423563380616008,-1.6688508744594015,0.000738550871573429,-0.5693541060980909,-2.2017982190437086,14.219809169599964,45171,2019-01-03,2026-08-21,0.13853595287838794,0.17172962572574335,-0.3130707205975919,-0.374145512834133,0.19080886039322742,12246.756070508878,38044.95560808754,0.01699103425741491,-0.005615302014961654,0.5047523124763734,0.042,-1.8286224947551333,0.10055809975965739,-1.4542617043739328,1.2114789011153533,-2.6841804880473012,5,-0.521127;0.141658;-1.858851;-2.388714;-2.644275,0.8067096885171894,-0.31356023547187584,29907.373976053823,False,-17660.617905544943,0.0,0.06482692368173107,0.026856349336869645,0.9994995867555143,0.5099361154655316,0.08574015236019272,-0.4241959631053389,ES.v.0,0.13954477253900444,27169.018928732497,0.7770023302590264,0.1917795838294669,-0.35590921649847973,0.7223707034507701,0.10301660053024864,-0.2686161031720349,-0.07617386924669578,0.5783746505644127,False,1.0,12246.756070508878,-0.3130707205975919,False,-0.737789290258758,-2.676730797472321,0.0074344342226218,0.0009944880936207934,1881,-0.004808135010404762,0.001885462892035959,-0.004030254246446971,0.0025874883919482436,-0.00137991688697428,-0.0019892035624981324,0.0011481103007538454,-1.417004082762773,0.2627520324069503,-0.66436406779848,0.2375719953005472,-0.1553943560857379,-0.45924046662833523,0.18567145585779063,0.027679564949013358,-0.27044379176597955,0.10279079143368841,open,0.2201546862500391,57.12039995247593,175,1.4094540293974152,0.7644418491544442,False,0,175,run+ledger,0.5178804550613076,this run,0.9696917327253886,-0.709232128024845,False,False,False,False,False,False,0,6,False,True,underpowered,2000.0
cme_futures,1h,TEMA_100~MININDEX|gate,False,16,7.651388971072362,0.8486233220816805,0.010271382527230477,0.14185814377203965,-0.13158676124480917,0.39187202248700237,0.301159114857745,1.0072314322500056,56940,0.14380479375937252,1.1028159427621445,-0.959011149002772,-1.853769307842972,0.00022891506293343244,-0.43030223206737334,-1.7403613953187247,14.219809169599964,45171,2019-01-03,2026-08-21,0.1276840040446917,0.17172962572574335,-0.26710433928332966,-0.374145512834133,0.19080886039322742,10813.275183064728,38044.95560808754,0.01250206355923002,-0.00534896971795559,0.5173303630313462,0.028,-1.9532924647625733,0.018035716937328656,-1.5485404954477768,1.2053986617081407,-2.872611297598098,5,-1.236398;-0.028646;-1.205036;-1.958097;-3.314525,0.7435176283945693,-0.2926423509928444,27593.89433937806,False,-16780.619156313336,0.0,0.07726864508214244,0.012114639707898167,0.8486233220816805,0.4950456029757145,0.03845457005599283,-0.45659103291972164,ES.v.0,0.13954477253900444,27169.018928732497,0.7770023302590264,0.1917795838294669,-0.35590921649847973,0.6657851763732584,0.0953356436820112,-0.24977411597881627,-0.08506426115478072,0.5387237091078385,False,1.0,10813.275183064728,-0.26710433928332966,False,-0.5846978247536061,-2.2017868687162054,0.027680367074707668,0.001247205067728241,1881,-0.003831036460096299,-0.00038317143302618204,-0.0022018807839535577,-0.001992260170169544,0.004491410460218905,-0.0013958500914974764,-0.002895046933822105,-0.855052925581745,-0.05785686607827324,-0.42661412658309167,-0.17737381867189092,0.4344175525210694,-0.3236979411336826,-0.5210353993818252,0.08179557972910656,-0.24790146860403525,0.08840683276170536,open,1.070130677828478,75.88340554669274,175,1.4094540293974152,0.6547446027448666,False,0,175,run+ledger,0.5178804550613076,this run,0.919788225015038,-0.7759834312556655,False,False,False,False,False,False,0,6,False,True,underpowered,2000.0
cme_futures,1h,MININDEX~TAN|vote,False,16,7.651388971072362,0.569912134329847,-0.021592609358831005,0.11052139422007201,-0.13211400357890302,0.37941847821258035,0.45086216129377743,1.007810531044049,93370,-0.1695705353968843,1.1028159427621445,-1.2723864781590288,-3.242998238587471,6.525224319153811e-06,-0.3220195828133765,-2.9530501023908107,14.219809169599964,45171,2019-01-03,2026-08-21,0.09955120046674948,0.17172962572574335,-0.3649999162895534,-0.374145512834133,0.19080886039322742,8461.79939601151,38044.95560808754,0.00521057047819617,-0.00424491306941295,0.3923488033447816,0.0,-2.016797783605473,-0.5145752314555978,-1.7826103839335112,0.7648088222755233,-5.211809644157524,5,-1.498231;-1.897185;-0.681436;-2.082354;-2.753846,0.5796973006028402,-0.2357304668579443,22302.02238930108,False,-13840.222993289568,0.0,0.12727409915123786,-0.03757837303918621,0.569912134329847,0.467902657627286,-0.05915784742728995,-0.5270605050545759,ES.v.0,0.13954477253900444,27169.018928732497,0.7770023302590264,0.1917795838294669,-0.35590921649847973,0.5190917535584592,0.0750821352990878,-0.19922807347613414,-0.09667474465791881,0.4862845457537971,False,1.0,8461.79939601151,-0.3649999162895534,False,0.03616470428947049,0.1644131693115403,0.8694058970354821,0.003544509200854029,1881,0.0020815570433501767,-0.0038278535473693664,0.0014670201638667048,0.00417052207617351,0.009288026888094743,0.0034412035379967594,0.005219063657249073,0.7791332408050414,-0.5658216099082777,0.37882542090022425,0.497913323221228,1.2128208753352456,1.1704211660120682,1.064443169113298,0.0031465088936981633,0.575109750601079,0.7033540089983803,open,1.7121030610314638,87.37163261722385,175,1.4094540293974152,0.31984290222703887,False,0,175,run+ledger,0.5178804550613076,this run,0.8456888917685266,-1.015259427165411,False,False,False,False,False,False,0,6,False,True,underpowered,2000.0
cme_futures,1h,MAXINDEX~TAN|vote,False,16,7.651388971072362,0.5875872866184682,-0.027090657825246778,0.1111928027614657,-0.13828346058671248,0.361729917736134,0.4458170462270564,1.0065930695868437,94144,-0.22420761749713156,1.1028159427621445,-1.327023560259276,-4.206862932215939,3.26483981238912e-06,-0.2828622353875351,-2.3140675740683223,14.219809169599964,45171,2019-01-03,2026-08-21,0.10015384870492655,0.17172962572574335,-0.37026805039946287,-0.374145512834133,0.19080886039322742,8104.702750802325,38044.95560808754,0.005371924239571712,-0.004293183486873712,0.31544254748520517,0.0,-1.8854740466220477,-0.7094565844691478,-1.7468912629291218,0.5024624193017407,-7.774049288379172,5,-1.426147;-2.001927;-1.032302;-2.021099;-2.252981,0.5832065858273915,-0.2369913292830378,22405.39793204041,False,-14300.695181238088,0.0,0.12834788642974232,-0.045665392391549986,0.5875872866184682,0.46960798358752764,-0.07316498897493338,-0.542772972562461,ES.v.0,0.13954477253900444,27169.018928732497,0.7770023302590264,0.1917795838294669,-0.35590921649847973,0.5222341539440651,0.0755209639617831,-0.20033682066002745,-0.10261162178702987,0.4643107525819277,False,1.0,8104.702750802325,-0.37026805039946287,False,0.04792078354823949,0.22260612318303338,0.8238420704142495,0.003265606400726262,1881,0.000566567576903245,-0.0028407831617780943,0.0033970959095586772,0.005302017506389508,0.002464368643171065,0.0038732121390579076,0.0057561480887168915,0.2075555851091689,-0.4319031400341594,0.9148216572325899,0.6614066177477604,0.31891239912949,1.3476803001882098,1.1165064491961187,0.020664015755868848,0.5311135813967235,0.6185526049211731,open,1.5164905147460945,86.7652546504181,175,1.4094540293974152,0.26803948906496045,False,0,175,run+ledger,0.5178804550613076,this run,0.8444706632302991,-1.0686782807274307,False,False,False,False,False,False,0,6,False,True,underpowered,2000.0
cme_futures,1h,T3_200~TRIX|and,False,16,7.651388971072362,0.7681201579654127,0.01045517500066584,0.14906568040955137,-0.13861050540888553,0.37397259509788555,0.2132160081225146,1.0051954515736143,11819,0.14451891347506893,1.1028159427621445,-0.9582970292870755,-1.9154786981772713,0.00023023937043387122,-0.2689992504098131,-1.1466378949906086,14.219809169599964,45171,2019-01-03,2026-08-21,0.13415874870454167,0.17172962572574335,-0.21554959377135863,-0.374145512834133,0.19080886039322742,10828.336050158185,38044.95560808754,0.031321503021280346,-0.008444158422894733,0.5002911440356765,0.024,-1.9259951220485323,-0.01466762617597993,-1.1847539349749923,1.197104583812946,-2.2129982384466405,5,-1.374366;0.144751;-0.408358;-1.279814;-3.005983,0.7812207598868041,-0.3051905263950916,28954.891861324544,False,-18126.55581116636,0.0,0.016096022455782007,0.013632807656350554,0.7681201579654127,0.48715316238303413,0.048504730710631855,-0.4386484316724023,ES.v.0,0.13954477253900444,27169.018928732497,0.7770023302590264,0.1917795838294669,-0.35590921649847973,0.6995465629117097,0.09992755437742606,-0.261059577056449,-0.08947237937676022,0.5224792491021731,False,1.0,10828.336050158185,-0.21554959377135863,False,-0.09579337752418028,-0.3269611956806683,0.7436972349056181,0.003343896039365024,1881,-0.002068546124542164,0.002983697645675588,-0.00968685999197412,0.008438489411162958,0.01400803584604015,-0.0055828683142024205,-0.004579157475287509,-0.40371614029296987,0.3108219111688915,-1.7265145584952113,0.7295574981820533,1.1529787860042047,-1.2245692951577083,-0.5343039245938256,0.2515313078627046,0.27810373024346635,0.10638104065816312,open,1.2018339537885434,82.4093170260961,175,1.4094540293974152,0.6554915546181225,False,0,175,run+ledger,0.5178804550613076,this run,0.8467926101724562,-0.7022736966973873,False,False,False,False,False,False,0,6,False,True,underpowered,2000.0
cme_futures,1h,T3_200~TRIX|vote,False,16,7.651388971072362,0.7953919795886988,0.01095258768702112,0.1497254976654252,-0.13877290997840408,0.37373828752346716,0.21489733144899825,1.0052156716415561,12029,0.1481267454594323,1.1028159427621445,-0.9546891973027122,-1.888577257148926,0.00023898556661561265,-0.25879051896541866,-1.1012739017387927,14.219809169599964,45171,2019-01-03,2026-08-21,0.1347516098717206,0.17172962572574335,-0.21554959377135585,-0.374145512834133,0.19080886039322742,10869.188008770974,38044.95560808754,0.031191142602718793,-0.008493302699100458,0.5055070920127198,0.026,-1.9467887280451373,0.007073943226931426,-1.1847539349749923,1.197104583812946,-2.2129982384466405,5,-1.374366;0.144751;-0.408358;-1.279814;-3.005983,0.7846730539489,-0.30632947272494404,29082.350863205294,False,-18213.16285443432,0.0,0.016387922071452305,0.01378939639988297,0.7953919795886988,0.48982242980451274,0.05081237916244497,-0.4390100506420678,ES.v.0,0.13954477253900444,27169.018928732497,0.7770023302590264,0.1917795838294669,-0.35590921649847973,0.7026379303833699,0.10034667032552225,-0.2620864925365751,-0.08939408263850113,0.5229238928751825,False,1.0,10869.188008770974,-0.21554959377135585,False,-0.08460379646618932,-0.28832188251088786,0.7731003582172802,0.003360451307642287,1881,-0.0020800029542645095,0.003139634254312218,-0.009719586680655819,0.008497126691877169,0.013972865139703226,-0.0057128677911570235,-0.004559415694051247,-0.40572077800018885,0.32661548626775033,-1.7302965184210173,0.7342297758743002,1.1493918155928828,-1.253312724120911,-0.5316167482074804,0.2707774662166107,0.2796786071907923,0.10722353460671552,open,1.1874988663870252,80.99331664349917,175,1.4094540293974152,0.6591650698527682,False,0,175,run+ledger,0.5178804550613076,this run,0.8715211212704034,-0.7233943758109711,False,False,False,False,False,False,0,6,False,True,underpowered,2000.0
cme_futures,1h,MININDEX~MIDPOINT_9|vote,False,16,7.651388971072362,0.5777036300181682,-0.032560853937627865,0.11782899530881452,-0.1503898492464424,0.33102609225290575,0.31547981910203154,0.9955805455786773,70537,-0.25896278230593694,1.1028159427621445,-1.3617787250680813,-3.877684932801366,2.0560708283157147e-06,-0.3778017382061952,-2.4859527972390114,14.219809169599964,45171,2019-01-03,2026-08-21,0.10611039934783048,0.17172962572574335,-0.38665101968068727,-0.374145512834133,0.19080886039322742,7762.489112834542,38044.95560808754,0.009031870219152291,-0.004181062057325549,0.35118343771274063,0.0,-2.065118485541482,-0.7163371940757276,-1.8285501074831116,1.21432332193559,-3.3671117623594986,5,-0.884330;-2.598765;-0.280882;-2.171609;-3.207164,0.6178922180689518,-0.24935388789914037,23449.780227305942,False,-15687.291114471398,0.0,0.09555992818487816,-0.055689815874394144,0.5777036300181682,0.46865410528688317,-0.08421251278353796,-0.5528666180704211,ES.v.0,0.13954477253900444,27169.018928732497,0.7770023302590264,0.1917795838294669,-0.35590921649847973,0.5532935113791119,0.07984689025823988,-0.21123413258392476,-0.11240774419586774,0.43125483095987105,False,1.0,7762.489112834542,-0.38665101968068727,False,-0.0006569671934617003,-0.0026265831037647837,0.997904292303534,0.005319175081454963,1881,0.003983870322532365,-0.0006075042447466778,0.0024970250508684574,0.006403985016463547,0.012539678780074764,0.004501497470320051,0.00662152524564311,1.0474251311912575,-0.08645907590434464,0.5511930184150182,0.6514602871217775,1.3040597949038253,1.2674783211861813,1.1305782620242937,0.012920510203478841,0.605553183117033,0.64712898758764,open,1.1484356592716514,68.94774814392433,175,1.4094540293974152,0.23734723165028432,False,0,175,run+ledger,0.5178804550613076,this run,0.845151876740424,-1.104114659046361,False,False,False,False,False,False,0,6,False,True,underpowered,2000.0
cme_futures,1h,LINEARREG_INTERCEPT_100~T3_200|and,False,16,7.651388971072362,0.7907410863336678,-0.0018580803577705751,0.1508204926797252,-0.15267857303749577,0.336532615479091,0.1784582261826446,0.9926395694079653,16721,0.05408158417518251,1.1028159427621445,-1.048734358586962,-2.0358742355669297,8.822032881511399e-05,-0.38855420402743535,-1.538021757483182,14.219809169599964,45171,2019-01-03,2026-08-21,0.13573553999249513,0.17172962572574335,-0.2601557314203098,-0.374145512834133,0.19080886039322742,9858.706495956516,38044.95560808754,0.028732081195480923,-0.006287564050836551,0.5151272805880963,0.0185,-2.048351561677947,-0.08196382023958446,-1.215327504380029,1.1282239425651388,-2.4087016878406815,5,-1.348223;-0.193183;-0.080220;-1.639444;-2.815568,0.7904025844047916,-0.30821600984565345,29294.95104633935,False,-19436.244550382835,0.0,0.02256737950075071,-0.002349218167514877,0.7907410863336678,0.4893668895010614,-0.0071421849813819585,-0.49650907448244336,ES.v.0,0.13954477253900444,27169.018928732497,0.7770023302590264,0.1917795838294669,-0.35590921649847973,0.7077684562773537,0.10104174654542142,-0.2637884130713696,-0.102899826903192,0.4720227295870603,False,1.0,9858.706495956516,-0.2601557314203098,False,-0.19261334561394186,-0.6319589359693888,0.5274137104846301,0.0038276785852310313,1881,0.00030882212737164453,0.000994512714632456,-0.010753661286571894,0.01254685167335066,0.014962266672104504,-0.0069285788220944,-0.004105659696204423,0.057225069033846575,0.09723728318804761,-1.8871814223716472,1.0004034359899983,1.2194177035517786,-1.4022367898084473,-0.48153473366642524,0.12404329502577482,0.3146075980222691,0.1285145011638258,open,1.1388068872043602,78.6823104853579,175,1.4094540293974152,0.559480987627134,False,0,175,run+ledger,0.5178804550613076,this run,0.8673039601631967,-0.8132223759880142,False,False,False,False,False,False,0,6,False,True,underpowered,2000.0
cme_futures,1h,LINEARREG_INTERCEPT_100~T3_200|vote,False,16,7.651388971072362,0.817727418741897,-0.002354139025195323,0.15150694426572664,-0.15386108329092196,0.33372887569581383,0.17870413376683697,0.991838353776319,17224,0.050806417725237106,1.1028159427621445,-1.0520095250369073,-2.023593113429126,8.512070634558722e-05,-0.38701749382591966,-1.5309671346905824,14.219809169599964,45171,2019-01-03,2026-08-21,0.13635239867381704,0.17172962572574335,-0.2601557314203118,-0.374145512834133,0.19080886039322742,9821.279649343469,38044.95560808754,0.0284983422131698,-0.006251923580175235,0.5198720622517836,0.019,-2.0723372212451823,-0.07563276616275862,-1.215327504380029,1.1282239425651388,-2.4087016878406815,5,-1.348223;-0.193183;-0.080220;-1.639444;-2.815568,0.7939946185614785,-0.3093963966813178,29428.917797018377,False,-19607.63814767491,0.0,0.023240841101794436,-0.0028781241006884395,0.817727418741897,0.49201196096321986,-0.009048960837199232,-0.5010609218004191,ES.v.0,0.13954477253900444,27169.018928732497,0.7770023302590264,0.1917795838294669,-0.35590921649847973,0.710984954452,0.10147719343895356,-0.2648538906334744,-0.10383133246414888,0.4688102820285532,False,1.0,9821.279649343469,-0.2601557314203118,False,-0.19070678862652932,-0.6253275780733771,0.5317560834328847,0.003848320751851819,1881,0.00024686817610975603,0.0010745893508968783,-0.010747897095907243,0.012601842015803656,0.014908595982255185,-0.0069864446346022,-0.004120270374354682,0.04573546563648051,0.1049822406813907,-1.8843397272558755,1.0042551505160986,1.214529982454455,-1.4145584516123086,-0.48329840287022463,0.12577751541864846,0.31520143337590284,0.12869665126968777,open,1.1261010455009253,77.29344410201585,175,1.4094540293974152,0.5559017224553006,False,0,175,run+ledger,0.5178804550613076,this run,0.8917736061467999,-0.8409671884215628,False,False,False,False,False,False,0,6,False,True,underpowered,2000.0
cme_futures,1h,bb_outside_in,False,16,7.651388971072362,0.9794996825115707,-0.034535739918097996,0.12395802366771269,-0.1584937635858107,0.31253743722084787,0.45827814569536424,0.9036598113619678,755,-0.25913591768534555,1.1028159427621445,-1.36195186044749,-2.5528759904074247,2.0330431086401646e-06,-0.13978588346865384,-0.7508842751882632,14.219809169599964,45171,2019-01-03,2026-08-21,0.11161195607531955,0.17172962572574335,-0.32301890370231334,-0.374145512834133,0.19080886039322742,7642.065237547713,38044.95560808754,0.07272188564887544,-0.06807896647359783,0.5334970698009229,0.003,-2.4391194414155875,-0.36691953313940284,-1.516227948126191,1.9560963675164953,-1.7332421948616485,5,-2.178957;1.035178;-0.092721;-2.522430;-3.822210,0.649928372018738,-0.26061254478915297,24451.679470794443,False,-16809.61423324673,0.0,0.000993836933829244,-0.03524566264532325,0.9794996825115707,0.5079554665660623,-0.10691553813805685,-0.6148710047041192,ES.v.0,0.13954477253900444,27169.018928732497,0.7770023302590264,0.1917795838294669,-0.35590921649847973,0.5819803852247718,0.08382368989171507,-0.2212001219762877,-0.11835942980981307,0.41278945308982845,False,1.0,7642.065237547713,-0.32301890370231334,False,-0.01518944760086773,-0.07154898275090946,0.9429608418195832,0.005232962083777326,1881,0.006852144146663857,-0.002991218077000494,-0.0022869354414483956,0.00701183132588296,0.008053043642578497,-0.0033907037897086953,0.005610696515378661,1.7890062068341288,-0.45578750229718384,-0.42169902647120533,0.8174108269869983,0.9949482611775314,-0.964887665198014,0.879477161976308,0.4527223046691924,0.2000551887334207,0.07992736146627921,open,0.9109185274184503,63.87681910353829,175,1.4094540293974152,0.2371101206015766,False,0,175,run+ledger,0.5178804550613076,this run,0.9696917327253886,-1.228827650410734,False,False,False,False,False,False,0,6,False,True,underpowered,2000.0
cme_futures,1h,pivot_center,False,16,7.651388971072362,0.999605941865356,-0.011415593727277296,0.15437708905816905,-0.16579268278544634,0.3053527327370201,0.2653964369059138,0.9965931336321401,70276,-0.013271735588737617,1.1028159427621445,-1.116087678350882,-2.1556444537540504,4.1605872312056036e-05,-0.6974051333070711,-2.629720664757789,14.219809169599964,45171,2019-01-03,2026-08-21,0.13893185881431683,0.17172962572574335,-0.22496013898593925,-0.374145512834133,0.19080886039322742,9159.005196216705,38044.95560808754,0.012763876490126995,-0.004627077353196403,0.5177512814820726,0.013,-2.1352533507220883,-0.12183018764774799,-1.3504701550821905,1.4680189861752169,-2.057019082713714,5,-1.329608;0.167267;-0.056060;-2.206669;-3.327282,0.8090150911770727,-0.3143127775359488,29994.8361821433,False,-20835.830985926594,0.0,0.09536635151041191,-0.011420068113633608,0.999605941865356,0.5099466532974621,-0.050744962101889564,-0.5606916153993518,ES.v.0,0.13954477253900444,27169.018928732497,0.7770023302590264,0.1917795838294669,-0.35590921649847973,0.7244350834437987,0.10329538174602426,-0.26929667780828936,-0.11471097547330156,0.43171459943352175,False,1.0,9159.005196216705,-0.22496013898593925,False,-0.5573586773149248,-1.8906840017447406,0.05866653930805166,0.00404624879706228,1881,-0.005081558384073084,-0.004535931181290469,-0.009655913041758618,0.007147262579775526,0.013886906965437353,-0.006780967506050039,0.003125634670879904,-1.1614821293639026,-0.5063695495350785,-1.7413778800758386,0.6123793107074643,1.223196294193391,-1.7552404523222043,0.5257496363058497,0.008545505241734919,0.22486213180837225,0.07290262127546498,open,1.2394944621207962,63.47829948716977,175,1.4094540293974152,0.485359395322352,False,0,175,run+ledger,0.5178804550613076,this run,0.9696917327253886,-0.9829634683141262,False,False,False,False,False,False,0,6,False,True,underpowered,2000.0
cme_futures,1h,MININDEX~TRIMA_9|vote,False,16,7.651388971072362,0.5763285723719409,-0.05108479370292007,0.11946088507263908,-0.17054567877555915,0.2823395316660138,0.3150902080898454,0.9891251215931381,74439,-0.43365862264658706,1.1028159427621445,-1.5364745654087315,-7.2631531548025725,1.7786595474245104e-07,-0.2800038379587705,-1.741348616151832,14.219809169599964,45171,2019-01-03,2026-08-21,0.10757518483312582,0.17172962572574335,-0.4206382403583343,-0.374145512834133,0.19080886039322742,6695.114784413382,38044.95560808754,0.008795075479978483,-0.0040906269065355575,0.21154373763862838,0.0,-1.9996108224353148,-1.1736348567346422,-1.8227585457702946,0.6431601630461746,-6.337164907115717,5,-1.232919;-2.320179;-1.026971;-2.141266;-2.392458,0.6264218208040945,-0.25236638758820484,23712.991039218676,False,-17017.876254805295,0.0,0.1017340054389549,-0.08696634380345503,0.5763285723719409,0.46852145533083406,-0.12144590957636624,-0.5899673649072003,ES.v.0,0.13954477253900444,27169.018928732497,0.7770023302590264,0.1917795838294669,-0.35590921649847973,0.560931370717663,0.08090747678776133,-0.21389683200827359,-0.1319922704906814,0.3691721329772385,False,1.0,6695.114784413382,-0.4206382403583343,False,0.09674913276349004,0.3772380217872078,0.7059967266915221,0.004510835845271677,1881,0.003245829778048318,-0.00044941171227581237,0.002476654078235355,0.007468039747868266,0.0098468749588345,0.004246217685844388,0.00645243738703907,0.8612546663997286,-0.06494205112837817,0.5453309525623934,0.7516105467527455,1.0676872551670218,1.2211308073653324,1.1010278524515518,0.08162248925829463,0.604924098661202,0.6366221582573226,open,0.35904352820164726,90.36073201446,175,1.4094540293974152,0.11547851318704172,False,0,175,run+ledger,0.5178804550613076,this run,0.8452466501510849,-1.278905272797672,False,False,False,False,False,False,0,6,False,True,underpowered,2000.0
cme_futures,1h,CORREL,False,16,7.651388971072362,0.925996828073105,-0.11553235640621207,0.14465593086346362,-0.2601882872696757,0.13902659777887125,0.4809729418537709,0.9514632481479146,34740,-0.8779094737105111,1.1028159427621445,-1.9807254164726555,-4.446690397403025,1.6370077515759363e-10,-0.16479658536859904,-0.6887178533239203,14.219809169599964,45171,2019-01-03,2026-08-21,0.13019705169736404,0.17172962572574335,-0.6306655405886272,-0.374145512834133,0.19080886039322742,3908.794680248556,38044.95560808754,0.01248680831829509,-0.012161582018689877,0.4454381212664248,0.0,-2.901963988986479,-1.1718035767881265,-2.343469716044123,1.0472343998262648,-5.003805823372614,5,-2.735695;-1.163441;-1.339951;-3.577527;-2.900735,0.7581513739818666,-0.29753659267619825,28115.44512126873,False,-24206.65044102017,0.0,0.047302306646561695,-0.12416778620962565,0.925996828073105,0.5026667744044238,-0.18319116706199098,-0.6858579414664148,ES.v.0,0.13954477253900444,27169.018928732497,0.7770023302590264,0.1917795838294669,-0.35590921649847973,0.6788890094429295,0.09712108319943202,-0.2541696713573709,-0.2126534396056441,0.19232668906729247,False,1.0,3908.794680248556,-0.6306655405886272,False,-0.06280226592451021,-0.23536022319299157,0.8139291562562201,0.0057413084515844925,1881,-0.001034863724260869,-0.0011587099636148849,-0.005970407205513917,0.021564497636141614,-0.016230473016977318,0.0014542266753667704,0.0026351043356809957,-0.20849509657675913,-0.10762016301777554,-0.9049515883697673,1.825409541865925,-1.5168690706472066,0.3305909029628429,0.49275155144055205,0.4910008388976046,0.16376465894879969,0.043912122606657,open,0.9928470653542807,62.55600619186024,175,1.4094540293974152,0.007925714061885525,False,0,175,run+ledger,0.5178804550613076,this run,0.9696917327253886,-1.8476012064358995,False,False,False,False,False,False,0,6,False,True,underpowered,2000.0
cme_futures,1h,lorentzian_knn,False,16,7.651388971072362,0.9154633412138228,-0.13661127332963496,0.15437810327630186,-0.2909893766059368,0.10835294948046521,0.3346153846153846,0.45390983707384847,520,-0.9878007076111247,1.1028159427621445,-2.0906166503732693,-2.443978450473104,1.8425039272074173e-11,0.02041921676578237,0.15752396180290998,14.219809169599964,45171,2019-01-03,2026-08-21,0.13893277039977545,0.17172962572574335,-0.7709751341626525,-0.374145512834133,0.19080886039322742,3250.0508175571745,38044.95560808754,0.049607027180999894,-0.05496000408858507,0.8554153372213936,0.0025,-3.877894520535613,-0.5305479115830299,-2.432410810007841,2.479111127718363,-2.19394599119429,5,-1.828232;0.787739;-1.428456;-4.076653;-5.616451,0.8090203994368139,-0.31431450943327977,29995.037819834535,False,-26744.98700227736,0.0,0.0006531085426310031,-0.14824345975603703,0.9154633412138228,0.5016273067534643,-0.1771928396601363,-0.6788201464136007,ES.v.0,0.13954477253900444,27169.018928732497,0.7770023302590264,0.1917795838294669,-0.35590921649847973,0.724439836741519,0.10329602353011569,-0.2692982442992141,-0.23990729685975065,0.1531921984881546,False,1.0,3250.0508175571745,-0.7709751341626525,False,-0.437329433052911,-1.6811120289473636,0.0927411563511642,0.009288528589402767,1881,-0.006667633829447151,0.0062791224018073286,-0.007834113335557304,-0.013632494086932213,0.0039776308679988475,-0.0028163966352891838,-0.011132289015577446,-1.3405810395919666,0.6253672380831677,-1.5239349559793032,-1.3193318404818508,0.36647131568174884,-0.6489561983938154,-1.676095467653258,0.8748319248446401,-0.7349728095683317,0.7828832906375653,open,0.14183529433599865,65.17564438211906,175,1.4094540293974152,0.0032029605940346317,False,0,175,run+ledger,0.5178804550613076,this run,0.9696917327253886,-1.9574924403365133,False,False,False,False,False,False,0,6,False,True,underpowered,2000.0
cme_futures,1h,bar_updn,False,16,7.651388971072362,0.9998836827463048,-0.16658963918930192,0.14462318898180948,-0.3112128281711114,0.08822886894116247,0.3596217264791465,0.9462727229162385,103100,-1.3349541718300142,1.1028159427621445,-2.4377701145921584,-4.906053978015764,3.957945082788683e-14,-0.5213068299020823,-2.1819309611003868,14.219809169599964,45171,2019-01-03,2026-08-21,0.1301676400476108,0.17172962572574335,-0.756051760953325,-0.374145512834133,0.19080886039322742,2480.051068487194,38044.95560808754,0.008903524813396112,-0.005283904804829983,0.4968901943427263,0.0,-3.442283287239403,-1.4911000353753898,-2.6309653451768886,1.1237356167964065,-5.23523262084838,5,-3.100494;-1.315808;-1.591667;-3.223845;-3.923012,0.7579801067958529,-0.2974794884571088,28109.292324047303,False,-25629.24125556011,0.0,0.14222564055581277,-0.16660730634953058,0.9998836827463048,0.5099741725573851,-0.22034157949615085,-0.7303157520535359,ES.v.0,0.13954477253900444,27169.018928732497,0.7770023302590264,0.1917795838294669,-0.35590921649847973,0.6787356477077232,0.09710021039443562,-0.2541183401642706,-0.26368984958373753,0.12204515421859953,False,1.0,2480.051068487194,-0.756051760953325,False,-0.37203399896938294,-1.5062663895702175,0.131998802593833,0.003303585178241253,1881,-0.004742865467164718,0.0001541107083783259,-0.005293797970204966,0.0038894599440532918,0.013665386964464555,-0.00415806862954949,-0.0016928335700615645,-1.145037057727912,0.019872713437461546,-0.892038807697178,0.35880638846201207,1.4411947328841417,-1.2205801809677639,-0.32062352795129506,0.02911462840356349,0.2396762327672173,0.09487995597018006,open,1.5018229836546897,82.8375801045191,175,1.4094540293974152,0.00013930280237295367,False,0,175,run+ledger,0.5178804550613076,this run,0.9696917327253886,-2.304645904555403,False,False,False,False,False,False,0,6,False,True,underpowered,2000.0
