ir_net,ir_hit_rate,ir_gross,headroom,t_stat,loo_retention,loo_dropped,n_assets,n_ir,years,legacy_gate_ir,legacy_gate_breadth,legacy_gate_headroom,legacy_gate_t,legacy_passed,legacy_gate_loo,net_return_pct,bench_return_pct,excess_return_pct,class,timeframe,rule,scenario,wf_mode,n_folds,n_switches,is_baseline,generic_fallback,rankable,op,exposure,long_frac,short_frac
0.0037028501876789554,0.45263157894736844,0.003702850187678963,0.5085037169871365,0.012820046447353359,-1.6399411928636018,KBH,190,190,11.986900887396445,False,False,False,False,0,False,2439.517764299997,3139.8048896723126,-700.2871253723156,us_stocks,1d,MAXINDEX~HT_TRENDMODE|or,gross,fixed_combo,24.0,0.0,False,False,True,or,0.9620101259969484,0.9620101259969484,0.0
0.0037028501876789554,0.45263157894736844,0.003702850187678963,0.5085037169871365,0.012820046447353359,-1.6399411928636018,KBH,190,190,11.986900887396445,False,False,False,False,0,False,2439.517764299997,3139.8048896723126,-700.2871253723156,us_stocks,1d,MAXINDEX~HT_TRENDMODE|vote,gross,fixed_combo,24.0,0.0,False,False,True,vote,0.9620101259969484,0.9620101259969484,0.0
-0.030983852294021837,0.3894736842105263,-0.030983852294021844,0.0,-0.10727261579445115,,KBH,190,190,11.986900887396445,False,False,False,False,0,False,2168.023997014359,3139.8048896723126,-971.7808926579537,us_stocks,1d,HT_TRENDMODE~CDLDOJI|or,gross,fixed_combo,24.0,0.0,False,False,True,or,0.9205885686592569,0.9205885686592569,0.0
-0.030983852294021837,0.3894736842105263,-0.030983852294021844,0.0,-0.10727261579445115,,KBH,190,190,11.986900887396445,False,False,False,False,0,False,2168.023997014359,3139.8048896723126,-971.7808926579537,us_stocks,1d,HT_TRENDMODE~CDLDOJI|vote,gross,fixed_combo,24.0,0.0,False,False,True,vote,0.9205885686592569,0.9205885686592569,0.0
-0.03105030300539124,0.3894736842105263,-0.031050303005391248,0.0,-0.10750268213876345,,KBH,190,190,11.986900887396445,False,False,False,False,0,False,2165.805237791431,3139.8048896723126,-973.9996518808816,us_stocks,1d,HT_TRENDMODE~CDLLONGLEGGEDDOJI|or,gross,fixed_combo,24.0,0.0,False,False,True,or,0.9205790579337465,0.9205790579337465,0.0
-0.03105030300539124,0.3894736842105263,-0.031050303005391248,0.0,-0.10750268213876345,,KBH,190,190,11.986900887396445,False,False,False,False,0,False,2165.805237791431,3139.8048896723126,-973.9996518808816,us_stocks,1d,HT_TRENDMODE~CDLLONGLEGGEDDOJI|vote,gross,fixed_combo,24.0,0.0,False,False,True,vote,0.9205790579337465,0.9205790579337465,0.0
-0.04503356966148155,0.3,-0.04503356966148155,0.0,-0.15591569344916,,MRNA,190,190,11.986900887396445,False,False,False,False,0,False,436.712829591414,3139.8048896723126,-2703.0920600808986,us_stocks,1d,CDLLONGLEGGEDDOJI~CORREL|or,gross,fixed_combo,24.0,0.0,False,False,True,or,1.0,0.8052206875850266,0.19477931241497348
-0.045111115537158575,0.3,-0.045111115537158575,0.0,-0.15618417358678158,,MRNA,190,190,11.986900887396445,False,False,False,False,0,False,436.94001972569663,3139.8048896723126,-2702.8648699466157,us_stocks,1d,CDLDOJI~CORREL|or,gross,fixed_combo,24.0,0.0,False,False,True,or,1.0,0.8052629700651344,0.1947370299348656
-0.052535013750221654,0.40963855421686746,-0.052535013750221654,0.0,-0.18188727122453677,,CPRI,190,166,11.986900887396445,False,False,False,False,0,False,2945.9675217640292,3139.8048896723126,-193.83736790828334,us_stocks,1d,MAXINDEX~MININDEX|or,gross,fixed_combo,24.0,0.0,False,False,True,or,0.9954701809660886,0.9954701809660886,0.0
-0.052535013750221654,0.40963855421686746,-0.052535013750221654,0.0,-0.18188727122453677,,CPRI,190,166,11.986900887396445,False,False,False,False,0,False,2945.9675217640292,3139.8048896723126,-193.83736790828334,us_stocks,1d,MAXINDEX~MININDEX|vote,gross,fixed_combo,24.0,0.0,False,False,True,vote,0.9954701809660886,0.9954701809660886,0.0
-0.06724551907671332,0.4497354497354497,-0.06724551907671332,0.0,-0.23281813582640037,,ENPH,190,189,11.986900887396445,False,False,False,False,0,False,3173.5548687796554,3139.8048896723126,33.749979107342824,us_stocks,1d,MININDEX~HT_DCPHASE|or,gross,fixed_combo,24.0,0.0,False,False,True,or,1.0,0.9753276480319888,0.024672351968011156
-0.07985726393012547,0.3736842105263158,-0.07985726393012547,0.0,-0.2764826500810969,,ABNB,190,190,11.986900887396445,False,False,False,False,0,False,1479.7002694333137,3139.8048896723126,-1660.104620238999,us_stocks,1d,MININDEX~HT_PHASOR|or,gross,fixed_combo,24.0,0.0,False,False,True,or,1.0,0.9382931381728868,0.06170686182711325
-0.08760843159168333,0.3263157894736842,-0.08760843159168333,0.0,-0.3033188234086176,,FIS,190,190,11.986900887396445,False,False,False,False,0,False,1098.861890328048,3139.8048896723126,-2040.9429993442645,us_stocks,1d,HT_TRENDMODE~CORREL|or,gross,fixed_combo,24.0,0.0,False,False,True,or,1.0,0.8807373083565417,0.11926269164345817
-0.08881180428356175,0.34210526315789475,-0.08881180428356175,0.0,-0.3074851528633418,,CPRI,190,190,11.986900887396445,False,False,False,False,0,False,1091.2038857791367,3139.8048896723126,-2048.601003893176,us_stocks,1d,HT_TRENDMODE~HT_PHASOR|or,gross,fixed_combo,24.0,0.0,False,False,True,or,1.0,0.8995940299689161,0.10040597003108385
-0.09061914869892765,0.34210526315789475,-0.09061914869892765,0.0,-0.3137425595033548,,KBH,190,190,11.986900887396445,False,False,False,False,0,False,1745.7974978126044,3139.8048896723126,-1394.0073918597082,us_stocks,1d,HT_TRENDMODE~HT_DCPHASE|or,gross,fixed_combo,24.0,0.0,False,False,True,or,1.0,0.9173293597846442,0.08267064021535585
-0.10850465358727045,0.3736842105263158,-0.10850465358727047,0.0,-0.3756659406236283,,MRNA,190,190,11.986900887396445,False,False,False,False,0,False,3371.27971051927,3139.8048896723126,231.4748208469573,us_stocks,1d,MAXINDEX~CDLDOJI|or,gross,fixed_combo,24.0,0.0,False,False,True,or,0.9405192514353421,0.9405192514353421,0.0
-0.10850465358727045,0.3736842105263158,-0.10850465358727047,0.0,-0.3756659406236283,,MRNA,190,190,11.986900887396445,False,False,False,False,0,False,3371.27971051927,3139.8048896723126,231.4748208469573,us_stocks,1d,MAXINDEX~CDLDOJI|vote,gross,fixed_combo,24.0,0.0,False,False,True,vote,0.9405192514353421,0.9405192514353421,0.0
-0.10868009677886627,0.3736842105263158,-0.10868009677886627,0.0,-0.37627336186703003,,MRNA,190,190,11.986900887396445,False,False,False,False,0,False,3370.2445957137793,3139.8048896723126,230.4397060414667,us_stocks,1d,MAXINDEX~CDLLONGLEGGEDDOJI|or,gross,fixed_combo,24.0,0.0,False,False,True,or,0.9405117609240741,0.9405117609240741,0.0
-0.10868009677886627,0.3736842105263158,-0.10868009677886627,0.0,-0.37627336186703003,,MRNA,190,190,11.986900887396445,False,False,False,False,0,False,3370.2445957137793,3139.8048896723126,230.4397060414667,us_stocks,1d,MAXINDEX~CDLLONGLEGGEDDOJI|vote,gross,fixed_combo,24.0,0.0,False,False,True,vote,0.9405117609240741,0.9405117609240741,0.0
-0.11447247227309074,0.33157894736842103,-0.11447247227309076,0.0,-0.39632778457188605,,ATI,190,190,11.986900887396445,False,False,False,False,0,False,2820.7477086334134,3139.8048896723126,-319.0571810388992,us_stocks,1d,MININDEX~CDLDOJI|or,gross,fixed_combo,24.0,0.0,False,False,True,or,0.9405930575133861,0.9405930575133861,0.0
-0.11447247227309074,0.33157894736842103,-0.11447247227309076,0.0,-0.39632778457188605,,ATI,190,190,11.986900887396445,False,False,False,False,0,False,2820.7477086334134,3139.8048896723126,-319.0571810388992,us_stocks,1d,MININDEX~CDLDOJI|vote,gross,fixed_combo,24.0,0.0,False,False,True,vote,0.9405930575133861,0.9405930575133861,0.0
-0.11456789092168336,0.33157894736842103,-0.11456789092168336,0.0,-0.3966581440098594,,ATI,190,190,11.986900887396445,False,False,False,False,0,False,2820.8842688455493,3139.8048896723126,-318.9206208267633,us_stocks,1d,MININDEX~CDLLONGLEGGEDDOJI|or,gross,fixed_combo,24.0,0.0,False,False,True,or,0.9405756229087447,0.9405756229087447,0.0
-0.11456789092168336,0.33157894736842103,-0.11456789092168336,0.0,-0.3966581440098594,,ATI,190,190,11.986900887396445,False,False,False,False,0,False,2820.8842688455493,3139.8048896723126,-318.9206208267633,us_stocks,1d,MININDEX~CDLLONGLEGGEDDOJI|vote,gross,fixed_combo,24.0,0.0,False,False,True,vote,0.9405756229087447,0.9405756229087447,0.0
-0.11692288885804282,0.3473684210526316,-0.11692288885804282,0.0,-0.40481164236850464,,NCLH,190,190,11.986900887396445,False,False,False,False,0,False,1552.3314535512975,3139.8048896723126,-1587.473436121015,us_stocks,1d,MAXINDEX~CORREL|or,gross,fixed_combo,24.0,0.0,False,False,True,or,1.0,0.9195347334792681,0.08046526652073192
-0.12248596917096277,0.28421052631578947,-0.12248596917096274,0.0,-0.42407219691086795,,PHM,190,190,11.986900887396445,False,False,False,False,0,False,1156.3190173511325,3139.8048896723126,-1983.48587232118,us_stocks,1d,IS#1[combo],gross,wf_combo,12.0,8.0,False,False,True,,,,
-0.13292320851066158,0.3,-0.13292320851066158,0.0,-0.46020811555059976,,KBH,190,190,11.986900887396445,False,False,False,False,0,False,1019.879477760105,3139.8048896723126,-2119.9254119122074,us_stocks,1d,MAXINDEX~HT_PHASOR|or,gross,fixed_combo,24.0,0.0,False,False,True,or,1.0,0.9184231730992038,0.08157682690079615
-0.1486006026160022,0.3263157894736842,-0.1486006026160022,0.0,-0.5144865525429192,,ATI,190,190,11.986900887396445,False,False,False,False,0,False,2690.99388130649,3139.8048896723126,-448.81100836582254,us_stocks,1d,HT_TRENDMODE~MININDEX|or,gross,fixed_combo,24.0,0.0,False,False,True,or,0.9685825063767554,0.9685825063767554,0.0
-0.1486006026160022,0.3263157894736842,-0.1486006026160022,0.0,-0.5144865525429192,,ATI,190,190,11.986900887396445,False,False,False,False,0,False,2690.99388130649,3139.8048896723126,-448.81100836582254,us_stocks,1d,HT_TRENDMODE~MININDEX|vote,gross,fixed_combo,24.0,0.0,False,False,True,vote,0.9685825063767554,0.9685825063767554,0.0
-0.15337771939120437,0.24736842105263157,-0.15337771939120437,0.0,-0.5310259359471696,,PHM,190,190,11.986900887396445,False,False,False,False,0,False,768.8550078642437,3139.8048896723126,-2370.9498818080688,us_stocks,1d,CDLLONGLEGGEDDOJI~HT_DCPHASE|or,gross,fixed_combo,24.0,0.0,False,False,True,or,1.0,0.8313119015785136,0.16868809842148638
-0.15367547045716182,0.25263157894736843,-0.1536754704571618,0.0,-0.5320568127857803,,PHM,190,190,11.986900887396445,False,False,False,False,0,False,770.3539053699802,3139.8048896723126,-2369.4509843023325,us_stocks,1d,CDLDOJI~HT_DCPHASE|or,gross,fixed_combo,24.0,0.0,False,False,True,or,1.0,0.8313408526081394,0.16865914739186064
-0.15383799146013108,0.28421052631578947,-0.15383799146013108,0.0,-0.5326194946932659,,NOC,190,190,11.986900887396445,False,False,False,False,0,False,1714.698846929263,3139.8048896723126,-1425.1060427430496,us_stocks,1d,MININDEX~CORREL|or,gross,fixed_combo,24.0,0.0,False,False,True,or,1.0,0.9516911123645222,0.048308887635477804
-0.1559139389917075,0.21578947368421053,-0.1559139389917075,0.0,-0.5398068618369959,,NCLH,190,190,11.986900887396445,False,False,False,False,0,False,127.18329979628626,3139.8048896723126,-3012.6215898760265,us_stocks,1d,CDLLONGLEGGEDDOJI~CORREL|vote,gross,fixed_combo,24.0,0.0,False,False,True,vote,0.7198412557165743,0.5250619433016007,0.19477931241497348
-0.15596106362393836,0.21578947368421053,-0.15596106362393836,0.0,-0.5399700172290299,,NCLH,190,190,11.986900887396445,False,False,False,False,0,False,127.29685818341368,3139.8048896723126,-3012.5080314888987,us_stocks,1d,CDLDOJI~CORREL|vote,gross,fixed_combo,24.0,0.0,False,False,True,vote,0.7197989732364665,0.5250619433016007,0.1947370299348656
-0.16284230712648046,0.2894736842105263,-0.16284230712648048,0.0,-0.5637943300817828,,CPRI,190,190,11.986900887396445,False,False,False,False,0,False,1099.1872936029242,3139.8048896723126,-2040.6175960693884,us_stocks,1d,HT_TRENDMODE~CORREL|gate,gross,fixed_combo,24.0,0.0,False,False,True,gate,0.7996980999412081,0.7996980999412081,0.0
-0.16284230712648046,0.2894736842105263,-0.16284230712648048,0.0,-0.5637943300817828,,CPRI,190,190,11.986900887396445,False,False,False,False,0,False,1099.1872936029242,3139.8048896723126,-2040.6175960693884,us_stocks,1d,HT_TRENDMODE~HT_DCPHASE|gate,gross,fixed_combo,24.0,0.0,False,False,True,gate,0.7996980999412081,0.7996980999412081,0.0
-0.16284230712648046,0.2894736842105263,-0.16284230712648048,0.0,-0.5637943300817828,,CPRI,190,190,11.986900887396445,False,False,False,False,0,False,1099.1872936029242,3139.8048896723126,-2040.6175960693884,us_stocks,1d,HT_TRENDMODE~HT_PHASOR|gate,gross,fixed_combo,24.0,0.0,False,False,True,gate,0.7996980999412081,0.7996980999412081,0.0
-0.16757001200254978,0.21052631578947367,-0.16757001200254978,0.0,-0.5801626390947324,,PHM,190,190,11.986900887396445,False,False,False,False,0,False,218.92823987397898,3139.8048896723126,-2920.876649798334,us_stocks,1d,HT_PHASOR~CDLLONGLEGGEDDOJI|vote,gross,fixed_combo,24.0,0.0,False,False,True,vote,0.719014453869012,0.5222008154697935,0.19681363839921848
-0.16781016178987374,0.21578947368421053,-0.16781016178987376,0.0,-0.5809940881871261,,PHM,190,190,11.986900887396445,False,False,False,False,0,False,220.08247504962446,3139.8048896723126,-2919.722414622688,us_stocks,1d,HT_PHASOR~CDLDOJI|vote,gross,fixed_combo,24.0,0.0,False,False,True,vote,0.7189685939814185,0.5222008154697935,0.19676777851162516
-0.1706222460780572,0.2736842105263158,-0.1706222460780572,0.0,-0.5907301156689676,,MRNA,190,190,11.986900887396445,False,False,False,False,0,False,874.3084402559559,3139.8048896723126,-2265.496449416357,us_stocks,1d,MAXINDEX~HT_DCPHASE|or,gross,fixed_combo,24.0,0.0,False,False,True,or,1.0,0.8933432125920051,0.10665678740799482
-0.17075736859280263,0.2578947368421053,-0.17075736859280263,0.0,-0.5911979382454476,,KBH,190,190,11.986900887396445,False,False,False,False,0,False,1490.4001820871229,3139.8048896723126,-1649.4047075851897,us_stocks,1d,MAXINDEX~CORREL|gate,gross,fixed_combo,24.0,0.0,False,False,True,gate,0.8550912440830533,0.8550912440830533,0.0
-0.17075736859280263,0.2578947368421053,-0.17075736859280263,0.0,-0.5911979382454476,,KBH,190,190,11.986900887396445,False,False,False,False,0,False,1490.4001820871229,3139.8048896723126,-1649.4047075851897,us_stocks,1d,MAXINDEX~HT_DCPHASE|gate,gross,fixed_combo,24.0,0.0,False,False,True,gate,0.8550912440830533,0.8550912440830533,0.0
-0.17075736859280263,0.2578947368421053,-0.17075736859280263,0.0,-0.5911979382454476,,KBH,190,190,11.986900887396445,False,False,False,False,0,False,1490.4001820871229,3139.8048896723126,-1649.4047075851897,us_stocks,1d,MAXINDEX~HT_PHASOR|gate,gross,fixed_combo,24.0,0.0,False,False,True,gate,0.8550912440830533,0.8550912440830533,0.0
-0.17646107232546882,0.24210526315789474,-0.17646107232546882,0.0,-0.6109453606548209,,PHM,190,190,11.986900887396445,False,False,False,False,0,False,478.49336508150566,3139.8048896723126,-2661.311524590807,us_stocks,1d,CDLDOJI~CDLLONGLEGGEDDOJI|and,gross,fixed_combo,24.0,0.0,False,False,True,and,0.5886840399836366,0.5886840399836366,0.0
-0.17646107232546882,0.24210526315789474,-0.17646107232546882,0.0,-0.6109453606548209,,PHM,190,190,11.986900887396445,False,False,False,False,0,False,478.49336508150566,3139.8048896723126,-2661.311524590807,us_stocks,1d,CDLDOJI~CDLLONGLEGGEDDOJI|gate,gross,fixed_combo,24.0,0.0,False,False,True,gate,0.5886840399836366,0.5886840399836366,0.0
-0.17646107232546882,0.24210526315789474,-0.17646107232546882,0.0,-0.6109453606548209,,PHM,190,190,11.986900887396445,False,False,False,False,0,False,478.49336508150566,3139.8048896723126,-2661.311524590807,us_stocks,1d,CDLLONGLEGGEDDOJI~CDLDOJI|gate,gross,fixed_combo,24.0,0.0,False,False,True,gate,0.5886840399836366,0.5886840399836366,0.0
-0.17646107232546882,0.24210526315789474,-0.17646107232546882,0.0,-0.6109453606548209,,PHM,190,190,11.986900887396445,False,False,False,False,0,False,478.49336508150566,3139.8048896723126,-2661.311524590807,us_stocks,1d,CDLLONGLEGGEDDOJI~CORREL|gate,gross,fixed_combo,24.0,0.0,False,False,True,gate,0.5886840399836366,0.5886840399836366,0.0
-0.17646107232546882,0.24210526315789474,-0.17646107232546882,0.0,-0.6109453606548209,,PHM,190,190,11.986900887396445,False,False,False,False,0,False,478.49336508150566,3139.8048896723126,-2661.311524590807,us_stocks,1d,CDLLONGLEGGEDDOJI~HT_DCPHASE|gate,gross,fixed_combo,24.0,0.0,False,False,True,gate,0.5886840399836366,0.5886840399836366,0.0
-0.17646107232546882,0.24210526315789474,-0.17646107232546882,0.0,-0.6109453606548209,,PHM,190,190,11.986900887396445,False,False,False,False,0,False,478.49336508150566,3139.8048896723126,-2661.311524590807,us_stocks,1d,CDLLONGLEGGEDDOJI~HT_PHASOR|gate,gross,fixed_combo,24.0,0.0,False,False,True,gate,0.5886840399836366,0.5886840399836366,0.0
-0.17661415287492085,0.25263157894736843,-0.17661415287492085,0.0,-0.6114753577259127,,PHM,190,190,11.986900887396445,False,False,False,False,0,False,339.3416111152835,3139.8048896723126,-2800.4632785570293,us_stocks,1d,MININDEX~HT_PHASOR|vote,gross,fixed_combo,24.0,0.0,False,False,True,vote,0.5839076772969067,0.5222008154697935,0.06170686182711325
-0.17669221914906158,0.24736842105263157,-0.17669221914906158,0.0,-0.6117456395925099,,PHM,190,190,11.986900887396445,False,False,False,False,0,False,476.83005575858346,3139.8048896723126,-2662.974833913729,us_stocks,1d,CDLDOJI~CDLLONGLEGGEDDOJI|or,gross,fixed_combo,24.0,0.0,False,False,True,or,0.5887652663157692,0.5887652663157692,0.0
-0.17669221914906158,0.24736842105263157,-0.17669221914906158,0.0,-0.6117456395925099,,PHM,190,190,11.986900887396445,False,False,False,False,0,False,476.83005575858346,3139.8048896723126,-2662.974833913729,us_stocks,1d,CDLDOJI~CDLLONGLEGGEDDOJI|vote,gross,fixed_combo,24.0,0.0,False,False,True,vote,0.5887652663157692,0.5887652663157692,0.0
-0.17669221914906158,0.24736842105263157,-0.17669221914906158,0.0,-0.6117456395925099,,PHM,190,190,11.986900887396445,False,False,False,False,0,False,476.83005575858346,3139.8048896723126,-2662.974833913729,us_stocks,1d,CDLDOJI~CORREL|gate,gross,fixed_combo,24.0,0.0,False,False,True,gate,0.5887652663157692,0.5887652663157692,0.0
-0.17669221914906158,0.24736842105263157,-0.17669221914906158,0.0,-0.6117456395925099,,PHM,190,190,11.986900887396445,False,False,False,False,0,False,476.83005575858346,3139.8048896723126,-2662.974833913729,us_stocks,1d,CDLDOJI~HT_DCPHASE|gate,gross,fixed_combo,24.0,0.0,False,False,True,gate,0.5887652663157692,0.5887652663157692,0.0
-0.17669221914906158,0.24736842105263157,-0.17669221914906158,0.0,-0.6117456395925099,,PHM,190,190,11.986900887396445,False,False,False,False,0,False,476.83005575858346,3139.8048896723126,-2662.974833913729,us_stocks,1d,CDLDOJI~HT_PHASOR|gate,gross,fixed_combo,24.0,0.0,False,False,True,gate,0.5887652663157692,0.5887652663157692,0.0
-0.178737741317705,0.23684210526315788,-0.178737741317705,0.0,-0.6188276677281223,,PHM,190,190,11.986900887396445,False,False,False,False,0,False,331.903962121196,3139.8048896723126,-2807.9009275511166,us_stocks,1d,HT_TRENDMODE~HT_PHASOR|vote,gross,fixed_combo,24.0,0.0,False,False,True,vote,0.6226067855008773,0.5222008154697935,0.10040597003108385
-0.1834137707320179,0.24736842105263157,-0.18341377073201787,0.0,-0.6350170654197037,,PHM,190,190,11.986900887396445,False,False,False,False,0,False,52.3882104698002,3139.8048896723126,-3087.4166792025126,us_stocks,1d,HT_PHASOR~CDLDOJI|or,gross,fixed_combo,24.0,0.0,False,False,True,or,1.0,0.5222008154697935,0.47779918453020653
-0.1834137707320179,0.24736842105263157,-0.18341377073201787,0.0,-0.6350170654197037,,PHM,190,190,11.986900887396445,False,False,False,False,0,False,52.3882104698002,3139.8048896723126,-3087.4166792025126,us_stocks,1d,HT_PHASOR~CDLLONGLEGGEDDOJI|or,gross,fixed_combo,24.0,0.0,False,False,True,or,1.0,0.5222008154697935,0.47779918453020653
-0.1834137707320179,0.24736842105263157,-0.18341377073201787,0.0,-0.6350170654197037,,PHM,190,190,11.986900887396445,False,False,False,False,0,False,52.3882104698002,3139.8048896723126,-3087.4166792025126,us_stocks,1d,HT_PHASOR~CORREL|gate,gross,fixed_combo,24.0,0.0,False,False,True,gate,1.0,0.5222008154697935,0.47779918453020653
-0.1834137707320179,0.24736842105263157,-0.18341377073201787,0.0,-0.6350170654197037,,PHM,190,190,11.986900887396445,False,False,False,False,0,False,52.3882104698002,3139.8048896723126,-3087.4166792025126,us_stocks,1d,HT_PHASOR~CORREL|or,gross,fixed_combo,24.0,0.0,False,False,True,or,1.0,0.5222008154697935,0.47779918453020653
-0.1834137707320179,0.24736842105263157,-0.18341377073201787,0.0,-0.6350170654197037,,PHM,190,190,11.986900887396445,False,False,False,False,0,False,52.3882104698002,3139.8048896723126,-3087.4166792025126,us_stocks,1d,HT_PHASOR~HT_DCPHASE|gate,gross,fixed_combo,24.0,0.0,False,False,True,gate,1.0,0.5222008154697935,0.47779918453020653
-0.1834137707320179,0.24736842105263157,-0.18341377073201787,0.0,-0.6350170654197037,,PHM,190,190,11.986900887396445,False,False,False,False,0,False,52.3882104698002,3139.8048896723126,-3087.4166792025126,us_stocks,1d,HT_PHASOR~HT_DCPHASE|or,gross,fixed_combo,24.0,0.0,False,False,True,or,1.0,0.5222008154697935,0.47779918453020653
-0.1865213754515294,0.23157894736842105,-0.1865213754515294,0.0,-0.6457762468137327,,NCLH,190,190,11.986900887396445,False,False,False,False,0,False,197.75898994952524,3139.8048896723126,-2942.0458997227875,us_stocks,1d,HT_TRENDMODE~CORREL|vote,gross,fixed_combo,24.0,0.0,False,False,True,vote,0.644324634945059,0.5250619433016007,0.11926269164345817
-0.19083259580056905,0.24736842105263157,-0.19083259580056905,0.0,-0.6607025987637445,,KBH,190,190,11.986900887396445,False,False,False,False,0,False,299.91359154296134,3139.8048896723126,-2839.891298129351,us_stocks,1d,MAXINDEX~HT_PHASOR|vote,gross,fixed_combo,24.0,0.0,False,False,True,vote,0.6037776423705896,0.5222008154697935,0.08157682690079615
-0.19186352395301345,0.20526315789473684,-0.19186352395301345,0.0,-0.6642718889397821,,PHM,190,190,11.986900887396445,False,False,False,False,0,False,83.85110116633417,3139.8048896723126,-3055.9537885059785,us_stocks,1d,HT_PHASOR~MAXINDEX|gate,gross,fixed_combo,24.0,0.0,False,False,True,gate,0.8550912440830533,0.45886888645364293,0.3962223576294104
-0.20172001124746086,0.21578947368421053,-0.20172001124746086,0.0,-0.6983971218058111,,PHM,190,190,11.986900887396445,False,False,False,False,0,False,62.31355720421497,3139.8048896723126,-3077.4913324680974,us_stocks,1d,HT_PHASOR~HT_TRENDMODE|gate,gross,fixed_combo,24.0,0.0,False,False,True,gate,0.7996980999412081,0.4223048854420854,0.3773932144991226
-0.20458954685081618,0.21578947368421053,-0.20458954685081618,0.0,-0.7083320578288126,,NCLH,190,190,11.986900887396445,False,False,False,False,0,False,14.901635492943113,3139.8048896723126,-3124.9032541793695,us_stocks,1d,CORREL~HT_DCPHASE|gate,gross,fixed_combo,24.0,0.0,False,False,True,gate,1.0,0.5250619433016007,0.47493805669839917
-0.20458954685081618,0.21578947368421053,-0.20458954685081618,0.0,-0.7083320578288126,,NCLH,190,190,11.986900887396445,False,False,False,False,0,False,14.901635492943113,3139.8048896723126,-3124.9032541793695,us_stocks,1d,CORREL~HT_PHASOR|gate,gross,fixed_combo,24.0,0.0,False,False,True,gate,1.0,0.5250619433016007,0.47493805669839917
-0.20758983223297722,0.23684210526315788,-0.20758983223297722,0.0,-0.718719677096426,,NCLH,190,190,11.986900887396445,False,False,False,False,0,False,230.88228304687456,3139.8048896723126,-2908.922606625438,us_stocks,1d,MAXINDEX~CORREL|vote,gross,fixed_combo,24.0,0.0,False,False,True,vote,0.6055272098223327,0.5250619433016007,0.08046526652073192
-0.21357361400040742,0.22631578947368422,-0.2135736140004074,0.0,-0.739436788591927,,NCLH,190,190,11.986900887396445,False,False,False,False,0,False,222.2328493248594,3139.8048896723126,-2917.5720403474534,us_stocks,1d,MININDEX~CORREL|vote,gross,fixed_combo,24.0,0.0,False,False,True,vote,0.5733708309370786,0.5250619433016007,0.048308887635477804
-0.2144134788492237,0.19473684210526315,-0.2144134788492237,0.0,-0.7423445774101598,,PHM,190,190,11.986900887396445,False,False,False,False,0,False,351.7053328541515,3139.8048896723126,-2788.099556818161,us_stocks,1d,MAXINDEX~HT_PHASOR|and,gross,fixed_combo,24.0,0.0,False,False,True,and,0.45886888645364293,0.45886888645364293,0.0
-0.2151828305504108,0.2,-0.2151828305504108,0.0,-0.7450082348749926,,NCLH,190,190,11.986900887396445,False,False,False,False,0,False,10.251612598337735,3139.8048896723126,-3129.5532770739746,us_stocks,1d,CORREL~MAXINDEX|gate,gross,fixed_combo,24.0,0.0,False,False,True,gate,0.8550912440830533,0.460618453905386,0.39447279017766734
-0.21665165229756067,0.22105263157894736,-0.21665165229756067,0.0,-0.7500936048108332,,ATI,190,190,11.986900887396445,False,False,False,False,0,False,1380.0358825710377,3139.8048896723126,-1759.7690071012748,us_stocks,1d,MININDEX~CORREL|gate,gross,fixed_combo,24.0,0.0,False,False,True,gate,0.8513880900511418,0.8513880900511418,0.0
-0.21665165229756067,0.22105263157894736,-0.21665165229756067,0.0,-0.7500936048108332,,ATI,190,190,11.986900887396445,False,False,False,False,0,False,1380.0358825710377,3139.8048896723126,-1759.7690071012748,us_stocks,1d,MININDEX~HT_DCPHASE|gate,gross,fixed_combo,24.0,0.0,False,False,True,gate,0.8513880900511418,0.8513880900511418,0.0
-0.21665165229756067,0.22105263157894736,-0.21665165229756067,0.0,-0.7500936048108332,,ATI,190,190,11.986900887396445,False,False,False,False,0,False,1380.0358825710377,3139.8048896723126,-1759.7690071012748,us_stocks,1d,MININDEX~HT_PHASOR|gate,gross,fixed_combo,24.0,0.0,False,False,True,gate,0.8513880900511418,0.8513880900511418,0.0
-0.21743270544138105,0.18947368421052632,-0.21743270544138105,0.0,-0.7527977751321027,,PHM,190,190,11.986900887396445,False,False,False,False,0,False,260.25093957152086,3139.8048896723126,-2879.5539501007916,us_stocks,1d,CDLLONGLEGGEDDOJI~MAXINDEX|gate,gross,fixed_combo,24.0,0.0,False,False,True,gate,0.5032635231426158,0.5032635231426158,0.0
-0.21743270544138105,0.18947368421052632,-0.21743270544138105,0.0,-0.7527977751321027,,PHM,190,190,11.986900887396445,False,False,False,False,0,False,260.25093957152086,3139.8048896723126,-2879.5539501007916,us_stocks,1d,MAXINDEX~CDLLONGLEGGEDDOJI|and,gross,fixed_combo,24.0,0.0,False,False,True,and,0.5032635231426158,0.5032635231426158,0.0
-0.21743270544138105,0.18947368421052632,-0.21743270544138105,0.0,-0.7527977751321027,,PHM,190,190,11.986900887396445,False,False,False,False,0,False,260.25093957152086,3139.8048896723126,-2879.5539501007916,us_stocks,1d,MAXINDEX~CDLLONGLEGGEDDOJI|gate,gross,fixed_combo,24.0,0.0,False,False,True,gate,0.5032635231426158,0.5032635231426158,0.0
-0.21764941403457735,0.18947368421052632,-0.21764941403457735,0.0,-0.7535480658782856,,PHM,190,190,11.986900887396445,False,False,False,False,0,False,259.01177562306515,3139.8048896723126,-2880.7931140492474,us_stocks,1d,CDLDOJI~MAXINDEX|gate,gross,fixed_combo,24.0,0.0,False,False,True,gate,0.5033372589634804,0.5033372589634804,0.0
-0.21764941403457735,0.18947368421052632,-0.21764941403457735,0.0,-0.7535480658782856,,PHM,190,190,11.986900887396445,False,False,False,False,0,False,259.01177562306515,3139.8048896723126,-2880.7931140492474,us_stocks,1d,MAXINDEX~CDLDOJI|and,gross,fixed_combo,24.0,0.0,False,False,True,and,0.5033372589634804,0.5033372589634804,0.0
-0.21764941403457735,0.18947368421052632,-0.21764941403457735,0.0,-0.7535480658782856,,PHM,190,190,11.986900887396445,False,False,False,False,0,False,259.01177562306515,3139.8048896723126,-2880.7931140492474,us_stocks,1d,MAXINDEX~CDLDOJI|gate,gross,fixed_combo,24.0,0.0,False,False,True,gate,0.5033372589634804,0.5033372589634804,0.0
-0.21888456451082652,0.21052631578947367,-0.21888456451082658,0.0,-0.757824416708701,,NCLH,190,190,11.986900887396445,False,False,False,False,0,False,13.293741393917339,3139.8048896723126,-3126.5111482783955,us_stocks,1d,CORREL~MININDEX|gate,gross,fixed_combo,24.0,0.0,False,False,True,gate,0.8513880900511418,0.4247589209882205,0.42662916906292137
-0.22063681098818613,0.2,-0.2206368109881862,0.0,-0.7638910626944633,,PHM,190,190,11.986900887396445,False,False,False,False,0,False,381.54301973314205,3139.8048896723126,-2758.2618699391705,us_stocks,1d,HT_TRENDMODE~HT_PHASOR|and,gross,fixed_combo,24.0,0.0,False,False,True,and,0.4223048854420854,0.4223048854420854,0.0
-0.22191231077521176,0.22105263157894736,-0.2219123107752118,0.0,-0.7683071113284773,,PHM,190,190,11.986900887396445,False,False,False,False,0,False,30.857744248837083,3139.8048896723126,-3108.9471454234754,us_stocks,1d,HT_PHASOR~MININDEX|gate,gross,fixed_combo,24.0,0.0,False,False,True,gate,0.8513880900511418,0.4352957673480486,0.41609232270309326
-0.22372404415494979,0.22105263157894736,-0.22372404415494979,0.0,-0.7745797134866058,,KBH,190,190,11.986900887396445,False,False,False,False,0,False,40.924921914078276,3139.8048896723126,-3098.879967758234,us_stocks,1d,HT_PHASOR~CDLDOJI|gate,gross,fixed_combo,24.0,0.0,False,False,True,gate,0.5887652663157692,0.3077338602971878,0.2810314060185814
-0.22379047224207407,0.22105263157894736,-0.22379047224207407,0.0,-0.7748097015010214,,KBH,190,190,11.986900887396445,False,False,False,False,0,False,41.28302435072571,3139.8048896723126,-3098.521865321587,us_stocks,1d,HT_PHASOR~CDLLONGLEGGEDDOJI|gate,gross,fixed_combo,24.0,0.0,False,False,True,gate,0.5886840399836366,0.3076984938526485,0.2809855461309881
-0.22724817841985828,0.22105263157894736,-0.2272481784198583,0.0,-0.7867810078066324,,KBH,190,190,11.986900887396445,False,False,False,False,0,False,58.77462837146044,3139.8048896723126,-3081.030261300852,us_stocks,1d,HT_PHASOR~CORREL|and,gross,fixed_combo,24.0,0.0,False,False,True,and,0.5280772263229327,0.2876699925471635,0.24040723377576925
-0.22724817841985828,0.22105263157894736,-0.2272481784198583,0.0,-0.7867810078066324,,KBH,190,190,11.986900887396445,False,False,False,False,0,False,58.77462837146044,3139.8048896723126,-3081.030261300852,us_stocks,1d,HT_PHASOR~CORREL|vote,gross,fixed_combo,24.0,0.0,False,False,True,vote,0.5280772263229327,0.2876699925471635,0.24040723377576925
-0.22821032053044968,0.24210526315789474,-0.22821032053044965,0.0,-0.7901121462328586,,NCLH,190,190,11.986900887396445,False,False,False,False,0,False,16.40282202466369,3139.8048896723126,-3123.402067647649,us_stocks,1d,CORREL~HT_TRENDMODE|gate,gross,fixed_combo,24.0,0.0,False,False,True,gate,0.7996980999412081,0.4440227348862671,0.355675365054941
-0.2310801070019721,0.23684210526315788,-0.2310801070019721,0.0,-0.8000479508142384,,PHM,190,190,11.986900887396445,False,False,False,False,0,False,573.4389198680138,3139.8048896723126,-2566.365969804299,us_stocks,1d,HT_TRENDMODE~MININDEX|and,gross,fixed_combo,24.0,0.0,False,False,True,and,0.6825036836155948,0.6825036836155948,0.0
-0.2310801070019721,0.23684210526315788,-0.2310801070019721,0.0,-0.8000479508142384,,PHM,190,190,11.986900887396445,False,False,False,False,0,False,573.4389198680138,3139.8048896723126,-2566.365969804299,us_stocks,1d,HT_TRENDMODE~MININDEX|gate,gross,fixed_combo,24.0,0.0,False,False,True,gate,0.6825036836155948,0.6825036836155948,0.0
-0.2310801070019721,0.23684210526315788,-0.2310801070019721,0.0,-0.8000479508142384,,PHM,190,190,11.986900887396445,False,False,False,False,0,False,573.4389198680138,3139.8048896723126,-2566.365969804299,us_stocks,1d,MININDEX~HT_TRENDMODE|gate,gross,fixed_combo,24.0,0.0,False,False,True,gate,0.6825036836155948,0.6825036836155948,0.0
-0.2322379574797747,0.15789473684210525,-0.23223795747977471,0.0,-0.8040566727857379,,PHM,190,190,11.986900887396445,False,False,False,False,0,False,160.55390723422806,3139.8048896723126,-2979.2509824380845,us_stocks,1d,HT_PHASOR~CDLDOJI|and,gross,fixed_combo,24.0,0.0,False,False,True,and,0.3077338602971878,0.3077338602971878,0.0
-0.23227374513859683,0.15789473684210525,-0.23227374513859686,0.0,-0.8041805771904769,,PHM,190,190,11.986900887396445,False,False,False,False,0,False,161.79956562823688,3139.8048896723126,-2978.0053240440757,us_stocks,1d,HT_PHASOR~CDLLONGLEGGEDDOJI|and,gross,fixed_combo,24.0,0.0,False,False,True,and,0.3076984938526485,0.3076984938526485,0.0
-0.23252581506161213,0.18947368421052632,-0.23252581506161213,0.0,-0.8050532963006881,,PHM,190,190,11.986900887396445,False,False,False,False,0,False,255.6408876212097,3139.8048896723126,-2884.1640020511027,us_stocks,1d,CDLLONGLEGGEDDOJI~MININDEX|gate,gross,fixed_combo,24.0,0.0,False,False,True,gate,0.4994965071260337,0.4994965071260337,0.0
-0.23252581506161213,0.18947368421052632,-0.23252581506161213,0.0,-0.8050532963006881,,PHM,190,190,11.986900887396445,False,False,False,False,0,False,255.6408876212097,3139.8048896723126,-2884.1640020511027,us_stocks,1d,MININDEX~CDLLONGLEGGEDDOJI|and,gross,fixed_combo,24.0,0.0,False,False,True,and,0.4994965071260337,0.4994965071260337,0.0
-0.23252581506161213,0.18947368421052632,-0.23252581506161213,0.0,-0.8050532963006881,,PHM,190,190,11.986900887396445,False,False,False,False,0,False,255.6408876212097,3139.8048896723126,-2884.1640020511027,us_stocks,1d,MININDEX~CDLLONGLEGGEDDOJI|gate,gross,fixed_combo,24.0,0.0,False,False,True,gate,0.4994965071260337,0.4994965071260337,0.0
-0.23272304561715396,0.18947368421052632,-0.23272304561715396,0.0,-0.8057361499822379,,PHM,190,190,11.986900887396445,False,False,False,False,0,False,254.1222230722466,3139.8048896723126,-2885.682666600066,us_stocks,1d,CDLDOJI~MININDEX|gate,gross,fixed_combo,24.0,0.0,False,False,True,gate,0.49956029885352515,0.49956029885352515,0.0
-0.23272304561715396,0.18947368421052632,-0.23272304561715396,0.0,-0.8057361499822379,,PHM,190,190,11.986900887396445,False,False,False,False,0,False,254.1222230722466,3139.8048896723126,-2885.682666600066,us_stocks,1d,MININDEX~CDLDOJI|and,gross,fixed_combo,24.0,0.0,False,False,True,and,0.49956029885352515,0.49956029885352515,0.0
-0.23272304561715396,0.18947368421052632,-0.23272304561715396,0.0,-0.8057361499822379,,PHM,190,190,11.986900887396445,False,False,False,False,0,False,254.1222230722466,3139.8048896723126,-2885.682666600066,us_stocks,1d,MININDEX~CDLDOJI|gate,gross,fixed_combo,24.0,0.0,False,False,True,gate,0.49956029885352515,0.49956029885352515,0.0
-0.2355646052339439,0.2,-0.23556460523394385,0.0,-0.815574227253467,,MRNA,190,190,11.986900887396445,False,False,False,False,0,False,222.2201844097682,3139.8048896723126,-2917.5847052625445,us_stocks,1d,MAXINDEX~CORREL|and,gross,fixed_combo,24.0,0.0,False,False,True,and,0.460618453905386,0.460618453905386,0.0
-0.23833335575057968,0.18947368421052632,-0.2383333557505797,0.0,-0.8251602241005751,,PHM,190,190,11.986900887396445,False,False,False,False,0,False,240.6532378731637,3139.8048896723126,-2899.151651799149,us_stocks,1d,CDLLONGLEGGEDDOJI~HT_TRENDMODE|gate,gross,fixed_combo,24.0,0.0,False,False,True,gate,0.46780308199109816,0.46780308199109816,0.0
-0.23833335575057968,0.18947368421052632,-0.2383333557505797,0.0,-0.8251602241005751,,PHM,190,190,11.986900887396445,False,False,False,False,0,False,240.6532378731637,3139.8048896723126,-2899.151651799149,us_stocks,1d,HT_TRENDMODE~CDLLONGLEGGEDDOJI|and,gross,fixed_combo,24.0,0.0,False,False,True,and,0.46780308199109816,0.46780308199109816,0.0
-0.23833335575057968,0.18947368421052632,-0.2383333557505797,0.0,-0.8251602241005751,,PHM,190,190,11.986900887396445,False,False,False,False,0,False,240.6532378731637,3139.8048896723126,-2899.151651799149,us_stocks,1d,HT_TRENDMODE~CDLLONGLEGGEDDOJI|gate,gross,fixed_combo,24.0,0.0,False,False,True,gate,0.46780308199109816,0.46780308199109816,0.0
-0.23851881017431598,0.18947368421052632,-0.23851881017431598,0.0,-0.8258023063360589,,PHM,190,190,11.986900887396445,False,False,False,False,0,False,239.2931521982387,3139.8048896723126,-2900.511737474074,us_stocks,1d,CDLDOJI~HT_TRENDMODE|gate,gross,fixed_combo,24.0,0.0,False,False,True,gate,0.4678747975977205,0.4678747975977205,0.0
-0.23851881017431598,0.18947368421052632,-0.23851881017431598,0.0,-0.8258023063360589,,PHM,190,190,11.986900887396445,False,False,False,False,0,False,239.2931521982387,3139.8048896723126,-2900.511737474074,us_stocks,1d,HT_TRENDMODE~CDLDOJI|and,gross,fixed_combo,24.0,0.0,False,False,True,and,0.4678747975977205,0.4678747975977205,0.0
-0.23851881017431598,0.18947368421052632,-0.23851881017431598,0.0,-0.8258023063360589,,PHM,190,190,11.986900887396445,False,False,False,False,0,False,239.2931521982387,3139.8048896723126,-2900.511737474074,us_stocks,1d,HT_TRENDMODE~CDLDOJI|gate,gross,fixed_combo,24.0,0.0,False,False,True,gate,0.4678747975977205,0.4678747975977205,0.0
-0.23983850953623295,0.2,-0.239838509536233,0.0,-0.8303713831981512,,KBH,190,190,11.986900887396445,False,False,False,False,0,False,670.2751688415519,3139.8048896723126,-2469.5297208307607,us_stocks,1d,HT_TRENDMODE~MAXINDEX|gate,gross,fixed_combo,24.0,0.0,False,False,True,gate,0.692779218027313,0.692779218027313,0.0
-0.23983850953623295,0.2,-0.239838509536233,0.0,-0.8303713831981512,,KBH,190,190,11.986900887396445,False,False,False,False,0,False,670.2751688415519,3139.8048896723126,-2469.5297208307607,us_stocks,1d,MAXINDEX~HT_TRENDMODE|and,gross,fixed_combo,24.0,0.0,False,False,True,and,0.692779218027313,0.692779218027313,0.0
-0.23983850953623295,0.2,-0.239838509536233,0.0,-0.8303713831981512,,KBH,190,190,11.986900887396445,False,False,False,False,0,False,670.2751688415519,3139.8048896723126,-2469.5297208307607,us_stocks,1d,MAXINDEX~HT_TRENDMODE|gate,gross,fixed_combo,24.0,0.0,False,False,True,gate,0.692779218027313,0.692779218027313,0.0
-0.24192258159116695,0.21578947368421053,-0.24192258159116695,0.0,-0.8375868791511842,,NCLH,190,190,11.986900887396445,False,False,False,False,0,False,206.33419564617944,3139.8048896723126,-2933.470694026133,us_stocks,1d,HT_TRENDMODE~CORREL|and,gross,fixed_combo,24.0,0.0,False,False,True,and,0.4440227348862671,0.4440227348862671,0.0
-0.24796707332934056,0.2,-0.2479670733293406,0.0,-0.8585141813390706,,MRNA,190,190,11.986900887396445,False,False,False,False,0,False,201.6336631828157,3139.8048896723126,-2938.171226489497,us_stocks,1d,MININDEX~CORREL|and,gross,fixed_combo,24.0,0.0,False,False,True,and,0.4247589209882205,0.4247589209882205,0.0
-0.2504066065501795,0.17894736842105263,-0.2504066065501795,0.0,-0.8669603586392169,,PHM,190,190,11.986900887396445,False,False,False,False,0,False,250.01780414968172,3139.8048896723126,-2889.787085522631,us_stocks,1d,MININDEX~HT_PHASOR|and,gross,fixed_combo,24.0,0.0,False,False,True,and,0.4352957673480486,0.4352957673480486,0.0
-0.2508007115409231,0.21052631578947367,-0.2508007115409231,0.0,-0.8683248330387696,,THC,190,190,11.986900887396445,False,False,False,False,0,False,163.14494153277175,3139.8048896723126,-2976.659948139541,us_stocks,1d,CDLLONGLEGGEDDOJI~HT_DCPHASE|vote,gross,fixed_combo,24.0,0.0,False,False,True,vote,0.7590603746487949,0.5903722762273085,0.16868809842148638
-0.25095943595671605,0.21578947368421053,-0.25095943595671605,0.0,-0.8688743703626305,,THC,190,190,11.986900887396445,False,False,False,False,0,False,163.73783429299215,3139.8048896723126,-2976.0670553793207,us_stocks,1d,CDLDOJI~HT_DCPHASE|vote,gross,fixed_combo,24.0,0.0,False,False,True,vote,0.7590314236191692,0.5903722762273085,0.16865914739186064
-0.259575728457454,0.1736842105263158,-0.259575728457454,0.0,-0.8987057879098479,,KBH,190,190,11.986900887396445,False,False,False,False,0,False,50.331582285745064,3139.8048896723126,-3089.4733073865677,us_stocks,1d,HT_PHASOR~HT_DCPHASE|and,gross,fixed_combo,24.0,0.0,False,False,True,and,0.6077839822332566,0.3601785369651793,0.2476054452680773
-0.259575728457454,0.1736842105263158,-0.259575728457454,0.0,-0.8987057879098479,,KBH,190,190,11.986900887396445,False,False,False,False,0,False,50.331582285745064,3139.8048896723126,-3089.4733073865677,us_stocks,1d,HT_PHASOR~HT_DCPHASE|vote,gross,fixed_combo,24.0,0.0,False,False,True,vote,0.6077839822332566,0.3601785369651793,0.2476054452680773
-0.259718710383464,0.17894736842105263,-0.259718710383464,0.0,-0.8992008214217839,,CPRI,190,190,11.986900887396445,False,False,False,False,0,False,304.6099426583828,3139.8048896723126,-2835.19494701393,us_stocks,1d,HT_TRENDMODE~HT_DCPHASE|vote,gross,fixed_combo,24.0,0.0,False,False,True,vote,0.6730429164426643,0.5903722762273085,0.08267064021535585
-0.26933144314273966,0.1368421052631579,-0.26933144314273966,0.0,-0.932482124799914,,KBH,190,190,11.986900887396445,False,False,False,False,0,False,708.5826533145766,3139.8048896723126,-2431.2222363577357,us_stocks,1d,MAXINDEX~MININDEX|and,gross,fixed_combo,24.0,0.0,False,False,True,and,0.7110091531681064,0.7110091531681064,0.0
-0.26933144314273966,0.1368421052631579,-0.26933144314273966,0.0,-0.932482124799914,,KBH,190,190,11.986900887396445,False,False,False,False,0,False,708.5826533145766,3139.8048896723126,-2431.2222363577357,us_stocks,1d,MAXINDEX~MININDEX|gate,gross,fixed_combo,24.0,0.0,False,False,True,gate,0.7110091531681064,0.7110091531681064,0.0
-0.26933144314273966,0.1368421052631579,-0.26933144314273966,0.0,-0.932482124799914,,KBH,190,190,11.986900887396445,False,False,False,False,0,False,708.5826533145766,3139.8048896723126,-2431.2222363577357,us_stocks,1d,MININDEX~MAXINDEX|gate,gross,fixed_combo,24.0,0.0,False,False,True,gate,0.7110091531681064,0.7110091531681064,0.0
-0.27120857947443433,0.18947368421052632,-0.2712085794744344,0.0,-0.9389811657388143,,MRNA,190,190,11.986900887396445,False,False,False,False,0,False,191.11164314365783,3139.8048896723126,-2948.6932465286545,us_stocks,1d,MAXINDEX~HT_DCPHASE|vote,gross,fixed_combo,24.0,0.0,False,False,True,vote,0.6970290636353033,0.5903722762273085,0.10665678740799482
-0.27205905585880025,0.15263157894736842,-0.27205905585880025,0.0,-0.9419256939258385,,THC,190,190,11.986900887396445,False,False,False,False,0,False,56.53183564991942,3139.8048896723126,-3083.2730540223934,us_stocks,1d,HT_DCPHASE~MAXINDEX|gate,gross,fixed_combo,24.0,0.0,False,False,True,gate,0.8550912440830533,0.5521203077183566,0.30297093636469663
-0.2741940735260763,0.15789473684210525,-0.2741940735260763,0.0,-0.9493175743080031,,THC,190,190,11.986900887396445,False,False,False,False,0,False,397.2773829067893,3139.8048896723126,-2742.5275067655234,us_stocks,1d,MININDEX~HT_DCPHASE|vote,gross,fixed_combo,24.0,0.0,False,False,True,vote,0.6150446281953197,0.5903722762273085,0.024672351968011156
-0.2797579023467051,0.1736842105263158,-0.2797579023467051,0.0,-0.9685807203415442,,THC,190,190,11.986900887396445,False,False,False,False,0,False,15.24738823156767,3139.8048896723126,-3124.557501440745,us_stocks,1d,HT_DCPHASE~CORREL|gate,gross,fixed_combo,24.0,0.0,False,False,True,gate,1.0,0.5903722762273085,0.4096277237726915
-0.2797579023467051,0.1736842105263158,-0.2797579023467051,0.0,-0.9685807203415442,,THC,190,190,11.986900887396445,False,False,False,False,0,False,15.24738823156767,3139.8048896723126,-3124.557501440745,us_stocks,1d,HT_DCPHASE~CORREL|or,gross,fixed_combo,24.0,0.0,False,False,True,or,1.0,0.5903722762273085,0.4096277237726915
-0.2797579023467051,0.1736842105263158,-0.2797579023467051,0.0,-0.9685807203415442,,THC,190,190,11.986900887396445,False,False,False,False,0,False,15.24738823156767,3139.8048896723126,-3124.557501440745,us_stocks,1d,HT_DCPHASE~HT_PHASOR|gate,gross,fixed_combo,24.0,0.0,False,False,True,gate,1.0,0.5903722762273085,0.4096277237726915
-0.2805931903920957,0.14210526315789473,-0.2805931903920957,0.0,-0.9714726633033356,,PHM,190,190,11.986900887396445,False,False,False,False,0,False,137.2953920839836,3139.8048896723126,-3002.509497588329,us_stocks,1d,CDLLONGLEGGEDDOJI~HT_DCPHASE|and,gross,fixed_combo,24.0,0.0,False,False,True,and,0.3477444146324315,0.3477444146324315,0.0
-0.28061074246436346,0.14210526315789473,-0.2806107424643635,0.0,-0.9715334322705677,,PHM,190,190,11.986900887396445,False,False,False,False,0,False,137.51788324957056,3139.8048896723126,-3002.287006422742,us_stocks,1d,CDLDOJI~HT_DCPHASE|and,gross,fixed_combo,24.0,0.0,False,False,True,and,0.34779668993493834,0.34779668993493834,0.0
-0.28238996393607374,0.1736842105263158,-0.28238996393607374,0.0,-0.9776934713624413,,PHM,190,190,11.986900887396445,False,False,False,False,0,False,122.54962900762146,3139.8048896723126,-3017.255260664691,us_stocks,1d,CDLLONGLEGGEDDOJI~CORREL|and,gross,fixed_combo,24.0,0.0,False,False,True,and,0.30852529570021087,0.30852529570021087,0.0
-0.2824909766747553,0.1736842105263158,-0.28249097667475537,0.0,-0.9780431987173263,,PHM,190,190,11.986900887396445,False,False,False,False,0,False,122.55142109848262,3139.8048896723126,-3017.25346857383,us_stocks,1d,CDLDOJI~CORREL|and,gross,fixed_combo,24.0,0.0,False,False,True,and,0.30856423955223566,0.30856423955223566,0.0
-0.28421615932261174,0.16842105263157894,-0.28421615932261174,0.0,-0.9840161440309877,,THC,190,190,11.986900887396445,False,False,False,False,0,False,353.97091309695696,3139.8048896723126,-2785.833976575356,us_stocks,1d,MAXINDEX~HT_DCPHASE|and,gross,fixed_combo,24.0,0.0,False,False,True,and,0.5521203077183566,0.5521203077183566,0.0
-0.28833500701786086,0.16842105263157894,-0.2883350070178608,0.0,-0.9982764613774389,,CPRI,190,190,11.986900887396445,False,False,False,False,0,False,35.9686750350173,3139.8048896723126,-3103.836214637295,us_stocks,1d,HT_DCPHASE~CORREL|and,gross,fixed_combo,24.0,0.0,False,False,True,and,0.5480112763185755,0.3317227479237424,0.21628852839483315
-0.28833500701786086,0.16842105263157894,-0.2883350070178608,0.0,-0.9982764613774389,,CPRI,190,190,11.986900887396445,False,False,False,False,0,False,35.9686750350173,3139.8048896723126,-3103.836214637295,us_stocks,1d,HT_DCPHASE~CORREL|vote,gross,fixed_combo,24.0,0.0,False,False,True,vote,0.5480112763185755,0.3317227479237424,0.21628852839483315
-0.2913341725735974,0.16842105263157894,-0.2913341725735974,0.0,-1.0086602035703538,,MRNA,190,190,11.986900887396445,False,False,False,False,0,False,18.262704236161024,3139.8048896723126,-3121.5421854361516,us_stocks,1d,HT_DCPHASE~CDLDOJI|gate,gross,fixed_combo,24.0,0.0,False,False,True,gate,0.5887652663157692,0.34779668993493834,0.24096857638083086
-0.291459784229413,0.16842105263157894,-0.29145978422941293,0.0,-1.0090950975520878,,MRNA,190,190,11.986900887396445,False,False,False,False,0,False,17.240427041330733,3139.8048896723126,-3122.564462630982,us_stocks,1d,HT_DCPHASE~CDLLONGLEGGEDDOJI|gate,gross,fixed_combo,24.0,0.0,False,False,True,gate,0.5886840399836366,0.3477444146324315,0.2409396253512051
-0.29362695444494574,0.18947368421052632,-0.29362695444494574,0.0,-1.0165982968213692,,PHM,190,190,11.986900887396445,False,False,False,False,0,False,2.6043692521380564,3139.8048896723126,-3137.2005204201746,us_stocks,1d,CORREL~CDLLONGLEGGEDDOJI|gate,gross,fixed_combo,24.0,0.0,False,False,True,gate,0.5886840399836366,0.30852529570021087,0.28015874428342574
-0.29365908639886906,0.18947368421052632,-0.293659086398869,0.0,-1.0167095444065704,,PHM,190,190,11.986900887396445,False,False,False,False,0,False,2.8093207116726733,3139.8048896723126,-3136.99556896064,us_stocks,1d,CORREL~CDLDOJI|gate,gross,fixed_combo,24.0,0.0,False,False,True,gate,0.5887652663157692,0.30856423955223566,0.2802010267635336
-0.30433973974579137,0.1736842105263158,-0.30433973974579137,0.0,-1.0536882135547958,,MRNA,190,190,11.986900887396445,False,False,False,False,0,False,3.0135287955442283,3139.8048896723126,-3136.7913608767685,us_stocks,1d,HT_DCPHASE~HT_TRENDMODE|gate,gross,fixed_combo,24.0,0.0,False,False,True,gate,0.7996980999412081,0.47274101638387245,0.3269570835573356
-0.3120490872309054,0.1736842105263158,-0.3120490872309054,0.0,-1.0803795966323002,,MRNA,190,190,11.986900887396445,False,False,False,False,0,False,212.81333028108156,3139.8048896723126,-2926.991559391231,us_stocks,1d,HT_TRENDMODE~HT_DCPHASE|and,gross,fixed_combo,24.0,0.0,False,False,True,and,0.47274101638387245,0.47274101638387245,0.0
-0.3179740068439517,0.1631578947368421,-0.3179740068439518,0.0,-1.100892914964442,,THC,190,190,11.986900887396445,False,False,False,False,0,False,-15.025619300932647,3139.8048896723126,-3154.8305089732453,us_stocks,1d,HT_DCPHASE~MININDEX|gate,gross,fixed_combo,24.0,0.0,False,False,True,gate,0.8513880900511418,0.46643271824646154,0.3849553718046803
-0.33859019108285615,0.14210526315789473,-0.33859019108285615,0.0,-1.1722704825445172,,CPRI,190,190,11.986900887396445,False,False,False,False,0,False,192.19468171068644,3139.8048896723126,-2947.610207961626,us_stocks,1d,MININDEX~HT_DCPHASE|and,gross,fixed_combo,24.0,0.0,False,False,True,and,0.46643271824646154,0.46643271824646154,0.0
-0.04512238537792447,0.4,0.003702850187678963,0.5085037169871365,-0.15622319214674218,,KBH,190,190,11.986900887396445,False,False,False,False,0,False,2300.5437772097707,3139.8048896723126,-839.2611124625419,us_stocks,1d,MAXINDEX~HT_TRENDMODE|or,pessimistic,fixed_combo,24.0,0.0,False,False,True,or,0.9620101259969484,0.9620101259969484,0.0
-0.04512238537792447,0.4,0.003702850187678963,0.5085037169871365,-0.15622319214674218,,KBH,190,190,11.986900887396445,False,False,False,False,0,False,2300.5437772097707,3139.8048896723126,-839.2611124625419,us_stocks,1d,MAXINDEX~HT_TRENDMODE|vote,pessimistic,fixed_combo,24.0,0.0,False,False,True,vote,0.9620101259969484,0.9620101259969484,0.0
-0.07455357701779208,0.3855421686746988,-0.052535013750221654,0.0,-0.2581201700691917,,CPRI,190,166,11.986900887396445,False,False,False,False,0,False,2925.3492147124985,3139.8048896723126,-214.45567495981413,us_stocks,1d,MAXINDEX~MININDEX|or,pessimistic,fixed_combo,24.0,0.0,False,False,True,or,0.9954701809660886,0.9954701809660886,0.0
-0.07455357701779208,0.3855421686746988,-0.052535013750221654,0.0,-0.2581201700691917,,CPRI,190,166,11.986900887396445,False,False,False,False,0,False,2925.3492147124985,3139.8048896723126,-214.45567495981413,us_stocks,1d,MAXINDEX~MININDEX|vote,pessimistic,fixed_combo,24.0,0.0,False,False,True,vote,0.9954701809660886,0.9954701809660886,0.0
-0.10142373381959842,0.37037037037037035,-0.06724551907671332,0.0,-0.35115030652814255,,ENPH,190,189,11.986900887396445,False,False,False,False,0,False,2967.7424255774736,3139.8048896723126,-172.06246409483902,us_stocks,1d,MININDEX~HT_DCPHASE|or,pessimistic,fixed_combo,24.0,0.0,False,False,True,or,1.0,0.9753276480319888,0.024672351968011156
-0.11037295234206172,0.2736842105263158,-0.04503356966148155,0.0,-0.3821343840118201,,MRNA,190,190,11.986900887396445,False,False,False,False,0,False,282.3181132088812,3139.8048896723126,-2857.4867764634314,us_stocks,1d,CDLLONGLEGGEDDOJI~CORREL|or,pessimistic,fixed_combo,24.0,0.0,False,False,True,or,1.0,0.8052206875850266,0.19477931241497348
-0.11046901272699272,0.2736842105263158,-0.045111115537158575,0.0,-0.3824669652760213,,MRNA,190,190,11.986900887396445,False,False,False,False,0,False,282.46536462068013,3139.8048896723126,-2857.3395250516323,us_stocks,1d,CDLDOJI~CORREL|or,pessimistic,fixed_combo,24.0,0.0,False,False,True,or,1.0,0.8052629700651344,0.1947370299348656
-0.1108686698100572,0.30526315789473685,-0.030983852294021844,0.0,-0.383850662187376,,KBH,190,190,11.986900887396445,False,False,False,False,0,False,1907.1239966262556,3139.8048896723126,-1232.680893046057,us_stocks,1d,HT_TRENDMODE~CDLDOJI|or,pessimistic,fixed_combo,24.0,0.0,False,False,True,or,0.9205885686592569,0.9205885686592569,0.0
-0.1108686698100572,0.30526315789473685,-0.030983852294021844,0.0,-0.383850662187376,,KBH,190,190,11.986900887396445,False,False,False,False,0,False,1907.1239966262556,3139.8048896723126,-1232.680893046057,us_stocks,1d,HT_TRENDMODE~CDLDOJI|vote,pessimistic,fixed_combo,24.0,0.0,False,False,True,vote,0.9205885686592569,0.9205885686592569,0.0
-0.11094663570342424,0.30526315789473685,-0.031050303005391248,0.0,-0.3841205965146141,,KBH,190,190,11.986900887396445,False,False,False,False,0,False,1905.073284618054,3139.8048896723126,-1234.7316050542586,us_stocks,1d,HT_TRENDMODE~CDLLONGLEGGEDDOJI|or,pessimistic,fixed_combo,24.0,0.0,False,False,True,or,0.9205790579337465,0.9205790579337465,0.0
-0.11094663570342424,0.30526315789473685,-0.031050303005391248,0.0,-0.3841205965146141,,KBH,190,190,11.986900887396445,False,False,False,False,0,False,1905.073284618054,3139.8048896723126,-1234.7316050542586,us_stocks,1d,HT_TRENDMODE~CDLLONGLEGGEDDOJI|vote,pessimistic,fixed_combo,24.0,0.0,False,False,True,vote,0.9205790579337465,0.9205790579337465,0.0
-0.14480236495095322,0.3105263157894737,-0.07985726393012547,0.0,-0.5013362545789237,,ABNB,190,190,11.986900887396445,False,False,False,False,0,False,1211.1190379226268,3139.8048896723126,-1928.6858517496858,us_stocks,1d,MININDEX~HT_PHASOR|or,pessimistic,fixed_combo,24.0,0.0,False,False,True,or,1.0,0.9382931381728868,0.06170686182711325
-0.14703526703850936,0.3105263157894737,-0.10850465358727047,0.0,-0.5090670314194541,,MRNA,190,190,11.986900887396445,False,False,False,False,0,False,3166.732068066139,3139.8048896723126,26.92717839382658,us_stocks,1d,MAXINDEX~CDLDOJI|or,pessimistic,fixed_combo,24.0,0.0,False,False,True,or,0.9405192514353421,0.9405192514353421,0.0
-0.14703526703850936,0.3105263157894737,-0.10850465358727047,0.0,-0.5090670314194541,,MRNA,190,190,11.986900887396445,False,False,False,False,0,False,3166.732068066139,3139.8048896723126,26.92717839382658,us_stocks,1d,MAXINDEX~CDLDOJI|vote,pessimistic,fixed_combo,24.0,0.0,False,False,True,vote,0.9405192514353421,0.9405192514353421,0.0
-0.14720667135866417,0.3105263157894737,-0.10868009677886627,0.0,-0.509660469240129,,MRNA,190,190,11.986900887396445,False,False,False,False,0,False,3165.735817423644,3139.8048896723126,25.930927751331637,us_stocks,1d,MAXINDEX~CDLLONGLEGGEDDOJI|or,pessimistic,fixed_combo,24.0,0.0,False,False,True,or,0.9405117609240741,0.9405117609240741,0.0
-0.14720667135866417,0.3105263157894737,-0.10868009677886627,0.0,-0.509660469240129,,MRNA,190,190,11.986900887396445,False,False,False,False,0,False,3165.735817423644,3139.8048896723126,25.930927751331637,us_stocks,1d,MAXINDEX~CDLLONGLEGGEDDOJI|vote,pessimistic,fixed_combo,24.0,0.0,False,False,True,vote,0.9405117609240741,0.9405117609240741,0.0
-0.15484607869243924,0.2736842105263158,-0.11692288885804282,0.0,-0.5361097047979516,,NCLH,190,190,11.986900887396445,False,False,False,False,0,False,1357.573885466967,3139.8048896723126,-1782.2310042053455,us_stocks,1d,MAXINDEX~CORREL|or,pessimistic,fixed_combo,24.0,0.0,False,False,True,or,1.0,0.9195347334792681,0.08046526652073192
-0.15814394077763716,0.30526315789473685,-0.11447247227309076,0.0,-0.5475275972230579,,ATI,190,190,11.986900887396445,False,False,False,False,0,False,2647.271053081085,3139.8048896723126,-492.53383659122755,us_stocks,1d,MININDEX~CDLDOJI|or,pessimistic,fixed_combo,24.0,0.0,False,False,True,or,0.9405930575133861,0.9405930575133861,0.0
-0.15814394077763716,0.30526315789473685,-0.11447247227309076,0.0,-0.5475275972230579,,ATI,190,190,11.986900887396445,False,False,False,False,0,False,2647.271053081085,3139.8048896723126,-492.53383659122755,us_stocks,1d,MININDEX~CDLDOJI|vote,pessimistic,fixed_combo,24.0,0.0,False,False,True,vote,0.9405930575133861,0.9405930575133861,0.0
-0.1582344314649852,0.30526315789473685,-0.11456789092168336,0.0,-0.5478408950223356,,ATI,190,190,11.986900887396445,False,False,False,False,0,False,2647.4023637514183,3139.8048896723126,-492.4025259208943,us_stocks,1d,MININDEX~CDLLONGLEGGEDDOJI|or,pessimistic,fixed_combo,24.0,0.0,False,False,True,or,0.9405756229087447,0.9405756229087447,0.0
-0.1582344314649852,0.30526315789473685,-0.11456789092168336,0.0,-0.5478408950223356,,ATI,190,190,11.986900887396445,False,False,False,False,0,False,2647.4023637514183,3139.8048896723126,-492.4025259208943,us_stocks,1d,MININDEX~CDLLONGLEGGEDDOJI|vote,pessimistic,fixed_combo,24.0,0.0,False,False,True,vote,0.9405756229087447,0.9405756229087447,0.0
-0.16685730109184765,0.24736842105263157,-0.08760843159168333,0.0,-0.5776950839640551,,FIS,190,190,11.986900887396445,False,False,False,False,0,False,777.1704710782452,3139.8048896723126,-2362.6344185940675,us_stocks,1d,HT_TRENDMODE~CORREL|or,pessimistic,fixed_combo,24.0,0.0,False,False,True,or,1.0,0.8807373083565417,0.11926269164345817
-0.17185642975971763,0.2631578947368421,-0.09061914869892765,0.0,-0.5950031192530986,,KBH,190,190,11.986900887396445,False,False,False,False,0,False,1326.1041687174763,3139.8048896723126,-1813.7007209548362,us_stocks,1d,HT_TRENDMODE~HT_DCPHASE|or,pessimistic,fixed_combo,24.0,0.0,False,False,True,or,1.0,0.9173293597846442,0.08267064021535585
-0.17901722912977677,0.24736842105263157,-0.12248596917096274,0.0,-0.6197953133391036,,PHM,190,190,11.986900887396445,False,False,False,False,0,False,956.8198751147231,3139.8048896723126,-2182.9850145575892,us_stocks,1d,IS#1[combo],pessimistic,wf_combo,12.0,8.0,False,False,True,,,,
-0.18644955626318074,0.23684210526315788,-0.15383799146013108,0.0,-0.6455275936725646,,NOC,190,190,11.986900887396445,False,False,False,False,0,False,1565.9364698754207,3139.8048896723126,-1573.8684197968919,us_stocks,1d,MININDEX~CORREL|or,pessimistic,fixed_combo,24.0,0.0,False,False,True,or,1.0,0.9516911123645222,0.048308887635477804
-0.19089579173052038,0.22631578947368422,-0.13292320851066158,0.0,-0.6609213963699656,,KBH,190,190,11.986900887396445,False,False,False,False,0,False,807.1989104258714,3139.8048896723126,-2332.605979246441,us_stocks,1d,MAXINDEX~HT_PHASOR|or,pessimistic,fixed_combo,24.0,0.0,False,False,True,or,1.0,0.9184231730992038,0.08157682690079615
-0.19210765563549248,0.2789473684210526,-0.1486006026160022,0.0,-0.6651171241910125,,ATI,190,190,11.986900887396445,False,False,False,False,0,False,2581.6570625797394,3139.8048896723126,-558.1478270925732,us_stocks,1d,HT_TRENDMODE~MININDEX|or,pessimistic,fixed_combo,24.0,0.0,False,False,True,or,0.9685825063767554,0.9685825063767554,0.0
-0.19210765563549248,0.2789473684210526,-0.1486006026160022,0.0,-0.6651171241910125,,ATI,190,190,11.986900887396445,False,False,False,False,0,False,2581.6570625797394,3139.8048896723126,-558.1478270925732,us_stocks,1d,HT_TRENDMODE~MININDEX|vote,pessimistic,fixed_combo,24.0,0.0,False,False,True,vote,0.9685825063767554,0.9685825063767554,0.0
-0.19376692805314683,0.2578947368421053,-0.08881180428356175,0.0,-0.6708618744198828,,CPRI,190,190,11.986900887396445,False,False,False,False,0,False,737.9501703194616,3139.8048896723126,-2401.854719352851,us_stocks,1d,HT_TRENDMODE~HT_PHASOR|or,pessimistic,fixed_combo,24.0,0.0,False,False,True,or,1.0,0.8995940299689161,0.10040597003108385
-0.19835524160057555,0.22105263157894736,-0.17075736859280263,0.0,-0.6867475813244682,,KBH,190,190,11.986900887396445,False,False,False,False,0,False,1384.1172721801213,3139.8048896723126,-1755.6876174921913,us_stocks,1d,MAXINDEX~CORREL|gate,pessimistic,fixed_combo,24.0,0.0,False,False,True,gate,0.8550912440830533,0.8550912440830533,0.0
-0.19835524160057555,0.22105263157894736,-0.17075736859280263,0.0,-0.6867475813244682,,KBH,190,190,11.986900887396445,False,False,False,False,0,False,1384.1172721801213,3139.8048896723126,-1755.6876174921913,us_stocks,1d,MAXINDEX~HT_DCPHASE|gate,pessimistic,fixed_combo,24.0,0.0,False,False,True,gate,0.8550912440830533,0.8550912440830533,0.0
-0.19835524160057555,0.22105263157894736,-0.17075736859280263,0.0,-0.6867475813244682,,KBH,190,190,11.986900887396445,False,False,False,False,0,False,1384.1172721801213,3139.8048896723126,-1755.6876174921913,us_stocks,1d,MAXINDEX~HT_PHASOR|gate,pessimistic,fixed_combo,24.0,0.0,False,False,True,gate,0.8550912440830533,0.8550912440830533,0.0
-0.2064991684377515,0.20526315789473684,-0.1559139389917075,0.0,-0.7149435695564111,,NCLH,190,190,11.986900887396445,False,False,False,False,0,False,75.06426872881745,3139.8048896723126,-3064.7406209434953,us_stocks,1d,CDLLONGLEGGEDDOJI~CORREL|vote,pessimistic,fixed_combo,24.0,0.0,False,False,True,vote,0.7198412557165743,0.5250619433016007,0.19477931241497348
-0.20655357767586507,0.20526315789473684,-0.15596106362393836,0.0,-0.7151319457867275,,NCLH,190,190,11.986900887396445,False,False,False,False,0,False,75.14032206565791,3139.8048896723126,-3064.6645676066546,us_stocks,1d,CDLDOJI~CORREL|vote,pessimistic,fixed_combo,24.0,0.0,False,False,True,vote,0.7197989732364665,0.5250619433016007,0.1947370299348656
-0.20851796962786578,0.23684210526315788,-0.1706222460780572,0.0,-0.7219330840421322,,MRNA,190,190,11.986900887396445,False,False,False,False,0,False,728.1343389408096,3139.8048896723126,-2411.6705507315028,us_stocks,1d,MAXINDEX~HT_DCPHASE|or,pessimistic,fixed_combo,24.0,0.0,False,False,True,or,1.0,0.8933432125920051,0.10665678740799482
-0.21797968087363048,0.21052631578947367,-0.15337771939120437,0.0,-0.7546915191648297,,PHM,190,190,11.986900887396445,False,False,False,False,0,False,500.0212208254111,3139.8048896723126,-2639.7836688469015,us_stocks,1d,CDLLONGLEGGEDDOJI~HT_DCPHASE|or,pessimistic,fixed_combo,24.0,0.0,False,False,True,or,1.0,0.8313119015785136,0.16868809842148638
-0.2183274662138481,0.21578947368421053,-0.1536754704571618,0.0,-0.7558956251883826,,PHM,190,190,11.986900887396445,False,False,False,False,0,False,501.04922890573,3139.8048896723126,-2638.7556607665824,us_stocks,1d,CDLDOJI~HT_DCPHASE|or,pessimistic,fixed_combo,24.0,0.0,False,False,True,or,1.0,0.8313408526081394,0.16865914739186064
-0.23495795271838993,0.2,-0.17646107232546882,0.0,-0.8134738686019923,,PHM,190,190,11.986900887396445,False,False,False,False,0,False,359.2887877061177,3139.8048896723126,-2780.516101966195,us_stocks,1d,CDLDOJI~CDLLONGLEGGEDDOJI|and,pessimistic,fixed_combo,24.0,0.0,False,False,True,and,0.5886840399836366,0.5886840399836366,0.0
-0.23495795271838993,0.2,-0.17646107232546882,0.0,-0.8134738686019923,,PHM,190,190,11.986900887396445,False,False,False,False,0,False,359.2887877061177,3139.8048896723126,-2780.516101966195,us_stocks,1d,CDLDOJI~CDLLONGLEGGEDDOJI|gate,pessimistic,fixed_combo,24.0,0.0,False,False,True,gate,0.5886840399836366,0.5886840399836366,0.0
-0.23495795271838993,0.2,-0.17646107232546882,0.0,-0.8134738686019923,,PHM,190,190,11.986900887396445,False,False,False,False,0,False,359.2887877061177,3139.8048896723126,-2780.516101966195,us_stocks,1d,CDLLONGLEGGEDDOJI~CDLDOJI|gate,pessimistic,fixed_combo,24.0,0.0,False,False,True,gate,0.5886840399836366,0.5886840399836366,0.0
-0.23495795271838993,0.2,-0.17646107232546882,0.0,-0.8134738686019923,,PHM,190,190,11.986900887396445,False,False,False,False,0,False,359.2887877061177,3139.8048896723126,-2780.516101966195,us_stocks,1d,CDLLONGLEGGEDDOJI~CORREL|gate,pessimistic,fixed_combo,24.0,0.0,False,False,True,gate,0.5886840399836366,0.5886840399836366,0.0
-0.23495795271838993,0.2,-0.17646107232546882,0.0,-0.8134738686019923,,PHM,190,190,11.986900887396445,False,False,False,False,0,False,359.2887877061177,3139.8048896723126,-2780.516101966195,us_stocks,1d,CDLLONGLEGGEDDOJI~HT_DCPHASE|gate,pessimistic,fixed_combo,24.0,0.0,False,False,True,gate,0.5886840399836366,0.5886840399836366,0.0
-0.23495795271838993,0.2,-0.17646107232546882,0.0,-0.8134738686019923,,PHM,190,190,11.986900887396445,False,False,False,False,0,False,359.2887877061177,3139.8048896723126,-2780.516101966195,us_stocks,1d,CDLLONGLEGGEDDOJI~HT_PHASOR|gate,pessimistic,fixed_combo,24.0,0.0,False,False,True,gate,0.5886840399836366,0.5886840399836366,0.0
-0.23523124135852497,0.2,-0.17669221914906158,0.0,-0.814420051375393,,PHM,190,190,11.986900887396445,False,False,False,False,0,False,358.017926776968,3139.8048896723126,-2781.7869628953445,us_stocks,1d,CDLDOJI~CDLLONGLEGGEDDOJI|or,pessimistic,fixed_combo,24.0,0.0,False,False,True,or,0.5887652663157692,0.5887652663157692,0.0
-0.23523124135852497,0.2,-0.17669221914906158,0.0,-0.814420051375393,,PHM,190,190,11.986900887396445,False,False,False,False,0,False,358.017926776968,3139.8048896723126,-2781.7869628953445,us_stocks,1d,CDLDOJI~CDLLONGLEGGEDDOJI|vote,pessimistic,fixed_combo,24.0,0.0,False,False,True,vote,0.5887652663157692,0.5887652663157692,0.0
-0.23523124135852497,0.2,-0.17669221914906158,0.0,-0.814420051375393,,PHM,190,190,11.986900887396445,False,False,False,False,0,False,358.017926776968,3139.8048896723126,-2781.7869628953445,us_stocks,1d,CDLDOJI~CORREL|gate,pessimistic,fixed_combo,24.0,0.0,False,False,True,gate,0.5887652663157692,0.5887652663157692,0.0
-0.23523124135852497,0.2,-0.17669221914906158,0.0,-0.814420051375393,,PHM,190,190,11.986900887396445,False,False,False,False,0,False,358.017926776968,3139.8048896723126,-2781.7869628953445,us_stocks,1d,CDLDOJI~HT_DCPHASE|gate,pessimistic,fixed_combo,24.0,0.0,False,False,True,gate,0.5887652663157692,0.5887652663157692,0.0
-0.23523124135852497,0.2,-0.17669221914906158,0.0,-0.814420051375393,,PHM,190,190,11.986900887396445,False,False,False,False,0,False,358.017926776968,3139.8048896723126,-2781.7869628953445,us_stocks,1d,CDLDOJI~HT_PHASOR|gate,pessimistic,fixed_combo,24.0,0.0,False,False,True,gate,0.5887652663157692,0.5887652663157692,0.0
-0.2399467932105335,0.18947368421052632,-0.1865213754515294,0.0,-0.8307462840619891,,NCLH,190,190,11.986900887396445,False,False,False,False,0,False,129.68771612808519,3139.8048896723126,-3010.1171735442276,us_stocks,1d,HT_TRENDMODE~CORREL|vote,pessimistic,fixed_combo,24.0,0.0,False,False,True,vote,0.644324634945059,0.5250619433016007,0.11926269164345817
-0.2453141018740967,0.20526315789473684,-0.20458954685081618,0.0,-0.8493290359629764,,NCLH,190,190,11.986900887396445,False,False,False,False,0,False,-6.452034618024768,3139.8048896723126,-3146.2569242903373,us_stocks,1d,CORREL~HT_DCPHASE|gate,pessimistic,fixed_combo,24.0,0.0,False,False,True,gate,1.0,0.5250619433016007,0.47493805669839917
-0.2453141018740967,0.20526315789473684,-0.20458954685081618,0.0,-0.8493290359629764,,NCLH,190,190,11.986900887396445,False,False,False,False,0,False,-6.452034618024768,3139.8048896723126,-3146.2569242903373,us_stocks,1d,CORREL~HT_PHASOR|gate,pessimistic,fixed_combo,24.0,0.0,False,False,True,gate,1.0,0.5250619433016007,0.47493805669839917
-0.2453867914222076,0.21052631578947367,-0.20758983223297722,0.0,-0.8495807024727692,,NCLH,190,190,11.986900887396445,False,False,False,False,0,False,178.28349954473205,3139.8048896723126,-2961.5213901275806,us_stocks,1d,MAXINDEX~CORREL|vote,pessimistic,fixed_combo,24.0,0.0,False,False,True,vote,0.6055272098223327,0.5250619433016007,0.08046526652073192
-0.2471741164513941,0.19473684210526315,-0.21665165229756067,0.0,-0.8557687977856533,,ATI,190,190,11.986900887396445,False,False,False,False,0,False,1280.0158350788795,3139.8048896723126,-1859.789054593433,us_stocks,1d,MININDEX~CORREL|gate,pessimistic,fixed_combo,24.0,0.0,False,False,True,gate,0.8513880900511418,0.8513880900511418,0.0
-0.2471741164513941,0.19473684210526315,-0.21665165229756067,0.0,-0.8557687977856533,,ATI,190,190,11.986900887396445,False,False,False,False,0,False,1280.0158350788795,3139.8048896723126,-1859.789054593433,us_stocks,1d,MININDEX~HT_DCPHASE|gate,pessimistic,fixed_combo,24.0,0.0,False,False,True,gate,0.8513880900511418,0.8513880900511418,0.0
-0.2471741164513941,0.19473684210526315,-0.21665165229756067,0.0,-0.8557687977856533,,ATI,190,190,11.986900887396445,False,False,False,False,0,False,1280.0158350788795,3139.8048896723126,-1859.789054593433,us_stocks,1d,MININDEX~HT_PHASOR|gate,pessimistic,fixed_combo,24.0,0.0,False,False,True,gate,0.8513880900511418,0.8513880900511418,0.0
-0.2490080132563015,0.2,-0.2135736140004074,0.0,-0.8621181343850103,,NCLH,190,190,11.986900887396445,False,False,False,False,0,False,175.80827069315612,3139.8048896723126,-2963.9966189791567,us_stocks,1d,MININDEX~CORREL|vote,pessimistic,fixed_combo,24.0,0.0,False,False,True,vote,0.5733708309370786,0.5250619433016007,0.048308887635477804
-0.2490950664494528,0.23157894736842105,-0.16284230712648048,0.0,-0.8624195308561134,,CPRI,190,190,11.986900887396445,False,False,False,False,0,False,860.9562389892976,3139.8048896723126,-2278.848650683015,us_stocks,1d,HT_TRENDMODE~CORREL|gate,pessimistic,fixed_combo,24.0,0.0,False,False,True,gate,0.7996980999412081,0.7996980999412081,0.0
-0.2490950664494528,0.23157894736842105,-0.16284230712648048,0.0,-0.8624195308561134,,CPRI,190,190,11.986900887396445,False,False,False,False,0,False,860.9562389892976,3139.8048896723126,-2278.848650683015,us_stocks,1d,HT_TRENDMODE~HT_DCPHASE|gate,pessimistic,fixed_combo,24.0,0.0,False,False,True,gate,0.7996980999412081,0.7996980999412081,0.0
-0.2490950664494528,0.23157894736842105,-0.16284230712648048,0.0,-0.8624195308561134,,CPRI,190,190,11.986900887396445,False,False,False,False,0,False,860.9562389892976,3139.8048896723126,-2278.848650683015,us_stocks,1d,HT_TRENDMODE~HT_PHASOR|gate,pessimistic,fixed_combo,24.0,0.0,False,False,True,gate,0.7996980999412081,0.7996980999412081,0.0
-0.25887096045981717,0.18421052631578946,-0.2151828305504108,0.0,-0.8962657328154299,,NCLH,190,190,11.986900887396445,False,False,False,False,0,False,-10.36573356041507,3139.8048896723126,-3150.170623232728,us_stocks,1d,CORREL~MAXINDEX|gate,pessimistic,fixed_combo,24.0,0.0,False,False,True,gate,0.8550912440830533,0.460618453905386,0.39447279017766734
-0.2627774295565882,0.19473684210526315,-0.21888456451082658,0.0,-0.9097907507684645,,NCLH,190,190,11.986900887396445,False,False,False,False,0,False,-9.529817858859142,3139.8048896723126,-3149.3347075311717,us_stocks,1d,CORREL~MININDEX|gate,pessimistic,fixed_combo,24.0,0.0,False,False,True,gate,0.8513880900511418,0.4247589209882205,0.42662916906292137
-0.26474637713252314,0.18421052631578946,-0.23556460523394385,0.0,-0.9166076615524549,,MRNA,190,190,11.986900887396445,False,False,False,False,0,False,184.65626355534064,3139.8048896723126,-2955.148626116972,us_stocks,1d,MAXINDEX~CORREL|and,pessimistic,fixed_combo,24.0,0.0,False,False,True,and,0.460618453905386,0.460618453905386,0.0
-0.2706972608943045,0.18421052631578946,-0.21743270544138105,0.0,-0.9372108732304998,,PHM,190,190,11.986900887396445,False,False,False,False,0,False,189.8588156407696,3139.8048896723126,-2949.946074031543,us_stocks,1d,CDLLONGLEGGEDDOJI~MAXINDEX|gate,pessimistic,fixed_combo,24.0,0.0,False,False,True,gate,0.5032635231426158,0.5032635231426158,0.0
-0.2706972608943045,0.18421052631578946,-0.21743270544138105,0.0,-0.9372108732304998,,PHM,190,190,11.986900887396445,False,False,False,False,0,False,189.8588156407696,3139.8048896723126,-2949.946074031543,us_stocks,1d,MAXINDEX~CDLLONGLEGGEDDOJI|and,pessimistic,fixed_combo,24.0,0.0,False,False,True,and,0.5032635231426158,0.5032635231426158,0.0
-0.2706972608943045,0.18421052631578946,-0.21743270544138105,0.0,-0.9372108732304998,,PHM,190,190,11.986900887396445,False,False,False,False,0,False,189.8588156407696,3139.8048896723126,-2949.946074031543,us_stocks,1d,MAXINDEX~CDLLONGLEGGEDDOJI|gate,pessimistic,fixed_combo,24.0,0.0,False,False,True,gate,0.5032635231426158,0.5032635231426158,0.0
-0.27094636814064765,0.18421052631578946,-0.21764941403457735,0.0,-0.9380733349307105,,PHM,190,190,11.986900887396445,False,False,False,False,0,False,188.91298297545808,3139.8048896723126,-2950.8919066968547,us_stocks,1d,CDLDOJI~MAXINDEX|gate,pessimistic,fixed_combo,24.0,0.0,False,False,True,gate,0.5033372589634804,0.5033372589634804,0.0
-0.27094636814064765,0.18421052631578946,-0.21764941403457735,0.0,-0.9380733349307105,,PHM,190,190,11.986900887396445,False,False,False,False,0,False,188.91298297545808,3139.8048896723126,-2950.8919066968547,us_stocks,1d,MAXINDEX~CDLDOJI|and,pessimistic,fixed_combo,24.0,0.0,False,False,True,and,0.5033372589634804,0.5033372589634804,0.0
-0.27094636814064765,0.18421052631578946,-0.21764941403457735,0.0,-0.9380733349307105,,PHM,190,190,11.986900887396445,False,False,False,False,0,False,188.91298297545808,3139.8048896723126,-2950.8919066968547,us_stocks,1d,MAXINDEX~CDLDOJI|gate,pessimistic,fixed_combo,24.0,0.0,False,False,True,gate,0.5033372589634804,0.5033372589634804,0.0
-0.2797611232498099,0.2,-0.2479670733293406,0.0,-0.9685918717857865,,MRNA,190,190,11.986900887396445,False,False,False,False,0,False,164.20130582403218,3139.8048896723126,-2975.6035838482803,us_stocks,1d,MININDEX~CORREL|and,pessimistic,fixed_combo,24.0,0.0,False,False,True,and,0.4247589209882205,0.4247589209882205,0.0
-0.2813788364400267,0.1631578947368421,-0.16757001200254978,0.0,-0.9741927352250054,,PHM,190,190,11.986900887396445,False,False,False,False,0,False,69.3697950037812,3139.8048896723126,-3070.4350946685313,us_stocks,1d,HT_PHASOR~CDLLONGLEGGEDDOJI|vote,pessimistic,fixed_combo,24.0,0.0,False,False,True,vote,0.719014453869012,0.5222008154697935,0.19681363839921848
-0.28165751767672026,0.1631578947368421,-0.16781016178987376,0.0,-0.9751575883023201,,PHM,190,190,11.986900887396445,False,False,False,False,0,False,69.78755449080133,3139.8048896723126,-3070.017335181511,us_stocks,1d,HT_PHASOR~CDLDOJI|vote,pessimistic,fixed_combo,24.0,0.0,False,False,True,vote,0.7189685939814185,0.5222008154697935,0.19676777851162516
-0.28224151221193555,0.17894736842105263,-0.17661415287492085,0.0,-0.9771795002585134,,PHM,190,190,11.986900887396445,False,False,False,False,0,False,167.64159781129888,3139.8048896723126,-2972.163291861014,us_stocks,1d,MININDEX~HT_PHASOR|vote,pessimistic,fixed_combo,24.0,0.0,False,False,True,vote,0.5839076772969067,0.5222008154697935,0.06170686182711325
-0.2833709578037891,0.19473684210526315,-0.24192258159116695,0.0,-0.9810898785383317,,NCLH,190,190,11.986900887396445,False,False,False,False,0,False,158.94285126239242,3139.8048896723126,-2980.8620384099204,us_stocks,1d,HT_TRENDMODE~CORREL|and,pessimistic,fixed_combo,24.0,0.0,False,False,True,and,0.4440227348862671,0.4440227348862671,0.0
-0.2864678188440042,0.14736842105263157,-0.23252581506161213,0.0,-0.9918118630541143,,PHM,190,190,11.986900887396445,False,False,False,False,0,False,186.32927628259066,3139.8048896723126,-2953.4756133897217,us_stocks,1d,CDLLONGLEGGEDDOJI~MININDEX|gate,pessimistic,fixed_combo,24.0,0.0,False,False,True,gate,0.4994965071260337,0.4994965071260337,0.0
-0.2864678188440042,0.14736842105263157,-0.23252581506161213,0.0,-0.9918118630541143,,PHM,190,190,11.986900887396445,False,False,False,False,0,False,186.32927628259066,3139.8048896723126,-2953.4756133897217,us_stocks,1d,MININDEX~CDLLONGLEGGEDDOJI|and,pessimistic,fixed_combo,24.0,0.0,False,False,True,and,0.4994965071260337,0.4994965071260337,0.0
-0.2864678188440042,0.14736842105263157,-0.23252581506161213,0.0,-0.9918118630541143,,PHM,190,190,11.986900887396445,False,False,False,False,0,False,186.32927628259066,3139.8048896723126,-2953.4756133897217,us_stocks,1d,MININDEX~CDLLONGLEGGEDDOJI|gate,pessimistic,fixed_combo,24.0,0.0,False,False,True,gate,0.4994965071260337,0.4994965071260337,0.0
-0.2866988980767145,0.14736842105263157,-0.23272304561715396,0.0,-0.9926119079779469,,PHM,190,190,11.986900887396445,False,False,False,False,0,False,185.16259536227406,3139.8048896723126,-2954.6422943100383,us_stocks,1d,CDLDOJI~MININDEX|gate,pessimistic,fixed_combo,24.0,0.0,False,False,True,gate,0.49956029885352515,0.49956029885352515,0.0
-0.2866988980767145,0.14736842105263157,-0.23272304561715396,0.0,-0.9926119079779469,,PHM,190,190,11.986900887396445,False,False,False,False,0,False,185.16259536227406,3139.8048896723126,-2954.6422943100383,us_stocks,1d,MININDEX~CDLDOJI|and,pessimistic,fixed_combo,24.0,0.0,False,False,True,and,0.49956029885352515,0.49956029885352515,0.0
-0.2866988980767145,0.14736842105263157,-0.23272304561715396,0.0,-0.9926119079779469,,PHM,190,190,11.986900887396445,False,False,False,False,0,False,185.16259536227406,3139.8048896723126,-2954.6422943100383,us_stocks,1d,MININDEX~CDLDOJI|gate,pessimistic,fixed_combo,24.0,0.0,False,False,True,gate,0.49956029885352515,0.49956029885352515,0.0
-0.28810193164960507,0.2,-0.22821032053044965,0.0,-0.9974695054123512,,NCLH,190,190,11.986900887396445,False,False,False,False,0,False,-12.822234827494446,3139.8048896723126,-3152.627124499807,us_stocks,1d,CORREL~HT_TRENDMODE|gate,pessimistic,fixed_combo,24.0,0.0,False,False,True,gate,0.7996980999412081,0.4440227348862671,0.355675365054941
-0.29235786832969524,0.17894736842105263,-0.19083259580056905,0.0,-1.0122044536685084,,KBH,190,190,11.986900887396445,False,False,False,False,0,False,140.5292698350946,3139.8048896723126,-2999.275619837218,us_stocks,1d,MAXINDEX~HT_PHASOR|vote,pessimistic,fixed_combo,24.0,0.0,False,False,True,vote,0.6037776423705896,0.5222008154697935,0.08157682690079615
-0.29368908294116725,0.16842105263157894,-0.18341377073201787,0.0,-1.0168133987474244,,PHM,190,190,11.986900887396445,False,False,False,False,0,False,-19.74205755880177,3139.8048896723126,-3159.5469472311142,us_stocks,1d,HT_PHASOR~CDLDOJI|or,pessimistic,fixed_combo,24.0,0.0,False,False,True,or,1.0,0.5222008154697935,0.47779918453020653
-0.29368908294116725,0.16842105263157894,-0.18341377073201787,0.0,-1.0168133987474244,,PHM,190,190,11.986900887396445,False,False,False,False,0,False,-19.74205755880177,3139.8048896723126,-3159.5469472311142,us_stocks,1d,HT_PHASOR~CDLLONGLEGGEDDOJI|or,pessimistic,fixed_combo,24.0,0.0,False,False,True,or,1.0,0.5222008154697935,0.47779918453020653
-0.29368908294116725,0.16842105263157894,-0.18341377073201787,0.0,-1.0168133987474244,,PHM,190,190,11.986900887396445,False,False,False,False,0,False,-19.74205755880177,3139.8048896723126,-3159.5469472311142,us_stocks,1d,HT_PHASOR~CORREL|gate,pessimistic,fixed_combo,24.0,0.0,False,False,True,gate,1.0,0.5222008154697935,0.47779918453020653
-0.29368908294116725,0.16842105263157894,-0.18341377073201787,0.0,-1.0168133987474244,,PHM,190,190,11.986900887396445,False,False,False,False,0,False,-19.74205755880177,3139.8048896723126,-3159.5469472311142,us_stocks,1d,HT_PHASOR~CORREL|or,pessimistic,fixed_combo,24.0,0.0,False,False,True,or,1.0,0.5222008154697935,0.47779918453020653
-0.29368908294116725,0.16842105263157894,-0.18341377073201787,0.0,-1.0168133987474244,,PHM,190,190,11.986900887396445,False,False,False,False,0,False,-19.74205755880177,3139.8048896723126,-3159.5469472311142,us_stocks,1d,HT_PHASOR~HT_DCPHASE|gate,pessimistic,fixed_combo,24.0,0.0,False,False,True,gate,1.0,0.5222008154697935,0.47779918453020653
-0.29368908294116725,0.16842105263157894,-0.18341377073201787,0.0,-1.0168133987474244,,PHM,190,190,11.986900887396445,False,False,False,False,0,False,-19.74205755880177,3139.8048896723126,-3159.5469472311142,us_stocks,1d,HT_PHASOR~HT_DCPHASE|or,pessimistic,fixed_combo,24.0,0.0,False,False,True,or,1.0,0.5222008154697935,0.47779918453020653
-0.2959176126678228,0.17894736842105263,-0.178737741317705,0.0,-1.024529037554551,,PHM,190,190,11.986900887396445,False,False,False,False,0,False,142.0092829681415,3139.8048896723126,-2997.795606704171,us_stocks,1d,HT_TRENDMODE~HT_PHASOR|vote,pessimistic,fixed_combo,24.0,0.0,False,False,True,vote,0.6226067855008773,0.5222008154697935,0.10040597003108385
-0.2964443101035034,0.15263157894736842,-0.19186352395301345,0.0,-1.026352574896568,,PHM,190,190,11.986900887396445,False,False,False,False,0,False,-1.2350624093379188,3139.8048896723126,-3141.0399520816504,us_stocks,1d,HT_PHASOR~MAXINDEX|gate,pessimistic,fixed_combo,24.0,0.0,False,False,True,gate,0.8550912440830533,0.45886888645364293,0.3962223576294104
-0.29859085285428477,0.15263157894736842,-0.2144134788492237,0.0,-1.0337843575427617,,PHM,190,190,11.986900887396445,False,False,False,False,0,False,210.90138780342716,3139.8048896723126,-2928.9035018688855,us_stocks,1d,MAXINDEX~HT_PHASOR|and,pessimistic,fixed_combo,24.0,0.0,False,False,True,and,0.45886888645364293,0.45886888645364293,0.0
-0.29994153889121655,0.13157894736842105,-0.23223795747977471,0.0,-1.0384607167935016,,PHM,190,190,11.986900887396445,False,False,False,False,0,False,92.87106897834123,3139.8048896723126,-3046.9338206939715,us_stocks,1d,HT_PHASOR~CDLDOJI|and,pessimistic,fixed_combo,24.0,0.0,False,False,True,and,0.3077338602971878,0.3077338602971878,0.0
-0.2999569979640352,0.13157894736842105,-0.23227374513859686,0.0,-1.0385142393562636,,PHM,190,190,11.986900887396445,False,False,False,False,0,False,93.6564782919341,3139.8048896723126,-3046.1484113803785,us_stocks,1d,HT_PHASOR~CDLLONGLEGGEDDOJI|and,pessimistic,fixed_combo,24.0,0.0,False,False,True,and,0.3076984938526485,0.3076984938526485,0.0
-0.30347437915884845,0.1736842105263158,-0.2310801070019721,0.0,-1.0506921531267417,,PHM,190,190,11.986900887396445,False,False,False,False,0,False,432.3103945146822,3139.8048896723126,-2707.4944951576304,us_stocks,1d,HT_TRENDMODE~MININDEX|and,pessimistic,fixed_combo,24.0,0.0,False,False,True,and,0.6825036836155948,0.6825036836155948,0.0
-0.30347437915884845,0.1736842105263158,-0.2310801070019721,0.0,-1.0506921531267417,,PHM,190,190,11.986900887396445,False,False,False,False,0,False,432.3103945146822,3139.8048896723126,-2707.4944951576304,us_stocks,1d,HT_TRENDMODE~MININDEX|gate,pessimistic,fixed_combo,24.0,0.0,False,False,True,gate,0.6825036836155948,0.6825036836155948,0.0
-0.30347437915884845,0.1736842105263158,-0.2310801070019721,0.0,-1.0506921531267417,,PHM,190,190,11.986900887396445,False,False,False,False,0,False,432.3103945146822,3139.8048896723126,-2707.4944951576304,us_stocks,1d,MININDEX~HT_TRENDMODE|gate,pessimistic,fixed_combo,24.0,0.0,False,False,True,gate,0.6825036836155948,0.6825036836155948,0.0
-0.3051250307062971,0.1631578947368421,-0.2383333557505797,0.0,-1.056407056089087,,PHM,190,190,11.986900887396445,False,False,False,False,0,False,157.49539479702977,3139.8048896723126,-2982.309494875283,us_stocks,1d,CDLLONGLEGGEDDOJI~HT_TRENDMODE|gate,pessimistic,fixed_combo,24.0,0.0,False,False,True,gate,0.46780308199109816,0.46780308199109816,0.0
-0.3051250307062971,0.1631578947368421,-0.2383333557505797,0.0,-1.056407056089087,,PHM,190,190,11.986900887396445,False,False,False,False,0,False,157.49539479702977,3139.8048896723126,-2982.309494875283,us_stocks,1d,HT_TRENDMODE~CDLLONGLEGGEDDOJI|and,pessimistic,fixed_combo,24.0,0.0,False,False,True,and,0.46780308199109816,0.46780308199109816,0.0
-0.3051250307062971,0.1631578947368421,-0.2383333557505797,0.0,-1.056407056089087,,PHM,190,190,11.986900887396445,False,False,False,False,0,False,157.49539479702977,3139.8048896723126,-2982.309494875283,us_stocks,1d,HT_TRENDMODE~CDLLONGLEGGEDDOJI|gate,pessimistic,fixed_combo,24.0,0.0,False,False,True,gate,0.46780308199109816,0.46780308199109816,0.0
-0.30535825816814444,0.1631578947368421,-0.23851881017431598,0.0,-1.0572145386341898,,PHM,190,190,11.986900887396445,False,False,False,False,0,False,156.53527501951447,3139.8048896723126,-2983.2696146527983,us_stocks,1d,CDLDOJI~HT_TRENDMODE|gate,pessimistic,fixed_combo,24.0,0.0,False,False,True,gate,0.4678747975977205,0.4678747975977205,0.0
-0.30535825816814444,0.1631578947368421,-0.23851881017431598,0.0,-1.0572145386341898,,PHM,190,190,11.986900887396445,False,False,False,False,0,False,156.53527501951447,3139.8048896723126,-2983.2696146527983,us_stocks,1d,HT_TRENDMODE~CDLDOJI|and,pessimistic,fixed_combo,24.0,0.0,False,False,True,and,0.4678747975977205,0.4678747975977205,0.0
-0.30535825816814444,0.1631578947368421,-0.23851881017431598,0.0,-1.0572145386341898,,PHM,190,190,11.986900887396445,False,False,False,False,0,False,156.53527501951447,3139.8048896723126,-2983.2696146527983,us_stocks,1d,HT_TRENDMODE~CDLDOJI|gate,pessimistic,fixed_combo,24.0,0.0,False,False,True,gate,0.4678747975977205,0.4678747975977205,0.0
-0.30629777238192224,0.19473684210526315,-0.2272481784198583,0.0,-1.0604673345206284,,KBH,190,190,11.986900887396445,False,False,False,False,0,False,5.437375145002713,3139.8048896723126,-3134.36751452731,us_stocks,1d,HT_PHASOR~CORREL|and,pessimistic,fixed_combo,24.0,0.0,False,False,True,and,0.5280772263229327,0.2876699925471635,0.24040723377576925
-0.30629777238192224,0.19473684210526315,-0.2272481784198583,0.0,-1.0604673345206284,,KBH,190,190,11.986900887396445,False,False,False,False,0,False,5.437375145002713,3139.8048896723126,-3134.36751452731,us_stocks,1d,HT_PHASOR~CORREL|vote,pessimistic,fixed_combo,24.0,0.0,False,False,True,vote,0.5280772263229327,0.2876699925471635,0.24040723377576925
-0.30701372199028953,0.1736842105263158,-0.239838509536233,0.0,-1.06294610270406,,KBH,190,190,11.986900887396445,False,False,False,False,0,False,517.6934175867517,3139.8048896723126,-2622.1114720855608,us_stocks,1d,HT_TRENDMODE~MAXINDEX|gate,pessimistic,fixed_combo,24.0,0.0,False,False,True,gate,0.692779218027313,0.692779218027313,0.0
-0.30701372199028953,0.1736842105263158,-0.239838509536233,0.0,-1.06294610270406,,KBH,190,190,11.986900887396445,False,False,False,False,0,False,517.6934175867517,3139.8048896723126,-2622.1114720855608,us_stocks,1d,MAXINDEX~HT_TRENDMODE|and,pessimistic,fixed_combo,24.0,0.0,False,False,True,and,0.692779218027313,0.692779218027313,0.0
-0.30701372199028953,0.1736842105263158,-0.239838509536233,0.0,-1.06294610270406,,KBH,190,190,11.986900887396445,False,False,False,False,0,False,517.6934175867517,3139.8048896723126,-2622.1114720855608,us_stocks,1d,MAXINDEX~HT_TRENDMODE|gate,pessimistic,fixed_combo,24.0,0.0,False,False,True,gate,0.692779218027313,0.692779218027313,0.0
-0.3076519359212893,0.12105263157894737,-0.26933144314273966,0.0,-1.0651557336164827,,KBH,190,190,11.986900887396445,False,False,False,False,0,False,612.1763084625718,3139.8048896723126,-2527.628581209741,us_stocks,1d,MAXINDEX~MININDEX|and,pessimistic,fixed_combo,24.0,0.0,False,False,True,and,0.7110091531681064,0.7110091531681064,0.0
-0.3076519359212893,0.12105263157894737,-0.26933144314273966,0.0,-1.0651557336164827,,KBH,190,190,11.986900887396445,False,False,False,False,0,False,612.1763084625718,3139.8048896723126,-2527.628581209741,us_stocks,1d,MAXINDEX~MININDEX|gate,pessimistic,fixed_combo,24.0,0.0,False,False,True,gate,0.7110091531681064,0.7110091531681064,0.0
-0.3076519359212893,0.12105263157894737,-0.26933144314273966,0.0,-1.0651557336164827,,KBH,190,190,11.986900887396445,False,False,False,False,0,False,612.1763084625718,3139.8048896723126,-2527.628581209741,us_stocks,1d,MININDEX~MAXINDEX|gate,pessimistic,fixed_combo,24.0,0.0,False,False,True,gate,0.7110091531681064,0.7110091531681064,0.0
-0.3081003148094147,0.16842105263157894,-0.2508007115409231,0.0,-1.0667081156682618,,THC,190,190,11.986900887396445,False,False,False,False,0,False,88.63377770999949,3139.8048896723126,-3051.1711119623133,us_stocks,1d,CDLLONGLEGGEDDOJI~HT_DCPHASE|vote,pessimistic,fixed_combo,24.0,0.0,False,False,True,vote,0.7590603746487949,0.5903722762273085,0.16868809842148638
-0.30828671940635544,0.16842105263157894,-0.25095943595671605,0.0,-1.0673534876033004,,THC,190,190,11.986900887396445,False,False,False,False,0,False,89.02994017871049,3139.8048896723126,-3050.774949493602,us_stocks,1d,CDLDOJI~HT_DCPHASE|vote,pessimistic,fixed_combo,24.0,0.0,False,False,True,vote,0.7590314236191692,0.5903722762273085,0.16865914739186064
-0.3107089949768067,0.15263157894736842,-0.2206368109881862,0.0,-1.0757399152867115,,PHM,190,190,11.986900887396445,False,False,False,False,0,False,211.35580053835682,3139.8048896723126,-2928.4490891339556,us_stocks,1d,HT_TRENDMODE~HT_PHASOR|and,pessimistic,fixed_combo,24.0,0.0,False,False,True,and,0.4223048854420854,0.4223048854420854,0.0
-0.31241036106013437,0.1736842105263158,-0.20172001124746086,0.0,-1.081630402642854,,PHM,190,190,11.986900887396445,False,False,False,False,0,False,-14.667481536652772,3139.8048896723126,-3154.4723712089653,us_stocks,1d,HT_PHASOR~HT_TRENDMODE|gate,pessimistic,fixed_combo,24.0,0.0,False,False,True,gate,0.7996980999412081,0.4223048854420854,0.3773932144991226
-0.3177006545735236,0.16842105263157894,-0.2712085794744344,0.0,-1.0999465118895784,,MRNA,190,190,11.986900887396445,False,False,False,False,0,False,128.04949282804546,3139.8048896723126,-3011.755396844267,us_stocks,1d,MAXINDEX~HT_DCPHASE|vote,pessimistic,fixed_combo,24.0,0.0,False,False,True,vote,0.6970290636353033,0.5903722762273085,0.10665678740799482
-0.31877897900906205,0.15789473684210525,-0.28238996393607374,0.0,-1.103679897970095,,PHM,190,190,11.986900887396445,False,False,False,False,0,False,89.85758204427631,3139.8048896723126,-3049.9473076280365,us_stocks,1d,CDLLONGLEGGEDDOJI~CORREL|and,pessimistic,fixed_combo,24.0,0.0,False,False,True,and,0.30852529570021087,0.30852529570021087,0.0
-0.3188977074090898,0.15789473684210525,-0.28249097667475537,0.0,-1.1040909606720213,,PHM,190,190,11.986900887396445,False,False,False,False,0,False,89.86233506246374,3139.8048896723126,-3049.9425546098487,us_stocks,1d,CDLDOJI~CORREL|and,pessimistic,fixed_combo,24.0,0.0,False,False,True,and,0.30856423955223566,0.30856423955223566,0.0
-0.31938601705044517,0.14736842105263157,-0.2741940735260763,0.0,-1.1057815913931066,,THC,190,190,11.986900887396445,False,False,False,False,0,False,304.41443054220235,3139.8048896723126,-2835.3904591301102,us_stocks,1d,MININDEX~HT_DCPHASE|vote,pessimistic,fixed_combo,24.0,0.0,False,False,True,vote,0.6150446281953197,0.5903722762273085,0.024672351968011156
-0.3201009257880752,0.17894736842105263,-0.22372404415494979,0.0,-1.1082567558630418,,KBH,190,190,11.986900887396445,False,False,False,False,0,False,-12.168029275760365,3139.8048896723126,-3151.972918948073,us_stocks,1d,HT_PHASOR~CDLDOJI|gate,pessimistic,fixed_combo,24.0,0.0,False,False,True,gate,0.5887652663157692,0.3077338602971878,0.2810314060185814
-0.3201738178551505,0.1736842105263158,-0.22379047224207407,0.0,-1.1085091235361002,,KBH,190,190,11.986900887396445,False,False,False,False,0,False,-12.095161399600972,3139.8048896723126,-3151.9000510719134,us_stocks,1d,HT_PHASOR~CDLLONGLEGGEDDOJI|gate,pessimistic,fixed_combo,24.0,0.0,False,False,True,gate,0.5886840399836366,0.3076984938526485,0.2809855461309881
-0.3207118756552215,0.15263157894736842,-0.259718710383464,0.0,-1.1103719928499127,,CPRI,190,190,11.986900887396445,False,False,False,False,0,False,200.18475534486092,3139.8048896723126,-2939.6201343274515,us_stocks,1d,HT_TRENDMODE~HT_DCPHASE|vote,pessimistic,fixed_combo,24.0,0.0,False,False,True,vote,0.6730429164426643,0.5903722762273085,0.08267064021535585
-0.3219500520846887,0.15263157894736842,-0.28421615932261174,0.0,-1.114658820167044,,THC,190,190,11.986900887396445,False,False,False,False,0,False,284.5901662459803,3139.8048896723126,-2855.214723426332,us_stocks,1d,MAXINDEX~HT_DCPHASE|and,pessimistic,fixed_combo,24.0,0.0,False,False,True,and,0.5521203077183566,0.5521203077183566,0.0
-0.32434946325942415,0.15263157894736842,-0.2219123107752118,0.0,-1.1229660865017075,,PHM,190,190,11.986900887396445,False,False,False,False,0,False,-25.25473995709609,3139.8048896723126,-3165.059629629409,us_stocks,1d,HT_PHASOR~MININDEX|gate,pessimistic,fixed_combo,24.0,0.0,False,False,True,gate,0.8513880900511418,0.4352957673480486,0.41609232270309326
-0.32515331745732934,0.13157894736842105,-0.2805931903920957,0.0,-1.1257491988696706,,PHM,190,190,11.986900887396445,False,False,False,False,0,False,94.75591435096828,3139.8048896723126,-3045.048975321344,us_stocks,1d,CDLLONGLEGGEDDOJI~HT_DCPHASE|and,pessimistic,fixed_combo,24.0,0.0,False,False,True,and,0.3477444146324315,0.3477444146324315,0.0
-0.3251777353477852,0.13157894736842105,-0.2806107424643635,0.0,-1.1258337387440713,,PHM,190,190,11.986900887396445,False,False,False,False,0,False,94.93353333533352,3139.8048896723126,-3044.8713563369793,us_stocks,1d,CDLDOJI~HT_DCPHASE|and,pessimistic,fixed_combo,24.0,0.0,False,False,True,and,0.34779668993493834,0.34779668993493834,0.0
-0.32597918378639407,0.13157894736842105,-0.27205905585880025,0.0,-1.1286085218671673,,THC,190,190,11.986900887396445,False,False,False,False,0,False,12.94124560257237,3139.8048896723126,-3126.86364406974,us_stocks,1d,HT_DCPHASE~MAXINDEX|gate,pessimistic,fixed_combo,24.0,0.0,False,False,True,gate,0.8550912440830533,0.5521203077183566,0.30297093636469663
-0.3302097749537824,0.15263157894736842,-0.2797579023467051,0.0,-1.143255718625532,,THC,190,190,11.986900887396445,False,False,False,False,0,False,-15.65529520652956,3139.8048896723126,-3155.460184878842,us_stocks,1d,HT_DCPHASE~CORREL|gate,pessimistic,fixed_combo,24.0,0.0,False,False,True,gate,1.0,0.5903722762273085,0.4096277237726915
-0.3302097749537824,0.15263157894736842,-0.2797579023467051,0.0,-1.143255718625532,,THC,190,190,11.986900887396445,False,False,False,False,0,False,-15.65529520652956,3139.8048896723126,-3155.460184878842,us_stocks,1d,HT_DCPHASE~CORREL|or,pessimistic,fixed_combo,24.0,0.0,False,False,True,or,1.0,0.5903722762273085,0.4096277237726915
-0.3302097749537824,0.15263157894736842,-0.2797579023467051,0.0,-1.143255718625532,,THC,190,190,11.986900887396445,False,False,False,False,0,False,-15.65529520652956,3139.8048896723126,-3155.460184878842,us_stocks,1d,HT_DCPHASE~HT_PHASOR|gate,pessimistic,fixed_combo,24.0,0.0,False,False,True,gate,1.0,0.5903722762273085,0.4096277237726915
-0.33426941691768713,0.15789473684210525,-0.2883350070178608,0.0,-1.1573110532728963,,CPRI,190,190,11.986900887396445,False,False,False,False,0,False,7.175784660846668,3139.8048896723126,-3132.629105011466,us_stocks,1d,HT_DCPHASE~CORREL|and,pessimistic,fixed_combo,24.0,0.0,False,False,True,and,0.5480112763185755,0.3317227479237424,0.21628852839483315
-0.33426941691768713,0.15789473684210525,-0.2883350070178608,0.0,-1.1573110532728963,,CPRI,190,190,11.986900887396445,False,False,False,False,0,False,7.175784660846668,3139.8048896723126,-3132.629105011466,us_stocks,1d,HT_DCPHASE~CORREL|vote,pessimistic,fixed_combo,24.0,0.0,False,False,True,vote,0.5480112763185755,0.3317227479237424,0.21628852839483315
-0.3362953434059165,0.14736842105263157,-0.2504066065501795,0.0,-1.164325237039889,,PHM,190,190,11.986900887396445,False,False,False,False,0,False,141.89611228933686,3139.8048896723126,-2997.9087773829756,us_stocks,1d,MININDEX~HT_PHASOR|and,pessimistic,fixed_combo,24.0,0.0,False,False,True,and,0.4352957673480486,0.4352957673480486,0.0
-0.34154343266415954,0.1368421052631579,-0.259575728457454,0.0,-1.182495226275318,,KBH,190,190,11.986900887396445,False,False,False,False,0,False,-4.862348823467241,3139.8048896723126,-3144.6672384957797,us_stocks,1d,HT_PHASOR~HT_DCPHASE|and,pessimistic,fixed_combo,24.0,0.0,False,False,True,and,0.6077839822332566,0.3601785369651793,0.2476054452680773
-0.34154343266415954,0.1368421052631579,-0.259575728457454,0.0,-1.182495226275318,,KBH,190,190,11.986900887396445,False,False,False,False,0,False,-4.862348823467241,3139.8048896723126,-3144.6672384957797,us_stocks,1d,HT_PHASOR~HT_DCPHASE|vote,pessimistic,fixed_combo,24.0,0.0,False,False,True,vote,0.6077839822332566,0.3601785369651793,0.2476054452680773
-0.34947472374421146,0.17894736842105263,-0.29362695444494574,0.0,-1.2099550247765045,,PHM,190,190,11.986900887396445,False,False,False,False,0,False,-21.193447662896265,3139.8048896723126,-3160.998337335209,us_stocks,1d,CORREL~CDLLONGLEGGEDDOJI|gate,pessimistic,fixed_combo,24.0,0.0,False,False,True,gate,0.5886840399836366,0.30852529570021087,0.28015874428342574
-0.34952226051084695,0.17894736842105263,-0.293659086398869,0.0,-1.2101196070645623,,PHM,190,190,11.986900887396445,False,False,False,False,0,False,-21.05537838544966,3139.8048896723126,-3160.8602680577624,us_stocks,1d,CORREL~CDLDOJI|gate,pessimistic,fixed_combo,24.0,0.0,False,False,True,gate,0.5887652663157692,0.30856423955223566,0.2802010267635336
-0.3528812649743111,0.14736842105263157,-0.2913341725735974,0.0,-1.2217491872678787,,MRNA,190,190,11.986900887396445,False,False,False,False,0,False,-13.579069980830162,3139.8048896723126,-3153.383959653143,us_stocks,1d,HT_DCPHASE~CDLDOJI|gate,pessimistic,fixed_combo,24.0,0.0,False,False,True,gate,0.5887652663157692,0.34779668993493834,0.24096857638083086
-0.3530448679788447,0.14736842105263157,-0.29145978422941293,0.0,-1.2223156152924386,,MRNA,190,190,11.986900887396445,False,False,False,False,0,False,-14.171135819232314,3139.8048896723126,-3153.976025491545,us_stocks,1d,HT_DCPHASE~CDLLONGLEGGEDDOJI|gate,pessimistic,fixed_combo,24.0,0.0,False,False,True,gate,0.5886840399836366,0.3477444146324315,0.2409396253512051
-0.3643477907188009,0.15263157894736842,-0.3120490872309054,0.0,-1.2614487120078406,,MRNA,190,190,11.986900887396445,False,False,False,False,0,False,148.49479412605658,3139.8048896723126,-2991.310095546256,us_stocks,1d,HT_TRENDMODE~HT_DCPHASE|and,pessimistic,fixed_combo,24.0,0.0,False,False,True,and,0.47274101638387245,0.47274101638387245,0.0
-0.36652093101657574,0.14736842105263157,-0.30433973974579137,0.0,-1.268972580957978,,MRNA,190,190,11.986900887396445,False,False,False,False,0,False,-27.023955613702675,3139.8048896723126,-3166.828845286015,us_stocks,1d,HT_DCPHASE~HT_TRENDMODE|gate,pessimistic,fixed_combo,24.0,0.0,False,False,True,gate,0.7996980999412081,0.47274101638387245,0.3269570835573356
-0.3708631136341725,0.13157894736842105,-0.3179740068439518,0.0,-1.2840061307963457,,THC,190,190,11.986900887396445,False,False,False,False,0,False,-36.291546569050844,3139.8048896723126,-3176.0964362413633,us_stocks,1d,HT_DCPHASE~MININDEX|gate,pessimistic,fixed_combo,24.0,0.0,False,False,True,gate,0.8513880900511418,0.46643271824646154,0.3849553718046803
-0.3826635427970438,0.12631578947368421,-0.33859019108285615,0.0,-1.3248616994256401,,CPRI,190,190,11.986900887396445,False,False,False,False,0,False,140.81853946174385,3139.8048896723126,-2998.9863502105686,us_stocks,1d,MININDEX~HT_DCPHASE|and,pessimistic,fixed_combo,24.0,0.0,False,False,True,and,0.46643271824646154,0.46643271824646154,0.0
-0.0035790045244521473,0.45263157894736844,0.003702850187678963,0.5085037169871365,-0.012391266703534942,,KBH,190,190,11.986900887396445,False,False,False,False,0,False,2418.383469788372,3139.8048896723126,-721.4214198839404,us_stocks,1d,MAXINDEX~HT_TRENDMODE|or,retail,fixed_combo,24.0,0.0,False,False,True,or,0.9620101259969484,0.9620101259969484,0.0
-0.0035790045244521473,0.45263157894736844,0.003702850187678963,0.5085037169871365,-0.012391266703534942,,KBH,190,190,11.986900887396445,False,False,False,False,0,False,2418.383469788372,3139.8048896723126,-721.4214198839404,us_stocks,1d,MAXINDEX~HT_TRENDMODE|vote,retail,fixed_combo,24.0,0.0,False,False,True,vote,0.9620101259969484,0.9620101259969484,0.0
-0.04286106088718337,0.37894736842105264,-0.030983852294021844,0.0,-0.14839401096617422,,KBH,190,190,11.986900887396445,False,False,False,False,0,False,2127.1706094181036,3139.8048896723126,-1012.634280254209,us_stocks,1d,HT_TRENDMODE~CDLDOJI|or,retail,fixed_combo,24.0,0.0,False,False,True,or,0.9205885686592569,0.9205885686592569,0.0
-0.04286106088718337,0.37894736842105264,-0.030983852294021844,0.0,-0.14839401096617422,,KBH,190,190,11.986900887396445,False,False,False,False,0,False,2127.1706094181036,3139.8048896723126,-1012.634280254209,us_stocks,1d,HT_TRENDMODE~CDLDOJI|vote,retail,fixed_combo,24.0,0.0,False,False,True,vote,0.9205885686592569,0.9205885686592569,0.0
-0.04292922219833698,0.37894736842105264,-0.031050303005391248,0.0,-0.14862999976685792,,KBH,190,190,11.986900887396445,False,False,False,False,0,False,2124.977555093116,3139.8048896723126,-1014.8273345791968,us_stocks,1d,HT_TRENDMODE~CDLLONGLEGGEDDOJI|or,retail,fixed_combo,24.0,0.0,False,False,True,or,0.9205790579337465,0.9205790579337465,0.0
-0.04292922219833698,0.37894736842105264,-0.031050303005391248,0.0,-0.14862999976685792,,KBH,190,190,11.986900887396445,False,False,False,False,0,False,2124.977555093116,3139.8048896723126,-1014.8273345791968,us_stocks,1d,HT_TRENDMODE~CDLLONGLEGGEDDOJI|vote,retail,fixed_combo,24.0,0.0,False,False,True,vote,0.9205790579337465,0.9205790579337465,0.0
-0.055820917303288205,0.29473684210526313,-0.04503356966148155,0.0,-0.19326376069527118,,MRNA,190,190,11.986900887396445,False,False,False,False,0,False,406.9382135356694,3139.8048896723126,-2732.866676136643,us_stocks,1d,CDLLONGLEGGEDDOJI~CORREL|or,retail,fixed_combo,24.0,0.0,False,False,True,or,1.0,0.8052206875850266,0.19477931241497348
-0.0558595263145867,0.40963855421686746,-0.052535013750221654,0.0,-0.19339743321590946,,CPRI,190,166,11.986900887396445,False,False,False,False,0,False,2942.8982713006535,3139.8048896723126,-196.90661837165908,us_stocks,1d,MAXINDEX~MININDEX|or,retail,fixed_combo,24.0,0.0,False,False,True,or,0.9954701809660886,0.9954701809660886,0.0
-0.0558595263145867,0.40963855421686746,-0.052535013750221654,0.0,-0.19339743321590946,,CPRI,190,166,11.986900887396445,False,False,False,False,0,False,2942.8982713006535,3139.8048896723126,-196.90661837165908,us_stocks,1d,MAXINDEX~MININDEX|vote,retail,fixed_combo,24.0,0.0,False,False,True,vote,0.9954701809660886,0.9954701809660886,0.0
-0.05590144414212032,0.29473684210526313,-0.045111115537158575,0.0,-0.19354256155454475,,MRNA,190,190,11.986900887396445,False,False,False,False,0,False,407.1498940737956,3139.8048896723126,-2732.654995598517,us_stocks,1d,CDLDOJI~CORREL|or,retail,fixed_combo,24.0,0.0,False,False,True,or,1.0,0.8052629700651344,0.1947370299348656
-0.07274104901498692,0.4444444444444444,-0.06724551907671332,0.0,-0.2518448167588121,,ENPH,190,189,11.986900887396445,False,False,False,False,0,False,3139.5189047874264,3139.8048896723126,-0.2859848848861475,us_stocks,1d,MININDEX~HT_DCPHASE|or,retail,fixed_combo,24.0,0.0,False,False,True,or,1.0,0.9753276480319888,0.024672351968011156
-0.09014397232369921,0.35789473684210527,-0.07985726393012547,0.0,-0.3120973989129038,,ABNB,190,190,11.986900887396445,False,False,False,False,0,False,1433.5638305171847,3139.8048896723126,-1706.241059155128,us_stocks,1d,MININDEX~HT_PHASOR|or,retail,fixed_combo,24.0,0.0,False,False,True,or,1.0,0.9382931381728868,0.06170686182711325
-0.10034751039861974,0.32105263157894737,-0.08760843159168333,0.0,-0.3474241946020955,,FIS,190,190,11.986900887396445,False,False,False,False,0,False,1040.3205670813836,3139.8048896723126,-2099.484322590929,us_stocks,1d,HT_TRENDMODE~CORREL|or,retail,fixed_combo,24.0,0.0,False,False,True,or,1.0,0.8807373083565417,0.11926269164345817
-0.10351231248403148,0.33157894736842103,-0.09061914869892765,0.0,-0.3583814053114738,,KBH,190,190,11.986900887396445,False,False,False,False,0,False,1671.9105316289545,3139.8048896723126,-1467.8943580433581,us_stocks,1d,HT_TRENDMODE~HT_DCPHASE|or,retail,fixed_combo,24.0,0.0,False,False,True,or,1.0,0.9173293597846442,0.08267064021535585
-0.10529490319560773,0.32105263157894737,-0.08881180428356175,0.0,-0.3645531094206679,,CPRI,190,190,11.986900887396445,False,False,False,False,0,False,1026.716180849676,3139.8048896723126,-2113.0887088226364,us_stocks,1d,HT_TRENDMODE~HT_PHASOR|or,retail,fixed_combo,24.0,0.0,False,False,True,or,1.0,0.8995940299689161,0.10040597003108385
-0.11423573725421815,0.3631578947368421,-0.10850465358727047,0.0,-0.39550815812635487,,MRNA,190,190,11.986900887396445,False,False,False,False,0,False,3340.1434715429186,3139.8048896723126,200.33858187060605,us_stocks,1d,MAXINDEX~CDLDOJI|or,retail,fixed_combo,24.0,0.0,False,False,True,or,0.9405192514353421,0.9405192514353421,0.0
-0.11423573725421815,0.3631578947368421,-0.10850465358727047,0.0,-0.39550815812635487,,MRNA,190,190,11.986900887396445,False,False,False,False,0,False,3340.1434715429186,3139.8048896723126,200.33858187060605,us_stocks,1d,MAXINDEX~CDLDOJI|vote,retail,fixed_combo,24.0,0.0,False,False,True,vote,0.9405192514353421,0.9405192514353421,0.0
-0.11441057920151633,0.3631578947368421,-0.10868009677886627,0.0,-0.3961134977354935,,MRNA,190,190,11.986900887396445,False,False,False,False,0,False,3339.1141712734934,3139.8048896723126,199.30928160118083,us_stocks,1d,MAXINDEX~CDLLONGLEGGEDDOJI|or,retail,fixed_combo,24.0,0.0,False,False,True,or,0.9405117609240741,0.9405117609240741,0.0
-0.11441057920151633,0.3631578947368421,-0.10868009677886627,0.0,-0.3961134977354935,,MRNA,190,190,11.986900887396445,False,False,False,False,0,False,3339.1141712734934,3139.8048896723126,199.30928160118083,us_stocks,1d,MAXINDEX~CDLLONGLEGGEDDOJI|vote,retail,fixed_combo,24.0,0.0,False,False,True,vote,0.9405117609240741,0.9405117609240741,0.0
-0.1209605112624778,0.33157894736842103,-0.11447247227309076,0.0,-0.4187907406679627,,ATI,190,190,11.986900887396445,False,False,False,False,0,False,2794.3168331898896,3139.8048896723126,-345.48805648242296,us_stocks,1d,MININDEX~CDLDOJI|or,retail,fixed_combo,24.0,0.0,False,False,True,or,0.9405930575133861,0.9405930575133861,0.0
-0.1209605112624778,0.33157894736842103,-0.11447247227309076,0.0,-0.4187907406679627,,ATI,190,190,11.986900887396445,False,False,False,False,0,False,2794.3168331898896,3139.8048896723126,-345.48805648242296,us_stocks,1d,MININDEX~CDLDOJI|vote,retail,fixed_combo,24.0,0.0,False,False,True,vote,0.9405930575133861,0.9405930575133861,0.0
-0.12105519176167798,0.33157894736842103,-0.11456789092168336,0.0,-0.4191185444774292,,ATI,190,190,11.986900887396445,False,False,False,False,0,False,2794.4526014403414,3139.8048896723126,-345.3522882319712,us_stocks,1d,MININDEX~CDLLONGLEGGEDDOJI|or,retail,fixed_combo,24.0,0.0,False,False,True,or,0.9405756229087447,0.9405756229087447,0.0
-0.12105519176167798,0.33157894736842103,-0.11456789092168336,0.0,-0.4191185444774292,,ATI,190,190,11.986900887396445,False,False,False,False,0,False,2794.4526014403414,3139.8048896723126,-345.3522882319712,us_stocks,1d,MININDEX~CDLLONGLEGGEDDOJI|vote,retail,fixed_combo,24.0,0.0,False,False,True,vote,0.9405756229087447,0.9405756229087447,0.0
-0.12333795014526698,0.3263157894736842,-0.11692288885804282,0.0,-0.42702193430483143,,NCLH,190,190,11.986900887396445,False,False,False,False,0,False,1517.5249475466474,3139.8048896723126,-1622.2799421256652,us_stocks,1d,MAXINDEX~CORREL|or,retail,fixed_combo,24.0,0.0,False,False,True,or,1.0,0.9195347334792681,0.08046526652073192
-0.13196753957945181,0.2736842105263158,-0.12248596917096274,0.0,-0.45689938863338103,,PHM,190,190,11.986900887396445,False,False,False,False,0,False,1132.8139614550846,3139.8048896723126,-2006.990928217228,us_stocks,1d,IS#1[combo],retail,wf_combo,12.0,8.0,False,False,True,,,,
-0.14223360025517312,0.29473684210526313,-0.13292320851066158,0.0,-0.49244265072160304,,KBH,190,190,11.986900887396445,False,False,False,False,0,False,982.5991344234211,3139.8048896723126,-2157.2057552488914,us_stocks,1d,MAXINDEX~HT_PHASOR|or,retail,fixed_combo,24.0,0.0,False,False,True,or,1.0,0.9184231730992038,0.08157682690079615
-0.15509718505673423,0.3157894736842105,-0.1486006026160022,0.0,-0.5369790878651357,,ATI,190,190,11.986900887396445,False,False,False,False,0,False,2674.479394845889,3139.8048896723126,-465.32549482642344,us_stocks,1d,HT_TRENDMODE~MININDEX|or,retail,fixed_combo,24.0,0.0,False,False,True,or,0.9685825063767554,0.9685825063767554,0.0
-0.15509718505673423,0.3157894736842105,-0.1486006026160022,0.0,-0.5369790878651357,,ATI,190,190,11.986900887396445,False,False,False,False,0,False,2674.479394845889,3139.8048896723126,-465.32549482642344,us_stocks,1d,HT_TRENDMODE~MININDEX|vote,retail,fixed_combo,24.0,0.0,False,False,True,vote,0.9685825063767554,0.9685825063767554,0.0
-0.1592214217167949,0.28421052631578947,-0.15383799146013108,0.0,-0.5512580629416287,,NOC,190,190,11.986900887396445,False,False,False,False,0,False,1689.2415580405027,3139.8048896723126,-1450.56333163181,us_stocks,1d,MININDEX~CORREL|or,retail,fixed_combo,24.0,0.0,False,False,True,or,1.0,0.9516911123645222,0.048308887635477804
-0.16390816637853114,0.23157894736842105,-0.15337771939120437,0.0,-0.5674845590743298,,PHM,190,190,11.986900887396445,False,False,False,False,0,False,717.4616226059887,3139.8048896723126,-2422.3432670663237,us_stocks,1d,CDLLONGLEGGEDDOJI~HT_DCPHASE|or,retail,fixed_combo,24.0,0.0,False,False,True,or,1.0,0.8313119015785136,0.16868809842148638
-0.1642139801999367,0.23684210526315788,-0.1536754704571618,0.0,-0.5685433508687446,,PHM,190,190,11.986900887396445,False,False,False,False,0,False,718.8708507150226,3139.8048896723126,-2420.93403895729,us_stocks,1d,CDLDOJI~HT_DCPHASE|or,retail,fixed_combo,24.0,0.0,False,False,True,or,1.0,0.8313408526081394,0.16865914739186064
-0.16435732193376748,0.21578947368421053,-0.1559139389917075,0.0,-0.5690396301110617,,NCLH,190,190,11.986900887396445,False,False,False,False,0,False,117.2247298310535,3139.8048896723126,-3022.580159841259,us_stocks,1d,CDLLONGLEGGEDDOJI~CORREL|vote,retail,fixed_combo,24.0,0.0,False,False,True,vote,0.7198412557165743,0.5250619433016007,0.19477931241497348
-0.16440556072297288,0.21578947368421053,-0.15596106362393836,0.0,-0.5692066429489656,,NCLH,190,190,11.986900887396445,False,False,False,False,0,False,117.3310414872138,3139.8048896723126,-3022.4738481850986,us_stocks,1d,CDLDOJI~CORREL|vote,retail,fixed_combo,24.0,0.0,False,False,True,vote,0.7197989732364665,0.5250619433016007,0.1947370299348656
-0.17485997954361243,0.23684210526315788,-0.17075736859280263,0.0,-0.6054020405663603,,KBH,190,190,11.986900887396445,False,False,False,False,0,False,1474.1486043213067,3139.8048896723126,-1665.6562853510059,us_stocks,1d,MAXINDEX~CORREL|gate,retail,fixed_combo,24.0,0.0,False,False,True,gate,0.8550912440830533,0.8550912440830533,0.0
-0.17485997954361243,0.23684210526315788,-0.17075736859280263,0.0,-0.6054020405663603,,KBH,190,190,11.986900887396445,False,False,False,False,0,False,1474.1486043213067,3139.8048896723126,-1665.6562853510059,us_stocks,1d,MAXINDEX~HT_DCPHASE|gate,retail,fixed_combo,24.0,0.0,False,False,True,gate,0.8550912440830533,0.8550912440830533,0.0
-0.17485997954361243,0.23684210526315788,-0.17075736859280263,0.0,-0.6054020405663603,,KBH,190,190,11.986900887396445,False,False,False,False,0,False,1474.1486043213067,3139.8048896723126,-1665.6562853510059,us_stocks,1d,MAXINDEX~HT_PHASOR|gate,retail,fixed_combo,24.0,0.0,False,False,True,gate,0.8550912440830533,0.8550912440830533,0.0
-0.1756604693856138,0.2736842105263158,-0.16284230712648048,0.0,-0.6081735048263077,,CPRI,190,190,11.986900887396445,False,False,False,False,0,False,1060.2412882611372,3139.8048896723126,-2079.563601411175,us_stocks,1d,HT_TRENDMODE~CORREL|gate,retail,fixed_combo,24.0,0.0,False,False,True,gate,0.7996980999412081,0.7996980999412081,0.0
-0.1756604693856138,0.2736842105263158,-0.16284230712648048,0.0,-0.6081735048263077,,CPRI,190,190,11.986900887396445,False,False,False,False,0,False,1060.2412882611372,3139.8048896723126,-2079.563601411175,us_stocks,1d,HT_TRENDMODE~HT_DCPHASE|gate,retail,fixed_combo,24.0,0.0,False,False,True,gate,0.7996980999412081,0.7996980999412081,0.0
-0.1756604693856138,0.2736842105263158,-0.16284230712648048,0.0,-0.6081735048263077,,CPRI,190,190,11.986900887396445,False,False,False,False,0,False,1060.2412882611372,3139.8048896723126,-2079.563601411175,us_stocks,1d,HT_TRENDMODE~HT_PHASOR|gate,retail,fixed_combo,24.0,0.0,False,False,True,gate,0.7996980999412081,0.7996980999412081,0.0
-0.17702706689848755,0.2578947368421053,-0.1706222460780572,0.0,-0.6129049529546104,,MRNA,190,190,11.986900887396445,False,False,False,False,0,False,847.8026823189468,3139.8048896723126,-2292.0022073533655,us_stocks,1d,MAXINDEX~HT_DCPHASE|or,retail,fixed_combo,24.0,0.0,False,False,True,or,1.0,0.8933432125920051,0.10665678740799482
-0.1851452641554597,0.23684210526315788,-0.17646107232546882,0.0,-0.6410118599662595,,PHM,190,190,11.986900887396445,False,False,False,False,0,False,458.83410864389543,3139.8048896723126,-2680.970781028417,us_stocks,1d,CDLDOJI~CDLLONGLEGGEDDOJI|and,retail,fixed_combo,24.0,0.0,False,False,True,and,0.5886840399836366,0.5886840399836366,0.0
-0.1851452641554597,0.23684210526315788,-0.17646107232546882,0.0,-0.6410118599662595,,PHM,190,190,11.986900887396445,False,False,False,False,0,False,458.83410864389543,3139.8048896723126,-2680.970781028417,us_stocks,1d,CDLDOJI~CDLLONGLEGGEDDOJI|gate,retail,fixed_combo,24.0,0.0,False,False,True,gate,0.5886840399836366,0.5886840399836366,0.0
-0.1851452641554597,0.23684210526315788,-0.17646107232546882,0.0,-0.6410118599662595,,PHM,190,190,11.986900887396445,False,False,False,False,0,False,458.83410864389543,3139.8048896723126,-2680.970781028417,us_stocks,1d,CDLLONGLEGGEDDOJI~CDLDOJI|gate,retail,fixed_combo,24.0,0.0,False,False,True,gate,0.5886840399836366,0.5886840399836366,0.0
-0.1851452641554597,0.23684210526315788,-0.17646107232546882,0.0,-0.6410118599662595,,PHM,190,190,11.986900887396445,False,False,False,False,0,False,458.83410864389543,3139.8048896723126,-2680.970781028417,us_stocks,1d,CDLLONGLEGGEDDOJI~CORREL|gate,retail,fixed_combo,24.0,0.0,False,False,True,gate,0.5886840399836366,0.5886840399836366,0.0
-0.1851452641554597,0.23684210526315788,-0.17646107232546882,0.0,-0.6410118599662595,,PHM,190,190,11.986900887396445,False,False,False,False,0,False,458.83410864389543,3139.8048896723126,-2680.970781028417,us_stocks,1d,CDLLONGLEGGEDDOJI~HT_DCPHASE|gate,retail,fixed_combo,24.0,0.0,False,False,True,gate,0.5886840399836366,0.5886840399836366,0.0
-0.1851452641554597,0.23684210526315788,-0.17646107232546882,0.0,-0.6410118599662595,,PHM,190,190,11.986900887396445,False,False,False,False,0,False,458.83410864389543,3139.8048896723126,-2680.970781028417,us_stocks,1d,CDLLONGLEGGEDDOJI~HT_PHASOR|gate,retail,fixed_combo,24.0,0.0,False,False,True,gate,0.5886840399836366,0.5886840399836366,0.0
-0.18534780343456242,0.20526315789473684,-0.16757001200254978,0.0,-0.6417130935657581,,PHM,190,190,11.986900887396445,False,False,False,False,0,False,187.16822501321982,3139.8048896723126,-2952.6366646590927,us_stocks,1d,HT_PHASOR~CDLLONGLEGGEDDOJI|vote,retail,fixed_combo,24.0,0.0,False,False,True,vote,0.719014453869012,0.5222008154697935,0.19681363839921848
-0.18538268475306097,0.23684210526315788,-0.17669221914906158,0.0,-0.6418338600295984,,PHM,190,190,11.986900887396445,False,False,False,False,0,False,457.23597393799696,3139.8048896723126,-2682.568915734316,us_stocks,1d,CDLDOJI~CDLLONGLEGGEDDOJI|or,retail,fixed_combo,24.0,0.0,False,False,True,or,0.5887652663157692,0.5887652663157692,0.0
-0.18538268475306097,0.23684210526315788,-0.17669221914906158,0.0,-0.6418338600295984,,PHM,190,190,11.986900887396445,False,False,False,False,0,False,457.23597393799696,3139.8048896723126,-2682.568915734316,us_stocks,1d,CDLDOJI~CDLLONGLEGGEDDOJI|vote,retail,fixed_combo,24.0,0.0,False,False,True,vote,0.5887652663157692,0.5887652663157692,0.0
-0.18538268475306097,0.23684210526315788,-0.17669221914906158,0.0,-0.6418338600295984,,PHM,190,190,11.986900887396445,False,False,False,False,0,False,457.23597393799696,3139.8048896723126,-2682.568915734316,us_stocks,1d,CDLDOJI~CORREL|gate,retail,fixed_combo,24.0,0.0,False,False,True,gate,0.5887652663157692,0.5887652663157692,0.0
-0.18538268475306097,0.23684210526315788,-0.17669221914906158,0.0,-0.6418338600295984,,PHM,190,190,11.986900887396445,False,False,False,False,0,False,457.23597393799696,3139.8048896723126,-2682.568915734316,us_stocks,1d,CDLDOJI~HT_DCPHASE|gate,retail,fixed_combo,24.0,0.0,False,False,True,gate,0.5887652663157692,0.5887652663157692,0.0
-0.18538268475306097,0.23684210526315788,-0.17669221914906158,0.0,-0.6418338600295984,,PHM,190,190,11.986900887396445,False,False,False,False,0,False,457.23597393799696,3139.8048896723126,-2682.568915734316,us_stocks,1d,CDLDOJI~HT_PHASOR|gate,retail,fixed_combo,24.0,0.0,False,False,True,gate,0.5887652663157692,0.5887652663157692,0.0
-0.1855938568301154,0.21052631578947367,-0.16781016178987376,0.0,-0.6425649821919884,,PHM,190,190,11.986900887396445,False,False,False,False,0,False,188.15717169698473,3139.8048896723126,-2951.647717975328,us_stocks,1d,HT_PHASOR~CDLDOJI|vote,retail,fixed_combo,24.0,0.0,False,False,True,vote,0.7189685939814185,0.5222008154697935,0.19676777851162516
-0.19265498066396,0.23684210526315788,-0.17661415287492085,0.0,-0.6670120785994033,,PHM,190,190,11.986900887396445,False,False,False,False,0,False,306.52930369060624,3139.8048896723126,-2833.275585981706,us_stocks,1d,MININDEX~HT_PHASOR|vote,retail,fixed_combo,24.0,0.0,False,False,True,vote,0.5839076772969067,0.5222008154697935,0.06170686182711325
-0.19516009752098717,0.22105263157894736,-0.1865213754515294,0.0,-0.6756853202471479,,NCLH,190,190,11.986900887396445,False,False,False,False,0,False,185.33908680278768,3139.8048896723126,-2954.465802869525,us_stocks,1d,HT_TRENDMODE~CORREL|vote,retail,fixed_combo,24.0,0.0,False,False,True,vote,0.644324634945059,0.5250619433016007,0.11926269164345817
-0.19672952640727998,0.23684210526315788,-0.178737741317705,0.0,-0.6811190132669305,,PHM,190,190,11.986900887396445,False,False,False,False,0,False,294.01882581136545,3139.8048896723126,-2845.7860638609473,us_stocks,1d,HT_TRENDMODE~HT_PHASOR|vote,retail,fixed_combo,24.0,0.0,False,False,True,vote,0.6226067855008773,0.5222008154697935,0.10040597003108385
-0.20140220148873766,0.23684210526315788,-0.18341377073201787,0.0,-0.6972967975523994,,PHM,190,190,11.986900887396445,False,False,False,False,0,False,35.64499036548333,3139.8048896723126,-3104.159899306829,us_stocks,1d,HT_PHASOR~CDLDOJI|or,retail,fixed_combo,24.0,0.0,False,False,True,or,1.0,0.5222008154697935,0.47779918453020653
-0.20140220148873766,0.23684210526315788,-0.18341377073201787,0.0,-0.6972967975523994,,PHM,190,190,11.986900887396445,False,False,False,False,0,False,35.64499036548333,3139.8048896723126,-3104.159899306829,us_stocks,1d,HT_PHASOR~CDLLONGLEGGEDDOJI|or,retail,fixed_combo,24.0,0.0,False,False,True,or,1.0,0.5222008154697935,0.47779918453020653
-0.20140220148873766,0.23684210526315788,-0.18341377073201787,0.0,-0.6972967975523994,,PHM,190,190,11.986900887396445,False,False,False,False,0,False,35.64499036548333,3139.8048896723126,-3104.159899306829,us_stocks,1d,HT_PHASOR~CORREL|gate,retail,fixed_combo,24.0,0.0,False,False,True,gate,1.0,0.5222008154697935,0.47779918453020653
-0.20140220148873766,0.23684210526315788,-0.18341377073201787,0.0,-0.6972967975523994,,PHM,190,190,11.986900887396445,False,False,False,False,0,False,35.64499036548333,3139.8048896723126,-3104.159899306829,us_stocks,1d,HT_PHASOR~CORREL|or,retail,fixed_combo,24.0,0.0,False,False,True,or,1.0,0.5222008154697935,0.47779918453020653
-0.20140220148873766,0.23684210526315788,-0.18341377073201787,0.0,-0.6972967975523994,,PHM,190,190,11.986900887396445,False,False,False,False,0,False,35.64499036548333,3139.8048896723126,-3104.159899306829,us_stocks,1d,HT_PHASOR~HT_DCPHASE|gate,retail,fixed_combo,24.0,0.0,False,False,True,gate,1.0,0.5222008154697935,0.47779918453020653
-0.20140220148873766,0.23684210526315788,-0.18341377073201787,0.0,-0.6972967975523994,,PHM,190,190,11.986900887396445,False,False,False,False,0,False,35.64499036548333,3139.8048896723126,-3104.159899306829,us_stocks,1d,HT_PHASOR~HT_DCPHASE|or,retail,fixed_combo,24.0,0.0,False,False,True,or,1.0,0.5222008154697935,0.47779918453020653
-0.20635654336766904,0.23157894736842105,-0.19083259580056905,0.0,-0.7144497715547803,,KBH,190,190,11.986900887396445,False,False,False,False,0,False,269.0954108571269,3139.8048896723126,-2870.709478815186,us_stocks,1d,MAXINDEX~HT_PHASOR|vote,retail,fixed_combo,24.0,0.0,False,False,True,vote,0.6037776423705896,0.5222008154697935,0.08157682690079615
-0.20880033869575715,0.2,-0.19186352395301345,0.0,-0.7229107051669913,,PHM,190,190,11.986900887396445,False,False,False,False,0,False,64.69139529052455,3139.8048896723126,-3075.113494381788,us_stocks,1d,HT_PHASOR~MAXINDEX|gate,retail,fixed_combo,24.0,0.0,False,False,True,gate,0.8550912440830533,0.45886888645364293,0.3962223576294104
-0.21235675053968536,0.21052631578947367,-0.20458954685081618,0.0,-0.735223751256943,,NCLH,190,190,11.986900887396445,False,False,False,False,0,False,10.27860603477205,3139.8048896723126,-3129.5262836375405,us_stocks,1d,CORREL~HT_DCPHASE|gate,retail,fixed_combo,24.0,0.0,False,False,True,gate,1.0,0.5250619433016007,0.47493805669839917
-0.21235675053968536,0.21052631578947367,-0.20458954685081618,0.0,-0.735223751256943,,NCLH,190,190,11.986900887396445,False,False,False,False,0,False,10.27860603477205,3139.8048896723126,-3129.5262836375405,us_stocks,1d,CORREL~HT_PHASOR|gate,retail,fixed_combo,24.0,0.0,False,False,True,gate,1.0,0.5250619433016007,0.47493805669839917
-0.2136877130272876,0.23684210526315788,-0.20758983223297722,0.0,-0.7398318234299738,,NCLH,190,190,11.986900887396445,False,False,False,False,0,False,221.67668036447301,3139.8048896723126,-2918.1282093078394,us_stocks,1d,MAXINDEX~CORREL|vote,retail,fixed_combo,24.0,0.0,False,False,True,vote,0.6055272098223327,0.5250619433016007,0.08046526652073192
-0.2191313639191972,0.22105263157894736,-0.2135736140004074,0.0,-0.7586788881882709,,NCLH,190,190,11.986900887396445,False,False,False,False,0,False,214.39179584892486,3139.8048896723126,-2925.4130938233875,us_stocks,1d,MININDEX~CORREL|vote,retail,fixed_combo,24.0,0.0,False,False,True,vote,0.5733708309370786,0.5250619433016007,0.048308887635477804
-0.21946114278041604,0.21052631578947367,-0.20172001124746086,0.0,-0.7598206519928797,,PHM,190,190,11.986900887396445,False,False,False,False,0,False,44.86205483548188,3139.8048896723126,-3094.9428348368306,us_stocks,1d,HT_PHASOR~HT_TRENDMODE|gate,retail,fixed_combo,24.0,0.0,False,False,True,gate,0.7996980999412081,0.4223048854420854,0.3773932144991226
-0.22118528202667245,0.21578947368421053,-0.21665165229756067,0.0,-0.7657899848306652,,ATI,190,190,11.986900887396445,False,False,False,False,0,False,1364.7304705416564,3139.8048896723126,-1775.0744191306562,us_stocks,1d,MININDEX~CORREL|gate,retail,fixed_combo,24.0,0.0,False,False,True,gate,0.8513880900511418,0.8513880900511418,0.0
-0.22118528202667245,0.21578947368421053,-0.21665165229756067,0.0,-0.7657899848306652,,ATI,190,190,11.986900887396445,False,False,False,False,0,False,1364.7304705416564,3139.8048896723126,-1775.0744191306562,us_stocks,1d,MININDEX~HT_DCPHASE|gate,retail,fixed_combo,24.0,0.0,False,False,True,gate,0.8513880900511418,0.8513880900511418,0.0
-0.22118528202667245,0.21578947368421053,-0.21665165229756067,0.0,-0.7657899848306652,,ATI,190,190,11.986900887396445,False,False,False,False,0,False,1364.7304705416564,3139.8048896723126,-1775.0744191306562,us_stocks,1d,MININDEX~HT_PHASOR|gate,retail,fixed_combo,24.0,0.0,False,False,True,gate,0.8513880900511418,0.8513880900511418,0.0
-0.22314513103898143,0.2,-0.2151828305504108,0.0,-0.7725753944730007,,NCLH,190,190,11.986900887396445,False,False,False,False,0,False,5.961583505360013,3139.8048896723126,-3133.8433061669525,us_stocks,1d,CORREL~MAXINDEX|gate,retail,fixed_combo,24.0,0.0,False,False,True,gate,0.8550912440830533,0.460618453905386,0.39447279017766734
-0.22534087644029996,0.18421052631578946,-0.21743270544138105,0.0,-0.7801775270478297,,PHM,190,190,11.986900887396445,False,False,False,False,0,False,248.65724755841129,3139.8048896723126,-2891.1476421139014,us_stocks,1d,CDLLONGLEGGEDDOJI~MAXINDEX|gate,retail,fixed_combo,24.0,0.0,False,False,True,gate,0.5032635231426158,0.5032635231426158,0.0
-0.22534087644029996,0.18421052631578946,-0.21743270544138105,0.0,-0.7801775270478297,,PHM,190,190,11.986900887396445,False,False,False,False,0,False,248.65724755841129,3139.8048896723126,-2891.1476421139014,us_stocks,1d,MAXINDEX~CDLLONGLEGGEDDOJI|and,retail,fixed_combo,24.0,0.0,False,False,True,and,0.5032635231426158,0.5032635231426158,0.0
-0.22534087644029996,0.18421052631578946,-0.21743270544138105,0.0,-0.7801775270478297,,PHM,190,190,11.986900887396445,False,False,False,False,0,False,248.65724755841129,3139.8048896723126,-2891.1476421139014,us_stocks,1d,MAXINDEX~CDLLONGLEGGEDDOJI|gate,retail,fixed_combo,24.0,0.0,False,False,True,gate,0.5032635231426158,0.5032635231426158,0.0
-0.22556240983647088,0.18421052631578946,-0.21764941403457735,0.0,-0.7809445222770728,,PHM,190,190,11.986900887396445,False,False,False,False,0,False,247.46671760660496,3139.8048896723126,-2892.3381720657076,us_stocks,1d,CDLDOJI~MAXINDEX|gate,retail,fixed_combo,24.0,0.0,False,False,True,gate,0.5033372589634804,0.5033372589634804,0.0
-0.22556240983647088,0.18421052631578946,-0.21764941403457735,0.0,-0.7809445222770728,,PHM,190,190,11.986900887396445,False,False,False,False,0,False,247.46671760660496,3139.8048896723126,-2892.3381720657076,us_stocks,1d,MAXINDEX~CDLDOJI|and,retail,fixed_combo,24.0,0.0,False,False,True,and,0.5033372589634804,0.5033372589634804,0.0
-0.22556240983647088,0.18421052631578946,-0.21764941403457735,0.0,-0.7809445222770728,,PHM,190,190,11.986900887396445,False,False,False,False,0,False,247.46671760660496,3139.8048896723126,-2892.3381720657076,us_stocks,1d,MAXINDEX~CDLDOJI|gate,retail,fixed_combo,24.0,0.0,False,False,True,gate,0.5033372589634804,0.5033372589634804,0.0
-0.22691217938753672,0.18947368421052632,-0.2144134788492237,0.0,-0.7856177084609118,,PHM,190,190,11.986900887396445,False,False,False,False,0,False,326.8090127144541,3139.8048896723126,-2812.9958769578584,us_stocks,1d,MAXINDEX~HT_PHASOR|and,retail,fixed_combo,24.0,0.0,False,False,True,and,0.45886888645364293,0.45886888645364293,0.0
-0.22698044335031883,0.21052631578947367,-0.21888456451082658,0.0,-0.7858540526631318,,NCLH,190,190,11.986900887396445,False,False,False,False,0,False,8.467597717892883,3139.8048896723126,-3131.33729195442,us_stocks,1d,CORREL~MININDEX|gate,retail,fixed_combo,24.0,0.0,False,False,True,gate,0.8513880900511418,0.4247589209882205,0.42662916906292137
-0.2340096023435055,0.17894736842105263,-0.2206368109881862,0.0,-0.8101904800666317,,PHM,190,190,11.986900887396445,False,False,False,False,0,False,350.7039282534123,3139.8048896723126,-2789.1009614189,us_stocks,1d,HT_TRENDMODE~HT_PHASOR|and,retail,fixed_combo,24.0,0.0,False,False,True,and,0.4223048854420854,0.4223048854420854,0.0
-0.238454925246698,0.24210526315789474,-0.22821032053044965,0.0,-0.8255811232749474,,NCLH,190,190,11.986900887396445,False,False,False,False,0,False,10.439956588698344,3139.8048896723126,-3129.3649330836142,us_stocks,1d,CORREL~HT_TRENDMODE|gate,retail,fixed_combo,24.0,0.0,False,False,True,gate,0.7996980999412081,0.4440227348862671,0.355675365054941
-0.23856483617183857,0.2,-0.2219123107752118,0.0,-0.8259616580235748,,PHM,190,190,11.986900887396445,False,False,False,False,0,False,18.361870185296365,3139.8048896723126,-3121.443019487016,us_stocks,1d,HT_PHASOR~MININDEX|gate,retail,fixed_combo,24.0,0.0,False,False,True,gate,0.8513880900511418,0.4352957673480486,0.41609232270309326
-0.23910562411220992,0.21052631578947367,-0.22372404415494979,0.0,-0.8278339796575416,,KBH,190,190,11.986900887396445,False,False,False,False,0,False,29.798469210059892,3139.8048896723126,-3110.0064204622527,us_stocks,1d,HT_PHASOR~CDLDOJI|gate,retail,fixed_combo,24.0,0.0,False,False,True,gate,0.5887652663157692,0.3077338602971878,0.2810314060185814
-0.23917302270738847,0.21052631578947367,-0.22379047224207407,0.0,-0.8280673277750406,,KBH,190,190,11.986900887396445,False,False,False,False,0,False,30.088349822636275,3139.8048896723126,-3109.7165398496763,us_stocks,1d,HT_PHASOR~CDLLONGLEGGEDDOJI|gate,retail,fixed_combo,24.0,0.0,False,False,True,gate,0.5886840399836366,0.3076984938526485,0.2809855461309881
-0.23989846689866537,0.2,-0.23556460523394385,0.0,-0.8305789682022116,,MRNA,190,190,11.986900887396445,False,False,False,False,0,False,216.29731596026306,3139.8048896723126,-2923.5075737120496,us_stocks,1d,MAXINDEX~CORREL|and,retail,fixed_combo,24.0,0.0,False,False,True,and,0.460618453905386,0.460618453905386,0.0
-0.2399586755779457,0.22105263157894736,-0.2272481784198583,0.0,-0.8307874233180778,,KBH,190,190,11.986900887396445,False,False,False,False,0,False,48.00737560678906,3139.8048896723126,-3091.7975140655235,us_stocks,1d,HT_PHASOR~CORREL|and,retail,fixed_combo,24.0,0.0,False,False,True,and,0.5280772263229327,0.2876699925471635,0.24040723377576925
-0.2399586755779457,0.22105263157894736,-0.2272481784198583,0.0,-0.8307874233180778,,KBH,190,190,11.986900887396445,False,False,False,False,0,False,48.00737560678906,3139.8048896723126,-3091.7975140655235,us_stocks,1d,HT_PHASOR~CORREL|vote,retail,fixed_combo,24.0,0.0,False,False,True,vote,0.5280772263229327,0.2876699925471635,0.24040723377576925
-0.2405335717707545,0.18947368421052632,-0.23252581506161213,0.0,-0.8327778348985244,,PHM,190,190,11.986900887396445,False,False,False,False,0,False,244.22973884070518,3139.8048896723126,-2895.5751508316075,us_stocks,1d,CDLLONGLEGGEDDOJI~MININDEX|gate,retail,fixed_combo,24.0,0.0,False,False,True,gate,0.4994965071260337,0.4994965071260337,0.0
-0.2405335717707545,0.18947368421052632,-0.23252581506161213,0.0,-0.8327778348985244,,PHM,190,190,11.986900887396445,False,False,False,False,0,False,244.22973884070518,3139.8048896723126,-2895.5751508316075,us_stocks,1d,MININDEX~CDLLONGLEGGEDDOJI|and,retail,fixed_combo,24.0,0.0,False,False,True,and,0.4994965071260337,0.4994965071260337,0.0
-0.2405335717707545,0.18947368421052632,-0.23252581506161213,0.0,-0.8327778348985244,,PHM,190,190,11.986900887396445,False,False,False,False,0,False,244.22973884070518,3139.8048896723126,-2895.5751508316075,us_stocks,1d,MININDEX~CDLLONGLEGGEDDOJI|gate,retail,fixed_combo,24.0,0.0,False,False,True,gate,0.4994965071260337,0.4994965071260337,0.0
-0.24073584031348574,0.18947368421052632,-0.23272304561715396,0.0,-0.8334781311517409,,PHM,190,190,11.986900887396445,False,False,False,False,0,False,242.76945003771272,3139.8048896723126,-2897.0354396345997,us_stocks,1d,CDLDOJI~MININDEX|gate,retail,fixed_combo,24.0,0.0,False,False,True,gate,0.49956029885352515,0.49956029885352515,0.0
-0.24073584031348574,0.18947368421052632,-0.23272304561715396,0.0,-0.8334781311517409,,PHM,190,190,11.986900887396445,False,False,False,False,0,False,242.76945003771272,3139.8048896723126,-2897.0354396345997,us_stocks,1d,MININDEX~CDLDOJI|and,retail,fixed_combo,24.0,0.0,False,False,True,and,0.49956029885352515,0.49956029885352515,0.0
-0.24073584031348574,0.18947368421052632,-0.23272304561715396,0.0,-0.8334781311517409,,PHM,190,190,11.986900887396445,False,False,False,False,0,False,242.76945003771272,3139.8048896723126,-2897.0354396345997,us_stocks,1d,MININDEX~CDLDOJI|gate,retail,fixed_combo,24.0,0.0,False,False,True,gate,0.49956029885352515,0.49956029885352515,0.0
-0.24183195183601303,0.22631578947368422,-0.2310801070019721,0.0,-0.8372730998699021,,PHM,190,190,11.986900887396445,False,False,False,False,0,False,550.1558465986667,3139.8048896723126,-2589.6490430736458,us_stocks,1d,HT_TRENDMODE~MININDEX|and,retail,fixed_combo,24.0,0.0,False,False,True,and,0.6825036836155948,0.6825036836155948,0.0
-0.24183195183601303,0.22631578947368422,-0.2310801070019721,0.0,-0.8372730998699021,,PHM,190,190,11.986900887396445,False,False,False,False,0,False,550.1558465986667,3139.8048896723126,-2589.6490430736458,us_stocks,1d,HT_TRENDMODE~MININDEX|gate,retail,fixed_combo,24.0,0.0,False,False,True,gate,0.6825036836155948,0.6825036836155948,0.0
-0.24183195183601303,0.22631578947368422,-0.2310801070019721,0.0,-0.8372730998699021,,PHM,190,190,11.986900887396445,False,False,False,False,0,False,550.1558465986667,3139.8048896723126,-2589.6490430736458,us_stocks,1d,MININDEX~HT_TRENDMODE|gate,retail,fixed_combo,24.0,0.0,False,False,True,gate,0.6825036836155948,0.6825036836155948,0.0
-0.24228905031082754,0.15789473684210525,-0.23223795747977471,0.0,-0.8388556709654422,,PHM,190,190,11.986900887396445,False,False,False,False,0,False,148.87320097680526,3139.8048896723126,-2990.9316886955075,us_stocks,1d,HT_PHASOR~CDLDOJI|and,retail,fixed_combo,24.0,0.0,False,False,True,and,0.3077338602971878,0.3077338602971878,0.0
-0.24232180884613508,0.15789473684210525,-0.23227374513859686,0.0,-0.8389690879072313,,PHM,190,190,11.986900887396445,False,False,False,False,0,False,150.03716774640873,3139.8048896723126,-2989.767721925904,us_stocks,1d,HT_PHASOR~CDLLONGLEGGEDDOJI|and,retail,fixed_combo,24.0,0.0,False,False,True,and,0.3076984938526485,0.3076984938526485,0.0
-0.24807885121352094,0.21052631578947367,-0.24192258159116695,0.0,-0.8589011798927111,,NCLH,190,190,11.986900887396445,False,False,False,False,0,False,198.69925718459228,3139.8048896723126,-2941.1056324877204,us_stocks,1d,HT_TRENDMODE~CORREL|and,retail,fixed_combo,24.0,0.0,False,False,True,and,0.4440227348862671,0.4440227348862671,0.0
-0.24825111498975586,0.18421052631578946,-0.2383333557505797,0.0,-0.859497593331169,,PHM,190,190,11.986900887396445,False,False,False,False,0,False,226.55224265734566,3139.8048896723126,-2913.252647014967,us_stocks,1d,CDLLONGLEGGEDDOJI~HT_TRENDMODE|gate,retail,fixed_combo,24.0,0.0,False,False,True,gate,0.46780308199109816,0.46780308199109816,0.0
-0.24825111498975586,0.18421052631578946,-0.2383333557505797,0.0,-0.859497593331169,,PHM,190,190,11.986900887396445,False,False,False,False,0,False,226.55224265734566,3139.8048896723126,-2913.252647014967,us_stocks,1d,HT_TRENDMODE~CDLLONGLEGGEDDOJI|and,retail,fixed_combo,24.0,0.0,False,False,True,and,0.46780308199109816,0.46780308199109816,0.0
-0.24825111498975586,0.18421052631578946,-0.2383333557505797,0.0,-0.859497593331169,,PHM,190,190,11.986900887396445,False,False,False,False,0,False,226.55224265734566,3139.8048896723126,-2913.252647014967,us_stocks,1d,HT_TRENDMODE~CDLLONGLEGGEDDOJI|gate,retail,fixed_combo,24.0,0.0,False,False,True,gate,0.46780308199109816,0.46780308199109816,0.0
-0.24844367909200796,0.18421052631578946,-0.23851881017431598,0.0,-0.8601642907695853,,PHM,190,190,11.986900887396445,False,False,False,False,0,False,225.2607477471214,3139.8048896723126,-2914.544141925191,us_stocks,1d,CDLDOJI~HT_TRENDMODE|gate,retail,fixed_combo,24.0,0.0,False,False,True,gate,0.4678747975977205,0.4678747975977205,0.0
-0.24844367909200796,0.18421052631578946,-0.23851881017431598,0.0,-0.8601642907695853,,PHM,190,190,11.986900887396445,False,False,False,False,0,False,225.2607477471214,3139.8048896723126,-2914.544141925191,us_stocks,1d,HT_TRENDMODE~CDLDOJI|and,retail,fixed_combo,24.0,0.0,False,False,True,and,0.4678747975977205,0.4678747975977205,0.0
-0.24844367909200796,0.18421052631578946,-0.23851881017431598,0.0,-0.8601642907695853,,PHM,190,190,11.986900887396445,False,False,False,False,0,False,225.2607477471214,3139.8048896723126,-2914.544141925191,us_stocks,1d,HT_TRENDMODE~CDLDOJI|gate,retail,fixed_combo,24.0,0.0,False,False,True,gate,0.4678747975977205,0.4678747975977205,0.0
-0.24981935620432874,0.2,-0.239838509536233,0.0,-0.8649271743815654,,KBH,190,190,11.986900887396445,False,False,False,False,0,False,645.3010777324353,3139.8048896723126,-2494.5038119398773,us_stocks,1d,HT_TRENDMODE~MAXINDEX|gate,retail,fixed_combo,24.0,0.0,False,False,True,gate,0.692779218027313,0.692779218027313,0.0
-0.24981935620432874,0.2,-0.239838509536233,0.0,-0.8649271743815654,,KBH,190,190,11.986900887396445,False,False,False,False,0,False,645.3010777324353,3139.8048896723126,-2494.5038119398773,us_stocks,1d,MAXINDEX~HT_TRENDMODE|and,retail,fixed_combo,24.0,0.0,False,False,True,and,0.692779218027313,0.692779218027313,0.0
-0.24981935620432874,0.2,-0.239838509536233,0.0,-0.8649271743815654,,KBH,190,190,11.986900887396445,False,False,False,False,0,False,645.3010777324353,3139.8048896723126,-2494.5038119398773,us_stocks,1d,MAXINDEX~HT_TRENDMODE|gate,retail,fixed_combo,24.0,0.0,False,False,True,gate,0.692779218027313,0.692779218027313,0.0
-0.2526882834536742,0.2,-0.2479670733293406,0.0,-0.8748600041549841,,MRNA,190,190,11.986900887396445,False,False,False,False,0,False,195.70615454549312,3139.8048896723126,-2944.0987351268195,us_stocks,1d,MININDEX~CORREL|and,retail,fixed_combo,24.0,0.0,False,False,True,and,0.4247589209882205,0.4247589209882205,0.0
-0.2601068738293048,0.21052631578947367,-0.2508007115409231,0.0,-0.9005447249427534,,THC,190,190,11.986900887396445,False,False,False,False,0,False,148.96326196375625,3139.8048896723126,-2990.841627708556,us_stocks,1d,CDLLONGLEGGEDDOJI~HT_DCPHASE|vote,retail,fixed_combo,24.0,0.0,False,False,True,vote,0.7590603746487949,0.5903722762273085,0.16868809842148638
-0.2602699962807079,0.21578947368421053,-0.25095943595671605,0.0,-0.9011094891912644,,THC,190,190,11.986900887396445,False,False,False,False,0,False,149.5185030116551,3139.8048896723126,-2990.2863866606576,us_stocks,1d,CDLDOJI~HT_DCPHASE|vote,retail,fixed_combo,24.0,0.0,False,False,True,vote,0.7590314236191692,0.5903722762273085,0.16865914739186064
-0.263156772743274,0.1736842105263158,-0.2504066065501795,0.0,-0.9111041166964139,,PHM,190,190,11.986900887396445,False,False,False,False,0,False,230.8840286136193,3139.8048896723126,-2908.9208610586934,us_stocks,1d,MININDEX~HT_PHASOR|and,retail,fixed_combo,24.0,0.0,False,False,True,and,0.4352957673480486,0.4352957673480486,0.0
-0.2692994696508804,0.16842105263157894,-0.259718710383464,0.0,-0.9323714258437198,,CPRI,190,190,11.986900887396445,False,False,False,False,0,False,285.8908950042179,3139.8048896723126,-2853.913994668095,us_stocks,1d,HT_TRENDMODE~HT_DCPHASE|vote,retail,fixed_combo,24.0,0.0,False,False,True,vote,0.6730429164426643,0.5903722762273085,0.08267064021535585
-0.2727025074771209,0.16842105263157894,-0.259575728457454,0.0,-0.9441534588138006,,KBH,190,190,11.986900887396445,False,False,False,False,0,False,39.03345362447244,3139.8048896723126,-3100.7714360478403,us_stocks,1d,HT_PHASOR~HT_DCPHASE|and,retail,fixed_combo,24.0,0.0,False,False,True,and,0.6077839822332566,0.3601785369651793,0.2476054452680773
-0.2727025074771209,0.16842105263157894,-0.259575728457454,0.0,-0.9441534588138006,,KBH,190,190,11.986900887396445,False,False,False,False,0,False,39.03345362447244,3139.8048896723126,-3100.7714360478403,us_stocks,1d,HT_PHASOR~HT_DCPHASE|vote,retail,fixed_combo,24.0,0.0,False,False,True,vote,0.6077839822332566,0.3601785369651793,0.2476054452680773
-0.2750239079246002,0.13157894736842105,-0.26933144314273966,0.0,-0.9521906355968683,,KBH,190,190,11.986900887396445,False,False,False,False,0,False,693.4417781577345,3139.8048896723126,-2446.363111514578,us_stocks,1d,MAXINDEX~MININDEX|and,retail,fixed_combo,24.0,0.0,False,False,True,and,0.7110091531681064,0.7110091531681064,0.0
-0.2750239079246002,0.13157894736842105,-0.26933144314273966,0.0,-0.9521906355968683,,KBH,190,190,11.986900887396445,False,False,False,False,0,False,693.4417781577345,3139.8048896723126,-2446.363111514578,us_stocks,1d,MAXINDEX~MININDEX|gate,retail,fixed_combo,24.0,0.0,False,False,True,gate,0.7110091531681064,0.7110091531681064,0.0
-0.2750239079246002,0.13157894736842105,-0.26933144314273966,0.0,-0.9521906355968683,,KBH,190,190,11.986900887396445,False,False,False,False,0,False,693.4417781577345,3139.8048896723126,-2446.363111514578,us_stocks,1d,MININDEX~MAXINDEX|gate,retail,fixed_combo,24.0,0.0,False,False,True,gate,0.7110091531681064,0.7110091531681064,0.0
-0.2786845032502172,0.18421052631578946,-0.2712085794744344,0.0,-0.9648643868211357,,MRNA,190,190,11.986900887396445,False,False,False,False,0,False,179.76115633642178,3139.8048896723126,-2960.043733335891,us_stocks,1d,MAXINDEX~HT_DCPHASE|vote,retail,fixed_combo,24.0,0.0,False,False,True,vote,0.6970290636353033,0.5903722762273085,0.10665678740799482
-0.28106552811574836,0.15263157894736842,-0.2741940735260763,0.0,-0.9731079958847654,,THC,190,190,11.986900887396445,False,False,False,False,0,False,381.7743394503078,3139.8048896723126,-2758.030550222005,us_stocks,1d,MININDEX~HT_DCPHASE|vote,retail,fixed_combo,24.0,0.0,False,False,True,vote,0.6150446281953197,0.5903722762273085,0.024672351968011156
-0.2812664276215564,0.14736842105263157,-0.27205905585880025,0.0,-0.9738035522441015,,THC,190,190,11.986900887396445,False,False,False,False,0,False,47.73370321940864,3139.8048896723126,-3092.071186452904,us_stocks,1d,HT_DCPHASE~MAXINDEX|gate,retail,fixed_combo,24.0,0.0,False,False,True,gate,0.8550912440830533,0.5521203077183566,0.30297093636469663
-0.28720791807067775,0.14210526315789473,-0.2805931903920957,0.0,-0.9943742422973191,,PHM,190,190,11.986900887396445,False,False,False,False,0,False,130.32511238663224,3139.8048896723126,-3009.4797772856805,us_stocks,1d,CDLLONGLEGGEDDOJI~HT_DCPHASE|and,retail,fixed_combo,24.0,0.0,False,False,True,and,0.3477444146324315,0.3477444146324315,0.0
-0.2872264900961071,0.14210526315789473,-0.2806107424643635,0.0,-0.9944385425569996,,PHM,190,190,11.986900887396445,False,False,False,False,0,False,130.540238585954,3139.8048896723126,-3009.2646510863588,us_stocks,1d,CDLDOJI~HT_DCPHASE|and,retail,fixed_combo,24.0,0.0,False,False,True,and,0.34779668993493834,0.34779668993493834,0.0
-0.287792547719987,0.1736842105263158,-0.28238996393607374,0.0,-0.9963983531521368,,PHM,190,190,11.986900887396445,False,False,False,False,0,False,117.28821029658336,3139.8048896723126,-3022.5166793757294,us_stocks,1d,CDLLONGLEGGEDDOJI~CORREL|and,retail,fixed_combo,24.0,0.0,False,False,True,and,0.30852529570021087,0.30852529570021087,0.0
-0.28789620537996363,0.1736842105263158,-0.28249097667475537,0.0,-0.9967572377810494,,PHM,190,190,11.986900887396445,False,False,False,False,0,False,117.29046691063542,3139.8048896723126,-3022.514422761677,us_stocks,1d,CDLDOJI~CORREL|and,retail,fixed_combo,24.0,0.0,False,False,True,and,0.30856423955223566,0.30856423955223566,0.0
-0.28871863105027923,0.1631578947368421,-0.2797579023467051,0.0,-0.9996046484940252,,THC,190,190,11.986900887396445,False,False,False,False,0,False,8.756141336184768,3139.8048896723126,-3131.048748336128,us_stocks,1d,HT_DCPHASE~CORREL|gate,retail,fixed_combo,24.0,0.0,False,False,True,gate,1.0,0.5903722762273085,0.4096277237726915
-0.28871863105027923,0.1631578947368421,-0.2797579023467051,0.0,-0.9996046484940252,,THC,190,190,11.986900887396445,False,False,False,False,0,False,8.756141336184768,3139.8048896723126,-3131.048748336128,us_stocks,1d,HT_DCPHASE~CORREL|or,retail,fixed_combo,24.0,0.0,False,False,True,or,1.0,0.5903722762273085,0.4096277237726915
-0.28871863105027923,0.1631578947368421,-0.2797579023467051,0.0,-0.9996046484940252,,THC,190,190,11.986900887396445,False,False,False,False,0,False,8.756141336184768,3139.8048896723126,-3131.048748336128,us_stocks,1d,HT_DCPHASE~HT_PHASOR|gate,retail,fixed_combo,24.0,0.0,False,False,True,gate,1.0,0.5903722762273085,0.4096277237726915
-0.2898187353285123,0.16842105263157894,-0.28421615932261174,0.0,-1.003413440972535,,THC,190,190,11.986900887396445,False,False,False,False,0,False,342.8521247064658,3139.8048896723126,-2796.9527649658467,us_stocks,1d,MAXINDEX~HT_DCPHASE|and,retail,fixed_combo,24.0,0.0,False,False,True,and,0.5521203077183566,0.5521203077183566,0.0
-0.2960724868610389,0.16842105263157894,-0.2883350070178608,0.0,-1.0250652445977453,,CPRI,190,190,11.986900887396445,False,False,False,False,0,False,30.44300848908564,3139.8048896723126,-3109.361881183227,us_stocks,1d,HT_DCPHASE~CORREL|and,retail,fixed_combo,24.0,0.0,False,False,True,and,0.5480112763185755,0.3317227479237424,0.21628852839483315
-0.2960724868610389,0.16842105263157894,-0.2883350070178608,0.0,-1.0250652445977453,,CPRI,190,190,11.986900887396445,False,False,False,False,0,False,30.44300848908564,3139.8048896723126,-3109.361881183227,us_stocks,1d,HT_DCPHASE~CORREL|vote,retail,fixed_combo,24.0,0.0,False,False,True,vote,0.5480112763185755,0.3317227479237424,0.21628852839483315
-0.30143300080445373,0.1631578947368421,-0.2913341725735974,0.0,-1.043624471747937,,MRNA,190,190,11.986900887396445,False,False,False,False,0,False,12.030733530468694,3139.8048896723126,-3127.774156141844,us_stocks,1d,HT_DCPHASE~CDLDOJI|gate,retail,fixed_combo,24.0,0.0,False,False,True,gate,0.5887652663157692,0.34779668993493834,0.24096857638083086
-0.30156479746640225,0.1631578947368421,-0.29145978422941293,0.0,-1.0440807795222586,,MRNA,190,190,11.986900887396445,False,False,False,False,0,False,11.0966002151705,3139.8048896723126,-3128.708289457142,us_stocks,1d,HT_DCPHASE~CDLLONGLEGGEDDOJI|gate,retail,fixed_combo,24.0,0.0,False,False,True,gate,0.5886840399836366,0.3477444146324315,0.2409396253512051
-0.303044775753111,0.18947368421052632,-0.29362695444494574,0.0,-1.049204775745442,,PHM,190,190,11.986900887396445,False,False,False,False,0,False,-2.103768553978469,3139.8048896723126,-3141.908658226291,us_stocks,1d,CORREL~CDLLONGLEGGEDDOJI|gate,retail,fixed_combo,24.0,0.0,False,False,True,gate,0.5886840399836366,0.30852529570021087,0.28015874428342574
-0.3030795133123733,0.18947368421052632,-0.293659086398869,0.0,-1.0493250444845588,,PHM,190,190,11.986900887396445,False,False,False,False,0,False,-1.912034035785661,3139.8048896723126,-3141.7169237080984,us_stocks,1d,CORREL~CDLDOJI|gate,retail,fixed_combo,24.0,0.0,False,False,True,gate,0.5887652663157692,0.30856423955223566,0.2802010267635336
-0.31475994542090896,0.1736842105263158,-0.30433973974579137,0.0,-1.089765158063782,,MRNA,190,190,11.986900887396445,False,False,False,False,0,False,-3.109266579808846,3139.8048896723126,-3142.9141562521213,us_stocks,1d,HT_DCPHASE~HT_TRENDMODE|gate,retail,fixed_combo,24.0,0.0,False,False,True,gate,0.7996980999412081,0.47274101638387245,0.3269570835573356
-0.3198137036043058,0.1736842105263158,-0.3120490872309054,0.0,-1.1072623322298938,,MRNA,190,190,11.986900887396445,False,False,False,False,0,False,202.1602995467912,3139.8048896723126,-2937.6445901255215,us_stocks,1d,HT_TRENDMODE~HT_DCPHASE|and,retail,fixed_combo,24.0,0.0,False,False,True,and,0.47274101638387245,0.47274101638387245,0.0
-0.3271933668411962,0.1631578947368421,-0.3179740068439518,0.0,-1.1328122790728863,,THC,190,190,11.986900887396445,False,False,False,False,0,False,-19.423143883672846,3139.8048896723126,-3159.2280335559853,us_stocks,1d,HT_DCPHASE~MININDEX|gate,retail,fixed_combo,24.0,0.0,False,False,True,gate,0.8513880900511418,0.46643271824646154,0.3849553718046803
-0.3451324257443688,0.14210526315789473,-0.33859019108285615,0.0,-1.1949210754605244,,CPRI,190,190,11.986900887396445,False,False,False,False,0,False,183.82644985874958,3139.8048896723126,-2955.978439813563,us_stocks,1d,MININDEX~HT_DCPHASE|and,retail,fixed_combo,24.0,0.0,False,False,True,and,0.46643271824646154,0.46643271824646154,0.0
-0.01545512195929692,0.4263157894736842,0.003702850187678963,0.5085037169871365,-0.05350888405558041,,KBH,190,190,11.986900887396445,False,False,False,False,0,False,2384.1188951676777,3139.8048896723126,-755.6859945046349,us_stocks,1d,MAXINDEX~HT_TRENDMODE|or,wide,fixed_combo,24.0,0.0,False,False,True,or,0.9620101259969484,0.9620101259969484,0.0
-0.01545512195929692,0.4263157894736842,0.003702850187678963,0.5085037169871365,-0.05350888405558041,,KBH,190,190,11.986900887396445,False,False,False,False,0,False,2384.1188951676777,3139.8048896723126,-755.6859945046349,us_stocks,1d,MAXINDEX~HT_TRENDMODE|vote,wide,fixed_combo,24.0,0.0,False,False,True,vote,0.9620101259969484,0.9620101259969484,0.0
-0.06119853791577846,0.4036144578313253,-0.052535013750221654,0.0,-0.21188221473312793,,CPRI,190,166,11.986900887396445,False,False,False,False,0,False,2937.873315846345,3139.8048896723126,-201.93157382596746,us_stocks,1d,MAXINDEX~MININDEX|or,wide,fixed_combo,24.0,0.0,False,False,True,or,0.9954701809660886,0.9954701809660886,0.0
-0.06119853791577846,0.4036144578313253,-0.052535013750221654,0.0,-0.21188221473312793,,CPRI,190,166,11.986900887396445,False,False,False,False,0,False,2937.873315846345,3139.8048896723126,-201.93157382596746,us_stocks,1d,MAXINDEX~MININDEX|vote,wide,fixed_combo,24.0,0.0,False,False,True,vote,0.9954701809660886,0.9954701809660886,0.0
-0.062299504795699956,0.3473684210526316,-0.030983852294021844,0.0,-0.2156939937201786,,KBH,190,190,11.986900887396445,False,False,False,False,0,False,2061.842631274944,3139.8048896723126,-1077.9622583973687,us_stocks,1d,HT_TRENDMODE~CDLDOJI|or,wide,fixed_combo,24.0,0.0,False,False,True,or,0.9205885686592569,0.9205885686592569,0.0
-0.062299504795699956,0.3473684210526316,-0.030983852294021844,0.0,-0.2156939937201786,,KBH,190,190,11.986900887396445,False,False,False,False,0,False,2061.842631274944,3139.8048896723126,-1077.9622583973687,us_stocks,1d,HT_TRENDMODE~CDLDOJI|vote,wide,fixed_combo,24.0,0.0,False,False,True,vote,0.9205885686592569,0.9205885686592569,0.0
-0.062370467805445036,0.3473684210526316,-0.031050303005391248,0.0,-0.21593968259087692,,KBH,190,190,11.986900887396445,False,False,False,False,0,False,2059.6911536336956,3139.8048896723126,-1080.113736038617,us_stocks,1d,HT_TRENDMODE~CDLLONGLEGGEDDOJI|or,wide,fixed_combo,24.0,0.0,False,False,True,or,0.9205790579337465,0.9205790579337465,0.0
-0.062370467805445036,0.3473684210526316,-0.031050303005391248,0.0,-0.21593968259087692,,KBH,190,190,11.986900887396445,False,False,False,False,0,False,2059.6911536336956,3139.8048896723126,-1080.113736038617,us_stocks,1d,HT_TRENDMODE~CDLLONGLEGGEDDOJI|vote,wide,fixed_combo,24.0,0.0,False,False,True,vote,0.9205790579337465,0.9205790579337465,0.0
-0.07141039888967585,0.29473684210526313,-0.04503356966148155,0.0,-0.24723782604975578,,MRNA,190,190,11.986900887396445,False,False,False,False,0,False,367.1807512629969,3139.8048896723126,-2772.6241384093155,us_stocks,1d,CDLLONGLEGGEDDOJI~CORREL|or,wide,fixed_combo,24.0,0.0,False,False,True,or,1.0,0.8052206875850266,0.19477931241497348
-0.07149536784491793,0.29473684210526313,-0.045111115537158575,0.0,-0.2475320064506835,,MRNA,190,190,11.986900887396445,False,False,False,False,0,False,367.37182943985573,3139.8048896723126,-2772.4330602324567,us_stocks,1d,CDLDOJI~CORREL|or,wide,fixed_combo,24.0,0.0,False,False,True,or,1.0,0.8052629700651344,0.1947370299348656
-0.08093650297349236,0.4126984126984127,-0.06724551907671332,0.0,-0.28021920272635353,,ENPH,190,189,11.986900887396445,False,False,False,False,0,False,3089.457873038651,3139.8048896723126,-50.3470166336615,us_stocks,1d,MININDEX~HT_DCPHASE|or,wide,fixed_combo,24.0,0.0,False,False,True,or,1.0,0.9753276480319888,0.024672351968011156
-0.10576363836152146,0.34210526315789475,-0.07985726393012547,0.0,-0.36617596918920975,,ABNB,190,190,11.986900887396445,False,False,False,False,0,False,1366.2576283294027,3139.8048896723126,-1773.54726134291,us_stocks,1d,MININDEX~HT_PHASOR|or,wide,fixed_combo,24.0,0.0,False,False,True,or,1.0,0.9382931381728868,0.06170686182711325
-0.11935420136658273,0.3,-0.08760843159168333,0.0,-0.4132293578329941,,FIS,190,190,11.986900887396445,False,False,False,False,0,False,957.5516034046169,3139.8048896723126,-2182.253286267696,us_stocks,1d,HT_TRENDMODE~CORREL|or,wide,fixed_combo,24.0,0.0,False,False,True,or,1.0,0.8807373083565417,0.11926269164345817
-0.12305241727371245,0.3105263157894737,-0.09061914869892765,0.0,-0.42603335942601095,,KBH,190,190,11.986900887396445,False,False,False,False,0,False,1564.902240727998,3139.8048896723126,-1574.9026489443145,us_stocks,1d,HT_TRENDMODE~HT_DCPHASE|or,wide,fixed_combo,24.0,0.0,False,False,True,or,1.0,0.9173293597846442,0.08267064021535585
-0.12361565624052882,0.3526315789473684,-0.10850465358727047,0.0,-0.427983411237335,,MRNA,190,190,11.986900887396445,False,False,False,False,0,False,3289.6630172478476,3139.8048896723126,149.85812757553504,us_stocks,1d,MAXINDEX~CDLDOJI|or,wide,fixed_combo,24.0,0.0,False,False,True,or,0.9405192514353421,0.9405192514353421,0.0
-0.12361565624052882,0.3526315789473684,-0.10850465358727047,0.0,-0.427983411237335,,MRNA,190,190,11.986900887396445,False,False,False,False,0,False,3289.6630172478476,3139.8048896723126,149.85812757553504,us_stocks,1d,MAXINDEX~CDLDOJI|vote,wide,fixed_combo,24.0,0.0,False,False,True,vote,0.9405192514353421,0.9405192514353421,0.0
-0.12378951481634358,0.3526315789473684,-0.10868009677886627,0.0,-0.4285853462074919,,MRNA,190,190,11.986900887396445,False,False,False,False,0,False,3288.6432078851885,3139.8048896723126,148.83831821287595,us_stocks,1d,MAXINDEX~CDLLONGLEGGEDDOJI|or,wide,fixed_combo,24.0,0.0,False,False,True,or,0.9405117609240741,0.9405117609240741,0.0
-0.12378951481634358,0.3526315789473684,-0.10868009677886627,0.0,-0.4285853462074919,,MRNA,190,190,11.986900887396445,False,False,False,False,0,False,3288.6432078851885,3139.8048896723126,148.83831821287595,us_stocks,1d,MAXINDEX~CDLLONGLEGGEDDOJI|vote,wide,fixed_combo,24.0,0.0,False,False,True,vote,0.9405117609240741,0.9405117609240741,0.0
-0.1305882081911472,0.29473684210526313,-0.08881180428356175,0.0,-0.4521238531490676,,CPRI,190,190,11.986900887396445,False,False,False,False,0,False,934.5646586139945,3139.8048896723126,-2205.240231058318,us_stocks,1d,HT_TRENDMODE~HT_PHASOR|or,wide,fixed_combo,24.0,0.0,False,False,True,or,1.0,0.8995940299689161,0.10040597003108385
-0.13158688595572066,0.33157894736842103,-0.11447247227309076,0.0,-0.45558148569665824,,ATI,190,190,11.986900887396445,False,False,False,False,0,False,2751.5036873174395,3139.8048896723126,-388.3012023548731,us_stocks,1d,MININDEX~CDLDOJI|or,wide,fixed_combo,24.0,0.0,False,False,True,or,0.9405930575133861,0.9405930575133861,0.0
-0.13158688595572066,0.33157894736842103,-0.11447247227309076,0.0,-0.45558148569665824,,ATI,190,190,11.986900887396445,False,False,False,False,0,False,2751.5036873174395,3139.8048896723126,-388.3012023548731,us_stocks,1d,MININDEX~CDLDOJI|vote,wide,fixed_combo,24.0,0.0,False,False,True,vote,0.9405930575133861,0.9405930575133861,0.0
-0.13168036921053622,0.33157894736842103,-0.11456789092168336,0.0,-0.45590514439415913,,ATI,190,190,11.986900887396445,False,False,False,False,0,False,2751.638167103532,3139.8048896723126,-388.16672256878064,us_stocks,1d,MININDEX~CDLLONGLEGGEDDOJI|or,wide,fixed_combo,24.0,0.0,False,False,True,or,0.9405756229087447,0.9405756229087447,0.0
-0.13168036921053622,0.33157894736842103,-0.11456789092168336,0.0,-0.45590514439415913,,ATI,190,190,11.986900887396445,False,False,False,False,0,False,2751.638167103532,3139.8048896723126,-388.16672256878064,us_stocks,1d,MININDEX~CDLLONGLEGGEDDOJI|vote,wide,fixed_combo,24.0,0.0,False,False,True,vote,0.9405756229087447,0.9405756229087447,0.0
-0.13234734876500726,0.3105263157894737,-0.11692288885804282,0.0,-0.4582143679474657,,NCLH,190,190,11.986900887396445,False,False,False,False,0,False,1470.0485522339557,3139.8048896723126,-1669.756337438357,us_stocks,1d,MAXINDEX~CORREL|or,wide,fixed_combo,24.0,0.0,False,False,True,or,1.0,0.9195347334792681,0.08046526652073192
-0.1526806953569002,0.2578947368421053,-0.12248596917096274,0.0,-0.5286126920831767,,PHM,190,190,11.986900887396445,False,False,False,False,0,False,1082.239472049037,3139.8048896723126,-2057.5654176232756,us_stocks,1d,IS#1[combo],wide,wf_combo,12.0,8.0,False,False,True,,,,
-0.1561476548302769,0.26842105263157895,-0.13292320851066158,0.0,-0.5406160352450672,,KBH,190,190,11.986900887396445,False,False,False,False,0,False,929.1208907926621,3139.8048896723126,-2210.6839988796505,us_stocks,1d,MAXINDEX~HT_PHASOR|or,wide,fixed_combo,24.0,0.0,False,False,True,or,1.0,0.9184231730992038,0.08157682690079615
-0.16568196058488005,0.3,-0.1486006026160022,0.0,-0.5736258078315996,,ATI,190,190,11.986900887396445,False,False,False,False,0,False,2647.626270129882,3139.8048896723126,-492.1786195424306,us_stocks,1d,HT_TRENDMODE~MININDEX|or,wide,fixed_combo,24.0,0.0,False,False,True,or,0.9685825063767554,0.9685825063767554,0.0
-0.16568196058488005,0.3,-0.1486006026160022,0.0,-0.5736258078315996,,ATI,190,190,11.986900887396445,False,False,False,False,0,False,2647.626270129882,3139.8048896723126,-492.1786195424306,us_stocks,1d,HT_TRENDMODE~MININDEX|vote,wide,fixed_combo,24.0,0.0,False,False,True,vote,0.9685825063767554,0.9685825063767554,0.0
-0.1670095996983834,0.2736842105263158,-0.15383799146013108,0.0,-0.578222373784246,,NOC,190,190,11.986900887396445,False,False,False,False,0,False,1653.0799603540604,3139.8048896723126,-1486.7249293182522,us_stocks,1d,MININDEX~CORREL|or,wide,fixed_combo,24.0,0.0,False,False,True,or,1.0,0.9516911123645222,0.048308887635477804
-0.1763997163141844,0.21578947368421053,-0.1559139389917075,0.0,-0.6107329332341525,,NCLH,190,190,11.986900887396445,False,False,False,False,0,False,103.96920469706602,3139.8048896723126,-3035.8356849752467,us_stocks,1d,CDLLONGLEGGEDDOJI~CORREL|vote,wide,fixed_combo,24.0,0.0,False,False,True,vote,0.7198412557165743,0.5250619433016007,0.19477931241497348
-0.17644971965788464,0.21578947368421053,-0.15596106362393836,0.0,-0.6109060553309883,,NCLH,190,190,11.986900887396445,False,False,False,False,0,False,104.06590388767418,3139.8048896723126,-3035.7389857846383,us_stocks,1d,CDLDOJI~CORREL|vote,wide,fixed_combo,24.0,0.0,False,False,True,vote,0.7197989732364665,0.5250619433016007,0.1947370299348656
-0.1793613766914289,0.22105263157894736,-0.15337771939120437,0.0,-0.6209868246078567,,PHM,190,190,11.986900887396445,False,False,False,False,0,False,647.8413132402591,3139.8048896723126,-2491.9635764320537,us_stocks,1d,CDLLONGLEGGEDDOJI~HT_DCPHASE|or,wide,fixed_combo,24.0,0.0,False,False,True,or,1.0,0.8313119015785136,0.16868809842148638
-0.17967919351608694,0.22631578947368422,-0.1536754704571618,0.0,-0.6220871733250216,,PHM,190,190,11.986900887396445,False,False,False,False,0,False,649.1289767056136,3139.8048896723126,-2490.675912966699,us_stocks,1d,CDLDOJI~HT_DCPHASE|or,wide,fixed_combo,24.0,0.0,False,False,True,or,1.0,0.8313408526081394,0.16865914739186064
-0.18157762454611479,0.23684210526315788,-0.17075736859280263,0.0,-0.628659940990059,,KBH,190,190,11.986900887396445,False,False,False,False,0,False,1447.8629653039184,3139.8048896723126,-1691.9419243683942,us_stocks,1d,MAXINDEX~CORREL|gate,wide,fixed_combo,24.0,0.0,False,False,True,gate,0.8550912440830533,0.8550912440830533,0.0
-0.18157762454611479,0.23684210526315788,-0.17075736859280263,0.0,-0.628659940990059,,KBH,190,190,11.986900887396445,False,False,False,False,0,False,1447.8629653039184,3139.8048896723126,-1691.9419243683942,us_stocks,1d,MAXINDEX~HT_DCPHASE|gate,wide,fixed_combo,24.0,0.0,False,False,True,gate,0.8550912440830533,0.8550912440830533,0.0
-0.18157762454611479,0.23684210526315788,-0.17075736859280263,0.0,-0.628659940990059,,KBH,190,190,11.986900887396445,False,False,False,False,0,False,1447.8629653039184,3139.8048896723126,-1691.9419243683942,us_stocks,1d,MAXINDEX~HT_PHASOR|gate,wide,fixed_combo,24.0,0.0,False,False,True,gate,0.8550912440830533,0.8550912440830533,0.0
-0.18603037391712998,0.25263157894736843,-0.1706222460780572,0.0,-0.6440762961925416,,MRNA,190,190,11.986900887396445,False,False,False,False,0,False,811.8605312413004,3139.8048896723126,-2327.944358431012,us_stocks,1d,MAXINDEX~HT_DCPHASE|or,wide,fixed_combo,24.0,0.0,False,False,True,or,1.0,0.8933432125920051,0.10665678740799482
-0.19664960858791172,0.2578947368421053,-0.16284230712648048,0.0,-0.6808423209611815,,CPRI,190,190,11.986900887396445,False,False,False,False,0,False,999.2257086352793,3139.8048896723126,-2140.5791810370333,us_stocks,1d,HT_TRENDMODE~CORREL|gate,wide,fixed_combo,24.0,0.0,False,False,True,gate,0.7996980999412081,0.7996980999412081,0.0
-0.19664960858791172,0.2578947368421053,-0.16284230712648048,0.0,-0.6808423209611815,,CPRI,190,190,11.986900887396445,False,False,False,False,0,False,999.2257086352793,3139.8048896723126,-2140.5791810370333,us_stocks,1d,HT_TRENDMODE~HT_DCPHASE|gate,wide,fixed_combo,24.0,0.0,False,False,True,gate,0.7996980999412081,0.7996980999412081,0.0
-0.19664960858791172,0.2578947368421053,-0.16284230712648048,0.0,-0.6808423209611815,,CPRI,190,190,11.986900887396445,False,False,False,False,0,False,999.2257086352793,3139.8048896723126,-2140.5791810370333,us_stocks,1d,HT_TRENDMODE~HT_PHASOR|gate,wide,fixed_combo,24.0,0.0,False,False,True,gate,0.7996980999412081,0.7996980999412081,0.0
-0.19938009946254245,0.22105263157894736,-0.17646107232546882,0.0,-0.6902958548776542,,PHM,190,190,11.986900887396445,False,False,False,False,0,False,428.1646193123775,3139.8048896723126,-2711.640270359935,us_stocks,1d,CDLDOJI~CDLLONGLEGGEDDOJI|and,wide,fixed_combo,24.0,0.0,False,False,True,and,0.5886840399836366,0.5886840399836366,0.0
-0.19938009946254245,0.22105263157894736,-0.17646107232546882,0.0,-0.6902958548776542,,PHM,190,190,11.986900887396445,False,False,False,False,0,False,428.1646193123775,3139.8048896723126,-2711.640270359935,us_stocks,1d,CDLDOJI~CDLLONGLEGGEDDOJI|gate,wide,fixed_combo,24.0,0.0,False,False,True,gate,0.5886840399836366,0.5886840399836366,0.0
-0.19938009946254245,0.22105263157894736,-0.17646107232546882,0.0,-0.6902958548776542,,PHM,190,190,11.986900887396445,False,False,False,False,0,False,428.1646193123775,3139.8048896723126,-2711.640270359935,us_stocks,1d,CDLLONGLEGGEDDOJI~CDLDOJI|gate,wide,fixed_combo,24.0,0.0,False,False,True,gate,0.5886840399836366,0.5886840399836366,0.0
-0.19938009946254245,0.22105263157894736,-0.17646107232546882,0.0,-0.6902958548776542,,PHM,190,190,11.986900887396445,False,False,False,False,0,False,428.1646193123775,3139.8048896723126,-2711.640270359935,us_stocks,1d,CDLLONGLEGGEDDOJI~CORREL|gate,wide,fixed_combo,24.0,0.0,False,False,True,gate,0.5886840399836366,0.5886840399836366,0.0
-0.19938009946254245,0.22105263157894736,-0.17646107232546882,0.0,-0.6902958548776542,,PHM,190,190,11.986900887396445,False,False,False,False,0,False,428.1646193123775,3139.8048896723126,-2711.640270359935,us_stocks,1d,CDLLONGLEGGEDDOJI~HT_DCPHASE|gate,wide,fixed_combo,24.0,0.0,False,False,True,gate,0.5886840399836366,0.5886840399836366,0.0
-0.19938009946254245,0.22105263157894736,-0.17646107232546882,0.0,-0.6902958548776542,,PHM,190,190,11.986900887396445,False,False,False,False,0,False,428.1646193123775,3139.8048896723126,-2711.640270359935,us_stocks,1d,CDLLONGLEGGEDDOJI~HT_PHASOR|gate,wide,fixed_combo,24.0,0.0,False,False,True,gate,0.5886840399836366,0.5886840399836366,0.0
-0.1996277798808701,0.22105263157894736,-0.17669221914906158,0.0,-0.6911533765990638,,PHM,190,190,11.986900887396445,False,False,False,False,0,False,426.6677948541838,3139.8048896723126,-2713.137094818129,us_stocks,1d,CDLDOJI~CDLLONGLEGGEDDOJI|or,wide,fixed_combo,24.0,0.0,False,False,True,or,0.5887652663157692,0.5887652663157692,0.0
-0.1996277798808701,0.22105263157894736,-0.17669221914906158,0.0,-0.6911533765990638,,PHM,190,190,11.986900887396445,False,False,False,False,0,False,426.6677948541838,3139.8048896723126,-2713.137094818129,us_stocks,1d,CDLDOJI~CDLLONGLEGGEDDOJI|vote,wide,fixed_combo,24.0,0.0,False,False,True,vote,0.5887652663157692,0.5887652663157692,0.0
-0.1996277798808701,0.22105263157894736,-0.17669221914906158,0.0,-0.6911533765990638,,PHM,190,190,11.986900887396445,False,False,False,False,0,False,426.6677948541838,3139.8048896723126,-2713.137094818129,us_stocks,1d,CDLDOJI~CORREL|gate,wide,fixed_combo,24.0,0.0,False,False,True,gate,0.5887652663157692,0.5887652663157692,0.0
-0.1996277798808701,0.22105263157894736,-0.17669221914906158,0.0,-0.6911533765990638,,PHM,190,190,11.986900887396445,False,False,False,False,0,False,426.6677948541838,3139.8048896723126,-2713.137094818129,us_stocks,1d,CDLDOJI~HT_DCPHASE|gate,wide,fixed_combo,24.0,0.0,False,False,True,gate,0.5887652663157692,0.5887652663157692,0.0
-0.1996277798808701,0.22105263157894736,-0.17669221914906158,0.0,-0.6911533765990638,,PHM,190,190,11.986900887396445,False,False,False,False,0,False,426.6677948541838,3139.8048896723126,-2713.137094818129,us_stocks,1d,CDLDOJI~HT_PHASOR|gate,wide,fixed_combo,24.0,0.0,False,False,True,gate,0.5887652663157692,0.5887652663157692,0.0
-0.20795909445518937,0.21052631578947367,-0.1865213754515294,0.0,-0.719998140604284,,NCLH,190,190,11.986900887396445,False,False,False,False,0,False,167.93520707867287,3139.8048896723126,-2971.8696825936395,us_stocks,1d,HT_TRENDMODE~CORREL|vote,wide,fixed_combo,24.0,0.0,False,False,True,vote,0.644324634945059,0.5250619433016007,0.11926269164345817
-0.21278934793587534,0.18947368421052632,-0.16757001200254978,0.0,-0.7367214944631395,,PHM,190,190,11.986900887396445,False,False,False,False,0,False,145.29019805247825,3139.8048896723126,-2994.514691619834,us_stocks,1d,HT_PHASOR~CDLLONGLEGGEDDOJI|vote,wide,fixed_combo,24.0,0.0,False,False,True,vote,0.719014453869012,0.5222008154697935,0.19681363839921848
-0.2130447348873619,0.19473684210526315,-0.16781016178987376,0.0,-0.7376056978238371,,PHM,190,190,11.986900887396445,False,False,False,False,0,False,146.06724653426033,3139.8048896723126,-2993.737643138052,us_stocks,1d,HT_PHASOR~CDLDOJI|vote,wide,fixed_combo,24.0,0.0,False,False,True,vote,0.7189685939814185,0.5222008154697935,0.19676777851162516
-0.21825480727347243,0.22105263157894736,-0.17661415287492085,0.0,-0.7556440646490091,,PHM,190,190,11.986900887396445,False,False,False,False,0,False,259.7477951783015,3139.8048896723126,-2880.057094494011,us_stocks,1d,MININDEX~HT_PHASOR|vote,wide,fixed_combo,24.0,0.0,False,False,True,vote,0.5839076772969067,0.5222008154697935,0.06170686182711325
-0.22177485035458772,0.21052631578947367,-0.20458954685081618,0.0,-0.7678311944299387,,NCLH,190,190,11.986900887396445,False,False,False,False,0,False,5.051680630741367,3139.8048896723126,-3134.753209041571,us_stocks,1d,CORREL~HT_DCPHASE|gate,wide,fixed_combo,24.0,0.0,False,False,True,gate,1.0,0.5250619433016007,0.47493805669839917
-0.22177485035458772,0.21052631578947367,-0.20458954685081618,0.0,-0.7678311944299387,,NCLH,190,190,11.986900887396445,False,False,False,False,0,False,5.051680630741367,3139.8048896723126,-3134.753209041571,us_stocks,1d,CORREL~HT_PHASOR|gate,wide,fixed_combo,24.0,0.0,False,False,True,gate,1.0,0.5250619433016007,0.47493805669839917
-0.22274721201873718,0.23157894736842105,-0.20758983223297722,0.0,-0.7711977151008265,,NCLH,190,190,11.986900887396445,False,False,False,False,0,False,208.52209219920704,3139.8048896723126,-2931.2827974731053,us_stocks,1d,MAXINDEX~CORREL|vote,wide,fixed_combo,24.0,0.0,False,False,True,vote,0.6055272098223327,0.5250619433016007,0.08046526652073192
-0.22507746467943923,0.23157894736842105,-0.178737741317705,0.0,-0.77926554010862,,PHM,190,190,11.986900887396445,False,False,False,False,0,False,241.4829083755522,3139.8048896723126,-2898.3219812967604,us_stocks,1d,HT_TRENDMODE~HT_PHASOR|vote,wide,fixed_combo,24.0,0.0,False,False,True,vote,0.6226067855008773,0.5222008154697935,0.10040597003108385
-0.22766922079498306,0.22105263157894736,-0.2135736140004074,0.0,-0.7882387450986688,,NCLH,190,190,11.986900887396445,False,False,False,False,0,False,202.76195938237254,3139.8048896723126,-2937.04293028994,us_stocks,1d,MININDEX~CORREL|vote,wide,fixed_combo,24.0,0.0,False,False,True,vote,0.5733708309370786,0.5250619433016007,0.048308887635477804
-0.22777383381606006,0.22105263157894736,-0.18341377073201787,0.0,-0.7886009373887236,,PHM,190,190,11.986900887396445,False,False,False,False,0,False,15.306648559017912,3139.8048896723126,-3124.4982411132946,us_stocks,1d,HT_PHASOR~CDLDOJI|or,wide,fixed_combo,24.0,0.0,False,False,True,or,1.0,0.5222008154697935,0.47779918453020653
-0.22777383381606006,0.22105263157894736,-0.18341377073201787,0.0,-0.7886009373887236,,PHM,190,190,11.986900887396445,False,False,False,False,0,False,15.306648559017912,3139.8048896723126,-3124.4982411132946,us_stocks,1d,HT_PHASOR~CDLLONGLEGGEDDOJI|or,wide,fixed_combo,24.0,0.0,False,False,True,or,1.0,0.5222008154697935,0.47779918453020653
-0.22777383381606006,0.22105263157894736,-0.18341377073201787,0.0,-0.7886009373887236,,PHM,190,190,11.986900887396445,False,False,False,False,0,False,15.306648559017912,3139.8048896723126,-3124.4982411132946,us_stocks,1d,HT_PHASOR~CORREL|gate,wide,fixed_combo,24.0,0.0,False,False,True,gate,1.0,0.5222008154697935,0.47779918453020653
-0.22777383381606006,0.22105263157894736,-0.18341377073201787,0.0,-0.7886009373887236,,PHM,190,190,11.986900887396445,False,False,False,False,0,False,15.306648559017912,3139.8048896723126,-3124.4982411132946,us_stocks,1d,HT_PHASOR~CORREL|or,wide,fixed_combo,24.0,0.0,False,False,True,or,1.0,0.5222008154697935,0.47779918453020653
-0.22777383381606006,0.22105263157894736,-0.18341377073201787,0.0,-0.7886009373887236,,PHM,190,190,11.986900887396445,False,False,False,False,0,False,15.306648559017912,3139.8048896723126,-3124.4982411132946,us_stocks,1d,HT_PHASOR~HT_DCPHASE|gate,wide,fixed_combo,24.0,0.0,False,False,True,gate,1.0,0.5222008154697935,0.47779918453020653
-0.22777383381606006,0.22105263157894736,-0.18341377073201787,0.0,-0.7886009373887236,,PHM,190,190,11.986900887396445,False,False,False,False,0,False,15.306648559017912,3139.8048896723126,-3124.4982411132946,us_stocks,1d,HT_PHASOR~HT_DCPHASE|or,wide,fixed_combo,24.0,0.0,False,False,True,or,1.0,0.5222008154697935,0.47779918453020653
-0.22861136607021224,0.20526315789473684,-0.21665165229756067,0.0,-0.79150065027344,,ATI,190,190,11.986900887396445,False,False,False,False,0,False,1339.9914596281553,3139.8048896723126,-1799.8134300441573,us_stocks,1d,MININDEX~CORREL|gate,wide,fixed_combo,24.0,0.0,False,False,True,gate,0.8513880900511418,0.8513880900511418,0.0
-0.22861136607021224,0.20526315789473684,-0.21665165229756067,0.0,-0.79150065027344,,ATI,190,190,11.986900887396445,False,False,False,False,0,False,1339.9914596281553,3139.8048896723126,-1799.8134300441573,us_stocks,1d,MININDEX~HT_DCPHASE|gate,wide,fixed_combo,24.0,0.0,False,False,True,gate,0.8513880900511418,0.8513880900511418,0.0
-0.22861136607021224,0.20526315789473684,-0.21665165229756067,0.0,-0.79150065027344,,ATI,190,190,11.986900887396445,False,False,False,False,0,False,1339.9914596281553,3139.8048896723126,-1799.8134300441573,us_stocks,1d,MININDEX~HT_PHASOR|gate,wide,fixed_combo,24.0,0.0,False,False,True,gate,0.8513880900511418,0.8513880900511418,0.0
-0.2309337728042309,0.21578947368421053,-0.19083259580056905,0.0,-0.7995413110322347,,KBH,190,190,11.986900887396445,False,False,False,False,0,False,225.62394462083444,3139.8048896723126,-2914.1809450514784,us_stocks,1d,MAXINDEX~HT_PHASOR|vote,wide,fixed_combo,24.0,0.0,False,False,True,vote,0.6037776423705896,0.5222008154697935,0.08157682690079615
-0.23335488153334072,0.19473684210526315,-0.2151828305504108,0.0,-0.8079236988654125,,NCLH,190,190,11.986900887396445,False,False,False,False,0,False,0.8437701887659664,3139.8048896723126,-3138.9611194835466,us_stocks,1d,CORREL~MAXINDEX|gate,wide,fixed_combo,24.0,0.0,False,False,True,gate,0.8550912440830533,0.460618453905386,0.39447279017766734
-0.23384673239790488,0.19473684210526315,-0.19186352395301345,0.0,-0.8096265900463371,,PHM,190,190,11.986900887396445,False,False,False,False,0,False,40.86540684466277,3139.8048896723126,-3098.93948282765,us_stocks,1d,HT_PHASOR~MAXINDEX|gate,wide,fixed_combo,24.0,0.0,False,False,True,gate,0.8550912440830533,0.45886888645364293,0.3962223576294104
-0.23720953262494135,0.20526315789473684,-0.21888456451082658,0.0,-0.821269311981788,,NCLH,190,190,11.986900887396445,False,False,False,False,0,False,2.8006105272729824,3139.8048896723126,-3137.0042791450396,us_stocks,1d,CORREL~MININDEX|gate,wide,fixed_combo,24.0,0.0,False,False,True,gate,0.8513880900511418,0.4247589209882205,0.42662916906292137
-0.23830301198059867,0.18421052631578946,-0.21743270544138105,0.0,-0.8250551675844247,,PHM,190,190,11.986900887396445,False,False,False,False,0,False,230.5600811852624,3139.8048896723126,-2909.2448084870502,us_stocks,1d,CDLLONGLEGGEDDOJI~MAXINDEX|gate,wide,fixed_combo,24.0,0.0,False,False,True,gate,0.5032635231426158,0.5032635231426158,0.0
-0.23830301198059867,0.18421052631578946,-0.21743270544138105,0.0,-0.8250551675844247,,PHM,190,190,11.986900887396445,False,False,False,False,0,False,230.5600811852624,3139.8048896723126,-2909.2448084870502,us_stocks,1d,MAXINDEX~CDLLONGLEGGEDDOJI|and,wide,fixed_combo,24.0,0.0,False,False,True,and,0.5032635231426158,0.5032635231426158,0.0
-0.23830301198059867,0.18421052631578946,-0.21743270544138105,0.0,-0.8250551675844247,,PHM,190,190,11.986900887396445,False,False,False,False,0,False,230.5600811852624,3139.8048896723126,-2909.2448084870502,us_stocks,1d,MAXINDEX~CDLLONGLEGGEDDOJI|gate,wide,fixed_combo,24.0,0.0,False,False,True,gate,0.5032635231426158,0.5032635231426158,0.0
-0.23853243279003433,0.18421052631578946,-0.21764941403457735,0.0,-0.8258494706979401,,PHM,190,190,11.986900887396445,False,False,False,False,0,False,229.445201183167,3139.8048896723126,-2910.359688489146,us_stocks,1d,CDLDOJI~MAXINDEX|gate,wide,fixed_combo,24.0,0.0,False,False,True,gate,0.5033372589634804,0.5033372589634804,0.0
-0.23853243279003433,0.18421052631578946,-0.21764941403457735,0.0,-0.8258494706979401,,PHM,190,190,11.986900887396445,False,False,False,False,0,False,229.445201183167,3139.8048896723126,-2910.359688489146,us_stocks,1d,MAXINDEX~CDLDOJI|and,wide,fixed_combo,24.0,0.0,False,False,True,and,0.5033372589634804,0.5033372589634804,0.0
-0.23853243279003433,0.18421052631578946,-0.21764941403457735,0.0,-0.8258494706979401,,PHM,190,190,11.986900887396445,False,False,False,False,0,False,229.445201183167,3139.8048896723126,-2910.359688489146,us_stocks,1d,MAXINDEX~CDLDOJI|gate,wide,fixed_combo,24.0,0.0,False,False,True,gate,0.5033372589634804,0.5033372589634804,0.0
-0.24602257801808505,0.19473684210526315,-0.20172001124746086,0.0,-0.8517819294402752,,PHM,190,190,11.986900887396445,False,False,False,False,0,False,23.10679183056235,3139.8048896723126,-3116.69809784175,us_stocks,1d,HT_PHASOR~HT_TRENDMODE|gate,wide,fixed_combo,24.0,0.0,False,False,True,gate,0.7996980999412081,0.4223048854420854,0.3773932144991226
-0.24699975304925734,0.18947368421052632,-0.23556460523394385,0.0,-0.8551651150005517,,MRNA,190,190,11.986900887396445,False,False,False,False,0,False,206.85788312824405,3139.8048896723126,-2932.9470065440687,us_stocks,1d,MAXINDEX~CORREL|and,wide,fixed_combo,24.0,0.0,False,False,True,and,0.460618453905386,0.460618453905386,0.0
-0.24739597828228843,0.17894736842105263,-0.2144134788492237,0.0,-0.856536930125013,,PHM,190,190,11.986900887396445,False,False,False,False,0,False,289.27981502939775,3139.8048896723126,-2850.5250746429147,us_stocks,1d,MAXINDEX~HT_PHASOR|and,wide,fixed_combo,24.0,0.0,False,False,True,and,0.45886888645364293,0.45886888645364293,0.0
-0.25264265788497287,0.23684210526315788,-0.22821032053044965,0.0,-0.8747020388362995,,NCLH,190,190,11.986900887396445,False,False,False,False,0,False,2.9125348350088065,3139.8048896723126,-3136.8923548373036,us_stocks,1d,CORREL~HT_TRENDMODE|gate,wide,fixed_combo,24.0,0.0,False,False,True,gate,0.7996980999412081,0.4440227348862671,0.355675365054941
-0.2536595666634168,0.17894736842105263,-0.23252581506161213,0.0,-0.8782227909898034,,PHM,190,190,11.986900887396445,False,False,False,False,0,False,226.41373997911484,3139.8048896723126,-2913.391149693198,us_stocks,1d,CDLLONGLEGGEDDOJI~MININDEX|gate,wide,fixed_combo,24.0,0.0,False,False,True,gate,0.4994965071260337,0.4994965071260337,0.0
-0.2536595666634168,0.17894736842105263,-0.23252581506161213,0.0,-0.8782227909898034,,PHM,190,190,11.986900887396445,False,False,False,False,0,False,226.41373997911484,3139.8048896723126,-2913.391149693198,us_stocks,1d,MININDEX~CDLLONGLEGGEDDOJI|and,wide,fixed_combo,24.0,0.0,False,False,True,and,0.4994965071260337,0.4994965071260337,0.0
-0.2536595666634168,0.17894736842105263,-0.23252581506161213,0.0,-0.8782227909898034,,PHM,190,190,11.986900887396445,False,False,False,False,0,False,226.41373997911484,3139.8048896723126,-2913.391149693198,us_stocks,1d,MININDEX~CDLLONGLEGGEDDOJI|gate,wide,fixed_combo,24.0,0.0,False,False,True,gate,0.4994965071260337,0.4994965071260337,0.0
-0.2538700745997344,0.17894736842105263,-0.23272304561715396,0.0,-0.8789516137572239,,PHM,190,190,11.986900887396445,False,False,False,False,0,False,225.0442551574175,3139.8048896723126,-2914.760634514895,us_stocks,1d,CDLDOJI~MININDEX|gate,wide,fixed_combo,24.0,0.0,False,False,True,gate,0.49956029885352515,0.49956029885352515,0.0
-0.2538700745997344,0.17894736842105263,-0.23272304561715396,0.0,-0.8789516137572239,,PHM,190,190,11.986900887396445,False,False,False,False,0,False,225.0442551574175,3139.8048896723126,-2914.760634514895,us_stocks,1d,MININDEX~CDLDOJI|and,wide,fixed_combo,24.0,0.0,False,False,True,and,0.49956029885352515,0.49956029885352515,0.0
-0.2538700745997344,0.17894736842105263,-0.23272304561715396,0.0,-0.8789516137572239,,PHM,190,190,11.986900887396445,False,False,False,False,0,False,225.0442551574175,3139.8048896723126,-2914.760634514895,us_stocks,1d,MININDEX~CDLDOJI|gate,wide,fixed_combo,24.0,0.0,False,False,True,gate,0.49956029885352515,0.49956029885352515,0.0
-0.2559268678711443,0.1631578947368421,-0.2206368109881862,0.0,-0.8860726648221084,,PHM,190,190,11.986900887396445,False,False,False,False,0,False,304.786096333717,3139.8048896723126,-2835.0187933385955,us_stocks,1d,HT_TRENDMODE~HT_PHASOR|and,wide,fixed_combo,24.0,0.0,False,False,True,and,0.4223048854420854,0.4223048854420854,0.0
-0.25816486511955594,0.21052631578947367,-0.24192258159116695,0.0,-0.893821082181567,,NCLH,190,190,11.986900887396445,False,False,False,False,0,False,186.65558472980598,3139.8048896723126,-2953.1493049425067,us_stocks,1d,HT_TRENDMODE~CORREL|and,wide,fixed_combo,24.0,0.0,False,False,True,and,0.4440227348862671,0.4440227348862671,0.0
-0.2587635668170763,0.15263157894736842,-0.23223795747977471,0.0,-0.8958939134281185,,PHM,190,190,11.986900887396445,False,False,False,False,0,False,131.0535781980172,3139.8048896723126,-3008.7513114742956,us_stocks,1d,HT_PHASOR~CDLDOJI|and,wide,fixed_combo,24.0,0.0,False,False,True,and,0.3077338602971878,0.3077338602971878,0.0
-0.2587913760517948,0.15263157894736842,-0.23227374513859686,0.0,-0.8959901948499116,,PHM,190,190,11.986900887396445,False,False,False,False,0,False,132.09459047566125,3139.8048896723126,-3007.7102991966512,us_stocks,1d,HT_PHASOR~CDLLONGLEGGEDDOJI|and,wide,fixed_combo,24.0,0.0,False,False,True,and,0.3076984938526485,0.3076984938526485,0.0
-0.2589146633944117,0.22105263157894736,-0.2272481784198583,0.0,-0.8964170415703052,,KBH,190,190,11.986900887396445,False,False,False,False,0,False,33.7005606870456,3139.8048896723126,-3106.104328985267,us_stocks,1d,HT_PHASOR~CORREL|and,wide,fixed_combo,24.0,0.0,False,False,True,and,0.5280772263229327,0.2876699925471635,0.24040723377576925
-0.2589146633944117,0.22105263157894736,-0.2272481784198583,0.0,-0.8964170415703052,,KBH,190,190,11.986900887396445,False,False,False,False,0,False,33.7005606870456,3139.8048896723126,-3106.104328985267,us_stocks,1d,HT_PHASOR~CORREL|vote,wide,fixed_combo,24.0,0.0,False,False,True,vote,0.5280772263229327,0.2876699925471635,0.24040723377576925
-0.25944698655504445,0.21578947368421053,-0.2310801070019721,0.0,-0.8982600563557863,,PHM,190,190,11.986900887396445,False,False,False,False,0,False,513.8405416057254,3139.8048896723126,-2625.9643480665873,us_stocks,1d,HT_TRENDMODE~MININDEX|and,wide,fixed_combo,24.0,0.0,False,False,True,and,0.6825036836155948,0.6825036836155948,0.0
-0.25944698655504445,0.21578947368421053,-0.2310801070019721,0.0,-0.8982600563557863,,PHM,190,190,11.986900887396445,False,False,False,False,0,False,513.8405416057254,3139.8048896723126,-2625.9643480665873,us_stocks,1d,HT_TRENDMODE~MININDEX|gate,wide,fixed_combo,24.0,0.0,False,False,True,gate,0.6825036836155948,0.6825036836155948,0.0
-0.25944698655504445,0.21578947368421053,-0.2310801070019721,0.0,-0.8982600563557863,,PHM,190,190,11.986900887396445,False,False,False,False,0,False,513.8405416057254,3139.8048896723126,-2625.9643480665873,us_stocks,1d,MININDEX~HT_TRENDMODE|gate,wide,fixed_combo,24.0,0.0,False,False,True,gate,0.6825036836155948,0.6825036836155948,0.0
-0.26042468149741055,0.2,-0.2479670733293406,0.0,-0.9016450419580077,,MRNA,190,190,11.986900887396445,False,False,False,False,0,False,186.2781737536355,3139.8048896723126,-2953.526715918677,us_stocks,1d,MININDEX~CORREL|and,wide,fixed_combo,24.0,0.0,False,False,True,and,0.4247589209882205,0.4247589209882205,0.0
-0.26225162290126725,0.2,-0.22372404415494979,0.0,-0.907970297495477,,KBH,190,190,11.986900887396445,False,False,False,False,0,False,15.242277011983827,3139.8048896723126,-3124.562612660329,us_stocks,1d,HT_PHASOR~CDLDOJI|gate,wide,fixed_combo,24.0,0.0,False,False,True,gate,0.5887652663157692,0.3077338602971878,0.2810314060185814
-0.2623205846583239,0.19473684210526315,-0.22379047224207407,0.0,-0.9082090576082948,,KBH,190,190,11.986900887396445,False,False,False,False,0,False,15.448996596848096,3139.8048896723126,-3124.3558930754643,us_stocks,1d,HT_PHASOR~CDLLONGLEGGEDDOJI|gate,wide,fixed_combo,24.0,0.0,False,False,True,gate,0.5886840399836366,0.3076984938526485,0.2809855461309881
-0.26307781053744955,0.18947368421052632,-0.2219123107752118,0.0,-0.9108307329258192,,PHM,190,190,11.986900887396445,False,False,False,False,0,False,2.7749434526179453,3139.8048896723126,-3137.0299462196945,us_stocks,1d,HT_PHASOR~MININDEX|gate,wide,fixed_combo,24.0,0.0,False,False,True,gate,0.8513880900511418,0.4352957673480486,0.41609232270309326
-0.26450408519449364,0.17894736842105263,-0.2383333557505797,0.0,-0.9157687958835998,,PHM,190,190,11.986900887396445,False,False,False,False,0,False,204.8514355873491,3139.8048896723126,-2934.9534540849636,us_stocks,1d,CDLLONGLEGGEDDOJI~HT_TRENDMODE|gate,wide,fixed_combo,24.0,0.0,False,False,True,gate,0.46780308199109816,0.46780308199109816,0.0
-0.26450408519449364,0.17894736842105263,-0.2383333557505797,0.0,-0.9157687958835998,,PHM,190,190,11.986900887396445,False,False,False,False,0,False,204.8514355873491,3139.8048896723126,-2934.9534540849636,us_stocks,1d,HT_TRENDMODE~CDLLONGLEGGEDDOJI|and,wide,fixed_combo,24.0,0.0,False,False,True,and,0.46780308199109816,0.46780308199109816,0.0
-0.26450408519449364,0.17894736842105263,-0.2383333557505797,0.0,-0.9157687958835998,,PHM,190,190,11.986900887396445,False,False,False,False,0,False,204.8514355873491,3139.8048896723126,-2934.9534540849636,us_stocks,1d,HT_TRENDMODE~CDLLONGLEGGEDDOJI|gate,wide,fixed_combo,24.0,0.0,False,False,True,gate,0.46780308199109816,0.46780308199109816,0.0
-0.26470827965879773,0.17894736842105263,-0.23851881017431598,0.0,-0.9164757600825245,,PHM,190,190,11.986900887396445,False,False,False,False,0,False,203.66491305117805,3139.8048896723126,-2936.1399766211343,us_stocks,1d,CDLDOJI~HT_TRENDMODE|gate,wide,fixed_combo,24.0,0.0,False,False,True,gate,0.4678747975977205,0.4678747975977205,0.0
-0.26470827965879773,0.17894736842105263,-0.23851881017431598,0.0,-0.9164757600825245,,PHM,190,190,11.986900887396445,False,False,False,False,0,False,203.66491305117805,3139.8048896723126,-2936.1399766211343,us_stocks,1d,HT_TRENDMODE~CDLDOJI|and,wide,fixed_combo,24.0,0.0,False,False,True,and,0.4678747975977205,0.4678747975977205,0.0
-0.26470827965879773,0.17894736842105263,-0.23851881017431598,0.0,-0.9164757600825245,,PHM,190,190,11.986900887396445,False,False,False,False,0,False,203.66491305117805,3139.8048896723126,-2936.1399766211343,us_stocks,1d,HT_TRENDMODE~CDLDOJI|gate,wide,fixed_combo,24.0,0.0,False,False,True,gate,0.4678747975977205,0.4678747975977205,0.0
-0.26616817608549254,0.18421052631578946,-0.239838509536233,0.0,-0.921530228681019,,KBH,190,190,11.986900887396445,False,False,False,False,0,False,606.1976370090732,3139.8048896723126,-2533.6072526632393,us_stocks,1d,HT_TRENDMODE~MAXINDEX|gate,wide,fixed_combo,24.0,0.0,False,False,True,gate,0.692779218027313,0.692779218027313,0.0
-0.26616817608549254,0.18421052631578946,-0.239838509536233,0.0,-0.921530228681019,,KBH,190,190,11.986900887396445,False,False,False,False,0,False,606.1976370090732,3139.8048896723126,-2533.6072526632393,us_stocks,1d,MAXINDEX~HT_TRENDMODE|and,wide,fixed_combo,24.0,0.0,False,False,True,and,0.692779218027313,0.692779218027313,0.0
-0.26616817608549254,0.18421052631578946,-0.239838509536233,0.0,-0.921530228681019,,KBH,190,190,11.986900887396445,False,False,False,False,0,False,606.1976370090732,3139.8048896723126,-2533.6072526632393,us_stocks,1d,MAXINDEX~HT_TRENDMODE|gate,wide,fixed_combo,24.0,0.0,False,False,True,gate,0.692779218027313,0.692779218027313,0.0
-0.27382233150779106,0.2,-0.2508007115409231,0.0,-0.948030525224379,,THC,190,190,11.986900887396445,False,False,False,False,0,False,129.65713214165228,3139.8048896723126,-3010.1477575306603,us_stocks,1d,CDLLONGLEGGEDDOJI~HT_DCPHASE|vote,wide,fixed_combo,24.0,0.0,False,False,True,vote,0.7590603746487949,0.5903722762273085,0.16868809842148638
-0.2739921082635575,0.2,-0.25095943595671605,0.0,-0.948618328074694,,THC,190,190,11.986900887396445,False,False,False,False,0,False,130.1612742684418,3139.8048896723126,-3009.6436154038706,us_stocks,1d,CDLDOJI~HT_DCPHASE|vote,wide,fixed_combo,24.0,0.0,False,False,True,vote,0.7590314236191692,0.5903722762273085,0.16865914739186064
-0.2839946992911253,0.1631578947368421,-0.259718710383464,0.0,-0.9832494028057187,,CPRI,190,190,11.986900887396445,False,False,False,False,0,False,258.87115261254496,3139.8048896723126,-2880.9337370597677,us_stocks,1d,HT_TRENDMODE~HT_DCPHASE|vote,wide,fixed_combo,24.0,0.0,False,False,True,vote,0.6730429164426643,0.5903722762273085,0.08267064021535585
-0.284055960196843,0.1736842105263158,-0.2504066065501795,0.0,-0.9834615009509046,,PHM,190,190,11.986900887396445,False,False,False,False,0,False,202.0548135819201,3139.8048896723126,-2937.7500760903927,us_stocks,1d,MININDEX~HT_PHASOR|and,wide,fixed_combo,24.0,0.0,False,False,True,and,0.4352957673480486,0.4352957673480486,0.0
-0.2843497752310478,0.12631578947368421,-0.26933144314273966,0.0,-0.9844787504194276,,KBH,190,190,11.986900887396445,False,False,False,False,0,False,669.2612117634321,3139.8048896723126,-2470.5436779088805,us_stocks,1d,MAXINDEX~MININDEX|and,wide,fixed_combo,24.0,0.0,False,False,True,and,0.7110091531681064,0.7110091531681064,0.0
-0.2843497752310478,0.12631578947368421,-0.26933144314273966,0.0,-0.9844787504194276,,KBH,190,190,11.986900887396445,False,False,False,False,0,False,669.2612117634321,3139.8048896723126,-2470.5436779088805,us_stocks,1d,MAXINDEX~MININDEX|gate,wide,fixed_combo,24.0,0.0,False,False,True,gate,0.7110091531681064,0.7110091531681064,0.0
-0.2843497752310478,0.12631578947368421,-0.26933144314273966,0.0,-0.9844787504194276,,KBH,190,190,11.986900887396445,False,False,False,False,0,False,669.2612117634321,3139.8048896723126,-2470.5436779088805,us_stocks,1d,MININDEX~MAXINDEX|gate,wide,fixed_combo,24.0,0.0,False,False,True,gate,0.7110091531681064,0.7110091531681064,0.0
-0.2898354225487355,0.18421052631578946,-0.2712085794744344,0.0,-1.0034712156400196,,MRNA,190,190,11.986900887396445,False,False,False,False,0,False,163.71730335386272,3139.8048896723126,-2976.0875863184497,us_stocks,1d,MAXINDEX~HT_DCPHASE|vote,wide,fixed_combo,24.0,0.0,False,False,True,vote,0.6970290636353033,0.5903722762273085,0.10665678740799482
-0.2920167358946605,0.15263157894736842,-0.2741940735260763,0.0,-1.0110233814025018,,THC,190,190,11.986900887396445,False,False,False,False,0,False,358.1339558867157,3139.8048896723126,-2781.670933785597,us_stocks,1d,MININDEX~HT_DCPHASE|vote,wide,fixed_combo,24.0,0.0,False,False,True,vote,0.6150446281953197,0.5903722762273085,0.024672351968011156
-0.2923737984513336,0.16842105263157894,-0.259575728457454,0.0,-1.012259607101395,,KBH,190,190,11.986900887396445,False,False,False,False,0,False,24.08347472717751,3139.8048896723126,-3115.721414945135,us_stocks,1d,HT_PHASOR~HT_DCPHASE|and,wide,fixed_combo,24.0,0.0,False,False,True,and,0.6077839822332566,0.3601785369651793,0.2476054452680773
-0.2923737984513336,0.16842105263157894,-0.259575728457454,0.0,-1.012259607101395,,KBH,190,190,11.986900887396445,False,False,False,False,0,False,24.08347472717751,3139.8048896723126,-3115.721414945135,us_stocks,1d,HT_PHASOR~HT_DCPHASE|vote,wide,fixed_combo,24.0,0.0,False,False,True,vote,0.6077839822332566,0.3601785369651793,0.2476054452680773
-0.29404494792730307,0.1368421052631579,-0.27205905585880025,0.0,-1.018045478205143,,THC,190,190,11.986900887396445,False,False,False,False,0,False,36.52801653149058,3139.8048896723126,-3103.276873140822,us_stocks,1d,HT_DCPHASE~MAXINDEX|gate,wide,fixed_combo,24.0,0.0,False,False,True,gate,0.8550912440830533,0.5521203077183566,0.30297093636469663
-0.2966474029182501,0.1631578947368421,-0.28238996393607374,0.0,-1.0270557249529326,,PHM,190,190,11.986900887396445,False,False,False,False,0,False,108.98399354223217,3139.8048896723126,-3030.82089613008,us_stocks,1d,CDLLONGLEGGEDDOJI~CORREL|and,wide,fixed_combo,24.0,0.0,False,False,True,and,0.30852529570021087,0.30852529570021087,0.0
-0.29675537179189115,0.1631578947368421,-0.28249097667475537,0.0,-1.027429535910652,,PHM,190,190,11.986900887396445,False,False,False,False,0,False,108.98699627776062,3139.8048896723126,-3030.817893394552,us_stocks,1d,CDLDOJI~CORREL|and,wide,fixed_combo,24.0,0.0,False,False,True,and,0.30856423955223566,0.30856423955223566,0.0
-0.2980514458654577,0.13157894736842105,-0.2805931903920957,0.0,-1.0319168170536,,PHM,190,190,11.986900887396445,False,False,False,False,0,False,119.41790315966838,3139.8048896723126,-3020.3869865126444,us_stocks,1d,CDLLONGLEGGEDDOJI~HT_DCPHASE|and,wide,fixed_combo,24.0,0.0,False,False,True,and,0.3477444146324315,0.3477444146324315,0.0
-0.2980716885733999,0.13157894736842105,-0.2806107424643635,0.0,-1.0319869015676597,,PHM,190,190,11.986900887396445,False,False,False,False,0,False,119.62150958740412,3139.8048896723126,-3020.1833800849085,us_stocks,1d,CDLDOJI~HT_DCPHASE|and,wide,fixed_combo,24.0,0.0,False,False,True,and,0.34779668993493834,0.34779668993493834,0.0
-0.2990016922795974,0.1631578947368421,-0.28421615932261174,0.0,-1.0352067700757983,,THC,190,190,11.986900887396445,False,False,False,False,0,False,325.26555564090455,3139.8048896723126,-2814.539334031408,us_stocks,1d,MAXINDEX~HT_DCPHASE|and,wide,fixed_combo,24.0,0.0,False,False,True,and,0.5521203077183566,0.5521203077183566,0.0
-0.3005759132353767,0.1631578947368421,-0.2797579023467051,0.0,-1.0406570542484177,,THC,190,190,11.986900887396445,False,False,False,False,0,False,0.8855924790689905,3139.8048896723126,-3138.9192971932434,us_stocks,1d,HT_DCPHASE~CORREL|gate,wide,fixed_combo,24.0,0.0,False,False,True,gate,1.0,0.5903722762273085,0.4096277237726915
-0.3005759132353767,0.1631578947368421,-0.2797579023467051,0.0,-1.0406570542484177,,THC,190,190,11.986900887396445,False,False,False,False,0,False,0.8855924790689905,3139.8048896723126,-3138.9192971932434,us_stocks,1d,HT_DCPHASE~CORREL|or,wide,fixed_combo,24.0,0.0,False,False,True,or,1.0,0.5903722762273085,0.4096277237726915
-0.3005759132353767,0.1631578947368421,-0.2797579023467051,0.0,-1.0406570542484177,,THC,190,190,11.986900887396445,False,False,False,False,0,False,0.8855924790689905,3139.8048896723126,-3138.9192971932434,us_stocks,1d,HT_DCPHASE~HT_PHASOR|gate,wide,fixed_combo,24.0,0.0,False,False,True,gate,1.0,0.5903722762273085,0.4096277237726915
-0.3069874144984177,0.16842105263157894,-0.2883350070178608,0.0,-1.0628550206319762,,CPRI,190,190,11.986900887396445,False,False,False,False,0,False,23.141557890740277,3139.8048896723126,-3116.663331781572,us_stocks,1d,HT_DCPHASE~CORREL|and,wide,fixed_combo,24.0,0.0,False,False,True,and,0.5480112763185755,0.3317227479237424,0.21628852839483315
-0.3069874144984177,0.16842105263157894,-0.2883350070178608,0.0,-1.0628550206319762,,CPRI,190,190,11.986900887396445,False,False,False,False,0,False,23.141557890740277,3139.8048896723126,-3116.663331781572,us_stocks,1d,HT_DCPHASE~CORREL|vote,wide,fixed_combo,24.0,0.0,False,False,True,vote,0.5480112763185755,0.3317227479237424,0.21628852839483315
-0.3161356534684285,0.15789473684210525,-0.2913341725735974,0.0,-1.0945281487799288,,MRNA,190,190,11.986900887396445,False,False,False,False,0,False,3.7377365854730558,3139.8048896723126,-3136.0671530868394,us_stocks,1d,HT_DCPHASE~CDLDOJI|gate,wide,fixed_combo,24.0,0.0,False,False,True,gate,0.5887652663157692,0.34779668993493834,0.24096857638083086
-0.31627653466825945,0.15789473684210525,-0.29145978422941293,0.0,-1.0950159091358302,,MRNA,190,190,11.986900887396445,False,False,False,False,0,False,2.9178865142878703,3139.8048896723126,-3136.8870031580245,us_stocks,1d,HT_DCPHASE~CDLLONGLEGGEDDOJI|gate,wide,fixed_combo,24.0,0.0,False,False,True,gate,0.5886840399836366,0.3477444146324315,0.2409396253512051
-0.31631304432085655,0.18947368421052632,-0.29362695444494574,0.0,-1.0951423132349292,,PHM,190,190,11.986900887396445,False,False,False,False,0,False,-8.210754253279317,3139.8048896723126,-3148.015643925592,us_stocks,1d,CORREL~CDLLONGLEGGEDDOJI|gate,wide,fixed_combo,24.0,0.0,False,False,True,gate,0.5886840399836366,0.30852529570021087,0.28015874428342574
-0.3163514468728326,0.18947368421052632,-0.293659086398869,0.0,-1.0952752709499531,,PHM,190,190,11.986900887396445,False,False,False,False,0,False,-8.0364576421636,3139.8048896723126,-3147.841347314476,us_stocks,1d,CORREL~CDLDOJI|gate,wide,fixed_combo,24.0,0.0,False,False,True,gate,0.5887652663157692,0.30856423955223566,0.2802010267635336
-0.32955280236760953,0.1631578947368421,-0.30433973974579137,0.0,-1.1409811413019884,,MRNA,190,190,11.986900887396445,False,False,False,False,0,False,-10.966682348854656,3139.8048896723126,-3150.7715720211672,us_stocks,1d,HT_DCPHASE~HT_TRENDMODE|gate,wide,fixed_combo,24.0,0.0,False,False,True,gate,0.7996980999412081,0.47274101638387245,0.3269570835573356
-0.3325403923021501,0.1736842105263158,-0.3120490872309054,0.0,-1.151324806258756,,MRNA,190,190,11.986900887396445,False,False,False,False,0,False,185.57716520534032,3139.8048896723126,-2954.227724466972,us_stocks,1d,HT_TRENDMODE~HT_DCPHASE|and,wide,fixed_combo,24.0,0.0,False,False,True,and,0.47274101638387245,0.47274101638387245,0.0
-0.3396728519662874,0.15263157894736842,-0.3179740068439518,0.0,-1.1760188823200481,,THC,190,190,11.986900887396445,False,False,False,False,0,False,-24.871939092724148,3139.8048896723126,-3164.6768287650366,us_stocks,1d,HT_DCPHASE~MININDEX|gate,wide,fixed_combo,24.0,0.0,False,False,True,gate,0.8513880900511418,0.46643271824646154,0.3849553718046803
-0.35585766265452096,0.12631578947368421,-0.33859019108285615,0.0,-1.2320541022852491,,CPRI,190,190,11.986900887396445,False,False,False,False,0,False,170.69314552574005,3139.8048896723126,-2969.1117441465726,us_stocks,1d,MININDEX~HT_DCPHASE|and,wide,fixed_combo,24.0,0.0,False,False,True,and,0.46643271824646154,0.46643271824646154,0.0
