ir_net,ir_hit_rate,ir_gross,headroom,t_stat,loo_retention,loo_dropped,n_assets,n_ir,years,legacy_gate_ir,legacy_gate_breadth,legacy_gate_headroom,legacy_gate_t,legacy_passed,legacy_gate_loo,net_return_pct,bench_return_pct,excess_return_pct,class,timeframe,rule,scenario,wf_mode,n_folds,n_switches,is_baseline,generic_fallback,rankable,op,exposure,long_frac,short_frac
0.09051833018917833,0.6,0.09051833018917832,,0.1733820740723778,-0.041203614899643415,XPT/USD,5,5,3.668895314212321,False,False,False,False,0,False,89.08835156495381,66.615011625613,22.473339939340818,commodities,4h,MAXINDEX~MAMA|or,gross,fixed_combo,4.0,0.0,False,False,True,or,1.0,0.890675325670661,0.10932467432933905
0.05534380426501424,0.4,0.05534380426501425,,0.10600751859285906,-1.1030476011442283,XAU/USD,5,5,3.668895314212321,False,False,False,False,0,False,115.63282678167536,66.615011625613,49.01781515606237,commodities,4h,SAR~MAXINDEX|vote,gross,fixed_combo,4.0,0.0,False,False,True,vote,0.6002863288467066,0.5218259980505395,0.07846033079616703
0.054238874988765715,0.4,0.05423887498876573,,0.1038910972092688,-1.1509827986100523,XAU/USD,5,5,3.668895314212321,False,False,False,False,0,False,115.41421802799373,66.615011625613,48.79920640238073,commodities,4h,SAREXT~MAXINDEX|vote,gross,fixed_combo,4.0,0.0,False,False,True,vote,0.6002167426359227,0.5217564118397556,0.07846033079616703
0.03553572701222298,0.4,0.03553572701222298,,0.06806641306984287,-3.091186422790178,WTI/USD,5,5,3.668895314212321,False,False,False,False,0,False,75.78452797686683,66.615011625613,9.169516351253833,commodities,4h,MAXINDEX~MINMAXINDEX|gate,gross,fixed_combo,4.0,0.0,False,False,True,gate,0.8531663983880625,0.8531663983880625,0.0
0.03309649235339727,0.4,0.033096492353397275,,0.06339421503644398,-2.9417532164988462,WTI/USD,5,5,3.668895314212321,False,False,False,False,0,False,74.66873636192636,66.615011625613,8.05372473631337,commodities,4h,MAXINDEX~HT_DCPHASE|gate,gross,fixed_combo,4.0,0.0,False,False,True,gate,0.8544581659591044,0.8544581659591044,0.0
0.03309649235339727,0.4,0.033096492353397275,,0.06339421503644398,-2.9417532164988462,WTI/USD,5,5,3.668895314212321,False,False,False,False,0,False,74.66873636192636,66.615011625613,8.05372473631337,commodities,4h,MAXINDEX~MAMA|gate,gross,fixed_combo,4.0,0.0,False,False,True,gate,0.8544581659591044,0.8544581659591044,0.0
0.03309649235339727,0.4,0.033096492353397275,,0.06339421503644398,-2.9417532164988462,WTI/USD,5,5,3.668895314212321,False,False,False,False,0,False,74.66873636192636,66.615011625613,8.05372473631337,commodities,4h,MAXINDEX~SAREXT|gate,gross,fixed_combo,4.0,0.0,False,False,True,gate,0.8544581659591044,0.8544581659591044,0.0
0.03309649235339727,0.4,0.033096492353397275,,0.06339421503644398,-2.9417532164988462,WTI/USD,5,5,3.668895314212321,False,False,False,False,0,False,74.66873636192636,66.615011625613,8.05372473631337,commodities,4h,MAXINDEX~SIN|gate,gross,fixed_combo,4.0,0.0,False,False,True,gate,0.8544581659591044,0.8544581659591044,0.0
0.03309649235339727,0.4,0.033096492353397275,,0.06339421503644398,-2.9417532164988462,WTI/USD,5,5,3.668895314212321,False,False,False,False,0,False,74.66873636192636,66.615011625613,8.05372473631337,commodities,4h,MAXINDEX~TSF_21|gate,gross,fixed_combo,4.0,0.0,False,False,True,gate,0.8544581659591044,0.8544581659591044,0.0
0.030334051693889707,0.4,0.030334051693889717,,0.058102936573327255,-3.1394348673298387,WTI/USD,5,5,3.668895314212321,False,False,False,False,0,False,74.4132243509237,66.615011625613,7.798212725310705,commodities,4h,MAXINDEX~SAR|gate,gross,fixed_combo,4.0,0.0,False,False,True,gate,0.8543885797483204,0.8543885797483204,0.0
0.01945941672168229,0.4,0.01945941672168229,,0.03727326856773309,-3.709304093208059,XAU/USD,5,5,3.668895314212321,False,False,False,False,0,False,110.24472877411827,66.615011625613,43.62971714850528,commodities,4h,SAR~MINMAXINDEX|gate,gross,fixed_combo,4.0,0.0,False,False,True,gate,0.9943111849481806,0.5188007660683983,0.4755104188797821
0.018802469772259255,0.4,0.018802469772259255,,0.03601492868885511,-3.882579186041926,XAU/USD,5,5,3.668895314212321,False,False,False,False,0,False,110.06030444592488,66.615011625613,43.44529282031189,commodities,4h,SAREXT~MINMAXINDEX|gate,gross,fixed_combo,4.0,0.0,False,False,True,gate,0.9943807711589644,0.5188007660683983,0.47558000509056597
0.015624711908334426,0.4,0.015624711908334426,,0.029928136674512752,-4.792565895132419,XAU/USD,5,5,3.668895314212321,False,False,False,False,0,False,107.08944402994436,66.615011625613,40.47443240433137,commodities,4h,SAR~HT_DCPHASE|or,gross,fixed_combo,4.0,0.0,False,False,True,or,1.0,0.5217924803699631,0.47820751963003694
0.01481726200007461,0.4,0.0148172620000746,,0.02838151800058172,-5.121848678797444,XAU/USD,5,5,3.668895314212321,False,False,False,False,0,False,107.02268220394612,66.615011625613,40.407670578333125,commodities,4h,SAR~MAMA|or,gross,fixed_combo,4.0,0.0,False,False,True,or,1.0,0.5218259980505395,0.4781740019494604
0.01481726200007461,0.4,0.0148172620000746,,0.02838151800058172,-5.121848678797444,XAU/USD,5,5,3.668895314212321,False,False,False,False,0,False,107.02268220394612,66.615011625613,40.407670578333125,commodities,4h,SAR~MAXINDEX|or,gross,fixed_combo,4.0,0.0,False,False,True,or,1.0,0.5218259980505395,0.4781740019494604
0.01481726200007461,0.4,0.0148172620000746,,0.02838151800058172,-5.121848678797444,XAU/USD,5,5,3.668895314212321,False,False,False,False,0,False,107.02268220394612,66.615011625613,40.407670578333125,commodities,4h,SAR~TSF_21|or,gross,fixed_combo,4.0,0.0,False,False,True,or,1.0,0.5218259980505395,0.4781740019494604
0.014157782024734727,0.4,0.014157782024734717,,0.027118326272512268,-5.41865411076563,XAU/USD,5,5,3.668895314212321,False,False,False,False,0,False,106.86331956727979,66.615011625613,40.248307941666795,commodities,4h,SAREXT~SAR|gate,gross,fixed_combo,4.0,0.0,False,False,True,gate,0.999930413789216,0.5217564118397556,0.4781740019494604
0.014157782024734727,0.4,0.014157782024734717,,0.027118326272512268,-5.41865411076563,XAU/USD,5,5,3.668895314212321,False,False,False,False,0,False,106.86331956727979,66.615011625613,40.248307941666795,commodities,4h,SAR~HT_DCPHASE|gate,gross,fixed_combo,4.0,0.0,False,False,True,gate,0.999930413789216,0.5217564118397556,0.4781740019494604
0.014157782024734727,0.4,0.014157782024734717,,0.027118326272512268,-5.41865411076563,XAU/USD,5,5,3.668895314212321,False,False,False,False,0,False,106.86331956727979,66.615011625613,40.248307941666795,commodities,4h,SAR~MAMA|gate,gross,fixed_combo,4.0,0.0,False,False,True,gate,0.999930413789216,0.5217564118397556,0.4781740019494604
0.014157782024734727,0.4,0.014157782024734717,,0.027118326272512268,-5.41865411076563,XAU/USD,5,5,3.668895314212321,False,False,False,False,0,False,106.86331956727979,66.615011625613,40.248307941666795,commodities,4h,SAR~SAREXT|and,gross,fixed_combo,4.0,0.0,False,False,True,and,0.999930413789216,0.5217564118397556,0.4781740019494604
0.014157782024734727,0.4,0.014157782024734717,,0.027118326272512268,-5.41865411076563,XAU/USD,5,5,3.668895314212321,False,False,False,False,0,False,106.86331956727979,66.615011625613,40.248307941666795,commodities,4h,SAR~SAREXT|gate,gross,fixed_combo,4.0,0.0,False,False,True,gate,0.999930413789216,0.5217564118397556,0.4781740019494604
0.014157782024734727,0.4,0.014157782024734717,,0.027118326272512268,-5.41865411076563,XAU/USD,5,5,3.668895314212321,False,False,False,False,0,False,106.86331956727979,66.615011625613,40.248307941666795,commodities,4h,SAR~SIN|gate,gross,fixed_combo,4.0,0.0,False,False,True,gate,0.999930413789216,0.5217564118397556,0.4781740019494604
0.014157782024734727,0.4,0.014157782024734717,,0.027118326272512268,-5.41865411076563,XAU/USD,5,5,3.668895314212321,False,False,False,False,0,False,106.86331956727979,66.615011625613,40.248307941666795,commodities,4h,SAR~TSF_21|gate,gross,fixed_combo,4.0,0.0,False,False,True,gate,0.999930413789216,0.5217564118397556,0.4781740019494604
0.013501099499951135,0.4,0.013501099499951135,,0.02586049288212482,-5.743012035716994,XAU/USD,5,5,3.668895314212321,False,False,False,False,0,False,106.70395693061343,66.615011625613,40.088945305000436,commodities,4h,SAREXT~HT_DCPHASE|gate,gross,fixed_combo,4.0,0.0,False,False,True,gate,1.0,0.5217564118397556,0.47824358816024437
0.013501099499951135,0.4,0.013501099499951135,,0.02586049288212482,-5.743012035716994,XAU/USD,5,5,3.668895314212321,False,False,False,False,0,False,106.70395693061343,66.615011625613,40.088945305000436,commodities,4h,SAREXT~HT_DCPHASE|or,gross,fixed_combo,4.0,0.0,False,False,True,or,1.0,0.5217564118397556,0.47824358816024437
0.013501099499951135,0.4,0.013501099499951135,,0.02586049288212482,-5.743012035716994,XAU/USD,5,5,3.668895314212321,False,False,False,False,0,False,106.70395693061343,66.615011625613,40.088945305000436,commodities,4h,SAREXT~MAMA|gate,gross,fixed_combo,4.0,0.0,False,False,True,gate,1.0,0.5217564118397556,0.47824358816024437
0.013501099499951135,0.4,0.013501099499951135,,0.02586049288212482,-5.743012035716994,XAU/USD,5,5,3.668895314212321,False,False,False,False,0,False,106.70395693061343,66.615011625613,40.088945305000436,commodities,4h,SAREXT~MAMA|or,gross,fixed_combo,4.0,0.0,False,False,True,or,1.0,0.5217564118397556,0.47824358816024437
0.013501099499951135,0.4,0.013501099499951135,,0.02586049288212482,-5.743012035716994,XAU/USD,5,5,3.668895314212321,False,False,False,False,0,False,106.70395693061343,66.615011625613,40.088945305000436,commodities,4h,SAREXT~MAXINDEX|or,gross,fixed_combo,4.0,0.0,False,False,True,or,1.0,0.5217564118397556,0.47824358816024437
0.013501099499951135,0.4,0.013501099499951135,,0.02586049288212482,-5.743012035716994,XAU/USD,5,5,3.668895314212321,False,False,False,False,0,False,106.70395693061343,66.615011625613,40.088945305000436,commodities,4h,SAREXT~MINMAXINDEX|or,gross,fixed_combo,4.0,0.0,False,False,True,or,1.0,0.5217564118397556,0.47824358816024437
0.013501099499951135,0.4,0.013501099499951135,,0.02586049288212482,-5.743012035716994,XAU/USD,5,5,3.668895314212321,False,False,False,False,0,False,106.70395693061343,66.615011625613,40.088945305000436,commodities,4h,SAREXT~SIN|gate,gross,fixed_combo,4.0,0.0,False,False,True,gate,1.0,0.5217564118397556,0.47824358816024437
0.013501099499951135,0.4,0.013501099499951135,,0.02586049288212482,-5.743012035716994,XAU/USD,5,5,3.668895314212321,False,False,False,False,0,False,106.70395693061343,66.615011625613,40.088945305000436,commodities,4h,SAREXT~SIN|or,gross,fixed_combo,4.0,0.0,False,False,True,or,1.0,0.5217564118397556,0.47824358816024437
0.013501099499951135,0.4,0.013501099499951135,,0.02586049288212482,-5.743012035716994,XAU/USD,5,5,3.668895314212321,False,False,False,False,0,False,106.70395693061343,66.615011625613,40.088945305000436,commodities,4h,SAREXT~TSF_21|gate,gross,fixed_combo,4.0,0.0,False,False,True,gate,1.0,0.5217564118397556,0.47824358816024437
0.013501099499951135,0.4,0.013501099499951135,,0.02586049288212482,-5.743012035716994,XAU/USD,5,5,3.668895314212321,False,False,False,False,0,False,106.70395693061343,66.615011625613,40.088945305000436,commodities,4h,SAREXT~TSF_21|or,gross,fixed_combo,4.0,0.0,False,False,True,or,1.0,0.5217564118397556,0.47824358816024437
0.013501099499951135,0.4,0.013501099499951135,,0.02586049288212482,-5.743012035716994,XAU/USD,5,5,3.668895314212321,False,False,False,False,0,False,106.70395693061343,66.615011625613,40.088945305000436,commodities,4h,SAR~SAREXT|or,gross,fixed_combo,4.0,0.0,False,False,True,or,1.0,0.5217564118397556,0.47824358816024437
0.013501099499951135,0.4,0.013501099499951135,,0.02586049288212482,-5.743012035716994,XAU/USD,5,5,3.668895314212321,False,False,False,False,0,False,106.70395693061343,66.615011625613,40.088945305000436,commodities,4h,SAR~SAREXT|vote,gross,fixed_combo,4.0,0.0,False,False,True,vote,1.0,0.5217564118397556,0.47824358816024437
0.013501099499951135,0.4,0.013501099499951135,,0.02586049288212482,-5.743012035716994,XAU/USD,5,5,3.668895314212321,False,False,False,False,0,False,106.70395693061343,66.615011625613,40.088945305000436,commodities,4h,SAR~SIN|or,gross,fixed_combo,4.0,0.0,False,False,True,or,1.0,0.5217564118397556,0.47824358816024437
0.012693649591691319,0.4,0.012693649591691308,,0.024313874208193788,-6.18784130927717,XAU/USD,5,5,3.668895314212321,False,False,False,False,0,False,106.63719510461519,66.615011625613,40.022183479002194,commodities,4h,SAR~MINMAXINDEX|or,gross,fixed_combo,4.0,0.0,False,False,True,or,1.0,0.5217899295203321,0.47821007047966785
0.008932924259212471,0.4,0.00893292425921246,,0.017110445280605503,-12.405959907732338,WTI/USD,5,5,3.668895314212321,False,False,False,False,0,False,72.74615350351368,66.615011625613,6.1311418779006885,commodities,4h,MAXINDEX~MINMAXINDEX|or,gross,fixed_combo,4.0,0.0,False,False,True,or,0.9956725387300063,0.8544581659591044,0.14121437277090193
-0.03161732200515812,0.4,-0.03161732200515812,,-0.060560958807036366,,WTI/USD,5,5,3.668895314212321,False,False,False,False,0,False,89.78286016350553,66.615011625613,23.16784853789254,commodities,4h,SAREXT~MAXINDEX|and,gross,fixed_combo,4.0,0.0,False,False,True,and,0.4546749085950271,0.4546749085950271,0.0
-0.03161732200515812,0.4,-0.03161732200515812,,-0.060560958807036366,,WTI/USD,5,5,3.668895314212321,False,False,False,False,0,False,89.78286016350553,66.615011625613,23.16784853789254,commodities,4h,SAR~MAXINDEX|and,gross,fixed_combo,4.0,0.0,False,False,True,and,0.4546749085950271,0.4546749085950271,0.0
-0.040796831951793414,0.4,-0.040796831951793414,,-0.07814372320612958,,XAG/USD,5,5,3.668895314212321,False,False,False,False,0,False,76.30449278637626,66.615011625613,9.689481160763265,commodities,4h,SAR~MAXINDEX|gate,gross,fixed_combo,4.0,0.0,False,False,True,gate,0.8543885797483204,0.4546749085950271,0.3997136711532934
-0.04148445640549278,0.4,-0.04148445640549278,,-0.07946082388304347,,XAG/USD,5,5,3.668895314212321,False,False,False,False,0,False,76.11736914872358,66.615011625613,9.50235752311059,commodities,4h,SAREXT~MAXINDEX|gate,gross,fixed_combo,4.0,0.0,False,False,True,gate,0.8544581659591044,0.4546749085950271,0.3997832573640773
-0.0965061273175404,0.4,-0.0965061273175404,,-0.1848513166343021,,XAG/USD,5,5,3.668895314212321,False,False,False,False,0,False,82.73895359950788,66.615011625613,16.123941973894887,commodities,4h,SAR~MAMA|vote,gross,fixed_combo,4.0,0.0,False,False,True,vote,0.706578033493042,0.3752916900529463,0.3312863434400958
-0.09725901282294211,0.4,-0.09725901282294211,,-0.18629342068320318,,XAG/USD,5,5,3.668895314212321,False,False,False,False,0,False,82.59672168638215,66.615011625613,15.98171006076916,commodities,4h,SAREXT~MAMA|and,gross,fixed_combo,4.0,0.0,False,False,True,and,0.7065084472822581,0.3752221038421624,0.3312863434400958
-0.09725901282294211,0.4,-0.09725901282294211,,-0.18629342068320318,,XAG/USD,5,5,3.668895314212321,False,False,False,False,0,False,82.59672168638215,66.615011625613,15.98171006076916,commodities,4h,SAREXT~MAMA|vote,gross,fixed_combo,4.0,0.0,False,False,True,vote,0.7065084472822581,0.3752221038421624,0.3312863434400958
-0.09725901282294211,0.4,-0.09725901282294211,,-0.18629342068320318,,XAG/USD,5,5,3.668895314212321,False,False,False,False,0,False,82.59672168638215,66.615011625613,15.98171006076916,commodities,4h,SAR~MAMA|and,gross,fixed_combo,4.0,0.0,False,False,True,and,0.7065084472822581,0.3752221038421624,0.3312863434400958
-0.11900863949574925,0.2,-0.11900863949574925,,-0.2279534399848191,,XAG/USD,5,5,3.668895314212321,False,False,False,False,0,False,75.71069727667278,66.615011625613,9.095685651059782,commodities,4h,MAXINDEX~MAMA|vote,gross,fixed_combo,4.0,0.0,False,False,True,vote,0.6315040228916501,0.522179348562311,0.10932467432933905
-0.13109628116122568,0.2,-0.13109628116122568,,-0.2511065447562386,,XPT/USD,5,5,3.668895314212321,False,False,False,False,0,False,60.49310986313493,66.615011625613,-6.1219017624780605,commodities,4h,MAXINDEX~TSF_21|or,gross,fixed_combo,4.0,0.0,False,False,True,or,1.0,0.9522740575268491,0.04772594247315086
-0.15548965369944254,0.2,-0.15548965369944254,,-0.29783049023178004,,WTI/USD,5,5,3.668895314212321,False,False,False,False,0,False,50.18992791150164,66.615011625613,-16.425083714111352,commodities,4h,MAXINDEX~SIN|or,gross,fixed_combo,4.0,0.0,False,False,True,or,1.0,0.925626007253299,0.074373992746701
-0.16652480269336514,0.2,-0.16652480269336514,,-0.31896761258330075,,XAG/USD,5,5,3.668895314212321,False,False,False,False,0,False,60.10460902470057,66.615011625613,-6.510402600912421,commodities,4h,SAR~HT_DCPHASE|vote,gross,fixed_combo,4.0,0.0,False,False,True,vote,0.5455937219824942,0.32685651656629344,0.21873720541620081
-0.16776615015140123,0.2,-0.16776615015140123,,-0.3213453342720345,,XAG/USD,5,5,3.668895314212321,False,False,False,False,0,False,59.88908653955248,66.615011625613,-6.7259250860605135,commodities,4h,SAREXT~HT_DCPHASE|and,gross,fixed_combo,4.0,0.0,False,False,True,and,0.5455576534522868,0.326820448036086,0.21873720541620081
-0.16776615015140123,0.2,-0.16776615015140123,,-0.3213453342720345,,XAG/USD,5,5,3.668895314212321,False,False,False,False,0,False,59.88908653955248,66.615011625613,-6.7259250860605135,commodities,4h,SAREXT~HT_DCPHASE|vote,gross,fixed_combo,4.0,0.0,False,False,True,vote,0.5455576534522868,0.326820448036086,0.21873720541620081
-0.16827167754440261,0.2,-0.1682716775444026,,-0.32231363967178944,,XAG/USD,5,5,3.668895314212321,False,False,False,False,0,False,59.84703374602659,66.615011625613,-6.767977879586404,commodities,4h,SAR~HT_DCPHASE|and,gross,fixed_combo,4.0,0.0,False,False,True,and,0.5455241357717103,0.326820448036086,0.21870368773562432
-0.1958674278056977,0.2,-0.1958674278056977,,-0.37517153492777944,,XAG/USD,5,5,3.668895314212321,False,False,False,False,0,False,43.38323821967394,66.615011625613,-23.23177340593905,commodities,4h,MAMA~HT_DCPHASE|gate,gross,fixed_combo,4.0,0.0,False,False,True,gate,1.0,0.522179348562311,0.4778206514376889
-0.1958674278056977,0.2,-0.1958674278056977,,-0.37517153492777944,,XAG/USD,5,5,3.668895314212321,False,False,False,False,0,False,43.38323821967394,66.615011625613,-23.23177340593905,commodities,4h,MAMA~SAREXT|gate,gross,fixed_combo,4.0,0.0,False,False,True,gate,1.0,0.522179348562311,0.4778206514376889
-0.1958674278056977,0.2,-0.1958674278056977,,-0.37517153492777944,,XAG/USD,5,5,3.668895314212321,False,False,False,False,0,False,43.38323821967394,66.615011625613,-23.23177340593905,commodities,4h,MAMA~SIN|gate,gross,fixed_combo,4.0,0.0,False,False,True,gate,1.0,0.522179348562311,0.4778206514376889
-0.1958674278056977,0.2,-0.1958674278056977,,-0.37517153492777944,,XAG/USD,5,5,3.668895314212321,False,False,False,False,0,False,43.38323821967394,66.615011625613,-23.23177340593905,commodities,4h,MAMA~SIN|or,gross,fixed_combo,4.0,0.0,False,False,True,or,1.0,0.522179348562311,0.4778206514376889
-0.1958674278056977,0.2,-0.1958674278056977,,-0.37517153492777944,,XAG/USD,5,5,3.668895314212321,False,False,False,False,0,False,43.38323821967394,66.615011625613,-23.23177340593905,commodities,4h,MAMA~TSF_21|gate,gross,fixed_combo,4.0,0.0,False,False,True,gate,1.0,0.522179348562311,0.4778206514376889
-0.1958674278056977,0.2,-0.1958674278056977,,-0.37517153492777944,,XAG/USD,5,5,3.668895314212321,False,False,False,False,0,False,43.38323821967394,66.615011625613,-23.23177340593905,commodities,4h,MAMA~TSF_21|or,gross,fixed_combo,4.0,0.0,False,False,True,or,1.0,0.522179348562311,0.4778206514376889
-0.19659645696608485,0.2,-0.19659645696608488,,-0.376567943673091,,XAG/USD,5,5,3.668895314212321,False,False,False,False,0,False,43.28258286361219,66.615011625613,-23.332428762000802,commodities,4h,MAMA~SAR|gate,gross,fixed_combo,4.0,0.0,False,False,True,gate,0.999930413789216,0.5221097623515271,0.4778206514376889
-0.20325998990555028,0.2,-0.20325998990555033,,-0.38933151497715207,,XAG/USD,5,5,3.668895314212321,False,False,False,False,0,False,40.99628920114437,66.615011625613,-25.618722424468622,commodities,4h,MAMA~MINMAXINDEX|gate,gross,fixed_combo,4.0,0.0,False,False,True,gate,0.9943807711589644,0.5197694643302814,0.47461130682868297
-0.2142960854860969,0.0,-0.21429608548609697,,-0.4104704504548299,,XAG/USD,5,5,3.668895314212321,False,False,False,False,0,False,61.185315671784124,66.615011625613,-5.429695953828869,commodities,4h,MAXINDEX~MAMA|and,gross,fixed_combo,4.0,0.0,False,False,True,and,0.4859621888507545,0.4859621888507545,0.0
-0.23812601431569053,0.0,-0.23812601431569053,,-0.45611515553099624,,WTI/USD,5,5,3.668895314212321,False,False,False,False,0,False,31.977109486237453,66.615011625613,-34.63790213937554,commodities,4h,SAR~MINMAXINDEX|and,gross,fixed_combo,4.0,0.0,False,False,True,and,0.6532463909915063,0.3380169696334864,0.31522942135801996
-0.2393108126877923,0.0,-0.2393108126877923,,-0.4583845610611608,,WTI/USD,5,5,3.668895314212321,False,False,False,False,0,False,31.764468585294242,66.615011625613,-34.850543040318755,commodities,4h,SAREXT~MINMAXINDEX|and,gross,fixed_combo,4.0,0.0,False,False,True,and,0.6532824595217137,0.3380169696334864,0.31526548988822733
-0.2452870068069794,0.0,-0.2452870068069794,,-0.4698315788008637,,WTI/USD,5,5,3.668895314212321,False,False,False,False,0,False,29.34455608607284,66.615011625613,-37.27045553954015,commodities,4h,SAREXT~MINMAXINDEX|vote,gross,fixed_combo,4.0,0.0,False,False,True,vote,0.6589016883627493,0.34097261540484364,0.3179290729579057
-0.24572364585995352,0.0,-0.24572364585995352,,-0.47066793298976034,,WTI/USD,5,5,3.668895314212321,False,False,False,False,0,False,29.317707311405307,66.615011625613,-37.297304314207686,commodities,4h,SAR~MINMAXINDEX|vote,gross,fixed_combo,4.0,0.0,False,False,True,vote,0.6589352060433258,0.34100613308542016,0.3179290729579057
-0.25050405971336726,0.2,-0.2505040597133672,,-0.47982451008411214,,XAG/USD,5,5,3.668895314212321,False,False,False,False,0,False,30.29320637448206,66.615011625613,-36.32180525113093,commodities,4h,MAMA~MAXINDEX|gate,gross,fixed_combo,4.0,0.0,False,False,True,gate,0.8544581659591044,0.4859621888507545,0.3684959771083499
-0.26401304238545775,0.4,-0.2640130423854578,,-0.5057001026784492,,XPT/USD,5,5,3.668895314212321,False,False,False,False,0,False,54.87259447204036,66.615011625613,-11.742417153572632,commodities,4h,HT_DCPHASE~MAXINDEX|and,gross,fixed_combo,4.0,0.0,False,False,True,and,0.5449973056336606,0.5449973056336606,0.0
-0.26793920470618054,0.0,-0.26793920470618054,,-0.5132204155795937,,WTI/USD,5,5,3.668895314212321,False,False,False,False,0,False,42.25854028746534,66.615011625613,-24.356471338147657,commodities,4h,IS#1[combo],gross,wf_combo,4.0,2.0,False,False,True,,,,
-0.267946574568677,0.2,-0.267946574568677,,-0.5132345320800041,,XPT/USD,5,5,3.668895314212321,False,False,False,False,0,False,43.31166540262616,66.615011625613,-23.303346222986832,commodities,4h,HT_DCPHASE~MAXINDEX|vote,gross,fixed_combo,4.0,0.0,False,False,True,vote,0.6905391396745562,0.5863268307801295,0.1042123088944266
-0.27379106815456045,0.0,-0.27379106815456045,,-0.5244292858686056,,WTI/USD,5,5,3.668895314212321,False,False,False,False,0,False,20.63965412532301,66.615011625613,-45.97535750028999,commodities,4h,SAR~SIN|and,gross,fixed_combo,4.0,0.0,False,False,True,and,0.5036429986351433,0.26291817014855623,0.240724828486587
-0.27456955794523585,0.0,-0.2745695579452358,,-0.5259204332889058,,WTI/USD,5,5,3.668895314212321,False,False,False,False,0,False,20.454319065432813,66.615011625613,-46.16069256018018,commodities,4h,SAREXT~SIN|and,gross,fixed_combo,4.0,0.0,False,False,True,and,0.5037125848459272,0.26291817014855623,0.2407944146973709
-0.27456955794523585,0.0,-0.2745695579452358,,-0.5259204332889058,,WTI/USD,5,5,3.668895314212321,False,False,False,False,0,False,20.454319065432813,66.615011625613,-46.16069256018018,commodities,4h,SAREXT~SIN|vote,gross,fixed_combo,4.0,0.0,False,False,True,vote,0.5037125848459272,0.26291817014855623,0.2407944146973709
-0.27456955794523585,0.0,-0.2745695579452358,,-0.5259204332889058,,WTI/USD,5,5,3.668895314212321,False,False,False,False,0,False,20.454319065432813,66.615011625613,-46.16069256018018,commodities,4h,SAR~SIN|vote,gross,fixed_combo,4.0,0.0,False,False,True,vote,0.5037125848459272,0.26291817014855623,0.2407944146973709
-0.2750054206154664,0.2,-0.2750054206154664,,-0.5267553003662961,,XAG/USD,5,5,3.668895314212321,False,False,False,False,0,False,50.64518930840569,66.615011625613,-15.969822317207303,commodities,4h,SAR~TSF_21|vote,gross,fixed_combo,4.0,0.0,False,False,True,vote,0.6274645962700777,0.3262447228063483,0.30121987346372936
-0.2757544703231516,0.2,-0.2757544703231516,,-0.5281900571899178,,XAG/USD,5,5,3.668895314212321,False,False,False,False,0,False,50.57625506998003,66.615011625613,-16.038756555632965,commodities,4h,SAREXT~TSF_21|and,gross,fixed_combo,4.0,0.0,False,False,True,and,0.6273950100592938,0.3261751365955644,0.30121987346372936
-0.2757544703231516,0.2,-0.2757544703231516,,-0.5281900571899178,,XAG/USD,5,5,3.668895314212321,False,False,False,False,0,False,50.57625506998003,66.615011625613,-16.038756555632965,commodities,4h,SAREXT~TSF_21|vote,gross,fixed_combo,4.0,0.0,False,False,True,vote,0.6273950100592938,0.3261751365955644,0.30121987346372936
-0.2757544703231516,0.2,-0.2757544703231516,,-0.5281900571899178,,XAG/USD,5,5,3.668895314212321,False,False,False,False,0,False,50.57625506998003,66.615011625613,-16.038756555632965,commodities,4h,SAR~TSF_21|and,gross,fixed_combo,4.0,0.0,False,False,True,and,0.6273950100592938,0.3261751365955644,0.30121987346372936
-0.2865651067277046,0.0,-0.2865651067277045,,-0.5488971400310001,,XAG/USD,5,5,3.668895314212321,False,False,False,False,0,False,33.34721268160449,66.615011625613,-33.267798944008504,commodities,4h,HT_DCPHASE~MAMA|and,gross,fixed_combo,4.0,0.0,False,False,True,and,0.6540562367938898,0.3812812080681652,0.27277502872572457
-0.2865651067277046,0.0,-0.2865651067277045,,-0.5488971400310001,,XAG/USD,5,5,3.668895314212321,False,False,False,False,0,False,33.34721268160449,66.615011625613,-33.267798944008504,commodities,4h,HT_DCPHASE~MAMA|vote,gross,fixed_combo,4.0,0.0,False,False,True,vote,0.6540562367938898,0.3812812080681652,0.27277502872572457
-0.28849747352750466,0.0,-0.28849747352750466,,-0.552598465087679,,XPT/USD,5,5,3.668895314212321,False,False,False,False,0,False,14.391156004497024,66.615011625613,-52.22385562111597,commodities,4h,HT_DCPHASE~MINMAXINDEX|gate,gross,fixed_combo,4.0,0.0,False,False,True,gate,0.9943807711589644,0.5824283037638311,0.41195246739513325
-0.30660666789728536,0.0,-0.3066066678972854,,-0.5872854690685343,,XPT/USD,5,5,3.668895314212321,False,False,False,False,0,False,18.349393948114365,66.615011625613,-48.265617677498625,commodities,4h,HT_DCPHASE~MAXINDEX|gate,gross,fixed_combo,4.0,0.0,False,False,True,gate,0.8544581659591044,0.5449973056336606,0.30946086032544384
-0.3185566603316454,0.0,-0.3185566603316454,,-0.6101749155385298,,XPT/USD,5,5,3.668895314212321,False,False,False,False,0,False,9.583087083945092,66.615011625613,-57.031924541667905,commodities,4h,HT_DCPHASE~MAMA|gate,gross,fixed_combo,4.0,0.0,False,False,True,gate,1.0,0.5863268307801295,0.41367316921987046
-0.3185566603316454,0.0,-0.3185566603316454,,-0.6101749155385298,,XPT/USD,5,5,3.668895314212321,False,False,False,False,0,False,9.583087083945092,66.615011625613,-57.031924541667905,commodities,4h,HT_DCPHASE~MAMA|or,gross,fixed_combo,4.0,0.0,False,False,True,or,1.0,0.5863268307801295,0.41367316921987046
-0.3185566603316454,0.0,-0.3185566603316454,,-0.6101749155385298,,XPT/USD,5,5,3.668895314212321,False,False,False,False,0,False,9.583087083945092,66.615011625613,-57.031924541667905,commodities,4h,HT_DCPHASE~MAXINDEX|or,gross,fixed_combo,4.0,0.0,False,False,True,or,1.0,0.5863268307801295,0.41367316921987046
-0.3185566603316454,0.0,-0.3185566603316454,,-0.6101749155385298,,XPT/USD,5,5,3.668895314212321,False,False,False,False,0,False,9.583087083945092,66.615011625613,-57.031924541667905,commodities,4h,HT_DCPHASE~MINMAXINDEX|or,gross,fixed_combo,4.0,0.0,False,False,True,or,1.0,0.5863268307801295,0.41367316921987046
-0.3185566603316454,0.0,-0.3185566603316454,,-0.6101749155385298,,XPT/USD,5,5,3.668895314212321,False,False,False,False,0,False,9.583087083945092,66.615011625613,-57.031924541667905,commodities,4h,HT_DCPHASE~SAREXT|gate,gross,fixed_combo,4.0,0.0,False,False,True,gate,1.0,0.5863268307801295,0.41367316921987046
-0.3185566603316454,0.0,-0.3185566603316454,,-0.6101749155385298,,XPT/USD,5,5,3.668895314212321,False,False,False,False,0,False,9.583087083945092,66.615011625613,-57.031924541667905,commodities,4h,HT_DCPHASE~SIN|gate,gross,fixed_combo,4.0,0.0,False,False,True,gate,1.0,0.5863268307801295,0.41367316921987046
-0.3185566603316454,0.0,-0.3185566603316454,,-0.6101749155385298,,XPT/USD,5,5,3.668895314212321,False,False,False,False,0,False,9.583087083945092,66.615011625613,-57.031924541667905,commodities,4h,HT_DCPHASE~SIN|or,gross,fixed_combo,4.0,0.0,False,False,True,or,1.0,0.5863268307801295,0.41367316921987046
-0.3185566603316454,0.0,-0.3185566603316454,,-0.6101749155385298,,XPT/USD,5,5,3.668895314212321,False,False,False,False,0,False,9.583087083945092,66.615011625613,-57.031924541667905,commodities,4h,HT_DCPHASE~TSF_21|gate,gross,fixed_combo,4.0,0.0,False,False,True,gate,1.0,0.5863268307801295,0.41367316921987046
-0.3185566603316454,0.0,-0.3185566603316454,,-0.6101749155385298,,XPT/USD,5,5,3.668895314212321,False,False,False,False,0,False,9.583087083945092,66.615011625613,-57.031924541667905,commodities,4h,HT_DCPHASE~TSF_21|or,gross,fixed_combo,4.0,0.0,False,False,True,or,1.0,0.5863268307801295,0.41367316921987046
-0.3201049942584543,0.0,-0.3201049942584543,,-0.613140650180626,,XPT/USD,5,5,3.668895314212321,False,False,False,False,0,False,9.37934457928746,66.615011625613,-57.23566704632553,commodities,4h,HT_DCPHASE~SAR|gate,gross,fixed_combo,4.0,0.0,False,False,True,gate,0.999930413789216,0.5862907622499222,0.41363965153929394
-0.3410476046421653,0.4,-0.3410476046421653,,-0.653254881378095,,WTI/USD,5,5,3.668895314212321,False,False,False,False,0,False,26.31134831233993,66.615011625613,-40.30366331327306,commodities,4h,MAXINDEX~MINMAXINDEX|vote,gross,fixed_combo,4.0,0.0,False,False,True,vote,0.6408376251777689,0.49962325240686695,0.14121437277090193
-0.3515475204283635,0.0,-0.35154752042836357,,-0.673366798741038,,WTI/USD,5,5,3.668895314212321,False,False,False,False,0,False,9.023157306066043,66.615011625613,-57.591854319546954,commodities,4h,MINMAXINDEX~MAMA|vote,gross,fixed_combo,4.0,0.0,False,False,True,vote,0.6872626805467097,0.3550916990884377,0.33217098145827195
-0.36001100719067786,0.0,-0.36001100719067786,,-0.6895780665104208,,WTI/USD,5,5,3.668895314212321,False,False,False,False,0,False,7.3665871152573885,66.615011625613,-59.248424510355605,commodities,4h,MINMAXINDEX~MAMA|and,gross,fixed_combo,4.0,0.0,False,False,True,and,0.6816434517056741,0.35268181485640804,0.32896163684926605
-0.3913000025378928,0.2,-0.39130000253789277,,-0.749510136596151,,WTI/USD,5,5,3.668895314212321,False,False,False,False,0,False,28.85907332170815,66.615011625613,-37.75593830390484,commodities,4h,MAXINDEX~SIN|and,gross,fixed_combo,4.0,0.0,False,False,True,and,0.42919950231723514,0.42919950231723514,0.0
-0.3951088484955614,0.0,-0.3951088484955614,,-0.7568057375046365,,WTI/USD,5,5,3.668895314212321,False,False,False,False,0,False,0.9925066561324669,66.615011625613,-65.62250496948053,commodities,4h,MAMA~SIN|and,gross,fixed_combo,4.0,0.0,False,False,True,and,0.5044956874371648,0.2635211898054527,0.240974497631712
-0.3951088484955614,0.0,-0.3951088484955614,,-0.7568057375046365,,WTI/USD,5,5,3.668895314212321,False,False,False,False,0,False,0.9925066561324669,66.615011625613,-65.62250496948053,commodities,4h,MAMA~SIN|vote,gross,fixed_combo,4.0,0.0,False,False,True,vote,0.5044956874371648,0.2635211898054527,0.240974497631712
-0.41912727526592414,0.2,-0.41912727526592414,,-0.8028114983344897,,XAG/USD,5,5,3.668895314212321,False,False,False,False,0,False,30.369598843775826,66.615011625613,-36.24541278183717,commodities,4h,MAMA~TSF_21|and,gross,fixed_combo,4.0,0.0,False,False,True,and,0.43159674773641366,0.228487473795402,0.20310927394101158
-0.41912727526592414,0.2,-0.41912727526592414,,-0.8028114983344897,,XAG/USD,5,5,3.668895314212321,False,False,False,False,0,False,30.369598843775826,66.615011625613,-36.24541278183717,commodities,4h,MAMA~TSF_21|vote,gross,fixed_combo,4.0,0.0,False,False,True,vote,0.43159674773641366,0.228487473795402,0.20310927394101158
-0.427005058800607,0.0,-0.427005058800607,,-0.817900889019028,,XPT/USD,5,5,3.668895314212321,False,False,False,False,0,False,3.0319578400877454,66.615011625613,-63.58305378552525,commodities,4h,HT_DCPHASE~MINMAXINDEX|and,gross,fixed_combo,4.0,0.0,False,False,True,and,0.6426066189260805,0.3644928181833861,0.2781138007426943
-0.4290700602610794,0.0,-0.4290700602610794,,-0.8218562672880584,,XAG/USD,5,5,3.668895314212321,False,False,False,False,0,False,39.97642249629455,66.615011625613,-26.63858912931844,commodities,4h,MAXINDEX~TSF_21|and,gross,fixed_combo,4.0,0.0,False,False,True,and,0.4053829597243347,0.4053829597243347,0.0
-0.44043781367008916,0.0,-0.4404378136700893,,-0.8436304721311907,,WTI/USD,5,5,3.668895314212321,False,False,False,False,0,False,28.5293163858753,66.615011625613,-38.08569523973769,commodities,4h,MAXINDEX~MINMAXINDEX|and,gross,fixed_combo,4.0,0.0,False,False,True,and,0.498331484835825,0.498331484835825,0.0
-0.44175501560927505,0.2,-0.44175501560927505,,-0.8461534882287137,,WTI/USD,5,5,3.668895314212321,False,False,False,False,0,False,-17.739727700362174,66.615011625613,-84.35473932597517,commodities,4h,SIN~MAXINDEX|gate,gross,fixed_combo,4.0,0.0,False,False,True,gate,0.8544581659591044,0.42919950231723514,0.42525866364186926
-0.4468385160410824,0.0,-0.4468385160410825,,-0.8558906082857511,,WTI/USD,5,5,3.668895314212321,False,False,False,False,0,False,-19.48512411004393,66.615011625613,-86.10013573565692,commodities,4h,MINMAXINDEX~TSF_21|or,gross,fixed_combo,4.0,0.0,False,False,True,or,1.0,0.5004677844106818,0.49953221558931815
-0.44832342768924993,0.0,-0.4483234276892499,,-0.8587348616080943,,WTI/USD,5,5,3.668895314212321,False,False,False,False,0,False,-18.731431010793962,66.615011625613,-85.34644263640695,commodities,4h,MINMAXINDEX~MAMA|or,gross,fixed_combo,4.0,0.0,False,False,True,or,1.0,0.5007413690678547,0.4992586309321453
-0.4547738209223973,0.0,-0.4547738209223973,,-0.8710901774320624,,WTI/USD,5,5,3.668895314212321,False,False,False,False,0,False,-19.647658283446468,66.615011625613,-86.26266990905947,commodities,4h,MINMAXINDEX~SAR|gate,gross,fixed_combo,4.0,0.0,False,False,True,gate,0.9943111849481806,0.4982979671552485,0.4960132177929319
-0.4562676878377516,0.0,-0.4562676878377515,,-0.8739515839961353,,WTI/USD,5,5,3.668895314212321,False,False,False,False,0,False,-19.82825389009048,66.615011625613,-86.44326551570347,commodities,4h,MINMAXINDEX~HT_DCPHASE|gate,gross,fixed_combo,4.0,0.0,False,False,True,gate,0.9943807711589644,0.498331484835825,0.4960492863231393
-0.4562676878377516,0.0,-0.4562676878377515,,-0.8739515839961353,,WTI/USD,5,5,3.668895314212321,False,False,False,False,0,False,-19.82825389009048,66.615011625613,-86.44326551570347,commodities,4h,MINMAXINDEX~MAMA|gate,gross,fixed_combo,4.0,0.0,False,False,True,gate,0.9943807711589644,0.498331484835825,0.4960492863231393
-0.4562676878377516,0.0,-0.4562676878377515,,-0.8739515839961353,,WTI/USD,5,5,3.668895314212321,False,False,False,False,0,False,-19.82825389009048,66.615011625613,-86.44326551570347,commodities,4h,MINMAXINDEX~SAREXT|gate,gross,fixed_combo,4.0,0.0,False,False,True,gate,0.9943807711589644,0.498331484835825,0.4960492863231393
-0.4562676878377516,0.0,-0.4562676878377515,,-0.8739515839961353,,WTI/USD,5,5,3.668895314212321,False,False,False,False,0,False,-19.82825389009048,66.615011625613,-86.44326551570347,commodities,4h,MINMAXINDEX~SIN|gate,gross,fixed_combo,4.0,0.0,False,False,True,gate,0.9943807711589644,0.498331484835825,0.4960492863231393
-0.4562676878377516,0.0,-0.4562676878377515,,-0.8739515839961353,,WTI/USD,5,5,3.668895314212321,False,False,False,False,0,False,-19.82825389009048,66.615011625613,-86.44326551570347,commodities,4h,MINMAXINDEX~TSF_21|gate,gross,fixed_combo,4.0,0.0,False,False,True,gate,0.9943807711589644,0.498331484835825,0.4960492863231393
-0.4595061241088013,0.0,-0.4595061241088013,,-0.8801546016197739,,XPT/USD,5,5,3.668895314212321,False,False,False,False,0,False,-1.1730068336390473,66.615011625613,-67.78801845925204,commodities,4h,HT_DCPHASE~MINMAXINDEX|vote,gross,fixed_combo,4.0,0.0,False,False,True,vote,0.6482258477671161,0.36839134519968453,0.2798345025674315
-0.46376141012894784,0.0,-0.46376141012894784,,-0.8883053299242207,,WTI/USD,5,5,3.668895314212321,False,False,False,False,0,False,-20.342272834829146,66.615011625613,-86.95728446044214,commodities,4h,MINMAXINDEX~SIN|or,gross,fixed_combo,4.0,0.0,False,False,True,or,1.0,0.500823247464903,0.499176752535097
-0.46780370650774916,0.0,-0.46780370650774916,,-0.8960480901884355,,WTI/USD,5,5,3.668895314212321,False,False,False,False,0,False,8.864077528752642,66.615011625613,-57.75093409686035,commodities,4h,MAXINDEX~SIN|vote,gross,fixed_combo,4.0,0.0,False,False,True,vote,0.5747413363581307,0.5003673436114298,0.074373992746701
-0.47768040622055585,0.0,-0.47768040622055585,,-0.9149662770089122,,XAG/USD,5,5,3.668895314212321,False,False,False,False,0,False,-3.061293453865119,66.615011625613,-69.67630507947811,commodities,4h,TSF_21~MAXINDEX|gate,gross,fixed_combo,4.0,0.0,False,False,True,gate,0.8544581659591044,0.4053829597243347,0.4490752062347697
-0.4811242126465342,0.0,-0.4811242126465342,,-0.9215626680337137,,WTI/USD,5,5,3.668895314212321,False,False,False,False,0,False,-6.642678494020673,66.615011625613,-73.25769011963366,commodities,4h,HT_DCPHASE~SIN|and,gross,fixed_combo,4.0,0.0,False,False,True,and,0.5013839616986322,0.29403906804509583,0.20734489365353653
-0.4811242126465342,0.0,-0.4811242126465342,,-0.9215626680337137,,WTI/USD,5,5,3.668895314212321,False,False,False,False,0,False,-6.642678494020673,66.615011625613,-73.25769011963366,commodities,4h,HT_DCPHASE~SIN|vote,gross,fixed_combo,4.0,0.0,False,False,True,vote,0.5013839616986322,0.29403906804509583,0.20734489365353653
-0.48671906853693575,0.0,-0.48671906853693586,,-0.9322792567775243,,WTI/USD,5,5,3.668895314212321,False,False,False,False,0,False,-29.93687951756891,66.615011625613,-96.5518911431819,commodities,4h,SIN~MINMAXINDEX|gate,gross,fixed_combo,4.0,0.0,False,False,True,gate,0.9943807711589644,0.4978755809823518,0.49650519017661254
-0.48803389983109513,0.0,-0.48803389983109513,,-0.9347977320560693,,XAG/USD,5,5,3.668895314212321,False,False,False,False,0,False,33.52247692621874,66.615011625613,-33.09253469939426,commodities,4h,MAXINDEX~TSF_21|vote,gross,fixed_combo,4.0,0.0,False,False,True,vote,0.5509247937652303,0.5031988512920794,0.04772594247315086
-0.49339752691606187,0.0,-0.49339752691606187,,-0.9450714168069784,,WTI/USD,5,5,3.668895314212321,False,False,False,False,0,False,-30.743125958530165,66.615011625613,-97.35813758414315,commodities,4h,SIN~SAR|gate,gross,fixed_combo,4.0,0.0,False,False,True,gate,0.999930413789216,0.5003673436114298,0.49956307017778645
-0.49406337853292975,0.0,-0.49406337853292975,,-0.9463468130070157,,WTI/USD,5,5,3.668895314212321,False,False,False,False,0,False,-30.888440310826752,66.615011625613,-97.50345193643975,commodities,4h,SIN~HT_DCPHASE|gate,gross,fixed_combo,4.0,0.0,False,False,True,gate,1.0,0.5003673436114298,0.49963265638857035
-0.49406337853292975,0.0,-0.49406337853292975,,-0.9463468130070157,,WTI/USD,5,5,3.668895314212321,False,False,False,False,0,False,-30.888440310826752,66.615011625613,-97.50345193643975,commodities,4h,SIN~MAMA|gate,gross,fixed_combo,4.0,0.0,False,False,True,gate,1.0,0.5003673436114298,0.49963265638857035
-0.49406337853292975,0.0,-0.49406337853292975,,-0.9463468130070157,,WTI/USD,5,5,3.668895314212321,False,False,False,False,0,False,-30.888440310826752,66.615011625613,-97.50345193643975,commodities,4h,SIN~SAREXT|gate,gross,fixed_combo,4.0,0.0,False,False,True,gate,1.0,0.5003673436114298,0.49963265638857035
-0.49406337853292975,0.0,-0.49406337853292975,,-0.9463468130070157,,WTI/USD,5,5,3.668895314212321,False,False,False,False,0,False,-30.888440310826752,66.615011625613,-97.50345193643975,commodities,4h,SIN~TSF_21|gate,gross,fixed_combo,4.0,0.0,False,False,True,gate,1.0,0.5003673436114298,0.49963265638857035
-0.49406337853292975,0.0,-0.49406337853292975,,-0.9463468130070157,,WTI/USD,5,5,3.668895314212321,False,False,False,False,0,False,-30.888440310826752,66.615011625613,-97.50345193643975,commodities,4h,SIN~TSF_21|or,gross,fixed_combo,4.0,0.0,False,False,True,or,1.0,0.5003673436114298,0.49963265638857035
-0.5023847550981391,0.0,-0.5023847550981391,,-0.9622858777798406,,WTI/USD,5,5,3.668895314212321,False,False,False,False,0,False,-18.733662213006887,66.615011625613,-85.34867383861987,commodities,4h,MINMAXINDEX~MAXINDEX|gate,gross,fixed_combo,4.0,0.0,False,False,True,gate,0.8531663983880625,0.498331484835825,0.3548349135522374
-0.5154406549970467,0.0,-0.5154406549970467,,-0.9872936192905715,,XAG/USD,5,5,3.668895314212321,False,False,False,False,0,False,-4.44561249951916,66.615011625613,-71.06062412513215,commodities,4h,TSF_21~HT_DCPHASE|gate,gross,fixed_combo,4.0,0.0,False,False,True,gate,1.0,0.5031988512920794,0.4968011487079206
-0.5154406549970467,0.0,-0.5154406549970467,,-0.9872936192905715,,XAG/USD,5,5,3.668895314212321,False,False,False,False,0,False,-4.44561249951916,66.615011625613,-71.06062412513215,commodities,4h,TSF_21~MAMA|gate,gross,fixed_combo,4.0,0.0,False,False,True,gate,1.0,0.5031988512920794,0.4968011487079206
-0.5154406549970467,0.0,-0.5154406549970467,,-0.9872936192905715,,XAG/USD,5,5,3.668895314212321,False,False,False,False,0,False,-4.44561249951916,66.615011625613,-71.06062412513215,commodities,4h,TSF_21~SAREXT|gate,gross,fixed_combo,4.0,0.0,False,False,True,gate,1.0,0.5031988512920794,0.4968011487079206
-0.5154406549970467,0.0,-0.5154406549970467,,-0.9872936192905715,,XAG/USD,5,5,3.668895314212321,False,False,False,False,0,False,-4.44561249951916,66.615011625613,-71.06062412513215,commodities,4h,TSF_21~SIN|gate,gross,fixed_combo,4.0,0.0,False,False,True,gate,1.0,0.5031988512920794,0.4968011487079206
-0.5159326138222725,0.0,-0.5159326138222725,,-0.988235934966276,,XAG/USD,5,5,3.668895314212321,False,False,False,False,0,False,12.558858420982002,66.615011625613,-54.05615320463099,commodities,4h,HT_DCPHASE~TSF_21|and,gross,fixed_combo,4.0,0.0,False,False,True,and,0.35508451956080334,0.22230510081650615,0.13277941874429716
-0.5159326138222725,0.0,-0.5159326138222725,,-0.988235934966276,,XAG/USD,5,5,3.668895314212321,False,False,False,False,0,False,12.558858420982002,66.615011625613,-54.05615320463099,commodities,4h,HT_DCPHASE~TSF_21|vote,gross,fixed_combo,4.0,0.0,False,False,True,vote,0.35508451956080334,0.22230510081650615,0.13277941874429716
-0.5161598353103285,0.0,-0.5161598353103285,,-0.9886711631989513,,XAG/USD,5,5,3.668895314212321,False,False,False,False,0,False,-4.467022680908269,66.615011625613,-71.08203430652127,commodities,4h,TSF_21~SAR|gate,gross,fixed_combo,4.0,0.0,False,False,True,gate,0.999930413789216,0.5031292650812954,0.4968011487079206
-0.5245564609241884,0.0,-0.5245564609241884,,-1.0047543627133224,,XAG/USD,5,5,3.668895314212321,False,False,False,False,0,False,-5.666552486400699,66.615011625613,-72.2815641120137,commodities,4h,TSF_21~MINMAXINDEX|gate,gross,fixed_combo,4.0,0.0,False,False,True,gate,0.9943807711589644,0.5010625517172226,0.49331821944174176
-0.5435064240380071,0.0,-0.543506424038007,,-1.0410518054677596,,WTI/USD,5,5,3.668895314212321,False,False,False,False,0,False,-17.93402417127849,66.615011625613,-84.54903579689149,commodities,4h,MINMAXINDEX~SIN|and,gross,fixed_combo,4.0,0.0,False,False,True,and,0.5009770961445238,0.2514016954018681,0.2495754007426557
-0.547672662839039,0.0,-0.547672662839039,,-1.04903196951734,,XAG/USD,5,5,3.668895314212321,False,False,False,False,0,False,-10.531624622034395,66.615011625613,-77.1466362476474,commodities,4h,MINMAXINDEX~TSF_21|vote,gross,fixed_combo,4.0,0.0,False,False,True,vote,0.4844684754618783,0.2440675555823198,0.24040091987955856
-0.5517587715220764,0.0,-0.5517587715220764,,-1.0568586494491234,,WTI/USD,5,5,3.668895314212321,False,False,False,False,0,False,-18.722495883080075,66.615011625613,-85.33750750869307,commodities,4h,MINMAXINDEX~SIN|vote,gross,fixed_combo,4.0,0.0,False,False,True,vote,0.5065963249855594,0.25389345803094604,0.25270286695461336
-0.558501412595236,0.0,-0.5585014125952361,,-1.069773747325396,,XPT/USD,5,5,3.668895314212321,False,False,False,False,0,False,-11.329319452994778,66.615011625613,-77.94433107860777,commodities,4h,MINMAXINDEX~TSF_21|and,gross,fixed_combo,4.0,0.0,False,False,True,and,0.4788492466208427,0.24193125600746299,0.23691799061337976
-0.5718577402366452,0.0,-0.5718577402366452,,-1.0953569389686573,,XAG/USD,5,5,3.668895314212321,False,False,False,False,0,False,-21.967253118137325,66.615011625613,-88.58226474375032,commodities,4h,SIN~TSF_21|and,gross,fixed_combo,4.0,0.0,False,False,True,and,0.5002047332038883,0.2518854640536987,0.2483192691501896
-0.5718577402366452,0.0,-0.5718577402366452,,-1.0953569389686573,,XAG/USD,5,5,3.668895314212321,False,False,False,False,0,False,-21.967253118137325,66.615011625613,-88.58226474375032,commodities,4h,SIN~TSF_21|vote,gross,fixed_combo,4.0,0.0,False,False,True,vote,0.5002047332038883,0.2518854640536987,0.2483192691501896
0.001418819560939466,0.6,0.09051833018917832,,0.0027176581549397012,-67.42157574728698,XPT/USD,5,5,3.668895314212321,False,False,False,False,0,False,76.64218016763587,66.615011625613,10.027168542022878,commodities,4h,MAXINDEX~MAMA|or,retail,fixed_combo,4.0,0.0,False,False,True,or,1.0,0.890675325670661,0.10932467432933905
-0.05543096842393062,0.4,0.033096492353397275,,-0.1061744759663116,,WTI/USD,5,5,3.668895314212321,False,False,False,False,0,False,68.04667442911632,66.615011625613,1.431662803503329,commodities,4h,MAXINDEX~HT_DCPHASE|gate,retail,fixed_combo,4.0,0.0,False,False,True,gate,0.8544581659591044,0.8544581659591044,0.0
-0.05543096842393062,0.4,0.033096492353397275,,-0.1061744759663116,,WTI/USD,5,5,3.668895314212321,False,False,False,False,0,False,68.04667442911632,66.615011625613,1.431662803503329,commodities,4h,MAXINDEX~MAMA|gate,retail,fixed_combo,4.0,0.0,False,False,True,gate,0.8544581659591044,0.8544581659591044,0.0
-0.05543096842393062,0.4,0.033096492353397275,,-0.1061744759663116,,WTI/USD,5,5,3.668895314212321,False,False,False,False,0,False,68.04667442911632,66.615011625613,1.431662803503329,commodities,4h,MAXINDEX~SAREXT|gate,retail,fixed_combo,4.0,0.0,False,False,True,gate,0.8544581659591044,0.8544581659591044,0.0
-0.05543096842393062,0.4,0.033096492353397275,,-0.1061744759663116,,WTI/USD,5,5,3.668895314212321,False,False,False,False,0,False,68.04667442911632,66.615011625613,1.431662803503329,commodities,4h,MAXINDEX~SIN|gate,retail,fixed_combo,4.0,0.0,False,False,True,gate,0.8544581659591044,0.8544581659591044,0.0
-0.05543096842393062,0.4,0.033096492353397275,,-0.1061744759663116,,WTI/USD,5,5,3.668895314212321,False,False,False,False,0,False,68.04667442911632,66.615011625613,1.431662803503329,commodities,4h,MAXINDEX~TSF_21|gate,retail,fixed_combo,4.0,0.0,False,False,True,gate,0.8544581659591044,0.8544581659591044,0.0
-0.058470794369973954,0.4,0.030334051693889717,,-0.11199706821080521,,WTI/USD,5,5,3.668895314212321,False,False,False,False,0,False,67.78384599621315,66.615011625613,1.1688343706001518,commodities,4h,MAXINDEX~SAR|gate,retail,fixed_combo,4.0,0.0,False,False,True,gate,0.8543885797483204,0.8543885797483204,0.0
-0.05910972334517441,0.4,0.03553572701222298,,-0.11322089581206203,,WTI/USD,5,5,3.668895314212321,False,False,False,False,0,False,68.6576747772412,66.615011625613,2.0426631516282043,commodities,4h,MAXINDEX~MINMAXINDEX|gate,retail,fixed_combo,4.0,0.0,False,False,True,gate,0.8531663983880625,0.8531663983880625,0.0
-0.07129115208884569,0.4,0.05534380426501425,,-0.13655364373536724,,XAU/USD,5,5,3.668895314212321,False,False,False,False,0,False,89.55128726086237,66.615011625613,22.936275635249373,commodities,4h,SAR~MAXINDEX|vote,retail,fixed_combo,4.0,0.0,False,False,True,vote,0.6002863288467066,0.5218259980505395,0.07846033079616703
-0.0725106921444888,0.4,0.05423887498876573,,-0.1388895947391013,,XAU/USD,5,5,3.668895314212321,False,False,False,False,0,False,89.34878460897859,66.615011625613,22.733772983365597,commodities,4h,SAREXT~MAXINDEX|vote,retail,fixed_combo,4.0,0.0,False,False,True,vote,0.6002167426359227,0.5217564118397556,0.07846033079616703
-0.08007340037625904,0.4,0.00893292425921246,,-0.1533754788256521,,WTI/USD,5,5,3.668895314212321,False,False,False,False,0,False,60.017427980870266,66.615011625613,-6.597583644742727,commodities,4h,MAXINDEX~MINMAXINDEX|or,retail,fixed_combo,4.0,0.0,False,False,True,or,0.9956725387300063,0.8544581659591044,0.14121437277090193
-0.0996931804475785,0.4,0.01945941672168229,,-0.19095591313657972,,XAG/USD,5,5,3.668895314212321,False,False,False,False,0,False,72.0155279885642,66.615011625613,5.400516362951208,commodities,4h,SAR~MINMAXINDEX|gate,retail,fixed_combo,4.0,0.0,False,False,True,gate,0.9943111849481806,0.5188007660683983,0.4755104188797821
-0.09995913040500191,0.4,0.015624711908334426,,-0.19146532327617424,,XAG/USD,5,5,3.668895314212321,False,False,False,False,0,False,70.47995260972901,66.615011625613,3.864940984116018,commodities,4h,SAR~HT_DCPHASE|or,retail,fixed_combo,4.0,0.0,False,False,True,or,1.0,0.5217924803699631,0.47820751963003694
-0.10041550486415204,0.4,0.018802469772259255,,-0.1923394793737927,,XAG/USD,5,5,3.668895314212321,False,False,False,False,0,False,71.85739909775114,66.615011625613,5.242387472138148,commodities,4h,SAREXT~MINMAXINDEX|gate,retail,fixed_combo,4.0,0.0,False,False,True,gate,0.9943807711589644,0.5188007660683983,0.47558000509056597
-0.10069702709624968,0.4,0.0148172620000746,,-0.19287871720989241,,XAG/USD,5,5,3.668895314212321,False,False,False,False,0,False,70.43033823439627,66.615011625613,3.8153266087832804,commodities,4h,SAR~MAMA|or,retail,fixed_combo,4.0,0.0,False,False,True,or,1.0,0.5218259980505395,0.4781740019494604
-0.10069702709624968,0.4,0.0148172620000746,,-0.19287871720989241,,XAG/USD,5,5,3.668895314212321,False,False,False,False,0,False,70.43033823439627,66.615011625613,3.8153266087832804,commodities,4h,SAR~MAXINDEX|or,retail,fixed_combo,4.0,0.0,False,False,True,or,1.0,0.5218259980505395,0.4781740019494604
-0.10069702709624968,0.4,0.0148172620000746,,-0.19287871720989241,,XAG/USD,5,5,3.668895314212321,False,False,False,False,0,False,70.43033823439627,66.615011625613,3.8153266087832804,commodities,4h,SAR~TSF_21|or,retail,fixed_combo,4.0,0.0,False,False,True,or,1.0,0.5218259980505395,0.4781740019494604
-0.10142395913515323,0.4,0.014157782024734717,,-0.19427110905308428,,XAG/USD,5,5,3.668895314212321,False,False,False,False,0,False,70.2922648277595,66.615011625613,3.6772532021465025,commodities,4h,SAREXT~SAR|gate,retail,fixed_combo,4.0,0.0,False,False,True,gate,0.999930413789216,0.5217564118397556,0.4781740019494604
-0.10142395913515323,0.4,0.014157782024734717,,-0.19427110905308428,,XAG/USD,5,5,3.668895314212321,False,False,False,False,0,False,70.2922648277595,66.615011625613,3.6772532021465025,commodities,4h,SAR~HT_DCPHASE|gate,retail,fixed_combo,4.0,0.0,False,False,True,gate,0.999930413789216,0.5217564118397556,0.4781740019494604
-0.10142395913515323,0.4,0.014157782024734717,,-0.19427110905308428,,XAG/USD,5,5,3.668895314212321,False,False,False,False,0,False,70.2922648277595,66.615011625613,3.6772532021465025,commodities,4h,SAR~MAMA|gate,retail,fixed_combo,4.0,0.0,False,False,True,gate,0.999930413789216,0.5217564118397556,0.4781740019494604
-0.10142395913515323,0.4,0.014157782024734717,,-0.19427110905308428,,XAG/USD,5,5,3.668895314212321,False,False,False,False,0,False,70.2922648277595,66.615011625613,3.6772532021465025,commodities,4h,SAR~SAREXT|and,retail,fixed_combo,4.0,0.0,False,False,True,and,0.999930413789216,0.5217564118397556,0.4781740019494604
-0.10142395913515323,0.4,0.014157782024734717,,-0.19427110905308428,,XAG/USD,5,5,3.668895314212321,False,False,False,False,0,False,70.2922648277595,66.615011625613,3.6772532021465025,commodities,4h,SAR~SAREXT|gate,retail,fixed_combo,4.0,0.0,False,False,True,gate,0.999930413789216,0.5217564118397556,0.4781740019494604
-0.10142395913515323,0.4,0.014157782024734717,,-0.19427110905308428,,XAG/USD,5,5,3.668895314212321,False,False,False,False,0,False,70.2922648277595,66.615011625613,3.6772532021465025,commodities,4h,SAR~SIN|gate,retail,fixed_combo,4.0,0.0,False,False,True,gate,0.999930413789216,0.5217564118397556,0.4781740019494604
-0.10142395913515323,0.4,0.014157782024734717,,-0.19427110905308428,,XAG/USD,5,5,3.668895314212321,False,False,False,False,0,False,70.2922648277595,66.615011625613,3.6772532021465025,commodities,4h,SAR~TSF_21|gate,retail,fixed_combo,4.0,0.0,False,False,True,gate,0.999930413789216,0.5217564118397556,0.4781740019494604
-0.10214609184199261,0.4,0.013501099499951135,,-0.19565430808255865,,XAG/USD,5,5,3.668895314212321,False,False,False,False,0,False,70.15424463766665,66.615011625613,3.539233012053657,commodities,4h,SAREXT~HT_DCPHASE|gate,retail,fixed_combo,4.0,0.0,False,False,True,gate,1.0,0.5217564118397556,0.47824358816024437
-0.10214609184199261,0.4,0.013501099499951135,,-0.19565430808255865,,XAG/USD,5,5,3.668895314212321,False,False,False,False,0,False,70.15424463766665,66.615011625613,3.539233012053657,commodities,4h,SAREXT~HT_DCPHASE|or,retail,fixed_combo,4.0,0.0,False,False,True,or,1.0,0.5217564118397556,0.47824358816024437
-0.10214609184199261,0.4,0.013501099499951135,,-0.19565430808255865,,XAG/USD,5,5,3.668895314212321,False,False,False,False,0,False,70.15424463766665,66.615011625613,3.539233012053657,commodities,4h,SAREXT~MAMA|gate,retail,fixed_combo,4.0,0.0,False,False,True,gate,1.0,0.5217564118397556,0.47824358816024437
-0.10214609184199261,0.4,0.013501099499951135,,-0.19565430808255865,,XAG/USD,5,5,3.668895314212321,False,False,False,False,0,False,70.15424463766665,66.615011625613,3.539233012053657,commodities,4h,SAREXT~MAMA|or,retail,fixed_combo,4.0,0.0,False,False,True,or,1.0,0.5217564118397556,0.47824358816024437
-0.10214609184199261,0.4,0.013501099499951135,,-0.19565430808255865,,XAG/USD,5,5,3.668895314212321,False,False,False,False,0,False,70.15424463766665,66.615011625613,3.539233012053657,commodities,4h,SAREXT~MAXINDEX|or,retail,fixed_combo,4.0,0.0,False,False,True,or,1.0,0.5217564118397556,0.47824358816024437
-0.10214609184199261,0.4,0.013501099499951135,,-0.19565430808255865,,XAG/USD,5,5,3.668895314212321,False,False,False,False,0,False,70.15424463766665,66.615011625613,3.539233012053657,commodities,4h,SAREXT~MINMAXINDEX|or,retail,fixed_combo,4.0,0.0,False,False,True,or,1.0,0.5217564118397556,0.47824358816024437
-0.10214609184199261,0.4,0.013501099499951135,,-0.19565430808255865,,XAG/USD,5,5,3.668895314212321,False,False,False,False,0,False,70.15424463766665,66.615011625613,3.539233012053657,commodities,4h,SAREXT~SIN|gate,retail,fixed_combo,4.0,0.0,False,False,True,gate,1.0,0.5217564118397556,0.47824358816024437
-0.10214609184199261,0.4,0.013501099499951135,,-0.19565430808255865,,XAG/USD,5,5,3.668895314212321,False,False,False,False,0,False,70.15424463766665,66.615011625613,3.539233012053657,commodities,4h,SAREXT~SIN|or,retail,fixed_combo,4.0,0.0,False,False,True,or,1.0,0.5217564118397556,0.47824358816024437
-0.10214609184199261,0.4,0.013501099499951135,,-0.19565430808255865,,XAG/USD,5,5,3.668895314212321,False,False,False,False,0,False,70.15424463766665,66.615011625613,3.539233012053657,commodities,4h,SAREXT~TSF_21|gate,retail,fixed_combo,4.0,0.0,False,False,True,gate,1.0,0.5217564118397556,0.47824358816024437
-0.10214609184199261,0.4,0.013501099499951135,,-0.19565430808255865,,XAG/USD,5,5,3.668895314212321,False,False,False,False,0,False,70.15424463766665,66.615011625613,3.539233012053657,commodities,4h,SAREXT~TSF_21|or,retail,fixed_combo,4.0,0.0,False,False,True,or,1.0,0.5217564118397556,0.47824358816024437
-0.10214609184199261,0.4,0.013501099499951135,,-0.19565430808255865,,XAG/USD,5,5,3.668895314212321,False,False,False,False,0,False,70.15424463766665,66.615011625613,3.539233012053657,commodities,4h,SAR~SAREXT|or,retail,fixed_combo,4.0,0.0,False,False,True,or,1.0,0.5217564118397556,0.47824358816024437
-0.10214609184199261,0.4,0.013501099499951135,,-0.19565430808255865,,XAG/USD,5,5,3.668895314212321,False,False,False,False,0,False,70.15424463766665,66.615011625613,3.539233012053657,commodities,4h,SAR~SAREXT|vote,retail,fixed_combo,4.0,0.0,False,False,True,vote,1.0,0.5217564118397556,0.47824358816024437
-0.10214609184199261,0.4,0.013501099499951135,,-0.19565430808255865,,XAG/USD,5,5,3.668895314212321,False,False,False,False,0,False,70.15424463766665,66.615011625613,3.539233012053657,commodities,4h,SAR~SIN|or,retail,fixed_combo,4.0,0.0,False,False,True,or,1.0,0.5217564118397556,0.47824358816024437
-0.10288398853324039,0.4,0.012693649591691308,,-0.19706770201627685,,XAG/USD,5,5,3.668895314212321,False,False,False,False,0,False,70.10463026233391,66.615011625613,3.4896186367209197,commodities,4h,SAR~MINMAXINDEX|or,retail,fixed_combo,4.0,0.0,False,False,True,or,1.0,0.5217899295203321,0.47821007047966785
-0.14454222345445208,0.2,-0.03161732200515812,,-0.27686138753542866,,WTI/USD,5,5,3.668895314212321,False,False,False,False,0,False,71.37107343703714,66.615011625613,4.756061811424146,commodities,4h,SAREXT~MAXINDEX|and,retail,fixed_combo,4.0,0.0,False,False,True,and,0.4546749085950271,0.4546749085950271,0.0
-0.14454222345445208,0.2,-0.03161732200515812,,-0.27686138753542866,,WTI/USD,5,5,3.668895314212321,False,False,False,False,0,False,71.37107343703714,66.615011625613,4.756061811424146,commodities,4h,SAR~MAXINDEX|and,retail,fixed_combo,4.0,0.0,False,False,True,and,0.4546749085950271,0.4546749085950271,0.0
-0.16552599722769884,0.2,-0.040796831951793414,,-0.31705446457371944,,XAG/USD,5,5,3.668895314212321,False,False,False,False,0,False,43.755678177151175,66.615011625613,-22.85933344846182,commodities,4h,SAR~MAXINDEX|gate,retail,fixed_combo,4.0,0.0,False,False,True,gate,0.8543885797483204,0.4546749085950271,0.3997136711532934
-0.16628096818471177,0.2,-0.04148445640549278,,-0.31850056317184583,,XAG/USD,5,5,3.668895314212321,False,False,False,False,0,False,43.592355626369354,66.615011625613,-23.02265599924364,commodities,4h,SAREXT~MAXINDEX|gate,retail,fixed_combo,4.0,0.0,False,False,True,gate,0.8544581659591044,0.4546749085950271,0.3997832573640773
-0.19189922272673404,0.2,-0.0965061273175404,,-0.36757069181128194,,XAG/USD,5,5,3.668895314212321,False,False,False,False,0,False,57.91979410739234,66.615011625613,-8.695217518220652,commodities,4h,SAR~MAMA|vote,retail,fixed_combo,4.0,0.0,False,False,True,vote,0.706578033493042,0.3752916900529463,0.3312863434400958
-0.1927267029179532,0.2,-0.09725901282294211,,-0.3691556772115599,,XAG/USD,5,5,3.668895314212321,False,False,False,False,0,False,57.789055486544235,66.615011625613,-8.825956139068758,commodities,4h,SAREXT~MAMA|and,retail,fixed_combo,4.0,0.0,False,False,True,and,0.7065084472822581,0.3752221038421624,0.3312863434400958
-0.1927267029179532,0.2,-0.09725901282294211,,-0.3691556772115599,,XAG/USD,5,5,3.668895314212321,False,False,False,False,0,False,57.789055486544235,66.615011625613,-8.825956139068758,commodities,4h,SAREXT~MAMA|vote,retail,fixed_combo,4.0,0.0,False,False,True,vote,0.7065084472822581,0.3752221038421624,0.3312863434400958
-0.1927267029179532,0.2,-0.09725901282294211,,-0.3691556772115599,,XAG/USD,5,5,3.668895314212321,False,False,False,False,0,False,57.789055486544235,66.615011625613,-8.825956139068758,commodities,4h,SAR~MAMA|and,retail,fixed_combo,4.0,0.0,False,False,True,and,0.7065084472822581,0.3752221038421624,0.3312863434400958
-0.19856241885815495,0.2,-0.11900863949574925,,-0.380333617981068,,XAG/USD,5,5,3.668895314212321,False,False,False,False,0,False,61.50002697524726,66.615011625613,-5.114984650365734,commodities,4h,MAXINDEX~MAMA|vote,retail,fixed_combo,4.0,0.0,False,False,True,vote,0.6315040228916501,0.522179348562311,0.10932467432933905
-0.2567978784775718,0.2,-0.1958674278056977,,-0.49187991752360877,,XAG/USD,5,5,3.668895314212321,False,False,False,False,0,False,29.800645181093863,66.615011625613,-36.81436644451913,commodities,4h,MAMA~HT_DCPHASE|gate,retail,fixed_combo,4.0,0.0,False,False,True,gate,1.0,0.522179348562311,0.4778206514376889
-0.2567978784775718,0.2,-0.1958674278056977,,-0.49187991752360877,,XAG/USD,5,5,3.668895314212321,False,False,False,False,0,False,29.800645181093863,66.615011625613,-36.81436644451913,commodities,4h,MAMA~SAREXT|gate,retail,fixed_combo,4.0,0.0,False,False,True,gate,1.0,0.522179348562311,0.4778206514376889
-0.2567978784775718,0.2,-0.1958674278056977,,-0.49187991752360877,,XAG/USD,5,5,3.668895314212321,False,False,False,False,0,False,29.800645181093863,66.615011625613,-36.81436644451913,commodities,4h,MAMA~SIN|gate,retail,fixed_combo,4.0,0.0,False,False,True,gate,1.0,0.522179348562311,0.4778206514376889
-0.2567978784775718,0.2,-0.1958674278056977,,-0.49187991752360877,,XAG/USD,5,5,3.668895314212321,False,False,False,False,0,False,29.800645181093863,66.615011625613,-36.81436644451913,commodities,4h,MAMA~SIN|or,retail,fixed_combo,4.0,0.0,False,False,True,or,1.0,0.522179348562311,0.4778206514376889
-0.2567978784775718,0.2,-0.1958674278056977,,-0.49187991752360877,,XAG/USD,5,5,3.668895314212321,False,False,False,False,0,False,29.800645181093863,66.615011625613,-36.81436644451913,commodities,4h,MAMA~TSF_21|gate,retail,fixed_combo,4.0,0.0,False,False,True,gate,1.0,0.522179348562311,0.4778206514376889
-0.2567978784775718,0.2,-0.1958674278056977,,-0.49187991752360877,,XAG/USD,5,5,3.668895314212321,False,False,False,False,0,False,29.800645181093863,66.615011625613,-36.81436644451913,commodities,4h,MAMA~TSF_21|or,retail,fixed_combo,4.0,0.0,False,False,True,or,1.0,0.522179348562311,0.4778206514376889
-0.2570572233005014,0.2,-0.13109628116122568,,-0.4923766759503881,,XPT/USD,5,5,3.668895314212321,False,False,False,False,0,False,49.60178476378174,66.615011625613,-17.013226861831257,commodities,4h,MAXINDEX~TSF_21|or,retail,fixed_combo,4.0,0.0,False,False,True,or,1.0,0.9522740575268491,0.04772594247315086
-0.2575977770770038,0.2,-0.19659645696608488,,-0.4934120721482827,,XAG/USD,5,5,3.668895314212321,False,False,False,False,0,False,29.70223234542599,66.615011625613,-36.912779280187,commodities,4h,MAMA~SAR|gate,retail,fixed_combo,4.0,0.0,False,False,True,gate,0.999930413789216,0.5221097623515271,0.4778206514376889
-0.2678082164060701,0.2,-0.20325998990555033,,-0.5129695158656364,,XAG/USD,5,5,3.668895314212321,False,False,False,False,0,False,26.86562384647025,66.615011625613,-39.749387779142744,commodities,4h,MAMA~MINMAXINDEX|gate,retail,fixed_combo,4.0,0.0,False,False,True,gate,0.9943807711589644,0.5197694643302814,0.47461130682868297
-0.2768822185262005,0.0,-0.21429608548609697,,-0.530350186768837,,XAG/USD,5,5,3.668895314212321,False,False,False,False,0,False,52.7817704950221,66.615011625613,-13.833241130590892,commodities,4h,MAXINDEX~MAMA|and,retail,fixed_combo,4.0,0.0,False,False,True,and,0.4859621888507545,0.4859621888507545,0.0
-0.2997535947111146,0.0,-0.16652480269336514,,-0.5741588455404069,,XAG/USD,5,5,3.668895314212321,False,False,False,False,0,False,32.64874378417914,66.615011625613,-33.966267841433854,commodities,4h,SAR~HT_DCPHASE|vote,retail,fixed_combo,4.0,0.0,False,False,True,vote,0.5455937219824942,0.32685651656629344,0.21873720541620081
-0.30103371470347756,0.0,-0.16776615015140123,,-0.5766108335396721,,XAG/USD,5,5,3.668895314212321,False,False,False,False,0,False,32.46332648006277,66.615011625613,-34.151685145550225,commodities,4h,SAREXT~HT_DCPHASE|and,retail,fixed_combo,4.0,0.0,False,False,True,and,0.5455576534522868,0.326820448036086,0.21873720541620081
-0.30103371470347756,0.0,-0.16776615015140123,,-0.5766108335396721,,XAG/USD,5,5,3.668895314212321,False,False,False,False,0,False,32.46332648006277,66.615011625613,-34.151685145550225,commodities,4h,SAREXT~HT_DCPHASE|vote,retail,fixed_combo,4.0,0.0,False,False,True,vote,0.5455576534522868,0.326820448036086,0.21873720541620081
-0.30149715862340043,0.0,-0.1682716775444026,,-0.5774985307374058,,XAG/USD,5,5,3.668895314212321,False,False,False,False,0,False,32.43148337719022,66.615011625613,-34.183528248422775,commodities,4h,SAR~HT_DCPHASE|and,retail,fixed_combo,4.0,0.0,False,False,True,and,0.5455241357717103,0.326820448036086,0.21870368773562432
-0.3288351636380016,0.0,-0.2505040597133672,,-0.629862731452625,,XAG/USD,5,5,3.668895314212321,False,False,False,False,0,False,15.60040676340671,66.615011625613,-51.01460486220628,commodities,4h,MAMA~MAXINDEX|gate,retail,fixed_combo,4.0,0.0,False,False,True,gate,0.8544581659591044,0.4859621888507545,0.3684959771083499
-0.3519633432263751,0.0,-0.23812601431569053,,-0.6741632807244677,,WTI/USD,5,5,3.668895314212321,False,False,False,False,0,False,10.605562623986183,66.615011625613,-56.00944900162681,commodities,4h,SAR~MINMAXINDEX|and,retail,fixed_combo,4.0,0.0,False,False,True,and,0.6532463909915063,0.3380169696334864,0.31522942135801996
-0.35318320153367205,0.0,-0.2393108126877923,,-0.676499841318897,,WTI/USD,5,5,3.668895314212321,False,False,False,False,0,False,10.420690566728934,66.615011625613,-56.19432105888406,commodities,4h,SAREXT~MINMAXINDEX|and,retail,fixed_combo,4.0,0.0,False,False,True,and,0.6532824595217137,0.3380169696334864,0.31526548988822733
-0.35920422664373086,0.0,-0.2452870068069794,,-0.688032729955288,,WTI/USD,5,5,3.668895314212321,False,False,False,False,0,False,8.371419526759023,66.615011625613,-58.243592098853966,commodities,4h,SAREXT~MINMAXINDEX|vote,retail,fixed_combo,4.0,0.0,False,False,True,vote,0.6589016883627493,0.34097261540484364,0.3179290729579057
-0.35960347221627886,0.0,-0.24572364585995352,,-0.6887974593232283,,WTI/USD,5,5,3.668895314212321,False,False,False,False,0,False,8.350919893067948,66.615011625613,-58.26409173254505,commodities,4h,SAR~MINMAXINDEX|vote,retail,fixed_combo,4.0,0.0,False,False,True,vote,0.6589352060433258,0.34100613308542016,0.3179290729579057
-0.38267596683440097,0.2,-0.2640130423854578,,-0.7329913475948442,,WTI/USD,5,5,3.668895314212321,False,False,False,False,0,False,40.78598340212504,66.615011625613,-25.829028223487953,commodities,4h,HT_DCPHASE~MAXINDEX|and,retail,fixed_combo,4.0,0.0,False,False,True,and,0.5449973056336606,0.5449973056336606,0.0
-0.3879781600926753,0.0,-0.2865651067277045,,-0.743147359778574,,XAG/USD,5,5,3.668895314212321,False,False,False,False,0,False,15.441341390503732,66.615011625613,-51.17367023510926,commodities,4h,HT_DCPHASE~MAMA|and,retail,fixed_combo,4.0,0.0,False,False,True,and,0.6540562367938898,0.3812812080681652,0.27277502872572457
-0.3879781600926753,0.0,-0.2865651067277045,,-0.743147359778574,,XAG/USD,5,5,3.668895314212321,False,False,False,False,0,False,15.441341390503732,66.615011625613,-51.17367023510926,commodities,4h,HT_DCPHASE~MAMA|vote,retail,fixed_combo,4.0,0.0,False,False,True,vote,0.6540562367938898,0.3812812080681652,0.27277502872572457
-0.39354838363439926,0.0,-0.15548965369944254,,-0.7538167668333935,,WTI/USD,5,5,3.668895314212321,False,False,False,False,0,False,31.061231873577004,66.615011625613,-35.55377975203599,commodities,4h,MAXINDEX~SIN|or,retail,fixed_combo,4.0,0.0,False,False,True,or,1.0,0.925626007253299,0.074373992746701
-0.4034866718952713,0.0,-0.267946574568677,,-0.7728529225799471,,XPT/USD,5,5,3.668895314212321,False,False,False,False,0,False,24.981592268315502,66.615011625613,-41.63341935729749,commodities,4h,HT_DCPHASE~MAXINDEX|vote,retail,fixed_combo,4.0,0.0,False,False,True,vote,0.6905391396745562,0.5863268307801295,0.1042123088944266
-0.4197113529486597,0.0,-0.28849747352750466,,-0.8039302617920174,,XPT/USD,5,5,3.668895314212321,False,False,False,False,0,False,-6.585342211407697,66.615011625613,-73.20035383702069,commodities,4h,HT_DCPHASE~MINMAXINDEX|gate,retail,fixed_combo,4.0,0.0,False,False,True,gate,0.9943807711589644,0.5824283037638311,0.41195246739513325
-0.4205857276153755,0.0,-0.26793920470618054,,-0.805605070561851,,XAG/USD,5,5,3.668895314212321,False,False,False,False,0,False,26.657120489509417,66.615011625613,-39.95789113610358,commodities,4h,IS#1[combo],retail,wf_combo,4.0,2.0,False,False,True,,,,
-0.4369518797820492,0.0,-0.35154752042836357,,-0.8369533886462832,,WTI/USD,5,5,3.668895314212321,False,False,False,False,0,False,-4.361087376622616,66.615011625613,-70.97609900223561,commodities,4h,MINMAXINDEX~MAMA|vote,retail,fixed_combo,4.0,0.0,False,False,True,vote,0.6872626805467097,0.3550916990884377,0.33217098145827195
-0.44531379990282743,0.0,-0.36001100719067786,,-0.8529701120075965,,WTI/USD,5,5,3.668895314212321,False,False,False,False,0,False,-5.784130227871799,66.615011625613,-72.39914185348479,commodities,4h,MINMAXINDEX~MAMA|and,retail,fixed_combo,4.0,0.0,False,False,True,and,0.6816434517056741,0.35268181485640804,0.32896163684926605
-0.4462004693968257,0.0,-0.3185566603316454,,-0.8546684707330042,,XPT/USD,5,5,3.668895314212321,False,False,False,False,0,False,-10.069356061630716,66.615011625613,-76.68436768724371,commodities,4h,HT_DCPHASE~MAMA|gate,retail,fixed_combo,4.0,0.0,False,False,True,gate,1.0,0.5863268307801295,0.41367316921987046
-0.4462004693968257,0.0,-0.3185566603316454,,-0.8546684707330042,,XPT/USD,5,5,3.668895314212321,False,False,False,False,0,False,-10.069356061630716,66.615011625613,-76.68436768724371,commodities,4h,HT_DCPHASE~MAMA|or,retail,fixed_combo,4.0,0.0,False,False,True,or,1.0,0.5863268307801295,0.41367316921987046
-0.4462004693968257,0.0,-0.3185566603316454,,-0.8546684707330042,,XPT/USD,5,5,3.668895314212321,False,False,False,False,0,False,-10.069356061630716,66.615011625613,-76.68436768724371,commodities,4h,HT_DCPHASE~MAXINDEX|or,retail,fixed_combo,4.0,0.0,False,False,True,or,1.0,0.5863268307801295,0.41367316921987046
-0.4462004693968257,0.0,-0.3185566603316454,,-0.8546684707330042,,XPT/USD,5,5,3.668895314212321,False,False,False,False,0,False,-10.069356061630716,66.615011625613,-76.68436768724371,commodities,4h,HT_DCPHASE~MINMAXINDEX|or,retail,fixed_combo,4.0,0.0,False,False,True,or,1.0,0.5863268307801295,0.41367316921987046
-0.4462004693968257,0.0,-0.3185566603316454,,-0.8546684707330042,,XPT/USD,5,5,3.668895314212321,False,False,False,False,0,False,-10.069356061630716,66.615011625613,-76.68436768724371,commodities,4h,HT_DCPHASE~SAREXT|gate,retail,fixed_combo,4.0,0.0,False,False,True,gate,1.0,0.5863268307801295,0.41367316921987046
-0.4462004693968257,0.0,-0.3185566603316454,,-0.8546684707330042,,XPT/USD,5,5,3.668895314212321,False,False,False,False,0,False,-10.069356061630716,66.615011625613,-76.68436768724371,commodities,4h,HT_DCPHASE~SIN|gate,retail,fixed_combo,4.0,0.0,False,False,True,gate,1.0,0.5863268307801295,0.41367316921987046
-0.4462004693968257,0.0,-0.3185566603316454,,-0.8546684707330042,,XPT/USD,5,5,3.668895314212321,False,False,False,False,0,False,-10.069356061630716,66.615011625613,-76.68436768724371,commodities,4h,HT_DCPHASE~SIN|or,retail,fixed_combo,4.0,0.0,False,False,True,or,1.0,0.5863268307801295,0.41367316921987046
-0.4462004693968257,0.0,-0.3185566603316454,,-0.8546684707330042,,XPT/USD,5,5,3.668895314212321,False,False,False,False,0,False,-10.069356061630716,66.615011625613,-76.68436768724371,commodities,4h,HT_DCPHASE~TSF_21|gate,retail,fixed_combo,4.0,0.0,False,False,True,gate,1.0,0.5863268307801295,0.41367316921987046
-0.4462004693968257,0.0,-0.3185566603316454,,-0.8546684707330042,,XPT/USD,5,5,3.668895314212321,False,False,False,False,0,False,-10.069356061630716,66.615011625613,-76.68436768724371,commodities,4h,HT_DCPHASE~TSF_21|or,retail,fixed_combo,4.0,0.0,False,False,True,or,1.0,0.5863268307801295,0.41367316921987046
-0.44621336052562943,0.0,-0.3410476046421653,,-0.8546931628660169,,WTI/USD,5,5,3.668895314212321,False,False,False,False,0,False,12.160226907111902,66.615011625613,-54.45478471850109,commodities,4h,MAXINDEX~MINMAXINDEX|vote,retail,fixed_combo,4.0,0.0,False,False,True,vote,0.6408376251777689,0.49962325240686695,0.14121437277090193
-0.44782276306733,0.0,-0.3201049942584543,,-0.8577758705354384,,XPT/USD,5,5,3.668895314212321,False,False,False,False,0,False,-10.245336888777306,66.615011625613,-76.8603485143903,commodities,4h,HT_DCPHASE~SAR|gate,retail,fixed_combo,4.0,0.0,False,False,True,gate,0.999930413789216,0.5862907622499222,0.41363965153929394
-0.4488581069186576,0.0,-0.3066066678972854,,-0.8597590054866255,,WTI/USD,5,5,3.668895314212321,False,False,False,False,0,False,-3.2321450613966625,66.615011625613,-69.84715668700966,commodities,4h,HT_DCPHASE~MAXINDEX|gate,retail,fixed_combo,4.0,0.0,False,False,True,gate,0.8544581659591044,0.5449973056336606,0.30946086032544384
-0.4615092568569554,0.0,-0.2750054206154664,,-0.8839914743260137,,XAG/USD,5,5,3.668895314212321,False,False,False,False,0,False,12.753809360294941,66.615011625613,-53.861202265318056,commodities,4h,SAR~TSF_21|vote,retail,fixed_combo,4.0,0.0,False,False,True,vote,0.6274645962700777,0.3262447228063483,0.30121987346372936
-0.4622560960134951,0.0,-0.2757544703231516,,-0.8854219969802506,,XAG/USD,5,5,3.668895314212321,False,False,False,False,0,False,12.701706663339461,66.615011625613,-53.91330496227353,commodities,4h,SAREXT~TSF_21|and,retail,fixed_combo,4.0,0.0,False,False,True,and,0.6273950100592938,0.3261751365955644,0.30121987346372936
-0.4622560960134951,0.0,-0.2757544703231516,,-0.8854219969802506,,XAG/USD,5,5,3.668895314212321,False,False,False,False,0,False,12.701706663339461,66.615011625613,-53.91330496227353,commodities,4h,SAREXT~TSF_21|vote,retail,fixed_combo,4.0,0.0,False,False,True,vote,0.6273950100592938,0.3261751365955644,0.30121987346372936
-0.4622560960134951,0.0,-0.2757544703231516,,-0.8854219969802506,,XAG/USD,5,5,3.668895314212321,False,False,False,False,0,False,12.701706663339461,66.615011625613,-53.91330496227353,commodities,4h,SAR~TSF_21|and,retail,fixed_combo,4.0,0.0,False,False,True,and,0.6273950100592938,0.3261751365955644,0.30121987346372936
-0.5355515260176931,0.0,-0.4404378136700893,,-1.025814706916408,,WTI/USD,5,5,3.668895314212321,False,False,False,False,0,False,18.517526164741838,66.615011625613,-48.097485460871155,commodities,4h,MAXINDEX~MINMAXINDEX|and,retail,fixed_combo,4.0,0.0,False,False,True,and,0.498331484835825,0.498331484835825,0.0
-0.54240398520986,0.0,-0.4468385160410825,,-1.0389401543782777,,WTI/USD,5,5,3.668895314212321,False,False,False,False,0,False,-31.608192330851427,66.615011625613,-98.22320395646442,commodities,4h,MINMAXINDEX~TSF_21|or,retail,fixed_combo,4.0,0.0,False,False,True,or,1.0,0.5004677844106818,0.49953221558931815
-0.5434536489991315,0.0,-0.4483234276892499,,-1.040950718255033,,WTI/USD,5,5,3.668895314212321,False,False,False,False,0,False,-30.897682223566925,66.615011625613,-97.51269384917993,commodities,4h,MINMAXINDEX~MAMA|or,retail,fixed_combo,4.0,0.0,False,False,True,or,1.0,0.5007413690678547,0.4992586309321453
-0.546771990280807,0.0,-0.427005058800607,,-1.0473067888176966,,XPT/USD,5,5,3.668895314212321,False,False,False,False,0,False,-13.2515473848081,66.615011625613,-79.8665590104211,commodities,4h,HT_DCPHASE~MINMAXINDEX|and,retail,fixed_combo,4.0,0.0,False,False,True,and,0.6426066189260805,0.3644928181833861,0.2781138007426943
-0.5500574713502345,0.0,-0.4547738209223973,,-1.0535999177447586,,WTI/USD,5,5,3.668895314212321,False,False,False,False,0,False,-31.67842689414143,66.615011625613,-98.29343851975443,commodities,4h,MINMAXINDEX~SAR|gate,retail,fixed_combo,4.0,0.0,False,False,True,gate,0.9943111849481806,0.4982979671552485,0.4960132177929319
-0.5515152073507361,0.0,-0.4562676878377515,,-1.0563921178515072,,WTI/USD,5,5,3.668895314212321,False,False,False,False,0,False,-31.832616079334933,66.615011625613,-98.44762770494793,commodities,4h,MINMAXINDEX~HT_DCPHASE|gate,retail,fixed_combo,4.0,0.0,False,False,True,gate,0.9943807711589644,0.498331484835825,0.4960492863231393
-0.5515152073507361,0.0,-0.4562676878377515,,-1.0563921178515072,,WTI/USD,5,5,3.668895314212321,False,False,False,False,0,False,-31.832616079334933,66.615011625613,-98.44762770494793,commodities,4h,MINMAXINDEX~MAMA|gate,retail,fixed_combo,4.0,0.0,False,False,True,gate,0.9943807711589644,0.498331484835825,0.4960492863231393
-0.5515152073507361,0.0,-0.4562676878377515,,-1.0563921178515072,,WTI/USD,5,5,3.668895314212321,False,False,False,False,0,False,-31.832616079334933,66.615011625613,-98.44762770494793,commodities,4h,MINMAXINDEX~SAREXT|gate,retail,fixed_combo,4.0,0.0,False,False,True,gate,0.9943807711589644,0.498331484835825,0.4960492863231393
-0.5515152073507361,0.0,-0.4562676878377515,,-1.0563921178515072,,WTI/USD,5,5,3.668895314212321,False,False,False,False,0,False,-31.832616079334933,66.615011625613,-98.44762770494793,commodities,4h,MINMAXINDEX~SIN|gate,retail,fixed_combo,4.0,0.0,False,False,True,gate,0.9943807711589644,0.498331484835825,0.4960492863231393
-0.5515152073507361,0.0,-0.4562676878377515,,-1.0563921178515072,,WTI/USD,5,5,3.668895314212321,False,False,False,False,0,False,-31.832616079334933,66.615011625613,-98.44762770494793,commodities,4h,MINMAXINDEX~TSF_21|gate,retail,fixed_combo,4.0,0.0,False,False,True,gate,0.9943807711589644,0.498331484835825,0.4960492863231393
-0.5597114419592975,0.0,-0.46376141012894784,,-1.0720914812074838,,WTI/USD,5,5,3.668895314212321,False,False,False,False,0,False,-32.34703291822975,66.615011625613,-98.96204454384275,commodities,4h,MINMAXINDEX~SIN|or,retail,fixed_combo,4.0,0.0,False,False,True,or,1.0,0.500823247464903,0.499176752535097
-0.5797571189135181,0.0,-0.4595061241088013,,-1.1104876937673478,,XPT/USD,5,5,3.668895314212321,False,False,False,False,0,False,-16.880453782573348,66.615011625613,-83.49546540818633,commodities,4h,HT_DCPHASE~MINMAXINDEX|vote,retail,fixed_combo,4.0,0.0,False,False,True,vote,0.6482258477671161,0.36839134519968453,0.2798345025674315
-0.5894839366514886,0.0,-0.41912727526592414,,-1.129118791247921,,XAG/USD,5,5,3.668895314212321,False,False,False,False,0,False,2.0613299722048852,66.615011625613,-64.5536816534081,commodities,4h,MAMA~TSF_21|and,retail,fixed_combo,4.0,0.0,False,False,True,and,0.43159674773641366,0.228487473795402,0.20310927394101158
-0.5894839366514886,0.0,-0.41912727526592414,,-1.129118791247921,,XAG/USD,5,5,3.668895314212321,False,False,False,False,0,False,2.0613299722048852,66.615011625613,-64.5536816534081,commodities,4h,MAMA~TSF_21|vote,retail,fixed_combo,4.0,0.0,False,False,True,vote,0.43159674773641366,0.228487473795402,0.20310927394101158
-0.6063799303815782,0.0,-0.27379106815456045,,-1.1614819869709798,,WTI/USD,5,5,3.668895314212321,False,False,False,False,0,False,-23.161356421144507,66.615011625613,-89.7763680467575,commodities,4h,SAR~SIN|and,retail,fixed_combo,4.0,0.0,False,False,True,and,0.5036429986351433,0.26291817014855623,0.240724828486587
-0.6072300750308193,0.0,-0.2745695579452358,,-1.1631103846915176,,WTI/USD,5,5,3.668895314212321,False,False,False,False,0,False,-23.31528890301802,66.615011625613,-89.93030052863101,commodities,4h,SAREXT~SIN|and,retail,fixed_combo,4.0,0.0,False,False,True,and,0.5037125848459272,0.26291817014855623,0.2407944146973709
-0.6072300750308193,0.0,-0.2745695579452358,,-1.1631103846915176,,WTI/USD,5,5,3.668895314212321,False,False,False,False,0,False,-23.31528890301802,66.615011625613,-89.93030052863101,commodities,4h,SAREXT~SIN|vote,retail,fixed_combo,4.0,0.0,False,False,True,vote,0.5037125848459272,0.26291817014855623,0.2407944146973709
-0.6072300750308193,0.0,-0.2745695579452358,,-1.1631103846915176,,WTI/USD,5,5,3.668895314212321,False,False,False,False,0,False,-23.31528890301802,66.615011625613,-89.93030052863101,commodities,4h,SAR~SIN|vote,retail,fixed_combo,4.0,0.0,False,False,True,vote,0.5037125848459272,0.26291817014855623,0.2407944146973709
-0.623266435666563,0.0,-0.5023847550981391,,-1.193827008184096,,WTI/USD,5,5,3.668895314212321,False,False,False,False,0,False,-32.462602887590734,66.615011625613,-99.07761451320373,commodities,4h,MINMAXINDEX~MAXINDEX|gate,retail,fixed_combo,4.0,0.0,False,False,True,gate,0.8531663983880625,0.498331484835825,0.3548349135522374
-0.6396783823131563,0.0,-0.4290700602610794,,-1.2252630426668858,,XAG/USD,5,5,3.668895314212321,False,False,False,False,0,False,14.886380776455109,66.615011625613,-51.72863084915788,commodities,4h,MAXINDEX~TSF_21|and,retail,fixed_combo,4.0,0.0,False,False,True,and,0.4053829597243347,0.4053829597243347,0.0
-0.6988040724238382,0.0,-0.47768040622055585,,-1.338514521797422,,XAG/USD,5,5,3.668895314212321,False,False,False,False,0,False,-33.54423623099056,66.615011625613,-100.15924785660356,commodities,4h,TSF_21~MAXINDEX|gate,retail,fixed_combo,4.0,0.0,False,False,True,gate,0.8544581659591044,0.4053829597243347,0.4490752062347697
-0.7183202290247241,0.0,-0.3951088484955614,,-1.375896471976033,,WTI/USD,5,5,3.668895314212321,False,False,False,False,0,False,-33.40369368502768,66.615011625613,-100.01870531064068,commodities,4h,MAMA~SIN|and,retail,fixed_combo,4.0,0.0,False,False,True,and,0.5044956874371648,0.2635211898054527,0.240974497631712
-0.7183202290247241,0.0,-0.3951088484955614,,-1.375896471976033,,WTI/USD,5,5,3.668895314212321,False,False,False,False,0,False,-33.40369368502768,66.615011625613,-100.01870531064068,commodities,4h,MAMA~SIN|vote,retail,fixed_combo,4.0,0.0,False,False,True,vote,0.5044956874371648,0.2635211898054527,0.240974497631712
-0.7231723337225769,0.0,-0.48803389983109513,,-1.3851903682992621,,XAG/USD,5,5,3.668895314212321,False,False,False,False,0,False,5.647864924655968,66.615011625613,-60.967146700957024,commodities,4h,MAXINDEX~TSF_21|vote,retail,fixed_combo,4.0,0.0,False,False,True,vote,0.5509247937652303,0.5031988512920794,0.04772594247315086
-0.7233595857498084,0.0,-0.5159326138222725,,-1.3855490375852266,,XAG/USD,5,5,3.668895314212321,False,False,False,False,0,False,-14.598018741101814,66.615011625613,-81.2130303667148,commodities,4h,HT_DCPHASE~TSF_21|and,retail,fixed_combo,4.0,0.0,False,False,True,and,0.35508451956080334,0.22230510081650615,0.13277941874429716
-0.7233595857498084,0.0,-0.5159326138222725,,-1.3855490375852266,,XAG/USD,5,5,3.668895314212321,False,False,False,False,0,False,-14.598018741101814,66.615011625613,-81.2130303667148,commodities,4h,HT_DCPHASE~TSF_21|vote,retail,fixed_combo,4.0,0.0,False,False,True,vote,0.35508451956080334,0.22230510081650615,0.13277941874429716
-0.7297618438704351,0.0,-0.547672662839039,,-1.3978121536787411,,XAG/USD,5,5,3.668895314212321,False,False,False,False,0,False,-32.00282932360106,66.615011625613,-98.61784094921406,commodities,4h,MINMAXINDEX~TSF_21|vote,retail,fixed_combo,4.0,0.0,False,False,True,vote,0.4844684754618783,0.2440675555823198,0.24040091987955856
-0.7397056013009691,0.0,-0.5585014125952361,,-1.4168587852701038,,XAG/USD,5,5,3.668895314212321,False,False,False,False,0,False,-32.45989858149549,66.615011625613,-99.07491020710847,commodities,4h,MINMAXINDEX~TSF_21|and,retail,fixed_combo,4.0,0.0,False,False,True,and,0.4788492466208427,0.24193125600746299,0.23691799061337976
-0.744140226274642,0.0,-0.5154406549970467,,-1.4253530258737654,,XAG/USD,5,5,3.668895314212321,False,False,False,False,0,False,-35.684386670948506,66.615011625613,-102.29939829656149,commodities,4h,TSF_21~HT_DCPHASE|gate,retail,fixed_combo,4.0,0.0,False,False,True,gate,1.0,0.5031988512920794,0.4968011487079206
-0.744140226274642,0.0,-0.5154406549970467,,-1.4253530258737654,,XAG/USD,5,5,3.668895314212321,False,False,False,False,0,False,-35.684386670948506,66.615011625613,-102.29939829656149,commodities,4h,TSF_21~MAMA|gate,retail,fixed_combo,4.0,0.0,False,False,True,gate,1.0,0.5031988512920794,0.4968011487079206
-0.744140226274642,0.0,-0.5154406549970467,,-1.4253530258737654,,XAG/USD,5,5,3.668895314212321,False,False,False,False,0,False,-35.684386670948506,66.615011625613,-102.29939829656149,commodities,4h,TSF_21~SAREXT|gate,retail,fixed_combo,4.0,0.0,False,False,True,gate,1.0,0.5031988512920794,0.4968011487079206
-0.744140226274642,0.0,-0.5154406549970467,,-1.4253530258737654,,XAG/USD,5,5,3.668895314212321,False,False,False,False,0,False,-35.684386670948506,66.615011625613,-102.29939829656149,commodities,4h,TSF_21~SIN|gate,retail,fixed_combo,4.0,0.0,False,False,True,gate,1.0,0.5031988512920794,0.4968011487079206
-0.7448569042611173,0.0,-0.5161598353103285,,-1.426725776735137,,XAG/USD,5,5,3.668895314212321,False,False,False,False,0,False,-35.69914313668647,66.615011625613,-102.31415476229947,commodities,4h,TSF_21~SAR|gate,retail,fixed_combo,4.0,0.0,False,False,True,gate,0.999930413789216,0.5031292650812954,0.4968011487079206
-0.7558867457502756,0.0,-0.5245564609241884,,-1.4478527329006237,,XAG/USD,5,5,3.668895314212321,False,False,False,False,0,False,-36.73064978192411,66.615011625613,-103.34566140753711,commodities,4h,TSF_21~MINMAXINDEX|gate,retail,fixed_combo,4.0,0.0,False,False,True,gate,0.9943807711589644,0.5010625517172226,0.49331821944174176
-0.8209603129721115,0.0,-0.39130000253789277,,-1.5724969903524593,,WTI/USD,5,5,3.668895314212321,False,False,False,False,0,False,-9.905103572148366,66.615011625613,-76.52011519776136,commodities,4h,MAXINDEX~SIN|and,retail,fixed_combo,4.0,0.0,False,False,True,and,0.42919950231723514,0.42919950231723514,0.0
-0.840692463923513,0.0,-0.4811242126465342,,-1.6102926638996085,,WTI/USD,5,5,3.668895314212321,False,False,False,False,0,False,-41.480906437610486,66.615011625613,-108.09591806322348,commodities,4h,HT_DCPHASE~SIN|and,retail,fixed_combo,4.0,0.0,False,False,True,and,0.5013839616986322,0.29403906804509583,0.20734489365353653
-0.840692463923513,0.0,-0.4811242126465342,,-1.6102926638996085,,WTI/USD,5,5,3.668895314212321,False,False,False,False,0,False,-41.480906437610486,66.615011625613,-108.09591806322348,commodities,4h,HT_DCPHASE~SIN|vote,retail,fixed_combo,4.0,0.0,False,False,True,vote,0.5013839616986322,0.29403906804509583,0.20734489365353653
-0.8730701134877534,0.0,-0.543506424038007,,-1.6723099815335538,,WTI/USD,5,5,3.668895314212321,False,False,False,False,0,False,-48.31950014975014,66.615011625613,-114.93451177536313,commodities,4h,MINMAXINDEX~SIN|and,retail,fixed_combo,4.0,0.0,False,False,True,and,0.5009770961445238,0.2514016954018681,0.2495754007426557
-0.8836491916625752,0.0,-0.5517587715220764,,-1.6925735293905568,,WTI/USD,5,5,3.668895314212321,False,False,False,False,0,False,-48.89412451567777,66.615011625613,-115.50913614129075,commodities,4h,MINMAXINDEX~SIN|vote,retail,fixed_combo,4.0,0.0,False,False,True,vote,0.5065963249855594,0.25389345803094604,0.25270286695461336
-0.914601556857716,0.0,-0.44175501560927505,,-1.7518608059428677,,WTI/USD,5,5,3.668895314212321,False,False,False,False,0,False,-60.17728683471082,66.615011625613,-126.79229846032382,commodities,4h,SIN~MAXINDEX|gate,retail,fixed_combo,4.0,0.0,False,False,True,gate,0.8544581659591044,0.42919950231723514,0.42525866364186926
-0.9391382468523538,0.0,-0.5718577402366452,,-1.7988592668429988,,XAG/USD,5,5,3.668895314212321,False,False,False,False,0,False,-53.480754825296785,66.615011625613,-120.09576645090978,commodities,4h,SIN~TSF_21|and,retail,fixed_combo,4.0,0.0,False,False,True,and,0.5002047332038883,0.2518854640536987,0.2483192691501896
-0.9391382468523538,0.0,-0.5718577402366452,,-1.7988592668429988,,XAG/USD,5,5,3.668895314212321,False,False,False,False,0,False,-53.480754825296785,66.615011625613,-120.09576645090978,commodities,4h,SIN~TSF_21|vote,retail,fixed_combo,4.0,0.0,False,False,True,vote,0.5002047332038883,0.2518854640536987,0.2483192691501896
-0.973600322782153,0.0,-0.46780370650774916,,-1.8648691699097115,,WTI/USD,5,5,3.668895314212321,False,False,False,False,0,False,-32.200193314401915,66.615011625613,-98.81520494001491,commodities,4h,MAXINDEX~SIN|vote,retail,fixed_combo,4.0,0.0,False,False,True,vote,0.5747413363581307,0.5003673436114298,0.074373992746701
-1.0007351088181815,0.0,-0.48671906853693586,,-1.9168441176645394,,WTI/USD,5,5,3.668895314212321,False,False,False,False,0,False,-69.56095221367096,66.615011625613,-136.17596383928395,commodities,4h,SIN~MINMAXINDEX|gate,retail,fixed_combo,4.0,0.0,False,False,True,gate,0.9943807711589644,0.4978755809823518,0.49650519017661254
-1.0069756986932912,0.0,-0.49339752691606187,,-1.9287975685702319,,WTI/USD,5,5,3.668895314212321,False,False,False,False,0,False,-69.72129963226128,66.615011625613,-136.33631125787429,commodities,4h,SIN~SAR|gate,retail,fixed_combo,4.0,0.0,False,False,True,gate,0.999930413789216,0.5003673436114298,0.49956307017778645
-1.0076334022312916,0.0,-0.49406337853292975,,-1.9300573576461564,,WTI/USD,5,5,3.668895314212321,False,False,False,False,0,False,-69.82213264284528,66.615011625613,-136.43714426845827,commodities,4h,SIN~HT_DCPHASE|gate,retail,fixed_combo,4.0,0.0,False,False,True,gate,1.0,0.5003673436114298,0.49963265638857035
-1.0076334022312916,0.0,-0.49406337853292975,,-1.9300573576461564,,WTI/USD,5,5,3.668895314212321,False,False,False,False,0,False,-69.82213264284528,66.615011625613,-136.43714426845827,commodities,4h,SIN~MAMA|gate,retail,fixed_combo,4.0,0.0,False,False,True,gate,1.0,0.5003673436114298,0.49963265638857035
-1.0076334022312916,0.0,-0.49406337853292975,,-1.9300573576461564,,WTI/USD,5,5,3.668895314212321,False,False,False,False,0,False,-69.82213264284528,66.615011625613,-136.43714426845827,commodities,4h,SIN~SAREXT|gate,retail,fixed_combo,4.0,0.0,False,False,True,gate,1.0,0.5003673436114298,0.49963265638857035
-1.0076334022312916,0.0,-0.49406337853292975,,-1.9300573576461564,,WTI/USD,5,5,3.668895314212321,False,False,False,False,0,False,-69.82213264284528,66.615011625613,-136.43714426845827,commodities,4h,SIN~TSF_21|gate,retail,fixed_combo,4.0,0.0,False,False,True,gate,1.0,0.5003673436114298,0.49963265638857035
-1.0076334022312916,0.0,-0.49406337853292975,,-1.9300573576461564,,WTI/USD,5,5,3.668895314212321,False,False,False,False,0,False,-69.82213264284528,66.615011625613,-136.43714426845827,commodities,4h,SIN~TSF_21|or,retail,fixed_combo,4.0,0.0,False,False,True,or,1.0,0.5003673436114298,0.49963265638857035
0.05708544372019038,0.6,0.09051833018917832,,0.10934351761530706,-0.6696265507561444,XPT/USD,5,5,3.668895314212321,False,False,False,False,0,False,84.32179412815506,66.615011625613,17.70678250254207,commodities,4h,MAXINDEX~MAMA|or,tight,fixed_combo,4.0,0.0,False,False,True,or,1.0,0.890675325670661,0.10932467432933905
0.007804168130405502,0.4,0.05534380426501425,,0.014948385084339781,-12.982701919618814,XAU/USD,5,5,3.668895314212321,False,False,False,False,0,False,105.45603847123562,66.615011625613,38.84102684562262,commodities,4h,SAR~MAXINDEX|vote,tight,fixed_combo,4.0,0.0,False,False,True,vote,0.6002863288467066,0.5218259980505395,0.07846033079616703
0.0066562021971324535,0.4,0.05423887498876573,,0.012749529735822657,-15.437353454872827,XAU/USD,5,5,3.668895314212321,False,False,False,False,0,False,105.24352564339674,66.615011625613,38.62851401778374,commodities,4h,SAREXT~MAXINDEX|vote,tight,fixed_combo,4.0,0.0,False,False,True,vote,0.6002167426359227,0.5217564118397556,0.07846033079616703
2.0911635392772966e-05,0.4,0.03553572701222298,,4.0054900582752686e-05,-7058.298775049838,WTI/USD,5,5,3.668895314212321,False,False,False,False,0,False,73.07740874656545,66.615011625613,6.46239712095246,commodities,4h,MAXINDEX~MINMAXINDEX|gate,tight,fixed_combo,4.0,0.0,False,False,True,gate,0.8531663983880625,0.8531663983880625,0.0
-0.00012281329041847756,0.4,0.033096492353397275,,-0.00023524100557209153,,WTI/USD,5,5,3.668895314212321,False,False,False,False,0,False,72.15547914136735,66.615011625613,5.540467515754358,commodities,4h,MAXINDEX~HT_DCPHASE|gate,tight,fixed_combo,4.0,0.0,False,False,True,gate,0.8544581659591044,0.8544581659591044,0.0
-0.00012281329041847756,0.4,0.033096492353397275,,-0.00023524100557209153,,WTI/USD,5,5,3.668895314212321,False,False,False,False,0,False,72.15547914136735,66.615011625613,5.540467515754358,commodities,4h,MAXINDEX~MAMA|gate,tight,fixed_combo,4.0,0.0,False,False,True,gate,0.8544581659591044,0.8544581659591044,0.0
-0.00012281329041847756,0.4,0.033096492353397275,,-0.00023524100557209153,,WTI/USD,5,5,3.668895314212321,False,False,False,False,0,False,72.15547914136735,66.615011625613,5.540467515754358,commodities,4h,MAXINDEX~SAREXT|gate,tight,fixed_combo,4.0,0.0,False,False,True,gate,0.8544581659591044,0.8544581659591044,0.0
-0.00012281329041847756,0.4,0.033096492353397275,,-0.00023524100557209153,,WTI/USD,5,5,3.668895314212321,False,False,False,False,0,False,72.15547914136735,66.615011625613,5.540467515754358,commodities,4h,MAXINDEX~SIN|gate,tight,fixed_combo,4.0,0.0,False,False,True,gate,0.8544581659591044,0.8544581659591044,0.0
-0.00012281329041847756,0.4,0.033096492353397275,,-0.00023524100557209153,,WTI/USD,5,5,3.668895314212321,False,False,False,False,0,False,72.15547914136735,66.615011625613,5.540467515754358,commodities,4h,MAXINDEX~TSF_21|gate,tight,fixed_combo,4.0,0.0,False,False,True,gate,0.8544581659591044,0.8544581659591044,0.0
-0.0029893610942004047,0.4,0.030334051693889717,,-0.0057259300473232,,WTI/USD,5,5,3.668895314212321,False,False,False,False,0,False,71.89711494514083,66.615011625613,5.282103319527835,commodities,4h,MAXINDEX~SAR|gate,tight,fixed_combo,4.0,0.0,False,False,True,gate,0.8543885797483204,0.8543885797483204,0.0
-0.024467386978489082,0.4,0.00893292425921246,,-0.04686571540367512,,WTI/USD,5,5,3.668895314212321,False,False,False,False,0,False,67.85851520226153,66.615011625613,1.2435035766485356,commodities,4h,MAXINDEX~MINMAXINDEX|or,tight,fixed_combo,4.0,0.0,False,False,True,or,0.9956725387300063,0.8544581659591044,0.14121437277090193
-0.02527493846717087,0.4,0.01945941672168229,,-0.04841252864840977,,XAU/USD,5,5,3.668895314212321,False,False,False,False,0,False,95.00341817293348,66.615011625613,28.388406547320486,commodities,4h,SAR~MINMAXINDEX|gate,tight,fixed_combo,4.0,0.0,False,False,True,gate,0.9943111849481806,0.5188007660683983,0.4755104188797821
-0.025956437553416967,0.4,0.018802469772259255,,-0.04971789657560011,,XAU/USD,5,5,3.668895314212321,False,False,False,False,0,False,94.82926819966703,66.615011625613,28.214256574054033,commodities,4h,SAREXT~MINMAXINDEX|gate,tight,fixed_combo,4.0,0.0,False,False,True,gate,0.9943807711589644,0.5188007660683983,0.47558000509056597
-0.02777010223788523,0.4,0.015624711908334426,,-0.053191855319732195,,XAU/USD,5,5,3.668895314212321,False,False,False,False,0,False,92.52036715777078,66.615011625613,25.905355532157785,commodities,4h,SAR~HT_DCPHASE|or,tight,fixed_combo,4.0,0.0,False,False,True,or,1.0,0.5217924803699631,0.47820751963003694
-0.02855145994196522,0.4,0.0148172620000746,,-0.05468849604479515,,XAU/USD,5,5,3.668895314212321,False,False,False,False,0,False,92.46058417147067,66.615011625613,25.845572545857678,commodities,4h,SAR~MAMA|or,tight,fixed_combo,4.0,0.0,False,False,True,or,1.0,0.5218259980505395,0.4781740019494604
-0.02855145994196522,0.4,0.0148172620000746,,-0.05468849604479515,,XAU/USD,5,5,3.668895314212321,False,False,False,False,0,False,92.46058417147067,66.615011625613,25.845572545857678,commodities,4h,SAR~MAXINDEX|or,tight,fixed_combo,4.0,0.0,False,False,True,or,1.0,0.5218259980505395,0.4781740019494604
-0.02855145994196522,0.4,0.0148172620000746,,-0.05468849604479515,,XAU/USD,5,5,3.668895314212321,False,False,False,False,0,False,92.46058417147067,66.615011625613,25.845572545857678,commodities,4h,SAR~TSF_21|or,tight,fixed_combo,4.0,0.0,False,False,True,or,1.0,0.5218259980505395,0.4781740019494604
-0.029236262204036446,0.4,0.014157782024734717,,-0.05600019099408576,,XAU/USD,5,5,3.668895314212321,False,False,False,False,0,False,92.30950004538803,66.615011625613,25.69448841977504,commodities,4h,SAREXT~SAR|gate,tight,fixed_combo,4.0,0.0,False,False,True,gate,0.999930413789216,0.5217564118397556,0.4781740019494604
-0.029236262204036446,0.4,0.014157782024734717,,-0.05600019099408576,,XAU/USD,5,5,3.668895314212321,False,False,False,False,0,False,92.30950004538803,66.615011625613,25.69448841977504,commodities,4h,SAR~HT_DCPHASE|gate,tight,fixed_combo,4.0,0.0,False,False,True,gate,0.999930413789216,0.5217564118397556,0.4781740019494604
-0.029236262204036446,0.4,0.014157782024734717,,-0.05600019099408576,,XAU/USD,5,5,3.668895314212321,False,False,False,False,0,False,92.30950004538803,66.615011625613,25.69448841977504,commodities,4h,SAR~MAMA|gate,tight,fixed_combo,4.0,0.0,False,False,True,gate,0.999930413789216,0.5217564118397556,0.4781740019494604
-0.029236262204036446,0.4,0.014157782024734717,,-0.05600019099408576,,XAU/USD,5,5,3.668895314212321,False,False,False,False,0,False,92.30950004538803,66.615011625613,25.69448841977504,commodities,4h,SAR~SAREXT|and,tight,fixed_combo,4.0,0.0,False,False,True,and,0.999930413789216,0.5217564118397556,0.4781740019494604
-0.029236262204036446,0.4,0.014157782024734717,,-0.05600019099408576,,XAU/USD,5,5,3.668895314212321,False,False,False,False,0,False,92.30950004538803,66.615011625613,25.69448841977504,commodities,4h,SAR~SAREXT|gate,tight,fixed_combo,4.0,0.0,False,False,True,gate,0.999930413789216,0.5217564118397556,0.4781740019494604
-0.029236262204036446,0.4,0.014157782024734717,,-0.05600019099408576,,XAU/USD,5,5,3.668895314212321,False,False,False,False,0,False,92.30950004538803,66.615011625613,25.69448841977504,commodities,4h,SAR~SIN|gate,tight,fixed_combo,4.0,0.0,False,False,True,gate,0.999930413789216,0.5217564118397556,0.4781740019494604
-0.029236262204036446,0.4,0.014157782024734717,,-0.05600019099408576,,XAU/USD,5,5,3.668895314212321,False,False,False,False,0,False,92.30950004538803,66.615011625613,25.69448841977504,commodities,4h,SAR~TSF_21|gate,tight,fixed_combo,4.0,0.0,False,False,True,gate,0.999930413789216,0.5217564118397556,0.4781740019494604
-0.02991752414073247,0.4,0.013501099499951135,,-0.057305104676475406,,XAU/USD,5,5,3.668895314212321,False,False,False,False,0,False,92.15843812479343,66.615011625613,25.54342649918044,commodities,4h,SAREXT~HT_DCPHASE|gate,tight,fixed_combo,4.0,0.0,False,False,True,gate,1.0,0.5217564118397556,0.47824358816024437
-0.02991752414073247,0.4,0.013501099499951135,,-0.057305104676475406,,XAU/USD,5,5,3.668895314212321,False,False,False,False,0,False,92.15843812479343,66.615011625613,25.54342649918044,commodities,4h,SAREXT~HT_DCPHASE|or,tight,fixed_combo,4.0,0.0,False,False,True,or,1.0,0.5217564118397556,0.47824358816024437
-0.02991752414073247,0.4,0.013501099499951135,,-0.057305104676475406,,XAU/USD,5,5,3.668895314212321,False,False,False,False,0,False,92.15843812479343,66.615011625613,25.54342649918044,commodities,4h,SAREXT~MAMA|gate,tight,fixed_combo,4.0,0.0,False,False,True,gate,1.0,0.5217564118397556,0.47824358816024437
-0.02991752414073247,0.4,0.013501099499951135,,-0.057305104676475406,,XAU/USD,5,5,3.668895314212321,False,False,False,False,0,False,92.15843812479343,66.615011625613,25.54342649918044,commodities,4h,SAREXT~MAMA|or,tight,fixed_combo,4.0,0.0,False,False,True,or,1.0,0.5217564118397556,0.47824358816024437
-0.02991752414073247,0.4,0.013501099499951135,,-0.057305104676475406,,XAU/USD,5,5,3.668895314212321,False,False,False,False,0,False,92.15843812479343,66.615011625613,25.54342649918044,commodities,4h,SAREXT~MAXINDEX|or,tight,fixed_combo,4.0,0.0,False,False,True,or,1.0,0.5217564118397556,0.47824358816024437
-0.02991752414073247,0.4,0.013501099499951135,,-0.057305104676475406,,XAU/USD,5,5,3.668895314212321,False,False,False,False,0,False,92.15843812479343,66.615011625613,25.54342649918044,commodities,4h,SAREXT~MINMAXINDEX|or,tight,fixed_combo,4.0,0.0,False,False,True,or,1.0,0.5217564118397556,0.47824358816024437
-0.02991752414073247,0.4,0.013501099499951135,,-0.057305104676475406,,XAU/USD,5,5,3.668895314212321,False,False,False,False,0,False,92.15843812479343,66.615011625613,25.54342649918044,commodities,4h,SAREXT~SIN|gate,tight,fixed_combo,4.0,0.0,False,False,True,gate,1.0,0.5217564118397556,0.47824358816024437
-0.02991752414073247,0.4,0.013501099499951135,,-0.057305104676475406,,XAU/USD,5,5,3.668895314212321,False,False,False,False,0,False,92.15843812479343,66.615011625613,25.54342649918044,commodities,4h,SAREXT~SIN|or,tight,fixed_combo,4.0,0.0,False,False,True,or,1.0,0.5217564118397556,0.47824358816024437
-0.02991752414073247,0.4,0.013501099499951135,,-0.057305104676475406,,XAU/USD,5,5,3.668895314212321,False,False,False,False,0,False,92.15843812479343,66.615011625613,25.54342649918044,commodities,4h,SAREXT~TSF_21|gate,tight,fixed_combo,4.0,0.0,False,False,True,gate,1.0,0.5217564118397556,0.47824358816024437
-0.02991752414073247,0.4,0.013501099499951135,,-0.057305104676475406,,XAU/USD,5,5,3.668895314212321,False,False,False,False,0,False,92.15843812479343,66.615011625613,25.54342649918044,commodities,4h,SAREXT~TSF_21|or,tight,fixed_combo,4.0,0.0,False,False,True,or,1.0,0.5217564118397556,0.47824358816024437
-0.02991752414073247,0.4,0.013501099499951135,,-0.057305104676475406,,XAU/USD,5,5,3.668895314212321,False,False,False,False,0,False,92.15843812479343,66.615011625613,25.54342649918044,commodities,4h,SAR~SAREXT|or,tight,fixed_combo,4.0,0.0,False,False,True,or,1.0,0.5217564118397556,0.47824358816024437
-0.02991752414073247,0.4,0.013501099499951135,,-0.057305104676475406,,XAU/USD,5,5,3.668895314212321,False,False,False,False,0,False,92.15843812479343,66.615011625613,25.54342649918044,commodities,4h,SAR~SAREXT|vote,tight,fixed_combo,4.0,0.0,False,False,True,vote,1.0,0.5217564118397556,0.47824358816024437
-0.02991752414073247,0.4,0.013501099499951135,,-0.057305104676475406,,XAU/USD,5,5,3.668895314212321,False,False,False,False,0,False,92.15843812479343,66.615011625613,25.54342649918044,commodities,4h,SAR~SIN|or,tight,fixed_combo,4.0,0.0,False,False,True,or,1.0,0.5217564118397556,0.47824358816024437
-0.03069888184481246,0.4,0.012693649591691308,,-0.05880174540153836,,XAU/USD,5,5,3.668895314212321,False,False,False,False,0,False,92.09865513849334,66.615011625613,25.48364351288035,commodities,4h,SAR~MINMAXINDEX|or,tight,fixed_combo,4.0,0.0,False,False,True,or,1.0,0.5217899295203321,0.47821007047966785
-0.07401083918893792,0.4,-0.03161732200515812,,-0.14176303048892727,,WTI/USD,5,5,3.668895314212321,False,False,False,False,0,False,82.65767370578435,66.615011625613,16.042662080171354,commodities,4h,SAREXT~MAXINDEX|and,tight,fixed_combo,4.0,0.0,False,False,True,and,0.4546749085950271,0.4546749085950271,0.0
-0.07401083918893792,0.4,-0.03161732200515812,,-0.14176303048892727,,WTI/USD,5,5,3.668895314212321,False,False,False,False,0,False,82.65767370578435,66.615011625613,16.042662080171354,commodities,4h,SAR~MAXINDEX|and,tight,fixed_combo,4.0,0.0,False,False,True,and,0.4546749085950271,0.4546749085950271,0.0
-0.08762455102468489,0.2,-0.040796831951793414,,-0.1678392251002556,,XAG/USD,5,5,3.668895314212321,False,False,False,False,0,False,63.31525991356666,66.615011625613,-3.29975171204633,commodities,4h,SAR~MAXINDEX|gate,tight,fixed_combo,4.0,0.0,False,False,True,gate,0.8543885797483204,0.4546749085950271,0.3997136711532934
-0.0883374651962276,0.2,-0.04148445640549278,,-0.169204766614768,,XAG/USD,5,5,3.668895314212321,False,False,False,False,0,False,63.13734473452776,66.615011625613,-3.477666891085235,commodities,4h,SAREXT~MAXINDEX|gate,tight,fixed_combo,4.0,0.0,False,False,True,gate,0.8544581659591044,0.4546749085950271,0.3997832573640773
-0.13229899485346158,0.4,-0.0965061273175404,,-0.25341026593668126,,XAG/USD,5,5,3.668895314212321,False,False,False,False,0,False,73.00448606791312,66.615011625613,6.389474442300127,commodities,4h,SAR~MAMA|vote,tight,fixed_combo,4.0,0.0,False,False,True,vote,0.706578033493042,0.3752916900529463,0.3312863434400958
-0.1330798706004704,0.4,-0.09725901282294211,,-0.25490598350378896,,XAG/USD,5,5,3.668895314212321,False,False,False,False,0,False,72.86659912773413,66.615011625613,6.25158750212114,commodities,4h,SAREXT~MAMA|and,tight,fixed_combo,4.0,0.0,False,False,True,and,0.7065084472822581,0.3752221038421624,0.3312863434400958
-0.1330798706004704,0.4,-0.09725901282294211,,-0.25490598350378896,,XAG/USD,5,5,3.668895314212321,False,False,False,False,0,False,72.86659912773413,66.615011625613,6.25158750212114,commodities,4h,SAREXT~MAMA|vote,tight,fixed_combo,4.0,0.0,False,False,True,vote,0.7065084472822581,0.3752221038421624,0.3312863434400958
-0.1330798706004704,0.4,-0.09725901282294211,,-0.25490598350378896,,XAG/USD,5,5,3.668895314212321,False,False,False,False,0,False,72.86659912773413,66.615011625613,6.25158750212114,commodities,4h,SAR~MAMA|and,tight,fixed_combo,4.0,0.0,False,False,True,and,0.7065084472822581,0.3752221038421624,0.3312863434400958
-0.1488584310895573,0.2,-0.11900863949574925,,-0.2851288072982276,,XAG/USD,5,5,3.668895314212321,False,False,False,False,0,False,70.24094745533571,66.615011625613,3.625935829722721,commodities,4h,MAXINDEX~MAMA|vote,tight,fixed_combo,4.0,0.0,False,False,True,vote,0.6315040228916501,0.522179348562311,0.10932467432933905
-0.17848741112541383,0.2,-0.13109628116122568,,-0.34188122419024886,,XPT/USD,5,5,3.668895314212321,False,False,False,False,0,False,56.318977535661034,66.615011625613,-10.29603408995196,commodities,4h,MAXINDEX~TSF_21|or,tight,fixed_combo,4.0,0.0,False,False,True,or,1.0,0.9522740575268491,0.04772594247315086
-0.21651434684714327,0.0,-0.16652480269336514,,-0.4147193882645423,,XAG/USD,5,5,3.668895314212321,False,False,False,False,0,False,49.19957930275254,66.615011625613,-17.415432322860454,commodities,4h,SAR~HT_DCPHASE|vote,tight,fixed_combo,4.0,0.0,False,False,True,vote,0.5455937219824942,0.32685651656629344,0.21873720541620081
-0.21777025108630577,0.0,-0.16776615015140123,,-0.4171249925368173,,XAG/USD,5,5,3.668895314212321,False,False,False,False,0,False,48.99585448315902,66.615011625613,-17.61915714245397,commodities,4h,SAREXT~HT_DCPHASE|and,tight,fixed_combo,4.0,0.0,False,False,True,and,0.5455576534522868,0.326820448036086,0.21873720541620081
-0.21777025108630577,0.0,-0.16776615015140123,,-0.4171249925368173,,XAG/USD,5,5,3.668895314212321,False,False,False,False,0,False,48.99585448315902,66.615011625613,-17.61915714245397,commodities,4h,SAREXT~HT_DCPHASE|vote,tight,fixed_combo,4.0,0.0,False,False,True,vote,0.5455576534522868,0.326820448036086,0.21873720541620081
-0.2182599686464562,0.0,-0.1682716775444026,,-0.41806301521256806,,XAG/USD,5,5,3.668895314212321,False,False,False,False,0,False,48.95793092384579,66.615011625613,-17.657080701767207,commodities,4h,SAR~HT_DCPHASE|and,tight,fixed_combo,4.0,0.0,False,False,True,and,0.5455241357717103,0.326820448036086,0.21870368773562432
-0.2187294396668194,0.2,-0.1958674278056977,,-0.4189622569358448,,XAG/USD,5,5,3.668895314212321,False,False,False,False,0,False,38.13089986118257,66.615011625613,-28.484111764430423,commodities,4h,MAMA~HT_DCPHASE|gate,tight,fixed_combo,4.0,0.0,False,False,True,gate,1.0,0.522179348562311,0.4778206514376889
-0.2187294396668194,0.2,-0.1958674278056977,,-0.4189622569358448,,XAG/USD,5,5,3.668895314212321,False,False,False,False,0,False,38.13089986118257,66.615011625613,-28.484111764430423,commodities,4h,MAMA~SAREXT|gate,tight,fixed_combo,4.0,0.0,False,False,True,gate,1.0,0.522179348562311,0.4778206514376889
-0.2187294396668194,0.2,-0.1958674278056977,,-0.4189622569358448,,XAG/USD,5,5,3.668895314212321,False,False,False,False,0,False,38.13089986118257,66.615011625613,-28.484111764430423,commodities,4h,MAMA~SIN|gate,tight,fixed_combo,4.0,0.0,False,False,True,gate,1.0,0.522179348562311,0.4778206514376889
-0.2187294396668194,0.2,-0.1958674278056977,,-0.4189622569358448,,XAG/USD,5,5,3.668895314212321,False,False,False,False,0,False,38.13089986118257,66.615011625613,-28.484111764430423,commodities,4h,MAMA~SIN|or,tight,fixed_combo,4.0,0.0,False,False,True,or,1.0,0.522179348562311,0.4778206514376889
-0.2187294396668194,0.2,-0.1958674278056977,,-0.4189622569358448,,XAG/USD,5,5,3.668895314212321,False,False,False,False,0,False,38.13089986118257,66.615011625613,-28.484111764430423,commodities,4h,MAMA~TSF_21|gate,tight,fixed_combo,4.0,0.0,False,False,True,gate,1.0,0.522179348562311,0.4778206514376889
-0.2187294396668194,0.2,-0.1958674278056977,,-0.4189622569358448,,XAG/USD,5,5,3.668895314212321,False,False,False,False,0,False,38.13089986118257,66.615011625613,-28.484111764430423,commodities,4h,MAMA~TSF_21|or,tight,fixed_combo,4.0,0.0,False,False,True,or,1.0,0.522179348562311,0.4778206514376889
-0.21948505786074574,0.2,-0.19659645696608488,,-0.42040959527489685,,XAG/USD,5,5,3.668895314212321,False,False,False,False,0,False,38.03100867756425,66.615011625613,-28.58400294804874,commodities,4h,MAMA~SAR|gate,tight,fixed_combo,4.0,0.0,False,False,True,gate,0.999930413789216,0.5221097623515271,0.4778206514376889
-0.22747929444633166,0.2,-0.20325998990555033,,-0.43572204433286543,,XAG/USD,5,5,3.668895314212321,False,False,False,False,0,False,35.5219151607789,66.615011625613,-31.09309646483409,commodities,4h,MAMA~MINMAXINDEX|gate,tight,fixed_combo,4.0,0.0,False,False,True,gate,0.9943807711589644,0.5197694643302814,0.47461130682868297
-0.23777972825099764,0.0,-0.21429608548609697,,-0.45545186671431864,,XAG/USD,5,5,3.668895314212321,False,False,False,False,0,False,57.98121001207037,66.615011625613,-8.633801613542623,commodities,4h,MAXINDEX~MAMA|and,tight,fixed_combo,4.0,0.0,False,False,True,and,0.4859621888507545,0.4859621888507545,0.0
-0.24485723148376598,0.0,-0.15548965369944254,,-0.46900837164748227,,WTI/USD,5,5,3.668895314212321,False,False,False,False,0,False,42.67670424927116,66.615011625613,-23.938307376341832,commodities,4h,MAXINDEX~SIN|or,tight,fixed_combo,4.0,0.0,False,False,True,or,1.0,0.925626007253299,0.074373992746701
-0.27989490717596477,0.0,-0.2505040597133672,,-0.5361207992573658,,XAG/USD,5,5,3.668895314212321,False,False,False,False,0,False,24.57656472775856,66.615011625613,-42.038446897854435,commodities,4h,MAMA~MAXINDEX|gate,tight,fixed_combo,4.0,0.0,False,False,True,gate,0.8544581659591044,0.4859621888507545,0.3684959771083499
-0.28084094212846383,0.0,-0.23812601431569053,,-0.5379328687229253,,WTI/USD,5,5,3.668895314212321,False,False,False,False,0,False,23.5177747924267,66.615011625613,-43.097236833186294,commodities,4h,SAR~MINMAXINDEX|and,tight,fixed_combo,4.0,0.0,False,False,True,and,0.6532463909915063,0.3380169696334864,0.31522942135801996
-0.28203891080626065,0.0,-0.2393108126877923,,-0.5402275011315885,,WTI/USD,5,5,3.668895314212321,False,False,False,False,0,False,23.31598008129554,66.615011625613,-43.29903154431746,commodities,4h,SAREXT~MINMAXINDEX|and,tight,fixed_combo,4.0,0.0,False,False,True,and,0.6532824595217137,0.3380169696334864,0.31526548988822733
-0.28803248246124624,0.0,-0.2452870068069794,,-0.5517078044300584,,WTI/USD,5,5,3.668895314212321,False,False,False,False,0,False,21.042259304432072,66.615011625613,-45.57275232118092,commodities,4h,SAREXT~MINMAXINDEX|vote,tight,fixed_combo,4.0,0.0,False,False,True,vote,0.6589016883627493,0.34097261540484364,0.3179290729579057
-0.28845509766329663,0.0,-0.24572364585995352,,-0.5525172968291435,,WTI/USD,5,5,3.668895314212321,False,False,False,False,0,False,21.017972293947878,66.615011625613,-45.597039331665115,commodities,4h,SAR~MINMAXINDEX|vote,tight,fixed_combo,4.0,0.0,False,False,True,vote,0.6589352060433258,0.34100613308542016,0.3179290729579057
-0.29581206756634637,0.0,-0.26793920470618054,,-0.5666091023011729,,WTI/USD,5,5,3.668895314212321,False,False,False,False,0,False,35.909011526128964,66.615011625613,-30.70600009948403,commodities,4h,IS#1[combo],tight,wf_combo,4.0,2.0,False,False,True,,,,
-0.30852154648608204,0.4,-0.2640130423854578,,-0.5909532965751673,,XPT/USD,5,5,3.668895314212321,False,False,False,False,0,False,49.43227966765269,66.615011625613,-17.1827319579603,commodities,4h,HT_DCPHASE~MAXINDEX|and,tight,fixed_combo,4.0,0.0,False,False,True,and,0.5449973056336606,0.5449973056336606,0.0
-0.31878976394440617,0.2,-0.267946574568677,,-0.6106214106049959,,XPT/USD,5,5,3.668895314212321,False,False,False,False,0,False,36.14263303867251,66.615011625613,-30.472378586940486,commodities,4h,HT_DCPHASE~MAXINDEX|vote,tight,fixed_combo,4.0,0.0,False,False,True,vote,0.6905391396745562,0.5863268307801295,0.1042123088944266
-0.32460757402176477,0.0,-0.2865651067277045,,-0.6217650538390622,,XAG/USD,5,5,3.668895314212321,False,False,False,False,0,False,26.328618882500336,66.615011625613,-40.28639274311266,commodities,4h,HT_DCPHASE~MAMA|and,tight,fixed_combo,4.0,0.0,False,False,True,and,0.6540562367938898,0.3812812080681652,0.27277502872572457
-0.32460757402176477,0.0,-0.2865651067277045,,-0.6217650538390622,,XAG/USD,5,5,3.668895314212321,False,False,False,False,0,False,26.328618882500336,66.615011625613,-40.28639274311266,commodities,4h,HT_DCPHASE~MAMA|vote,tight,fixed_combo,4.0,0.0,False,False,True,vote,0.6540562367938898,0.3812812080681652,0.27277502872572457
-0.33771216985943786,0.0,-0.28849747352750466,,-0.6468660693070613,,XPT/USD,5,5,3.668895314212321,False,False,False,False,0,False,6.023873512620596,66.615011625613,-60.5911381129924,commodities,4h,HT_DCPHASE~MINMAXINDEX|gate,tight,fixed_combo,4.0,0.0,False,False,True,gate,0.9943807711589644,0.5824283037638311,0.41195246739513325
-0.3450375331603201,0.2,-0.2750054206154664,,-0.6608973343534472,,XAG/USD,5,5,3.668895314212321,False,False,False,False,0,False,35.134200558377096,66.615011625613,-31.480811067235898,commodities,4h,SAR~TSF_21|vote,tight,fixed_combo,4.0,0.0,False,False,True,vote,0.6274645962700777,0.3262447228063483,0.30121987346372936
-0.3457857126936329,0.2,-0.2757544703231516,,-0.6623304244136943,,XAG/USD,5,5,3.668895314212321,False,False,False,False,0,False,35.07213306071211,66.615011625613,-31.54287856490088,commodities,4h,SAREXT~TSF_21|and,tight,fixed_combo,4.0,0.0,False,False,True,and,0.6273950100592938,0.3261751365955644,0.30121987346372936
-0.3457857126936329,0.2,-0.2757544703231516,,-0.6623304244136943,,XAG/USD,5,5,3.668895314212321,False,False,False,False,0,False,35.07213306071211,66.615011625613,-31.54287856490088,commodities,4h,SAREXT~TSF_21|vote,tight,fixed_combo,4.0,0.0,False,False,True,vote,0.6273950100592938,0.3261751365955644,0.30121987346372936
-0.3457857126936329,0.2,-0.2757544703231516,,-0.6623304244136943,,XAG/USD,5,5,3.668895314212321,False,False,False,False,0,False,35.07213306071211,66.615011625613,-31.54287856490088,commodities,4h,SAR~TSF_21|and,tight,fixed_combo,4.0,0.0,False,False,True,and,0.6273950100592938,0.3261751365955644,0.30121987346372936
-0.3599631531663464,0.0,-0.3066066678972854,,-0.689486405186422,,XPT/USD,5,5,3.668895314212321,False,False,False,False,0,False,9.74373828297384,66.615011625613,-56.87127334263916,commodities,4h,HT_DCPHASE~MAXINDEX|gate,tight,fixed_combo,4.0,0.0,False,False,True,gate,0.8544581659591044,0.5449973056336606,0.30946086032544384
-0.3664329262734384,0.0,-0.3185566603316454,,-0.701878841919854,,XPT/USD,5,5,3.668895314212321,False,False,False,False,0,False,1.755524044421118,66.615011625613,-64.85948758119187,commodities,4h,HT_DCPHASE~MAMA|gate,tight,fixed_combo,4.0,0.0,False,False,True,gate,1.0,0.5863268307801295,0.41367316921987046
-0.3664329262734384,0.0,-0.3185566603316454,,-0.701878841919854,,XPT/USD,5,5,3.668895314212321,False,False,False,False,0,False,1.755524044421118,66.615011625613,-64.85948758119187,commodities,4h,HT_DCPHASE~MAMA|or,tight,fixed_combo,4.0,0.0,False,False,True,or,1.0,0.5863268307801295,0.41367316921987046
-0.3664329262734384,0.0,-0.3185566603316454,,-0.701878841919854,,XPT/USD,5,5,3.668895314212321,False,False,False,False,0,False,1.755524044421118,66.615011625613,-64.85948758119187,commodities,4h,HT_DCPHASE~MAXINDEX|or,tight,fixed_combo,4.0,0.0,False,False,True,or,1.0,0.5863268307801295,0.41367316921987046
-0.3664329262734384,0.0,-0.3185566603316454,,-0.701878841919854,,XPT/USD,5,5,3.668895314212321,False,False,False,False,0,False,1.755524044421118,66.615011625613,-64.85948758119187,commodities,4h,HT_DCPHASE~MINMAXINDEX|or,tight,fixed_combo,4.0,0.0,False,False,True,or,1.0,0.5863268307801295,0.41367316921987046
-0.3664329262734384,0.0,-0.3185566603316454,,-0.701878841919854,,XPT/USD,5,5,3.668895314212321,False,False,False,False,0,False,1.755524044421118,66.615011625613,-64.85948758119187,commodities,4h,HT_DCPHASE~SAREXT|gate,tight,fixed_combo,4.0,0.0,False,False,True,gate,1.0,0.5863268307801295,0.41367316921987046
-0.3664329262734384,0.0,-0.3185566603316454,,-0.701878841919854,,XPT/USD,5,5,3.668895314212321,False,False,False,False,0,False,1.755524044421118,66.615011625613,-64.85948758119187,commodities,4h,HT_DCPHASE~SIN|gate,tight,fixed_combo,4.0,0.0,False,False,True,gate,1.0,0.5863268307801295,0.41367316921987046
-0.3664329262734384,0.0,-0.3185566603316454,,-0.701878841919854,,XPT/USD,5,5,3.668895314212321,False,False,False,False,0,False,1.755524044421118,66.615011625613,-64.85948758119187,commodities,4h,HT_DCPHASE~SIN|or,tight,fixed_combo,4.0,0.0,False,False,True,or,1.0,0.5863268307801295,0.41367316921987046
-0.3664329262734384,0.0,-0.3185566603316454,,-0.701878841919854,,XPT/USD,5,5,3.668895314212321,False,False,False,False,0,False,1.755524044421118,66.615011625613,-64.85948758119187,commodities,4h,HT_DCPHASE~TSF_21|gate,tight,fixed_combo,4.0,0.0,False,False,True,gate,1.0,0.5863268307801295,0.41367316921987046
-0.3664329262734384,0.0,-0.3185566603316454,,-0.701878841919854,,XPT/USD,5,5,3.668895314212321,False,False,False,False,0,False,1.755524044421118,66.615011625613,-64.85948758119187,commodities,4h,HT_DCPHASE~TSF_21|or,tight,fixed_combo,4.0,0.0,False,False,True,or,1.0,0.5863268307801295,0.41367316921987046
-0.3680090589252244,0.0,-0.3201049942584543,,-0.7048978232422969,,XPT/USD,5,5,3.668895314212321,False,False,False,False,0,False,1.5626273051987098,66.615011625613,-65.05238432041429,commodities,4h,HT_DCPHASE~SAR|gate,tight,fixed_combo,4.0,0.0,False,False,True,gate,0.999930413789216,0.5862907622499222,0.41363965153929394
-0.38051382222565544,0.4,-0.3410476046421653,,-0.7288498978362679,,WTI/USD,5,5,3.668895314212321,False,False,False,False,0,False,20.806674514006716,66.615011625613,-45.80833711160628,commodities,4h,MAXINDEX~MINMAXINDEX|vote,tight,fixed_combo,4.0,0.0,False,False,True,vote,0.6408376251777689,0.49962325240686695,0.14121437277090193
-0.3835843230862061,0.0,-0.35154752042836357,,-0.7347312459182604,,WTI/USD,5,5,3.668895314212321,False,False,False,False,0,False,3.797782372230299,66.615011625613,-62.81722925338269,commodities,4h,MINMAXINDEX~MAMA|vote,tight,fixed_combo,4.0,0.0,False,False,True,vote,0.6872626805467097,0.3550916990884377,0.33217098145827195
-0.39200983317330074,0.0,-0.36001100719067786,,-0.750869771794347,,WTI/USD,5,5,3.668895314212321,False,False,False,False,0,False,2.2329046758595212,66.615011625613,-64.38210694975348,commodities,4h,MINMAXINDEX~MAMA|and,tight,fixed_combo,4.0,0.0,False,False,True,and,0.6816434517056741,0.35268181485640804,0.32896163684926605
-0.3985853078389453,0.0,-0.27379106815456045,,-0.7634646731050224,,WTI/USD,5,5,3.668895314212321,False,False,False,False,0,False,1.4765666316132786,66.615011625613,-65.13844499399971,commodities,4h,SAR~SIN|and,tight,fixed_combo,4.0,0.0,False,False,True,and,0.5036429986351433,0.26291817014855623,0.240724828486587
-0.3993906983183318,0.0,-0.2745695579452358,,-0.7650073470746188,,WTI/USD,5,5,3.668895314212321,False,False,False,False,0,False,1.3029526414455261,66.615011625613,-65.31205898416746,commodities,4h,SAREXT~SIN|and,tight,fixed_combo,4.0,0.0,False,False,True,and,0.5037125848459272,0.26291817014855623,0.2407944146973709
-0.3993906983183318,0.0,-0.2745695579452358,,-0.7650073470746188,,WTI/USD,5,5,3.668895314212321,False,False,False,False,0,False,1.3029526414455261,66.615011625613,-65.31205898416746,commodities,4h,SAREXT~SIN|vote,tight,fixed_combo,4.0,0.0,False,False,True,vote,0.5037125848459272,0.26291817014855623,0.2407944146973709
-0.3993906983183318,0.0,-0.2745695579452358,,-0.7650073470746188,,WTI/USD,5,5,3.668895314212321,False,False,False,False,0,False,1.3029526414455261,66.615011625613,-65.31205898416746,commodities,4h,SAR~SIN|vote,tight,fixed_combo,4.0,0.0,False,False,True,vote,0.5037125848459272,0.26291817014855623,0.2407944146973709
-0.47193487808100176,0.0,-0.427005058800607,,-0.9039610852052725,,XPT/USD,5,5,3.668895314212321,False,False,False,False,0,False,-3.404682748396174,66.615011625613,-70.01969437400916,commodities,4h,HT_DCPHASE~MINMAXINDEX|and,tight,fixed_combo,4.0,0.0,False,False,True,and,0.6426066189260805,0.3644928181833861,0.2781138007426943
-0.47613654731510724,0.0,-0.4404378136700893,,-0.9120091139841154,,WTI/USD,5,5,3.668895314212321,False,False,False,False,0,False,24.67949154261456,66.615011625613,-41.93552008299844,commodities,4h,MAXINDEX~MINMAXINDEX|and,tight,fixed_combo,4.0,0.0,False,False,True,and,0.498331484835825,0.498331484835825,0.0
-0.48270754843667935,0.0,-0.4468385160410825,,-0.9245954465071418,,WTI/USD,5,5,3.668895314212321,False,False,False,False,0,False,-24.264503339358022,66.615011625613,-90.87951496497101,commodities,4h,MINMAXINDEX~TSF_21|or,tight,fixed_combo,4.0,0.0,False,False,True,or,1.0,0.5004677844106818,0.49953221558931815
-0.4830880275105619,0.2,-0.41912727526592414,,-0.9253242298467484,,XAG/USD,5,5,3.668895314212321,False,False,False,False,0,False,18.93301799663028,66.615011625613,-47.68199362898271,commodities,4h,MAMA~TSF_21|and,tight,fixed_combo,4.0,0.0,False,False,True,and,0.43159674773641366,0.228487473795402,0.20310927394101158
-0.4830880275105619,0.2,-0.41912727526592414,,-0.9253242298467484,,XAG/USD,5,5,3.668895314212321,False,False,False,False,0,False,18.93301799663028,66.615011625613,-47.68199362898271,commodities,4h,MAMA~TSF_21|vote,tight,fixed_combo,4.0,0.0,False,False,True,vote,0.43159674773641366,0.228487473795402,0.20310927394101158
-0.4840287098910342,0.0,-0.4483234276892499,,-0.9271260468028143,,WTI/USD,5,5,3.668895314212321,False,False,False,False,0,False,-23.526366854201928,66.615011625613,-90.14137847981492,commodities,4h,MINMAXINDEX~MAMA|or,tight,fixed_combo,4.0,0.0,False,False,True,or,1.0,0.5007413690678547,0.4992586309321453
-0.49053653469152747,0.0,-0.4547738209223973,,-0.9395913691220729,,WTI/USD,5,5,3.668895314212321,False,False,False,False,0,False,-24.389187820093092,66.615011625613,-91.00419944570609,commodities,4h,MINMAXINDEX~SAR|gate,tight,fixed_combo,4.0,0.0,False,False,True,gate,0.9943111849481806,0.4982979671552485,0.4960132177929319
-0.4920168497114936,0.0,-0.4562676878377515,,-0.9424268178969876,,WTI/USD,5,5,3.668895314212321,False,False,False,False,0,False,-24.55938752051334,66.615011625613,-91.17439914612633,commodities,4h,MINMAXINDEX~HT_DCPHASE|gate,tight,fixed_combo,4.0,0.0,False,False,True,gate,0.9943807711589644,0.498331484835825,0.4960492863231393
-0.4920168497114936,0.0,-0.4562676878377515,,-0.9424268178969876,,WTI/USD,5,5,3.668895314212321,False,False,False,False,0,False,-24.55938752051334,66.615011625613,-91.17439914612633,commodities,4h,MINMAXINDEX~MAMA|gate,tight,fixed_combo,4.0,0.0,False,False,True,gate,0.9943807711589644,0.498331484835825,0.4960492863231393
-0.4920168497114936,0.0,-0.4562676878377515,,-0.9424268178969876,,WTI/USD,5,5,3.668895314212321,False,False,False,False,0,False,-24.55938752051334,66.615011625613,-91.17439914612633,commodities,4h,MINMAXINDEX~SAREXT|gate,tight,fixed_combo,4.0,0.0,False,False,True,gate,0.9943807711589644,0.498331484835825,0.4960492863231393
-0.4920168497114936,0.0,-0.4562676878377515,,-0.9424268178969876,,WTI/USD,5,5,3.668895314212321,False,False,False,False,0,False,-24.55938752051334,66.615011625613,-91.17439914612633,commodities,4h,MINMAXINDEX~SIN|gate,tight,fixed_combo,4.0,0.0,False,False,True,gate,0.9943807711589644,0.498331484835825,0.4960492863231393
-0.4920168497114936,0.0,-0.4562676878377515,,-0.9424268178969876,,WTI/USD,5,5,3.668895314212321,False,False,False,False,0,False,-24.55938752051334,66.615011625613,-91.17439914612633,commodities,4h,MINMAXINDEX~TSF_21|gate,tight,fixed_combo,4.0,0.0,False,False,True,gate,0.9943807711589644,0.498331484835825,0.4960492863231393
-0.4997746580814793,0.0,-0.46376141012894784,,-0.9572864038243136,,WTI/USD,5,5,3.668895314212321,False,False,False,False,0,False,-25.075168669076504,66.615011625613,-91.6901802946895,commodities,4h,MINMAXINDEX~SIN|or,tight,fixed_combo,4.0,0.0,False,False,True,or,1.0,0.500823247464903,0.499176752535097
-0.504617983307958,0.0,-0.4595061241088013,,-0.9665634836314525,,XPT/USD,5,5,3.668895314212321,False,False,False,False,0,False,-7.3839335976715095,66.615011625613,-73.99894522328451,commodities,4h,HT_DCPHASE~MINMAXINDEX|vote,tight,fixed_combo,4.0,0.0,False,False,True,vote,0.6482258477671161,0.36839134519968453,0.2798345025674315
-0.508239060301228,0.0,-0.4290700602610794,,-0.973499425093881,,XAG/USD,5,5,3.668895314212321,False,False,False,False,0,False,29.982148092407538,66.615011625613,-36.63286353320545,commodities,4h,MAXINDEX~TSF_21|and,tight,fixed_combo,4.0,0.0,False,False,True,and,0.4053829597243347,0.4053829597243347,0.0
-0.5163563759437236,0.0,-0.3951088484955614,,-0.9890476242161435,,WTI/USD,5,5,3.668895314212321,False,False,False,False,0,False,-13.948998566629422,66.615011625613,-80.56401019224242,commodities,4h,MAMA~SIN|and,tight,fixed_combo,4.0,0.0,False,False,True,and,0.5044956874371648,0.2635211898054527,0.240974497631712
-0.5163563759437236,0.0,-0.3951088484955614,,-0.9890476242161435,,WTI/USD,5,5,3.668895314212321,False,False,False,False,0,False,-13.948998566629422,66.615011625613,-80.56401019224242,commodities,4h,MAMA~SIN|vote,tight,fixed_combo,4.0,0.0,False,False,True,vote,0.5044956874371648,0.2635211898054527,0.240974497631712
-0.5477574072822675,0.0,-0.5023847550981391,,-1.0491942920801,,WTI/USD,5,5,3.668895314212321,False,False,False,False,0,False,-24.181558187585875,66.615011625613,-90.79656981319887,commodities,4h,MINMAXINDEX~MAXINDEX|gate,tight,fixed_combo,4.0,0.0,False,False,True,gate,0.8531663983880625,0.498331484835825,0.3548349135522374
-0.552483460618248,0.2,-0.39130000253789277,,-1.0582467450789177,,WTI/USD,5,5,3.668895314212321,False,False,False,False,0,False,12.371076514367687,66.615011625613,-54.24393511124531,commodities,4h,MAXINDEX~SIN|and,tight,fixed_combo,4.0,0.0,False,False,True,and,0.42919950231723514,0.42919950231723514,0.0
-0.5608250547792121,0.0,-0.47768040622055585,,-1.074224535363773,,XAG/USD,5,5,3.668895314212321,False,False,False,False,0,False,-15.859967518753312,66.615011625613,-82.4749791443663,commodities,4h,TSF_21~MAXINDEX|gate,tight,fixed_combo,4.0,0.0,False,False,True,gate,0.8544581659591044,0.4053829597243347,0.4490752062347697
-0.5764754324067803,0.0,-0.48803389983109513,,-1.1042018330825076,,XAG/USD,5,5,3.668895314212321,False,False,False,False,0,False,22.29684390993188,66.615011625613,-44.31816771568111,commodities,4h,MAXINDEX~TSF_21|vote,tight,fixed_combo,4.0,0.0,False,False,True,vote,0.5509247937652303,0.5031988512920794,0.04772594247315086
-0.5938049633168242,0.0,-0.5159326138222725,,-1.1373954415550156,,XAG/USD,5,5,3.668895314212321,False,False,False,False,0,False,1.487054387004055,66.615011625613,-65.12795723860894,commodities,4h,HT_DCPHASE~TSF_21|and,tight,fixed_combo,4.0,0.0,False,False,True,and,0.35508451956080334,0.22230510081650615,0.13277941874429716
-0.5938049633168242,0.0,-0.5159326138222725,,-1.1373954415550156,,XAG/USD,5,5,3.668895314212321,False,False,False,False,0,False,1.487054387004055,66.615011625613,-65.12795723860894,commodities,4h,HT_DCPHASE~TSF_21|vote,tight,fixed_combo,4.0,0.0,False,False,True,vote,0.35508451956080334,0.22230510081650615,0.13277941874429716
-0.6014552407233094,0.0,-0.5154406549970467,,-1.152049058796886,,XAG/USD,5,5,3.668895314212321,False,False,False,False,0,False,-17.63133181350446,66.615011625613,-84.24634343911745,commodities,4h,TSF_21~HT_DCPHASE|gate,tight,fixed_combo,4.0,0.0,False,False,True,gate,1.0,0.5031988512920794,0.4968011487079206
-0.6014552407233094,0.0,-0.5154406549970467,,-1.152049058796886,,XAG/USD,5,5,3.668895314212321,False,False,False,False,0,False,-17.63133181350446,66.615011625613,-84.24634343911745,commodities,4h,TSF_21~MAMA|gate,tight,fixed_combo,4.0,0.0,False,False,True,gate,1.0,0.5031988512920794,0.4968011487079206
-0.6014552407233094,0.0,-0.5154406549970467,,-1.152049058796886,,XAG/USD,5,5,3.668895314212321,False,False,False,False,0,False,-17.63133181350446,66.615011625613,-84.24634343911745,commodities,4h,TSF_21~SAREXT|gate,tight,fixed_combo,4.0,0.0,False,False,True,gate,1.0,0.5031988512920794,0.4968011487079206
-0.6014552407233094,0.0,-0.5154406549970467,,-1.152049058796886,,XAG/USD,5,5,3.668895314212321,False,False,False,False,0,False,-17.63133181350446,66.615011625613,-84.24634343911745,commodities,4h,TSF_21~SIN|gate,tight,fixed_combo,4.0,0.0,False,False,True,gate,1.0,0.5031988512920794,0.4968011487079206
-0.6021733929438642,0.0,-0.5161598353103285,,-1.1534246334593796,,XAG/USD,5,5,3.668895314212321,False,False,False,False,0,False,-17.649956648837794,66.615011625613,-84.26496827445078,commodities,4h,TSF_21~SAR|gate,tight,fixed_combo,4.0,0.0,False,False,True,gate,0.999930413789216,0.5031292650812954,0.4968011487079206
-0.6115595535335565,0.0,-0.5245564609241884,,-1.1714032239527759,,XAG/USD,5,5,3.668895314212321,False,False,False,False,0,False,-18.791935067174418,66.615011625613,-85.40694669278741,commodities,4h,TSF_21~MINMAXINDEX|gate,tight,fixed_combo,4.0,0.0,False,False,True,gate,0.9943807711589644,0.5010625517172226,0.49331821944174176
-0.6159965181216294,0.0,-0.4811242126465342,,-1.1799019459382345,,WTI/USD,5,5,3.668895314212321,False,False,False,False,0,False,-21.8965600734254,66.615011625613,-88.5115716990384,commodities,4h,HT_DCPHASE~SIN|and,tight,fixed_combo,4.0,0.0,False,False,True,and,0.5013839616986322,0.29403906804509583,0.20734489365353653
-0.6159965181216294,0.0,-0.4811242126465342,,-1.1799019459382345,,WTI/USD,5,5,3.668895314212321,False,False,False,False,0,False,-21.8965600734254,66.615011625613,-88.5115716990384,commodities,4h,HT_DCPHASE~SIN|vote,tight,fixed_combo,4.0,0.0,False,False,True,vote,0.5013839616986322,0.29403906804509583,0.20734489365353653
-0.6160455134856664,0.0,-0.547672662839039,,-1.1799957934254661,,XAG/USD,5,5,3.668895314212321,False,False,False,False,0,False,-19.281081383869804,66.615011625613,-85.8960930094828,commodities,4h,MINMAXINDEX~TSF_21|vote,tight,fixed_combo,4.0,0.0,False,False,True,vote,0.4844684754618783,0.2440675555823198,0.24040091987955856
-0.6191495276745729,0.0,-0.44175501560927505,,-1.185941334145207,,WTI/USD,5,5,3.668895314212321,False,False,False,False,0,False,-37.98952491964508,66.615011625613,-104.60453654525807,commodities,4h,SIN~MAXINDEX|gate,tight,fixed_combo,4.0,0.0,False,False,True,gate,0.8544581659591044,0.42919950231723514,0.42525866364186926
-0.6265413044797307,0.0,-0.5585014125952361,,-1.2000998100128006,,XAG/USD,5,5,3.668895314212321,False,False,False,False,0,False,-19.934536365106958,66.615011625613,-86.54954799071996,commodities,4h,MINMAXINDEX~TSF_21|and,tight,fixed_combo,4.0,0.0,False,False,True,and,0.4788492466208427,0.24193125600746299,0.23691799061337976
-0.6575717794857129,0.0,-0.46780370650774916,,-1.2595367009137275,,WTI/USD,5,5,3.668895314212321,False,False,False,False,0,False,-9.291428295850114,66.615011625613,-75.9064399214631,commodities,4h,MAXINDEX~SIN|vote,tight,fixed_combo,4.0,0.0,False,False,True,vote,0.5747413363581307,0.5003673436114298,0.074373992746701
-0.6671414404372783,0.0,-0.543506424038007,,-1.277866774617962,,WTI/USD,5,5,3.668895314212321,False,False,False,False,0,False,-31.225514313900668,66.615011625613,-97.84052593951367,commodities,4h,MINMAXINDEX~SIN|and,tight,fixed_combo,4.0,0.0,False,False,True,and,0.5009770961445238,0.2514016954018681,0.2495754007426557
-0.6762667636351611,0.0,-0.5517587715220764,,-1.2953457477643187,,WTI/USD,5,5,3.668895314212321,False,False,False,False,0,False,-31.930196341000812,66.615011625613,-98.5452079666138,commodities,4h,MINMAXINDEX~SIN|vote,tight,fixed_combo,4.0,0.0,False,False,True,vote,0.5065963249855594,0.25389345803094604,0.25270286695461336
-0.6795507382062925,0.0,-0.48671906853693586,,-1.3016359910902144,,WTI/USD,5,5,3.668895314212321,False,False,False,False,0,False,-49.48364194807989,66.615011625613,-116.09865357369289,commodities,4h,SIN~MINMAXINDEX|gate,tight,fixed_combo,4.0,0.0,False,False,True,gate,0.9943807711589644,0.4978755809823518,0.49650519017661254
-0.6860648673744938,0.0,-0.49339752691606187,,-1.3141133890227399,,WTI/USD,5,5,3.668895314212321,False,False,False,False,0,False,-49.95891458466133,66.615011625613,-116.57392621027432,commodities,4h,SIN~SAR|gate,tight,fixed_combo,4.0,0.0,False,False,True,gate,0.999930413789216,0.5003673436114298,0.49956307017778645
-0.686727587220842,0.0,-0.49406337853292975,,-1.3153827865165806,,WTI/USD,5,5,3.668895314212321,False,False,False,False,0,False,-50.08704627939526,66.615011625613,-116.70205790500825,commodities,4h,SIN~HT_DCPHASE|gate,tight,fixed_combo,4.0,0.0,False,False,True,gate,1.0,0.5003673436114298,0.49963265638857035
-0.686727587220842,0.0,-0.49406337853292975,,-1.3153827865165806,,WTI/USD,5,5,3.668895314212321,False,False,False,False,0,False,-50.08704627939526,66.615011625613,-116.70205790500825,commodities,4h,SIN~MAMA|gate,tight,fixed_combo,4.0,0.0,False,False,True,gate,1.0,0.5003673436114298,0.49963265638857035
-0.686727587220842,0.0,-0.49406337853292975,,-1.3153827865165806,,WTI/USD,5,5,3.668895314212321,False,False,False,False,0,False,-50.08704627939526,66.615011625613,-116.70205790500825,commodities,4h,SIN~SAREXT|gate,tight,fixed_combo,4.0,0.0,False,False,True,gate,1.0,0.5003673436114298,0.49963265638857035
-0.686727587220842,0.0,-0.49406337853292975,,-1.3153827865165806,,WTI/USD,5,5,3.668895314212321,False,False,False,False,0,False,-50.08704627939526,66.615011625613,-116.70205790500825,commodities,4h,SIN~TSF_21|gate,tight,fixed_combo,4.0,0.0,False,False,True,gate,1.0,0.5003673436114298,0.49963265638857035
-0.686727587220842,0.0,-0.49406337853292975,,-1.3153827865165806,,WTI/USD,5,5,3.668895314212321,False,False,False,False,0,False,-50.08704627939526,66.615011625613,-116.70205790500825,commodities,4h,SIN~TSF_21|or,tight,fixed_combo,4.0,0.0,False,False,True,or,1.0,0.5003673436114298,0.49963265638857035
-0.709740319270652,0.0,-0.5718577402366452,,-1.3594622034095907,,XAG/USD,5,5,3.668895314212321,False,False,False,False,0,False,-35.94258556596085,66.615011625613,-102.55759719157385,commodities,4h,SIN~TSF_21|and,tight,fixed_combo,4.0,0.0,False,False,True,and,0.5002047332038883,0.2518854640536987,0.2483192691501896
-0.709740319270652,0.0,-0.5718577402366452,,-1.3594622034095907,,XAG/USD,5,5,3.668895314212321,False,False,False,False,0,False,-35.94258556596085,66.615011625613,-102.55759719157385,commodities,4h,SIN~TSF_21|vote,tight,fixed_combo,4.0,0.0,False,False,True,vote,0.5002047332038883,0.2518854640536987,0.2483192691501896
-0.13182411977734115,0.4,0.09051833018917832,,-0.25250067309011676,,XPT/USD,5,5,3.668895314212321,False,False,False,False,0,False,59.48729542839194,66.615011625613,-7.127716197221055,commodities,4h,MAXINDEX~MAMA|or,wide,fixed_combo,4.0,0.0,False,False,True,or,1.0,0.890675325670661,0.10932467432933905
-0.1878061809054822,0.4,0.033096492353397275,,-0.35973073189652793,,WTI/USD,5,5,3.668895314212321,False,False,False,False,0,False,58.580494035088996,66.615011625613,-8.034517590523997,commodities,4h,MAXINDEX~HT_DCPHASE|gate,wide,fixed_combo,4.0,0.0,False,False,True,gate,0.8544581659591044,0.8544581659591044,0.0
-0.1878061809054822,0.4,0.033096492353397275,,-0.35973073189652793,,WTI/USD,5,5,3.668895314212321,False,False,False,False,0,False,58.580494035088996,66.615011625613,-8.034517590523997,commodities,4h,MAXINDEX~MAMA|gate,wide,fixed_combo,4.0,0.0,False,False,True,gate,0.8544581659591044,0.8544581659591044,0.0
-0.1878061809054822,0.4,0.033096492353397275,,-0.35973073189652793,,WTI/USD,5,5,3.668895314212321,False,False,False,False,0,False,58.580494035088996,66.615011625613,-8.034517590523997,commodities,4h,MAXINDEX~SAREXT|gate,wide,fixed_combo,4.0,0.0,False,False,True,gate,0.8544581659591044,0.8544581659591044,0.0
-0.1878061809054822,0.4,0.033096492353397275,,-0.35973073189652793,,WTI/USD,5,5,3.668895314212321,False,False,False,False,0,False,58.580494035088996,66.615011625613,-8.034517590523997,commodities,4h,MAXINDEX~SIN|gate,wide,fixed_combo,4.0,0.0,False,False,True,gate,0.8544581659591044,0.8544581659591044,0.0
-0.1878061809054822,0.4,0.033096492353397275,,-0.35973073189652793,,WTI/USD,5,5,3.668895314212321,False,False,False,False,0,False,58.580494035088996,66.615011625613,-8.034517590523997,commodities,4h,MAXINDEX~TSF_21|gate,wide,fixed_combo,4.0,0.0,False,False,True,gate,0.8544581659591044,0.8544581659591044,0.0
-0.19126049758461353,0.4,0.030334051693889717,,-0.3663472546392574,,WTI/USD,5,5,3.668895314212321,False,False,False,False,0,False,58.30835048351379,66.615011625613,-8.306661142099202,commodities,4h,MAXINDEX~SAR|gate,wide,fixed_combo,4.0,0.0,False,False,True,gate,0.8543885797483204,0.8543885797483204,0.0
-0.20063181514474185,0.4,0.03553572701222298,,-0.38429741425853187,,WTI/USD,5,5,3.668895314212321,False,False,False,False,0,False,58.50438180851368,66.615011625613,-8.110629817099316,commodities,4h,MAXINDEX~MINMAXINDEX|gate,wide,fixed_combo,4.0,0.0,False,False,True,gate,0.8531663983880625,0.8531663983880625,0.0
-0.21314551973806867,0.4,0.00893292425921246,,-0.4082666153273717,,WTI/USD,5,5,3.668895314212321,False,False,False,False,0,False,42.65899383136194,66.615011625613,-23.956017794251053,commodities,4h,MAXINDEX~MINMAXINDEX|or,wide,fixed_combo,4.0,0.0,False,False,True,or,0.9956725387300063,0.8544581659591044,0.14121437277090193
-0.2603558758359831,0.4,0.05534380426501425,,-0.4986950339785424,,XAG/USD,5,5,3.668895314212321,False,False,False,False,0,False,56.22518500475589,66.615011625613,-10.3898266208571,commodities,4h,SAR~MAXINDEX|vote,wide,fixed_combo,4.0,0.0,False,False,True,vote,0.6002863288467066,0.5218259980505395,0.07846033079616703
-0.261746368971089,0.4,0.05423887498876573,,-0.5013584346758841,,XAG/USD,5,5,3.668895314212321,False,False,False,False,0,False,56.045754570302826,66.615011625613,-10.569257055310167,commodities,4h,SAREXT~MAXINDEX|vote,wide,fixed_combo,4.0,0.0,False,False,True,vote,0.6002167426359227,0.5217564118397556,0.07846033079616703
-0.27246702015579843,0.2,0.015624711908334426,,-0.521893156581676,,XAG/USD,5,5,3.668895314212321,False,False,False,False,0,False,27.33225433694532,66.615011625613,-39.282757288667675,commodities,4h,SAR~HT_DCPHASE|or,wide,fixed_combo,4.0,0.0,False,False,True,or,1.0,0.5217924803699631,0.47820751963003694
-0.27310076962473895,0.2,0.0148172620000746,,-0.5231070631698502,,XAG/USD,5,5,3.668895314212321,False,False,False,False,0,False,27.300992388297477,66.615011625613,-39.31401923731552,commodities,4h,SAR~MAMA|or,wide,fixed_combo,4.0,0.0,False,False,True,or,1.0,0.5218259980505395,0.4781740019494604
-0.27310076962473895,0.2,0.0148172620000746,,-0.5231070631698502,,XAG/USD,5,5,3.668895314212321,False,False,False,False,0,False,27.300992388297477,66.615011625613,-39.31401923731552,commodities,4h,SAR~MAXINDEX|or,wide,fixed_combo,4.0,0.0,False,False,True,or,1.0,0.5218259980505395,0.4781740019494604
-0.27310076962473895,0.2,0.0148172620000746,,-0.5231070631698502,,XAG/USD,5,5,3.668895314212321,False,False,False,False,0,False,27.300992388297477,66.615011625613,-39.31401923731552,commodities,4h,SAR~TSF_21|or,wide,fixed_combo,4.0,0.0,False,False,True,or,1.0,0.5218259980505395,0.4781740019494604
-0.27392841988808164,0.2,0.014157782024734717,,-0.524692374332407,,XAG/USD,5,5,3.668895314212321,False,False,False,False,0,False,27.190343693256114,66.615011625613,-39.42466793235688,commodities,4h,SAREXT~SAR|gate,wide,fixed_combo,4.0,0.0,False,False,True,gate,0.999930413789216,0.5217564118397556,0.4781740019494604
-0.27392841988808164,0.2,0.014157782024734717,,-0.524692374332407,,XAG/USD,5,5,3.668895314212321,False,False,False,False,0,False,27.190343693256114,66.615011625613,-39.42466793235688,commodities,4h,SAR~HT_DCPHASE|gate,wide,fixed_combo,4.0,0.0,False,False,True,gate,0.999930413789216,0.5217564118397556,0.4781740019494604
-0.27392841988808164,0.2,0.014157782024734717,,-0.524692374332407,,XAG/USD,5,5,3.668895314212321,False,False,False,False,0,False,27.190343693256114,66.615011625613,-39.42466793235688,commodities,4h,SAR~MAMA|gate,wide,fixed_combo,4.0,0.0,False,False,True,gate,0.999930413789216,0.5217564118397556,0.4781740019494604
-0.27392841988808164,0.2,0.014157782024734717,,-0.524692374332407,,XAG/USD,5,5,3.668895314212321,False,False,False,False,0,False,27.190343693256114,66.615011625613,-39.42466793235688,commodities,4h,SAR~SAREXT|and,wide,fixed_combo,4.0,0.0,False,False,True,and,0.999930413789216,0.5217564118397556,0.4781740019494604
-0.27392841988808164,0.2,0.014157782024734717,,-0.524692374332407,,XAG/USD,5,5,3.668895314212321,False,False,False,False,0,False,27.190343693256114,66.615011625613,-39.42466793235688,commodities,4h,SAR~SAREXT|gate,wide,fixed_combo,4.0,0.0,False,False,True,gate,0.999930413789216,0.5217564118397556,0.4781740019494604
-0.27392841988808164,0.2,0.014157782024734717,,-0.524692374332407,,XAG/USD,5,5,3.668895314212321,False,False,False,False,0,False,27.190343693256114,66.615011625613,-39.42466793235688,commodities,4h,SAR~SIN|gate,wide,fixed_combo,4.0,0.0,False,False,True,gate,0.999930413789216,0.5217564118397556,0.4781740019494604
-0.27392841988808164,0.2,0.014157782024734717,,-0.524692374332407,,XAG/USD,5,5,3.668895314212321,False,False,False,False,0,False,27.190343693256114,66.615011625613,-39.42466793235688,commodities,4h,SAR~TSF_21|gate,wide,fixed_combo,4.0,0.0,False,False,True,gate,0.999930413789216,0.5217564118397556,0.4781740019494604
-0.27474812988016367,0.2,0.013501099499951135,,-0.5262624764130354,,XAG/USD,5,5,3.668895314212321,False,False,False,False,0,False,27.079797783026343,66.615011625613,-39.53521384258665,commodities,4h,SAREXT~HT_DCPHASE|gate,wide,fixed_combo,4.0,0.0,False,False,True,gate,1.0,0.5217564118397556,0.47824358816024437
-0.27474812988016367,0.2,0.013501099499951135,,-0.5262624764130354,,XAG/USD,5,5,3.668895314212321,False,False,False,False,0,False,27.079797783026343,66.615011625613,-39.53521384258665,commodities,4h,SAREXT~HT_DCPHASE|or,wide,fixed_combo,4.0,0.0,False,False,True,or,1.0,0.5217564118397556,0.47824358816024437
-0.27474812988016367,0.2,0.013501099499951135,,-0.5262624764130354,,XAG/USD,5,5,3.668895314212321,False,False,False,False,0,False,27.079797783026343,66.615011625613,-39.53521384258665,commodities,4h,SAREXT~MAMA|gate,wide,fixed_combo,4.0,0.0,False,False,True,gate,1.0,0.5217564118397556,0.47824358816024437
-0.27474812988016367,0.2,0.013501099499951135,,-0.5262624764130354,,XAG/USD,5,5,3.668895314212321,False,False,False,False,0,False,27.079797783026343,66.615011625613,-39.53521384258665,commodities,4h,SAREXT~MAMA|or,wide,fixed_combo,4.0,0.0,False,False,True,or,1.0,0.5217564118397556,0.47824358816024437
-0.27474812988016367,0.2,0.013501099499951135,,-0.5262624764130354,,XAG/USD,5,5,3.668895314212321,False,False,False,False,0,False,27.079797783026343,66.615011625613,-39.53521384258665,commodities,4h,SAREXT~MAXINDEX|or,wide,fixed_combo,4.0,0.0,False,False,True,or,1.0,0.5217564118397556,0.47824358816024437
-0.27474812988016367,0.2,0.013501099499951135,,-0.5262624764130354,,XAG/USD,5,5,3.668895314212321,False,False,False,False,0,False,27.079797783026343,66.615011625613,-39.53521384258665,commodities,4h,SAREXT~MINMAXINDEX|or,wide,fixed_combo,4.0,0.0,False,False,True,or,1.0,0.5217564118397556,0.47824358816024437
-0.27474812988016367,0.2,0.013501099499951135,,-0.5262624764130354,,XAG/USD,5,5,3.668895314212321,False,False,False,False,0,False,27.079797783026343,66.615011625613,-39.53521384258665,commodities,4h,SAREXT~SIN|gate,wide,fixed_combo,4.0,0.0,False,False,True,gate,1.0,0.5217564118397556,0.47824358816024437
-0.27474812988016367,0.2,0.013501099499951135,,-0.5262624764130354,,XAG/USD,5,5,3.668895314212321,False,False,False,False,0,False,27.079797783026343,66.615011625613,-39.53521384258665,commodities,4h,SAREXT~SIN|or,wide,fixed_combo,4.0,0.0,False,False,True,or,1.0,0.5217564118397556,0.47824358816024437
-0.27474812988016367,0.2,0.013501099499951135,,-0.5262624764130354,,XAG/USD,5,5,3.668895314212321,False,False,False,False,0,False,27.079797783026343,66.615011625613,-39.53521384258665,commodities,4h,SAREXT~TSF_21|gate,wide,fixed_combo,4.0,0.0,False,False,True,gate,1.0,0.5217564118397556,0.47824358816024437
-0.27474812988016367,0.2,0.013501099499951135,,-0.5262624764130354,,XAG/USD,5,5,3.668895314212321,False,False,False,False,0,False,27.079797783026343,66.615011625613,-39.53521384258665,commodities,4h,SAREXT~TSF_21|or,wide,fixed_combo,4.0,0.0,False,False,True,or,1.0,0.5217564118397556,0.47824358816024437
-0.27474812988016367,0.2,0.013501099499951135,,-0.5262624764130354,,XAG/USD,5,5,3.668895314212321,False,False,False,False,0,False,27.079797783026343,66.615011625613,-39.53521384258665,commodities,4h,SAR~SAREXT|or,wide,fixed_combo,4.0,0.0,False,False,True,or,1.0,0.5217564118397556,0.47824358816024437
-0.27474812988016367,0.2,0.013501099499951135,,-0.5262624764130354,,XAG/USD,5,5,3.668895314212321,False,False,False,False,0,False,27.079797783026343,66.615011625613,-39.53521384258665,commodities,4h,SAR~SAREXT|vote,wide,fixed_combo,4.0,0.0,False,False,True,vote,1.0,0.5217564118397556,0.47824358816024437
-0.27474812988016367,0.2,0.013501099499951135,,-0.5262624764130354,,XAG/USD,5,5,3.668895314212321,False,False,False,False,0,False,27.079797783026343,66.615011625613,-39.53521384258665,commodities,4h,SAR~SIN|or,wide,fixed_combo,4.0,0.0,False,False,True,or,1.0,0.5217564118397556,0.47824358816024437
-0.2753818793491042,0.2,0.012693649591691308,,-0.5274763830012096,,XAG/USD,5,5,3.668895314212321,False,False,False,False,0,False,27.048535834378505,66.615011625613,-39.56647579123449,commodities,4h,SAR~MINMAXINDEX|or,wide,fixed_combo,4.0,0.0,False,False,True,or,1.0,0.5217899295203321,0.47821007047966785
-0.27753156824029507,0.2,0.01945941672168229,,-0.5315939746291822,,XAG/USD,5,5,3.668895314212321,False,False,False,False,0,False,27.295353607195477,66.615011625613,-39.31965801841751,commodities,4h,SAR~MINMAXINDEX|gate,wide,fixed_combo,4.0,0.0,False,False,True,gate,0.9943111849481806,0.5188007660683983,0.4755104188797821
-0.2783513604366621,0.2,0.018802469772259255,,-0.5331642341668626,,XAG/USD,5,5,3.668895314212321,False,False,False,False,0,False,27.170484863304456,66.615011625613,-39.44452676230854,commodities,4h,SAREXT~MINMAXINDEX|gate,wide,fixed_combo,4.0,0.0,False,False,True,gate,0.9943807711589644,0.5188007660683983,0.47558000509056597
-0.3131315208695232,0.0,-0.03161732200515812,,-0.5997834077620517,,WTI/USD,5,5,3.668895314212321,False,False,False,False,0,False,47.04373456727882,66.615011625613,-19.571277058334175,commodities,4h,SAREXT~MAXINDEX|and,wide,fixed_combo,4.0,0.0,False,False,True,and,0.4546749085950271,0.4546749085950271,0.0
-0.3131315208695232,0.0,-0.03161732200515812,,-0.5997834077620517,,WTI/USD,5,5,3.668895314212321,False,False,False,False,0,False,47.04373456727882,66.615011625613,-19.571277058334175,commodities,4h,SAR~MAXINDEX|and,wide,fixed_combo,4.0,0.0,False,False,True,and,0.4546749085950271,0.4546749085950271,0.0
-0.31759233997618463,0.0,-0.11900863949574925,,-0.6083278215526976,,XAG/USD,5,5,3.668895314212321,False,False,False,False,0,False,42.30735574900975,66.615011625613,-24.307655876603242,commodities,4h,MAXINDEX~MAMA|vote,wide,fixed_combo,4.0,0.0,False,False,True,vote,0.6315040228916501,0.522179348562311,0.10932467432933905
-0.33463946921744575,0.2,-0.0965061273175404,,-0.6409805076843634,,XAG/USD,5,5,3.668895314212321,False,False,False,False,0,False,26.86954327814579,66.615011625613,-39.7454683474672,commodities,4h,SAR~MAMA|vote,wide,fixed_combo,4.0,0.0,False,False,True,vote,0.706578033493042,0.3752916900529463,0.3312863434400958
-0.33557855396861624,0.2,-0.09725901282294211,,-0.6427792644836481,,XAG/USD,5,5,3.668895314212321,False,False,False,False,0,False,26.755283827149782,66.615011625613,-39.85972779846321,commodities,4h,SAREXT~MAMA|and,wide,fixed_combo,4.0,0.0,False,False,True,and,0.7065084472822581,0.3752221038421624,0.3312863434400958
-0.33557855396861624,0.2,-0.09725901282294211,,-0.6427792644836481,,XAG/USD,5,5,3.668895314212321,False,False,False,False,0,False,26.755283827149782,66.615011625613,-39.85972779846321,commodities,4h,SAREXT~MAMA|vote,wide,fixed_combo,4.0,0.0,False,False,True,vote,0.7065084472822581,0.3752221038421624,0.3312863434400958
-0.33557855396861624,0.2,-0.09725901282294211,,-0.6427792644836481,,XAG/USD,5,5,3.668895314212321,False,False,False,False,0,False,26.755283827149782,66.615011625613,-39.85972779846321,commodities,4h,SAR~MAMA|and,wide,fixed_combo,4.0,0.0,False,False,True,and,0.7065084472822581,0.3752221038421624,0.3312863434400958
-0.34796674233700997,0.2,-0.1958674278056977,,-0.6665080472486686,,XAG/USD,5,5,3.668895314212321,False,False,False,False,0,False,11.79848457046067,66.615011625613,-54.81652705515232,commodities,4h,MAMA~HT_DCPHASE|gate,wide,fixed_combo,4.0,0.0,False,False,True,gate,1.0,0.522179348562311,0.4778206514376889
-0.34796674233700997,0.2,-0.1958674278056977,,-0.6665080472486686,,XAG/USD,5,5,3.668895314212321,False,False,False,False,0,False,11.79848457046067,66.615011625613,-54.81652705515232,commodities,4h,MAMA~SAREXT|gate,wide,fixed_combo,4.0,0.0,False,False,True,gate,1.0,0.522179348562311,0.4778206514376889
-0.34796674233700997,0.2,-0.1958674278056977,,-0.6665080472486686,,XAG/USD,5,5,3.668895314212321,False,False,False,False,0,False,11.79848457046067,66.615011625613,-54.81652705515232,commodities,4h,MAMA~SIN|gate,wide,fixed_combo,4.0,0.0,False,False,True,gate,1.0,0.522179348562311,0.4778206514376889
-0.34796674233700997,0.2,-0.1958674278056977,,-0.6665080472486686,,XAG/USD,5,5,3.668895314212321,False,False,False,False,0,False,11.79848457046067,66.615011625613,-54.81652705515232,commodities,4h,MAMA~SIN|or,wide,fixed_combo,4.0,0.0,False,False,True,or,1.0,0.522179348562311,0.4778206514376889
-0.34796674233700997,0.2,-0.1958674278056977,,-0.6665080472486686,,XAG/USD,5,5,3.668895314212321,False,False,False,False,0,False,11.79848457046067,66.615011625613,-54.81652705515232,commodities,4h,MAMA~TSF_21|gate,wide,fixed_combo,4.0,0.0,False,False,True,gate,1.0,0.522179348562311,0.4778206514376889
-0.34796674233700997,0.2,-0.1958674278056977,,-0.6665080472486686,,XAG/USD,5,5,3.668895314212321,False,False,False,False,0,False,11.79848457046067,66.615011625613,-54.81652705515232,commodities,4h,MAMA~TSF_21|or,wide,fixed_combo,4.0,0.0,False,False,True,or,1.0,0.522179348562311,0.4778206514376889
-0.3488727258834291,0.2,-0.19659645696608488,,-0.6682434008066199,,XAG/USD,5,5,3.668895314212321,False,False,False,False,0,False,11.704463777948217,66.615011625613,-54.91054784766477,commodities,4h,MAMA~SAR|gate,wide,fixed_combo,4.0,0.0,False,False,True,gate,0.999930413789216,0.5221097623515271,0.4778206514376889
-0.35169027581646956,0.0,-0.040796831951793414,,-0.6736402375597071,,XAG/USD,5,5,3.668895314212321,False,False,False,False,0,False,5.833442754970193,66.615011625613,-60.7815688706428,commodities,4h,SAR~MAXINDEX|gate,wide,fixed_combo,4.0,0.0,False,False,True,gate,0.8543885797483204,0.4546749085950271,0.3997136711532934
-0.3525456795683003,0.0,-0.04148445640549278,,-0.6752787087550081,,XAG/USD,5,5,3.668895314212321,False,False,False,False,0,False,5.701340608614144,66.615011625613,-60.91367101699885,commodities,4h,SAREXT~MAXINDEX|gate,wide,fixed_combo,4.0,0.0,False,False,True,gate,0.8544581659591044,0.4546749085950271,0.3997832573640773
-0.3643922527316115,0.0,-0.20325998990555033,,-0.6979700622235525,,XAG/USD,5,5,3.668895314212321,False,False,False,False,0,False,8.277035717908827,66.615011625613,-58.33797590770416,commodities,4h,MAMA~MINMAXINDEX|gate,wide,fixed_combo,4.0,0.0,False,False,True,gate,0.9943807711589644,0.5197694643302814,0.47461130682868297
-0.3705213593950426,0.0,-0.21429608548609697,,-0.7097099741650961,,XAG/USD,5,5,3.668895314212321,False,False,False,False,0,False,40.989780130519605,66.615011625613,-25.625231495093388,commodities,4h,MAXINDEX~MAMA|and,wide,fixed_combo,4.0,0.0,False,False,True,and,0.4859621888507545,0.4859621888507545,0.0
-0.44335577713232804,0.0,-0.13109628116122568,,-0.8492196445793903,,XPT/USD,5,5,3.668895314212321,False,False,False,False,0,False,34.63396487329617,66.615011625613,-31.98104675231682,commodities,4h,MAXINDEX~TSF_21|or,wide,fixed_combo,4.0,0.0,False,False,True,or,1.0,0.9522740575268491,0.04772594247315086
-0.4460384976853743,0.0,-0.2505040597133672,,-0.8543582242755872,,XAG/USD,5,5,3.668895314212321,False,False,False,False,0,False,-3.39315704964431,66.615011625613,-70.00816867525731,commodities,4h,MAMA~MAXINDEX|gate,wide,fixed_combo,4.0,0.0,False,False,True,gate,0.8544581659591044,0.4859621888507545,0.3684959771083499
-0.4990911544453402,0.0,-0.16652480269336514,,-0.9559771963099667,,XAG/USD,5,5,3.668895314212321,False,False,False,False,0,False,0.02941199436439206,66.615011625613,-66.5855996312486,commodities,4h,SAR~HT_DCPHASE|vote,wide,fixed_combo,4.0,0.0,False,False,True,vote,0.5455937219824942,0.32685651656629344,0.21873720541620081
-0.500429152907367,0.0,-0.16776615015140123,,-0.9585400468173393,,XAG/USD,5,5,3.668895314212321,False,False,False,False,0,False,-0.11825991242969422,66.615011625613,-66.73327153804269,commodities,4h,SAREXT~HT_DCPHASE|and,wide,fixed_combo,4.0,0.0,False,False,True,and,0.5455576534522868,0.326820448036086,0.21873720541620081
-0.500429152907367,0.0,-0.16776615015140123,,-0.9585400468173393,,XAG/USD,5,5,3.668895314212321,False,False,False,False,0,False,-0.11825991242969422,66.615011625613,-66.73327153804269,commodities,4h,SAREXT~HT_DCPHASE|vote,wide,fixed_combo,4.0,0.0,False,False,True,vote,0.5455576534522868,0.326820448036086,0.21873720541620081
-0.50082993648595,0.0,-0.1682716775444026,,-0.9593077221375053,,XAG/USD,5,5,3.668895314212321,False,False,False,False,0,False,-0.13888489096285497,66.615011625613,-66.75389651657585,commodities,4h,SAR~HT_DCPHASE|and,wide,fixed_combo,4.0,0.0,False,False,True,and,0.5455241357717103,0.326820448036086,0.21870368773562432
-0.5222715229386174,0.0,-0.23812601431569053,,-1.0003777100923883,,WTI/USD,5,5,3.668895314212321,False,False,False,False,0,False,-15.146241735403333,66.615011625613,-81.76125336101633,commodities,4h,SAR~MINMAXINDEX|and,wide,fixed_combo,4.0,0.0,False,False,True,and,0.6532463909915063,0.3380169696334864,0.31522942135801996
-0.5235435964352397,0.0,-0.2393108126877923,,-1.0028142855435254,,WTI/USD,5,5,3.668895314212321,False,False,False,False,0,False,-15.295824988764764,66.615011625613,-81.91083661437776,commodities,4h,SAREXT~MINMAXINDEX|and,wide,fixed_combo,4.0,0.0,False,False,True,and,0.6532824595217137,0.3380169696334864,0.31526548988822733
-0.5296225990292106,0.0,-0.2452870068069794,,-1.0144582263434856,,WTI/USD,5,5,3.668895314212321,False,False,False,False,0,False,-16.89207519184044,66.615011625613,-83.50708681745343,commodities,4h,SAREXT~MINMAXINDEX|vote,wide,fixed_combo,4.0,0.0,False,False,True,vote,0.6589016883627493,0.34097261540484364,0.3179290729579057
-0.5299657821524547,0.0,-0.24572364585995352,,-1.0151155716742086,,WTI/USD,5,5,3.668895314212321,False,False,False,False,0,False,-16.905528287713707,66.615011625613,-83.5205399133267,commodities,4h,SAR~MINMAXINDEX|vote,wide,fixed_combo,4.0,0.0,False,False,True,vote,0.6589352060433258,0.34100613308542016,0.3179290729579057
-0.5398684494959336,0.0,-0.2865651067277045,,-1.0340834978309643,,XAG/USD,5,5,3.668895314212321,False,False,False,False,0,False,-7.016232471537196,66.615011625613,-73.63124409715019,commodities,4h,HT_DCPHASE~MAMA|and,wide,fixed_combo,4.0,0.0,False,False,True,and,0.6540562367938898,0.3812812080681652,0.27277502872572457
-0.5398684494959336,0.0,-0.2865651067277045,,-1.0340834978309643,,XAG/USD,5,5,3.668895314212321,False,False,False,False,0,False,-7.016232471537196,66.615011625613,-73.63124409715019,commodities,4h,HT_DCPHASE~MAMA|vote,wide,fixed_combo,4.0,0.0,False,False,True,vote,0.6540562367938898,0.3812812080681652,0.27277502872572457
-0.5550337513560206,0.0,-0.26793920470618054,,-1.063131663931027,,XAG/USD,5,5,3.668895314212321,False,False,False,False,0,False,17.957409201688165,66.615011625613,-48.65760242392483,commodities,4h,IS#1[combo],wide,wf_combo,4.0,2.0,False,False,True,,,,
-0.5604406071830652,0.0,-0.2640130423854578,,-1.0734881505735014,,WTI/USD,5,5,3.668895314212321,False,False,False,False,0,False,22.01920888267014,66.615011625613,-44.59580274294285,commodities,4h,HT_DCPHASE~MAXINDEX|and,wide,fixed_combo,4.0,0.0,False,False,True,and,0.5449973056336606,0.5449973056336606,0.0
-0.5648757536200588,0.0,-0.35154752042836357,,-1.0819833900068134,,WTI/USD,5,5,3.668895314212321,False,False,False,False,0,False,-21.423154509554838,66.615011625613,-88.03816613516783,commodities,4h,MINMAXINDEX~MAMA|vote,wide,fixed_combo,4.0,0.0,False,False,True,vote,0.6872626805467097,0.3550916990884377,0.33217098145827195
-0.5730838816671054,0.0,-0.36001100719067786,,-1.0977055344837865,,WTI/USD,5,5,3.668895314212321,False,False,False,False,0,False,-22.555408573364485,66.615011625613,-89.17042019897748,commodities,4h,MINMAXINDEX~MAMA|and,wide,fixed_combo,4.0,0.0,False,False,True,and,0.6816434517056741,0.35268181485640804,0.32896163684926605
-0.6034554934577705,0.0,-0.3410476046421653,,-1.1558804150210342,,WTI/USD,5,5,3.668895314212321,False,False,False,False,0,False,-6.149673155555931,66.615011625613,-72.76468478116892,commodities,4h,MAXINDEX~MINMAXINDEX|vote,wide,fixed_combo,4.0,0.0,False,False,True,vote,0.6408376251777689,0.49962325240686695,0.14121437277090193
-0.6064631262683355,0.0,-0.267946574568677,,-1.1616413433728283,,XPT/USD,5,5,3.668895314212321,False,False,False,False,0,False,1.7836966743546447,66.615011625613,-64.83131495125835,commodities,4h,HT_DCPHASE~MAXINDEX|vote,wide,fixed_combo,4.0,0.0,False,False,True,vote,0.6905391396745562,0.5863268307801295,0.1042123088944266
-0.6162926067838186,0.0,-0.28849747352750466,,-1.1804690848398514,,WTI/USD,5,5,3.668895314212321,False,False,False,False,0,False,-31.07052726442448,66.615011625613,-97.68553889003748,commodities,4h,HT_DCPHASE~MINMAXINDEX|gate,wide,fixed_combo,4.0,0.0,False,False,True,gate,0.9943807711589644,0.5824283037638311,0.41195246739513325
-0.6374242897563074,0.0,-0.3185566603316454,,-1.2209454724925268,,XPT/USD,5,5,3.668895314212321,False,False,False,False,0,False,-33.14904218136186,66.615011625613,-99.76405380697486,commodities,4h,HT_DCPHASE~MAMA|gate,wide,fixed_combo,4.0,0.0,False,False,True,gate,1.0,0.5863268307801295,0.41367316921987046
-0.6374242897563074,0.0,-0.3185566603316454,,-1.2209454724925268,,XPT/USD,5,5,3.668895314212321,False,False,False,False,0,False,-33.14904218136186,66.615011625613,-99.76405380697486,commodities,4h,HT_DCPHASE~MAMA|or,wide,fixed_combo,4.0,0.0,False,False,True,or,1.0,0.5863268307801295,0.41367316921987046
-0.6374242897563074,0.0,-0.3185566603316454,,-1.2209454724925268,,XPT/USD,5,5,3.668895314212321,False,False,False,False,0,False,-33.14904218136186,66.615011625613,-99.76405380697486,commodities,4h,HT_DCPHASE~MAXINDEX|or,wide,fixed_combo,4.0,0.0,False,False,True,or,1.0,0.5863268307801295,0.41367316921987046
-0.6374242897563074,0.0,-0.3185566603316454,,-1.2209454724925268,,XPT/USD,5,5,3.668895314212321,False,False,False,False,0,False,-33.14904218136186,66.615011625613,-99.76405380697486,commodities,4h,HT_DCPHASE~MINMAXINDEX|or,wide,fixed_combo,4.0,0.0,False,False,True,or,1.0,0.5863268307801295,0.41367316921987046
-0.6374242897563074,0.0,-0.3185566603316454,,-1.2209454724925268,,XPT/USD,5,5,3.668895314212321,False,False,False,False,0,False,-33.14904218136186,66.615011625613,-99.76405380697486,commodities,4h,HT_DCPHASE~SAREXT|gate,wide,fixed_combo,4.0,0.0,False,False,True,gate,1.0,0.5863268307801295,0.41367316921987046
-0.6374242897563074,0.0,-0.3185566603316454,,-1.2209454724925268,,XPT/USD,5,5,3.668895314212321,False,False,False,False,0,False,-33.14904218136186,66.615011625613,-99.76405380697486,commodities,4h,HT_DCPHASE~SIN|gate,wide,fixed_combo,4.0,0.0,False,False,True,gate,1.0,0.5863268307801295,0.41367316921987046
-0.6374242897563074,0.0,-0.3185566603316454,,-1.2209454724925268,,XPT/USD,5,5,3.668895314212321,False,False,False,False,0,False,-33.14904218136186,66.615011625613,-99.76405380697486,commodities,4h,HT_DCPHASE~SIN|or,wide,fixed_combo,4.0,0.0,False,False,True,or,1.0,0.5863268307801295,0.41367316921987046
-0.6374242897563074,0.0,-0.3185566603316454,,-1.2209454724925268,,XPT/USD,5,5,3.668895314212321,False,False,False,False,0,False,-33.14904218136186,66.615011625613,-99.76405380697486,commodities,4h,HT_DCPHASE~TSF_21|gate,wide,fixed_combo,4.0,0.0,False,False,True,gate,1.0,0.5863268307801295,0.41367316921987046
-0.6374242897563074,0.0,-0.3185566603316454,,-1.2209454724925268,,XPT/USD,5,5,3.668895314212321,False,False,False,False,0,False,-33.14904218136186,66.615011625613,-99.76405380697486,commodities,4h,HT_DCPHASE~TSF_21|or,wide,fixed_combo,4.0,0.0,False,False,True,or,1.0,0.5863268307801295,0.41367316921987046
-0.6391564794497837,0.0,-0.3201049942584543,,-1.2242633711006214,,XPT/USD,5,5,3.668895314212321,False,False,False,False,0,False,-33.28982202287037,66.615011625613,-99.90483364848336,commodities,4h,HT_DCPHASE~SAR|gate,wide,fixed_combo,4.0,0.0,False,False,True,gate,0.999930413789216,0.5862907622499222,0.41363965153929394
-0.6619355274896956,0.0,-0.3066066678972854,,-1.2678951812135573,,WTI/USD,5,5,3.668895314212321,False,False,False,False,0,False,-28.45985542184644,66.615011625613,-95.07486704745943,commodities,4h,HT_DCPHASE~MAXINDEX|gate,wide,fixed_combo,4.0,0.0,False,False,True,gate,0.8544581659591044,0.5449973056336606,0.30946086032544384
-0.6776810468283614,0.0,-0.4404378136700893,,-1.2980547167968923,,WTI/USD,5,5,3.668895314212321,False,False,False,False,0,False,4.942219814750201,66.615011625613,-61.67279181086279,commodities,4h,MAXINDEX~MINMAXINDEX|and,wide,fixed_combo,4.0,0.0,False,False,True,and,0.498331484835825,0.498331484835825,0.0
-0.685196739463294,0.0,-0.4468385160410825,,-1.3124505455137028,,WTI/USD,5,5,3.668895314212321,False,False,False,False,0,False,-46.45852660830661,66.615011625613,-113.0735382339196,commodities,4h,MINMAXINDEX~TSF_21|or,wide,fixed_combo,4.0,0.0,False,False,True,or,1.0,0.5004677844106818,0.49953221558931815
-0.6856022028747362,0.0,-0.4483234276892499,,-1.3132271847544996,,WTI/USD,5,5,3.668895314212321,False,False,False,False,0,False,-45.819628796183906,66.615011625613,-112.4346404217969,commodities,4h,MINMAXINDEX~MAMA|or,wide,fixed_combo,4.0,0.0,False,False,True,or,1.0,0.5007413690678547,0.4992586309321453
-0.6924389636434669,0.0,-0.4547738209223973,,-1.326322562889976,,WTI/USD,5,5,3.668895314212321,False,False,False,False,0,False,-46.434271411436306,66.615011625613,-113.04928303704929,commodities,4h,MINMAXINDEX~SAR|gate,wide,fixed_combo,4.0,0.0,False,False,True,gate,0.9943111849481806,0.4982979671552485,0.4960132177929319
-0.6938425528389126,0.0,-0.4562676878377515,,-1.3290110482535853,,WTI/USD,5,5,3.668895314212321,False,False,False,False,0,False,-46.55592608707106,66.615011625613,-113.17093771268405,commodities,4h,MINMAXINDEX~HT_DCPHASE|gate,wide,fixed_combo,4.0,0.0,False,False,True,gate,0.9943807711589644,0.498331484835825,0.4960492863231393
-0.6938425528389126,0.0,-0.4562676878377515,,-1.3290110482535853,,WTI/USD,5,5,3.668895314212321,False,False,False,False,0,False,-46.55592608707106,66.615011625613,-113.17093771268405,commodities,4h,MINMAXINDEX~MAMA|gate,wide,fixed_combo,4.0,0.0,False,False,True,gate,0.9943807711589644,0.498331484835825,0.4960492863231393
-0.6938425528389126,0.0,-0.4562676878377515,,-1.3290110482535853,,WTI/USD,5,5,3.668895314212321,False,False,False,False,0,False,-46.55592608707106,66.615011625613,-113.17093771268405,commodities,4h,MINMAXINDEX~SAREXT|gate,wide,fixed_combo,4.0,0.0,False,False,True,gate,0.9943807711589644,0.498331484835825,0.4960492863231393
-0.6938425528389126,0.0,-0.4562676878377515,,-1.3290110482535853,,WTI/USD,5,5,3.668895314212321,False,False,False,False,0,False,-46.55592608707106,66.615011625613,-113.17093771268405,commodities,4h,MINMAXINDEX~SIN|gate,wide,fixed_combo,4.0,0.0,False,False,True,gate,0.9943807711589644,0.498331484835825,0.4960492863231393
-0.6938425528389126,0.0,-0.4562676878377515,,-1.3290110482535853,,WTI/USD,5,5,3.668895314212321,False,False,False,False,0,False,-46.55592608707106,66.615011625613,-113.17093771268405,commodities,4h,MINMAXINDEX~TSF_21|gate,wide,fixed_combo,4.0,0.0,False,False,True,gate,0.9943807711589644,0.498331484835825,0.4960492863231393
-0.7030808079191465,0.0,-0.46376141012894784,,-1.3467063352001414,,WTI/USD,5,5,3.668895314212321,False,False,False,False,0,False,-47.05033472011686,66.615011625613,-113.66534634572986,commodities,4h,MINMAXINDEX~SIN|or,wide,fixed_combo,4.0,0.0,False,False,True,or,1.0,0.500823247464903,0.499176752535097
-0.7261070438243202,0.0,-0.427005058800607,,-1.3908116178647145,,WTI/USD,5,5,3.668895314212321,False,False,False,False,0,False,-32.982345095469725,66.615011625613,-99.59735672108272,commodities,4h,HT_DCPHASE~MINMAXINDEX|and,wide,fixed_combo,4.0,0.0,False,False,True,and,0.6426066189260805,0.3644928181833861,0.2781138007426943
-0.739703330747262,0.0,-0.2750054206154664,,-1.4168544361696487,,XAG/USD,5,5,3.668895314212321,False,False,False,False,0,False,-26.971935592130155,66.615011625613,-93.58694721774314,commodities,4h,SAR~TSF_21|vote,wide,fixed_combo,4.0,0.0,False,False,True,vote,0.6274645962700777,0.3262447228063483,0.30121987346372936
-0.7404475080356635,0.0,-0.2757544703231516,,-1.4182798601856568,,XAG/USD,5,5,3.668895314212321,False,False,False,False,0,False,-27.006148433427864,66.615011625613,-93.62116005904086,commodities,4h,SAREXT~TSF_21|and,wide,fixed_combo,4.0,0.0,False,False,True,and,0.6273950100592938,0.3261751365955644,0.30121987346372936
-0.7404475080356635,0.0,-0.2757544703231516,,-1.4182798601856568,,XAG/USD,5,5,3.668895314212321,False,False,False,False,0,False,-27.006148433427864,66.615011625613,-93.62116005904086,commodities,4h,SAREXT~TSF_21|vote,wide,fixed_combo,4.0,0.0,False,False,True,vote,0.6273950100592938,0.3261751365955644,0.30121987346372936
-0.7404475080356635,0.0,-0.2757544703231516,,-1.4182798601856568,,XAG/USD,5,5,3.668895314212321,False,False,False,False,0,False,-27.006148433427864,66.615011625613,-93.62116005904086,commodities,4h,SAR~TSF_21|and,wide,fixed_combo,4.0,0.0,False,False,True,and,0.6273950100592938,0.3261751365955644,0.30121987346372936
-0.7483403312104737,0.0,-0.15548965369944254,,-1.4333980583392802,,WTI/USD,5,5,3.668895314212321,False,False,False,False,0,False,7.236136583809229,66.615011625613,-59.37887504180377,commodities,4h,MAXINDEX~SIN|or,wide,fixed_combo,4.0,0.0,False,False,True,or,1.0,0.925626007253299,0.074373992746701
-0.7598095880274557,0.0,-0.4595061241088013,,-1.4553666864706334,,XPT/USD,5,5,3.668895314212321,False,False,False,False,0,False,-35.88818142290155,66.615011625613,-102.50319304851455,commodities,4h,HT_DCPHASE~MINMAXINDEX|vote,wide,fixed_combo,4.0,0.0,False,False,True,vote,0.6482258477671161,0.36839134519968453,0.2798345025674315
-0.8038476403312999,0.0,-0.5023847550981391,,-1.5397187600295554,,WTI/USD,5,5,3.668895314212321,False,False,False,False,0,False,-48.83536038204225,66.615011625613,-115.45037200765525,commodities,4h,MINMAXINDEX~MAXINDEX|gate,wide,fixed_combo,4.0,0.0,False,False,True,gate,0.8531663983880625,0.498331484835825,0.3548349135522374
-0.8437228215837245,0.0,-0.41912727526592414,,-1.616097120247958,,XAG/USD,5,5,3.668895314212321,False,False,False,False,0,False,-29.290248581457057,66.615011625613,-95.90526020707006,commodities,4h,MAMA~TSF_21|and,wide,fixed_combo,4.0,0.0,False,False,True,and,0.43159674773641366,0.228487473795402,0.20310927394101158
-0.8437228215837245,0.0,-0.41912727526592414,,-1.616097120247958,,XAG/USD,5,5,3.668895314212321,False,False,False,False,0,False,-29.290248581457057,66.615011625613,-95.90526020707006,commodities,4h,MAMA~TSF_21|vote,wide,fixed_combo,4.0,0.0,False,False,True,vote,0.43159674773641366,0.228487473795402,0.20310927394101158
-0.952405889583067,0.0,-0.4290700602610794,,-1.824272588210005,,XAG/USD,5,5,3.668895314212321,False,False,False,False,0,False,-14.570116261220969,66.615011625613,-81.18512788683397,commodities,4h,MAXINDEX~TSF_21|and,wide,fixed_combo,4.0,0.0,False,False,True,and,0.4053829597243347,0.4053829597243347,0.0
-1.0013899242831035,0.0,-0.547672662839039,,-1.9180983748211349,,XAG/USD,5,5,3.668895314212321,False,False,False,False,0,False,-54.94343370072136,66.615011625613,-121.55844532633435,commodities,4h,MINMAXINDEX~TSF_21|vote,wide,fixed_combo,4.0,0.0,False,False,True,vote,0.4844684754618783,0.2440675555823198,0.24040091987955856
-1.0100244780274141,0.0,-0.5585014125952361,,-1.9346373104571457,,XAG/USD,5,5,3.668895314212321,False,False,False,False,0,False,-55.096368016884284,66.615011625613,-121.71137964249728,commodities,4h,MINMAXINDEX~TSF_21|and,wide,fixed_combo,4.0,0.0,False,False,True,and,0.4788492466208427,0.24193125600746299,0.23691799061337976
-1.0267722545711728,0.0,-0.47768040622055585,,-1.9667166056362426,,XAG/USD,5,5,3.668895314212321,False,False,False,False,0,False,-62.26796713937415,66.615011625613,-128.88297876498714,commodities,4h,TSF_21~MAXINDEX|gate,wide,fixed_combo,4.0,0.0,False,False,True,gate,0.8544581659591044,0.4053829597243347,0.4490752062347697
-1.032998554353266,0.0,-0.5159326138222725,,-1.9786426847824172,,XAG/USD,5,5,3.668895314212321,False,False,False,False,0,False,-43.55383821736157,66.615011625613,-110.16884984297457,commodities,4h,HT_DCPHASE~TSF_21|and,wide,fixed_combo,4.0,0.0,False,False,True,and,0.35508451956080334,0.22230510081650615,0.13277941874429716
-1.032998554353266,0.0,-0.5159326138222725,,-1.9786426847824172,,XAG/USD,5,5,3.668895314212321,False,False,False,False,0,False,-43.55383821736157,66.615011625613,-110.16884984297457,commodities,4h,HT_DCPHASE~TSF_21|vote,wide,fixed_combo,4.0,0.0,False,False,True,vote,0.35508451956080334,0.22230510081650615,0.13277941874429716
-1.0714845535284343,0.0,-0.48803389983109513,,-2.0523601555509647,,XAG/USD,5,5,3.668895314212321,False,False,False,False,0,False,-25.63236364015139,66.615011625613,-92.24737526576439,commodities,4h,MAXINDEX~TSF_21|vote,wide,fixed_combo,4.0,0.0,False,False,True,vote,0.5509247937652303,0.5031988512920794,0.04772594247315086
-1.0830057231742636,0.0,-0.5154406549970467,,-2.074428219386862,,XAG/USD,5,5,3.668895314212321,False,False,False,False,0,False,-64.46757647698985,66.615011625613,-131.08258810260284,commodities,4h,TSF_21~HT_DCPHASE|gate,wide,fixed_combo,4.0,0.0,False,False,True,gate,1.0,0.5031988512920794,0.4968011487079206
-1.0830057231742636,0.0,-0.5154406549970467,,-2.074428219386862,,XAG/USD,5,5,3.668895314212321,False,False,False,False,0,False,-64.46757647698985,66.615011625613,-131.08258810260284,commodities,4h,TSF_21~MAMA|gate,wide,fixed_combo,4.0,0.0,False,False,True,gate,1.0,0.5031988512920794,0.4968011487079206
-1.0830057231742636,0.0,-0.5154406549970467,,-2.074428219386862,,XAG/USD,5,5,3.668895314212321,False,False,False,False,0,False,-64.46757647698985,66.615011625613,-131.08258810260284,commodities,4h,TSF_21~SAREXT|gate,wide,fixed_combo,4.0,0.0,False,False,True,gate,1.0,0.5031988512920794,0.4968011487079206
-1.0830057231742636,0.0,-0.5154406549970467,,-2.074428219386862,,XAG/USD,5,5,3.668895314212321,False,False,False,False,0,False,-64.46757647698985,66.615011625613,-131.08258810260284,commodities,4h,TSF_21~SIN|gate,wide,fixed_combo,4.0,0.0,False,False,True,gate,1.0,0.5031988512920794,0.4968011487079206
-1.0837200705833976,0.0,-0.5161598353103285,,-2.075796506176345,,XAG/USD,5,5,3.668895314212321,False,False,False,False,0,False,-64.47599459629244,66.615011625613,-131.09100622190545,commodities,4h,TSF_21~SAR|gate,wide,fixed_combo,4.0,0.0,False,False,True,gate,0.999930413789216,0.5031292650812954,0.4968011487079206
-1.0986640496174087,0.0,-0.5245564609241884,,-2.1044207425536166,,XAG/USD,5,5,3.668895314212321,False,False,False,False,0,False,-65.22930825348453,66.615011625613,-131.84431987909753,commodities,4h,TSF_21~MINMAXINDEX|gate,wide,fixed_combo,4.0,0.0,False,False,True,gate,0.9943807711589644,0.5010625517172226,0.49331821944174176
-1.103844258032002,0.0,-0.27379106815456045,,-2.114343100568532,,WTI/USD,5,5,3.668895314212321,False,False,False,False,0,False,-58.470220844361265,66.615011625613,-125.08523246997426,commodities,4h,SAR~SIN|and,wide,fixed_combo,4.0,0.0,False,False,True,and,0.5036429986351433,0.26291817014855623,0.240724828486587
-1.1048013547427602,0.0,-0.2745695579452358,,-2.116176358124789,,WTI/USD,5,5,3.668895314212321,False,False,False,False,0,False,-58.581154276609404,66.615011625613,-125.19616590222239,commodities,4h,SAREXT~SIN|and,wide,fixed_combo,4.0,0.0,False,False,True,and,0.5037125848459272,0.26291817014855623,0.2407944146973709
-1.1048013547427602,0.0,-0.2745695579452358,,-2.116176358124789,,WTI/USD,5,5,3.668895314212321,False,False,False,False,0,False,-58.581154276609404,66.615011625613,-125.19616590222239,commodities,4h,SAREXT~SIN|vote,wide,fixed_combo,4.0,0.0,False,False,True,vote,0.5037125848459272,0.26291817014855623,0.2407944146973709
-1.1048013547427602,0.0,-0.2745695579452358,,-2.116176358124789,,WTI/USD,5,5,3.668895314212321,False,False,False,False,0,False,-58.581154276609404,66.615011625613,-125.19616590222239,commodities,4h,SAR~SIN|vote,wide,fixed_combo,4.0,0.0,False,False,True,vote,0.5037125848459272,0.26291817014855623,0.2407944146973709
-1.202212907746412,0.0,-0.3951088484955614,,-2.302761959771291,,WTI/USD,5,5,3.668895314212321,False,False,False,False,0,False,-62.021078400257714,66.615011625613,-128.63609002587071,commodities,4h,MAMA~SIN|and,wide,fixed_combo,4.0,0.0,False,False,True,and,0.5044956874371648,0.2635211898054527,0.240974497631712
-1.202212907746412,0.0,-0.3951088484955614,,-2.302761959771291,,WTI/USD,5,5,3.668895314212321,False,False,False,False,0,False,-62.021078400257714,66.615011625613,-128.63609002587071,commodities,4h,MAMA~SIN|vote,wide,fixed_combo,4.0,0.0,False,False,True,vote,0.5044956874371648,0.2635211898054527,0.240974497631712
-1.3663989063279451,0.0,-0.543506424038007,,-2.617249742612804,,WTI/USD,5,5,3.668895314212321,False,False,False,False,0,False,-72.74104527628843,66.615011625613,-139.3560569019014,commodities,4h,MINMAXINDEX~SIN|and,wide,fixed_combo,4.0,0.0,False,False,True,and,0.5009770961445238,0.2514016954018681,0.2495754007426557
-1.3792079506919632,0.0,-0.4811242126465342,,-2.6417846481294776,,WTI/USD,5,5,3.668895314212321,False,False,False,False,0,False,-69.38090673735213,66.615011625613,-135.99591836296514,commodities,4h,HT_DCPHASE~SIN|and,wide,fixed_combo,4.0,0.0,False,False,True,and,0.5013839616986322,0.29403906804509583,0.20734489365353653
-1.3792079506919632,0.0,-0.4811242126465342,,-2.6417846481294776,,WTI/USD,5,5,3.668895314212321,False,False,False,False,0,False,-69.38090673735213,66.615011625613,-135.99591836296514,commodities,4h,HT_DCPHASE~SIN|vote,wide,fixed_combo,4.0,0.0,False,False,True,vote,0.5013839616986322,0.29403906804509583,0.20734489365353653
-1.3804562776505314,0.0,-0.5517587715220764,,-2.644175738605237,,WTI/USD,5,5,3.668895314212321,False,False,False,False,0,False,-73.0773930524458,66.615011625613,-139.69240467805878,commodities,4h,MINMAXINDEX~SIN|vote,wide,fixed_combo,4.0,0.0,False,False,True,vote,0.5065963249855594,0.25389345803094604,0.25270286695461336
-1.4637799047553899,0.0,-0.39130000253789277,,-2.8037768189221266,,WTI/USD,5,5,3.668895314212321,False,False,False,False,0,False,-44.951755976949656,66.615011625613,-111.56676760256265,commodities,4h,MAXINDEX~SIN|and,wide,fixed_combo,4.0,0.0,False,False,True,and,0.42919950231723514,0.42919950231723514,0.0
-1.487344373376211,0.0,-0.5718577402366452,,-2.8489130519409267,,XAG/USD,5,5,3.668895314212321,False,False,False,False,0,False,-77.3889888610491,66.615011625613,-144.0040004866621,commodities,4h,SIN~TSF_21|and,wide,fixed_combo,4.0,0.0,False,False,True,and,0.5002047332038883,0.2518854640536987,0.2483192691501896
-1.487344373376211,0.0,-0.5718577402366452,,-2.8489130519409267,,XAG/USD,5,5,3.668895314212321,False,False,False,False,0,False,-77.3889888610491,66.615011625613,-144.0040004866621,commodities,4h,SIN~TSF_21|vote,wide,fixed_combo,4.0,0.0,False,False,True,vote,0.5002047332038883,0.2518854640536987,0.2483192691501896
-1.6217467068764932,0.0,-0.44175501560927505,,-3.1063521285759514,,WTI/USD,5,5,3.668895314212321,False,False,False,False,0,False,-84.10866043178049,66.615011625613,-150.7236720573935,commodities,4h,SIN~MAXINDEX|gate,wide,fixed_combo,4.0,0.0,False,False,True,gate,0.8544581659591044,0.42919950231723514,0.42525866364186926
-1.7298045523675984,0.0,-0.46780370650774916,,-3.3133300227978686,,WTI/USD,5,5,3.668895314212321,False,False,False,False,0,False,-63.92407174561356,66.615011625613,-130.53908337122655,commodities,4h,MAXINDEX~SIN|vote,wide,fixed_combo,4.0,0.0,False,False,True,vote,0.5747413363581307,0.5003673436114298,0.074373992746701
-1.7695983434696074,0.0,-0.48671906853693586,,-3.3895524853869334,,WTI/USD,5,5,3.668895314212321,False,False,False,False,0,False,-88.96153693025133,66.615011625613,-155.57654855586432,commodities,4h,SIN~MINMAXINDEX|gate,wide,fixed_combo,4.0,0.0,False,False,True,gate,0.9943807711589644,0.4978755809823518,0.49650519017661254
-1.7751796428434368,0.0,-0.49339752691606187,,-3.4002431074900032,,WTI/USD,5,5,3.668895314212321,False,False,False,False,0,False,-88.89363141355952,66.615011625613,-155.5086430391725,commodities,4h,SIN~SAR|gate,wide,fixed_combo,4.0,0.0,False,False,True,gate,0.999930413789216,0.5003673436114298,0.49956307017778645
-1.7758263217309995,0.0,-0.49406337853292975,,-3.4014817795528893,,WTI/USD,5,5,3.668895314212321,False,False,False,False,0,False,-88.94609600845433,66.615011625613,-155.56110763406733,commodities,4h,SIN~HT_DCPHASE|gate,wide,fixed_combo,4.0,0.0,False,False,True,gate,1.0,0.5003673436114298,0.49963265638857035
-1.7758263217309995,0.0,-0.49406337853292975,,-3.4014817795528893,,WTI/USD,5,5,3.668895314212321,False,False,False,False,0,False,-88.94609600845433,66.615011625613,-155.56110763406733,commodities,4h,SIN~MAMA|gate,wide,fixed_combo,4.0,0.0,False,False,True,gate,1.0,0.5003673436114298,0.49963265638857035
-1.7758263217309995,0.0,-0.49406337853292975,,-3.4014817795528893,,WTI/USD,5,5,3.668895314212321,False,False,False,False,0,False,-88.94609600845433,66.615011625613,-155.56110763406733,commodities,4h,SIN~SAREXT|gate,wide,fixed_combo,4.0,0.0,False,False,True,gate,1.0,0.5003673436114298,0.49963265638857035
-1.7758263217309995,0.0,-0.49406337853292975,,-3.4014817795528893,,WTI/USD,5,5,3.668895314212321,False,False,False,False,0,False,-88.94609600845433,66.615011625613,-155.56110763406733,commodities,4h,SIN~TSF_21|gate,wide,fixed_combo,4.0,0.0,False,False,True,gate,1.0,0.5003673436114298,0.49963265638857035
-1.7758263217309995,0.0,-0.49406337853292975,,-3.4014817795528893,,WTI/USD,5,5,3.668895314212321,False,False,False,False,0,False,-88.94609600845433,66.615011625613,-155.56110763406733,commodities,4h,SIN~TSF_21|or,wide,fixed_combo,4.0,0.0,False,False,True,or,1.0,0.5003673436114298,0.49963265638857035
