ir_net,ir_hit_rate,ir_gross,headroom,t_stat,loo_retention,loo_dropped,n_assets,n_ir,years,legacy_gate_ir,legacy_gate_breadth,legacy_gate_headroom,legacy_gate_t,legacy_passed,legacy_gate_loo,net_return_pct,bench_return_pct,excess_return_pct,class,timeframe,rule,scenario,wf_mode,n_folds,n_switches,is_baseline,generic_fallback,rankable,op,exposure,long_frac,short_frac
0.03979867363194154,0.5,0.039798673631941534,4.955209460124782,0.18704900413577225,0.16972481466997258,GLD,10,10,22.088875298871415,False,False,True,False,1,False,898.1267422941379,866.1058399608401,32.02090233329784,us_etfs,1d,MININDEX~HT_DCPHASE|or,gross,fixed_combo,24.0,0.0,False,False,True,or,1.0,0.9785110279795404,0.021488972020459497
0.01799324809369803,0.7,0.01799324809369803,1.0523932213415372,0.08456611313782393,-0.6368185245789184,XLV,10,10,22.088875298871415,False,True,False,False,1,False,992.1023755599957,866.1058399608401,125.99653559915566,us_etfs,1d,MININDEX~HT_PHASOR|or,gross,fixed_combo,24.0,0.0,False,False,True,or,1.0,0.9448757359547185,0.05512426404528138
-0.01719340372700362,0.6,-0.01719340372700362,0.0,-0.08080694031620199,,GLD,10,10,22.088875298871415,False,False,False,False,0,False,844.7082686886613,866.1058399608401,-21.397571272178766,us_etfs,1d,MININDEX~HT_TRENDMODE|or,gross,fixed_combo,24.0,0.0,False,False,True,or,0.9610648212356028,0.9610648212356028,0.0
-0.01719340372700362,0.6,-0.01719340372700362,0.0,-0.08080694031620199,,GLD,10,10,22.088875298871415,False,False,False,False,0,False,844.7082686886613,866.1058399608401,-21.397571272178766,us_etfs,1d,MININDEX~HT_TRENDMODE|vote,gross,fixed_combo,24.0,0.0,False,False,True,vote,0.9610648212356028,0.9610648212356028,0.0
-0.01793255728469037,0.5,-0.01793255728469037,0.0,-0.0842808735971784,,EFA,10,10,22.088875298871415,False,False,False,False,0,False,767.5897569545219,866.1058399608401,-98.51608300631813,us_etfs,1d,MAXINDEX~TAN|or,gross,fixed_combo,24.0,0.0,False,False,True,or,1.0,0.9319660908268306,0.06803390917316948
-0.033210795817364816,0.3,-0.033210795817364816,0.0,-0.1560867666506581,,SPY,10,10,22.088875298871415,False,False,False,False,0,False,932.5172952691571,866.1058399608401,66.41145530831704,us_etfs,1d,HT_TRENDMODE~HT_PHASOR|or,gross,fixed_combo,24.0,0.0,False,False,True,or,1.0,0.8623061194940611,0.13769388050593884
-0.07861726785726217,0.3,-0.07861726785726218,0.0,-0.36949175232749487,,GLD,10,10,22.088875298871415,False,False,False,False,0,False,694.2236352604319,866.1058399608401,-171.88220470040812,us_etfs,1d,MININDEX~TAN|or,gross,fixed_combo,24.0,0.0,False,False,True,or,1.0,0.9339211688627579,0.06607883113724218
-0.0790577553522747,0.4,-0.07905775535227472,0.0,-0.3715619908494699,,EFA,10,10,22.088875298871415,False,False,False,False,0,False,771.7204571608253,866.1058399608401,-94.38538280001478,us_etfs,1d,MAXINDEX~HT_TRENDMODE|or,gross,fixed_combo,24.0,0.0,False,False,True,or,0.9471151748240777,0.9471151748240777,0.0
-0.0790577553522747,0.4,-0.07905775535227472,0.0,-0.3715619908494699,,EFA,10,10,22.088875298871415,False,False,False,False,0,False,771.7204571608253,866.1058399608401,-94.38538280001478,us_etfs,1d,MAXINDEX~HT_TRENDMODE|vote,gross,fixed_combo,24.0,0.0,False,False,True,vote,0.9471151748240777,0.9471151748240777,0.0
-0.0898671411107856,0.4,-0.08986714111078561,0.0,-0.42236481056520386,,EFA,10,10,22.088875298871415,False,False,False,False,0,False,614.1435111418759,866.1058399608401,-251.96232881896412,us_etfs,1d,MAXINDEX~AVGDEV|or,gross,fixed_combo,24.0,0.0,False,False,True,or,1.0,0.9249994869258271,0.0750005130741729
-0.0946132133056893,0.3,-0.0946132133056893,0.0,-0.444670782010964,,XLE,10,10,22.088875298871415,False,False,False,False,0,False,656.0806481798245,866.1058399608401,-210.02519178101556,us_etfs,1d,HT_TRENDMODE~TAN|or,gross,fixed_combo,24.0,0.0,False,False,True,or,1.0,0.8570717929477812,0.14292820705221881
-0.10705732457679977,0.2,-0.1070573245767998,0.0,-0.5031566160400616,,XLF,10,10,22.088875298871415,False,False,False,False,0,False,504.4751345808494,866.1058399608401,-361.6307053799907,us_etfs,1d,MAXINDEX~HT_PHASOR|or,gross,fixed_combo,24.0,0.0,False,False,True,or,1.0,0.92517695613233,0.07482304386766994
-0.12860874407537587,0.3,-0.12860874407537587,0.0,-0.6044457090435428,,GLD,10,10,22.088875298871415,False,False,False,False,0,False,536.7244054601268,866.1058399608401,-329.3814345007132,us_etfs,1d,MININDEX~AVGDEV|or,gross,fixed_combo,24.0,0.0,False,False,True,or,1.0,0.8953057878769604,0.10469421212303953
-0.1310284079931335,0.2,-0.13102840799313348,0.0,-0.6158178399428144,,GLD,10,10,22.088875298871415,False,False,False,False,0,False,452.68819468364836,866.1058399608401,-413.4176452771917,us_etfs,1d,IS#1[combo],gross,wf_combo,22.5,16.0,False,False,True,,,,
-0.13236791671910617,0.1,-0.13236791671910617,0.0,-0.6221133706818909,,TLT,10,10,22.088875298871415,False,False,False,False,0,False,417.80906603884523,866.1058399608401,-448.2967739219948,us_etfs,1d,MAXINDEX~HT_DCPHASE|or,gross,fixed_combo,24.0,0.0,False,False,True,or,1.0,0.9029692885410718,0.09703071145892814
-0.15356644138617587,0.2,-0.15356644138617587,0.0,-0.721743900201363,,EFA,10,10,22.088875298871415,False,False,False,False,0,False,555.5074083101957,866.1058399608401,-310.59843165064433,us_etfs,1d,MAXINDEX~TAN|vote,gross,fixed_combo,24.0,0.0,False,False,True,vote,0.5860958773411353,0.5180619681679659,0.06803390917316948
-0.16103492831408805,0.1,-0.16103492831408805,0.0,-0.7568448951537634,,XLF,10,10,22.088875298871415,False,False,False,False,0,False,428.0014171957244,866.1058399608401,-438.10442276511566,us_etfs,1d,HT_TRENDMODE~AVGDEV|or,gross,fixed_combo,24.0,0.0,False,False,True,or,1.0,0.8156065064955591,0.18439349350444095
-0.162422247589263,0.2,-0.162422247589263,0.0,-0.7633651297535307,,TLT,10,10,22.088875298871415,False,False,False,False,0,False,520.6019782395568,866.1058399608401,-345.5038617212832,us_etfs,1d,MININDEX~HT_PHASOR|vote,gross,fixed_combo,24.0,0.0,False,False,True,vote,0.6079026352256122,0.5527783711803308,0.05512426404528138
-0.16613515988742455,0.1,-0.16613515988742455,0.0,-0.780815373302783,,XLF,10,10,22.088875298871415,False,False,False,False,0,False,516.4847081361056,866.1058399608401,-349.62113182473445,us_etfs,1d,HT_TRENDMODE~HT_PHASOR|vote,gross,fixed_combo,24.0,0.0,False,False,True,vote,0.6904722516862696,0.5527783711803308,0.13769388050593884
-0.17024419648950928,0.1,-0.17024419648950925,0.0,-0.8001273536839716,,SPY,10,10,22.088875298871415,False,False,False,False,0,False,472.74532609316884,866.1058399608401,-393.3605138676712,us_etfs,1d,HT_TRENDMODE~MINMAXINDEX|or,gross,fixed_combo,24.0,0.0,False,False,True,or,0.9979414685434234,0.8359340295905738,0.16200743895284958
-0.17254536485989064,0.1,-0.1725453648598907,0.0,-0.8109425696886355,,XLF,10,10,22.088875298871415,False,False,False,False,0,False,335.8803185903212,866.1058399608401,-530.2255213705189,us_etfs,1d,MAXINDEX~MINMAXINDEX|or,gross,fixed_combo,24.0,0.0,False,False,True,or,0.9968560371740687,0.8674751935653646,0.12938084360870397
-0.17459491676005331,0.1,-0.17459491676005331,0.0,-0.820575218389328,,XLE,10,10,22.088875298871415,False,False,False,False,0,False,547.333333631396,866.1058399608401,-318.772506329444,us_etfs,1d,HT_TRENDMODE~TAN|vote,gross,fixed_combo,24.0,0.0,False,False,True,vote,0.6609901752201848,0.5180619681679659,0.14292820705221881
-0.17674430919265813,0.3,-0.17674430919265813,0.0,-0.8306771056465211,,TLT,10,10,22.088875298871415,False,False,False,False,0,False,528.6672626994862,866.1058399608401,-337.4385772613539,us_etfs,1d,MININDEX~TAN|vote,gross,fixed_combo,24.0,0.0,False,False,True,vote,0.5841407993052081,0.5180619681679659,0.06607883113724218
-0.1792150537247836,0.3,-0.17921505372478358,0.0,-0.8422893093214965,,XLE,10,10,22.088875298871415,False,False,False,False,0,False,275.1546270929326,866.1058399608401,-590.9512128679074,us_etfs,1d,TAN~AVGDEV|gate,gross,fixed_combo,24.0,0.0,False,False,True,gate,1.0,0.5180619681679659,0.48193803183203404
-0.1792150537247836,0.3,-0.17921505372478358,0.0,-0.8422893093214965,,XLE,10,10,22.088875298871415,False,False,False,False,0,False,275.1546270929326,866.1058399608401,-590.9512128679074,us_etfs,1d,TAN~AVGDEV|or,gross,fixed_combo,24.0,0.0,False,False,True,or,1.0,0.5180619681679659,0.48193803183203404
-0.1792150537247836,0.3,-0.17921505372478358,0.0,-0.8422893093214965,,XLE,10,10,22.088875298871415,False,False,False,False,0,False,275.1546270929326,866.1058399608401,-590.9512128679074,us_etfs,1d,TAN~HT_PHASOR|gate,gross,fixed_combo,24.0,0.0,False,False,True,gate,1.0,0.5180619681679659,0.48193803183203404
-0.1792150537247836,0.3,-0.17921505372478358,0.0,-0.8422893093214965,,XLE,10,10,22.088875298871415,False,False,False,False,0,False,275.1546270929326,866.1058399608401,-590.9512128679074,us_etfs,1d,TAN~HT_PHASOR|or,gross,fixed_combo,24.0,0.0,False,False,True,or,1.0,0.5180619681679659,0.48193803183203404
-0.1792150537247836,0.3,-0.17921505372478358,0.0,-0.8422893093214965,,XLE,10,10,22.088875298871415,False,False,False,False,0,False,275.1546270929326,866.1058399608401,-590.9512128679074,us_etfs,1d,TAN~MINMAXINDEX|or,gross,fixed_combo,24.0,0.0,False,False,True,or,1.0,0.5180619681679659,0.48193803183203404
-0.17930179579823077,0.3,-0.17930179579823075,0.0,-0.8426969866879588,,XLE,10,10,22.088875298871415,False,False,False,False,0,False,275.10438732796194,866.1058399608401,-591.0014526328781,us_etfs,1d,TAN~HT_DCPHASE|gate,gross,fixed_combo,24.0,0.0,False,False,True,gate,1.0,0.5180619681679659,0.48193803183203404
-0.17964042058686278,0.3,-0.17964042058686278,0.0,-0.8442884826778772,,XLE,10,10,22.088875298871415,False,False,False,False,0,False,268.8697270272474,866.1058399608401,-597.2361129335927,us_etfs,1d,TAN~MINMAXINDEX|gate,gross,fixed_combo,24.0,0.0,False,False,True,gate,0.9952492914056638,0.515503271523867,0.47974601988179694
-0.18174082721640947,0.1,-0.1817408272164095,0.0,-0.8541601425218767,,XLF,10,10,22.088875298871415,False,False,False,False,0,False,553.5746809681831,866.1058399608401,-312.53115899265697,us_etfs,1d,MAXINDEX~AVGDEV|gate,gross,fixed_combo,24.0,0.0,False,False,True,gate,0.8674751935653646,0.8674751935653646,0.0
-0.18174082721640947,0.1,-0.1817408272164095,0.0,-0.8541601425218767,,XLF,10,10,22.088875298871415,False,False,False,False,0,False,553.5746809681831,866.1058399608401,-312.53115899265697,us_etfs,1d,MAXINDEX~HT_PHASOR|gate,gross,fixed_combo,24.0,0.0,False,False,True,gate,0.8674751935653646,0.8674751935653646,0.0
-0.18174082721640947,0.1,-0.1817408272164095,0.0,-0.8541601425218767,,XLF,10,10,22.088875298871415,False,False,False,False,0,False,553.5746809681831,866.1058399608401,-312.53115899265697,us_etfs,1d,MAXINDEX~TAN|gate,gross,fixed_combo,24.0,0.0,False,False,True,gate,0.8674751935653646,0.8674751935653646,0.0
-0.1820657632924235,0.1,-0.1820657632924235,0.0,-0.8556873032003529,,XLF,10,10,22.088875298871415,False,False,False,False,0,False,553.0867796546056,866.1058399608401,-313.01906030623445,us_etfs,1d,MAXINDEX~HT_DCPHASE|gate,gross,fixed_combo,24.0,0.0,False,False,True,gate,0.8674751935653646,0.8674751935653646,0.0
-0.18427726346737291,0.2,-0.18427726346737297,0.0,-0.8660810894153382,,GLD,10,10,22.088875298871415,False,False,False,False,0,False,831.7446882043117,866.1058399608401,-34.36115175652833,us_etfs,1d,MAXINDEX~MININDEX|or,gross,fixed_combo,24.0,0.0,False,False,True,or,0.9968560371740687,0.9968560371740687,0.0
-0.18427726346737291,0.2,-0.18427726346737297,0.0,-0.8660810894153382,,GLD,10,10,22.088875298871415,False,False,False,False,0,False,831.7446882043117,866.1058399608401,-34.36115175652833,us_etfs,1d,MAXINDEX~MININDEX|vote,gross,fixed_combo,24.0,0.0,False,False,True,vote,0.9968560371740687,0.9968560371740687,0.0
-0.18427726346737291,0.2,-0.18427726346737297,0.0,-0.8660810894153382,,GLD,10,10,22.088875298871415,False,False,False,False,0,False,831.7446882043117,866.1058399608401,-34.36115175652833,us_etfs,1d,MININDEX~MINMAXINDEX|or,gross,fixed_combo,24.0,0.0,False,False,True,or,0.9968560371740687,0.9968560371740687,0.0
-0.18712369618789135,0.1,-0.18712369618789135,0.0,-0.8794589826244511,,XLF,10,10,22.088875298871415,False,False,False,False,0,False,538.7796155820291,866.1058399608401,-327.32622437881093,us_etfs,1d,MAXINDEX~MINMAXINDEX|gate,gross,fixed_combo,24.0,0.0,False,False,True,gate,0.8658684477969599,0.8658684477969599,0.0
-0.18792903259895527,0.1,-0.18792903259895527,0.0,-0.8832439673974835,,TLT,10,10,22.088875298871415,False,False,False,False,0,False,156.62294169212643,866.1058399608401,-709.4828982687136,us_etfs,1d,HT_PHASOR~AVGDEV|gate,gross,fixed_combo,24.0,0.0,False,False,True,gate,1.0,0.5527783711803308,0.4472216288196692
-0.18792903259895527,0.1,-0.18792903259895527,0.0,-0.8832439673974835,,TLT,10,10,22.088875298871415,False,False,False,False,0,False,156.62294169212643,866.1058399608401,-709.4828982687136,us_etfs,1d,HT_PHASOR~AVGDEV|or,gross,fixed_combo,24.0,0.0,False,False,True,or,1.0,0.5527783711803308,0.4472216288196692
-0.18792903259895527,0.1,-0.18792903259895527,0.0,-0.8832439673974835,,TLT,10,10,22.088875298871415,False,False,False,False,0,False,156.62294169212643,866.1058399608401,-709.4828982687136,us_etfs,1d,HT_PHASOR~MINMAXINDEX|or,gross,fixed_combo,24.0,0.0,False,False,True,or,1.0,0.5527783711803308,0.4472216288196692
-0.18792903259895527,0.1,-0.18792903259895527,0.0,-0.8832439673974835,,TLT,10,10,22.088875298871415,False,False,False,False,0,False,156.62294169212643,866.1058399608401,-709.4828982687136,us_etfs,1d,HT_PHASOR~TAN|gate,gross,fixed_combo,24.0,0.0,False,False,True,gate,1.0,0.5527783711803308,0.4472216288196692
-0.18801437697444215,0.1,-0.18801437697444215,0.0,-0.8836450757507679,,TLT,10,10,22.088875298871415,False,False,False,False,0,False,156.24691486234147,866.1058399608401,-709.8589250984986,us_etfs,1d,HT_PHASOR~HT_DCPHASE|gate,gross,fixed_combo,24.0,0.0,False,False,True,gate,1.0,0.5527783711803308,0.4472216288196692
-0.1894596070262306,0.2,-0.1894596070262306,0.0,-0.8904374840715608,,TLT,10,10,22.088875298871415,False,False,False,False,0,False,381.7572204114729,866.1058399608401,-484.3486195493672,us_etfs,1d,MAXINDEX~HT_PHASOR|vote,gross,fixed_combo,24.0,0.0,False,False,True,vote,0.6276014150480007,0.5527783711803308,0.07482304386766994
-0.1924248425646246,0.2,-0.1924248425646246,0.0,-0.9043737363098628,,TLT,10,10,22.088875298871415,False,False,False,False,0,False,572.7816572008603,866.1058399608401,-293.32418275997975,us_etfs,1d,MININDEX~AVGDEV|gate,gross,fixed_combo,24.0,0.0,False,False,True,gate,0.8542787465232611,0.8542787465232611,0.0
-0.1924248425646246,0.2,-0.1924248425646246,0.0,-0.9043737363098628,,TLT,10,10,22.088875298871415,False,False,False,False,0,False,572.7816572008603,866.1058399608401,-293.32418275997975,us_etfs,1d,MININDEX~HT_DCPHASE|gate,gross,fixed_combo,24.0,0.0,False,False,True,gate,0.8542787465232611,0.8542787465232611,0.0
-0.1924248425646246,0.2,-0.1924248425646246,0.0,-0.9043737363098628,,TLT,10,10,22.088875298871415,False,False,False,False,0,False,572.7816572008603,866.1058399608401,-293.32418275997975,us_etfs,1d,MININDEX~HT_PHASOR|gate,gross,fixed_combo,24.0,0.0,False,False,True,gate,0.8542787465232611,0.8542787465232611,0.0
-0.1924248425646246,0.2,-0.1924248425646246,0.0,-0.9043737363098628,,TLT,10,10,22.088875298871415,False,False,False,False,0,False,572.7816572008603,866.1058399608401,-293.32418275997975,us_etfs,1d,MININDEX~TAN|gate,gross,fixed_combo,24.0,0.0,False,False,True,gate,0.8542787465232611,0.8542787465232611,0.0
-0.19271475858187548,0.1,-0.1927147585818755,0.0,-0.9057363069023225,,TLT,10,10,22.088875298871415,False,False,False,False,0,False,144.5804570427287,866.1058399608401,-721.5253829181113,us_etfs,1d,HT_PHASOR~MINMAXINDEX|gate,gross,fixed_combo,24.0,0.0,False,False,True,gate,0.9952492914056638,0.5501512959172421,0.4450979954884217
-0.2009595856161317,0.2,-0.2009595856161317,0.0,-0.9444860074649963,,TLT,10,10,22.088875298871415,False,False,False,False,0,False,560.0494527201824,866.1058399608401,-306.0563872406576,us_etfs,1d,MININDEX~MINMAXINDEX|gate,gross,fixed_combo,24.0,0.0,False,False,True,gate,0.8526720007548562,0.8526720007548562,0.0
-0.20258562514973813,0.0,-0.20258562514973813,0.0,-0.9521281987163746,,TLT,10,10,22.088875298871415,False,False,False,False,0,False,170.79913798053465,866.1058399608401,-695.3067019803054,us_etfs,1d,HT_PHASOR~MAXINDEX|gate,gross,fixed_combo,24.0,0.0,False,False,True,gate,0.8674751935653646,0.4950766086133654,0.3723985849519993
-0.20600139424828354,0.3,-0.20600139424828354,0.0,-0.9681819047807868,,XLE,10,10,22.088875298871415,False,False,False,False,0,False,220.87180162734307,866.1058399608401,-645.234038333497,us_etfs,1d,TAN~MININDEX|gate,gross,fixed_combo,24.0,0.0,False,False,True,gate,0.8542787465232611,0.4384195458284691,0.41585920069479193
-0.20826403006295796,0.0,-0.20826403006295796,0.0,-0.9788160223840707,,TLT,10,10,22.088875298871415,False,False,False,False,0,False,374.12886186869366,866.1058399608401,-491.9769780921464,us_etfs,1d,HT_DCPHASE~HT_TRENDMODE|vote,gross,fixed_combo,24.0,0.0,False,False,True,vote,0.71692865113983,0.596541557919116,0.12038709322071398
-0.21014685549229983,0.1,-0.21014685549229983,0.0,-0.9876650766208244,,TLT,10,10,22.088875298871415,False,False,False,False,0,False,212.3832954236499,866.1058399608401,-653.7225445371902,us_etfs,1d,TAN~HT_PHASOR|and,gross,fixed_combo,24.0,0.0,False,False,True,and,0.5089521672146228,0.28989625328145974,0.21905591393316307
-0.21014685549229983,0.1,-0.21014685549229983,0.0,-0.9876650766208244,,TLT,10,10,22.088875298871415,False,False,False,False,0,False,212.3832954236499,866.1058399608401,-653.7225445371902,us_etfs,1d,TAN~HT_PHASOR|vote,gross,fixed_combo,24.0,0.0,False,False,True,vote,0.5089521672146228,0.28989625328145974,0.21905591393316307
-0.22178940333627337,0.0,-0.22178940333627334,0.0,-1.0423836584499067,,TLT,10,10,22.088875298871415,False,False,False,False,0,False,428.307697532976,866.1058399608401,-437.79814242786404,us_etfs,1d,MININDEX~HT_DCPHASE|vote,gross,fixed_combo,24.0,0.0,False,False,True,vote,0.6180305299395755,0.596541557919116,0.021488972020459497
-0.22509222964094472,0.0,-0.22509222964094472,0.0,-1.0579065468967814,,EFA,10,10,22.088875298871415,False,False,False,False,0,False,170.62042132429133,866.1058399608401,-695.4854186365487,us_etfs,1d,TAN~HT_TRENDMODE|gate,gross,fixed_combo,24.0,0.0,False,False,True,gate,0.7170558734743261,0.3780460486945108,0.3390098247798153
-0.22889740490682278,0.0,-0.22889740490682278,0.0,-1.0757904153549838,,XLF,10,10,22.088875298871415,False,False,False,False,0,False,415.61152490362565,866.1058399608401,-450.4943150572144,us_etfs,1d,MAXINDEX~HT_PHASOR|and,gross,fixed_combo,24.0,0.0,False,False,True,and,0.4950766086133654,0.4950766086133654,0.0
-0.2304621420323007,0.2,-0.23046214203230067,0.0,-1.0831444926230265,,XLE,10,10,22.088875298871415,False,False,False,False,0,False,201.88367080397953,866.1058399608401,-664.2221691568606,us_etfs,1d,TAN~MAXINDEX|gate,gross,fixed_combo,24.0,0.0,False,False,True,gate,0.8674751935653646,0.45357107090650006,0.4139041226588646
-0.23083251019863632,0.1,-0.23083251019863638,0.0,-1.0848851786900382,,TLT,10,10,22.088875298871415,False,False,False,False,0,False,429.41349280688894,866.1058399608401,-436.6923471539511,us_etfs,1d,MININDEX~TAN|and,gross,fixed_combo,24.0,0.0,False,False,True,and,0.4384195458284691,0.4384195458284691,0.0
-0.23552912998411682,0.1,-0.23552912998411685,0.0,-1.1069587297285188,,TLT,10,10,22.088875298871415,False,False,False,False,0,False,272.41987918286424,866.1058399608401,-593.6859607779759,us_etfs,1d,MAXINDEX~HT_DCPHASE|vote,gross,fixed_combo,24.0,0.0,False,False,True,vote,0.6935722693780442,0.596541557919116,0.09703071145892814
-0.23690471911110772,0.0,-0.23690471911110778,0.0,-1.1134238340353402,,XLF,10,10,22.088875298871415,False,False,False,False,0,False,535.5211894354903,866.1058399608401,-330.58465052534973,us_etfs,1d,HT_TRENDMODE~AVGDEV|gate,gross,fixed_combo,24.0,0.0,False,False,True,gate,0.7170558734743261,0.7170558734743261,0.0
-0.23690471911110772,0.0,-0.23690471911110778,0.0,-1.1134238340353402,,XLF,10,10,22.088875298871415,False,False,False,False,0,False,535.5211894354903,866.1058399608401,-330.58465052534973,us_etfs,1d,HT_TRENDMODE~HT_PHASOR|gate,gross,fixed_combo,24.0,0.0,False,False,True,gate,0.7170558734743261,0.7170558734743261,0.0
-0.23690471911110772,0.0,-0.23690471911110778,0.0,-1.1134238340353402,,XLF,10,10,22.088875298871415,False,False,False,False,0,False,535.5211894354903,866.1058399608401,-330.58465052534973,us_etfs,1d,HT_TRENDMODE~TAN|gate,gross,fixed_combo,24.0,0.0,False,False,True,gate,0.7170558734743261,0.7170558734743261,0.0
-0.23721275085925866,0.0,-0.23721275085925866,0.0,-1.1148715463954726,,XLF,10,10,22.088875298871415,False,False,False,False,0,False,535.0822461633379,866.1058399608401,-331.02359379750214,us_etfs,1d,HT_TRENDMODE~HT_DCPHASE|gate,gross,fixed_combo,24.0,0.0,False,False,True,gate,0.7170558734743261,0.7170558734743261,0.0
-0.2392112958302195,0.1,-0.2392112958302195,0.0,-1.124264468631925,,TLT,10,10,22.088875298871415,False,False,False,False,0,False,75.54057739070755,866.1058399608401,-790.5652625701325,us_etfs,1d,HT_PHASOR~MININDEX|gate,gross,fixed_combo,24.0,0.0,False,False,True,gate,0.8542787465232611,0.46218138174887324,0.39209736477438784
-0.23946837144804226,0.1,-0.23946837144804226,0.0,-1.1254726932764454,,TLT,10,10,22.088875298871415,False,False,False,False,0,False,142.66144901663722,866.1058399608401,-723.4443909442028,us_etfs,1d,HT_DCPHASE~HT_PHASOR|vote,gross,fixed_combo,24.0,0.0,False,False,True,vote,0.6006580824732837,0.37498900578636524,0.2256690766869184
-0.23956348775512462,0.1,-0.23956348775512462,0.0,-1.1259197285390112,,TLT,10,10,22.088875298871415,False,False,False,False,0,False,142.51450022540672,866.1058399608401,-723.5913397354334,us_etfs,1d,HT_DCPHASE~HT_PHASOR|and,gross,fixed_combo,24.0,0.0,False,False,True,and,0.6006580824732837,0.37498900578636524,0.2256690766869184
-0.24176537860844022,0.1,-0.24176537860844022,0.0,-1.1362683520920787,,TLT,10,10,22.088875298871415,False,False,False,False,0,False,388.681828183843,866.1058399608401,-477.4240117769971,us_etfs,1d,MAXINDEX~MININDEX|and,gross,fixed_combo,24.0,0.0,False,False,True,and,0.7248979029145571,0.7248979029145571,0.0
-0.24176537860844022,0.1,-0.24176537860844022,0.0,-1.1362683520920787,,TLT,10,10,22.088875298871415,False,False,False,False,0,False,388.681828183843,866.1058399608401,-477.4240117769971,us_etfs,1d,MAXINDEX~MININDEX|gate,gross,fixed_combo,24.0,0.0,False,False,True,gate,0.7248979029145571,0.7248979029145571,0.0
-0.24176537860844022,0.1,-0.24176537860844022,0.0,-1.1362683520920787,,TLT,10,10,22.088875298871415,False,False,False,False,0,False,388.681828183843,866.1058399608401,-477.4240117769971,us_etfs,1d,MININDEX~MAXINDEX|gate,gross,fixed_combo,24.0,0.0,False,False,True,gate,0.7248979029145571,0.7248979029145571,0.0
-0.24266971714358618,0.0,-0.24266971714358618,0.0,-1.140518635002635,,TLT,10,10,22.088875298871415,False,False,False,False,0,False,89.16287268160652,866.1058399608401,-776.9429672792336,us_etfs,1d,HT_DCPHASE~AVGDEV|or,gross,fixed_combo,24.0,0.0,False,False,True,or,1.0,0.596541557919116,0.403458442080884
-0.24266971714358618,0.0,-0.24266971714358618,0.0,-1.140518635002635,,TLT,10,10,22.088875298871415,False,False,False,False,0,False,89.16287268160652,866.1058399608401,-776.9429672792336,us_etfs,1d,HT_DCPHASE~HT_PHASOR|or,gross,fixed_combo,24.0,0.0,False,False,True,or,1.0,0.596541557919116,0.403458442080884
-0.24266971714358618,0.0,-0.24266971714358618,0.0,-1.140518635002635,,TLT,10,10,22.088875298871415,False,False,False,False,0,False,89.16287268160652,866.1058399608401,-776.9429672792336,us_etfs,1d,HT_DCPHASE~HT_TRENDMODE|or,gross,fixed_combo,24.0,0.0,False,False,True,or,1.0,0.596541557919116,0.403458442080884
-0.24266971714358618,0.0,-0.24266971714358618,0.0,-1.140518635002635,,TLT,10,10,22.088875298871415,False,False,False,False,0,False,89.16287268160652,866.1058399608401,-776.9429672792336,us_etfs,1d,HT_DCPHASE~MINMAXINDEX|or,gross,fixed_combo,24.0,0.0,False,False,True,or,1.0,0.596541557919116,0.403458442080884
-0.24266971714358618,0.0,-0.24266971714358618,0.0,-1.140518635002635,,TLT,10,10,22.088875298871415,False,False,False,False,0,False,89.16287268160652,866.1058399608401,-776.9429672792336,us_etfs,1d,HT_DCPHASE~TAN|or,gross,fixed_combo,24.0,0.0,False,False,True,or,1.0,0.596541557919116,0.403458442080884
-0.24275753842759892,0.0,-0.24275753842759892,0.0,-1.1409313845296274,,TLT,10,10,22.088875298871415,False,False,False,False,0,False,89.13389857231131,866.1058399608401,-776.9719413885288,us_etfs,1d,HT_DCPHASE~AVGDEV|gate,gross,fixed_combo,24.0,0.0,False,False,True,gate,1.0,0.596541557919116,0.403458442080884
-0.24275753842759892,0.0,-0.24275753842759892,0.0,-1.1409313845296274,,TLT,10,10,22.088875298871415,False,False,False,False,0,False,89.13389857231131,866.1058399608401,-776.9719413885288,us_etfs,1d,HT_DCPHASE~HT_PHASOR|gate,gross,fixed_combo,24.0,0.0,False,False,True,gate,1.0,0.596541557919116,0.403458442080884
-0.24275753842759892,0.0,-0.24275753842759892,0.0,-1.1409313845296274,,TLT,10,10,22.088875298871415,False,False,False,False,0,False,89.13389857231131,866.1058399608401,-776.9719413885288,us_etfs,1d,HT_DCPHASE~TAN|gate,gross,fixed_combo,24.0,0.0,False,False,True,gate,1.0,0.596541557919116,0.403458442080884
-0.24389583843366403,0.0,-0.24389583843366403,0.0,-1.1462812583598783,,TLT,10,10,22.088875298871415,False,False,False,False,0,False,213.93966632240995,866.1058399608401,-652.1661736384301,us_etfs,1d,HT_DCPHASE~TAN|vote,gross,fixed_combo,24.0,0.0,False,False,True,vote,0.5078903500403038,0.3112469380636929,0.196643411976611
-0.2439964693262216,0.0,-0.2439964693262216,0.0,-1.1467542115143543,,TLT,10,10,22.088875298871415,False,False,False,False,0,False,213.87771995580187,866.1058399608401,-652.2281200050381,us_etfs,1d,HT_DCPHASE~TAN|and,gross,fixed_combo,24.0,0.0,False,False,True,and,0.5078903500403038,0.3112469380636929,0.196643411976611
-0.24801923468536802,0.0,-0.24801923468536802,0.0,-1.1656607273761372,,XLF,10,10,22.088875298871415,False,False,False,False,0,False,514.037634900655,866.1058399608401,-352.06820506018505,us_etfs,1d,HT_TRENDMODE~MINMAXINDEX|gate,gross,fixed_combo,24.0,0.0,False,False,True,gate,0.7143636963365665,0.7143636963365665,0.0
-0.24855410737829509,0.0,-0.24855410737829509,0.0,-1.1681745650350668,,TLT,10,10,22.088875298871415,False,False,False,False,0,False,126.85020960797358,866.1058399608401,-739.2556303528664,us_etfs,1d,HT_DCPHASE~MAXINDEX|gate,gross,fixed_combo,24.0,0.0,False,False,True,gate,0.8674751935653646,0.5610474629434088,0.3064277306219559
-0.2494235427355262,0.0,-0.2494235427355262,0.0,-1.1722608071856089,,TLT,10,10,22.088875298871415,False,False,False,False,0,False,80.33825074870522,866.1058399608401,-785.7675892121348,us_etfs,1d,HT_DCPHASE~MINMAXINDEX|gate,gross,fixed_combo,24.0,0.0,False,False,True,gate,0.9952492914056638,0.5935492329202596,0.40170005848540413
-0.2513250876654832,0.1,-0.2513250876654832,0.0,-1.1811978408354546,,TLT,10,10,22.088875298871415,False,False,False,False,0,False,392.00449169639785,866.1058399608401,-474.1013482644422,us_etfs,1d,MAXINDEX~TAN|and,gross,fixed_combo,24.0,0.0,False,False,True,and,0.45357107090650006,0.45357107090650006,0.0
-0.2568605458072582,0.1,-0.2568605458072582,0.0,-1.2072138317810241,,TLT,10,10,22.088875298871415,False,False,False,False,0,False,71.70393140789334,866.1058399608401,-794.4019085529467,us_etfs,1d,HT_PHASOR~HT_TRENDMODE|gate,gross,fixed_combo,24.0,0.0,False,False,True,gate,0.7170558734743261,0.40752812516059567,0.30952774831373037
-0.2606564917742362,0.1,-0.2606564917742362,0.0,-1.225054323638687,,TLT,10,10,22.088875298871415,False,False,False,False,0,False,304.1750259508956,866.1058399608401,-561.9308140099445,us_etfs,1d,MININDEX~HT_PHASOR|and,gross,fixed_combo,24.0,0.0,False,False,True,and,0.46218138174887324,0.46218138174887324,0.0
-0.2638463079819568,0.0,-0.26384630798195685,0.0,-1.240046078151617,,EFA,10,10,22.088875298871415,False,False,False,False,0,False,382.1632247727773,866.1058399608401,-483.94261518806275,us_etfs,1d,HT_TRENDMODE~TAN|and,gross,fixed_combo,24.0,0.0,False,False,True,and,0.3780460486945108,0.3780460486945108,0.0
-0.2691168705249149,0.0,-0.26911687052491484,0.0,-1.2648170914776586,,TLT,10,10,22.088875298871415,False,False,False,False,0,False,357.2391380935211,866.1058399608401,-508.86670186731897,us_etfs,1d,MAXINDEX~HT_DCPHASE|and,gross,fixed_combo,24.0,0.0,False,False,True,and,0.5610474629434088,0.5610474629434088,0.0
-0.28936847515843944,0.1,-0.28936847515843944,0.0,-1.3599972101389992,,XLF,10,10,22.088875298871415,False,False,False,False,0,False,385.14733387394654,866.1058399608401,-480.9585060868935,us_etfs,1d,HT_TRENDMODE~MAXINDEX|gate,gross,fixed_combo,24.0,0.0,False,False,True,gate,0.637415892215613,0.637415892215613,0.0
-0.28936847515843944,0.1,-0.28936847515843944,0.0,-1.3599972101389992,,XLF,10,10,22.088875298871415,False,False,False,False,0,False,385.14733387394654,866.1058399608401,-480.9585060868935,us_etfs,1d,MAXINDEX~HT_TRENDMODE|and,gross,fixed_combo,24.0,0.0,False,False,True,and,0.637415892215613,0.637415892215613,0.0
-0.28936847515843944,0.1,-0.28936847515843944,0.0,-1.3599972101389992,,XLF,10,10,22.088875298871415,False,False,False,False,0,False,385.14733387394654,866.1058399608401,-480.9585060868935,us_etfs,1d,MAXINDEX~HT_TRENDMODE|gate,gross,fixed_combo,24.0,0.0,False,False,True,gate,0.637415892215613,0.637415892215613,0.0
-0.29114644393325856,0.1,-0.2911464439332586,0.0,-1.3683534506456552,,TLT,10,10,22.088875298871415,False,False,False,False,0,False,28.278778074625706,866.1058399608401,-837.8270618862143,us_etfs,1d,HT_DCPHASE~MININDEX|gate,gross,fixed_combo,24.0,0.0,False,False,True,gate,0.8542787465232611,0.47230927646283655,0.3819694700604245
-0.2936790612791596,0.0,-0.2936790612791596,0.0,-1.3802564491422578,,XLF,10,10,22.088875298871415,False,False,False,False,0,False,287.82218792501845,866.1058399608401,-578.2836520358217,us_etfs,1d,HT_TRENDMODE~HT_PHASOR|and,gross,fixed_combo,24.0,0.0,False,False,True,and,0.40752812516059567,0.40752812516059567,0.0
-0.30915386420598884,0.1,-0.30915386420598884,0.0,-1.4529861713292214,,TLT,10,10,22.088875298871415,False,False,False,False,0,False,248.94208570305764,866.1058399608401,-617.1637542577824,us_etfs,1d,MININDEX~HT_DCPHASE|and,gross,fixed_combo,24.0,0.0,False,False,True,and,0.47230927646283655,0.47230927646283655,0.0
-0.3171210822586018,0.1,-0.3171210822586018,0.0,-1.4904311428942474,,TLT,10,10,22.088875298871415,False,False,False,False,0,False,40.62638166454376,866.1058399608401,-825.4794582962963,us_etfs,1d,HT_PHASOR~MINMAXINDEX|vote,gross,fixed_combo,24.0,0.0,False,False,True,vote,0.5692823186896317,0.3178633115639681,0.25141900712566373
-0.3180410082400152,0.1,-0.3180410082400152,0.0,-1.4947546849372138,,TLT,10,10,22.088875298871415,False,False,False,False,0,False,76.40987279763507,866.1058399608401,-789.695967163205,us_etfs,1d,TAN~MINMAXINDEX|vote,gross,fixed_combo,24.0,0.0,False,False,True,vote,0.5280932896932601,0.2798764062501049,0.2482168834431552
-0.31852698480966807,0.0,-0.31852698480966807,0.0,-1.4970387166672041,,XLF,10,10,22.088875298871415,False,False,False,False,0,False,351.9238158140374,866.1058399608401,-514.1820241468026,us_etfs,1d,HT_TRENDMODE~MININDEX|gate,gross,fixed_combo,24.0,0.0,False,False,True,gate,0.6102697987619845,0.6102697987619845,0.0
-0.31852698480966807,0.0,-0.31852698480966807,0.0,-1.4970387166672041,,XLF,10,10,22.088875298871415,False,False,False,False,0,False,351.9238158140374,866.1058399608401,-514.1820241468026,us_etfs,1d,MININDEX~HT_TRENDMODE|and,gross,fixed_combo,24.0,0.0,False,False,True,and,0.6102697987619845,0.6102697987619845,0.0
-0.31852698480966807,0.0,-0.31852698480966807,0.0,-1.4970387166672041,,XLF,10,10,22.088875298871415,False,False,False,False,0,False,351.9238158140374,866.1058399608401,-514.1820241468026,us_etfs,1d,MININDEX~HT_TRENDMODE|gate,gross,fixed_combo,24.0,0.0,False,False,True,gate,0.6102697987619845,0.6102697987619845,0.0
-0.3186102975454698,0.0,-0.31861029754546977,0.0,-1.4974302765570553,,TLT,10,10,22.088875298871415,False,False,False,False,0,False,72.33958933172016,866.1058399608401,-793.7662506291199,us_etfs,1d,TAN~MINMAXINDEX|and,gross,fixed_combo,24.0,0.0,False,False,True,and,0.5233425810989238,0.27731770960600594,0.246024871492918
-0.32091772706787236,0.0,-0.32091772706787236,0.0,-1.5082749192270684,,XLE,10,10,22.088875298871415,False,False,False,False,0,False,38.30213551669647,866.1058399608401,-827.8037044441436,us_etfs,1d,HT_DCPHASE~HT_TRENDMODE|gate,gross,fixed_combo,24.0,0.0,False,False,True,gate,0.7170558734743261,0.433984524614156,0.28307134886017005
-0.3223615446635881,0.1,-0.3223615446635881,0.0,-1.5150606891733205,,TLT,10,10,22.088875298871415,False,False,False,False,0,False,36.08516897713771,866.1058399608401,-830.0206709837023,us_etfs,1d,HT_PHASOR~MINMAXINDEX|and,gross,fixed_combo,24.0,0.0,False,False,True,and,0.5645316100952956,0.3152362363008794,0.24929537379441627
-0.33082213930592913,0.0,-0.33082213930592913,0.0,-1.554824471677274,,TLT,10,10,22.088875298871415,False,False,False,False,0,False,84.09446177880305,866.1058399608401,-782.011378182037,us_etfs,1d,TAN~AVGDEV|and,gross,fixed_combo,24.0,0.0,False,False,True,and,0.49193885491401873,0.23576867895517334,0.2561701759588454
-0.33082213930592913,0.0,-0.33082213930592913,0.0,-1.554824471677274,,TLT,10,10,22.088875298871415,False,False,False,False,0,False,84.09446177880305,866.1058399608401,-782.011378182037,us_etfs,1d,TAN~AVGDEV|vote,gross,fixed_combo,24.0,0.0,False,False,True,vote,0.49193885491401873,0.23576867895517334,0.2561701759588454
-0.33633684225687566,0.1,-0.33633684225687566,0.0,-1.5807429157093202,,TLT,10,10,22.088875298871415,False,False,False,False,0,False,69.44569499699168,866.1058399608401,-796.6601449638483,us_etfs,1d,HT_PHASOR~AVGDEV|and,gross,fixed_combo,24.0,0.0,False,False,True,and,0.48864420117218954,0.25147955359044116,0.23716464758174832
-0.33633684225687566,0.1,-0.33633684225687566,0.0,-1.5807429157093202,,TLT,10,10,22.088875298871415,False,False,False,False,0,False,69.44569499699168,866.1058399608401,-796.6601449638483,us_etfs,1d,HT_PHASOR~AVGDEV|vote,gross,fixed_combo,24.0,0.0,False,False,True,vote,0.48864420117218954,0.25147955359044116,0.23716464758174832
-0.33881656816891104,0.0,-0.33881656816891104,0.0,-1.5923973307952448,,TLT,10,10,22.088875298871415,False,False,False,False,0,False,25.464552801694037,866.1058399608401,-840.641287159146,us_etfs,1d,HT_DCPHASE~MINMAXINDEX|vote,gross,fixed_combo,24.0,0.0,False,False,True,vote,0.6441960048220924,0.3773843728674748,0.26681163195461766
-0.3459594081390077,0.0,-0.3459594081390077,0.0,-1.6259678240097593,,TLT,10,10,22.088875298871415,False,False,False,False,0,False,19.558710127789585,866.1058399608401,-846.5471298330505,us_etfs,1d,HT_DCPHASE~MINMAXINDEX|and,gross,fixed_combo,24.0,0.0,False,False,True,and,0.6394452962277563,0.3743920478686185,0.2650532483591378
-0.34777193325561456,0.0,-0.34777193325561456,0.0,-1.6344864751881314,,XLE,10,10,22.088875298871415,False,False,False,False,0,False,250.3789195600817,866.1058399608401,-615.7269204007583,us_etfs,1d,HT_DCPHASE~HT_TRENDMODE|and,gross,fixed_combo,24.0,0.0,False,False,True,and,0.433984524614156,0.433984524614156,0.0
-0.3511306155846411,0.0,-0.3511306155846411,0.0,-1.65027188026627,,TLT,10,10,22.088875298871415,False,False,False,False,0,False,123.33865705505434,866.1058399608401,-742.7671829057857,us_etfs,1d,HT_TRENDMODE~AVGDEV|vote,gross,fixed_combo,24.0,0.0,False,False,True,vote,0.6459300283328029,0.46153653482836204,0.18439349350444095
-0.35218120616518994,0.0,-0.35218120616518994,0.0,-1.655209530291078,,TLT,10,10,22.088875298871415,False,False,False,False,0,False,90.8211837372151,866.1058399608401,-775.284656223625,us_etfs,1d,MAXINDEX~MINMAXINDEX|vote,gross,fixed_combo,24.0,0.0,False,False,True,vote,0.6420264473719937,0.5126456037632897,0.12938084360870397
-0.3606734427337942,0.0,-0.3606734427337942,0.0,-1.6951220260624935,,TLT,10,10,22.088875298871415,False,False,False,False,0,False,169.29587196082952,866.1058399608401,-696.8099680000105,us_etfs,1d,MAXINDEX~AVGDEV|vote,gross,fixed_combo,24.0,0.0,False,False,True,vote,0.5365370479025349,0.46153653482836204,0.0750005130741729
-0.36223925087948283,0.0,-0.36223925087948283,0.0,-1.7024811369973785,,TLT,10,10,22.088875298871415,False,False,False,False,0,False,129.66989813752008,866.1058399608401,-736.43594182332,us_etfs,1d,HT_TRENDMODE~MINMAXINDEX|vote,gross,fixed_combo,24.0,0.0,False,False,True,vote,0.675738474085494,0.5137310351326445,0.16200743895284958
-0.36264535814387555,0.1,-0.3626453581438756,0.0,-1.7043897925490548,,TLT,10,10,22.088875298871415,False,False,False,False,0,False,165.02822625559824,866.1058399608401,-701.0776137052418,us_etfs,1d,MININDEX~AVGDEV|vote,gross,fixed_combo,24.0,0.0,False,False,True,vote,0.5662307469514015,0.46153653482836204,0.10469421212303953
-0.37530426794358024,0.0,-0.37530426794358024,0.0,-1.7638851539617768,,TLT,10,10,22.088875298871415,False,False,False,False,0,False,-1.7317836905149377,866.1058399608401,-867.837623651355,us_etfs,1d,MINMAXINDEX~MAXINDEX|gate,gross,fixed_combo,24.0,0.0,False,False,True,gate,0.8658684477969599,0.5110388579948848,0.354829589802075
-0.3796678228848667,0.0,-0.3796678228848668,0.0,-1.7843933400839471,,TLT,10,10,22.088875298871415,False,False,False,False,0,False,-35.25482689045895,866.1058399608401,-901.360666851299,us_etfs,1d,MINMAXINDEX~AVGDEV|gate,gross,fixed_combo,24.0,0.0,False,False,True,gate,0.9952492914056638,0.5110388579948848,0.48421043341077896
-0.3796678228848667,0.0,-0.3796678228848668,0.0,-1.7843933400839471,,TLT,10,10,22.088875298871415,False,False,False,False,0,False,-35.25482689045895,866.1058399608401,-901.360666851299,us_etfs,1d,MINMAXINDEX~HT_PHASOR|gate,gross,fixed_combo,24.0,0.0,False,False,True,gate,0.9952492914056638,0.5110388579948848,0.48421043341077896
-0.3796678228848667,0.0,-0.3796678228848668,0.0,-1.7843933400839471,,TLT,10,10,22.088875298871415,False,False,False,False,0,False,-35.25482689045895,866.1058399608401,-901.360666851299,us_etfs,1d,MINMAXINDEX~TAN|gate,gross,fixed_combo,24.0,0.0,False,False,True,gate,0.9952492914056638,0.5110388579948848,0.48421043341077896
-0.37974984850355625,0.0,-0.3797498485035563,0.0,-1.784778850677375,,TLT,10,10,22.088875298871415,False,False,False,False,0,False,-35.2655257802498,866.1058399608401,-901.3713657410899,us_etfs,1d,MINMAXINDEX~HT_DCPHASE|gate,gross,fixed_combo,24.0,0.0,False,False,True,gate,0.9952492914056638,0.5110388579948848,0.48421043341077896
-0.3824856365674443,0.0,-0.3824856365674443,0.0,-1.7976367272390221,,TLT,10,10,22.088875298871415,False,False,False,False,0,False,196.23627888223314,866.1058399608401,-669.8695610786069,us_etfs,1d,MININDEX~MINMAXINDEX|vote,gross,fixed_combo,24.0,0.0,False,False,True,vote,0.5126456037632897,0.5126456037632897,0.0
-0.38476877256007785,0.0,-0.3847687725600779,0.0,-1.808367193225856,,TLT,10,10,22.088875298871415,False,False,False,False,0,False,-38.36101624481178,866.1058399608401,-904.4668562056519,us_etfs,1d,MINMAXINDEX~AVGDEV|or,gross,fixed_combo,24.0,0.0,False,False,True,or,1.0,0.511934640185472,0.48806535981452803
-0.3857039269714052,0.0,-0.3857039269714052,0.0,-1.8127623070673275,,TLT,10,10,22.088875298871415,False,False,False,False,0,False,189.15196025777215,866.1058399608401,-676.953879703068,us_etfs,1d,MAXINDEX~MINMAXINDEX|and,gross,fixed_combo,24.0,0.0,False,False,True,and,0.5110388579948848,0.5110388579948848,0.0
-0.3867476376858504,0.0,-0.3867476376858504,0.0,-1.8176676225446284,,TLT,10,10,22.088875298871415,False,False,False,False,0,False,-12.678315938507822,866.1058399608401,-878.7841558993479,us_etfs,1d,AVGDEV~MINMAXINDEX|gate,gross,fixed_combo,24.0,0.0,False,False,True,gate,0.9952492914056638,0.46064075263777493,0.5346085387678889
-0.39190629279156075,0.0,-0.39190629279156075,0.0,-1.8419126843053957,,TLT,10,10,22.088875298871415,False,False,False,False,0,False,46.8153325064054,866.1058399608401,-819.2905074544346,us_etfs,1d,HT_DCPHASE~AVGDEV|vote,gross,fixed_combo,24.0,0.0,False,False,True,vote,0.39457903062273897,0.22632856168510845,0.16825046893763046
-0.3920200799597783,0.0,-0.3920200799597783,0.0,-1.8424474703813174,,TLT,10,10,22.088875298871415,False,False,False,False,0,False,-15.467306404330731,866.1058399608401,-881.5731463651708,us_etfs,1d,AVGDEV~HT_PHASOR|gate,gross,fixed_combo,24.0,0.0,False,False,True,gate,1.0,0.46153653482836204,0.538463465171638
-0.3920200799597783,0.0,-0.3920200799597783,0.0,-1.8424474703813174,,TLT,10,10,22.088875298871415,False,False,False,False,0,False,-15.467306404330731,866.1058399608401,-881.5731463651708,us_etfs,1d,AVGDEV~TAN|gate,gross,fixed_combo,24.0,0.0,False,False,True,gate,1.0,0.46153653482836204,0.538463465171638
-0.3920208490258462,0.0,-0.39202084902584616,0.0,-1.8424510848998175,,TLT,10,10,22.088875298871415,False,False,False,False,0,False,46.7444505183057,866.1058399608401,-819.3613894425343,us_etfs,1d,HT_DCPHASE~AVGDEV|and,gross,fixed_combo,24.0,0.0,False,False,True,and,0.39457903062273897,0.22632856168510845,0.16825046893763046
-0.3921193667712236,0.0,-0.3921193667712236,0.0,-1.842914106515386,,TLT,10,10,22.088875298871415,False,False,False,False,0,False,-15.521019051357808,866.1058399608401,-881.6268590121979,us_etfs,1d,AVGDEV~HT_DCPHASE|gate,gross,fixed_combo,24.0,0.0,False,False,True,gate,1.0,0.46153653482836204,0.538463465171638
-0.3953450020537862,0.0,-0.3953450020537862,0.0,-1.8580742063943,,TLT,10,10,22.088875298871415,False,False,False,False,0,False,-30.151092342562208,866.1058399608401,-896.2569323034022,us_etfs,1d,MINMAXINDEX~HT_TRENDMODE|gate,gross,fixed_combo,24.0,0.0,False,False,True,gate,0.7143636963365665,0.39216070187863716,0.3222029944579293
-0.4041588132914325,0.1,-0.40415881329143255,0.0,-1.899498064633618,,TLT,10,10,22.088875298871415,False,False,False,False,0,False,-44.430254736751614,866.1058399608401,-910.5360946975917,us_etfs,1d,MINMAXINDEX~MININDEX|gate,gross,fixed_combo,24.0,0.0,False,False,True,gate,0.8526720007548562,0.3684615673440773,0.48421043341077896
-0.4051665930935836,0.0,-0.4051665930935836,0.0,-1.904234509122291,,TLT,10,10,22.088875298871415,False,False,False,False,0,False,-13.063180475353258,866.1058399608401,-879.1690204361934,us_etfs,1d,AVGDEV~MININDEX|gate,gross,fixed_combo,24.0,0.0,False,False,True,gate,0.8542787465232611,0.4205094934746626,0.4337692530485985
-0.41459222337669177,0.0,-0.41459222337669177,0.0,-1.9485338436707764,,TLT,10,10,22.088875298871415,False,False,False,False,0,False,180.70231654607687,866.1058399608401,-685.4035234147632,us_etfs,1d,MININDEX~AVGDEV|and,gross,fixed_combo,24.0,0.0,False,False,True,and,0.4205094934746626,0.4205094934746626,0.0
-0.4177828751107828,0.1,-0.4177828751107828,0.0,-1.963529525057676,,TLT,10,10,22.088875298871415,False,False,False,False,0,False,116.80185974491283,866.1058399608401,-749.3039802159273,us_etfs,1d,MININDEX~MINMAXINDEX|and,gross,fixed_combo,24.0,0.0,False,False,True,and,0.3684615673440773,0.3684615673440773,0.0
-0.4183834284366569,0.0,-0.4183834284366569,0.0,-1.9663520538327308,,TLT,10,10,22.088875298871415,False,False,False,False,0,False,142.57062532802246,866.1058399608401,-723.5352146328175,us_etfs,1d,HT_TRENDMODE~MINMAXINDEX|and,gross,fixed_combo,24.0,0.0,False,False,True,and,0.39216070187863716,0.39216070187863716,0.0
-0.41975854315273453,0.0,-0.4197585431527345,0.0,-1.9728149284650236,,TLT,10,10,22.088875298871415,False,False,False,False,0,False,-21.82303975620559,866.1058399608401,-887.9288797170457,us_etfs,1d,AVGDEV~MAXINDEX|gate,gross,fixed_combo,24.0,0.0,False,False,True,gate,0.8674751935653646,0.4040122414678996,0.463462952097465
-0.42161389548820355,0.0,-0.42161389548820355,0.0,-1.9815348624477462,,TLT,10,10,22.088875298871415,False,False,False,False,0,False,148.1719657013846,866.1058399608401,-717.9338742594555,us_etfs,1d,MAXINDEX~AVGDEV|and,gross,fixed_combo,24.0,0.0,False,False,True,and,0.4040122414678996,0.4040122414678996,0.0
-0.4240113172443654,0.0,-0.4240113172443654,0.0,-1.9928024578488053,,TLT,10,10,22.088875298871415,False,False,False,False,0,False,-1.0543274481631904,866.1058399608401,-867.1601674090033,us_etfs,1d,AVGDEV~HT_TRENDMODE|gate,gross,fixed_combo,24.0,0.0,False,False,True,gate,0.7170558734743261,0.36298590180712903,0.354069971667197
-0.4331265193832582,0.0,-0.4331265193832582,0.0,-2.0356428172623855,,TLT,10,10,22.088875298871415,False,False,False,False,0,False,167.00174478975757,866.1058399608401,-699.1040951710825,us_etfs,1d,HT_TRENDMODE~AVGDEV|and,gross,fixed_combo,24.0,0.0,False,False,True,and,0.36298590180712903,0.36298590180712903,0.0
-0.45762548357867416,0.0,-0.45762548357867416,0.0,-2.150785017665584,,TLT,10,10,22.088875298871415,False,False,False,False,0,False,-11.109676752017089,866.1058399608401,-877.2155167128572,us_etfs,1d,MINMAXINDEX~AVGDEV|and,gross,fixed_combo,24.0,0.0,False,False,True,and,0.4568240405864065,0.21662717990670127,0.2401968606797053
-0.46341553759541043,0.0,-0.46341553759541043,0.0,-2.1779975787609276,,TLT,10,10,22.088875298871415,False,False,False,False,0,False,-14.691851637001813,866.1058399608401,-880.7976915978419,us_etfs,1d,MINMAXINDEX~AVGDEV|vote,gross,fixed_combo,24.0,0.0,False,False,True,vote,0.46157474918074276,0.21752296209728836,0.24405178708345437
-0.010075276833028803,0.4,0.039798673631941534,4.955209460124782,-0.04735259560252631,,GLD,10,10,22.088875298871415,False,False,True,False,1,False,841.971269084662,866.1058399608401,-24.13457087617803,us_etfs,1d,MININDEX~HT_DCPHASE|or,pessimistic,fixed_combo,24.0,0.0,False,False,True,or,1.0,0.9785110279795404,0.021488972020459497
-0.08558356077896705,0.3,-0.01719340372700362,0.0,-0.4022324955385246,,GLD,10,10,22.088875298871415,False,False,False,False,0,False,800.0184129901486,866.1058399608401,-66.08742697069147,us_etfs,1d,MININDEX~HT_TRENDMODE|or,pessimistic,fixed_combo,24.0,0.0,False,False,True,or,0.9610648212356028,0.9610648212356028,0.0
-0.08558356077896705,0.3,-0.01719340372700362,0.0,-0.4022324955385246,,GLD,10,10,22.088875298871415,False,False,False,False,0,False,800.0184129901486,866.1058399608401,-66.08742697069147,us_etfs,1d,MININDEX~HT_TRENDMODE|vote,pessimistic,fixed_combo,24.0,0.0,False,False,True,vote,0.9610648212356028,0.9610648212356028,0.0
-0.09042854173669305,0.3,0.01799324809369803,1.0523932213415372,-0.42500332633505883,,XLV,10,10,22.088875298871415,False,False,False,False,0,False,795.1495776841914,866.1058399608401,-70.95626227664866,us_etfs,1d,MININDEX~HT_PHASOR|or,pessimistic,fixed_combo,24.0,0.0,False,False,True,or,1.0,0.9448757359547185,0.05512426404528138
-0.11533493968594918,0.3,-0.01793255728469037,0.0,-0.5420604166316213,,XLF,10,10,22.088875298871415,False,False,False,False,0,False,580.2915303713786,866.1058399608401,-285.81430958946146,us_etfs,1d,MAXINDEX~TAN|or,pessimistic,fixed_combo,24.0,0.0,False,False,True,or,1.0,0.9319660908268306,0.06803390917316948
-0.1527398684092363,0.1,-0.08986714111078561,0.0,-0.7178591061096826,,EFA,10,10,22.088875298871415,False,False,False,False,0,False,524.171826234887,866.1058399608401,-341.93401372595304,us_etfs,1d,MAXINDEX~AVGDEV|or,pessimistic,fixed_combo,24.0,0.0,False,False,True,or,1.0,0.9249994869258271,0.0750005130741729
-0.15761474150872878,0.3,-0.07905775535227472,0.0,-0.7407704263959072,,EFA,10,10,22.088875298871415,False,False,False,False,0,False,719.9997233987192,866.1058399608401,-146.10611656212086,us_etfs,1d,MAXINDEX~HT_TRENDMODE|or,pessimistic,fixed_combo,24.0,0.0,False,False,True,or,0.9471151748240777,0.9471151748240777,0.0
-0.15761474150872878,0.3,-0.07905775535227472,0.0,-0.7407704263959072,,EFA,10,10,22.088875298871415,False,False,False,False,0,False,719.9997233987192,866.1058399608401,-146.10611656212086,us_etfs,1d,MAXINDEX~HT_TRENDMODE|vote,pessimistic,fixed_combo,24.0,0.0,False,False,True,vote,0.9471151748240777,0.9471151748240777,0.0
-0.18628028413270864,0.1,-0.13236791671910617,0.0,-0.8754950468798334,,TLT,10,10,22.088875298871415,False,False,False,False,0,False,341.87635701541586,866.1058399608401,-524.2294829454243,us_etfs,1d,MAXINDEX~HT_DCPHASE|or,pessimistic,fixed_combo,24.0,0.0,False,False,True,or,1.0,0.9029692885410718,0.09703071145892814
-0.1868779074308117,0.1,-0.1070573245767998,0.0,-0.878303804874944,,XLF,10,10,22.088875298871415,False,False,False,False,0,False,391.8251108189475,866.1058399608401,-474.28072914189255,us_etfs,1d,MAXINDEX~HT_PHASOR|or,pessimistic,fixed_combo,24.0,0.0,False,False,True,or,1.0,0.92517695613233,0.07482304386766994
-0.19796978052804853,0.2,-0.12860874407537587,0.0,-0.9304342812829162,,GLD,10,10,22.088875298871415,False,False,False,False,0,False,437.86701637060423,866.1058399608401,-428.2388235902358,us_etfs,1d,MININDEX~AVGDEV|or,pessimistic,fixed_combo,24.0,0.0,False,False,True,or,1.0,0.8953057878769604,0.10469421212303953
-0.2035226822953248,0.2,-0.07861726785726218,0.0,-0.9565322551812017,,GLD,10,10,22.088875298871415,False,False,False,False,0,False,516.1514805982747,866.1058399608401,-349.95435936256536,us_etfs,1d,MININDEX~TAN|or,pessimistic,fixed_combo,24.0,0.0,False,False,True,or,1.0,0.9339211688627579,0.06607883113724218
-0.21205259758234796,0.2,-0.18427726346737297,0.0,-0.9966218364209055,,GLD,10,10,22.088875298871415,False,False,False,False,0,False,825.2630861113373,866.1058399608401,-40.84275384950274,us_etfs,1d,MAXINDEX~MININDEX|or,pessimistic,fixed_combo,24.0,0.0,False,False,True,or,0.9968560371740687,0.9968560371740687,0.0
-0.21205259758234796,0.2,-0.18427726346737297,0.0,-0.9966218364209055,,GLD,10,10,22.088875298871415,False,False,False,False,0,False,825.2630861113373,866.1058399608401,-40.84275384950274,us_etfs,1d,MAXINDEX~MININDEX|vote,pessimistic,fixed_combo,24.0,0.0,False,False,True,vote,0.9968560371740687,0.9968560371740687,0.0
-0.21205259758234796,0.2,-0.18427726346737297,0.0,-0.9966218364209055,,GLD,10,10,22.088875298871415,False,False,False,False,0,False,825.2630861113373,866.1058399608401,-40.84275384950274,us_etfs,1d,MININDEX~MINMAXINDEX|or,pessimistic,fixed_combo,24.0,0.0,False,False,True,or,0.9968560371740687,0.9968560371740687,0.0
-0.21430150146369628,0.2,-0.033210795817364816,0.0,-1.0071914155805906,,SPY,10,10,22.088875298871415,False,False,False,False,0,False,540.7710298331923,866.1058399608401,-325.33481012764776,us_etfs,1d,HT_TRENDMODE~HT_PHASOR|or,pessimistic,fixed_combo,24.0,0.0,False,False,True,or,1.0,0.8623061194940611,0.13769388050593884
-0.22154633477246768,0.1,-0.1725453648598907,0.0,-1.0412412652833143,,XLF,10,10,22.088875298871415,False,False,False,False,0,False,271.0091226535459,866.1058399608401,-595.0967173072942,us_etfs,1d,MAXINDEX~MINMAXINDEX|or,pessimistic,fixed_combo,24.0,0.0,False,False,True,or,0.9968560371740687,0.8674751935653646,0.12938084360870397
-0.22204516254115822,0.1,-0.1817408272164095,0.0,-1.0435856961111283,,XLF,10,10,22.088875298871415,False,False,False,False,0,False,511.57865013620676,866.1058399608401,-354.5271898246333,us_etfs,1d,MAXINDEX~AVGDEV|gate,pessimistic,fixed_combo,24.0,0.0,False,False,True,gate,0.8674751935653646,0.8674751935653646,0.0
-0.22204516254115822,0.1,-0.1817408272164095,0.0,-1.0435856961111283,,XLF,10,10,22.088875298871415,False,False,False,False,0,False,511.57865013620676,866.1058399608401,-354.5271898246333,us_etfs,1d,MAXINDEX~HT_PHASOR|gate,pessimistic,fixed_combo,24.0,0.0,False,False,True,gate,0.8674751935653646,0.8674751935653646,0.0
-0.22204516254115822,0.1,-0.1817408272164095,0.0,-1.0435856961111283,,XLF,10,10,22.088875298871415,False,False,False,False,0,False,511.57865013620676,866.1058399608401,-354.5271898246333,us_etfs,1d,MAXINDEX~TAN|gate,pessimistic,fixed_combo,24.0,0.0,False,False,True,gate,0.8674751935653646,0.8674751935653646,0.0
-0.22238547351145374,0.1,-0.1820657632924235,0.0,-1.0451851169531126,,XLF,10,10,22.088875298871415,False,False,False,False,0,False,511.1014397666433,866.1058399608401,-355.00440019419676,us_etfs,1d,MAXINDEX~HT_DCPHASE|gate,pessimistic,fixed_combo,24.0,0.0,False,False,True,gate,0.8674751935653646,0.8674751935653646,0.0
-0.23123542598469699,0.1,-0.18712369618789135,0.0,-1.0867788346754161,,XLF,10,10,22.088875298871415,False,False,False,False,0,False,493.5388600074874,866.1058399608401,-372.56697995335264,us_etfs,1d,MAXINDEX~MINMAXINDEX|gate,pessimistic,fixed_combo,24.0,0.0,False,False,True,gate,0.8658684477969599,0.8658684477969599,0.0
-0.24372371630510817,0.2,-0.1924248425646246,0.0,-1.1454723049501783,,TLT,10,10,22.088875298871415,False,False,False,False,0,False,525.0352225909721,866.1058399608401,-341.07061736986793,us_etfs,1d,MININDEX~AVGDEV|gate,pessimistic,fixed_combo,24.0,0.0,False,False,True,gate,0.8542787465232611,0.8542787465232611,0.0
-0.24372371630510817,0.2,-0.1924248425646246,0.0,-1.1454723049501783,,TLT,10,10,22.088875298871415,False,False,False,False,0,False,525.0352225909721,866.1058399608401,-341.07061736986793,us_etfs,1d,MININDEX~HT_DCPHASE|gate,pessimistic,fixed_combo,24.0,0.0,False,False,True,gate,0.8542787465232611,0.8542787465232611,0.0
-0.24372371630510817,0.2,-0.1924248425646246,0.0,-1.1454723049501783,,TLT,10,10,22.088875298871415,False,False,False,False,0,False,525.0352225909721,866.1058399608401,-341.07061736986793,us_etfs,1d,MININDEX~HT_PHASOR|gate,pessimistic,fixed_combo,24.0,0.0,False,False,True,gate,0.8542787465232611,0.8542787465232611,0.0
-0.24372371630510817,0.2,-0.1924248425646246,0.0,-1.1454723049501783,,TLT,10,10,22.088875298871415,False,False,False,False,0,False,525.0352225909721,866.1058399608401,-341.07061736986793,us_etfs,1d,MININDEX~TAN|gate,pessimistic,fixed_combo,24.0,0.0,False,False,True,gate,0.8542787465232611,0.8542787465232611,0.0
-0.2568046492387662,0.2,-0.2009595856161317,0.0,-1.2069511245971687,,TLT,10,10,22.088875298871415,False,False,False,False,0,False,509.0026864200523,866.1058399608401,-357.10315354078773,us_etfs,1d,MININDEX~MINMAXINDEX|gate,pessimistic,fixed_combo,24.0,0.0,False,False,True,gate,0.8526720007548562,0.8526720007548562,0.0
-0.2669195823293867,0.0,-0.13102840799313348,0.0,-1.2544900998654815,,GLD,10,10,22.088875298871415,False,False,False,False,0,False,275.09953712092874,866.1058399608401,-591.0063028399113,us_etfs,1d,IS#1[combo],pessimistic,wf_combo,22.5,16.5,False,False,True,,,,
-0.2904251696226197,0.0,-0.22178940333627334,0.0,-1.3649635476865418,,TLT,10,10,22.088875298871415,False,False,False,False,0,False,321.01549267832877,866.1058399608401,-545.0903472825113,us_etfs,1d,MININDEX~HT_DCPHASE|vote,pessimistic,fixed_combo,24.0,0.0,False,False,True,vote,0.6180305299395755,0.596541557919116,0.021488972020459497
-0.29460386133934013,0.1,-0.0946132133056893,0.0,-1.3846028987722434,,XLE,10,10,22.088875298871415,False,False,False,False,0,False,337.9295371821794,866.1058399608401,-528.1763027786607,us_etfs,1d,HT_TRENDMODE~TAN|or,pessimistic,fixed_combo,24.0,0.0,False,False,True,or,1.0,0.8570717929477812,0.14292820705221881
-0.2965838050871158,0.0,-0.16103492831408805,0.0,-1.3939083974853728,,XLF,10,10,22.088875298871415,False,False,False,False,0,False,240.83023246917247,866.1058399608401,-625.2756074916676,us_etfs,1d,HT_TRENDMODE~AVGDEV|or,pessimistic,fixed_combo,24.0,0.0,False,False,True,or,1.0,0.8156065064955591,0.18439349350444095
-0.3006583292507055,0.0,-0.17024419648950925,0.0,-1.413058173535068,,SPY,10,10,22.088875298871415,False,False,False,False,0,False,289.3083112156801,866.1058399608401,-576.79752874516,us_etfs,1d,HT_TRENDMODE~MINMAXINDEX|or,pessimistic,fixed_combo,24.0,0.0,False,False,True,or,0.9979414685434234,0.8359340295905738,0.16200743895284958
-0.3024565874604107,0.1,-0.24176537860844022,0.0,-1.421509771958046,,TLT,10,10,22.088875298871415,False,False,False,False,0,False,327.9863117970598,866.1058399608401,-538.1195281637803,us_etfs,1d,MAXINDEX~MININDEX|and,pessimistic,fixed_combo,24.0,0.0,False,False,True,and,0.7248979029145571,0.7248979029145571,0.0
-0.3024565874604107,0.1,-0.24176537860844022,0.0,-1.421509771958046,,TLT,10,10,22.088875298871415,False,False,False,False,0,False,327.9863117970598,866.1058399608401,-538.1195281637803,us_etfs,1d,MAXINDEX~MININDEX|gate,pessimistic,fixed_combo,24.0,0.0,False,False,True,gate,0.7248979029145571,0.7248979029145571,0.0
-0.3024565874604107,0.1,-0.24176537860844022,0.0,-1.421509771958046,,TLT,10,10,22.088875298871415,False,False,False,False,0,False,327.9863117970598,866.1058399608401,-538.1195281637803,us_etfs,1d,MININDEX~MAXINDEX|gate,pessimistic,fixed_combo,24.0,0.0,False,False,True,gate,0.7248979029145571,0.7248979029145571,0.0
-0.3057213601570149,0.0,-0.23552912998411685,0.0,-1.4368538130001416,,TLT,10,10,22.088875298871415,False,False,False,False,0,False,179.92208867446772,866.1058399608401,-686.1837512863724,us_etfs,1d,MAXINDEX~HT_DCPHASE|vote,pessimistic,fixed_combo,24.0,0.0,False,False,True,vote,0.6935722693780442,0.596541557919116,0.09703071145892814
-0.3096616262606827,0.0,-0.20826403006295796,0.0,-1.4553725922322587,,TLT,10,10,22.088875298871415,False,False,False,False,0,False,223.42882751054466,866.1058399608401,-642.6770124502954,us_etfs,1d,HT_DCPHASE~HT_TRENDMODE|vote,pessimistic,fixed_combo,24.0,0.0,False,False,True,vote,0.71692865113983,0.596541557919116,0.12038709322071398
-0.319413065330019,0.0,-0.24266971714358618,0.0,-1.5012031890928061,,TLT,10,10,22.088875298871415,False,False,False,False,0,False,16.809361708459317,866.1058399608401,-849.2964782523808,us_etfs,1d,HT_DCPHASE~AVGDEV|or,pessimistic,fixed_combo,24.0,0.0,False,False,True,or,1.0,0.596541557919116,0.403458442080884
-0.319413065330019,0.0,-0.24266971714358618,0.0,-1.5012031890928061,,TLT,10,10,22.088875298871415,False,False,False,False,0,False,16.809361708459317,866.1058399608401,-849.2964782523808,us_etfs,1d,HT_DCPHASE~HT_PHASOR|or,pessimistic,fixed_combo,24.0,0.0,False,False,True,or,1.0,0.596541557919116,0.403458442080884
-0.319413065330019,0.0,-0.24266971714358618,0.0,-1.5012031890928061,,TLT,10,10,22.088875298871415,False,False,False,False,0,False,16.809361708459317,866.1058399608401,-849.2964782523808,us_etfs,1d,HT_DCPHASE~HT_TRENDMODE|or,pessimistic,fixed_combo,24.0,0.0,False,False,True,or,1.0,0.596541557919116,0.403458442080884
-0.319413065330019,0.0,-0.24266971714358618,0.0,-1.5012031890928061,,TLT,10,10,22.088875298871415,False,False,False,False,0,False,16.809361708459317,866.1058399608401,-849.2964782523808,us_etfs,1d,HT_DCPHASE~MINMAXINDEX|or,pessimistic,fixed_combo,24.0,0.0,False,False,True,or,1.0,0.596541557919116,0.403458442080884
-0.319413065330019,0.0,-0.24266971714358618,0.0,-1.5012031890928061,,TLT,10,10,22.088875298871415,False,False,False,False,0,False,16.809361708459317,866.1058399608401,-849.2964782523808,us_etfs,1d,HT_DCPHASE~TAN|or,pessimistic,fixed_combo,24.0,0.0,False,False,True,or,1.0,0.596541557919116,0.403458442080884
-0.31950513086710164,0.0,-0.24275753842759892,0.0,-1.5016358861013996,,TLT,10,10,22.088875298871415,False,False,False,False,0,False,16.790851256721417,866.1058399608401,-849.3149887041186,us_etfs,1d,HT_DCPHASE~AVGDEV|gate,pessimistic,fixed_combo,24.0,0.0,False,False,True,gate,1.0,0.596541557919116,0.403458442080884
-0.31950513086710164,0.0,-0.24275753842759892,0.0,-1.5016358861013996,,TLT,10,10,22.088875298871415,False,False,False,False,0,False,16.790851256721417,866.1058399608401,-849.3149887041186,us_etfs,1d,HT_DCPHASE~HT_PHASOR|gate,pessimistic,fixed_combo,24.0,0.0,False,False,True,gate,1.0,0.596541557919116,0.403458442080884
-0.31950513086710164,0.0,-0.24275753842759892,0.0,-1.5016358861013996,,TLT,10,10,22.088875298871415,False,False,False,False,0,False,16.790851256721417,866.1058399608401,-849.3149887041186,us_etfs,1d,HT_DCPHASE~TAN|gate,pessimistic,fixed_combo,24.0,0.0,False,False,True,gate,1.0,0.596541557919116,0.403458442080884
-0.32760273947825935,0.0,-0.2494235427355262,0.0,-1.53969367769028,,TLT,10,10,22.088875298871415,False,False,False,False,0,False,10.357510936163624,866.1058399608401,-855.7483290246764,us_etfs,1d,HT_DCPHASE~MINMAXINDEX|gate,pessimistic,fixed_combo,24.0,0.0,False,False,True,gate,0.9952492914056638,0.5935492329202596,0.40170005848540413
-0.3278991160558634,0.0,-0.26911687052491484,0.0,-1.54108661214339,,TLT,10,10,22.088875298871415,False,False,False,False,0,False,277.6641596837852,866.1058399608401,-588.4416802770548,us_etfs,1d,MAXINDEX~HT_DCPHASE|and,pessimistic,fixed_combo,24.0,0.0,False,False,True,and,0.5610474629434088,0.5610474629434088,0.0
-0.3281355796692794,0.0,-0.162422247589263,0.0,-1.542197962833437,,XLF,10,10,22.088875298871415,False,False,False,False,0,False,240.57071934400489,866.1058399608401,-625.5351206168352,us_etfs,1d,MININDEX~HT_PHASOR|vote,pessimistic,fixed_combo,24.0,0.0,False,False,True,vote,0.6079026352256122,0.5527783711803308,0.05512426404528138
-0.3297705154545869,0.0,-0.24855410737829509,0.0,-1.5498819654033684,,XLE,10,10,22.088875298871415,False,False,False,False,0,False,41.87167108146571,866.1058399608401,-824.2341688793744,us_etfs,1d,HT_DCPHASE~MAXINDEX|gate,pessimistic,fixed_combo,24.0,0.0,False,False,True,gate,0.8674751935653646,0.5610474629434088,0.3064277306219559
-0.3420782835222564,0.0,-0.1894596070262306,0.0,-1.6077270026898365,,XLF,10,10,22.088875298871415,False,False,False,False,0,False,163.0455193829532,866.1058399608401,-703.0603205778868,us_etfs,1d,MAXINDEX~HT_PHASOR|vote,pessimistic,fixed_combo,24.0,0.0,False,False,True,vote,0.6276014150480007,0.5527783711803308,0.07482304386766994
-0.3511817584480374,0.0,-0.15356644138617587,0.0,-1.6505122456049592,,EFA,10,10,22.088875298871415,False,False,False,False,0,False,213.9914734713394,866.1058399608401,-652.1143664895006,us_etfs,1d,MAXINDEX~TAN|vote,pessimistic,fixed_combo,24.0,0.0,False,False,True,vote,0.5860958773411353,0.5180619681679659,0.06803390917316948
-0.35419951975375946,0.0,-0.16613515988742455,0.0,-1.6646953626649648,,XLF,10,10,22.088875298871415,False,False,False,False,0,False,189.6330846926549,866.1058399608401,-676.4727552681852,us_etfs,1d,HT_TRENDMODE~HT_PHASOR|vote,pessimistic,fixed_combo,24.0,0.0,False,False,True,vote,0.6904722516862696,0.5527783711803308,0.13769388050593884
-0.35581801946927455,0.0,-0.18792903259895527,0.0,-1.6723021176734572,,XLF,10,10,22.088875298871415,False,False,False,False,0,False,-13.476736812220555,866.1058399608401,-879.5825767730606,us_etfs,1d,HT_PHASOR~AVGDEV|gate,pessimistic,fixed_combo,24.0,0.0,False,False,True,gate,1.0,0.5527783711803308,0.4472216288196692
-0.35581801946927455,0.0,-0.18792903259895527,0.0,-1.6723021176734572,,XLF,10,10,22.088875298871415,False,False,False,False,0,False,-13.476736812220555,866.1058399608401,-879.5825767730606,us_etfs,1d,HT_PHASOR~AVGDEV|or,pessimistic,fixed_combo,24.0,0.0,False,False,True,or,1.0,0.5527783711803308,0.4472216288196692
-0.35581801946927455,0.0,-0.18792903259895527,0.0,-1.6723021176734572,,XLF,10,10,22.088875298871415,False,False,False,False,0,False,-13.476736812220555,866.1058399608401,-879.5825767730606,us_etfs,1d,HT_PHASOR~MINMAXINDEX|or,pessimistic,fixed_combo,24.0,0.0,False,False,True,or,1.0,0.5527783711803308,0.4472216288196692
-0.35581801946927455,0.0,-0.18792903259895527,0.0,-1.6723021176734572,,XLF,10,10,22.088875298871415,False,False,False,False,0,False,-13.476736812220555,866.1058399608401,-879.5825767730606,us_etfs,1d,HT_PHASOR~TAN|gate,pessimistic,fixed_combo,24.0,0.0,False,False,True,gate,1.0,0.5527783711803308,0.4472216288196692
-0.35590742615738646,0.0,-0.18801437697444215,0.0,-1.6727223184100213,,XLF,10,10,22.088875298871415,False,False,False,False,0,False,-13.609184626778761,866.1058399608401,-879.7150245876188,us_etfs,1d,HT_PHASOR~HT_DCPHASE|gate,pessimistic,fixed_combo,24.0,0.0,False,False,True,gate,1.0,0.5527783711803308,0.4472216288196692
-0.3607053652989346,0.0,-0.22889740490682278,0.0,-1.6952720582991,,XLF,10,10,22.088875298871415,False,False,False,False,0,False,228.02580007139915,866.1058399608401,-638.080039889441,us_etfs,1d,MAXINDEX~HT_PHASOR|and,pessimistic,fixed_combo,24.0,0.0,False,False,True,and,0.4950766086133654,0.4950766086133654,0.0
-0.36150476436810686,0.0,-0.1927147585818755,0.0,-1.699029138275648,,XLF,10,10,22.088875298871415,False,False,False,False,0,False,-17.92876333120889,866.1058399608401,-884.0346032920489,us_etfs,1d,HT_PHASOR~MINMAXINDEX|gate,pessimistic,fixed_combo,24.0,0.0,False,False,True,gate,0.9952492914056638,0.5501512959172421,0.4450979954884217
-0.3629575629919305,0.0,-0.23946837144804226,0.0,-1.7058571179794222,,TLT,10,10,22.088875298871415,False,False,False,False,0,False,19.20896149170183,866.1058399608401,-846.8968784691382,us_etfs,1d,HT_DCPHASE~HT_PHASOR|vote,pessimistic,fixed_combo,24.0,0.0,False,False,True,vote,0.6006580824732837,0.37498900578636524,0.2256690766869184
-0.3630572407607929,0.0,-0.23956348775512462,0.0,-1.7063255915665725,,TLT,10,10,22.088875298871415,False,False,False,False,0,False,19.132875358879367,866.1058399608401,-846.9729646019607,us_etfs,1d,HT_DCPHASE~HT_PHASOR|and,pessimistic,fixed_combo,24.0,0.0,False,False,True,and,0.6006580824732837,0.37498900578636524,0.2256690766869184
-0.3632454504513281,0.0,-0.20258562514973813,0.0,-1.7072101545926897,,XLF,10,10,22.088875298871415,False,False,False,False,0,False,0.5845089931784173,866.1058399608401,-865.5213309676617,us_etfs,1d,HT_PHASOR~MAXINDEX|gate,pessimistic,fixed_combo,24.0,0.0,False,False,True,gate,0.8674751935653646,0.4950766086133654,0.3723985849519993
-0.3638479274329457,0.0,-0.23690471911110778,0.0,-1.7100417243195725,,XLF,10,10,22.088875298871415,False,False,False,False,0,False,394.67994320270185,866.1058399608401,-471.4258967581382,us_etfs,1d,HT_TRENDMODE~AVGDEV|gate,pessimistic,fixed_combo,24.0,0.0,False,False,True,gate,0.7170558734743261,0.7170558734743261,0.0
-0.3638479274329457,0.0,-0.23690471911110778,0.0,-1.7100417243195725,,XLF,10,10,22.088875298871415,False,False,False,False,0,False,394.67994320270185,866.1058399608401,-471.4258967581382,us_etfs,1d,HT_TRENDMODE~HT_PHASOR|gate,pessimistic,fixed_combo,24.0,0.0,False,False,True,gate,0.7170558734743261,0.7170558734743261,0.0
-0.3638479274329457,0.0,-0.23690471911110778,0.0,-1.7100417243195725,,XLF,10,10,22.088875298871415,False,False,False,False,0,False,394.67994320270185,866.1058399608401,-471.4258967581382,us_etfs,1d,HT_TRENDMODE~TAN|gate,pessimistic,fixed_combo,24.0,0.0,False,False,True,gate,0.7170558734743261,0.7170558734743261,0.0
-0.3641698379269142,0.0,-0.23721275085925866,0.0,-1.7115546651244475,,XLF,10,10,22.088875298871415,False,False,False,False,0,False,394.32545112026827,866.1058399608401,-471.7803888405718,us_etfs,1d,HT_TRENDMODE~HT_DCPHASE|gate,pessimistic,fixed_combo,24.0,0.0,False,False,True,gate,0.7170558734743261,0.7170558734743261,0.0
-0.372273637418299,0.0,-0.2911464439332586,0.0,-1.7496415531096527,,TLT,10,10,22.088875298871415,False,False,False,False,0,False,-22.742353211286154,866.1058399608401,-888.8481931721262,us_etfs,1d,HT_DCPHASE~MININDEX|gate,pessimistic,fixed_combo,24.0,0.0,False,False,True,gate,0.8542787465232611,0.47230927646283655,0.3819694700604245
-0.3773289674010758,0.0,-0.24801923468536802,0.0,-1.773400999155543,,XLF,10,10,22.088875298871415,False,False,False,False,0,False,374.59838109480665,866.1058399608401,-491.5074588660334,us_etfs,1d,HT_TRENDMODE~MINMAXINDEX|gate,pessimistic,fixed_combo,24.0,0.0,False,False,True,gate,0.7143636963365665,0.7143636963365665,0.0
-0.37895075541028167,0.0,-0.30915386420598884,0.0,-1.781023208750936,,TLT,10,10,22.088875298871415,False,False,False,False,0,False,175.5810765114468,866.1058399608401,-690.5247634493933,us_etfs,1d,MININDEX~HT_DCPHASE|and,pessimistic,fixed_combo,24.0,0.0,False,False,True,and,0.47230927646283655,0.47230927646283655,0.0
-0.3871527620644274,0.0,-0.17674430919265813,0.0,-1.8195716586505737,,XLE,10,10,22.088875298871415,False,False,False,False,0,False,199.19666590776725,866.1058399608401,-666.9091740530728,us_etfs,1d,MININDEX~TAN|vote,pessimistic,fixed_combo,24.0,0.0,False,False,True,vote,0.5841407993052081,0.5180619681679659,0.06607883113724218
-0.3898913451854271,0.0,-0.28936847515843944,0.0,-1.8324426716462157,,XLF,10,10,22.088875298871415,False,False,False,False,0,False,277.53523941507274,866.1058399608401,-588.5706005457673,us_etfs,1d,HT_TRENDMODE~MAXINDEX|gate,pessimistic,fixed_combo,24.0,0.0,False,False,True,gate,0.637415892215613,0.637415892215613,0.0
-0.3898913451854271,0.0,-0.28936847515843944,0.0,-1.8324426716462157,,XLF,10,10,22.088875298871415,False,False,False,False,0,False,277.53523941507274,866.1058399608401,-588.5706005457673,us_etfs,1d,MAXINDEX~HT_TRENDMODE|and,pessimistic,fixed_combo,24.0,0.0,False,False,True,and,0.637415892215613,0.637415892215613,0.0
-0.3898913451854271,0.0,-0.28936847515843944,0.0,-1.8324426716462157,,XLF,10,10,22.088875298871415,False,False,False,False,0,False,277.53523941507274,866.1058399608401,-588.5706005457673,us_etfs,1d,MAXINDEX~HT_TRENDMODE|gate,pessimistic,fixed_combo,24.0,0.0,False,False,True,gate,0.637415892215613,0.637415892215613,0.0
-0.39329157885501614,0.0,-0.24389583843366403,0.0,-1.848423363053356,,XLE,10,10,22.088875298871415,False,False,False,False,0,False,42.07260087087417,866.1058399608401,-824.033239089966,us_etfs,1d,HT_DCPHASE~TAN|vote,pessimistic,fixed_combo,24.0,0.0,False,False,True,vote,0.5078903500403038,0.3112469380636929,0.196643411976611
-0.3933970006663371,0.0,-0.2439964693262216,0.0,-1.8489188329527837,,XLE,10,10,22.088875298871415,False,False,False,False,0,False,42.03710889579634,866.1058399608401,-824.0687310650437,us_etfs,1d,HT_DCPHASE~TAN|and,pessimistic,fixed_combo,24.0,0.0,False,False,True,and,0.5078903500403038,0.3112469380636929,0.196643411976611
-0.39392214198846626,0.0,-0.2392112958302195,0.0,-1.8513869343333273,,XLF,10,10,22.088875298871415,False,False,False,False,0,False,-33.91033169228991,866.1058399608401,-900.01617165313,us_etfs,1d,HT_PHASOR~MININDEX|gate,pessimistic,fixed_combo,24.0,0.0,False,False,True,gate,0.8542787465232611,0.46218138174887324,0.39209736477438784
-0.3943268494328641,0.0,-0.2606564917742362,0.0,-1.8532890108985172,,TLT,10,10,22.088875298871415,False,False,False,False,0,False,156.35860602024235,866.1058399608401,-709.7472339405977,us_etfs,1d,MININDEX~HT_PHASOR|and,pessimistic,fixed_combo,24.0,0.0,False,False,True,and,0.46218138174887324,0.46218138174887324,0.0
-0.3943952450664662,0.0,-0.17921505372478358,0.0,-1.85361046219287,,XLE,10,10,22.088875298871415,False,False,False,False,0,False,9.586146060789735,866.1058399608401,-856.5196939000504,us_etfs,1d,TAN~AVGDEV|gate,pessimistic,fixed_combo,24.0,0.0,False,False,True,gate,1.0,0.5180619681679659,0.48193803183203404
-0.3943952450664662,0.0,-0.17921505372478358,0.0,-1.85361046219287,,XLE,10,10,22.088875298871415,False,False,False,False,0,False,9.586146060789735,866.1058399608401,-856.5196939000504,us_etfs,1d,TAN~AVGDEV|or,pessimistic,fixed_combo,24.0,0.0,False,False,True,or,1.0,0.5180619681679659,0.48193803183203404
-0.3943952450664662,0.0,-0.17921505372478358,0.0,-1.85361046219287,,XLE,10,10,22.088875298871415,False,False,False,False,0,False,9.586146060789735,866.1058399608401,-856.5196939000504,us_etfs,1d,TAN~HT_PHASOR|gate,pessimistic,fixed_combo,24.0,0.0,False,False,True,gate,1.0,0.5180619681679659,0.48193803183203404
-0.3943952450664662,0.0,-0.17921505372478358,0.0,-1.85361046219287,,XLE,10,10,22.088875298871415,False,False,False,False,0,False,9.586146060789735,866.1058399608401,-856.5196939000504,us_etfs,1d,TAN~HT_PHASOR|or,pessimistic,fixed_combo,24.0,0.0,False,False,True,or,1.0,0.5180619681679659,0.48193803183203404
-0.3943952450664662,0.0,-0.17921505372478358,0.0,-1.85361046219287,,XLE,10,10,22.088875298871415,False,False,False,False,0,False,9.586146060789735,866.1058399608401,-856.5196939000504,us_etfs,1d,TAN~MINMAXINDEX|or,pessimistic,fixed_combo,24.0,0.0,False,False,True,or,1.0,0.5180619681679659,0.48193803183203404
-0.39448605400949266,0.0,-0.17930179579823075,0.0,-1.8540372533597516,,XLE,10,10,22.088875298871415,False,False,False,False,0,False,9.564782391488109,866.1058399608401,-856.541057569352,us_etfs,1d,TAN~HT_DCPHASE|gate,pessimistic,fixed_combo,24.0,0.0,False,False,True,gate,1.0,0.5180619681679659,0.48193803183203404
-0.3952076487561108,0.0,-0.17964042058686278,0.0,-1.8574286623296274,,XLE,10,10,22.088875298871415,False,False,False,False,0,False,6.758015840657839,866.1058399608401,-859.3478241201822,us_etfs,1d,TAN~MINMAXINDEX|gate,pessimistic,fixed_combo,24.0,0.0,False,False,True,gate,0.9952492914056638,0.515503271523867,0.47974601988179694
-0.3958490030428372,0.0,-0.21014685549229983,0.0,-1.8604429507388296,,XLF,10,10,22.088875298871415,False,False,False,False,0,False,11.32704052714546,866.1058399608401,-854.7787994336946,us_etfs,1d,TAN~HT_PHASOR|and,pessimistic,fixed_combo,24.0,0.0,False,False,True,and,0.5089521672146228,0.28989625328145974,0.21905591393316307
-0.3958490030428372,0.0,-0.21014685549229983,0.0,-1.8604429507388296,,XLF,10,10,22.088875298871415,False,False,False,False,0,False,11.32704052714546,866.1058399608401,-854.7787994336946,us_etfs,1d,TAN~HT_PHASOR|vote,pessimistic,fixed_combo,24.0,0.0,False,False,True,vote,0.5089521672146228,0.28989625328145974,0.21905591393316307
-0.4009075674227973,0.0,-0.23083251019863638,0.0,-1.884217598064484,,XLE,10,10,22.088875298871415,False,False,False,False,0,False,205.85066689297054,866.1058399608401,-660.2551730678695,us_etfs,1d,MININDEX~TAN|and,pessimistic,fixed_combo,24.0,0.0,False,False,True,and,0.4384195458284691,0.4384195458284691,0.0
-0.40406972535635727,0.0,-0.20600139424828354,0.0,-1.8990793619981874,,XLE,10,10,22.088875298871415,False,False,False,False,0,False,7.654900411344613,866.1058399608401,-858.4509395494954,us_etfs,1d,TAN~MININDEX|gate,pessimistic,fixed_combo,24.0,0.0,False,False,True,gate,0.8542787465232611,0.4384195458284691,0.41585920069479193
-0.4047688819951179,0.0,-0.17459491676005331,0.0,-1.9023653145458654,,XLE,10,10,22.088875298871415,False,False,False,False,0,False,176.21583760073747,866.1058399608401,-689.8900023601026,us_etfs,1d,HT_TRENDMODE~TAN|vote,pessimistic,fixed_combo,24.0,0.0,False,False,True,vote,0.6609901752201848,0.5180619681679659,0.14292820705221881
-0.4064747652531432,0.0,-0.33881656816891104,0.0,-1.9103827617486644,,TLT,10,10,22.088875298871415,False,False,False,False,0,False,-16.105303647341128,866.1058399608401,-882.2111436081811,us_etfs,1d,HT_DCPHASE~MINMAXINDEX|vote,pessimistic,fixed_combo,24.0,0.0,False,False,True,vote,0.6441960048220924,0.3773843728674748,0.26681163195461766
-0.4080303343030562,0.0,-0.32091772706787236,0.0,-1.9176937501585176,,XLE,10,10,22.088875298871415,False,False,False,False,0,False,-19.130219658601803,866.1058399608401,-885.2360596194419,us_etfs,1d,HT_DCPHASE~HT_TRENDMODE|gate,pessimistic,fixed_combo,24.0,0.0,False,False,True,gate,0.7170558734743261,0.433984524614156,0.28307134886017005
-0.41040922433778865,0.0,-0.35218120616518994,0.0,-1.9288742486861896,,TLT,10,10,22.088875298871415,False,False,False,False,0,False,46.987370715909655,866.1058399608401,-819.1184692449305,us_etfs,1d,MAXINDEX~MINMAXINDEX|vote,pessimistic,fixed_combo,24.0,0.0,False,False,True,vote,0.6420264473719937,0.5126456037632897,0.12938084360870397
-0.4133850358414864,0.0,-0.3459594081390077,0.0,-1.9428602066959988,,TLT,10,10,22.088875298871415,False,False,False,False,0,False,-19.895646299492576,866.1058399608401,-886.0014862603326,us_etfs,1d,HT_DCPHASE~MINMAXINDEX|and,pessimistic,fixed_combo,24.0,0.0,False,False,True,and,0.6394452962277563,0.3743920478686185,0.2650532483591378
-0.41386358241873034,0.0,-0.2568605458072582,0.0,-1.9451093183506702,,XLF,10,10,22.088875298871415,False,False,False,False,0,False,-34.3661060032823,866.1058399608401,-900.4719459641224,us_etfs,1d,HT_PHASOR~HT_TRENDMODE|gate,pessimistic,fixed_combo,24.0,0.0,False,False,True,gate,0.7170558734743261,0.40752812516059567,0.30952774831373037
-0.41437317511620175,0.0,-0.22509222964094472,0.0,-1.9475043430557244,,XLE,10,10,22.088875298871415,False,False,False,False,0,False,-9.264211648564498,866.1058399608401,-875.3700516094045,us_etfs,1d,TAN~HT_TRENDMODE|gate,pessimistic,fixed_combo,24.0,0.0,False,False,True,gate,0.7170558734743261,0.3780460486945108,0.3390098247798153
-0.4167344212511782,0.0,-0.26384630798195685,0.0,-1.9586019173656462,,XLE,10,10,22.088875298871415,False,False,False,False,0,False,185.85333906951433,866.1058399608401,-680.2525008913258,us_etfs,1d,HT_TRENDMODE~TAN|and,pessimistic,fixed_combo,24.0,0.0,False,False,True,and,0.3780460486945108,0.3780460486945108,0.0
-0.41840690668081326,0.0,-0.2513250876654832,0.0,-1.9664623987710803,,XLE,10,10,22.088875298871415,False,False,False,False,0,False,189.5294718542917,866.1058399608401,-676.5763681065483,us_etfs,1d,MAXINDEX~TAN|and,pessimistic,fixed_combo,24.0,0.0,False,False,True,and,0.45357107090650006,0.45357107090650006,0.0
-0.42173228521469913,0.0,-0.34777193325561456,0.0,-1.9820912799968762,,XLE,10,10,22.088875298871415,False,False,False,False,0,False,169.89962449160348,866.1058399608401,-696.2062154692366,us_etfs,1d,HT_DCPHASE~HT_TRENDMODE|and,pessimistic,fixed_combo,24.0,0.0,False,False,True,and,0.433984524614156,0.433984524614156,0.0
-0.4228773094183513,0.0,-0.2936790612791596,0.0,-1.987472756751232,,XLF,10,10,22.088875298871415,False,False,False,False,0,False,143.59639229183415,866.1058399608401,-722.5094476690059,us_etfs,1d,HT_TRENDMODE~HT_PHASOR|and,pessimistic,fixed_combo,24.0,0.0,False,False,True,and,0.40752812516059567,0.40752812516059567,0.0
-0.4307178259707708,0.0,-0.3824856365674443,0.0,-2.024322246425257,,TLT,10,10,22.088875298871415,False,False,False,False,0,False,150.1090513018052,866.1058399608401,-715.9967886590348,us_etfs,1d,MININDEX~MINMAXINDEX|vote,pessimistic,fixed_combo,24.0,0.0,False,False,True,vote,0.5126456037632897,0.5126456037632897,0.0
-0.4310835201285312,0.0,-0.23046214203230067,0.0,-2.026040965211213,,XLE,10,10,22.088875298871415,False,False,False,False,0,False,6.296600951725486,866.1058399608401,-859.8092390091145,us_etfs,1d,TAN~MAXINDEX|gate,pessimistic,fixed_combo,24.0,0.0,False,False,True,gate,0.8674751935653646,0.45357107090650006,0.4139041226588646
-0.43163953482068085,0.0,-0.3171210822586018,0.0,-2.0286541677368364,,TLT,10,10,22.088875298871415,False,False,False,False,0,False,-28.713635700182465,866.1058399608401,-894.8194756610226,us_etfs,1d,HT_PHASOR~MINMAXINDEX|vote,pessimistic,fixed_combo,24.0,0.0,False,False,True,vote,0.5692823186896317,0.3178633115639681,0.25141900712566373
-0.43315608174386744,0.0,-0.31852698480966807,0.0,-2.0357817568200955,,XLF,10,10,22.088875298871415,False,False,False,False,0,False,245.80643172177753,866.1058399608401,-620.2994082390626,us_etfs,1d,HT_TRENDMODE~MININDEX|gate,pessimistic,fixed_combo,24.0,0.0,False,False,True,gate,0.6102697987619845,0.6102697987619845,0.0
-0.43315608174386744,0.0,-0.31852698480966807,0.0,-2.0357817568200955,,XLF,10,10,22.088875298871415,False,False,False,False,0,False,245.80643172177753,866.1058399608401,-620.2994082390626,us_etfs,1d,MININDEX~HT_TRENDMODE|and,pessimistic,fixed_combo,24.0,0.0,False,False,True,and,0.6102697987619845,0.6102697987619845,0.0
-0.43315608174386744,0.0,-0.31852698480966807,0.0,-2.0357817568200955,,XLF,10,10,22.088875298871415,False,False,False,False,0,False,245.80643172177753,866.1058399608401,-620.2994082390626,us_etfs,1d,MININDEX~HT_TRENDMODE|gate,pessimistic,fixed_combo,24.0,0.0,False,False,True,gate,0.6102697987619845,0.6102697987619845,0.0
-0.43397139517931843,0.0,-0.3857039269714052,0.0,-2.03961363241399,,TLT,10,10,22.088875298871415,False,False,False,False,0,False,144.1054001166553,866.1058399608401,-722.0004398441847,us_etfs,1d,MAXINDEX~MINMAXINDEX|and,pessimistic,fixed_combo,24.0,0.0,False,False,True,and,0.5110388579948848,0.5110388579948848,0.0
-0.43613658326373433,0.0,-0.3223615446635881,0.0,-2.049789757344737,,TLT,10,10,22.088875298871415,False,False,False,False,0,False,-30.63921858166511,866.1058399608401,-896.7450585425051,us_etfs,1d,HT_PHASOR~MINMAXINDEX|and,pessimistic,fixed_combo,24.0,0.0,False,False,True,and,0.5645316100952956,0.3152362363008794,0.24929537379441627
-0.4418467412314667,0.0,-0.3606734427337942,0.0,-2.0766268165693704,,TLT,10,10,22.088875298871415,False,False,False,False,0,False,101.22884977717459,866.1058399608401,-764.8769901836655,us_etfs,1d,MAXINDEX~AVGDEV|vote,pessimistic,fixed_combo,24.0,0.0,False,False,True,vote,0.5365370479025349,0.46153653482836204,0.0750005130741729
-0.4438835585736859,0.0,-0.3796678228848668,0.0,-2.086199614371426,,TLT,10,10,22.088875298871415,False,False,False,False,0,False,-58.041465339202546,866.1058399608401,-924.1473053000426,us_etfs,1d,MINMAXINDEX~AVGDEV|gate,pessimistic,fixed_combo,24.0,0.0,False,False,True,gate,0.9952492914056638,0.5110388579948848,0.48421043341077896
-0.4438835585736859,0.0,-0.3796678228848668,0.0,-2.086199614371426,,TLT,10,10,22.088875298871415,False,False,False,False,0,False,-58.041465339202546,866.1058399608401,-924.1473053000426,us_etfs,1d,MINMAXINDEX~HT_PHASOR|gate,pessimistic,fixed_combo,24.0,0.0,False,False,True,gate,0.9952492914056638,0.5110388579948848,0.48421043341077896
-0.4438835585736859,0.0,-0.3796678228848668,0.0,-2.086199614371426,,TLT,10,10,22.088875298871415,False,False,False,False,0,False,-58.041465339202546,866.1058399608401,-924.1473053000426,us_etfs,1d,MINMAXINDEX~TAN|gate,pessimistic,fixed_combo,24.0,0.0,False,False,True,gate,0.9952492914056638,0.5110388579948848,0.48421043341077896
-0.4439695088601504,0.0,-0.3797498485035563,0.0,-2.0866035704338075,,TLT,10,10,22.088875298871415,False,False,False,False,0,False,-58.048695052014125,866.1058399608401,-924.1545350128542,us_etfs,1d,MINMAXINDEX~HT_DCPHASE|gate,pessimistic,fixed_combo,24.0,0.0,False,False,True,gate,0.9952492914056638,0.5110388579948848,0.48421043341077896
-0.4464851852706526,0.0,-0.3626453581438756,0.0,-2.098426948561028,,TLT,10,10,22.088875298871415,False,False,False,False,0,False,95.37624277500541,866.1058399608401,-770.7295971858347,us_etfs,1d,MININDEX~AVGDEV|vote,pessimistic,fixed_combo,24.0,0.0,False,False,True,vote,0.5662307469514015,0.46153653482836204,0.10469421212303953
-0.4478390145643405,0.0,-0.37530426794358024,0.0,-2.1047897842549017,,TLT,10,10,22.088875298871415,False,False,False,False,0,False,-37.21031300499796,866.1058399608401,-903.316152965838,us_etfs,1d,MINMAXINDEX~MAXINDEX|gate,pessimistic,fixed_combo,24.0,0.0,False,False,True,gate,0.8658684477969599,0.5110388579948848,0.354829589802075
-0.4491558637432448,0.0,-0.3847687725600779,0.0,-2.110978817833985,,TLT,10,10,22.088875298871415,False,False,False,False,0,False,-60.124993469213585,866.1058399608401,-926.2308334300536,us_etfs,1d,MINMAXINDEX~AVGDEV|or,pessimistic,fixed_combo,24.0,0.0,False,False,True,or,1.0,0.511934640185472,0.48806535981452803
-0.4503286741504696,0.0,-0.36223925087948283,0.0,-2.116490886420497,,TLT,10,10,22.088875298871415,False,False,False,False,0,False,57.451141153565814,866.1058399608401,-808.6546988072743,us_etfs,1d,HT_TRENDMODE~MINMAXINDEX|vote,pessimistic,fixed_combo,24.0,0.0,False,False,True,vote,0.675738474085494,0.5137310351326445,0.16200743895284958
-0.45691384419361347,0.0,-0.31861029754546977,0.0,-2.147440397703863,,XLE,10,10,22.088875298871415,False,False,False,False,0,False,-18.064972700615094,866.1058399608401,-884.1708126614551,us_etfs,1d,TAN~MINMAXINDEX|and,pessimistic,fixed_combo,24.0,0.0,False,False,True,and,0.5233425810989238,0.27731770960600594,0.246024871492918
-0.45740483719928926,0.0,-0.3180410082400152,0.0,-2.149748006082942,,XLE,10,10,22.088875298871415,False,False,False,False,0,False,-16.389339121198287,866.1058399608401,-882.4951790820384,us_etfs,1d,TAN~MINMAXINDEX|vote,pessimistic,fixed_combo,24.0,0.0,False,False,True,vote,0.5280932896932601,0.2798764062501049,0.2482168834431552
-0.46099595957357486,0.0,-0.3511306155846411,0.0,-2.166625851562212,,TLT,10,10,22.088875298871415,False,False,False,False,0,False,41.74025810542885,866.1058399608401,-824.3655818554112,us_etfs,1d,HT_TRENDMODE~AVGDEV|vote,pessimistic,fixed_combo,24.0,0.0,False,False,True,vote,0.6459300283328029,0.46153653482836204,0.18439349350444095
-0.4704919389815719,0.0,-0.33633684225687566,0.0,-2.2112558185803612,,TLT,10,10,22.088875298871415,False,False,False,False,0,False,-17.011146520787584,866.1058399608401,-883.1169864816277,us_etfs,1d,HT_PHASOR~AVGDEV|and,pessimistic,fixed_combo,24.0,0.0,False,False,True,and,0.48864420117218954,0.25147955359044116,0.23716464758174832
-0.4704919389815719,0.0,-0.33633684225687566,0.0,-2.2112558185803612,,TLT,10,10,22.088875298871415,False,False,False,False,0,False,-17.011146520787584,866.1058399608401,-883.1169864816277,us_etfs,1d,HT_PHASOR~AVGDEV|vote,pessimistic,fixed_combo,24.0,0.0,False,False,True,vote,0.48864420117218954,0.25147955359044116,0.23716464758174832
-0.47445651995127125,0.0,-0.40415881329143255,0.0,-2.229888874773539,,TLT,10,10,22.088875298871415,False,False,False,False,0,False,-65.45532769563636,866.1058399608401,-931.5611676564764,us_etfs,1d,MINMAXINDEX~MININDEX|gate,pessimistic,fixed_combo,24.0,0.0,False,False,True,gate,0.8526720007548562,0.3684615673440773,0.48421043341077896
-0.475739183645814,0.0,-0.39190629279156075,0.0,-2.235917240666436,,TLT,10,10,22.088875298871415,False,False,False,False,0,False,-3.256039814606092,866.1058399608401,-869.3618797754461,us_etfs,1d,HT_DCPHASE~AVGDEV|vote,pessimistic,fixed_combo,24.0,0.0,False,False,True,vote,0.39457903062273897,0.22632856168510845,0.16825046893763046
-0.47585923804707286,0.0,-0.39202084902584616,0.0,-2.236481481987774,,TLT,10,10,22.088875298871415,False,False,False,False,0,False,-3.3040443356917635,866.1058399608401,-869.4098842965318,us_etfs,1d,HT_DCPHASE~AVGDEV|and,pessimistic,fixed_combo,24.0,0.0,False,False,True,and,0.39457903062273897,0.22632856168510845,0.16825046893763046
-0.47626444707147464,0.1,-0.4177828751107828,0.0,-2.238385915918968,,TLT,10,10,22.088875298871415,False,False,False,False,0,False,74.7287213781069,866.1058399608401,-791.3771185827331,us_etfs,1d,MININDEX~MINMAXINDEX|and,pessimistic,fixed_combo,24.0,0.0,False,False,True,and,0.3684615673440773,0.3684615673440773,0.0
-0.4786401393724587,0.0,-0.3867476376858504,0.0,-2.249551385480633,,TLT,10,10,22.088875298871415,False,False,False,False,0,False,-49.46672848527136,866.1058399608401,-915.5725684461114,us_etfs,1d,AVGDEV~MINMAXINDEX|gate,pessimistic,fixed_combo,24.0,0.0,False,False,True,gate,0.9952492914056638,0.46064075263777493,0.5346085387678889
-0.479027581113413,0.0,-0.3953450020537862,0.0,-2.251372315305489,,TLT,10,10,22.088875298871415,False,False,False,False,0,False,-58.90898081918446,866.1058399608401,-925.0148207800245,us_etfs,1d,MINMAXINDEX~HT_TRENDMODE|gate,pessimistic,fixed_combo,24.0,0.0,False,False,True,gate,0.7143636963365665,0.39216070187863716,0.3222029944579293
-0.4793427210503249,0.0,-0.4183834284366569,0.0,-2.252853435302299,,TLT,10,10,22.088875298871415,False,False,False,False,0,False,93.55471922414907,866.1058399608401,-772.551120736691,us_etfs,1d,HT_TRENDMODE~MINMAXINDEX|and,pessimistic,fixed_combo,24.0,0.0,False,False,True,and,0.39216070187863716,0.39216070187863716,0.0
-0.48096852288844005,0.0,-0.41459222337669177,0.0,-2.260494509413309,,TLT,10,10,22.088875298871415,False,False,False,False,0,False,128.0329903112151,866.1058399608401,-738.0728496496249,us_etfs,1d,MININDEX~AVGDEV|and,pessimistic,fixed_combo,24.0,0.0,False,False,True,and,0.4205094934746626,0.4205094934746626,0.0
-0.4821815758617499,0.0,-0.3920200799597783,0.0,-2.2661957132453745,,TLT,10,10,22.088875298871415,False,False,False,False,0,False,-50.61228442252256,866.1058399608401,-916.7181243833626,us_etfs,1d,AVGDEV~HT_PHASOR|gate,pessimistic,fixed_combo,24.0,0.0,False,False,True,gate,1.0,0.46153653482836204,0.538463465171638
-0.4821815758617499,0.0,-0.3920200799597783,0.0,-2.2661957132453745,,TLT,10,10,22.088875298871415,False,False,False,False,0,False,-50.61228442252256,866.1058399608401,-916.7181243833626,us_etfs,1d,AVGDEV~TAN|gate,pessimistic,fixed_combo,24.0,0.0,False,False,True,gate,1.0,0.46153653482836204,0.538463465171638
-0.4822856423612082,0.0,-0.3921193667712236,0.0,-2.2666848133412114,,TLT,10,10,22.088875298871415,False,False,False,False,0,False,-50.64476218496798,866.1058399608401,-916.750602145808,us_etfs,1d,AVGDEV~HT_DCPHASE|gate,pessimistic,fixed_combo,24.0,0.0,False,False,True,gate,1.0,0.46153653482836204,0.538463465171638
-0.4869070059756416,0.0,-0.42161389548820355,0.0,-2.288404669380215,,TLT,10,10,22.088875298871415,False,False,False,False,0,False,100.08013067248608,866.1058399608401,-766.0257092883539,us_etfs,1d,MAXINDEX~AVGDEV|and,pessimistic,fixed_combo,24.0,0.0,False,False,True,and,0.4040122414678996,0.4040122414678996,0.0
-0.4877918609593266,0.0,-0.33082213930592913,0.0,-2.292563381930123,,TLT,10,10,22.088875298871415,False,False,False,False,0,False,-19.277709477003263,866.1058399608401,-885.3835494378433,us_etfs,1d,TAN~AVGDEV|and,pessimistic,fixed_combo,24.0,0.0,False,False,True,and,0.49193885491401873,0.23576867895517334,0.2561701759588454
-0.4877918609593266,0.0,-0.33082213930592913,0.0,-2.292563381930123,,TLT,10,10,22.088875298871415,False,False,False,False,0,False,-19.277709477003263,866.1058399608401,-885.3835494378433,us_etfs,1d,TAN~AVGDEV|vote,pessimistic,fixed_combo,24.0,0.0,False,False,True,vote,0.49193885491401873,0.23576867895517334,0.2561701759588454
-0.498897358084058,0.0,-0.4051665930935836,0.0,-2.3447578896371972,,TLT,10,10,22.088875298871415,False,False,False,False,0,False,-49.23414166107445,866.1058399608401,-915.3399816219145,us_etfs,1d,AVGDEV~MININDEX|gate,pessimistic,fixed_combo,24.0,0.0,False,False,True,gate,0.8542787465232611,0.4205094934746626,0.4337692530485985
-0.5088415887601048,0.0,-0.4331265193832582,0.0,-2.3914945839816566,,TLT,10,10,22.088875298871415,False,False,False,False,0,False,108.28279281340215,866.1058399608401,-757.8230471474379,us_etfs,1d,HT_TRENDMODE~AVGDEV|and,pessimistic,fixed_combo,24.0,0.0,False,False,True,and,0.36298590180712903,0.36298590180712903,0.0
-0.5109313580116825,0.0,-0.4197585431527345,0.0,-2.4013162494219706,,TLT,10,10,22.088875298871415,False,False,False,False,0,False,-53.97058628874369,866.1058399608401,-920.0764262495837,us_etfs,1d,AVGDEV~MAXINDEX|gate,pessimistic,fixed_combo,24.0,0.0,False,False,True,gate,0.8674751935653646,0.4040122414678996,0.463462952097465
-0.533004217639027,0.0,-0.4240113172443654,0.0,-2.5050560486400495,,TLT,10,10,22.088875298871415,False,False,False,False,0,False,-44.68295735495717,866.1058399608401,-910.7887973157972,us_etfs,1d,AVGDEV~HT_TRENDMODE|gate,pessimistic,fixed_combo,24.0,0.0,False,False,True,gate,0.7170558734743261,0.36298590180712903,0.354069971667197
-0.5339166648492489,0.0,-0.45762548357867416,0.0,-2.5093444413532553,,TLT,10,10,22.088875298871415,False,False,False,False,0,False,-41.09693345247017,866.1058399608401,-907.2027734133102,us_etfs,1d,MINMAXINDEX~AVGDEV|and,pessimistic,fixed_combo,24.0,0.0,False,False,True,and,0.4568240405864065,0.21662717990670127,0.2401968606797053
-0.5399885824576487,0.0,-0.46341553759541043,0.0,-2.5378817276042756,,TLT,10,10,22.088875298871415,False,False,False,False,0,False,-43.60917412566074,866.1058399608401,-909.7150140865008,us_etfs,1d,MINMAXINDEX~AVGDEV|vote,pessimistic,fixed_combo,24.0,0.0,False,False,True,vote,0.46157474918074276,0.21752296209728836,0.24405178708345437
0.031766990218312585,0.5,0.039798673631941534,4.955209460124782,0.14930105308728886,-0.04307581240382386,GLD,10,10,22.088875298871415,False,False,True,False,1,False,888.8351124537069,866.1058399608401,22.729272492866812,us_etfs,1d,MININDEX~HT_DCPHASE|or,retail,fixed_combo,24.0,0.0,False,False,True,or,1.0,0.9785110279795404,0.021488972020459497
0.0008957908611617382,0.7,0.01799324809369803,1.0523932213415372,0.0042101098655647545,-31.438729358942616,XLV,10,10,22.088875298871415,False,True,False,False,1,False,958.3021599943222,866.1058399608401,92.19632003348215,us_etfs,1d,MININDEX~HT_PHASOR|or,retail,fixed_combo,24.0,0.0,False,False,True,or,1.0,0.9448757359547185,0.05512426404528138
-0.027344560135743157,0.5,-0.01719340372700362,0.0,-0.12851616084553355,,GLD,10,10,22.088875298871415,False,False,False,False,0,False,837.9367377372837,866.1058399608401,-28.169102223556365,us_etfs,1d,MININDEX~HT_TRENDMODE|or,retail,fixed_combo,24.0,0.0,False,False,True,or,0.9610648212356028,0.9610648212356028,0.0
-0.027344560135743157,0.5,-0.01719340372700362,0.0,-0.12851616084553355,,GLD,10,10,22.088875298871415,False,False,False,False,0,False,837.9367377372837,866.1058399608401,-28.169102223556365,us_etfs,1d,MININDEX~HT_TRENDMODE|vote,retail,fixed_combo,24.0,0.0,False,False,True,vote,0.9610648212356028,0.9610648212356028,0.0
-0.033367243668933774,0.5,-0.01793255728469037,0.0,-0.15682205283395614,,EFA,10,10,22.088875298871415,False,False,False,False,0,False,734.8498290528225,866.1058399608401,-131.25601090801752,us_etfs,1d,MAXINDEX~TAN|or,retail,fixed_combo,24.0,0.0,False,False,True,or,1.0,0.9319660908268306,0.06803390917316948
-0.06182421162132562,0.3,-0.033210795817364816,0.0,-0.29056639731749895,,SPY,10,10,22.088875298871415,False,False,False,False,0,False,857.6463862700173,866.1058399608401,-8.459453690822784,us_etfs,1d,HT_TRENDMODE~HT_PHASOR|or,retail,fixed_combo,24.0,0.0,False,False,True,or,1.0,0.8623061194940611,0.13769388050593884
-0.0907353407528775,0.4,-0.07905775535227472,0.0,-0.4264452450024457,,EFA,10,10,22.088875298871415,False,False,False,False,0,False,763.843989548832,866.1058399608401,-102.26185041200802,us_etfs,1d,MAXINDEX~HT_TRENDMODE|or,retail,fixed_combo,24.0,0.0,False,False,True,or,0.9471151748240777,0.9471151748240777,0.0
-0.0907353407528775,0.4,-0.07905775535227472,0.0,-0.4264452450024457,,EFA,10,10,22.088875298871415,False,False,False,False,0,False,763.843989548832,866.1058399608401,-102.26185041200802,us_etfs,1d,MAXINDEX~HT_TRENDMODE|vote,retail,fixed_combo,24.0,0.0,False,False,True,vote,0.9471151748240777,0.9471151748240777,0.0
-0.09835045472289028,0.3,-0.07861726785726218,0.0,-0.4622353695087083,,GLD,10,10,22.088875298871415,False,False,False,False,0,False,663.0229485688575,866.1058399608401,-203.08289139198257,us_etfs,1d,MININDEX~TAN|or,retail,fixed_combo,24.0,0.0,False,False,True,or,1.0,0.9339211688627579,0.06607883113724218
-0.10031975363312629,0.3,-0.08986714111078561,0.0,-0.4714908387590622,,EFA,10,10,22.088875298871415,False,False,False,False,0,False,598.3536186713868,866.1058399608401,-267.75222128945325,us_etfs,1d,MAXINDEX~AVGDEV|or,retail,fixed_combo,24.0,0.0,False,False,True,or,1.0,0.9249994869258271,0.0750005130741729
-0.1198758883380652,0.2,-0.1070573245767998,0.0,-0.56340233196943,,XLF,10,10,22.088875298871415,False,False,False,False,0,False,484.76990828389387,866.1058399608401,-381.3359316769462,us_etfs,1d,MAXINDEX~HT_PHASOR|or,retail,fixed_combo,24.0,0.0,False,False,True,or,1.0,0.92517695613233,0.07482304386766994
-0.12601928565485776,0.2,-0.0946132133056893,0.0,-0.5922755642973075,,XLE,10,10,22.088875298871415,False,False,False,False,0,False,593.8967156708792,866.1058399608401,-272.20912428996087,us_etfs,1d,HT_TRENDMODE~TAN|or,retail,fixed_combo,24.0,0.0,False,False,True,or,1.0,0.8570717929477812,0.14292820705221881
-0.1403177990767846,0.2,-0.12860874407537587,0.0,-0.6594768665549505,,GLD,10,10,22.088875298871415,False,False,False,False,0,False,518.8335510106274,866.1058399608401,-347.27228895021267,us_etfs,1d,MININDEX~AVGDEV|or,retail,fixed_combo,24.0,0.0,False,False,True,or,1.0,0.8953057878769604,0.10469421212303953
-0.14148723852912554,0.1,-0.13236791671910617,0.0,-0.6649730920568451,,TLT,10,10,22.088875298871415,False,False,False,False,0,False,404.115626316496,866.1058399608401,-461.99021364434407,us_etfs,1d,MAXINDEX~HT_DCPHASE|or,retail,fixed_combo,24.0,0.0,False,False,True,or,1.0,0.9029692885410718,0.09703071145892814
-0.17143256888815311,0.2,-0.13102840799313348,0.0,-0.8057125617681518,,GLD,10,10,22.088875298871415,False,False,False,False,0,False,399.73876199963235,866.1058399608401,-466.3670779612077,us_etfs,1d,IS#1[combo],retail,wf_combo,22.5,16.0,False,False,True,,,,
-0.18113424948696186,0.1,-0.1725453648598907,0.0,-0.8513092997708496,,XLF,10,10,22.088875298871415,False,False,False,False,0,False,323.7581438916552,866.1058399608401,-542.3476960691848,us_etfs,1d,MAXINDEX~MINMAXINDEX|or,retail,fixed_combo,24.0,0.0,False,False,True,or,0.9968560371740687,0.8674751935653646,0.12938084360870397
-0.18305016181835215,0.1,-0.16103492831408805,0.0,-0.8603138584883637,,XLF,10,10,22.088875298871415,False,False,False,False,0,False,391.88830918820634,866.1058399608401,-474.2175307726337,us_etfs,1d,HT_TRENDMODE~AVGDEV|or,retail,fixed_combo,24.0,0.0,False,False,True,or,1.0,0.8156065064955591,0.18439349350444095
-0.18352609495078379,0.1,-0.15356644138617587,0.0,-0.8625506872651175,,EFA,10,10,22.088875298871415,False,False,False,False,0,False,485.1257127478211,866.1058399608401,-380.98012721301893,us_etfs,1d,MAXINDEX~TAN|vote,retail,fixed_combo,24.0,0.0,False,False,True,vote,0.5860958773411353,0.5180619681679659,0.06803390917316948
-0.18753619034798363,0.1,-0.162422247589263,0.0,-0.8813976558217197,,TLT,10,10,22.088875298871415,False,False,False,False,0,False,466.60312687731476,866.1058399608401,-399.5027130835253,us_etfs,1d,MININDEX~HT_PHASOR|vote,retail,fixed_combo,24.0,0.0,False,False,True,vote,0.6079026352256122,0.5527783711803308,0.05512426404528138
-0.18772930754185319,0.1,-0.1817408272164095,0.0,-0.8823052835263224,,XLF,10,10,22.088875298871415,False,False,False,False,0,False,547.1676288097706,866.1058399608401,-318.9382111510695,us_etfs,1d,MAXINDEX~AVGDEV|gate,retail,fixed_combo,24.0,0.0,False,False,True,gate,0.8674751935653646,0.8674751935653646,0.0
-0.18772930754185319,0.1,-0.1817408272164095,0.0,-0.8823052835263224,,XLF,10,10,22.088875298871415,False,False,False,False,0,False,547.1676288097706,866.1058399608401,-318.9382111510695,us_etfs,1d,MAXINDEX~HT_PHASOR|gate,retail,fixed_combo,24.0,0.0,False,False,True,gate,0.8674751935653646,0.8674751935653646,0.0
-0.18772930754185319,0.1,-0.1817408272164095,0.0,-0.8823052835263224,,XLF,10,10,22.088875298871415,False,False,False,False,0,False,547.1676288097706,866.1058399608401,-318.9382111510695,us_etfs,1d,MAXINDEX~TAN|gate,retail,fixed_combo,24.0,0.0,False,False,True,gate,0.8674751935653646,0.8674751935653646,0.0
-0.18805616339471581,0.1,-0.1820657632924235,0.0,-0.8838414669262847,,XLF,10,10,22.088875298871415,False,False,False,False,0,False,546.681809784891,866.1058399608401,-319.42403017594904,us_etfs,1d,MAXINDEX~HT_DCPHASE|gate,retail,fixed_combo,24.0,0.0,False,False,True,gate,0.8674751935653646,0.8674751935653646,0.0
-0.18847157611202758,0.2,-0.18427726346737297,0.0,-0.8857938569932777,,GLD,10,10,22.088875298871415,False,False,False,False,0,False,830.7800059307416,866.1058399608401,-35.32583403009846,us_etfs,1d,MAXINDEX~MININDEX|or,retail,fixed_combo,24.0,0.0,False,False,True,or,0.9968560371740687,0.9968560371740687,0.0
-0.18847157611202758,0.2,-0.18427726346737297,0.0,-0.8857938569932777,,GLD,10,10,22.088875298871415,False,False,False,False,0,False,830.7800059307416,866.1058399608401,-35.32583403009846,us_etfs,1d,MAXINDEX~MININDEX|vote,retail,fixed_combo,24.0,0.0,False,False,True,vote,0.9968560371740687,0.9968560371740687,0.0
-0.18847157611202758,0.2,-0.18427726346737297,0.0,-0.8857938569932777,,GLD,10,10,22.088875298871415,False,False,False,False,0,False,830.7800059307416,866.1058399608401,-35.32583403009846,us_etfs,1d,MININDEX~MINMAXINDEX|or,retail,fixed_combo,24.0,0.0,False,False,True,or,0.9968560371740687,0.9968560371740687,0.0
-0.19147210559681885,0.0,-0.17024419648950925,0.0,-0.8998959865567058,,SPY,10,10,22.088875298871415,False,False,False,False,0,False,438.0036677517326,866.1058399608401,-428.10217220910744,us_etfs,1d,HT_TRENDMODE~MINMAXINDEX|or,retail,fixed_combo,24.0,0.0,False,False,True,or,0.9979414685434234,0.8359340295905738,0.16200743895284958
-0.19367818160097766,0.1,-0.18712369618789135,0.0,-0.9102642798179805,,XLF,10,10,22.088875298871415,False,False,False,False,0,False,531.8565678579198,866.1058399608401,-334.24927210292026,us_etfs,1d,MAXINDEX~MINMAXINDEX|gate,retail,fixed_combo,24.0,0.0,False,False,True,gate,0.8658684477969599,0.8658684477969599,0.0
-0.19524248451270426,0.1,-0.16613515988742455,0.0,-0.9176163163333461,,XLF,10,10,22.088875298871415,False,False,False,False,0,False,448.60044853915815,866.1058399608401,-417.5053914216819,us_etfs,1d,HT_TRENDMODE~HT_PHASOR|vote,retail,fixed_combo,24.0,0.0,False,False,True,vote,0.6904722516862696,0.5527783711803308,0.13769388050593884
-0.20003599485121973,0.2,-0.1924248425646246,0.0,-0.9401452413780801,,TLT,10,10,22.088875298871415,False,False,False,False,0,False,565.4725151537839,866.1058399608401,-300.63332480705617,us_etfs,1d,MININDEX~AVGDEV|gate,retail,fixed_combo,24.0,0.0,False,False,True,gate,0.8542787465232611,0.8542787465232611,0.0
-0.20003599485121973,0.2,-0.1924248425646246,0.0,-0.9401452413780801,,TLT,10,10,22.088875298871415,False,False,False,False,0,False,565.4725151537839,866.1058399608401,-300.63332480705617,us_etfs,1d,MININDEX~HT_DCPHASE|gate,retail,fixed_combo,24.0,0.0,False,False,True,gate,0.8542787465232611,0.8542787465232611,0.0
-0.20003599485121973,0.2,-0.1924248425646246,0.0,-0.9401452413780801,,TLT,10,10,22.088875298871415,False,False,False,False,0,False,565.4725151537839,866.1058399608401,-300.63332480705617,us_etfs,1d,MININDEX~HT_PHASOR|gate,retail,fixed_combo,24.0,0.0,False,False,True,gate,0.8542787465232611,0.8542787465232611,0.0
-0.20003599485121973,0.2,-0.1924248425646246,0.0,-0.9401452413780801,,TLT,10,10,22.088875298871415,False,False,False,False,0,False,565.4725151537839,866.1058399608401,-300.63332480705617,us_etfs,1d,MININDEX~TAN|gate,retail,fixed_combo,24.0,0.0,False,False,True,gate,0.8542787465232611,0.8542787465232611,0.0
-0.20862677670624694,0.1,-0.17674430919265813,0.0,-0.980520888204683,,TLT,10,10,22.088875298871415,False,False,False,False,0,False,460.6611506394937,866.1058399608401,-405.44468932134635,us_etfs,1d,MININDEX~TAN|vote,retail,fixed_combo,24.0,0.0,False,False,True,vote,0.5841407993052081,0.5180619681679659,0.06607883113724218
-0.20924747937237012,0.2,-0.2009595856161317,0.0,-0.9834381164680284,,TLT,10,10,22.088875298871415,False,False,False,False,0,False,552.2120550783109,866.1058399608401,-313.8937848825292,us_etfs,1d,MININDEX~MINMAXINDEX|gate,retail,fixed_combo,24.0,0.0,False,False,True,gate,0.8526720007548562,0.8526720007548562,0.0
-0.21000230037672657,0.1,-0.17459491676005331,0.0,-0.9869856848737333,,XLE,10,10,22.088875298871415,False,False,False,False,0,False,466.4401271748883,866.1058399608401,-399.66571278595177,us_etfs,1d,HT_TRENDMODE~TAN|vote,retail,fixed_combo,24.0,0.0,False,False,True,vote,0.6609901752201848,0.5180619681679659,0.14292820705221881
-0.21275609811119608,0.2,-0.1894596070262306,0.0,-0.999928204732246,,TLT,10,10,22.088875298871415,False,False,False,False,0,False,339.2374236062301,866.1058399608401,-526.86841635461,us_etfs,1d,MAXINDEX~HT_PHASOR|vote,retail,fixed_combo,24.0,0.0,False,False,True,vote,0.6276014150480007,0.5527783711803308,0.07482304386766994
-0.21375400804242392,0.1,-0.17921505372478358,0.0,-1.0046182620085156,,XLE,10,10,22.088875298871415,False,False,False,False,0,False,205.46046521818639,866.1058399608401,-660.6453747426536,us_etfs,1d,TAN~AVGDEV|gate,retail,fixed_combo,24.0,0.0,False,False,True,gate,1.0,0.5180619681679659,0.48193803183203404
-0.21375400804242392,0.1,-0.17921505372478358,0.0,-1.0046182620085156,,XLE,10,10,22.088875298871415,False,False,False,False,0,False,205.46046521818639,866.1058399608401,-660.6453747426536,us_etfs,1d,TAN~AVGDEV|or,retail,fixed_combo,24.0,0.0,False,False,True,or,1.0,0.5180619681679659,0.48193803183203404
-0.21375400804242392,0.1,-0.17921505372478358,0.0,-1.0046182620085156,,XLE,10,10,22.088875298871415,False,False,False,False,0,False,205.46046521818639,866.1058399608401,-660.6453747426536,us_etfs,1d,TAN~HT_PHASOR|gate,retail,fixed_combo,24.0,0.0,False,False,True,gate,1.0,0.5180619681679659,0.48193803183203404
-0.21375400804242392,0.1,-0.17921505372478358,0.0,-1.0046182620085156,,XLE,10,10,22.088875298871415,False,False,False,False,0,False,205.46046521818639,866.1058399608401,-660.6453747426536,us_etfs,1d,TAN~HT_PHASOR|or,retail,fixed_combo,24.0,0.0,False,False,True,or,1.0,0.5180619681679659,0.48193803183203404
-0.21375400804242392,0.1,-0.17921505372478358,0.0,-1.0046182620085156,,XLE,10,10,22.088875298871415,False,False,False,False,0,False,205.46046521818639,866.1058399608401,-660.6453747426536,us_etfs,1d,TAN~MINMAXINDEX|or,retail,fixed_combo,24.0,0.0,False,False,True,or,1.0,0.5180619681679659,0.48193803183203404
-0.21384125727476883,0.1,-0.17930179579823075,0.0,-1.0050283229611154,,XLE,10,10,22.088875298871415,False,False,False,False,0,False,205.41692801370397,866.1058399608401,-660.6889119471361,us_etfs,1d,TAN~HT_DCPHASE|gate,retail,fixed_combo,24.0,0.0,False,False,True,gate,1.0,0.5180619681679659,0.48193803183203404
-0.21422632500870925,0.1,-0.17964042058686278,0.0,-1.006838095237058,,XLE,10,10,22.088875298871415,False,False,False,False,0,False,200.0225877874673,866.1058399608401,-666.0832521733728,us_etfs,1d,TAN~MINMAXINDEX|gate,retail,fixed_combo,24.0,0.0,False,False,True,gate,0.9952492914056638,0.515503271523867,0.47974601988179694
-0.21520632904700593,0.0,-0.18792903259895527,0.0,-1.0114439969590014,,TLT,10,10,22.088875298871415,False,False,False,False,0,False,115.06436566813586,866.1058399608401,-751.0414742927042,us_etfs,1d,HT_PHASOR~AVGDEV|gate,retail,fixed_combo,24.0,0.0,False,False,True,gate,1.0,0.5527783711803308,0.4472216288196692
-0.21520632904700593,0.0,-0.18792903259895527,0.0,-1.0114439969590014,,TLT,10,10,22.088875298871415,False,False,False,False,0,False,115.06436566813586,866.1058399608401,-751.0414742927042,us_etfs,1d,HT_PHASOR~AVGDEV|or,retail,fixed_combo,24.0,0.0,False,False,True,or,1.0,0.5527783711803308,0.4472216288196692
-0.21520632904700593,0.0,-0.18792903259895527,0.0,-1.0114439969590014,,TLT,10,10,22.088875298871415,False,False,False,False,0,False,115.06436566813586,866.1058399608401,-751.0414742927042,us_etfs,1d,HT_PHASOR~MINMAXINDEX|or,retail,fixed_combo,24.0,0.0,False,False,True,or,1.0,0.5527783711803308,0.4472216288196692
-0.21520632904700593,0.0,-0.18792903259895527,0.0,-1.0114439969590014,,TLT,10,10,22.088875298871415,False,False,False,False,0,False,115.06436566813586,866.1058399608401,-751.0414742927042,us_etfs,1d,HT_PHASOR~TAN|gate,retail,fixed_combo,24.0,0.0,False,False,True,gate,1.0,0.5527783711803308,0.4472216288196692
-0.21529217897333663,0.0,-0.18801437697444215,0.0,-1.0118474813407623,,TLT,10,10,22.088875298871415,False,False,False,False,0,False,114.74749131704372,866.1058399608401,-751.3583486437964,us_etfs,1d,HT_PHASOR~HT_DCPHASE|gate,retail,fixed_combo,24.0,0.0,False,False,True,gate,1.0,0.5527783711803308,0.4472216288196692
-0.22011647976823245,0.0,-0.1927147585818755,0.0,-1.0345211178463882,,TLT,10,10,22.088875298871415,False,False,False,False,0,False,104.84268202234625,866.1058399608401,-761.2631579384938,us_etfs,1d,HT_PHASOR~MINMAXINDEX|gate,retail,fixed_combo,24.0,0.0,False,False,True,gate,0.9952492914056638,0.5501512959172421,0.4450979954884217
-0.22441407585528164,0.0,-0.20826403006295796,0.0,-1.0547193052456583,,TLT,10,10,22.088875298871415,False,False,False,False,0,False,346.21512458512274,866.1058399608401,-519.8907153757173,us_etfs,1d,HT_DCPHASE~HT_TRENDMODE|vote,retail,fixed_combo,24.0,0.0,False,False,True,vote,0.71692865113983,0.596541557919116,0.12038709322071398
-0.2285057635056686,0.0,-0.20258562514973813,0.0,-1.0739497476296795,,TLT,10,10,22.088875298871415,False,False,False,False,0,False,130.82475559389533,866.1058399608401,-735.2810843669447,us_etfs,1d,HT_PHASOR~MAXINDEX|gate,retail,fixed_combo,24.0,0.0,False,False,True,gate,0.8674751935653646,0.4950766086133654,0.3723985849519993
-0.2321994239473805,0.0,-0.22178940333627334,0.0,-1.0913095097571142,,TLT,10,10,22.088875298871415,False,False,False,False,0,False,410.4263099901518,866.1058399608401,-455.67952997068824,us_etfs,1d,MININDEX~HT_DCPHASE|vote,retail,fixed_combo,24.0,0.0,False,False,True,vote,0.6180305299395755,0.596541557919116,0.021488972020459497
-0.23768871481894155,0.1,-0.20600139424828354,0.0,-1.1171085200566186,,XLE,10,10,22.088875298871415,False,False,False,False,0,False,167.93998632227687,866.1058399608401,-698.1658536385632,us_etfs,1d,TAN~MININDEX|gate,retail,fixed_combo,24.0,0.0,False,False,True,gate,0.8542787465232611,0.4384195458284691,0.41585920069479193
-0.2390517147685566,0.0,-0.21014685549229983,0.0,-1.123514456736076,,TLT,10,10,22.088875298871415,False,False,False,False,0,False,165.7406035955487,866.1058399608401,-700.3652363652914,us_etfs,1d,TAN~HT_PHASOR|and,retail,fixed_combo,24.0,0.0,False,False,True,and,0.5089521672146228,0.28989625328145974,0.21905591393316307
-0.2390517147685566,0.0,-0.21014685549229983,0.0,-1.123514456736076,,TLT,10,10,22.088875298871415,False,False,False,False,0,False,165.7406035955487,866.1058399608401,-700.3652363652914,us_etfs,1d,TAN~HT_PHASOR|vote,retail,fixed_combo,24.0,0.0,False,False,True,vote,0.5089521672146228,0.28989625328145974,0.21905591393316307
-0.24676536636308805,0.1,-0.23552912998411685,0.0,-1.1597676962874923,,TLT,10,10,22.088875298871415,False,False,False,False,0,False,255.7884162787377,866.1058399608401,-610.3174236821023,us_etfs,1d,MAXINDEX~HT_DCPHASE|vote,retail,fixed_combo,24.0,0.0,False,False,True,vote,0.6935722693780442,0.596541557919116,0.09703071145892814
-0.2484675370108777,0.0,-0.22889740490682278,0.0,-1.1677676946663997,,XLF,10,10,22.088875298871415,False,False,False,False,0,False,382.12477382238035,866.1058399608401,-483.9810661384597,us_etfs,1d,MAXINDEX~HT_PHASOR|and,retail,fixed_combo,24.0,0.0,False,False,True,and,0.4950766086133654,0.4950766086133654,0.0
-0.2507755234807374,0.1,-0.24176537860844022,0.0,-1.1786149549228224,,TLT,10,10,22.088875298871415,False,False,False,False,0,False,379.15902846556355,866.1058399608401,-486.9468114952765,us_etfs,1d,MAXINDEX~MININDEX|and,retail,fixed_combo,24.0,0.0,False,False,True,and,0.7248979029145571,0.7248979029145571,0.0
-0.2507755234807374,0.1,-0.24176537860844022,0.0,-1.1786149549228224,,TLT,10,10,22.088875298871415,False,False,False,False,0,False,379.15902846556355,866.1058399608401,-486.9468114952765,us_etfs,1d,MAXINDEX~MININDEX|gate,retail,fixed_combo,24.0,0.0,False,False,True,gate,0.7248979029145571,0.7248979029145571,0.0
-0.2507755234807374,0.1,-0.24176537860844022,0.0,-1.1786149549228224,,TLT,10,10,22.088875298871415,False,False,False,False,0,False,379.15902846556355,866.1058399608401,-486.9468114952765,us_etfs,1d,MININDEX~MAXINDEX|gate,retail,fixed_combo,24.0,0.0,False,False,True,gate,0.7248979029145571,0.7248979029145571,0.0
-0.25511125004922136,0.0,-0.22509222964094472,0.0,-1.1989923510225016,,EFA,10,10,22.088875298871415,False,False,False,False,0,False,126.71588834392591,866.1058399608401,-739.3899516169141,us_etfs,1d,TAN~HT_TRENDMODE|gate,retail,fixed_combo,24.0,0.0,False,False,True,gate,0.7170558734743261,0.3780460486945108,0.3390098247798153
-0.25576119905620937,0.0,-0.23690471911110778,0.0,-1.20204703358857,,XLF,10,10,22.088875298871415,False,False,False,False,0,False,512.3181521098368,866.1058399608401,-353.7876878510033,us_etfs,1d,HT_TRENDMODE~AVGDEV|gate,retail,fixed_combo,24.0,0.0,False,False,True,gate,0.7170558734743261,0.7170558734743261,0.0
-0.25576119905620937,0.0,-0.23690471911110778,0.0,-1.20204703358857,,XLF,10,10,22.088875298871415,False,False,False,False,0,False,512.3181521098368,866.1058399608401,-353.7876878510033,us_etfs,1d,HT_TRENDMODE~HT_PHASOR|gate,retail,fixed_combo,24.0,0.0,False,False,True,gate,0.7170558734743261,0.7170558734743261,0.0
-0.25576119905620937,0.0,-0.23690471911110778,0.0,-1.20204703358857,,XLF,10,10,22.088875298871415,False,False,False,False,0,False,512.3181521098368,866.1058399608401,-353.7876878510033,us_etfs,1d,HT_TRENDMODE~TAN|gate,retail,fixed_combo,24.0,0.0,False,False,True,gate,0.7170558734743261,0.7170558734743261,0.0
-0.25607095592132817,0.0,-0.23721275085925866,0.0,-1.20350285379204,,XLF,10,10,22.088875298871415,False,False,False,False,0,False,511.8933291094219,866.1058399608401,-354.21251085141813,us_etfs,1d,HT_TRENDMODE~HT_DCPHASE|gate,retail,fixed_combo,24.0,0.0,False,False,True,gate,0.7170558734743261,0.7170558734743261,0.0
-0.2560878003839312,0.1,-0.23083251019863638,0.0,-1.2035820207508248,,TLT,10,10,22.088875298871415,False,False,False,False,0,False,387.52562412801274,866.1058399608401,-478.5802158328273,us_etfs,1d,MININDEX~TAN|and,retail,fixed_combo,24.0,0.0,False,False,True,and,0.4384195458284691,0.4384195458284691,0.0
-0.2562591984021992,0.0,-0.24266971714358618,0.0,-1.204387570928812,,TLT,10,10,22.088875298871415,False,False,False,False,0,False,73.68814434062922,866.1058399608401,-792.4176956202108,us_etfs,1d,HT_DCPHASE~AVGDEV|or,retail,fixed_combo,24.0,0.0,False,False,True,or,1.0,0.596541557919116,0.403458442080884
-0.2562591984021992,0.0,-0.24266971714358618,0.0,-1.204387570928812,,TLT,10,10,22.088875298871415,False,False,False,False,0,False,73.68814434062922,866.1058399608401,-792.4176956202108,us_etfs,1d,HT_DCPHASE~HT_PHASOR|or,retail,fixed_combo,24.0,0.0,False,False,True,or,1.0,0.596541557919116,0.403458442080884
-0.2562591984021992,0.0,-0.24266971714358618,0.0,-1.204387570928812,,TLT,10,10,22.088875298871415,False,False,False,False,0,False,73.68814434062922,866.1058399608401,-792.4176956202108,us_etfs,1d,HT_DCPHASE~HT_TRENDMODE|or,retail,fixed_combo,24.0,0.0,False,False,True,or,1.0,0.596541557919116,0.403458442080884
-0.2562591984021992,0.0,-0.24266971714358618,0.0,-1.204387570928812,,TLT,10,10,22.088875298871415,False,False,False,False,0,False,73.68814434062922,866.1058399608401,-792.4176956202108,us_etfs,1d,HT_DCPHASE~MINMAXINDEX|or,retail,fixed_combo,24.0,0.0,False,False,True,or,1.0,0.596541557919116,0.403458442080884
-0.2562591984021992,0.0,-0.24266971714358618,0.0,-1.204387570928812,,TLT,10,10,22.088875298871415,False,False,False,False,0,False,73.68814434062922,866.1058399608401,-792.4176956202108,us_etfs,1d,HT_DCPHASE~TAN|or,retail,fixed_combo,24.0,0.0,False,False,True,or,1.0,0.596541557919116,0.403458442080884
-0.25634754893018485,0.0,-0.24275753842759892,0.0,-1.2048028078391528,,TLT,10,10,22.088875298871415,False,False,False,False,0,False,73.66143563864168,866.1058399608401,-792.4444043221984,us_etfs,1d,HT_DCPHASE~AVGDEV|gate,retail,fixed_combo,24.0,0.0,False,False,True,gate,1.0,0.596541557919116,0.403458442080884
-0.25634754893018485,0.0,-0.24275753842759892,0.0,-1.2048028078391528,,TLT,10,10,22.088875298871415,False,False,False,False,0,False,73.66143563864168,866.1058399608401,-792.4444043221984,us_etfs,1d,HT_DCPHASE~HT_PHASOR|gate,retail,fixed_combo,24.0,0.0,False,False,True,gate,1.0,0.596541557919116,0.403458442080884
-0.25634754893018485,0.0,-0.24275753842759892,0.0,-1.2048028078391528,,TLT,10,10,22.088875298871415,False,False,False,False,0,False,73.66143563864168,866.1058399608401,-792.4444043221984,us_etfs,1d,HT_DCPHASE~TAN|gate,retail,fixed_combo,24.0,0.0,False,False,True,gate,1.0,0.596541557919116,0.403458442080884
-0.25914713945905554,0.0,-0.23946837144804226,0.0,-1.2179605483522167,,TLT,10,10,22.088875298871415,False,False,False,False,0,False,116.68710256018963,866.1058399608401,-749.4187374006505,us_etfs,1d,HT_DCPHASE~HT_PHASOR|vote,retail,fixed_combo,24.0,0.0,False,False,True,vote,0.6006580824732837,0.37498900578636524,0.2256690766869184
-0.25924282415218686,0.0,-0.23956348775512462,0.0,-1.2184102549612048,,TLT,10,10,22.088875298871415,False,False,False,False,0,False,116.55500688959235,866.1058399608401,-749.5508330712477,us_etfs,1d,HT_DCPHASE~HT_PHASOR|and,retail,fixed_combo,24.0,0.0,False,False,True,and,0.6006580824732837,0.37498900578636524,0.2256690766869184
-0.2624319637541743,0.0,-0.24855410737829509,0.0,-1.2333988295081453,,TLT,10,10,22.088875298871415,False,False,False,False,0,False,109.37106657666136,866.1058399608401,-756.7347733841787,us_etfs,1d,HT_DCPHASE~MAXINDEX|gate,retail,fixed_combo,24.0,0.0,False,False,True,gate,0.8674751935653646,0.5610474629434088,0.3064277306219559
-0.26256215062321486,0.1,-0.23046214203230067,0.0,-1.2340106922157015,,XLE,10,10,22.088875298871415,False,False,False,False,0,False,153.8163596193911,866.1058399608401,-712.289480341449,us_etfs,1d,TAN~MAXINDEX|gate,retail,fixed_combo,24.0,0.0,False,False,True,gate,0.8674751935653646,0.45357107090650006,0.4139041226588646
-0.26321762668882226,0.0,-0.2494235427355262,0.0,-1.2370913512959654,,TLT,10,10,22.088875298871415,False,False,False,False,0,False,65.37449674737415,866.1058399608401,-800.731343213466,us_etfs,1d,HT_DCPHASE~MINMAXINDEX|gate,retail,fixed_combo,24.0,0.0,False,False,True,gate,0.9952492914056638,0.5935492329202596,0.40170005848540413
-0.2642771389416186,0.1,-0.2392112958302195,0.0,-1.2420709321128534,,TLT,10,10,22.088875298871415,False,False,False,False,0,False,49.83377879275473,866.1058399608401,-816.2720611680853,us_etfs,1d,HT_PHASOR~MININDEX|gate,retail,fixed_combo,24.0,0.0,False,False,True,gate,0.8542787465232611,0.46218138174887324,0.39209736477438784
-0.2672276852636525,0.0,-0.24801923468536802,0.0,-1.2559381467918362,,XLF,10,10,22.088875298871415,False,False,False,False,0,False,491.00005496015126,866.1058399608401,-375.1057850006888,us_etfs,1d,HT_TRENDMODE~MINMAXINDEX|gate,retail,fixed_combo,24.0,0.0,False,False,True,gate,0.7143636963365665,0.7143636963365665,0.0
-0.2673038487371857,0.0,-0.24389583843366403,0.0,-1.2562961060044386,,TLT,10,10,22.088875298871415,False,False,False,False,0,False,176.80784096386247,866.1058399608401,-689.2979989969776,us_etfs,1d,HT_DCPHASE~TAN|vote,retail,fixed_combo,24.0,0.0,False,False,True,vote,0.5078903500403038,0.3112469380636929,0.196643411976611
-0.2674050775721518,0.0,-0.2439964693262216,0.0,-1.2567718694166905,,TLT,10,10,22.088875298871415,False,False,False,False,0,False,176.75124650913006,866.1058399608401,-689.35459345171,us_etfs,1d,HT_DCPHASE~TAN|and,retail,fixed_combo,24.0,0.0,False,False,True,and,0.5078903500403038,0.3112469380636929,0.196643411976611
-0.27613908140977383,0.0,-0.2513250876654832,0.0,-1.297820642424896,,XLE,10,10,22.088875298871415,False,False,False,False,0,False,354.1921176122572,866.1058399608401,-511.91372234858284,us_etfs,1d,MAXINDEX~TAN|and,retail,fixed_combo,24.0,0.0,False,False,True,and,0.45357107090650006,0.45357107090650006,0.0
-0.2778451988367211,0.0,-0.26911687052491484,0.0,-1.3058391901936095,,TLT,10,10,22.088875298871415,False,False,False,False,0,False,344.4448274205849,866.1058399608401,-521.6610125402551,us_etfs,1d,MAXINDEX~HT_DCPHASE|and,retail,fixed_combo,24.0,0.0,False,False,True,and,0.5610474629434088,0.5610474629434088,0.0
-0.2804993288307684,0.1,-0.2606564917742362,0.0,-1.3183132835974407,,TLT,10,10,22.088875298871415,False,False,False,False,0,False,277.7515385715741,866.1058399608401,-588.354301389266,us_etfs,1d,MININDEX~HT_PHASOR|and,retail,fixed_combo,24.0,0.0,False,False,True,and,0.46218138174887324,0.46218138174887324,0.0
-0.281854987529233,0.0,-0.2568605458072582,0.0,-1.324684717274876,,TLT,10,10,22.088875298871415,False,False,False,False,0,False,47.29236677334639,866.1058399608401,-818.8134731874936,us_etfs,1d,HT_PHASOR~HT_TRENDMODE|gate,retail,fixed_combo,24.0,0.0,False,False,True,gate,0.7170558734743261,0.40752812516059567,0.30952774831373037
-0.2865511837990585,0.0,-0.26384630798195685,0.0,-1.3467562778404516,,XLE,10,10,22.088875298871415,False,False,False,False,0,False,345.79516353960736,866.1058399608401,-520.3106764212328,us_etfs,1d,HT_TRENDMODE~TAN|and,retail,fixed_combo,24.0,0.0,False,False,True,and,0.3780460486945108,0.3780460486945108,0.0
-0.3043007500849579,0.1,-0.28936847515843944,0.0,-1.4301771156382916,,XLF,10,10,22.088875298871415,False,False,False,False,0,False,367.41713161554856,866.1058399608401,-498.6887083452915,us_etfs,1d,HT_TRENDMODE~MAXINDEX|gate,retail,fixed_combo,24.0,0.0,False,False,True,gate,0.637415892215613,0.637415892215613,0.0
-0.3043007500849579,0.1,-0.28936847515843944,0.0,-1.4301771156382916,,XLF,10,10,22.088875298871415,False,False,False,False,0,False,367.41713161554856,866.1058399608401,-498.6887083452915,us_etfs,1d,MAXINDEX~HT_TRENDMODE|and,retail,fixed_combo,24.0,0.0,False,False,True,and,0.637415892215613,0.637415892215613,0.0
-0.3043007500849579,0.1,-0.28936847515843944,0.0,-1.4301771156382916,,XLF,10,10,22.088875298871415,False,False,False,False,0,False,367.41713161554856,866.1058399608401,-498.6887083452915,us_etfs,1d,MAXINDEX~HT_TRENDMODE|gate,retail,fixed_combo,24.0,0.0,False,False,True,gate,0.637415892215613,0.637415892215613,0.0
-0.3052484505157637,0.1,-0.2911464439332586,0.0,-1.4346311942701735,,TLT,10,10,22.088875298871415,False,False,False,False,0,False,17.448631844175733,866.1058399608401,-848.6572081166644,us_etfs,1d,HT_DCPHASE~MININDEX|gate,retail,fixed_combo,24.0,0.0,False,False,True,gate,0.8542787465232611,0.47230927646283655,0.3819694700604245
-0.3128621952186304,0.0,-0.2936790612791596,0.0,-1.470414883384683,,XLF,10,10,22.088875298871415,False,False,False,False,0,False,261.9316139626376,866.1058399608401,-604.1742259982025,us_etfs,1d,HT_TRENDMODE~HT_PHASOR|and,retail,fixed_combo,24.0,0.0,False,False,True,and,0.40752812516059567,0.40752812516059567,0.0
-0.31951534582435837,0.1,-0.30915386420598884,0.0,-1.5016838951782807,,TLT,10,10,22.088875298871415,False,False,False,False,0,False,236.92860112884063,866.1058399608401,-629.1772388319994,us_etfs,1d,MININDEX~HT_DCPHASE|and,retail,fixed_combo,24.0,0.0,False,False,True,and,0.47230927646283655,0.47230927646283655,0.0
-0.33542446959392797,0.0,-0.32091772706787236,0.0,-1.5764548733593835,,XLE,10,10,22.088875298871415,False,False,False,False,0,False,26.468662993699883,866.1058399608401,-839.6371769671401,us_etfs,1d,HT_DCPHASE~HT_TRENDMODE|gate,retail,fixed_combo,24.0,0.0,False,False,True,gate,0.7170558734743261,0.433984524614156,0.28307134886017005
-0.3355469990852537,0.0,-0.31852698480966807,0.0,-1.57703074730789,,XLF,10,10,22.088875298871415,False,False,False,False,0,False,334.3198826922079,866.1058399608401,-531.7859572686322,us_etfs,1d,HT_TRENDMODE~MININDEX|gate,retail,fixed_combo,24.0,0.0,False,False,True,gate,0.6102697987619845,0.6102697987619845,0.0
-0.3355469990852537,0.0,-0.31852698480966807,0.0,-1.57703074730789,,XLF,10,10,22.088875298871415,False,False,False,False,0,False,334.3198826922079,866.1058399608401,-531.7859572686322,us_etfs,1d,MININDEX~HT_TRENDMODE|and,retail,fixed_combo,24.0,0.0,False,False,True,and,0.6102697987619845,0.6102697987619845,0.0
-0.3355469990852537,0.0,-0.31852698480966807,0.0,-1.57703074730789,,XLF,10,10,22.088875298871415,False,False,False,False,0,False,334.3198826922079,866.1058399608401,-531.7859572686322,us_etfs,1d,MININDEX~HT_TRENDMODE|gate,retail,fixed_combo,24.0,0.0,False,False,True,gate,0.6102697987619845,0.6102697987619845,0.0
-0.33557234298649574,0.0,-0.3171210822586018,0.0,-1.577149860611315,,TLT,10,10,22.088875298871415,False,False,False,False,0,False,26.056506109507005,866.1058399608401,-840.049333851333,us_etfs,1d,HT_PHASOR~MINMAXINDEX|vote,retail,fixed_combo,24.0,0.0,False,False,True,vote,0.5692823186896317,0.3178633115639681,0.25141900712566373
-0.3401927708246797,0.0,-0.3180410082400152,0.0,-1.5988653186139126,,TLT,10,10,22.088875298871415,False,False,False,False,0,False,56.35298039340821,866.1058399608401,-809.7528595674319,us_etfs,1d,TAN~MINMAXINDEX|vote,retail,fixed_combo,24.0,0.0,False,False,True,vote,0.5280932896932601,0.2798764062501049,0.2482168834431552
-0.3405923067745925,0.0,-0.31861029754546977,0.0,-1.6007430897737949,,TLT,10,10,22.088875298871415,False,False,False,False,0,False,52.83687419816592,866.1058399608401,-813.2689657626742,us_etfs,1d,TAN~MINMAXINDEX|and,retail,fixed_combo,24.0,0.0,False,False,True,and,0.5233425810989238,0.27731770960600594,0.246024871492918
-0.3406918073236999,0.0,-0.3223615446635881,0.0,-1.6012107304493013,,TLT,10,10,22.088875298871415,False,False,False,False,0,False,22.094172338862546,866.1058399608401,-844.0116676219775,us_etfs,1d,HT_PHASOR~MINMAXINDEX|and,retail,fixed_combo,24.0,0.0,False,False,True,and,0.5645316100952956,0.3152362363008794,0.24929537379441627
-0.35039059397717437,0.0,-0.33881656816891104,0.0,-1.6467938672551903,,TLT,10,10,22.088875298871415,False,False,False,False,0,False,17.124647717349774,866.1058399608401,-848.9811922434903,us_etfs,1d,HT_DCPHASE~MINMAXINDEX|vote,retail,fixed_combo,24.0,0.0,False,False,True,vote,0.6441960048220924,0.3773843728674748,0.26681163195461766
-0.35574466625283163,0.0,-0.33082213930592913,0.0,-1.6719573663329304,,TLT,10,10,22.088875298871415,False,False,False,False,0,False,61.295727755981375,866.1058399608401,-804.8101122048587,us_etfs,1d,TAN~AVGDEV|and,retail,fixed_combo,24.0,0.0,False,False,True,and,0.49193885491401873,0.23576867895517334,0.2561701759588454
-0.35574466625283163,0.0,-0.33082213930592913,0.0,-1.6719573663329304,,TLT,10,10,22.088875298871415,False,False,False,False,0,False,61.295727755981375,866.1058399608401,-804.8101122048587,us_etfs,1d,TAN~AVGDEV|vote,retail,fixed_combo,24.0,0.0,False,False,True,vote,0.49193885491401873,0.23576867895517334,0.2561701759588454
-0.35748976129648324,0.0,-0.3459594081390077,0.0,-1.68015910423646,,TLT,10,10,22.088875298871415,False,False,False,False,0,False,11.650407155656655,866.1058399608401,-854.4554328051834,us_etfs,1d,HT_DCPHASE~MINMAXINDEX|and,retail,fixed_combo,24.0,0.0,False,False,True,and,0.6394452962277563,0.3743920478686185,0.2650532483591378
-0.3577512568351473,0.0,-0.33633684225687566,0.0,-1.6813881019800885,,TLT,10,10,22.088875298871415,False,False,False,False,0,False,51.19030466611118,866.1058399608401,-814.9155352947289,us_etfs,1d,HT_PHASOR~AVGDEV|and,retail,fixed_combo,24.0,0.0,False,False,True,and,0.48864420117218954,0.25147955359044116,0.23716464758174832
-0.3577512568351473,0.0,-0.33633684225687566,0.0,-1.6813881019800885,,TLT,10,10,22.088875298871415,False,False,False,False,0,False,51.19030466611118,866.1058399608401,-814.9155352947289,us_etfs,1d,HT_PHASOR~AVGDEV|vote,retail,fixed_combo,24.0,0.0,False,False,True,vote,0.48864420117218954,0.25147955359044116,0.23716464758174832
-0.35875485273962815,0.0,-0.34777193325561456,0.0,-1.6861048826503173,,XLE,10,10,22.088875298871415,False,False,False,False,0,False,237.06417128397487,866.1058399608401,-629.0416686768651,us_etfs,1d,HT_DCPHASE~HT_TRENDMODE|and,retail,fixed_combo,24.0,0.0,False,False,True,and,0.433984524614156,0.433984524614156,0.0
-0.36181945040581126,0.0,-0.35218120616518994,0.0,-1.7005081250004919,,TLT,10,10,22.088875298871415,False,False,False,False,0,False,82.7800952732118,866.1058399608401,-783.3257446876282,us_etfs,1d,MAXINDEX~MINMAXINDEX|vote,retail,fixed_combo,24.0,0.0,False,False,True,vote,0.6420264473719937,0.5126456037632897,0.12938084360870397
-0.3689362724393803,0.0,-0.3511306155846411,0.0,-1.733956337026388,,TLT,10,10,22.088875298871415,False,False,False,False,0,False,107.50160965304175,866.1058399608401,-758.6042303077983,us_etfs,1d,HT_TRENDMODE~AVGDEV|vote,retail,fixed_combo,24.0,0.0,False,False,True,vote,0.6459300283328029,0.46153653482836204,0.18439349350444095
-0.373416691924692,0.0,-0.3606734427337942,0.0,-1.755013772522566,,TLT,10,10,22.088875298871415,False,False,False,False,0,False,157.25583830341526,866.1058399608401,-708.8500016574249,us_etfs,1d,MAXINDEX~AVGDEV|vote,retail,fixed_combo,24.0,0.0,False,False,True,vote,0.5365370479025349,0.46153653482836204,0.0750005130741729
-0.37602848290440083,0.1,-0.3626453581438756,0.0,-1.767288877624894,,TLT,10,10,22.088875298871415,False,False,False,False,0,False,152.4336858721172,866.1058399608401,-713.6721540887229,us_etfs,1d,MININDEX~AVGDEV|vote,retail,fixed_combo,24.0,0.0,False,False,True,vote,0.5662307469514015,0.46153653482836204,0.10469421212303953
-0.37663899613319024,0.0,-0.36223925087948283,0.0,-1.7701582167519427,,TLT,10,10,22.088875298871415,False,False,False,False,0,False,116.01228399950428,866.1058399608401,-750.0935559613358,us_etfs,1d,HT_TRENDMODE~MINMAXINDEX|vote,retail,fixed_combo,24.0,0.0,False,False,True,vote,0.675738474085494,0.5137310351326445,0.16200743895284958
-0.38805346573951227,0.0,-0.37530426794358024,0.0,-1.8238048581537563,,TLT,10,10,22.088875298871415,False,False,False,False,0,False,-9.145850368672402,866.1058399608401,-875.2516903295125,us_etfs,1d,MINMAXINDEX~MAXINDEX|gate,retail,fixed_combo,24.0,0.0,False,False,True,gate,0.8658684477969599,0.5110388579948848,0.354829589802075
-0.3896621800810079,0.0,-0.3824856365674443,0.0,-1.831365623075183,,TLT,10,10,22.088875298871415,False,False,False,False,0,False,188.88057438961707,866.1058399608401,-677.225265571223,us_etfs,1d,MININDEX~MINMAXINDEX|vote,retail,fixed_combo,24.0,0.0,False,False,True,vote,0.5126456037632897,0.5126456037632897,0.0
-0.3916350772777557,0.0,-0.3796678228848668,0.0,-1.8406380038416053,,TLT,10,10,22.088875298871415,False,False,False,False,0,False,-40.27171000667505,866.1058399608401,-906.377549967515,us_etfs,1d,MINMAXINDEX~AVGDEV|gate,retail,fixed_combo,24.0,0.0,False,False,True,gate,0.9952492914056638,0.5110388579948848,0.48421043341077896
-0.3916350772777557,0.0,-0.3796678228848668,0.0,-1.8406380038416053,,TLT,10,10,22.088875298871415,False,False,False,False,0,False,-40.27171000667505,866.1058399608401,-906.377549967515,us_etfs,1d,MINMAXINDEX~HT_PHASOR|gate,retail,fixed_combo,24.0,0.0,False,False,True,gate,0.9952492914056638,0.5110388579948848,0.48421043341077896
-0.3916350772777557,0.0,-0.3796678228848668,0.0,-1.8406380038416053,,TLT,10,10,22.088875298871415,False,False,False,False,0,False,-40.27171000667505,866.1058399608401,-906.377549967515,us_etfs,1d,MINMAXINDEX~TAN|gate,retail,fixed_combo,24.0,0.0,False,False,True,gate,0.9952492914056638,0.5110388579948848,0.48421043341077896
-0.3917175926672363,0.0,-0.3797498485035563,0.0,-1.84102581629915,,TLT,10,10,22.088875298871415,False,False,False,False,0,False,-40.28163134057428,866.1058399608401,-906.3874713014143,us_etfs,1d,MINMAXINDEX~HT_DCPHASE|gate,retail,fixed_combo,24.0,0.0,False,False,True,gate,0.9952492914056638,0.5110388579948848,0.48421043341077896
-0.39288575309986584,0.0,-0.3857039269714052,0.0,-1.8465160305614363,,TLT,10,10,22.088875298871415,False,False,False,False,0,False,181.96778473610806,866.1058399608401,-684.1380552247319,us_etfs,1d,MAXINDEX~MINMAXINDEX|and,retail,fixed_combo,24.0,0.0,False,False,True,and,0.5110388579948848,0.5110388579948848,0.0
-0.3967773802724667,0.0,-0.3847687725600779,0.0,-1.864806212637215,,TLT,10,10,22.088875298871415,False,False,False,False,0,False,-43.1602243986547,866.1058399608401,-909.2660643594947,us_etfs,1d,MINMAXINDEX~AVGDEV|or,retail,fixed_combo,24.0,0.0,False,False,True,or,1.0,0.511934640185472,0.48806535981452803
-0.40334806544658086,0.0,-0.3867476376858504,0.0,-1.8956876467692645,,TLT,10,10,22.088875298871415,False,False,False,False,0,False,-20.91297887926626,866.1058399608401,-887.0188188401063,us_etfs,1d,AVGDEV~MINMAXINDEX|gate,retail,fixed_combo,24.0,0.0,False,False,True,gate,0.9952492914056638,0.46064075263777493,0.5346085387678889
-0.4054853237700421,0.0,-0.39190629279156075,0.0,-1.9057325051653358,,TLT,10,10,22.088875298871415,False,False,False,False,0,False,37.22697293733769,866.1058399608401,-828.8788670235024,us_etfs,1d,HT_DCPHASE~AVGDEV|vote,retail,fixed_combo,24.0,0.0,False,False,True,vote,0.39457903062273897,0.22632856168510845,0.16825046893763046
-0.40560056533461175,0.0,-0.39202084902584616,0.0,-1.9062741267300933,,TLT,10,10,22.088875298871415,False,False,False,False,0,False,37.160541133070616,866.1058399608401,-828.9452988277694,us_etfs,1d,HT_DCPHASE~AVGDEV|and,retail,fixed_combo,24.0,0.0,False,False,True,and,0.39457903062273897,0.22632856168510845,0.16825046893763046
-0.40837937085974757,0.0,-0.3920200799597783,0.0,-1.919334180212541,,TLT,10,10,22.088875298871415,False,False,False,False,0,False,-23.33946226810518,866.1058399608401,-889.4453022289453,us_etfs,1d,AVGDEV~HT_PHASOR|gate,retail,fixed_combo,24.0,0.0,False,False,True,gate,1.0,0.46153653482836204,0.538463465171638
-0.40837937085974757,0.0,-0.3920200799597783,0.0,-1.919334180212541,,TLT,10,10,22.088875298871415,False,False,False,False,0,False,-23.33946226810518,866.1058399608401,-889.4453022289453,us_etfs,1d,AVGDEV~TAN|gate,retail,fixed_combo,24.0,0.0,False,False,True,gate,1.0,0.46153653482836204,0.538463465171638
-0.40847925259464934,0.0,-0.3921193667712236,0.0,-1.9198036124156719,,TLT,10,10,22.088875298871415,False,False,False,False,0,False,-23.38835186731894,866.1058399608401,-889.494191828159,us_etfs,1d,AVGDEV~HT_DCPHASE|gate,retail,fixed_combo,24.0,0.0,False,False,True,gate,1.0,0.46153653482836204,0.538463465171638
-0.40947351529096937,0.0,-0.3953450020537862,0.0,-1.9244765281242684,,TLT,10,10,22.088875298871415,False,False,False,False,0,False,-36.13938735938975,866.1058399608401,-902.2452273202298,us_etfs,1d,MINMAXINDEX~HT_TRENDMODE|gate,retail,fixed_combo,24.0,0.0,False,False,True,gate,0.7143636963365665,0.39216070187863716,0.3222029944579293
-0.41697512560722194,0.1,-0.40415881329143255,0.0,-1.959733199038636,,TLT,10,10,22.088875298871415,False,False,False,False,0,False,-49.05202689881425,866.1058399608401,-915.1578668596543,us_etfs,1d,MINMAXINDEX~MININDEX|gate,retail,fixed_combo,24.0,0.0,False,False,True,gate,0.8526720007548562,0.3684615673440773,0.48421043341077896
-0.4216188411192249,0.0,-0.4051665930935836,0.0,-1.9815581063217989,,TLT,10,10,22.088875298871415,False,False,False,False,0,False,-20.906183330281593,866.1058399608401,-887.0120232911216,us_etfs,1d,AVGDEV~MININDEX|gate,retail,fixed_combo,24.0,0.0,False,False,True,gate,0.8542787465232611,0.4205094934746626,0.4337692530485985
-0.4244405759242915,0.0,-0.41459222337669177,0.0,-1.9948199222834082,,TLT,10,10,22.088875298871415,False,False,False,False,0,False,172.1768468577996,866.1058399608401,-693.9289931030405,us_etfs,1d,MININDEX~AVGDEV|and,retail,fixed_combo,24.0,0.0,False,False,True,and,0.4205094934746626,0.4205094934746626,0.0
-0.4264803133145062,0.1,-0.4177828751107828,0.0,-2.004406443961657,,TLT,10,10,22.088875298871415,False,False,False,False,0,False,109.96373504859919,866.1058399608401,-756.1421049122408,us_etfs,1d,MININDEX~MINMAXINDEX|and,retail,fixed_combo,24.0,0.0,False,False,True,and,0.3684615673440773,0.3684615673440773,0.0
-0.4274517407535252,0.0,-0.4183834284366569,0.0,-2.0089720366931907,,TLT,10,10,22.088875298871415,False,False,False,False,0,False,134.5724053850317,866.1058399608401,-731.5334345758083,us_etfs,1d,HT_TRENDMODE~MINMAXINDEX|and,retail,fixed_combo,24.0,0.0,False,False,True,and,0.39216070187863716,0.39216070187863716,0.0
-0.4313060098530409,0.0,-0.42161389548820355,0.0,-2.027086640295384,,TLT,10,10,22.088875298871415,False,False,False,False,0,False,140.35988086579727,866.1058399608401,-725.7459590950427,us_etfs,1d,MAXINDEX~AVGDEV|and,retail,fixed_combo,24.0,0.0,False,False,True,and,0.4040122414678996,0.4040122414678996,0.0
-0.43593192572380995,0.0,-0.4197585431527345,0.0,-2.048827891394485,,TLT,10,10,22.088875298871415,False,False,False,False,0,False,-28.829954138035124,866.1058399608401,-894.9357940988751,us_etfs,1d,AVGDEV~MAXINDEX|gate,retail,fixed_combo,24.0,0.0,False,False,True,gate,0.8674751935653646,0.4040122414678996,0.463462952097465
-0.44234317479519947,0.0,-0.4240113172443654,0.0,-2.0789599949203508,,TLT,10,10,22.088875298871415,False,False,False,False,0,False,-10.280764653550419,866.1058399608401,-876.3866046143904,us_etfs,1d,AVGDEV~HT_TRENDMODE|gate,retail,fixed_combo,24.0,0.0,False,False,True,gate,0.7170558734743261,0.36298590180712903,0.354069971667197
-0.4443657427582829,0.0,-0.4331265193832582,0.0,-2.0884658223454147,,TLT,10,10,22.088875298871415,False,False,False,False,0,False,157.33214481186232,866.1058399608401,-708.7736951489777,us_etfs,1d,HT_TRENDMODE~AVGDEV|and,retail,fixed_combo,24.0,0.0,False,False,True,and,0.36298590180712903,0.36298590180712903,0.0
-0.4704580212651459,0.0,-0.45762548357867416,0.0,-2.2110964093714336,,TLT,10,10,22.088875298871415,False,False,False,False,0,False,-17.059310762419067,866.1058399608401,-883.1651507232591,us_etfs,1d,MINMAXINDEX~AVGDEV|and,retail,fixed_combo,24.0,0.0,False,False,True,and,0.4568240405864065,0.21662717990670127,0.2401968606797053
-0.47631063794742357,0.0,-0.46341553759541043,0.0,-2.2386030075091625,,TLT,10,10,22.088875298871415,False,False,False,False,0,False,-20.442560657766297,866.1058399608401,-886.5484006186064,us_etfs,1d,MINMAXINDEX~AVGDEV|vote,retail,fixed_combo,24.0,0.0,False,False,True,vote,0.46157474918074276,0.21752296209728836,0.24405178708345437
0.01981725451487848,0.4,0.039798673631941534,4.955209460124782,0.09313872507394723,-0.6788270126421164,GLD,10,10,22.088875298871415,False,False,True,False,1,False,875.211468878136,866.1058399608401,9.105628917295917,us_etfs,1d,MININDEX~HT_DCPHASE|or,wide,fixed_combo,24.0,0.0,False,False,True,or,1.0,0.9785110279795404,0.021488972020459497
-0.025190385758858513,0.5,0.01799324809369803,1.0523932213415372,-0.11839179902238771,,XLV,10,10,22.088875298871415,False,False,False,False,0,False,908.8680718249465,866.1058399608401,42.76223186410641,us_etfs,1d,MININDEX~HT_PHASOR|or,wide,fixed_combo,24.0,0.0,False,False,True,or,1.0,0.9448757359547185,0.05512426404528138
-0.043979919500800026,0.4,-0.01719340372700362,0.0,-0.20670035943091697,,GLD,10,10,22.088875298871415,False,False,False,False,0,False,826.9424084627939,866.1058399608401,-39.16343149804618,us_etfs,1d,MININDEX~HT_TRENDMODE|or,wide,fixed_combo,24.0,0.0,False,False,True,or,0.9610648212356028,0.9610648212356028,0.0
-0.043979919500800026,0.4,-0.01719340372700362,0.0,-0.20670035943091697,,GLD,10,10,22.088875298871415,False,False,False,False,0,False,826.9424084627939,866.1058399608401,-39.16343149804618,us_etfs,1d,MININDEX~HT_TRENDMODE|vote,wide,fixed_combo,24.0,0.0,False,False,True,vote,0.9610648212356028,0.9610648212356028,0.0
-0.05681066805955713,0.5,-0.01793255728469037,0.0,-0.2670033424505782,,EFA,10,10,22.088875298871415,False,False,False,False,0,False,687.3208136426057,866.1058399608401,-178.78502631823437,us_etfs,1d,MAXINDEX~TAN|or,wide,fixed_combo,24.0,0.0,False,False,True,or,1.0,0.9319660908268306,0.06803390917316948
-0.10540405694575658,0.3,-0.033210795817364816,0.0,-0.4953864559885882,,SPY,10,10,22.088875298871415,False,False,False,False,0,False,753.7253538715023,866.1058399608401,-112.38048608933775,us_etfs,1d,HT_TRENDMODE~HT_PHASOR|or,wide,fixed_combo,24.0,0.0,False,False,True,or,1.0,0.8623061194940611,0.13769388050593884
-0.10986628495864861,0.4,-0.07905775535227472,0.0,-0.5163583937410143,,EFA,10,10,22.088875298871415,False,False,False,False,0,False,751.0829823996588,866.1058399608401,-115.02285756118124,us_etfs,1d,MAXINDEX~HT_TRENDMODE|or,wide,fixed_combo,24.0,0.0,False,False,True,or,0.9471151748240777,0.9471151748240777,0.0
-0.10986628495864861,0.4,-0.07905775535227472,0.0,-0.5163583937410143,,EFA,10,10,22.088875298871415,False,False,False,False,0,False,751.0829823996588,866.1058399608401,-115.02285756118124,us_etfs,1d,MAXINDEX~HT_TRENDMODE|vote,wide,fixed_combo,24.0,0.0,False,False,True,vote,0.9471151748240777,0.9471151748240777,0.0
-0.11530280322208489,0.2,-0.08986714111078561,0.0,-0.5419093790966055,,EFA,10,10,22.088875298871415,False,False,False,False,0,False,576.2909969579625,866.1058399608401,-289.8148430028775,us_etfs,1d,MAXINDEX~AVGDEV|or,wide,fixed_combo,24.0,0.0,False,False,True,or,1.0,0.9249994869258271,0.0750005130741729
-0.1284315016319432,0.3,-0.07861726785726218,0.0,-0.6036126907665702,,GLD,10,10,22.088875298871415,False,False,False,False,0,False,617.7185418459432,866.1058399608401,-248.3872981148969,us_etfs,1d,MININDEX~TAN|or,wide,fixed_combo,24.0,0.0,False,False,True,or,1.0,0.9339211688627579,0.06607883113724218
-0.13902874160039608,0.2,-0.1070573245767998,0.0,-0.6534184506523982,,XLF,10,10,22.088875298871415,False,False,False,False,0,False,456.55039823913376,866.1058399608401,-409.5554417217063,us_etfs,1d,MAXINDEX~HT_PHASOR|or,wide,fixed_combo,24.0,0.0,False,False,True,or,1.0,0.92517695613233,0.07482304386766994
-0.15429199763212723,0.1,-0.13236791671910617,0.0,-0.7251539277441094,,TLT,10,10,22.088875298871415,False,False,False,False,0,False,385.4886836530328,866.1058399608401,-480.61715630780725,us_etfs,1d,MAXINDEX~HT_DCPHASE|or,wide,fixed_combo,24.0,0.0,False,False,True,or,1.0,0.9029692885410718,0.09703071145892814
-0.15679022564371362,0.2,-0.12860874407537587,0.0,-0.7368953004841368,,GLD,10,10,22.088875298871415,False,False,False,False,0,False,494.52841953937985,866.1058399608401,-371.5774204214602,us_etfs,1d,MININDEX~AVGDEV|or,wide,fixed_combo,24.0,0.0,False,False,True,or,1.0,0.8953057878769604,0.10469421212303953
-0.1742539705304068,0.2,-0.0946132133056893,0.0,-0.8189728119044034,,XLE,10,10,22.088875298871415,False,False,False,False,0,False,508.13477876670805,866.1058399608401,-357.971061194132,us_etfs,1d,HT_TRENDMODE~TAN|or,wide,fixed_combo,24.0,0.0,False,False,True,or,1.0,0.8570717929477812,0.14292820705221881
-0.19097384109279575,0.2,-0.13102840799313348,0.0,-0.8975542030054338,,GLD,10,10,22.088875298871415,False,False,False,False,0,False,360.6446424340244,866.1058399608401,-505.4611975268157,us_etfs,1d,IS#1[combo],wide,wf_combo,22.5,16.0,False,False,True,,,,
-0.19268837234896488,0.1,-0.1725453648598907,0.0,-0.9056122947647708,,XLF,10,10,22.088875298871415,False,False,False,False,0,False,307.963667327743,866.1058399608401,-558.1421726330971,us_etfs,1d,MAXINDEX~MINMAXINDEX|or,wide,fixed_combo,24.0,0.0,False,False,True,or,0.9968560371740687,0.8674751935653646,0.12938084360870397
-0.19525449286342064,0.2,-0.18427726346737297,0.0,-0.9176727541449069,,GLD,10,10,22.088875298871415,False,False,False,False,0,False,829.2001993532555,866.1058399608401,-36.90564060758459,us_etfs,1d,MAXINDEX~MININDEX|or,wide,fixed_combo,24.0,0.0,False,False,True,or,0.9968560371740687,0.9968560371740687,0.0
-0.19525449286342064,0.2,-0.18427726346737297,0.0,-0.9176727541449069,,GLD,10,10,22.088875298871415,False,False,False,False,0,False,829.2001993532555,866.1058399608401,-36.90564060758459,us_etfs,1d,MAXINDEX~MININDEX|vote,wide,fixed_combo,24.0,0.0,False,False,True,vote,0.9968560371740687,0.9968560371740687,0.0
-0.19525449286342064,0.2,-0.18427726346737297,0.0,-0.9176727541449069,,GLD,10,10,22.088875298871415,False,False,False,False,0,False,829.2001993532555,866.1058399608401,-36.90564060758459,us_etfs,1d,MININDEX~MINMAXINDEX|or,wide,fixed_combo,24.0,0.0,False,False,True,or,0.9968560371740687,0.9968560371740687,0.0
-0.1975407873028844,0.1,-0.1817408272164095,0.0,-0.9284180644539326,,XLF,10,10,22.088875298871415,False,False,False,False,0,False,536.7932129122858,866.1058399608401,-329.3126270485543,us_etfs,1d,MAXINDEX~AVGDEV|gate,wide,fixed_combo,24.0,0.0,False,False,True,gate,0.8674751935653646,0.8674751935653646,0.0
-0.1975407873028844,0.1,-0.1817408272164095,0.0,-0.9284180644539326,,XLF,10,10,22.088875298871415,False,False,False,False,0,False,536.7932129122858,866.1058399608401,-329.3126270485543,us_etfs,1d,MAXINDEX~HT_PHASOR|gate,wide,fixed_combo,24.0,0.0,False,False,True,gate,0.8674751935653646,0.8674751935653646,0.0
-0.1975407873028844,0.1,-0.1817408272164095,0.0,-0.9284180644539326,,XLF,10,10,22.088875298871415,False,False,False,False,0,False,536.7932129122858,866.1058399608401,-329.3126270485543,us_etfs,1d,MAXINDEX~TAN|gate,wide,fixed_combo,24.0,0.0,False,False,True,gate,0.8674751935653646,0.8674751935653646,0.0
-0.19787149576007873,0.1,-0.1820657632924235,0.0,-0.9299723546332874,,XLF,10,10,22.088875298871415,False,False,False,False,0,False,536.3097822923571,866.1058399608401,-329.79605766848294,us_etfs,1d,MAXINDEX~HT_DCPHASE|gate,wide,fixed_combo,24.0,0.0,False,False,True,gate,0.8674751935653646,0.8674751935653646,0.0
-0.20441660043755466,0.1,-0.18712369618789135,0.0,-0.9607335634918585,,XLF,10,10,22.088875298871415,False,False,False,False,0,False,520.6628967156988,866.1058399608401,-345.44294324514124,us_etfs,1d,MAXINDEX~MINMAXINDEX|gate,wide,fixed_combo,24.0,0.0,False,False,True,gate,0.8658684477969599,0.8658684477969599,0.0
-0.21251776976565787,0.2,-0.1924248425646246,0.0,-0.9988080900243409,,TLT,10,10,22.088875298871415,False,False,False,False,0,False,553.6601781187313,866.1058399608401,-312.44566184210873,us_etfs,1d,MININDEX~AVGDEV|gate,wide,fixed_combo,24.0,0.0,False,False,True,gate,0.8542787465232611,0.8542787465232611,0.0
-0.21251776976565787,0.2,-0.1924248425646246,0.0,-0.9988080900243409,,TLT,10,10,22.088875298871415,False,False,False,False,0,False,553.6601781187313,866.1058399608401,-312.44566184210873,us_etfs,1d,MININDEX~HT_DCPHASE|gate,wide,fixed_combo,24.0,0.0,False,False,True,gate,0.8542787465232611,0.8542787465232611,0.0
-0.21251776976565787,0.2,-0.1924248425646246,0.0,-0.9988080900243409,,TLT,10,10,22.088875298871415,False,False,False,False,0,False,553.6601781187313,866.1058399608401,-312.44566184210873,us_etfs,1d,MININDEX~HT_PHASOR|gate,wide,fixed_combo,24.0,0.0,False,False,True,gate,0.8542787465232611,0.8542787465232611,0.0
-0.21251776976565787,0.2,-0.1924248425646246,0.0,-0.9988080900243409,,TLT,10,10,22.088875298871415,False,False,False,False,0,False,553.6601781187313,866.1058399608401,-312.44566184210873,us_etfs,1d,MININDEX~TAN|gate,wide,fixed_combo,24.0,0.0,False,False,True,gate,0.8542787465232611,0.8542787465232611,0.0
-0.21550473099876605,0.1,-0.16103492831408805,0.0,-1.0128464504283077,,XLF,10,10,22.088875298871415,False,False,False,False,0,False,342.9268666657101,866.1058399608401,-523.1789732951299,us_etfs,1d,HT_TRENDMODE~AVGDEV|or,wide,fixed_combo,24.0,0.0,False,False,True,or,1.0,0.8156065064955591,0.18439349350444095
-0.22269215005739712,0.0,-0.17024419648950925,0.0,-1.0466264600250201,,SPY,10,10,22.088875298871415,False,False,False,False,0,False,390.4866105653876,866.1058399608401,-475.61922939545246,us_etfs,1d,HT_TRENDMODE~MINMAXINDEX|or,wide,fixed_combo,24.0,0.0,False,False,True,or,0.9979414685434234,0.8359340295905738,0.16200743895284958
-0.2228360400225855,0.2,-0.2009595856161317,0.0,-1.047302725644888,,TLT,10,10,22.088875298871415,False,False,False,False,0,False,539.5633599086414,866.1058399608401,-326.5424800521987,us_etfs,1d,MININDEX~MINMAXINDEX|gate,wide,fixed_combo,24.0,0.0,False,False,True,gate,0.8526720007548562,0.8526720007548562,0.0
-0.22771411545526338,0.0,-0.162422247589263,0.0,-1.0702290965139227,,TLT,10,10,22.088875298871415,False,False,False,False,0,False,389.87762031029075,866.1058399608401,-476.2282196505493,us_etfs,1d,MININDEX~HT_PHASOR|vote,wide,fixed_combo,24.0,0.0,False,False,True,vote,0.6079026352256122,0.5527783711803308,0.05512426404528138
-0.23145713029158274,0.0,-0.15356644138617587,0.0,-1.0878208183907305,,EFA,10,10,22.088875298871415,False,False,False,False,0,False,388.6142100936628,866.1058399608401,-477.49162986717727,us_etfs,1d,MAXINDEX~TAN|vote,wide,fixed_combo,24.0,0.0,False,False,True,vote,0.5860958773411353,0.5180619681679659,0.06803390917316948
-0.24067066731123038,0.0,-0.16613515988742455,0.0,-1.1311233399780332,,XLF,10,10,22.088875298871415,False,False,False,False,0,False,357.0558833670197,866.1058399608401,-509.04995659382035,us_etfs,1d,HT_TRENDMODE~HT_PHASOR|vote,wide,fixed_combo,24.0,0.0,False,False,True,vote,0.6904722516862696,0.5527783711803308,0.13769388050593884
-0.24878169227908872,0.0,-0.20826403006295796,0.0,-1.1692441868381318,,TLT,10,10,22.088875298871415,False,False,False,False,0,False,307.00340186827964,866.1058399608401,-559.1024380925604,us_etfs,1d,HT_DCPHASE~HT_TRENDMODE|vote,wide,fixed_combo,24.0,0.0,False,False,True,vote,0.71692865113983,0.596541557919116,0.12038709322071398
-0.24883891929910731,0.0,-0.22178940333627334,0.0,-1.169513146984973,,TLT,10,10,22.088875298871415,False,False,False,False,0,False,383.0957178196048,866.1058399608401,-483.0101221412353,us_etfs,1d,MININDEX~HT_DCPHASE|vote,wide,fixed_combo,24.0,0.0,False,False,True,vote,0.6180305299395755,0.596541557919116,0.021488972020459497
-0.24971200494961177,0.0,-0.1894596070262306,0.0,-1.17361654507714,,XLF,10,10,22.088875298871415,False,False,False,False,0,False,279.3612274110618,866.1058399608401,-586.7446125497783,us_etfs,1d,MAXINDEX~HT_PHASOR|vote,wide,fixed_combo,24.0,0.0,False,False,True,vote,0.6276014150480007,0.5527783711803308,0.07482304386766994
-0.255389014749627,0.0,-0.18792903259895527,0.0,-1.2002978118797007,,XLF,10,10,22.088875298871415,False,False,False,False,0,False,65.76379238960183,866.1058399608401,-800.3420475712383,us_etfs,1d,HT_PHASOR~AVGDEV|gate,wide,fixed_combo,24.0,0.0,False,False,True,gate,1.0,0.5527783711803308,0.4472216288196692
-0.255389014749627,0.0,-0.18792903259895527,0.0,-1.2002978118797007,,XLF,10,10,22.088875298871415,False,False,False,False,0,False,65.76379238960183,866.1058399608401,-800.3420475712383,us_etfs,1d,HT_PHASOR~AVGDEV|or,wide,fixed_combo,24.0,0.0,False,False,True,or,1.0,0.5527783711803308,0.4472216288196692
-0.255389014749627,0.0,-0.18792903259895527,0.0,-1.2002978118797007,,XLF,10,10,22.088875298871415,False,False,False,False,0,False,65.76379238960183,866.1058399608401,-800.3420475712383,us_etfs,1d,HT_PHASOR~MINMAXINDEX|or,wide,fixed_combo,24.0,0.0,False,False,True,or,1.0,0.5527783711803308,0.4472216288196692
-0.255389014749627,0.0,-0.18792903259895527,0.0,-1.2002978118797007,,XLF,10,10,22.088875298871415,False,False,False,False,0,False,65.76379238960183,866.1058399608401,-800.3420475712383,us_etfs,1d,HT_PHASOR~TAN|gate,wide,fixed_combo,24.0,0.0,False,False,True,gate,1.0,0.5527783711803308,0.4472216288196692
-0.2554758827191971,0.0,-0.18801437697444215,0.0,-1.2007060809428773,,XLF,10,10,22.088875298871415,False,False,False,False,0,False,65.51676170114952,866.1058399608401,-800.5890782596905,us_etfs,1d,HT_PHASOR~HT_DCPHASE|gate,wide,fixed_combo,24.0,0.0,False,False,True,gate,1.0,0.5527783711803308,0.4472216288196692
-0.25966485052095545,0.0,-0.17674430919265813,0.0,-1.2203937283987178,,TLT,10,10,22.088875298871415,False,False,False,False,0,False,367.4193416309894,866.1058399608401,-498.6864983298507,us_etfs,1d,MININDEX~TAN|vote,wide,fixed_combo,24.0,0.0,False,False,True,vote,0.5841407993052081,0.5180619681679659,0.06607883113724218
-0.2605213691106474,0.0,-0.1927147585818755,0.0,-1.2244192632873245,,XLF,10,10,22.088875298871415,False,False,False,False,0,False,57.69783021014929,866.1058399608401,-808.4080097506908,us_etfs,1d,HT_PHASOR~MINMAXINDEX|gate,wide,fixed_combo,24.0,0.0,False,False,True,gate,0.9952492914056638,0.5501512959172421,0.4450979954884217
-0.26361465234024967,0.0,-0.23552912998411685,0.0,-1.238957324353325,,TLT,10,10,22.088875298871415,False,False,False,False,0,False,232.2234200897554,866.1058399608401,-633.8824198710847,us_etfs,1d,MAXINDEX~HT_DCPHASE|vote,wide,fixed_combo,24.0,0.0,False,False,True,vote,0.6935722693780442,0.596541557919116,0.09703071145892814
-0.26539302325393677,0.1,-0.17921505372478358,0.0,-1.2473154548645444,,XLE,10,10,22.088875298871415,False,False,False,False,0,False,126.06773396787625,866.1058399608401,-740.0381059929638,us_etfs,1d,TAN~AVGDEV|gate,wide,fixed_combo,24.0,0.0,False,False,True,gate,1.0,0.5180619681679659,0.48193803183203404
-0.26539302325393677,0.1,-0.17921505372478358,0.0,-1.2473154548645444,,XLE,10,10,22.088875298871415,False,False,False,False,0,False,126.06773396787625,866.1058399608401,-740.0381059929638,us_etfs,1d,TAN~AVGDEV|or,wide,fixed_combo,24.0,0.0,False,False,True,or,1.0,0.5180619681679659,0.48193803183203404
-0.26539302325393677,0.1,-0.17921505372478358,0.0,-1.2473154548645444,,XLE,10,10,22.088875298871415,False,False,False,False,0,False,126.06773396787625,866.1058399608401,-740.0381059929638,us_etfs,1d,TAN~HT_PHASOR|gate,wide,fixed_combo,24.0,0.0,False,False,True,gate,1.0,0.5180619681679659,0.48193803183203404
-0.26539302325393677,0.1,-0.17921505372478358,0.0,-1.2473154548645444,,XLE,10,10,22.088875298871415,False,False,False,False,0,False,126.06773396787625,866.1058399608401,-740.0381059929638,us_etfs,1d,TAN~HT_PHASOR|or,wide,fixed_combo,24.0,0.0,False,False,True,or,1.0,0.5180619681679659,0.48193803183203404
-0.26539302325393677,0.1,-0.17921505372478358,0.0,-1.2473154548645444,,XLE,10,10,22.088875298871415,False,False,False,False,0,False,126.06773396787625,866.1058399608401,-740.0381059929638,us_etfs,1d,TAN~MINMAXINDEX|or,wide,fixed_combo,24.0,0.0,False,False,True,or,1.0,0.5180619681679659,0.48193803183203404
-0.26548129177017643,0.1,-0.17930179579823075,0.0,-1.2477303063294918,,XLE,10,10,22.088875298871415,False,False,False,False,0,False,126.03220181858428,866.1058399608401,-740.0736381422557,us_etfs,1d,TAN~HT_DCPHASE|gate,wide,fixed_combo,24.0,0.0,False,False,True,gate,1.0,0.5180619681679659,0.48193803183203404
-0.26554570085824875,0.1,-0.24176537860844022,0.0,-1.248033021336847,,TLT,10,10,22.088875298871415,False,False,False,False,0,False,363.94341879937735,866.1058399608401,-502.1624211614627,us_etfs,1d,MAXINDEX~MININDEX|and,wide,fixed_combo,24.0,0.0,False,False,True,and,0.7248979029145571,0.7248979029145571,0.0
-0.26554570085824875,0.1,-0.24176537860844022,0.0,-1.248033021336847,,TLT,10,10,22.088875298871415,False,False,False,False,0,False,363.94341879937735,866.1058399608401,-502.1624211614627,us_etfs,1d,MAXINDEX~MININDEX|gate,wide,fixed_combo,24.0,0.0,False,False,True,gate,0.7248979029145571,0.7248979029145571,0.0
-0.26554570085824875,0.1,-0.24176537860844022,0.0,-1.248033021336847,,TLT,10,10,22.088875298871415,False,False,False,False,0,False,363.94341879937735,866.1058399608401,-502.1624211614627,us_etfs,1d,MININDEX~MAXINDEX|gate,wide,fixed_combo,24.0,0.0,False,False,True,gate,0.7248979029145571,0.7248979029145571,0.0
-0.2656929632470661,0.1,-0.17459491676005331,0.0,-1.2487251369442585,,XLE,10,10,22.088875298871415,False,False,False,False,0,False,359.8866491228367,866.1058399608401,-506.2191908380034,us_etfs,1d,HT_TRENDMODE~TAN|vote,wide,fixed_combo,24.0,0.0,False,False,True,vote,0.6609901752201848,0.5180619681679659,0.14292820705221881
-0.26596210052763075,0.0,-0.17964042058686278,0.0,-1.2499900499604808,,XLE,10,10,22.088875298871415,False,False,False,False,0,False,121.58955239519423,866.1058399608401,-744.5162875656458,us_etfs,1d,TAN~MINMAXINDEX|gate,wide,fixed_combo,24.0,0.0,False,False,True,gate,0.9952492914056638,0.515503271523867,0.47974601988179694
-0.26701283980977764,0.0,-0.20258562514973813,0.0,-1.2549283988650075,,XLF,10,10,22.088875298871415,False,False,False,False,0,False,82.02691288052338,866.1058399608401,-784.0789270803167,us_etfs,1d,HT_PHASOR~MAXINDEX|gate,wide,fixed_combo,24.0,0.0,False,False,True,gate,0.8674751935653646,0.4950766086133654,0.3723985849519993
-0.27430752475597375,0.0,-0.24266971714358618,0.0,-1.2892125452988499,,TLT,10,10,22.088875298871415,False,False,False,False,0,False,55.069914895401325,866.1058399608401,-811.0359250654387,us_etfs,1d,HT_DCPHASE~AVGDEV|or,wide,fixed_combo,24.0,0.0,False,False,True,or,1.0,0.596541557919116,0.403458442080884
-0.27430752475597375,0.0,-0.24266971714358618,0.0,-1.2892125452988499,,TLT,10,10,22.088875298871415,False,False,False,False,0,False,55.069914895401325,866.1058399608401,-811.0359250654387,us_etfs,1d,HT_DCPHASE~HT_PHASOR|or,wide,fixed_combo,24.0,0.0,False,False,True,or,1.0,0.596541557919116,0.403458442080884
-0.27430752475597375,0.0,-0.24266971714358618,0.0,-1.2892125452988499,,TLT,10,10,22.088875298871415,False,False,False,False,0,False,55.069914895401325,866.1058399608401,-811.0359250654387,us_etfs,1d,HT_DCPHASE~HT_TRENDMODE|or,wide,fixed_combo,24.0,0.0,False,False,True,or,1.0,0.596541557919116,0.403458442080884
-0.27430752475597375,0.0,-0.24266971714358618,0.0,-1.2892125452988499,,TLT,10,10,22.088875298871415,False,False,False,False,0,False,55.069914895401325,866.1058399608401,-811.0359250654387,us_etfs,1d,HT_DCPHASE~MINMAXINDEX|or,wide,fixed_combo,24.0,0.0,False,False,True,or,1.0,0.596541557919116,0.403458442080884
-0.27430752475597375,0.0,-0.24266971714358618,0.0,-1.2892125452988499,,TLT,10,10,22.088875298871415,False,False,False,False,0,False,55.069914895401325,866.1058399608401,-811.0359250654387,us_etfs,1d,HT_DCPHASE~TAN|or,wide,fixed_combo,24.0,0.0,False,False,True,or,1.0,0.596541557919116,0.403458442080884
-0.2743969377687436,0.0,-0.24275753842759892,0.0,-1.2896327757605495,,TLT,10,10,22.088875298871415,False,False,False,False,0,False,55.045857687639604,866.1058399608401,-811.0599822732005,us_etfs,1d,HT_DCPHASE~AVGDEV|gate,wide,fixed_combo,24.0,0.0,False,False,True,gate,1.0,0.596541557919116,0.403458442080884
-0.2743969377687436,0.0,-0.24275753842759892,0.0,-1.2896327757605495,,TLT,10,10,22.088875298871415,False,False,False,False,0,False,55.045857687639604,866.1058399608401,-811.0599822732005,us_etfs,1d,HT_DCPHASE~HT_PHASOR|gate,wide,fixed_combo,24.0,0.0,False,False,True,gate,1.0,0.596541557919116,0.403458442080884
-0.2743969377687436,0.0,-0.24275753842759892,0.0,-1.2896327757605495,,TLT,10,10,22.088875298871415,False,False,False,False,0,False,55.045857687639604,866.1058399608401,-811.0599822732005,us_etfs,1d,HT_DCPHASE~TAN|gate,wide,fixed_combo,24.0,0.0,False,False,True,gate,1.0,0.596541557919116,0.403458442080884
-0.2805441080887031,0.0,-0.22889740490682278,0.0,-1.3185237407518697,,XLF,10,10,22.088875298871415,False,False,False,False,0,False,331.8749927201448,866.1058399608401,-534.2308472406953,us_etfs,1d,MAXINDEX~HT_PHASOR|and,wide,fixed_combo,24.0,0.0,False,False,True,and,0.4950766086133654,0.4950766086133654,0.0
-0.281617936350785,0.0,-0.2494235427355262,0.0,-1.323570605099481,,TLT,10,10,22.088875298871415,False,False,False,False,0,False,47.319607467117784,866.1058399608401,-818.7862324937223,us_etfs,1d,HT_DCPHASE~MINMAXINDEX|gate,wide,fixed_combo,24.0,0.0,False,False,True,gate,0.9952492914056638,0.5935492329202596,0.40170005848540413
-0.281676729580783,0.0,-0.24855410737829509,0.0,-1.3238469262458277,,TLT,10,10,22.088875298871415,False,False,False,False,0,False,87.33008742929927,866.1058399608401,-778.7757525315408,us_etfs,1d,HT_DCPHASE~MAXINDEX|gate,wide,fixed_combo,24.0,0.0,False,False,True,gate,0.8674751935653646,0.5610474629434088,0.3064277306219559
-0.28385849323653306,0.0,-0.21014685549229983,0.0,-1.3341009543785678,,TLT,10,10,22.088875298871415,False,False,False,False,0,False,106.95951181373809,866.1058399608401,-759.1463281471019,us_etfs,1d,TAN~HT_PHASOR|and,wide,fixed_combo,24.0,0.0,False,False,True,and,0.5089521672146228,0.28989625328145974,0.21905591393316307
-0.28385849323653306,0.0,-0.21014685549229983,0.0,-1.3341009543785678,,TLT,10,10,22.088875298871415,False,False,False,False,0,False,106.95951181373809,866.1058399608401,-759.1463281471019,us_etfs,1d,TAN~HT_PHASOR|vote,wide,fixed_combo,24.0,0.0,False,False,True,vote,0.5089521672146228,0.28989625328145974,0.21905591393316307
-0.2852483744108479,0.0,-0.20600139424828354,0.0,-1.3406332295977599,,XLE,10,10,22.088875298871415,False,False,False,False,0,False,105.41442063282913,866.1058399608401,-760.691419328011,us_etfs,1d,TAN~MININDEX|gate,wide,fixed_combo,24.0,0.0,False,False,True,gate,0.8542787465232611,0.4384195458284691,0.41585920069479193
-0.286662250440352,0.0,-0.23690471911110778,0.0,-1.3472782777653431,,XLF,10,10,22.088875298871415,False,False,False,False,0,False,476.10341417348155,866.1058399608401,-390.0024257873585,us_etfs,1d,HT_TRENDMODE~AVGDEV|gate,wide,fixed_combo,24.0,0.0,False,False,True,gate,0.7170558734743261,0.7170558734743261,0.0
-0.286662250440352,0.0,-0.23690471911110778,0.0,-1.3472782777653431,,XLF,10,10,22.088875298871415,False,False,False,False,0,False,476.10341417348155,866.1058399608401,-390.0024257873585,us_etfs,1d,HT_TRENDMODE~HT_PHASOR|gate,wide,fixed_combo,24.0,0.0,False,False,True,gate,0.7170558734743261,0.7170558734743261,0.0
-0.286662250440352,0.0,-0.23690471911110778,0.0,-1.3472782777653431,,XLF,10,10,22.088875298871415,False,False,False,False,0,False,476.10341417348155,866.1058399608401,-390.0024257873585,us_etfs,1d,HT_TRENDMODE~TAN|gate,wide,fixed_combo,24.0,0.0,False,False,True,gate,0.7170558734743261,0.7170558734743261,0.0
-0.28697550136218725,0.0,-0.23721275085925866,0.0,-1.3487505196173146,,XLF,10,10,22.088875298871415,False,False,False,False,0,False,475.6999257371966,866.1058399608401,-390.40591422364344,us_etfs,1d,HT_TRENDMODE~HT_DCPHASE|gate,wide,fixed_combo,24.0,0.0,False,False,True,gate,0.7170558734743261,0.7170558734743261,0.0
-0.28881059044570756,0.0,-0.23946837144804226,0.0,-1.3573752187403885,,TLT,10,10,22.088875298871415,False,False,False,False,0,False,82.66042881699298,866.1058399608401,-783.4454111438471,us_etfs,1d,HT_DCPHASE~HT_PHASOR|vote,wide,fixed_combo,24.0,0.0,False,False,True,vote,0.6006580824732837,0.37498900578636524,0.2256690766869184
-0.28890741734341396,0.0,-0.23956348775512462,0.0,-1.3578302935742141,,TLT,10,10,22.088875298871415,False,False,False,False,0,False,82.54757321756105,866.1058399608401,-783.558266743279,us_etfs,1d,HT_DCPHASE~HT_PHASOR|and,wide,fixed_combo,24.0,0.0,False,False,True,and,0.6006580824732837,0.37498900578636524,0.2256690766869184
-0.29215060086443884,0.0,-0.26911687052491484,0.0,-1.3730728680742441,,TLT,10,10,22.088875298871415,False,False,False,False,0,False,324.2399862910403,866.1058399608401,-541.8658536697998,us_etfs,1d,MAXINDEX~HT_DCPHASE|and,wide,fixed_combo,24.0,0.0,False,False,True,and,0.5610474629434088,0.5610474629434088,0.0
-0.2974803873717971,0.0,-0.23083251019863638,0.0,-1.3981222269467852,,TLT,10,10,22.088875298871415,False,False,False,False,0,False,326.2221091432142,866.1058399608401,-539.8837308176259,us_etfs,1d,MININDEX~TAN|and,wide,fixed_combo,24.0,0.0,False,False,True,and,0.4384195458284691,0.4384195458284691,0.0
-0.2987052624342442,0.0,-0.24801923468536802,0.0,-1.4038789931832758,,XLF,10,10,22.088875298871415,False,False,False,False,0,False,455.0926023793264,866.1058399608401,-411.01323758151364,us_etfs,1d,HT_TRENDMODE~MINMAXINDEX|gate,wide,fixed_combo,24.0,0.0,False,False,True,gate,0.7143636963365665,0.7143636963365665,0.0
-0.30063080746007775,0.0,-0.22509222964094472,0.0,-1.4129288244121159,,EFA,10,10,22.088875298871415,False,False,False,False,0,False,73.84536719466432,866.1058399608401,-792.2604727661758,us_etfs,1d,TAN~HT_TRENDMODE|gate,wide,fixed_combo,24.0,0.0,False,False,True,gate,0.7170558734743261,0.3780460486945108,0.3390098247798153
-0.30132588439681884,0.0,-0.2392112958302195,0.0,-1.4161956028484408,,TLT,10,10,22.088875298871415,False,False,False,False,0,False,18.567646722530483,866.1058399608401,-847.5381932383095,us_etfs,1d,HT_PHASOR~MININDEX|gate,wide,fixed_combo,24.0,0.0,False,False,True,gate,0.8542787465232611,0.46218138174887324,0.39209736477438784
-0.30330794457946364,0.0,-0.24389583843366403,0.0,-1.4255110485522224,,XLE,10,10,22.088875298871415,False,False,False,False,0,False,128.35539764221187,866.1058399608401,-737.7504423186282,us_etfs,1d,HT_DCPHASE~TAN|vote,wide,fixed_combo,24.0,0.0,False,False,True,vote,0.5078903500403038,0.3112469380636929,0.196643411976611
-0.30341037308736724,0.0,-0.2439964693262216,0.0,-1.4259924502837389,,XLE,10,10,22.088875298871415,False,False,False,False,0,False,128.3058570813935,866.1058399608401,-737.7999828794466,us_etfs,1d,HT_DCPHASE~TAN|and,wide,fixed_combo,24.0,0.0,False,False,True,and,0.5078903500403038,0.3112469380636929,0.196643411976611
-0.3107346883093317,0.1,-0.23046214203230067,0.0,-1.4604158554684132,,XLE,10,10,22.088875298871415,False,False,False,False,0,False,96.75663428705325,866.1058399608401,-769.3492056737869,us_etfs,1d,TAN~MAXINDEX|gate,wide,fixed_combo,24.0,0.0,False,False,True,gate,0.8674751935653646,0.45357107090650006,0.4139041226588646
-0.3130265441427888,0.1,-0.2606564917742362,0.0,-1.4711873036637835,,TLT,10,10,22.088875298871415,False,False,False,False,0,False,238.1293386602268,866.1058399608401,-627.9765013006132,us_etfs,1d,MININDEX~HT_PHASOR|and,wide,fixed_combo,24.0,0.0,False,False,True,and,0.46218138174887324,0.46218138174887324,0.0
-0.31680505366520195,0.0,-0.2513250876654832,0.0,-1.4889458463182723,,XLE,10,10,22.088875298871415,False,False,False,False,0,False,298.7679176213477,866.1058399608401,-567.3379223394924,us_etfs,1d,MAXINDEX~TAN|and,wide,fixed_combo,24.0,0.0,False,False,True,and,0.45357107090650006,0.45357107090650006,0.0
-0.31958233126528574,0.0,-0.2568605458072582,0.0,-1.5019987187357926,,TLT,10,10,22.088875298871415,False,False,False,False,0,False,16.87178815925655,866.1058399608401,-849.2340518015835,us_etfs,1d,HT_PHASOR~HT_TRENDMODE|gate,wide,fixed_combo,24.0,0.0,False,False,True,gate,0.7170558734743261,0.40752812516059567,0.30952774831373037
-0.32376123705267135,0.0,-0.26384630798195685,0.0,-1.521639075928007,,XLE,10,10,22.088875298871415,False,False,False,False,0,False,292.25668886983823,866.1058399608401,-573.8491510910019,us_etfs,1d,HT_TRENDMODE~TAN|and,wide,fixed_combo,24.0,0.0,False,False,True,and,0.3780460486945108,0.3780460486945108,0.0
-0.32440240217977967,0.0,-0.2911464439332586,0.0,-1.524652475309637,,TLT,10,10,22.088875298871415,False,False,False,False,0,False,4.197281891516994,866.1058399608401,-861.908558069323,us_etfs,1d,HT_DCPHASE~MININDEX|gate,wide,fixed_combo,24.0,0.0,False,False,True,gate,0.8542787465232611,0.47230927646283655,0.3819694700604245
-0.3287700596780176,0.1,-0.28936847515843944,0.0,-1.5451799429586057,,XLF,10,10,22.088875298871415,False,False,False,False,0,False,339.74337419777794,866.1058399608401,-526.3624657630621,us_etfs,1d,HT_TRENDMODE~MAXINDEX|gate,wide,fixed_combo,24.0,0.0,False,False,True,gate,0.637415892215613,0.637415892215613,0.0
-0.3287700596780176,0.1,-0.28936847515843944,0.0,-1.5451799429586057,,XLF,10,10,22.088875298871415,False,False,False,False,0,False,339.74337419777794,866.1058399608401,-526.3624657630621,us_etfs,1d,MAXINDEX~HT_TRENDMODE|and,wide,fixed_combo,24.0,0.0,False,False,True,and,0.637415892215613,0.637415892215613,0.0
-0.3287700596780176,0.1,-0.28936847515843944,0.0,-1.5451799429586057,,XLF,10,10,22.088875298871415,False,False,False,False,0,False,339.74337419777794,866.1058399608401,-526.3624657630621,us_etfs,1d,MAXINDEX~HT_TRENDMODE|gate,wide,fixed_combo,24.0,0.0,False,False,True,gate,0.637415892215613,0.637415892215613,0.0
-0.33650010425239374,0.1,-0.30915386420598884,0.0,-1.5815102275538628,,TLT,10,10,22.088875298871415,False,False,False,False,0,False,218.12299739673648,866.1058399608401,-647.9828425641035,us_etfs,1d,MININDEX~HT_DCPHASE|and,wide,fixed_combo,24.0,0.0,False,False,True,and,0.47230927646283655,0.47230927646283655,0.0
-0.34430326607860867,0.0,-0.2936790612791596,0.0,-1.6181841544842406,,XLF,10,10,22.088875298871415,False,False,False,False,0,False,223.19315344703236,866.1058399608401,-642.9126865138077,us_etfs,1d,HT_TRENDMODE~HT_PHASOR|and,wide,fixed_combo,24.0,0.0,False,False,True,and,0.40752812516059567,0.40752812516059567,0.0
-0.35617553085705567,0.0,-0.32091772706787236,0.0,-1.6739823784195837,,XLE,10,10,22.088875298871415,False,False,False,False,0,False,11.293275848800269,866.1058399608401,-854.8125641120398,us_etfs,1d,HT_DCPHASE~HT_TRENDMODE|gate,wide,fixed_combo,24.0,0.0,False,False,True,gate,0.7170558734743261,0.433984524614156,0.28307134886017005
-0.3630298607782781,0.0,-0.3171210822586018,0.0,-1.706196908924784,,TLT,10,10,22.088875298871415,False,False,False,False,0,False,7.10069526477073,866.1058399608401,-859.0051446960694,us_etfs,1d,HT_PHASOR~MINMAXINDEX|vote,wide,fixed_combo,24.0,0.0,False,False,True,vote,0.5692823186896317,0.3178633115639681,0.25141900712566373
-0.36344613680459237,0.0,-0.31852698480966807,0.0,-1.7081533564407934,,XLF,10,10,22.088875298871415,False,False,False,False,0,False,306.9352923746047,866.1058399608401,-559.1705475862353,us_etfs,1d,HT_TRENDMODE~MININDEX|gate,wide,fixed_combo,24.0,0.0,False,False,True,gate,0.6102697987619845,0.6102697987619845,0.0
-0.36344613680459237,0.0,-0.31852698480966807,0.0,-1.7081533564407934,,XLF,10,10,22.088875298871415,False,False,False,False,0,False,306.9352923746047,866.1058399608401,-559.1705475862353,us_etfs,1d,MININDEX~HT_TRENDMODE|and,wide,fixed_combo,24.0,0.0,False,False,True,and,0.6102697987619845,0.6102697987619845,0.0
-0.36344613680459237,0.0,-0.31852698480966807,0.0,-1.7081533564407934,,XLF,10,10,22.088875298871415,False,False,False,False,0,False,306.9352923746047,866.1058399608401,-559.1705475862353,us_etfs,1d,MININDEX~HT_TRENDMODE|gate,wide,fixed_combo,24.0,0.0,False,False,True,gate,0.6102697987619845,0.6102697987619845,0.0
-0.36642080444680075,0.0,-0.33881656816891104,0.0,-1.7221339384384662,,TLT,10,10,22.088875298871415,False,False,False,False,0,False,6.467483694252701,866.1058399608401,-859.6383562665874,us_etfs,1d,HT_DCPHASE~MINMAXINDEX|vote,wide,fixed_combo,24.0,0.0,False,False,True,vote,0.6441960048220924,0.3773843728674748,0.26681163195461766
-0.3679716508878134,0.0,-0.3223615446635881,0.0,-1.7294227311515509,,TLT,10,10,22.088875298871415,False,False,False,False,0,False,3.8694078179215934,866.1058399608401,-862.2364321429185,us_etfs,1d,HT_PHASOR~MINMAXINDEX|and,wide,fixed_combo,24.0,0.0,False,False,True,and,0.5645316100952956,0.3152362363008794,0.24929537379441627
-0.37346601652365485,0.0,-0.3459594081390077,0.0,-1.7552455922359746,,TLT,10,10,22.088875298871415,False,False,False,False,0,False,1.5393713211905826,866.1058399608401,-864.5664686396494,us_etfs,1d,HT_DCPHASE~MINMAXINDEX|and,wide,fixed_combo,24.0,0.0,False,False,True,and,0.6394452962277563,0.3743920478686185,0.2650532483591378
-0.3736963601335613,0.0,-0.3180410082400152,0.0,-1.7563281796417884,,TLT,10,10,22.088875298871415,False,False,False,False,0,False,30.507470759829808,866.1058399608401,-835.5983692010102,us_etfs,1d,TAN~MINMAXINDEX|vote,wide,fixed_combo,24.0,0.0,False,False,True,vote,0.5280932896932601,0.2798764062501049,0.2482168834431552
-0.37384091725526714,0.0,-0.31861029754546977,0.0,-1.7570075808174628,,TLT,10,10,22.088875298871415,False,False,False,False,0,False,27.674252243971875,866.1058399608401,-838.4315877168682,us_etfs,1d,TAN~MINMAXINDEX|and,wide,fixed_combo,24.0,0.0,False,False,True,and,0.5233425810989238,0.27731770960600594,0.246024871492918
-0.3757123625517688,0.0,-0.35218120616518994,0.0,-1.765803149791507,,TLT,10,10,22.088875298871415,False,False,False,False,0,False,71.74317311828571,866.1058399608401,-794.3626668425543,us_etfs,1d,MAXINDEX~MINMAXINDEX|vote,wide,fixed_combo,24.0,0.0,False,False,True,vote,0.6420264473719937,0.5126456037632897,0.12938084360870397
-0.37675472364534335,0.0,-0.34777193325561456,0.0,-1.7707021222121986,,XLE,10,10,22.088875298871415,False,False,False,False,0,False,216.32470702655897,866.1058399608401,-649.7811329342811,us_etfs,1d,HT_DCPHASE~HT_TRENDMODE|and,wide,fixed_combo,24.0,0.0,False,False,True,and,0.433984524614156,0.433984524614156,0.0
-0.38996699443945193,0.0,-0.33633684225687566,0.0,-1.8327982140886554,,TLT,10,10,22.088875298871415,False,False,False,False,0,False,27.364887599424797,866.1058399608401,-838.7409523614152,us_etfs,1d,HT_PHASOR~AVGDEV|and,wide,fixed_combo,24.0,0.0,False,False,True,and,0.48864420117218954,0.25147955359044116,0.23716464758174832
-0.38996699443945193,0.0,-0.33633684225687566,0.0,-1.8327982140886554,,TLT,10,10,22.088875298871415,False,False,False,False,0,False,27.364887599424797,866.1058399608401,-838.7409523614152,us_etfs,1d,HT_PHASOR~AVGDEV|vote,wide,fixed_combo,24.0,0.0,False,False,True,vote,0.48864420117218954,0.25147955359044116,0.23716464758174832
-0.3929718282368837,0.0,-0.3606734427337942,0.0,-1.8469205734064802,,TLT,10,10,22.088875298871415,False,False,False,False,0,False,139.81883202339299,866.1058399608401,-726.287007937447,us_etfs,1d,MAXINDEX~AVGDEV|vote,wide,fixed_combo,24.0,0.0,False,False,True,vote,0.5365370479025349,0.46153653482836204,0.0750005130741729
-0.3934757553335938,0.0,-0.33082213930592913,0.0,-1.8492889704658486,,TLT,10,10,22.088875298871415,False,False,False,False,0,False,32.16261343948325,866.1058399608401,-833.9432265213568,us_etfs,1d,TAN~AVGDEV|and,wide,fixed_combo,24.0,0.0,False,False,True,and,0.49193885491401873,0.23576867895517334,0.2561701759588454
-0.3934757553335938,0.0,-0.33082213930592913,0.0,-1.8492889704658486,,TLT,10,10,22.088875298871415,False,False,False,False,0,False,32.16261343948325,866.1058399608401,-833.9432265213568,us_etfs,1d,TAN~AVGDEV|vote,wide,fixed_combo,24.0,0.0,False,False,True,vote,0.49193885491401873,0.23576867895517334,0.2561701759588454
-0.3952429594498092,0.0,-0.3511306155846411,0.0,-1.857594618365065,,TLT,10,10,22.088875298871415,False,False,False,False,0,False,86.08862530846696,866.1058399608401,-780.0172146523731,us_etfs,1d,HT_TRENDMODE~AVGDEV|vote,wide,fixed_combo,24.0,0.0,False,False,True,vote,0.6459300283328029,0.46153653482836204,0.18439349350444095
-0.396160928270745,0.1,-0.3626453581438756,0.0,-1.861908961987962,,TLT,10,10,22.088875298871415,False,False,False,False,0,False,134.60580153476582,866.1058399608401,-731.5000384260743,us_etfs,1d,MININDEX~AVGDEV|vote,wide,fixed_combo,24.0,0.0,False,False,True,vote,0.5662307469514015,0.46153653482836204,0.10469421212303953
-0.397713705595569,0.0,-0.36223925087948283,0.0,-1.8692068296239286,,TLT,10,10,22.088875298871415,False,False,False,False,0,False,97.34067033876798,866.1058399608401,-768.7651696220721,us_etfs,1d,HT_TRENDMODE~MINMAXINDEX|vote,wide,fixed_combo,24.0,0.0,False,False,True,vote,0.675738474085494,0.5137310351326445,0.16200743895284958
-0.40140353946767043,0.0,-0.3824856365674443,0.0,-1.8865486073320452,,TLT,10,10,22.088875298871415,False,False,False,False,0,False,177.2216889610184,866.1058399608401,-688.8841509998217,us_etfs,1d,MININDEX~MINMAXINDEX|vote,wide,fixed_combo,24.0,0.0,False,False,True,vote,0.5126456037632897,0.5126456037632897,0.0
-0.40463568840830455,0.0,-0.3857039269714052,0.0,-1.9017393206245325,,TLT,10,10,22.088875298871415,False,False,False,False,0,False,170.58140018664045,866.1058399608401,-695.5244397741997,us_etfs,1d,MAXINDEX~MINMAXINDEX|and,wide,fixed_combo,24.0,0.0,False,False,True,and,0.5110388579948848,0.5110388579948848,0.0
-0.4051519060525196,0.0,-0.37530426794358024,0.0,-1.9041654817866032,,TLT,10,10,22.088875298871415,False,False,False,False,0,False,-18.2556802220639,866.1058399608401,-884.361520182904,us_etfs,1d,MINMAXINDEX~MAXINDEX|gate,wide,fixed_combo,24.0,0.0,False,False,True,gate,0.8658684477969599,0.5110388579948848,0.354829589802075
-0.40657658803934743,0.0,-0.3796678228848668,0.0,-1.910861316660669,,TLT,10,10,22.088875298871415,False,False,False,False,0,False,-46.00919923791169,866.1058399608401,-912.1150391987518,us_etfs,1d,MINMAXINDEX~AVGDEV|gate,wide,fixed_combo,24.0,0.0,False,False,True,gate,0.9952492914056638,0.5110388579948848,0.48421043341077896
-0.40657658803934743,0.0,-0.3796678228848668,0.0,-1.910861316660669,,TLT,10,10,22.088875298871415,False,False,False,False,0,False,-46.00919923791169,866.1058399608401,-912.1150391987518,us_etfs,1d,MINMAXINDEX~HT_PHASOR|gate,wide,fixed_combo,24.0,0.0,False,False,True,gate,0.9952492914056638,0.5110388579948848,0.48421043341077896
-0.40657658803934743,0.0,-0.3796678228848668,0.0,-1.910861316660669,,TLT,10,10,22.088875298871415,False,False,False,False,0,False,-46.00919923791169,866.1058399608401,-912.1150391987518,us_etfs,1d,MINMAXINDEX~TAN|gate,wide,fixed_combo,24.0,0.0,False,False,True,gate,0.9952492914056638,0.5110388579948848,0.48421043341077896
-0.4066600859091546,0.0,-0.3797498485035563,0.0,-1.9112537466581943,,TLT,10,10,22.088875298871415,False,False,False,False,0,False,-46.018264601218874,866.1058399608401,-912.124104562059,us_etfs,1d,MINMAXINDEX~HT_DCPHASE|gate,wide,fixed_combo,24.0,0.0,False,False,True,gate,0.9952492914056638,0.5110388579948848,0.48421043341077896
-0.4117563263015215,0.0,-0.3847687725600779,0.0,-1.9352054667342036,,TLT,10,10,22.088875298871415,False,False,False,False,0,False,-48.64059507768634,866.1058399608401,-914.7464350385264,us_etfs,1d,MINMAXINDEX~AVGDEV|or,wide,fixed_combo,24.0,0.0,False,False,True,or,1.0,0.511934640185472,0.48806535981452803
-0.424862948208509,0.0,-0.3867476376858504,0.0,-1.996805021482142,,TLT,10,10,22.088875298871415,False,False,False,False,0,False,-30.420767214160428,866.1058399608401,-896.5266071750004,us_etfs,1d,AVGDEV~MINMAXINDEX|gate,wide,fixed_combo,24.0,0.0,False,False,True,gate,0.9952492914056638,0.46064075263777493,0.5346085387678889
-0.4255606888524016,0.0,-0.39190629279156075,0.0,-2.0000843190233653,,TLT,10,10,22.088875298871415,False,False,False,False,0,False,24.1802263980233,866.1058399608401,-841.9256135628168,us_etfs,1d,HT_DCPHASE~AVGDEV|vote,wide,fixed_combo,24.0,0.0,False,False,True,vote,0.39457903062273897,0.22632856168510845,0.16825046893763046
-0.4256773072028457,0.0,-0.39202084902584616,0.0,-2.000632411316999,,TLT,10,10,22.088875298871415,False,False,False,False,0,False,24.119671891601932,866.1058399608401,-841.9861680692381,us_etfs,1d,HT_DCPHASE~AVGDEV|and,wide,fixed_combo,24.0,0.0,False,False,True,and,0.39457903062273897,0.22632856168510845,0.16825046893763046
-0.4293613262301581,0.0,-0.3953450020537862,0.0,-2.017946859950357,,TLT,10,10,22.088875298871415,False,False,False,False,0,False,-43.70623262515698,866.1058399608401,-909.812072585997,us_etfs,1d,MINMAXINDEX~HT_TRENDMODE|gate,wide,fixed_combo,24.0,0.0,False,False,True,gate,0.7143636963365665,0.39216070187863716,0.3222029944579293
-0.42946861132749614,0.0,-0.3920200799597783,0.0,-2.0184510870711216,,TLT,10,10,22.088875298871415,False,False,False,False,0,False,-32.395347253054766,866.1058399608401,-898.5011872138948,us_etfs,1d,AVGDEV~HT_PHASOR|gate,wide,fixed_combo,24.0,0.0,False,False,True,gate,1.0,0.46153653482836204,0.538463465171638
-0.42946861132749614,0.0,-0.3920200799597783,0.0,-2.0184510870711216,,TLT,10,10,22.088875298871415,False,False,False,False,0,False,-32.395347253054766,866.1058399608401,-898.5011872138948,us_etfs,1d,AVGDEV~TAN|gate,wide,fixed_combo,24.0,0.0,False,False,True,gate,1.0,0.46153653482836204,0.538463465171638
-0.4295696902980809,0.0,-0.3921193667712236,0.0,-2.0189261461387127,,TLT,10,10,22.088875298871415,False,False,False,False,0,False,-32.438853740406,866.1058399608401,-898.544693701246,us_etfs,1d,AVGDEV~HT_DCPHASE|gate,wide,fixed_combo,24.0,0.0,False,False,True,gate,1.0,0.46153653482836204,0.538463465171638
-0.43341179634673327,0.0,-0.40415881329143255,0.0,-2.0369835848571647,,TLT,10,10,22.088875298871415,False,False,False,False,0,False,-54.409666194791804,866.1058399608401,-920.5155061556319,us_etfs,1d,MINMAXINDEX~MININDEX|gate,wide,fixed_combo,24.0,0.0,False,False,True,gate,0.8526720007548562,0.3684615673440773,0.48421043341077896
-0.4405935358001896,0.0,-0.41459222337669177,0.0,-2.070736900989124,,TLT,10,10,22.088875298871415,False,False,False,False,0,False,158.75496975854523,866.1058399608401,-707.3508702022948,us_etfs,1d,MININDEX~AVGDEV|and,wide,fixed_combo,24.0,0.0,False,False,True,and,0.4205094934746626,0.4205094934746626,0.0
-0.44071611607443073,0.1,-0.4177828751107828,0.0,-2.071313013611256,,TLT,10,10,22.088875298871415,False,False,False,False,0,False,99.22216108059942,866.1058399608401,-766.8836788802406,us_etfs,1d,MININDEX~MINMAXINDEX|and,wide,fixed_combo,24.0,0.0,False,False,True,and,0.3684615673440773,0.3684615673440773,0.0
-0.44229158237274735,0.0,-0.4183834284366569,0.0,-2.078717516707889,,TLT,10,10,22.088875298871415,False,False,False,False,0,False,122.03312873725096,866.1058399608401,-744.0727112235891,us_etfs,1d,HT_TRENDMODE~MINMAXINDEX|and,wide,fixed_combo,24.0,0.0,False,False,True,and,0.39216070187863716,0.39216070187863716,0.0
-0.4437012240547098,0.0,-0.4051665930935836,0.0,-2.0853426639486687,,TLT,10,10,22.088875298871415,False,False,False,False,0,False,-30.322401909100524,866.1058399608401,-896.4282418699406,us_etfs,1d,AVGDEV~MININDEX|gate,wide,fixed_combo,24.0,0.0,False,False,True,gate,0.8542787465232611,0.4205094934746626,0.4337692530485985
-0.44719642356114964,0.0,-0.42161389548820355,0.0,-2.1017696834262907,,TLT,10,10,22.088875298871415,False,False,False,False,0,False,128.082604060352,866.1058399608401,-738.0232359004881,us_etfs,1d,MAXINDEX~AVGDEV|and,wide,fixed_combo,24.0,0.0,False,False,True,and,0.4040122414678996,0.4040122414678996,0.0
-0.457364393358379,0.0,-0.4197585431527345,0.0,-2.1495579248697925,,TLT,10,10,22.088875298871415,False,False,False,False,0,False,-37.167399666740195,866.1058399608401,-903.2732396275802,us_etfs,1d,AVGDEV~MAXINDEX|gate,wide,fixed_combo,24.0,0.0,False,False,True,gate,0.8674751935653646,0.4040122414678996,0.463462952097465
-0.4627927145107648,0.0,-0.4331265193832582,0.0,-2.175070384784236,,TLT,10,10,22.088875298871415,False,False,False,False,0,False,142.2345419178543,866.1058399608401,-723.8712980429857,us_etfs,1d,HT_TRENDMODE~AVGDEV|and,wide,fixed_combo,24.0,0.0,False,False,True,and,0.36298590180712903,0.36298590180712903,0.0
-0.4682505237278158,0.0,-0.4240113172443654,0.0,-2.200721435074341,,TLT,10,10,22.088875298871415,False,False,False,False,0,False,-21.87260171485776,866.1058399608401,-887.9784416756978,us_etfs,1d,AVGDEV~HT_TRENDMODE|gate,wide,fixed_combo,24.0,0.0,False,False,True,gate,0.7170558734743261,0.36298590180712903,0.354069971667197
-0.48859690937965305,0.0,-0.45762548357867416,0.0,-2.2963470131811476,,TLT,10,10,22.088875298871415,False,False,False,False,0,False,-24.78987335989654,866.1058399608401,-890.8957133207366,us_etfs,1d,MINMAXINDEX~AVGDEV|and,wide,fixed_combo,24.0,0.0,False,False,True,and,0.4568240405864065,0.21662717990670127,0.2401968606797053
-0.49451249180274404,0.0,-0.46341553759541043,0.0,-2.3241495427668117,,TLT,10,10,22.088875298871415,False,False,False,False,0,False,-27.898239999888773,866.1058399608401,-894.0040799607289,us_etfs,1d,MINMAXINDEX~AVGDEV|vote,wide,fixed_combo,24.0,0.0,False,False,True,vote,0.46157474918074276,0.21752296209728836,0.24405178708345437
