ir_net,ir_hit_rate,ir_gross,headroom,t_stat,loo_retention,loo_dropped,n_assets,n_ir,years,legacy_gate_ir,legacy_gate_breadth,legacy_gate_headroom,legacy_gate_t,legacy_passed,legacy_gate_loo,net_return_pct,bench_return_pct,excess_return_pct,class,timeframe,rule,scenario,wf_mode,n_folds,n_switches,is_baseline,generic_fallback,rankable,op,exposure,long_frac,short_frac
0.12627416865079694,0.625,0.12627416865079694,13.45997164720944,0.45846889063005913,0.6615704053974655,SI.v.0,16,16,13.182285342538613,False,False,True,False,1,False,123.34673974793914,77.94166190900121,45.40507783893793,cme_futures,1d,MININDEX~LINEARREG_100|or,gross,fixed_combo,14.0,0.0,False,False,True,or,1.0,0.9571073026459703,0.04289269735402965
0.10569054399973024,0.5625,0.10569054399973024,10.490336088155042,0.38373506612936203,0.6827806977011844,SI.v.0,16,16,13.182285342538613,False,False,True,False,1,False,110.45075687520583,77.94166190900121,32.509094966204614,cme_futures,1d,MININDEX~TEMA_100|or,gross,fixed_combo,14.0,0.0,False,False,True,or,1.0,0.9577414930973382,0.04225850690266174
0.08734643531881749,0.625,0.08734643531881749,7.752007666950584,0.31713234566486875,0.6870031043285307,SI.v.0,16,16,13.182285342538613,False,False,True,False,1,False,101.20670234460657,77.94166190900121,23.265040435605357,cme_futures,1d,MININDEX~DEMA_50|or,gross,fixed_combo,14.0,0.0,False,False,True,or,1.0,0.9582728611793221,0.041727138820677884
0.08358900054675997,0.6875,0.08358900054675995,6.630716214287861,0.30349007052684,0.699025805671427,HO.v.0,16,16,13.182285342538613,False,False,True,False,1,False,102.98166032477442,77.94166190900121,25.039998415773212,cme_futures,1d,MININDEX~TEMA_50|or,gross,fixed_combo,14.0,0.0,False,False,True,or,1.0,0.9552522546231617,0.04474774537683837
0.06038486896998506,0.625,0.06038486896998505,7.682523100538494,0.21924186223763995,0.2863898034367284,SI.v.0,16,16,13.182285342538613,False,False,True,False,1,False,123.26356451393578,77.94166190900121,45.321902604934564,cme_futures,1d,MININDEX~ADX|or,gross,fixed_combo,14.0,0.0,False,False,True,or,1.0,0.9053788046665541,0.09462119533344596
0.035061494408141505,0.6875,0.035061494408141505,3.4362078748982228,0.1272992300554038,0.4401635118131099,HO.v.0,16,16,13.182285342538613,False,False,True,False,1,False,214.80898510724887,77.94166190900121,136.86732319824768,cme_futures,1d,TSF_100~MININDEX|vote,gross,fixed_combo,14.0,0.0,False,False,True,vote,0.555644683398575,0.5128284394602785,0.042816243938296555
0.025386417441378605,0.6875,0.02538641744137861,2.444600689117576,0.09217152459428984,0.26083438070654336,HO.v.0,16,16,13.182285342538613,False,False,False,False,0,False,201.4870626796076,77.94166190900121,123.54540077060638,cme_futures,1d,MININDEX~LINEARREG_100|vote,gross,fixed_combo,14.0,0.0,False,False,True,vote,0.5564781951770387,0.513585497823009,0.04289269735402965
0.015020827804387474,0.625,0.015020827804387469,2.0582533018815217,0.05453674598220536,-1.1306216572059478,ZC.v.0,16,16,13.182285342538613,False,False,False,False,0,False,80.90401170119014,77.94166190900121,2.962349792188931,cme_futures,1d,MININDEX~ADX|gate,gross,fixed_combo,14.0,0.0,False,False,True,gate,0.8515855548050951,0.8515855548050951,0.0
0.015020827804387474,0.625,0.015020827804387469,2.0582533018815217,0.05453674598220536,-1.1306216572059478,ZC.v.0,16,16,13.182285342538613,False,False,False,False,0,False,80.90401170119014,77.94166190900121,2.962349792188931,cme_futures,1d,MININDEX~DEMA_50|gate,gross,fixed_combo,14.0,0.0,False,False,True,gate,0.8515855548050951,0.8515855548050951,0.0
0.015020827804387474,0.625,0.015020827804387469,2.0582533018815217,0.05453674598220536,-1.1306216572059478,ZC.v.0,16,16,13.182285342538613,False,False,False,False,0,False,80.90401170119014,77.94166190900121,2.962349792188931,cme_futures,1d,MININDEX~LINEARREG_100|gate,gross,fixed_combo,14.0,0.0,False,False,True,gate,0.8515855548050951,0.8515855548050951,0.0
0.015020827804387474,0.625,0.015020827804387469,2.0582533018815217,0.05453674598220536,-1.1306216572059478,ZC.v.0,16,16,13.182285342538613,False,False,False,False,0,False,80.90401170119014,77.94166190900121,2.962349792188931,cme_futures,1d,MININDEX~TEMA_100|gate,gross,fixed_combo,14.0,0.0,False,False,True,gate,0.8515855548050951,0.8515855548050951,0.0
0.015020827804387474,0.625,0.015020827804387469,2.0582533018815217,0.05453674598220536,-1.1306216572059478,ZC.v.0,16,16,13.182285342538613,False,False,False,False,0,False,80.90401170119014,77.94166190900121,2.962349792188931,cme_futures,1d,MININDEX~TEMA_50|gate,gross,fixed_combo,14.0,0.0,False,False,True,gate,0.8515855548050951,0.8515855548050951,0.0
0.015020827804387474,0.625,0.015020827804387469,2.0582533018815217,0.05453674598220536,-1.1306216572059478,ZC.v.0,16,16,13.182285342538613,False,False,False,False,0,False,80.90401170119014,77.94166190900121,2.962349792188931,cme_futures,1d,MININDEX~TSF_100|gate,gross,fixed_combo,14.0,0.0,False,False,True,gate,0.8515855548050951,0.8515855548050951,0.0
0.015020827804387474,0.625,0.015020827804387469,2.0582533018815217,0.05453674598220536,-1.1306216572059478,ZC.v.0,16,16,13.182285342538613,False,False,False,False,0,False,80.90401170119014,77.94166190900121,2.962349792188931,cme_futures,1d,MININDEX~TSF_21|gate,gross,fixed_combo,14.0,0.0,False,False,True,gate,0.8515855548050951,0.8515855548050951,0.0
0.007981520726829647,0.5625,0.007981520726829651,0.6569587399558432,0.028978840187733976,-1.1001835665117727,NG.v.0,16,16,13.182285342538613,False,False,False,False,0,False,122.74423385664278,77.94166190900121,44.80257194764157,cme_futures,1d,MININDEX~TEMA_100|vote,gross,fixed_combo,14.0,0.0,False,False,True,vote,0.5531331534458226,0.5108746465431608,0.04225850690266174
0.004793865962270261,0.5,0.0047938659622702535,0.37962648546234773,0.01740528908671122,-5.246182389673524,PL.v.0,16,16,13.182285342538613,False,False,False,False,0,False,68.77058506755928,77.94166190900121,-9.17107684144193,cme_futures,1d,MININDEX~TSF_21|or,gross,fixed_combo,14.0,0.0,False,False,True,or,1.0,0.9016698698335638,0.09833013016643623
0.000257567111252216,0.625,0.000257567111252216,0.02933519354648243,0.0009351596531603633,-85.96316373014584,CL.v.0,16,16,13.182285342538613,False,False,False,False,0,False,289.0342880965911,77.94166190900121,211.09262618758993,cme_futures,1d,TSF_100~ADX|gate,gross,fixed_combo,14.0,0.0,False,False,True,gate,1.0,0.5128284394602785,0.48717156053972155
0.000257567111252216,0.625,0.000257567111252216,0.02933519354648243,0.0009351596531603633,-85.96316373014584,CL.v.0,16,16,13.182285342538613,False,False,False,False,0,False,289.0342880965911,77.94166190900121,211.09262618758993,cme_futures,1d,TSF_100~ADX|or,gross,fixed_combo,14.0,0.0,False,False,True,or,1.0,0.5128284394602785,0.48717156053972155
0.000257567111252216,0.625,0.000257567111252216,0.02933519354648243,0.0009351596531603633,-85.96316373014584,CL.v.0,16,16,13.182285342538613,False,False,False,False,0,False,289.0342880965911,77.94166190900121,211.09262618758993,cme_futures,1d,TSF_100~DEMA_50|gate,gross,fixed_combo,14.0,0.0,False,False,True,gate,1.0,0.5128284394602785,0.48717156053972155
0.000257567111252216,0.625,0.000257567111252216,0.02933519354648243,0.0009351596531603633,-85.96316373014584,CL.v.0,16,16,13.182285342538613,False,False,False,False,0,False,289.0342880965911,77.94166190900121,211.09262618758993,cme_futures,1d,TSF_100~DEMA_50|or,gross,fixed_combo,14.0,0.0,False,False,True,or,1.0,0.5128284394602785,0.48717156053972155
0.000257567111252216,0.625,0.000257567111252216,0.02933519354648243,0.0009351596531603633,-85.96316373014584,CL.v.0,16,16,13.182285342538613,False,False,False,False,0,False,289.0342880965911,77.94166190900121,211.09262618758993,cme_futures,1d,TSF_100~LINEARREG_100|gate,gross,fixed_combo,14.0,0.0,False,False,True,gate,1.0,0.5128284394602785,0.48717156053972155
0.000257567111252216,0.625,0.000257567111252216,0.02933519354648243,0.0009351596531603633,-85.96316373014584,CL.v.0,16,16,13.182285342538613,False,False,False,False,0,False,289.0342880965911,77.94166190900121,211.09262618758993,cme_futures,1d,TSF_100~LINEARREG_100|or,gross,fixed_combo,14.0,0.0,False,False,True,or,1.0,0.5128284394602785,0.48717156053972155
0.000257567111252216,0.625,0.000257567111252216,0.02933519354648243,0.0009351596531603633,-85.96316373014584,CL.v.0,16,16,13.182285342538613,False,False,False,False,0,False,289.0342880965911,77.94166190900121,211.09262618758993,cme_futures,1d,TSF_100~MININDEX|or,gross,fixed_combo,14.0,0.0,False,False,True,or,1.0,0.5128284394602785,0.48717156053972155
0.000257567111252216,0.625,0.000257567111252216,0.02933519354648243,0.0009351596531603633,-85.96316373014584,CL.v.0,16,16,13.182285342538613,False,False,False,False,0,False,289.0342880965911,77.94166190900121,211.09262618758993,cme_futures,1d,TSF_100~TEMA_100|gate,gross,fixed_combo,14.0,0.0,False,False,True,gate,1.0,0.5128284394602785,0.48717156053972155
0.000257567111252216,0.625,0.000257567111252216,0.02933519354648243,0.0009351596531603633,-85.96316373014584,CL.v.0,16,16,13.182285342538613,False,False,False,False,0,False,289.0342880965911,77.94166190900121,211.09262618758993,cme_futures,1d,TSF_100~TEMA_100|or,gross,fixed_combo,14.0,0.0,False,False,True,or,1.0,0.5128284394602785,0.48717156053972155
0.000257567111252216,0.625,0.000257567111252216,0.02933519354648243,0.0009351596531603633,-85.96316373014584,CL.v.0,16,16,13.182285342538613,False,False,False,False,0,False,289.0342880965911,77.94166190900121,211.09262618758993,cme_futures,1d,TSF_100~TEMA_50|gate,gross,fixed_combo,14.0,0.0,False,False,True,gate,1.0,0.5128284394602785,0.48717156053972155
0.000257567111252216,0.625,0.000257567111252216,0.02933519354648243,0.0009351596531603633,-85.96316373014584,CL.v.0,16,16,13.182285342538613,False,False,False,False,0,False,289.0342880965911,77.94166190900121,211.09262618758993,cme_futures,1d,TSF_100~TEMA_50|or,gross,fixed_combo,14.0,0.0,False,False,True,or,1.0,0.5128284394602785,0.48717156053972155
0.000257567111252216,0.625,0.000257567111252216,0.02933519354648243,0.0009351596531603633,-85.96316373014584,CL.v.0,16,16,13.182285342538613,False,False,False,False,0,False,289.0342880965911,77.94166190900121,211.09262618758993,cme_futures,1d,TSF_100~TSF_21|gate,gross,fixed_combo,14.0,0.0,False,False,True,gate,1.0,0.5128284394602785,0.48717156053972155
0.000257567111252216,0.625,0.000257567111252216,0.02933519354648243,0.0009351596531603633,-85.96316373014584,CL.v.0,16,16,13.182285342538613,False,False,False,False,0,False,289.0342880965911,77.94166190900121,211.09262618758993,cme_futures,1d,TSF_100~TSF_21|or,gross,fixed_combo,14.0,0.0,False,False,True,or,1.0,0.5128284394602785,0.48717156053972155
-0.004534389527413356,0.625,-0.004534389527413358,0.0,-0.016463197172707257,,CL.v.0,16,16,13.182285342538613,False,False,False,False,0,False,280.7932632039972,77.94166190900121,202.851601294996,cme_futures,1d,TSF_100~LINEARREG_100|and,gross,fixed_combo,14.0,0.0,False,False,True,and,0.9908547849473257,0.5086343611153066,0.48222042383201913
-0.004534389527413356,0.625,-0.004534389527413358,0.0,-0.016463197172707257,,CL.v.0,16,16,13.182285342538613,False,False,False,False,0,False,280.7932632039972,77.94166190900121,202.851601294996,cme_futures,1d,TSF_100~LINEARREG_100|vote,gross,fixed_combo,14.0,0.0,False,False,True,vote,0.9908547849473257,0.5086343611153066,0.48222042383201913
-0.0093366101046376,0.625,-0.009336610104637596,0.0,-0.033898819708377353,,CL.v.0,16,16,13.182285342538613,False,False,False,False,0,False,268.2129369976978,77.94166190900121,190.2712750886966,cme_futures,1d,LINEARREG_100~ADX|gate,gross,fixed_combo,14.0,0.0,False,False,True,gate,1.0,0.513585497823009,0.486414502176991
-0.0093366101046376,0.625,-0.009336610104637596,0.0,-0.033898819708377353,,CL.v.0,16,16,13.182285342538613,False,False,False,False,0,False,268.2129369976978,77.94166190900121,190.2712750886966,cme_futures,1d,LINEARREG_100~ADX|or,gross,fixed_combo,14.0,0.0,False,False,True,or,1.0,0.513585497823009,0.486414502176991
-0.0093366101046376,0.625,-0.009336610104637596,0.0,-0.033898819708377353,,CL.v.0,16,16,13.182285342538613,False,False,False,False,0,False,268.2129369976978,77.94166190900121,190.2712750886966,cme_futures,1d,LINEARREG_100~DEMA_50|gate,gross,fixed_combo,14.0,0.0,False,False,True,gate,1.0,0.513585497823009,0.486414502176991
-0.0093366101046376,0.625,-0.009336610104637596,0.0,-0.033898819708377353,,CL.v.0,16,16,13.182285342538613,False,False,False,False,0,False,268.2129369976978,77.94166190900121,190.2712750886966,cme_futures,1d,LINEARREG_100~DEMA_50|or,gross,fixed_combo,14.0,0.0,False,False,True,or,1.0,0.513585497823009,0.486414502176991
-0.0093366101046376,0.625,-0.009336610104637596,0.0,-0.033898819708377353,,CL.v.0,16,16,13.182285342538613,False,False,False,False,0,False,268.2129369976978,77.94166190900121,190.2712750886966,cme_futures,1d,LINEARREG_100~TEMA_100|gate,gross,fixed_combo,14.0,0.0,False,False,True,gate,1.0,0.513585497823009,0.486414502176991
-0.0093366101046376,0.625,-0.009336610104637596,0.0,-0.033898819708377353,,CL.v.0,16,16,13.182285342538613,False,False,False,False,0,False,268.2129369976978,77.94166190900121,190.2712750886966,cme_futures,1d,LINEARREG_100~TEMA_100|or,gross,fixed_combo,14.0,0.0,False,False,True,or,1.0,0.513585497823009,0.486414502176991
-0.0093366101046376,0.625,-0.009336610104637596,0.0,-0.033898819708377353,,CL.v.0,16,16,13.182285342538613,False,False,False,False,0,False,268.2129369976978,77.94166190900121,190.2712750886966,cme_futures,1d,LINEARREG_100~TEMA_50|gate,gross,fixed_combo,14.0,0.0,False,False,True,gate,1.0,0.513585497823009,0.486414502176991
-0.0093366101046376,0.625,-0.009336610104637596,0.0,-0.033898819708377353,,CL.v.0,16,16,13.182285342538613,False,False,False,False,0,False,268.2129369976978,77.94166190900121,190.2712750886966,cme_futures,1d,LINEARREG_100~TEMA_50|or,gross,fixed_combo,14.0,0.0,False,False,True,or,1.0,0.513585497823009,0.486414502176991
-0.0093366101046376,0.625,-0.009336610104637596,0.0,-0.033898819708377353,,CL.v.0,16,16,13.182285342538613,False,False,False,False,0,False,268.2129369976978,77.94166190900121,190.2712750886966,cme_futures,1d,LINEARREG_100~TSF_100|gate,gross,fixed_combo,14.0,0.0,False,False,True,gate,1.0,0.513585497823009,0.486414502176991
-0.0093366101046376,0.625,-0.009336610104637596,0.0,-0.033898819708377353,,CL.v.0,16,16,13.182285342538613,False,False,False,False,0,False,268.2129369976978,77.94166190900121,190.2712750886966,cme_futures,1d,LINEARREG_100~TSF_21|gate,gross,fixed_combo,14.0,0.0,False,False,True,gate,1.0,0.513585497823009,0.486414502176991
-0.0093366101046376,0.625,-0.009336610104637596,0.0,-0.033898819708377353,,CL.v.0,16,16,13.182285342538613,False,False,False,False,0,False,268.2129369976978,77.94166190900121,190.2712750886966,cme_futures,1d,LINEARREG_100~TSF_21|or,gross,fixed_combo,14.0,0.0,False,False,True,or,1.0,0.513585497823009,0.486414502176991
-0.011281554409701171,0.6875,-0.011281554409701173,0.0,-0.0409604101144538,,CL.v.0,16,16,13.182285342538613,False,False,False,False,0,False,164.3289683151458,77.94166190900121,86.38730640614459,cme_futures,1d,TSF_100~TEMA_100|and,gross,fixed_combo,14.0,0.0,False,False,True,and,0.9024346374144012,0.4630688617089203,0.43936577570548097
-0.011281554409701171,0.6875,-0.011281554409701173,0.0,-0.0409604101144538,,CL.v.0,16,16,13.182285342538613,False,False,False,False,0,False,164.3289683151458,77.94166190900121,86.38730640614459,cme_futures,1d,TSF_100~TEMA_100|vote,gross,fixed_combo,14.0,0.0,False,False,True,vote,0.9024346374144012,0.4630688617089203,0.43936577570548097
-0.01405262339754505,0.5625,-0.014052623397545046,0.0,-0.05102144586143613,,GC.v.0,16,16,13.182285342538613,False,False,False,False,0,False,60.88149150861506,77.94166190900121,-17.06017040038615,cme_futures,1d,IS#1[combo],gross,wf_combo,14.0,10.0,False,False,True,,,,
-0.01618660495585497,0.6875,-0.016186604955854965,0.0,-0.05876938170704012,,CL.v.0,16,16,13.182285342538613,False,False,False,False,0,False,156.35798925694664,77.94166190900121,78.41632734794543,cme_futures,1d,LINEARREG_100~TEMA_100|and,gross,fixed_combo,14.0,0.0,False,False,True,and,0.9033312742055968,0.4638957092858833,0.4394355649197135
-0.01618660495585497,0.6875,-0.016186604955854965,0.0,-0.05876938170704012,,CL.v.0,16,16,13.182285342538613,False,False,False,False,0,False,156.35798925694664,77.94166190900121,78.41632734794543,cme_futures,1d,LINEARREG_100~TEMA_100|vote,gross,fixed_combo,14.0,0.0,False,False,True,vote,0.9033312742055968,0.4638957092858833,0.4394355649197135
-0.019665047814030594,0.5625,-0.019665047814030598,0.0,-0.07139870926743794,,CL.v.0,16,16,13.182285342538613,False,False,False,False,0,False,128.32659936349336,77.94166190900121,50.384937454492146,cme_futures,1d,TSF_100~MININDEX|and,gross,fixed_combo,14.0,0.0,False,False,True,and,0.40723023820367016,0.40723023820367016,0.0
-0.023008513537255797,0.5625,-0.023008513537255797,0.0,-0.08353796971448751,,NG.v.0,16,16,13.182285342538613,False,False,False,False,0,False,84.96332324072017,77.94166190900121,7.02166133171896,cme_futures,1d,TEMA_100~ADX|gate,gross,fixed_combo,14.0,0.0,False,False,True,gate,1.0,0.5108746465431608,0.48912535345683916
-0.023008513537255797,0.5625,-0.023008513537255797,0.0,-0.08353796971448751,,NG.v.0,16,16,13.182285342538613,False,False,False,False,0,False,84.96332324072017,77.94166190900121,7.02166133171896,cme_futures,1d,TEMA_100~ADX|or,gross,fixed_combo,14.0,0.0,False,False,True,or,1.0,0.5108746465431608,0.48912535345683916
-0.023008513537255797,0.5625,-0.023008513537255797,0.0,-0.08353796971448751,,NG.v.0,16,16,13.182285342538613,False,False,False,False,0,False,84.96332324072017,77.94166190900121,7.02166133171896,cme_futures,1d,TEMA_100~DEMA_50|gate,gross,fixed_combo,14.0,0.0,False,False,True,gate,1.0,0.5108746465431608,0.48912535345683916
-0.023008513537255797,0.5625,-0.023008513537255797,0.0,-0.08353796971448751,,NG.v.0,16,16,13.182285342538613,False,False,False,False,0,False,84.96332324072017,77.94166190900121,7.02166133171896,cme_futures,1d,TEMA_100~DEMA_50|or,gross,fixed_combo,14.0,0.0,False,False,True,or,1.0,0.5108746465431608,0.48912535345683916
-0.023008513537255797,0.5625,-0.023008513537255797,0.0,-0.08353796971448751,,NG.v.0,16,16,13.182285342538613,False,False,False,False,0,False,84.96332324072017,77.94166190900121,7.02166133171896,cme_futures,1d,TEMA_100~LINEARREG_100|gate,gross,fixed_combo,14.0,0.0,False,False,True,gate,1.0,0.5108746465431608,0.48912535345683916
-0.023008513537255797,0.5625,-0.023008513537255797,0.0,-0.08353796971448751,,NG.v.0,16,16,13.182285342538613,False,False,False,False,0,False,84.96332324072017,77.94166190900121,7.02166133171896,cme_futures,1d,TEMA_100~TEMA_50|gate,gross,fixed_combo,14.0,0.0,False,False,True,gate,1.0,0.5108746465431608,0.48912535345683916
-0.023008513537255797,0.5625,-0.023008513537255797,0.0,-0.08353796971448751,,NG.v.0,16,16,13.182285342538613,False,False,False,False,0,False,84.96332324072017,77.94166190900121,7.02166133171896,cme_futures,1d,TEMA_100~TEMA_50|or,gross,fixed_combo,14.0,0.0,False,False,True,or,1.0,0.5108746465431608,0.48912535345683916
-0.023008513537255797,0.5625,-0.023008513537255797,0.0,-0.08353796971448751,,NG.v.0,16,16,13.182285342538613,False,False,False,False,0,False,84.96332324072017,77.94166190900121,7.02166133171896,cme_futures,1d,TEMA_100~TSF_100|gate,gross,fixed_combo,14.0,0.0,False,False,True,gate,1.0,0.5108746465431608,0.48912535345683916
-0.023008513537255797,0.5625,-0.023008513537255797,0.0,-0.08353796971448751,,NG.v.0,16,16,13.182285342538613,False,False,False,False,0,False,84.96332324072017,77.94166190900121,7.02166133171896,cme_futures,1d,TEMA_100~TSF_21|gate,gross,fixed_combo,14.0,0.0,False,False,True,gate,1.0,0.5108746465431608,0.48912535345683916
-0.023008513537255797,0.5625,-0.023008513537255797,0.0,-0.08353796971448751,,NG.v.0,16,16,13.182285342538613,False,False,False,False,0,False,84.96332324072017,77.94166190900121,7.02166133171896,cme_futures,1d,TEMA_100~TSF_21|or,gross,fixed_combo,14.0,0.0,False,False,True,or,1.0,0.5108746465431608,0.48912535345683916
-0.023502769152919906,0.625,-0.023502769152919906,0.0,-0.08533248419217021,,ZW.v.0,16,16,13.182285342538613,False,False,False,False,0,False,150.90933920784698,77.94166190900121,72.96767729884577,cme_futures,1d,TSF_100~TEMA_50|and,gross,fixed_combo,14.0,0.0,False,False,True,and,0.7305498628866525,0.3741555837925529,0.35639427909409954
-0.023502769152919906,0.625,-0.023502769152919906,0.0,-0.08533248419217021,,ZW.v.0,16,16,13.182285342538613,False,False,False,False,0,False,150.90933920784698,77.94166190900121,72.96767729884577,cme_futures,1d,TSF_100~TEMA_50|vote,gross,fixed_combo,14.0,0.0,False,False,True,vote,0.7305498628866525,0.3741555837925529,0.35639427909409954
-0.025047300918291465,0.5625,-0.025047300918291465,0.0,-0.09094028009040372,,ZW.v.0,16,16,13.182285342538613,False,False,False,False,0,False,105.31590048562515,77.94166190900121,27.374238576623938,cme_futures,1d,MININDEX~TEMA_50|vote,gross,fixed_combo,14.0,0.0,False,False,True,vote,0.5496806106150133,0.5049328652381749,0.04474774537683837
-0.025466700295878095,0.5625,-0.025466700295878098,0.0,-0.09246301090247362,,NG.v.0,16,16,13.182285342538613,False,False,False,False,0,False,106.84506808902907,77.94166190900121,28.903406180027858,cme_futures,1d,MININDEX~DEMA_50|vote,gross,fixed_combo,14.0,0.0,False,False,True,vote,0.555246269007146,0.5135191301864682,0.041727138820677884
-0.026926260629894196,0.5625,-0.026926260629894193,0.0,-0.09776229748098618,,NG.v.0,16,16,13.182285342538613,False,False,False,False,0,False,140.8636612490393,77.94166190900121,62.921999340038084,cme_futures,1d,TSF_100~DEMA_50|and,gross,fixed_combo,14.0,0.0,False,False,True,and,0.8700555763660923,0.4482015730064195,0.4218540033596728
-0.026926260629894196,0.5625,-0.026926260629894193,0.0,-0.09776229748098618,,NG.v.0,16,16,13.182285342538613,False,False,False,False,0,False,140.8636612490393,77.94166190900121,62.921999340038084,cme_futures,1d,TSF_100~DEMA_50|vote,gross,fixed_combo,14.0,0.0,False,False,True,vote,0.8700555763660923,0.4482015730064195,0.4218540033596728
-0.02752794079676992,0.5625,-0.02752794079676992,0.0,-0.09994684275710257,,CL.v.0,16,16,13.182285342538613,False,False,False,False,0,False,124.6431682751024,77.94166190900121,46.701506366101185,cme_futures,1d,MININDEX~LINEARREG_100|and,gross,fixed_combo,14.0,0.0,False,False,True,and,0.40806374998213374,0.40806374998213374,0.0
-0.028401216826453468,0.5625,-0.02840121682645346,0.0,-0.10311748245974861,,CL.v.0,16,16,13.182285342538613,False,False,False,False,0,False,167.58853482183835,77.94166190900121,89.64687291283714,cme_futures,1d,TSF_100~MININDEX|gate,gross,fixed_combo,14.0,0.0,False,False,True,gate,0.8515855548050951,0.40723023820367016,0.44435531660142497
-0.0285156545649241,0.5,-0.028515654564924102,0.0,-0.10353297632966221,,ZW.v.0,16,16,13.182285342538613,False,False,False,False,0,False,144.93697200961924,77.94166190900121,66.99531010061803,cme_futures,1d,LINEARREG_100~TEMA_50|and,gross,fixed_combo,14.0,0.0,False,False,True,and,0.7278100368926067,0.3731641999768953,0.3546458369157114
-0.0285156545649241,0.5,-0.028515654564924102,0.0,-0.10353297632966221,,ZW.v.0,16,16,13.182285342538613,False,False,False,False,0,False,144.93697200961924,77.94166190900121,66.99531010061803,cme_futures,1d,LINEARREG_100~TEMA_50|vote,gross,fixed_combo,14.0,0.0,False,False,True,vote,0.7278100368926067,0.3731641999768953,0.3546458369157114
-0.03187463380331553,0.4375,-0.03187463380331553,0.0,-0.11572856234324713,,NG.v.0,16,16,13.182285342538613,False,False,False,False,0,False,133.0553610124104,77.94166190900121,55.11369910340919,cme_futures,1d,LINEARREG_100~DEMA_50|and,gross,fixed_combo,14.0,0.0,False,False,True,and,0.8707911421389588,0.44894788507421796,0.42184325706474085
-0.03187463380331553,0.4375,-0.03187463380331553,0.0,-0.11572856234324713,,NG.v.0,16,16,13.182285342538613,False,False,False,False,0,False,133.0553610124104,77.94166190900121,55.11369910340919,cme_futures,1d,LINEARREG_100~DEMA_50|vote,gross,fixed_combo,14.0,0.0,False,False,True,vote,0.8707911421389588,0.44894788507421796,0.42184325706474085
-0.03582763675420455,0.5625,-0.03582763675420455,0.0,-0.1300808950247104,,NG.v.0,16,16,13.182285342538613,False,False,False,False,0,False,86.83738625450108,77.94166190900121,8.895724345499872,cme_futures,1d,MININDEX~TEMA_100|and,gross,fixed_combo,14.0,0.0,False,False,True,and,0.4047187082509177,0.4047187082509177,0.0
-0.03617119464651717,0.5,-0.03617119464651717,0.0,-0.13132826499307942,,ZW.v.0,16,16,13.182285342538613,False,False,False,False,0,False,79.3900326209509,77.94166190900121,1.4483707119496927,cme_futures,1d,TEMA_100~TEMA_50|and,gross,fixed_combo,14.0,0.0,False,False,True,and,0.7617421826275708,0.38877484720445327,0.37296733542311744
-0.03617119464651717,0.5,-0.03617119464651717,0.0,-0.13132826499307942,,ZW.v.0,16,16,13.182285342538613,False,False,False,False,0,False,79.3900326209509,77.94166190900121,1.4483707119496927,cme_futures,1d,TEMA_100~TEMA_50|vote,gross,fixed_combo,14.0,0.0,False,False,True,vote,0.7617421826275708,0.38877484720445327,0.37296733542311744
-0.03703819498102841,0.5625,-0.03703819498102841,0.0,-0.1344761192675233,,CL.v.0,16,16,13.182285342538613,False,False,False,False,0,False,163.30506093435986,77.94166190900121,85.36339902535865,cme_futures,1d,LINEARREG_100~MININDEX|gate,gross,fixed_combo,14.0,0.0,False,False,True,gate,0.8515855548050951,0.40806374998213374,0.4435218048229614
-0.03841090343011038,0.5,-0.03841090343011038,0.0,-0.13946006908507885,,NG.v.0,16,16,13.182285342538613,False,False,False,False,0,False,69.81544316125112,77.94166190900121,-8.126218747750087,cme_futures,1d,TEMA_100~DEMA_50|and,gross,fixed_combo,14.0,0.0,False,False,True,and,0.9214838811591263,0.47293882894437766,0.4485450522147486
-0.03841090343011038,0.5,-0.03841090343011038,0.0,-0.13946006908507885,,NG.v.0,16,16,13.182285342538613,False,False,False,False,0,False,69.81544316125112,77.94166190900121,-8.126218747750087,cme_futures,1d,TEMA_100~DEMA_50|vote,gross,fixed_combo,14.0,0.0,False,False,True,vote,0.9214838811591263,0.47293882894437766,0.4485450522147486
-0.045133336006530134,0.5,-0.045133336006530134,0.0,-0.16386748541240134,,SI.v.0,16,16,13.182285342538613,False,False,False,False,0,False,98.15094865988395,77.94166190900121,20.20928675088274,cme_futures,1d,MININDEX~ADX|vote,gross,fixed_combo,14.0,0.0,False,False,True,vote,0.5531227875098522,0.45850159217640624,0.09462119533344596
-0.04568300371078447,0.5,-0.04568300371078448,0.0,-0.16586318687119744,,NG.v.0,16,16,13.182285342538613,False,False,False,False,0,False,62.817206202991485,77.94166190900121,-15.124455706009726,cme_futures,1d,TEMA_100~MININDEX|gate,gross,fixed_combo,14.0,0.0,False,False,True,gate,0.8515855548050951,0.4047187082509177,0.4468668465541774
-0.046476723705932206,0.4375,-0.04647672370593221,0.0,-0.16874497916121525,,NG.v.0,16,16,13.182285342538613,False,False,False,False,0,False,107.52212898472891,77.94166190900121,29.580467075727697,cme_futures,1d,TSF_100~ADX|and,gross,fixed_combo,14.0,0.0,False,False,True,and,0.5018562459244896,0.23659313878058716,0.26526310714390244
-0.046476723705932206,0.4375,-0.04647672370593221,0.0,-0.16874497916121525,,NG.v.0,16,16,13.182285342538613,False,False,False,False,0,False,107.52212898472891,77.94166190900121,29.580467075727697,cme_futures,1d,TSF_100~ADX|vote,gross,fixed_combo,14.0,0.0,False,False,True,vote,0.5018562459244896,0.23659313878058716,0.26526310714390244
-0.04766220713314153,0.4375,-0.047662207133141524,0.0,-0.1730491632832744,,ZW.v.0,16,16,13.182285342538613,False,False,False,False,0,False,39.11262449347024,77.94166190900121,-38.82903741553097,cme_futures,1d,TEMA_50~ADX|gate,gross,fixed_combo,14.0,0.0,False,False,True,gate,1.0,0.5049328652381749,0.49506713476182507
-0.04766220713314153,0.4375,-0.047662207133141524,0.0,-0.1730491632832744,,ZW.v.0,16,16,13.182285342538613,False,False,False,False,0,False,39.11262449347024,77.94166190900121,-38.82903741553097,cme_futures,1d,TEMA_50~ADX|or,gross,fixed_combo,14.0,0.0,False,False,True,or,1.0,0.5049328652381749,0.49506713476182507
-0.04766220713314153,0.4375,-0.047662207133141524,0.0,-0.1730491632832744,,ZW.v.0,16,16,13.182285342538613,False,False,False,False,0,False,39.11262449347024,77.94166190900121,-38.82903741553097,cme_futures,1d,TEMA_50~DEMA_50|gate,gross,fixed_combo,14.0,0.0,False,False,True,gate,1.0,0.5049328652381749,0.49506713476182507
-0.04766220713314153,0.4375,-0.047662207133141524,0.0,-0.1730491632832744,,ZW.v.0,16,16,13.182285342538613,False,False,False,False,0,False,39.11262449347024,77.94166190900121,-38.82903741553097,cme_futures,1d,TEMA_50~DEMA_50|or,gross,fixed_combo,14.0,0.0,False,False,True,or,1.0,0.5049328652381749,0.49506713476182507
-0.04766220713314153,0.4375,-0.047662207133141524,0.0,-0.1730491632832744,,ZW.v.0,16,16,13.182285342538613,False,False,False,False,0,False,39.11262449347024,77.94166190900121,-38.82903741553097,cme_futures,1d,TEMA_50~LINEARREG_100|gate,gross,fixed_combo,14.0,0.0,False,False,True,gate,1.0,0.5049328652381749,0.49506713476182507
-0.04766220713314153,0.4375,-0.047662207133141524,0.0,-0.1730491632832744,,ZW.v.0,16,16,13.182285342538613,False,False,False,False,0,False,39.11262449347024,77.94166190900121,-38.82903741553097,cme_futures,1d,TEMA_50~TEMA_100|gate,gross,fixed_combo,14.0,0.0,False,False,True,gate,1.0,0.5049328652381749,0.49506713476182507
-0.04766220713314153,0.4375,-0.047662207133141524,0.0,-0.1730491632832744,,ZW.v.0,16,16,13.182285342538613,False,False,False,False,0,False,39.11262449347024,77.94166190900121,-38.82903741553097,cme_futures,1d,TEMA_50~TSF_100|gate,gross,fixed_combo,14.0,0.0,False,False,True,gate,1.0,0.5049328652381749,0.49506713476182507
-0.04766220713314153,0.4375,-0.047662207133141524,0.0,-0.1730491632832744,,ZW.v.0,16,16,13.182285342538613,False,False,False,False,0,False,39.11262449347024,77.94166190900121,-38.82903741553097,cme_futures,1d,TEMA_50~TSF_21|gate,gross,fixed_combo,14.0,0.0,False,False,True,gate,1.0,0.5049328652381749,0.49506713476182507
-0.04766220713314153,0.4375,-0.047662207133141524,0.0,-0.1730491632832744,,ZW.v.0,16,16,13.182285342538613,False,False,False,False,0,False,39.11262449347024,77.94166190900121,-38.82903741553097,cme_futures,1d,TEMA_50~TSF_21|or,gross,fixed_combo,14.0,0.0,False,False,True,or,1.0,0.5049328652381749,0.49506713476182507
-0.05132992875872736,0.4375,-0.051329928758727356,0.0,-0.1863657131587473,,ZW.v.0,16,16,13.182285342538613,False,False,False,False,0,False,68.88114059466957,77.94166190900121,-9.060521314331638,cme_futures,1d,MININDEX~TEMA_50|and,gross,fixed_combo,14.0,0.0,False,False,True,and,0.40126616542010846,0.40126616542010846,0.0
-0.05151434777903798,0.4375,-0.05151434777903799,0.0,-0.18703529098734273,,NG.v.0,16,16,13.182285342538613,False,False,False,False,0,False,99.52147732391109,77.94166190900121,21.579815414909874,cme_futures,1d,LINEARREG_100~ADX|and,gross,fixed_combo,14.0,0.0,False,False,True,and,0.5009730413087004,0.23653006565405782,0.2644429756546426
-0.05151434777903798,0.4375,-0.05151434777903799,0.0,-0.18703529098734273,,NG.v.0,16,16,13.182285342538613,False,False,False,False,0,False,99.52147732391109,77.94166190900121,21.579815414909874,cme_futures,1d,LINEARREG_100~ADX|vote,gross,fixed_combo,14.0,0.0,False,False,True,vote,0.5009730413087004,0.23653006565405782,0.2644429756546426
-0.05215687348654442,0.4375,-0.05215687348654442,0.0,-0.1893681358713697,,ZW.v.0,16,16,13.182285342538613,False,False,False,False,0,False,58.2189935395781,77.94166190900121,-19.72266836942311,cme_futures,1d,TEMA_50~DEMA_50|and,gross,fixed_combo,14.0,0.0,False,False,True,and,0.8269508768180031,0.42270143612132305,0.40424944069667995
-0.05215687348654442,0.4375,-0.05215687348654442,0.0,-0.1893681358713697,,ZW.v.0,16,16,13.182285342538613,False,False,False,False,0,False,58.2189935395781,77.94166190900121,-19.72266836942311,cme_futures,1d,TEMA_50~DEMA_50|vote,gross,fixed_combo,14.0,0.0,False,False,True,vote,0.8269508768180031,0.42270143612132305,0.40424944069667995
-0.05321299623102979,0.4375,-0.05321299623102979,0.0,-0.1932026447674243,,NG.v.0,16,16,13.182285342538613,False,False,False,False,0,False,51.527249706110595,77.94166190900121,-26.414412202890617,cme_futures,1d,DEMA_50~ADX|gate,gross,fixed_combo,14.0,0.0,False,False,True,gate,1.0,0.5135191301864682,0.48648086981353184
-0.05321299623102979,0.4375,-0.05321299623102979,0.0,-0.1932026447674243,,NG.v.0,16,16,13.182285342538613,False,False,False,False,0,False,51.527249706110595,77.94166190900121,-26.414412202890617,cme_futures,1d,DEMA_50~ADX|or,gross,fixed_combo,14.0,0.0,False,False,True,or,1.0,0.5135191301864682,0.48648086981353184
-0.05321299623102979,0.4375,-0.05321299623102979,0.0,-0.1932026447674243,,NG.v.0,16,16,13.182285342538613,False,False,False,False,0,False,51.527249706110595,77.94166190900121,-26.414412202890617,cme_futures,1d,DEMA_50~LINEARREG_100|gate,gross,fixed_combo,14.0,0.0,False,False,True,gate,1.0,0.5135191301864682,0.48648086981353184
-0.05321299623102979,0.4375,-0.05321299623102979,0.0,-0.1932026447674243,,NG.v.0,16,16,13.182285342538613,False,False,False,False,0,False,51.527249706110595,77.94166190900121,-26.414412202890617,cme_futures,1d,DEMA_50~TEMA_100|gate,gross,fixed_combo,14.0,0.0,False,False,True,gate,1.0,0.5135191301864682,0.48648086981353184
-0.05321299623102979,0.4375,-0.05321299623102979,0.0,-0.1932026447674243,,NG.v.0,16,16,13.182285342538613,False,False,False,False,0,False,51.527249706110595,77.94166190900121,-26.414412202890617,cme_futures,1d,DEMA_50~TEMA_50|gate,gross,fixed_combo,14.0,0.0,False,False,True,gate,1.0,0.5135191301864682,0.48648086981353184
-0.05321299623102979,0.4375,-0.05321299623102979,0.0,-0.1932026447674243,,NG.v.0,16,16,13.182285342538613,False,False,False,False,0,False,51.527249706110595,77.94166190900121,-26.414412202890617,cme_futures,1d,DEMA_50~TSF_100|gate,gross,fixed_combo,14.0,0.0,False,False,True,gate,1.0,0.5135191301864682,0.48648086981353184
-0.05321299623102979,0.4375,-0.05321299623102979,0.0,-0.1932026447674243,,NG.v.0,16,16,13.182285342538613,False,False,False,False,0,False,51.527249706110595,77.94166190900121,-26.414412202890617,cme_futures,1d,DEMA_50~TSF_21|gate,gross,fixed_combo,14.0,0.0,False,False,True,gate,1.0,0.5135191301864682,0.48648086981353184
-0.05321299623102979,0.4375,-0.05321299623102979,0.0,-0.1932026447674243,,NG.v.0,16,16,13.182285342538613,False,False,False,False,0,False,51.527249706110595,77.94166190900121,-26.414412202890617,cme_futures,1d,DEMA_50~TSF_21|or,gross,fixed_combo,14.0,0.0,False,False,True,or,1.0,0.5135191301864682,0.48648086981353184
-0.05730355780293622,0.5,-0.05730355780293622,0.0,-0.20805441727136514,,ZW.v.0,16,16,13.182285342538613,False,False,False,False,0,False,71.65517777815951,77.94166190900121,-6.2864841308417,cme_futures,1d,MININDEX~DEMA_50|and,gross,fixed_combo,14.0,0.0,False,False,True,and,0.4068318238122412,0.4068318238122412,0.0
-0.06012245685231038,0.4375,-0.06012245685231039,0.0,-0.21828911161759113,,NG.v.0,16,16,13.182285342538613,False,False,False,False,0,False,68.02733876091648,77.94166190900121,-9.914323148084733,cme_futures,1d,TEMA_100~ADX|and,gross,fixed_combo,14.0,0.0,False,False,True,and,0.500740957549344,0.23505859813445554,0.26568235941488844
-0.06012245685231038,0.4375,-0.06012245685231039,0.0,-0.21828911161759113,,NG.v.0,16,16,13.182285342538613,False,False,False,False,0,False,68.02733876091648,77.94166190900121,-9.914323148084733,cme_futures,1d,TEMA_100~ADX|vote,gross,fixed_combo,14.0,0.0,False,False,True,vote,0.500740957549344,0.23505859813445554,0.26568235941488844
-0.06075290938565852,0.3125,-0.06075290938565851,0.0,-0.22057812192466636,,ZW.v.0,16,16,13.182285342538613,False,False,False,False,0,False,18.029297092852566,77.94166190900121,-59.912364816148646,cme_futures,1d,TEMA_50~MININDEX|gate,gross,fixed_combo,14.0,0.0,False,False,True,gate,0.8515855548050951,0.40126616542010846,0.45031938938498667
-0.06290499456306403,0.5,-0.06290499456306403,0.0,-0.22839178733516735,,NG.v.0,16,16,13.182285342538613,False,False,False,False,0,False,140.32593308561,77.94166190900121,62.38427117660878,cme_futures,1d,TSF_100~TSF_21|and,gross,fixed_combo,14.0,0.0,False,False,True,and,0.5205587446699331,0.2664746876035421,0.25408405706639103
-0.06290499456306403,0.5,-0.06290499456306403,0.0,-0.22839178733516735,,NG.v.0,16,16,13.182285342538613,False,False,False,False,0,False,140.32593308561,77.94166190900121,62.38427117660878,cme_futures,1d,TSF_100~TSF_21|vote,gross,fixed_combo,14.0,0.0,False,False,True,vote,0.5205587446699331,0.2664746876035421,0.25408405706639103
-0.06841766075781987,0.5,-0.06841766075781987,0.0,-0.24840685440492458,,NG.v.0,16,16,13.182285342538613,False,False,False,False,0,False,132.4830314042283,77.94166190900121,54.5413694952271,cme_futures,1d,LINEARREG_100~TSF_21|and,gross,fixed_combo,14.0,0.0,False,False,True,and,0.518997087753218,0.2660723883265498,0.25292469942666823
-0.06841766075781987,0.5,-0.06841766075781987,0.0,-0.24840685440492458,,NG.v.0,16,16,13.182285342538613,False,False,False,False,0,False,132.4830314042283,77.94166190900121,54.5413694952271,cme_futures,1d,LINEARREG_100~TSF_21|vote,gross,fixed_combo,14.0,0.0,False,False,True,vote,0.518997087753218,0.2660723883265498,0.25292469942666823
-0.0691191820150101,0.375,-0.0691191820150101,0.0,-0.2509538968917126,,NG.v.0,16,16,13.182285342538613,False,False,False,False,0,False,23.257384687420853,77.94166190900121,-54.68427722158036,cme_futures,1d,DEMA_50~MININDEX|gate,gross,fixed_combo,14.0,0.0,False,False,True,gate,0.8515855548050951,0.4068318238122412,0.444753730992854
-0.07537361147413525,0.375,-0.07537361147413525,0.0,-0.273662114782094,,NG.v.0,16,16,13.182285342538613,False,False,False,False,0,False,72.21896650301271,77.94166190900121,-5.722695405988503,cme_futures,1d,TEMA_100~TSF_21|and,gross,fixed_combo,14.0,0.0,False,False,True,and,0.5482927014650959,0.2793647695425647,0.2689279319225312
-0.07537361147413525,0.375,-0.07537361147413525,0.0,-0.273662114782094,,NG.v.0,16,16,13.182285342538613,False,False,False,False,0,False,72.21896650301271,77.94166190900121,-5.722695405988503,cme_futures,1d,TEMA_100~TSF_21|vote,gross,fixed_combo,14.0,0.0,False,False,True,vote,0.5482927014650959,0.2793647695425647,0.2689279319225312
-0.07578323961936781,0.4375,-0.07578323961936781,0.0,-0.27514936877332774,,ZW.v.0,16,16,13.182285342538613,False,False,False,False,0,False,51.09610761723944,77.94166190900121,-26.845554291761772,cme_futures,1d,TEMA_50~ADX|and,gross,fixed_combo,14.0,0.0,False,False,True,and,0.5038292643861781,0.23363186090037966,0.27019740348579846
-0.07578323961936781,0.4375,-0.07578323961936781,0.0,-0.27514936877332774,,ZW.v.0,16,16,13.182285342538613,False,False,False,False,0,False,51.09610761723944,77.94166190900121,-26.845554291761772,cme_futures,1d,TEMA_50~ADX|vote,gross,fixed_combo,14.0,0.0,False,False,True,vote,0.5038292643861781,0.23363186090037966,0.27019740348579846
-0.07716242523186803,0.375,-0.07716242523186802,0.0,-0.28015683549824866,,NG.v.0,16,16,13.182285342538613,False,False,False,False,0,False,54.691843604682134,77.94166190900121,-23.249818304319078,cme_futures,1d,DEMA_50~ADX|and,gross,fixed_combo,14.0,0.0,False,False,True,and,0.4972171440117795,0.234618933187327,0.26259821082445256
-0.07716242523186803,0.375,-0.07716242523186802,0.0,-0.28015683549824866,,NG.v.0,16,16,13.182285342538613,False,False,False,False,0,False,54.691843604682134,77.94166190900121,-23.249818304319078,cme_futures,1d,DEMA_50~ADX|vote,gross,fixed_combo,14.0,0.0,False,False,True,vote,0.4972171440117795,0.234618933187327,0.26259821082445256
-0.08006086162202958,0.4375,-0.08006086162202958,0.0,-0.2906803093849308,,NG.v.0,16,16,13.182285342538613,False,False,False,False,0,False,28.981380045484556,77.94166190900121,-48.960281863516656,cme_futures,1d,ADX~DEMA_50|gate,gross,fixed_combo,14.0,0.0,False,False,True,gate,1.0,0.45850159217640624,0.5414984078235937
-0.08006086162202958,0.4375,-0.08006086162202958,0.0,-0.2906803093849308,,NG.v.0,16,16,13.182285342538613,False,False,False,False,0,False,28.981380045484556,77.94166190900121,-48.960281863516656,cme_futures,1d,ADX~LINEARREG_100|gate,gross,fixed_combo,14.0,0.0,False,False,True,gate,1.0,0.45850159217640624,0.5414984078235937
-0.08006086162202958,0.4375,-0.08006086162202958,0.0,-0.2906803093849308,,NG.v.0,16,16,13.182285342538613,False,False,False,False,0,False,28.981380045484556,77.94166190900121,-48.960281863516656,cme_futures,1d,ADX~TEMA_100|gate,gross,fixed_combo,14.0,0.0,False,False,True,gate,1.0,0.45850159217640624,0.5414984078235937
-0.08006086162202958,0.4375,-0.08006086162202958,0.0,-0.2906803093849308,,NG.v.0,16,16,13.182285342538613,False,False,False,False,0,False,28.981380045484556,77.94166190900121,-48.960281863516656,cme_futures,1d,ADX~TEMA_50|gate,gross,fixed_combo,14.0,0.0,False,False,True,gate,1.0,0.45850159217640624,0.5414984078235937
-0.08006086162202958,0.4375,-0.08006086162202958,0.0,-0.2906803093849308,,NG.v.0,16,16,13.182285342538613,False,False,False,False,0,False,28.981380045484556,77.94166190900121,-48.960281863516656,cme_futures,1d,ADX~TSF_100|gate,gross,fixed_combo,14.0,0.0,False,False,True,gate,1.0,0.45850159217640624,0.5414984078235937
-0.08006086162202958,0.4375,-0.08006086162202958,0.0,-0.2906803093849308,,NG.v.0,16,16,13.182285342538613,False,False,False,False,0,False,28.981380045484556,77.94166190900121,-48.960281863516656,cme_futures,1d,ADX~TSF_21|gate,gross,fixed_combo,14.0,0.0,False,False,True,gate,1.0,0.45850159217640624,0.5414984078235937
-0.08006086162202958,0.4375,-0.08006086162202958,0.0,-0.2906803093849308,,NG.v.0,16,16,13.182285342538613,False,False,False,False,0,False,28.981380045484556,77.94166190900121,-48.960281863516656,cme_futures,1d,ADX~TSF_21|or,gross,fixed_combo,14.0,0.0,False,False,True,or,1.0,0.45850159217640624,0.5414984078235937
-0.08725183533113454,0.3125,-0.08725183533113454,0.0,-0.31678887754411195,,ZW.v.0,16,16,13.182285342538613,False,False,False,False,0,False,44.58452135613546,77.94166190900121,-33.35714055286575,cme_futures,1d,TEMA_50~TSF_21|and,gross,fixed_combo,14.0,0.0,False,False,True,and,0.6681456433496874,0.33632034983236747,0.33182529351731993
-0.08725183533113454,0.3125,-0.08725183533113454,0.0,-0.31678887754411195,,ZW.v.0,16,16,13.182285342538613,False,False,False,False,0,False,44.58452135613546,77.94166190900121,-33.35714055286575,cme_futures,1d,TEMA_50~TSF_21|vote,gross,fixed_combo,14.0,0.0,False,False,True,vote,0.6681456433496874,0.33632034983236747,0.33182529351731993
-0.08805061728216995,0.375,-0.08805061728216995,0.0,-0.3196890484884899,,ZC.v.0,16,16,13.182285342538613,False,False,False,False,0,False,60.323287800643314,77.94166190900121,-17.618374108357898,cme_futures,1d,MININDEX~ADX|and,gross,fixed_combo,14.0,0.0,False,False,True,and,0.40470834231494734,0.40470834231494734,0.0
-0.09034781433061936,0.3125,-0.09034781433061936,0.0,-0.32802957762136253,,NG.v.0,16,16,13.182285342538613,False,False,False,False,0,False,54.88016074415418,77.94166190900121,-23.06150116484703,cme_futures,1d,MININDEX~TSF_21|vote,gross,fixed_combo,14.0,0.0,False,False,True,vote,0.5978923212433088,0.4995621910768726,0.09833013016643623
-0.09156151595081954,0.375,-0.09156151595081956,0.0,-0.3324362147136082,,NG.v.0,16,16,13.182285342538613,False,False,False,False,0,False,60.386160240084706,77.94166190900121,-17.555501668916506,cme_futures,1d,DEMA_50~TSF_21|and,gross,fixed_combo,14.0,0.0,False,False,True,and,0.5883541655726602,0.30071774341800045,0.2876364221546597
-0.09156151595081954,0.375,-0.09156151595081956,0.0,-0.3324362147136082,,NG.v.0,16,16,13.182285342538613,False,False,False,False,0,False,60.386160240084706,77.94166190900121,-17.555501668916506,cme_futures,1d,DEMA_50~TSF_21|vote,gross,fixed_combo,14.0,0.0,False,False,True,vote,0.5883541655726602,0.30071774341800045,0.2876364221546597
-0.10098744552442313,0.25,-0.10098744552442313,0.0,-0.36665933034320236,,ZW.v.0,16,16,13.182285342538613,False,False,False,False,0,False,64.29655246406816,77.94166190900121,-13.645109444933055,cme_futures,1d,MININDEX~TSF_21|and,gross,fixed_combo,14.0,0.0,False,False,True,and,0.44947787604840395,0.44947787604840395,0.0
-0.10229353331080884,0.3125,-0.10229353331080884,0.0,-0.37140139774216246,,NG.v.0,16,16,13.182285342538613,False,False,False,False,0,False,8.053956947559561,77.94166190900121,-69.88770496144166,cme_futures,1d,ADX~MININDEX|gate,gross,fixed_combo,14.0,0.0,False,False,True,gate,0.8515855548050951,0.40470834231494734,0.4468772124901478
-0.11045346772257007,0.25,-0.11045346772257007,0.0,-0.401028011936867,,NG.v.0,16,16,13.182285342538613,False,False,False,False,0,False,36.201873128609435,77.94166190900121,-41.73978878039178,cme_futures,1d,ADX~TSF_21|and,gross,fixed_combo,14.0,0.0,False,False,True,and,0.5041995321806755,0.2311316577169772,0.27306787446369835
-0.11045346772257007,0.25,-0.11045346772257007,0.0,-0.401028011936867,,NG.v.0,16,16,13.182285342538613,False,False,False,False,0,False,36.201873128609435,77.94166190900121,-41.73978878039178,cme_futures,1d,ADX~TSF_21|vote,gross,fixed_combo,14.0,0.0,False,False,True,vote,0.5041995321806755,0.2311316577169772,0.27306787446369835
-0.11403336605319658,0.3125,-0.11403336605319657,0.0,-0.41402569811248985,,NG.v.0,16,16,13.182285342538613,False,False,False,False,0,False,10.579864061243672,77.94166190900121,-67.36179784775754,cme_futures,1d,TSF_21~ADX|gate,gross,fixed_combo,14.0,0.0,False,False,True,gate,1.0,0.4995621910768726,0.5004378089231274
-0.11403336605319658,0.3125,-0.11403336605319657,0.0,-0.41402569811248985,,NG.v.0,16,16,13.182285342538613,False,False,False,False,0,False,10.579864061243672,77.94166190900121,-67.36179784775754,cme_futures,1d,TSF_21~DEMA_50|gate,gross,fixed_combo,14.0,0.0,False,False,True,gate,1.0,0.4995621910768726,0.5004378089231274
-0.11403336605319658,0.3125,-0.11403336605319657,0.0,-0.41402569811248985,,NG.v.0,16,16,13.182285342538613,False,False,False,False,0,False,10.579864061243672,77.94166190900121,-67.36179784775754,cme_futures,1d,TSF_21~LINEARREG_100|gate,gross,fixed_combo,14.0,0.0,False,False,True,gate,1.0,0.4995621910768726,0.5004378089231274
-0.11403336605319658,0.3125,-0.11403336605319657,0.0,-0.41402569811248985,,NG.v.0,16,16,13.182285342538613,False,False,False,False,0,False,10.579864061243672,77.94166190900121,-67.36179784775754,cme_futures,1d,TSF_21~TEMA_100|gate,gross,fixed_combo,14.0,0.0,False,False,True,gate,1.0,0.4995621910768726,0.5004378089231274
-0.11403336605319658,0.3125,-0.11403336605319657,0.0,-0.41402569811248985,,NG.v.0,16,16,13.182285342538613,False,False,False,False,0,False,10.579864061243672,77.94166190900121,-67.36179784775754,cme_futures,1d,TSF_21~TEMA_50|gate,gross,fixed_combo,14.0,0.0,False,False,True,gate,1.0,0.4995621910768726,0.5004378089231274
-0.11403336605319658,0.3125,-0.11403336605319657,0.0,-0.41402569811248985,,NG.v.0,16,16,13.182285342538613,False,False,False,False,0,False,10.579864061243672,77.94166190900121,-67.36179784775754,cme_futures,1d,TSF_21~TSF_100|gate,gross,fixed_combo,14.0,0.0,False,False,True,gate,1.0,0.4995621910768726,0.5004378089231274
-0.11818663484058126,0.25,-0.11818663484058126,0.0,-0.4291051443189938,,ZW.v.0,16,16,13.182285342538613,False,False,False,False,0,False,16.731930638354996,77.94166190900121,-61.209731270646216,cme_futures,1d,TSF_21~MININDEX|gate,gross,fixed_combo,14.0,0.0,False,False,True,gate,0.8515855548050951,0.44947787604840395,0.4021076787566912
0.11689270991072771,0.5625,0.12627416865079694,13.45997164720944,0.4244072371105207,0.6326635752124714,SI.v.0,16,16,13.182285342538613,False,False,True,False,1,False,120.83028222355684,77.94166190900121,42.888620314555624,cme_futures,1d,MININDEX~LINEARREG_100|or,retail,fixed_combo,14.0,0.0,False,False,True,or,1.0,0.9571073026459703,0.04289269735402965
0.09561550511522121,0.5625,0.10569054399973024,10.490336088155042,0.3471552022522981,0.6484205552298148,SI.v.0,16,16,13.182285342538613,False,False,True,False,1,False,107.7712304952001,77.94166190900121,29.82956858619889,cme_futures,1d,MININDEX~TEMA_100|or,retail,fixed_combo,14.0,0.0,False,False,True,or,1.0,0.9577414930973382,0.04225850690266174
0.07607884644745906,0.625,0.08734643531881749,7.752007666950584,0.2762226408129359,0.639728908516236,SI.v.0,16,16,13.182285342538613,False,False,True,False,1,False,98.36235177598722,77.94166190900121,20.42068986698601,cme_futures,1d,MININDEX~DEMA_50|or,retail,fixed_combo,14.0,0.0,False,False,True,or,1.0,0.9582728611793221,0.041727138820677884
0.07098266997169439,0.6875,0.08358900054675995,6.630716214287861,0.257719740336433,0.6423302036222895,HO.v.0,16,16,13.182285342538613,False,False,True,False,1,False,99.93519631986369,77.94166190900121,21.99353441086248,cme_futures,1d,MININDEX~TEMA_50|or,retail,fixed_combo,14.0,0.0,False,False,True,or,1.0,0.9552522546231617,0.04474774537683837
0.0525248380687109,0.625,0.06038486896998505,7.682523100538494,0.19070412022651956,0.17726590182189603,SI.v.0,16,16,13.182285342538613,False,False,True,False,1,False,120.00354998067576,77.94166190900121,42.061888071674545,cme_futures,1d,MININDEX~ADX|or,retail,fixed_combo,14.0,0.0,False,False,True,or,1.0,0.9053788046665541,0.09462119533344596
0.024857951524642357,0.6875,0.035061494408141505,3.4362078748982228,0.09025280134969745,0.20083408065474892,HO.v.0,16,16,13.182285342538613,False,False,True,False,1,False,207.21445363101267,77.94166190900121,129.27279172201145,cme_futures,1d,TSF_100~MININDEX|vote,retail,fixed_combo,14.0,0.0,False,False,True,vote,0.555644683398575,0.5128284394602785,0.042816243938296555
0.01500172862312326,0.6875,0.02538641744137861,2.444600689117576,0.05446740178822091,-0.26805203752767026,HO.v.0,16,16,13.182285342538613,False,False,False,False,0,False,194.1106759321618,77.94166190900121,116.16901402316059,cme_futures,1d,MININDEX~LINEARREG_100|vote,retail,fixed_combo,14.0,0.0,False,False,True,vote,0.5564781951770387,0.513585497823009,0.04289269735402965
0.007722975887591611,0.625,0.015020827804387469,2.0582533018815217,0.02804013065679745,-3.150472962762407,ZC.v.0,16,16,13.182285342538613,False,False,False,False,0,False,79.3959391093798,77.94166190900121,1.4542772003785842,cme_futures,1d,MININDEX~ADX|gate,retail,fixed_combo,14.0,0.0,False,False,True,gate,0.8515855548050951,0.8515855548050951,0.0
0.007722975887591611,0.625,0.015020827804387469,2.0582533018815217,0.02804013065679745,-3.150472962762407,ZC.v.0,16,16,13.182285342538613,False,False,False,False,0,False,79.3959391093798,77.94166190900121,1.4542772003785842,cme_futures,1d,MININDEX~DEMA_50|gate,retail,fixed_combo,14.0,0.0,False,False,True,gate,0.8515855548050951,0.8515855548050951,0.0
0.007722975887591611,0.625,0.015020827804387469,2.0582533018815217,0.02804013065679745,-3.150472962762407,ZC.v.0,16,16,13.182285342538613,False,False,False,False,0,False,79.3959391093798,77.94166190900121,1.4542772003785842,cme_futures,1d,MININDEX~LINEARREG_100|gate,retail,fixed_combo,14.0,0.0,False,False,True,gate,0.8515855548050951,0.8515855548050951,0.0
0.007722975887591611,0.625,0.015020827804387469,2.0582533018815217,0.02804013065679745,-3.150472962762407,ZC.v.0,16,16,13.182285342538613,False,False,False,False,0,False,79.3959391093798,77.94166190900121,1.4542772003785842,cme_futures,1d,MININDEX~TEMA_100|gate,retail,fixed_combo,14.0,0.0,False,False,True,gate,0.8515855548050951,0.8515855548050951,0.0
0.007722975887591611,0.625,0.015020827804387469,2.0582533018815217,0.02804013065679745,-3.150472962762407,ZC.v.0,16,16,13.182285342538613,False,False,False,False,0,False,79.3959391093798,77.94166190900121,1.4542772003785842,cme_futures,1d,MININDEX~TEMA_50|gate,retail,fixed_combo,14.0,0.0,False,False,True,gate,0.8515855548050951,0.8515855548050951,0.0
0.007722975887591611,0.625,0.015020827804387469,2.0582533018815217,0.02804013065679745,-3.150472962762407,ZC.v.0,16,16,13.182285342538613,False,False,False,False,0,False,79.3959391093798,77.94166190900121,1.4542772003785842,cme_futures,1d,MININDEX~TSF_100|gate,retail,fixed_combo,14.0,0.0,False,False,True,gate,0.8515855548050951,0.8515855548050951,0.0
0.007722975887591611,0.625,0.015020827804387469,2.0582533018815217,0.02804013065679745,-3.150472962762407,ZC.v.0,16,16,13.182285342538613,False,False,False,False,0,False,79.3959391093798,77.94166190900121,1.4542772003785842,cme_futures,1d,MININDEX~TSF_21|gate,retail,fixed_combo,14.0,0.0,False,False,True,gate,0.8515855548050951,0.8515855548050951,0.0
-0.004167675625084508,0.5625,0.007981520726829651,0.6569587399558432,-0.015131753713005923,,NG.v.0,16,16,13.182285342538613,False,False,False,False,0,False,116.00475478614331,77.94166190900121,38.0630928771421,cme_futures,1d,MININDEX~TEMA_100|vote,retail,fixed_combo,14.0,0.0,False,False,True,vote,0.5531331534458226,0.5108746465431608,0.04225850690266174
-0.00783398311004039,0.5,0.0047938659622702535,0.37962648546234773,-0.028443169209114175,,PL.v.0,16,16,13.182285342538613,False,False,False,False,0,False,64.76918897689383,77.94166190900121,-13.172472932107382,cme_futures,1d,MININDEX~TSF_21|or,retail,fixed_combo,14.0,0.0,False,False,True,or,1.0,0.9016698698335638,0.09833013016643623
-0.00852257305874849,0.5625,0.000257567111252216,0.02933519354648243,-0.030943261454870728,,CL.v.0,16,16,13.182285342538613,False,False,False,False,0,False,274.36603437234703,77.94166190900121,196.42437246334583,cme_futures,1d,TSF_100~ADX|gate,retail,fixed_combo,14.0,0.0,False,False,True,gate,1.0,0.5128284394602785,0.48717156053972155
-0.00852257305874849,0.5625,0.000257567111252216,0.02933519354648243,-0.030943261454870728,,CL.v.0,16,16,13.182285342538613,False,False,False,False,0,False,274.36603437234703,77.94166190900121,196.42437246334583,cme_futures,1d,TSF_100~ADX|or,retail,fixed_combo,14.0,0.0,False,False,True,or,1.0,0.5128284394602785,0.48717156053972155
-0.00852257305874849,0.5625,0.000257567111252216,0.02933519354648243,-0.030943261454870728,,CL.v.0,16,16,13.182285342538613,False,False,False,False,0,False,274.36603437234703,77.94166190900121,196.42437246334583,cme_futures,1d,TSF_100~DEMA_50|gate,retail,fixed_combo,14.0,0.0,False,False,True,gate,1.0,0.5128284394602785,0.48717156053972155
-0.00852257305874849,0.5625,0.000257567111252216,0.02933519354648243,-0.030943261454870728,,CL.v.0,16,16,13.182285342538613,False,False,False,False,0,False,274.36603437234703,77.94166190900121,196.42437246334583,cme_futures,1d,TSF_100~DEMA_50|or,retail,fixed_combo,14.0,0.0,False,False,True,or,1.0,0.5128284394602785,0.48717156053972155
-0.00852257305874849,0.5625,0.000257567111252216,0.02933519354648243,-0.030943261454870728,,CL.v.0,16,16,13.182285342538613,False,False,False,False,0,False,274.36603437234703,77.94166190900121,196.42437246334583,cme_futures,1d,TSF_100~LINEARREG_100|gate,retail,fixed_combo,14.0,0.0,False,False,True,gate,1.0,0.5128284394602785,0.48717156053972155
-0.00852257305874849,0.5625,0.000257567111252216,0.02933519354648243,-0.030943261454870728,,CL.v.0,16,16,13.182285342538613,False,False,False,False,0,False,274.36603437234703,77.94166190900121,196.42437246334583,cme_futures,1d,TSF_100~LINEARREG_100|or,retail,fixed_combo,14.0,0.0,False,False,True,or,1.0,0.5128284394602785,0.48717156053972155
-0.00852257305874849,0.5625,0.000257567111252216,0.02933519354648243,-0.030943261454870728,,CL.v.0,16,16,13.182285342538613,False,False,False,False,0,False,274.36603437234703,77.94166190900121,196.42437246334583,cme_futures,1d,TSF_100~MININDEX|or,retail,fixed_combo,14.0,0.0,False,False,True,or,1.0,0.5128284394602785,0.48717156053972155
-0.00852257305874849,0.5625,0.000257567111252216,0.02933519354648243,-0.030943261454870728,,CL.v.0,16,16,13.182285342538613,False,False,False,False,0,False,274.36603437234703,77.94166190900121,196.42437246334583,cme_futures,1d,TSF_100~TEMA_100|gate,retail,fixed_combo,14.0,0.0,False,False,True,gate,1.0,0.5128284394602785,0.48717156053972155
-0.00852257305874849,0.5625,0.000257567111252216,0.02933519354648243,-0.030943261454870728,,CL.v.0,16,16,13.182285342538613,False,False,False,False,0,False,274.36603437234703,77.94166190900121,196.42437246334583,cme_futures,1d,TSF_100~TEMA_100|or,retail,fixed_combo,14.0,0.0,False,False,True,or,1.0,0.5128284394602785,0.48717156053972155
-0.00852257305874849,0.5625,0.000257567111252216,0.02933519354648243,-0.030943261454870728,,CL.v.0,16,16,13.182285342538613,False,False,False,False,0,False,274.36603437234703,77.94166190900121,196.42437246334583,cme_futures,1d,TSF_100~TEMA_50|gate,retail,fixed_combo,14.0,0.0,False,False,True,gate,1.0,0.5128284394602785,0.48717156053972155
-0.00852257305874849,0.5625,0.000257567111252216,0.02933519354648243,-0.030943261454870728,,CL.v.0,16,16,13.182285342538613,False,False,False,False,0,False,274.36603437234703,77.94166190900121,196.42437246334583,cme_futures,1d,TSF_100~TEMA_50|or,retail,fixed_combo,14.0,0.0,False,False,True,or,1.0,0.5128284394602785,0.48717156053972155
-0.00852257305874849,0.5625,0.000257567111252216,0.02933519354648243,-0.030943261454870728,,CL.v.0,16,16,13.182285342538613,False,False,False,False,0,False,274.36603437234703,77.94166190900121,196.42437246334583,cme_futures,1d,TSF_100~TSF_21|gate,retail,fixed_combo,14.0,0.0,False,False,True,gate,1.0,0.5128284394602785,0.48717156053972155
-0.00852257305874849,0.5625,0.000257567111252216,0.02933519354648243,-0.030943261454870728,,CL.v.0,16,16,13.182285342538613,False,False,False,False,0,False,274.36603437234703,77.94166190900121,196.42437246334583,cme_futures,1d,TSF_100~TSF_21|or,retail,fixed_combo,14.0,0.0,False,False,True,or,1.0,0.5128284394602785,0.48717156053972155
-0.013416914119958004,0.625,-0.004534389527413358,0.0,-0.048713349673809955,,CL.v.0,16,16,13.182285342538613,False,False,False,False,0,False,266.38256766638176,77.94166190900121,188.44090575738056,cme_futures,1d,TSF_100~LINEARREG_100|and,retail,fixed_combo,14.0,0.0,False,False,True,and,0.9908547849473257,0.5086343611153066,0.48222042383201913
-0.013416914119958004,0.625,-0.004534389527413358,0.0,-0.048713349673809955,,CL.v.0,16,16,13.182285342538613,False,False,False,False,0,False,266.38256766638176,77.94166190900121,188.44090575738056,cme_futures,1d,TSF_100~LINEARREG_100|vote,retail,fixed_combo,14.0,0.0,False,False,True,vote,0.9908547849473257,0.5086343611153066,0.48222042383201913
-0.018285359443522275,0.625,-0.009336610104637596,0.0,-0.06638941715804854,,CL.v.0,16,16,13.182285342538613,False,False,False,False,0,False,254.19506054355185,77.94166190900121,176.25339863455065,cme_futures,1d,LINEARREG_100~ADX|gate,retail,fixed_combo,14.0,0.0,False,False,True,gate,1.0,0.513585497823009,0.486414502176991
-0.018285359443522275,0.625,-0.009336610104637596,0.0,-0.06638941715804854,,CL.v.0,16,16,13.182285342538613,False,False,False,False,0,False,254.19506054355185,77.94166190900121,176.25339863455065,cme_futures,1d,LINEARREG_100~ADX|or,retail,fixed_combo,14.0,0.0,False,False,True,or,1.0,0.513585497823009,0.486414502176991
-0.018285359443522275,0.625,-0.009336610104637596,0.0,-0.06638941715804854,,CL.v.0,16,16,13.182285342538613,False,False,False,False,0,False,254.19506054355185,77.94166190900121,176.25339863455065,cme_futures,1d,LINEARREG_100~DEMA_50|gate,retail,fixed_combo,14.0,0.0,False,False,True,gate,1.0,0.513585497823009,0.486414502176991
-0.018285359443522275,0.625,-0.009336610104637596,0.0,-0.06638941715804854,,CL.v.0,16,16,13.182285342538613,False,False,False,False,0,False,254.19506054355185,77.94166190900121,176.25339863455065,cme_futures,1d,LINEARREG_100~DEMA_50|or,retail,fixed_combo,14.0,0.0,False,False,True,or,1.0,0.513585497823009,0.486414502176991
-0.018285359443522275,0.625,-0.009336610104637596,0.0,-0.06638941715804854,,CL.v.0,16,16,13.182285342538613,False,False,False,False,0,False,254.19506054355185,77.94166190900121,176.25339863455065,cme_futures,1d,LINEARREG_100~TEMA_100|gate,retail,fixed_combo,14.0,0.0,False,False,True,gate,1.0,0.513585497823009,0.486414502176991
-0.018285359443522275,0.625,-0.009336610104637596,0.0,-0.06638941715804854,,CL.v.0,16,16,13.182285342538613,False,False,False,False,0,False,254.19506054355185,77.94166190900121,176.25339863455065,cme_futures,1d,LINEARREG_100~TEMA_100|or,retail,fixed_combo,14.0,0.0,False,False,True,or,1.0,0.513585497823009,0.486414502176991
-0.018285359443522275,0.625,-0.009336610104637596,0.0,-0.06638941715804854,,CL.v.0,16,16,13.182285342538613,False,False,False,False,0,False,254.19506054355185,77.94166190900121,176.25339863455065,cme_futures,1d,LINEARREG_100~TEMA_50|gate,retail,fixed_combo,14.0,0.0,False,False,True,gate,1.0,0.513585497823009,0.486414502176991
-0.018285359443522275,0.625,-0.009336610104637596,0.0,-0.06638941715804854,,CL.v.0,16,16,13.182285342538613,False,False,False,False,0,False,254.19506054355185,77.94166190900121,176.25339863455065,cme_futures,1d,LINEARREG_100~TEMA_50|or,retail,fixed_combo,14.0,0.0,False,False,True,or,1.0,0.513585497823009,0.486414502176991
-0.018285359443522275,0.625,-0.009336610104637596,0.0,-0.06638941715804854,,CL.v.0,16,16,13.182285342538613,False,False,False,False,0,False,254.19506054355185,77.94166190900121,176.25339863455065,cme_futures,1d,LINEARREG_100~TSF_100|gate,retail,fixed_combo,14.0,0.0,False,False,True,gate,1.0,0.513585497823009,0.486414502176991
-0.018285359443522275,0.625,-0.009336610104637596,0.0,-0.06638941715804854,,CL.v.0,16,16,13.182285342538613,False,False,False,False,0,False,254.19506054355185,77.94166190900121,176.25339863455065,cme_futures,1d,LINEARREG_100~TSF_21|gate,retail,fixed_combo,14.0,0.0,False,False,True,gate,1.0,0.513585497823009,0.486414502176991
-0.018285359443522275,0.625,-0.009336610104637596,0.0,-0.06638941715804854,,CL.v.0,16,16,13.182285342538613,False,False,False,False,0,False,254.19506054355185,77.94166190900121,176.25339863455065,cme_futures,1d,LINEARREG_100~TSF_21|or,retail,fixed_combo,14.0,0.0,False,False,True,or,1.0,0.513585497823009,0.486414502176991
-0.02123027902090223,0.6875,-0.011281554409701173,0.0,-0.07708165949123622,,CL.v.0,16,16,13.182285342538613,False,False,False,False,0,False,153.03938697761828,77.94166190900121,75.09772506861707,cme_futures,1d,TSF_100~TEMA_100|and,retail,fixed_combo,14.0,0.0,False,False,True,and,0.9024346374144012,0.4630688617089203,0.43936577570548097
-0.02123027902090223,0.6875,-0.011281554409701173,0.0,-0.07708165949123622,,CL.v.0,16,16,13.182285342538613,False,False,False,False,0,False,153.03938697761828,77.94166190900121,75.09772506861707,cme_futures,1d,TSF_100~TEMA_100|vote,retail,fixed_combo,14.0,0.0,False,False,True,vote,0.9024346374144012,0.4630688617089203,0.43936577570548097
-0.024542499664089987,0.5625,-0.014052623397545046,0.0,-0.08910747712305706,,GC.v.0,16,16,13.182285342538613,False,False,False,False,0,False,56.82285900289542,77.94166190900121,-21.118802906105792,cme_futures,1d,IS#1[combo],retail,wf_combo,14.0,10.0,False,False,True,,,,
-0.02622104281623706,0.6875,-0.016186604955854965,0.0,-0.09520183375246175,,CL.v.0,16,16,13.182285342538613,False,False,False,False,0,False,145.33318257577963,77.94166190900121,67.39152066677842,cme_futures,1d,LINEARREG_100~TEMA_100|and,retail,fixed_combo,14.0,0.0,False,False,True,and,0.9033312742055968,0.4638957092858833,0.4394355649197135
-0.02622104281623706,0.6875,-0.016186604955854965,0.0,-0.09520183375246175,,CL.v.0,16,16,13.182285342538613,False,False,False,False,0,False,145.33318257577963,77.94166190900121,67.39152066677842,cme_futures,1d,LINEARREG_100~TEMA_100|vote,retail,fixed_combo,14.0,0.0,False,False,True,vote,0.9033312742055968,0.4638957092858833,0.4394355649197135
-0.02843341219224192,0.5625,-0.019665047814030598,0.0,-0.10323437551708704,,CL.v.0,16,16,13.182285342538613,False,False,False,False,0,False,123.44350006626179,77.94166190900121,45.50183815726058,cme_futures,1d,TSF_100~MININDEX|and,retail,fixed_combo,14.0,0.0,False,False,True,and,0.40723023820367016,0.40723023820367016,0.0
-0.03369927357527694,0.5,-0.023008513537255797,0.0,-0.12235335806345518,,NG.v.0,16,16,13.182285342538613,False,False,False,False,0,False,76.07944678803851,77.94166190900121,-1.862215120962702,cme_futures,1d,TEMA_100~ADX|gate,retail,fixed_combo,14.0,0.0,False,False,True,gate,1.0,0.5108746465431608,0.48912535345683916
-0.03369927357527694,0.5,-0.023008513537255797,0.0,-0.12235335806345518,,NG.v.0,16,16,13.182285342538613,False,False,False,False,0,False,76.07944678803851,77.94166190900121,-1.862215120962702,cme_futures,1d,TEMA_100~ADX|or,retail,fixed_combo,14.0,0.0,False,False,True,or,1.0,0.5108746465431608,0.48912535345683916
-0.03369927357527694,0.5,-0.023008513537255797,0.0,-0.12235335806345518,,NG.v.0,16,16,13.182285342538613,False,False,False,False,0,False,76.07944678803851,77.94166190900121,-1.862215120962702,cme_futures,1d,TEMA_100~DEMA_50|gate,retail,fixed_combo,14.0,0.0,False,False,True,gate,1.0,0.5108746465431608,0.48912535345683916
-0.03369927357527694,0.5,-0.023008513537255797,0.0,-0.12235335806345518,,NG.v.0,16,16,13.182285342538613,False,False,False,False,0,False,76.07944678803851,77.94166190900121,-1.862215120962702,cme_futures,1d,TEMA_100~DEMA_50|or,retail,fixed_combo,14.0,0.0,False,False,True,or,1.0,0.5108746465431608,0.48912535345683916
-0.03369927357527694,0.5,-0.023008513537255797,0.0,-0.12235335806345518,,NG.v.0,16,16,13.182285342538613,False,False,False,False,0,False,76.07944678803851,77.94166190900121,-1.862215120962702,cme_futures,1d,TEMA_100~LINEARREG_100|gate,retail,fixed_combo,14.0,0.0,False,False,True,gate,1.0,0.5108746465431608,0.48912535345683916
-0.03369927357527694,0.5,-0.023008513537255797,0.0,-0.12235335806345518,,NG.v.0,16,16,13.182285342538613,False,False,False,False,0,False,76.07944678803851,77.94166190900121,-1.862215120962702,cme_futures,1d,TEMA_100~TEMA_50|gate,retail,fixed_combo,14.0,0.0,False,False,True,gate,1.0,0.5108746465431608,0.48912535345683916
-0.03369927357527694,0.5,-0.023008513537255797,0.0,-0.12235335806345518,,NG.v.0,16,16,13.182285342538613,False,False,False,False,0,False,76.07944678803851,77.94166190900121,-1.862215120962702,cme_futures,1d,TEMA_100~TEMA_50|or,retail,fixed_combo,14.0,0.0,False,False,True,or,1.0,0.5108746465431608,0.48912535345683916
-0.03369927357527694,0.5,-0.023008513537255797,0.0,-0.12235335806345518,,NG.v.0,16,16,13.182285342538613,False,False,False,False,0,False,76.07944678803851,77.94166190900121,-1.862215120962702,cme_futures,1d,TEMA_100~TSF_100|gate,retail,fixed_combo,14.0,0.0,False,False,True,gate,1.0,0.5108746465431608,0.48912535345683916
-0.03369927357527694,0.5,-0.023008513537255797,0.0,-0.12235335806345518,,NG.v.0,16,16,13.182285342538613,False,False,False,False,0,False,76.07944678803851,77.94166190900121,-1.862215120962702,cme_futures,1d,TEMA_100~TSF_21|gate,retail,fixed_combo,14.0,0.0,False,False,True,gate,1.0,0.5108746465431608,0.48912535345683916
-0.03369927357527694,0.5,-0.023008513537255797,0.0,-0.12235335806345518,,NG.v.0,16,16,13.182285342538613,False,False,False,False,0,False,76.07944678803851,77.94166190900121,-1.862215120962702,cme_futures,1d,TEMA_100~TSF_21|or,retail,fixed_combo,14.0,0.0,False,False,True,or,1.0,0.5108746465431608,0.48912535345683916
-0.03630855313618839,0.5,-0.023502769152919906,0.0,-0.13182697819033146,,ZW.v.0,16,16,13.182285342538613,False,False,False,False,0,False,137.7421402012242,77.94166190900121,59.80047829222299,cme_futures,1d,TSF_100~TEMA_50|and,retail,fixed_combo,14.0,0.0,False,False,True,and,0.7305498628866525,0.3741555837925529,0.35639427909409954
-0.03630855313618839,0.5,-0.023502769152919906,0.0,-0.13182697819033146,,ZW.v.0,16,16,13.182285342538613,False,False,False,False,0,False,137.7421402012242,77.94166190900121,59.80047829222299,cme_futures,1d,TSF_100~TEMA_50|vote,retail,fixed_combo,14.0,0.0,False,False,True,vote,0.7305498628866525,0.3741555837925529,0.35639427909409954
-0.036418445910690905,0.5625,-0.02752794079676992,0.0,-0.1322259704700095,,CL.v.0,16,16,13.182285342538613,False,False,False,False,0,False,119.77230974129782,77.94166190900121,41.830647832296606,cme_futures,1d,MININDEX~LINEARREG_100|and,retail,fixed_combo,14.0,0.0,False,False,True,and,0.40806374998213374,0.40806374998213374,0.0
-0.03748834760038229,0.5625,-0.02840121682645346,0.0,-0.13611050715710127,,CL.v.0,16,16,13.182285342538613,False,False,False,False,0,False,156.95285593862877,77.94166190900121,79.01119402962756,cme_futures,1d,TSF_100~MININDEX|gate,retail,fixed_combo,14.0,0.0,False,False,True,gate,0.8515855548050951,0.40723023820367016,0.44435531660142497
-0.038281281772775747,0.4375,-0.026926260629894193,0.0,-0.13898944632767088,,NG.v.0,16,16,13.182285342538613,False,False,False,False,0,False,129.0931416469626,77.94166190900121,51.151479737961395,cme_futures,1d,TSF_100~DEMA_50|and,retail,fixed_combo,14.0,0.0,False,False,True,and,0.8700555763660923,0.4482015730064195,0.4218540033596728
-0.038281281772775747,0.4375,-0.026926260629894193,0.0,-0.13898944632767088,,NG.v.0,16,16,13.182285342538613,False,False,False,False,0,False,129.0931416469626,77.94166190900121,51.151479737961395,cme_futures,1d,TSF_100~DEMA_50|vote,retail,fixed_combo,14.0,0.0,False,False,True,vote,0.8700555763660923,0.4482015730064195,0.4218540033596728
-0.04023522504566923,0.5625,-0.025466700295878098,0.0,-0.14608370966156684,,NG.v.0,16,16,13.182285342538613,False,False,False,False,0,False,99.22883858309272,77.94166190900121,21.287176674091512,cme_futures,1d,MININDEX~DEMA_50|vote,retail,fixed_combo,14.0,0.0,False,False,True,vote,0.555246269007146,0.5135191301864682,0.041727138820677884
-0.041420075442964624,0.4375,-0.028515654564924102,0.0,-0.15038559541551572,,ZW.v.0,16,16,13.182285342538613,False,False,False,False,0,False,132.0401977252905,77.94166190900121,54.0985358162893,cme_futures,1d,LINEARREG_100~TEMA_50|and,retail,fixed_combo,14.0,0.0,False,False,True,and,0.7278100368926067,0.3731641999768953,0.3546458369157114
-0.041420075442964624,0.4375,-0.028515654564924102,0.0,-0.15038559541551572,,ZW.v.0,16,16,13.182285342538613,False,False,False,False,0,False,132.0401977252905,77.94166190900121,54.0985358162893,cme_futures,1d,LINEARREG_100~TEMA_50|vote,retail,fixed_combo,14.0,0.0,False,False,True,vote,0.7278100368926067,0.3731641999768953,0.3546458369157114
-0.04183537608176828,0.5,-0.025047300918291465,0.0,-0.1518934447657404,,ZW.v.0,16,16,13.182285342538613,False,False,False,False,0,False,96.77811702371446,77.94166190900121,18.836455114713246,cme_futures,1d,MININDEX~TEMA_50|vote,retail,fixed_combo,14.0,0.0,False,False,True,vote,0.5496806106150133,0.5049328652381749,0.04474774537683837
-0.04331810916905962,0.4375,-0.03187463380331553,0.0,-0.1572768656260341,,NG.v.0,16,16,13.182285342538613,False,False,False,False,0,False,121.61843692139325,77.94166190900121,43.67677501239204,cme_futures,1d,LINEARREG_100~DEMA_50|and,retail,fixed_combo,14.0,0.0,False,False,True,and,0.8707911421389588,0.44894788507421796,0.42184325706474085
-0.04331810916905962,0.4375,-0.03187463380331553,0.0,-0.1572768656260341,,NG.v.0,16,16,13.182285342538613,False,False,False,False,0,False,121.61843692139325,77.94166190900121,43.67677501239204,cme_futures,1d,LINEARREG_100~DEMA_50|vote,retail,fixed_combo,14.0,0.0,False,False,True,vote,0.8707911421389588,0.44894788507421796,0.42184325706474085
-0.046095638391982746,0.5625,-0.03582763675420455,0.0,-0.16736135681795533,,NG.v.0,16,16,13.182285342538613,False,False,False,False,0,False,82.10860099236757,77.94166190900121,4.166939083366358,cme_futures,1d,MININDEX~TEMA_100|and,retail,fixed_combo,14.0,0.0,False,False,True,and,0.4047187082509177,0.4047187082509177,0.0
-0.04625893795453355,0.5625,-0.03703819498102841,0.0,-0.16795425535043415,,CL.v.0,16,16,13.182285342538613,False,False,False,False,0,False,152.68816437627763,77.94166190900121,74.74650246727641,cme_futures,1d,LINEARREG_100~MININDEX|gate,retail,fixed_combo,14.0,0.0,False,False,True,gate,0.8515855548050951,0.40806374998213374,0.4435218048229614
-0.04987501581286721,0.4375,-0.03617119464651717,0.0,-0.1810833000462409,,ZW.v.0,16,16,13.182285342538613,False,False,False,False,0,False,69.07283403386008,77.94166190900121,-8.868827875141136,cme_futures,1d,TEMA_100~TEMA_50|and,retail,fixed_combo,14.0,0.0,False,False,True,and,0.7617421826275708,0.38877484720445327,0.37296733542311744
-0.04987501581286721,0.4375,-0.03617119464651717,0.0,-0.1810833000462409,,ZW.v.0,16,16,13.182285342538613,False,False,False,False,0,False,69.07283403386008,77.94166190900121,-8.868827875141136,cme_futures,1d,TEMA_100~TEMA_50|vote,retail,fixed_combo,14.0,0.0,False,False,True,vote,0.7617421826275708,0.38877484720445327,0.37296733542311744
-0.050596850793905725,0.5,-0.03841090343011038,0.0,-0.18370409641742816,,NG.v.0,16,16,13.182285342538613,False,False,False,False,0,False,60.67500877200778,77.94166190900121,-17.266653136993433,cme_futures,1d,TEMA_100~DEMA_50|and,retail,fixed_combo,14.0,0.0,False,False,True,and,0.9214838811591263,0.47293882894437766,0.4485450522147486
-0.050596850793905725,0.5,-0.03841090343011038,0.0,-0.18370409641742816,,NG.v.0,16,16,13.182285342538613,False,False,False,False,0,False,60.67500877200778,77.94166190900121,-17.266653136993433,cme_futures,1d,TEMA_100~DEMA_50|vote,retail,fixed_combo,14.0,0.0,False,False,True,vote,0.9214838811591263,0.47293882894437766,0.4485450522147486
-0.05313248357932788,0.5,-0.045133336006530134,0.0,-0.19291032412495357,,SI.v.0,16,16,13.182285342538613,False,False,False,False,0,False,93.70177845321028,77.94166190900121,15.760116544209069,cme_futures,1d,MININDEX~ADX|vote,retail,fixed_combo,14.0,0.0,False,False,True,vote,0.5531227875098522,0.45850159217640624,0.09462119533344596
-0.054883073859632425,0.4375,-0.04647672370593221,0.0,-0.1992662652674251,,NG.v.0,16,16,13.182285342538613,False,False,False,False,0,False,100.7425983358736,77.94166190900121,22.800936426872383,cme_futures,1d,TSF_100~ADX|and,retail,fixed_combo,14.0,0.0,False,False,True,and,0.5018562459244896,0.23659313878058716,0.26526310714390244
-0.054883073859632425,0.4375,-0.04647672370593221,0.0,-0.1992662652674251,,NG.v.0,16,16,13.182285342538613,False,False,False,False,0,False,100.7425983358736,77.94166190900121,22.800936426872383,cme_futures,1d,TSF_100~ADX|vote,retail,fixed_combo,14.0,0.0,False,False,True,vote,0.5018562459244896,0.23659313878058716,0.26526310714390244
-0.05640344937036523,0.5,-0.04568300371078448,0.0,-0.20478635604445816,,NG.v.0,16,16,13.182285342538613,False,False,False,False,0,False,55.02303631358398,77.94166190900121,-22.918625595417232,cme_futures,1d,TEMA_100~MININDEX|gate,retail,fixed_combo,14.0,0.0,False,False,True,gate,0.8515855548050951,0.4047187082509177,0.4468668465541774
-0.060001823068769125,0.4375,-0.05151434777903799,0.0,-0.2178511215084215,,NG.v.0,16,16,13.182285342538613,False,False,False,False,0,False,92.96824666344315,77.94166190900121,15.026584754441942,cme_futures,1d,LINEARREG_100~ADX|and,retail,fixed_combo,14.0,0.0,False,False,True,and,0.5009730413087004,0.23653006565405782,0.2644429756546426
-0.060001823068769125,0.4375,-0.05151434777903799,0.0,-0.2178511215084215,,NG.v.0,16,16,13.182285342538613,False,False,False,False,0,False,92.96824666344315,77.94166190900121,15.026584754441942,cme_futures,1d,LINEARREG_100~ADX|vote,retail,fixed_combo,14.0,0.0,False,False,True,vote,0.5009730413087004,0.23653006565405782,0.2644429756546426
-0.06279910946748886,0.4375,-0.047662207133141524,0.0,-0.22800734590251887,,ZW.v.0,16,16,13.182285342538613,False,False,False,False,0,False,29.68826758602448,77.94166190900121,-48.25339432297673,cme_futures,1d,TEMA_50~ADX|gate,retail,fixed_combo,14.0,0.0,False,False,True,gate,1.0,0.5049328652381749,0.49506713476182507
-0.06279910946748886,0.4375,-0.047662207133141524,0.0,-0.22800734590251887,,ZW.v.0,16,16,13.182285342538613,False,False,False,False,0,False,29.68826758602448,77.94166190900121,-48.25339432297673,cme_futures,1d,TEMA_50~ADX|or,retail,fixed_combo,14.0,0.0,False,False,True,or,1.0,0.5049328652381749,0.49506713476182507
-0.06279910946748886,0.4375,-0.047662207133141524,0.0,-0.22800734590251887,,ZW.v.0,16,16,13.182285342538613,False,False,False,False,0,False,29.68826758602448,77.94166190900121,-48.25339432297673,cme_futures,1d,TEMA_50~DEMA_50|gate,retail,fixed_combo,14.0,0.0,False,False,True,gate,1.0,0.5049328652381749,0.49506713476182507
-0.06279910946748886,0.4375,-0.047662207133141524,0.0,-0.22800734590251887,,ZW.v.0,16,16,13.182285342538613,False,False,False,False,0,False,29.68826758602448,77.94166190900121,-48.25339432297673,cme_futures,1d,TEMA_50~DEMA_50|or,retail,fixed_combo,14.0,0.0,False,False,True,or,1.0,0.5049328652381749,0.49506713476182507
-0.06279910946748886,0.4375,-0.047662207133141524,0.0,-0.22800734590251887,,ZW.v.0,16,16,13.182285342538613,False,False,False,False,0,False,29.68826758602448,77.94166190900121,-48.25339432297673,cme_futures,1d,TEMA_50~LINEARREG_100|gate,retail,fixed_combo,14.0,0.0,False,False,True,gate,1.0,0.5049328652381749,0.49506713476182507
-0.06279910946748886,0.4375,-0.047662207133141524,0.0,-0.22800734590251887,,ZW.v.0,16,16,13.182285342538613,False,False,False,False,0,False,29.68826758602448,77.94166190900121,-48.25339432297673,cme_futures,1d,TEMA_50~TEMA_100|gate,retail,fixed_combo,14.0,0.0,False,False,True,gate,1.0,0.5049328652381749,0.49506713476182507
-0.06279910946748886,0.4375,-0.047662207133141524,0.0,-0.22800734590251887,,ZW.v.0,16,16,13.182285342538613,False,False,False,False,0,False,29.68826758602448,77.94166190900121,-48.25339432297673,cme_futures,1d,TEMA_50~TSF_100|gate,retail,fixed_combo,14.0,0.0,False,False,True,gate,1.0,0.5049328652381749,0.49506713476182507
-0.06279910946748886,0.4375,-0.047662207133141524,0.0,-0.22800734590251887,,ZW.v.0,16,16,13.182285342538613,False,False,False,False,0,False,29.68826758602448,77.94166190900121,-48.25339432297673,cme_futures,1d,TEMA_50~TSF_21|gate,retail,fixed_combo,14.0,0.0,False,False,True,gate,1.0,0.5049328652381749,0.49506713476182507
-0.06279910946748886,0.4375,-0.047662207133141524,0.0,-0.22800734590251887,,ZW.v.0,16,16,13.182285342538613,False,False,False,False,0,False,29.68826758602448,77.94166190900121,-48.25339432297673,cme_futures,1d,TEMA_50~TSF_21|or,retail,fixed_combo,14.0,0.0,False,False,True,or,1.0,0.5049328652381749,0.49506713476182507
-0.06495220121181569,0.4375,-0.051329928758727356,0.0,-0.23582466589752193,,ZW.v.0,16,16,13.182285342538613,False,False,False,False,0,False,63.16828275641387,77.94166190900121,-14.773379152587339,cme_futures,1d,MININDEX~TEMA_50|and,retail,fixed_combo,14.0,0.0,False,False,True,and,0.40126616542010846,0.40126616542010846,0.0
-0.06647535685162054,0.4375,-0.05321299623102979,0.0,-0.2413548506051275,,NG.v.0,16,16,13.182285342538613,False,False,False,False,0,False,42.47239407127135,77.94166190900121,-35.46926783772986,cme_futures,1d,DEMA_50~ADX|gate,retail,fixed_combo,14.0,0.0,False,False,True,gate,1.0,0.5135191301864682,0.48648086981353184
-0.06647535685162054,0.4375,-0.05321299623102979,0.0,-0.2413548506051275,,NG.v.0,16,16,13.182285342538613,False,False,False,False,0,False,42.47239407127135,77.94166190900121,-35.46926783772986,cme_futures,1d,DEMA_50~ADX|or,retail,fixed_combo,14.0,0.0,False,False,True,or,1.0,0.5135191301864682,0.48648086981353184
-0.06647535685162054,0.4375,-0.05321299623102979,0.0,-0.2413548506051275,,NG.v.0,16,16,13.182285342538613,False,False,False,False,0,False,42.47239407127135,77.94166190900121,-35.46926783772986,cme_futures,1d,DEMA_50~LINEARREG_100|gate,retail,fixed_combo,14.0,0.0,False,False,True,gate,1.0,0.5135191301864682,0.48648086981353184
-0.06647535685162054,0.4375,-0.05321299623102979,0.0,-0.2413548506051275,,NG.v.0,16,16,13.182285342538613,False,False,False,False,0,False,42.47239407127135,77.94166190900121,-35.46926783772986,cme_futures,1d,DEMA_50~TEMA_100|gate,retail,fixed_combo,14.0,0.0,False,False,True,gate,1.0,0.5135191301864682,0.48648086981353184
-0.06647535685162054,0.4375,-0.05321299623102979,0.0,-0.2413548506051275,,NG.v.0,16,16,13.182285342538613,False,False,False,False,0,False,42.47239407127135,77.94166190900121,-35.46926783772986,cme_futures,1d,DEMA_50~TEMA_50|gate,retail,fixed_combo,14.0,0.0,False,False,True,gate,1.0,0.5135191301864682,0.48648086981353184
-0.06647535685162054,0.4375,-0.05321299623102979,0.0,-0.2413548506051275,,NG.v.0,16,16,13.182285342538613,False,False,False,False,0,False,42.47239407127135,77.94166190900121,-35.46926783772986,cme_futures,1d,DEMA_50~TSF_100|gate,retail,fixed_combo,14.0,0.0,False,False,True,gate,1.0,0.5135191301864682,0.48648086981353184
-0.06647535685162054,0.4375,-0.05321299623102979,0.0,-0.2413548506051275,,NG.v.0,16,16,13.182285342538613,False,False,False,False,0,False,42.47239407127135,77.94166190900121,-35.46926783772986,cme_futures,1d,DEMA_50~TSF_21|gate,retail,fixed_combo,14.0,0.0,False,False,True,gate,1.0,0.5135191301864682,0.48648086981353184
-0.06647535685162054,0.4375,-0.05321299623102979,0.0,-0.2413548506051275,,NG.v.0,16,16,13.182285342538613,False,False,False,False,0,False,42.47239407127135,77.94166190900121,-35.46926783772986,cme_futures,1d,DEMA_50~TSF_21|or,retail,fixed_combo,14.0,0.0,False,False,True,or,1.0,0.5135191301864682,0.48648086981353184
-0.06700358874254282,0.4375,-0.05215687348654442,0.0,-0.24327272416243664,,ZW.v.0,16,16,13.182285342538613,False,False,False,False,0,False,48.17124503265517,77.94166190900121,-29.77041687634604,cme_futures,1d,TEMA_50~DEMA_50|and,retail,fixed_combo,14.0,0.0,False,False,True,and,0.8269508768180031,0.42270143612132305,0.40424944069667995
-0.06700358874254282,0.4375,-0.05215687348654442,0.0,-0.24327272416243664,,ZW.v.0,16,16,13.182285342538613,False,False,False,False,0,False,48.17124503265517,77.94166190900121,-29.77041687634604,cme_futures,1d,TEMA_50~DEMA_50|vote,retail,fixed_combo,14.0,0.0,False,False,True,vote,0.8269508768180031,0.42270143612132305,0.40424944069667995
-0.0695489184530717,0.4375,-0.05730355780293622,0.0,-0.25251415890037615,,ZW.v.0,16,16,13.182285342538613,False,False,False,False,0,False,66.42821775769045,77.94166190900121,-11.513444151310765,cme_futures,1d,MININDEX~DEMA_50|and,retail,fixed_combo,14.0,0.0,False,False,True,and,0.4068318238122412,0.4068318238122412,0.0
-0.06955156012083022,0.4375,-0.06012245685231039,0.0,-0.2525237501136829,,NG.v.0,16,16,13.182285342538613,False,False,False,False,0,False,61.74939882249983,77.94166190900121,-16.192263086501384,cme_futures,1d,TEMA_100~ADX|and,retail,fixed_combo,14.0,0.0,False,False,True,and,0.500740957549344,0.23505859813445554,0.26568235941488844
-0.06955156012083022,0.4375,-0.06012245685231039,0.0,-0.2525237501136829,,NG.v.0,16,16,13.182285342538613,False,False,False,False,0,False,61.74939882249983,77.94166190900121,-16.192263086501384,cme_futures,1d,TEMA_100~ADX|vote,retail,fixed_combo,14.0,0.0,False,False,True,vote,0.500740957549344,0.23505859813445554,0.26568235941488844
-0.07518797810442437,0.25,-0.06075290938565851,0.0,-0.27298812796448424,,ZW.v.0,16,16,13.182285342538613,False,False,False,False,0,False,10.412964150497519,77.94166190900121,-67.5286977585037,cme_futures,1d,TEMA_50~MININDEX|gate,retail,fixed_combo,14.0,0.0,False,False,True,gate,0.8515855548050951,0.40126616542010846,0.45031938938498667
-0.07933239094538201,0.4375,-0.06290499456306403,0.0,-0.28803542051694114,,NG.v.0,16,16,13.182285342538613,False,False,False,False,0,False,125.16832118045082,77.94166190900121,47.226659271449606,cme_futures,1d,TSF_100~TSF_21|and,retail,fixed_combo,14.0,0.0,False,False,True,and,0.5205587446699331,0.2664746876035421,0.25408405706639103
-0.07933239094538201,0.4375,-0.06290499456306403,0.0,-0.28803542051694114,,NG.v.0,16,16,13.182285342538613,False,False,False,False,0,False,125.16832118045082,77.94166190900121,47.226659271449606,cme_futures,1d,TSF_100~TSF_21|vote,retail,fixed_combo,14.0,0.0,False,False,True,vote,0.5205587446699331,0.2664746876035421,0.25408405706639103
-0.08199175800034421,0.3125,-0.0691191820150101,0.0,-0.29769089539746374,,NG.v.0,16,16,13.182285342538613,False,False,False,False,0,False,16.085912557790955,77.94166190900121,-61.85574935121026,cme_futures,1d,DEMA_50~MININDEX|gate,retail,fixed_combo,14.0,0.0,False,False,True,gate,0.8515855548050951,0.4068318238122412,0.444753730992854
-0.08495456024394063,0.4375,-0.06841766075781987,0.0,-0.3084480650727149,,NG.v.0,16,16,13.182285342538613,False,False,False,False,0,False,117.78759760612738,77.94166190900121,39.845935697126166,cme_futures,1d,LINEARREG_100~TSF_21|and,retail,fixed_combo,14.0,0.0,False,False,True,and,0.518997087753218,0.2660723883265498,0.25292469942666823
-0.08495456024394063,0.4375,-0.06841766075781987,0.0,-0.3084480650727149,,NG.v.0,16,16,13.182285342538613,False,False,False,False,0,False,117.78759760612738,77.94166190900121,39.845935697126166,cme_futures,1d,LINEARREG_100~TSF_21|vote,retail,fixed_combo,14.0,0.0,False,False,True,vote,0.518997087753218,0.2660723883265498,0.25292469942666823
-0.08665439451317954,0.4375,-0.08006086162202958,0.0,-0.3146197242489323,,NG.v.0,16,16,13.182285342538613,False,False,False,False,0,False,25.091487578835753,77.94166190900121,-52.85017433016546,cme_futures,1d,ADX~DEMA_50|gate,retail,fixed_combo,14.0,0.0,False,False,True,gate,1.0,0.45850159217640624,0.5414984078235937
-0.08665439451317954,0.4375,-0.08006086162202958,0.0,-0.3146197242489323,,NG.v.0,16,16,13.182285342538613,False,False,False,False,0,False,25.091487578835753,77.94166190900121,-52.85017433016546,cme_futures,1d,ADX~LINEARREG_100|gate,retail,fixed_combo,14.0,0.0,False,False,True,gate,1.0,0.45850159217640624,0.5414984078235937
-0.08665439451317954,0.4375,-0.08006086162202958,0.0,-0.3146197242489323,,NG.v.0,16,16,13.182285342538613,False,False,False,False,0,False,25.091487578835753,77.94166190900121,-52.85017433016546,cme_futures,1d,ADX~TEMA_100|gate,retail,fixed_combo,14.0,0.0,False,False,True,gate,1.0,0.45850159217640624,0.5414984078235937
-0.08665439451317954,0.4375,-0.08006086162202958,0.0,-0.3146197242489323,,NG.v.0,16,16,13.182285342538613,False,False,False,False,0,False,25.091487578835753,77.94166190900121,-52.85017433016546,cme_futures,1d,ADX~TEMA_50|gate,retail,fixed_combo,14.0,0.0,False,False,True,gate,1.0,0.45850159217640624,0.5414984078235937
-0.08665439451317954,0.4375,-0.08006086162202958,0.0,-0.3146197242489323,,NG.v.0,16,16,13.182285342538613,False,False,False,False,0,False,25.091487578835753,77.94166190900121,-52.85017433016546,cme_futures,1d,ADX~TSF_100|gate,retail,fixed_combo,14.0,0.0,False,False,True,gate,1.0,0.45850159217640624,0.5414984078235937
-0.08665439451317954,0.4375,-0.08006086162202958,0.0,-0.3146197242489323,,NG.v.0,16,16,13.182285342538613,False,False,False,False,0,False,25.091487578835753,77.94166190900121,-52.85017433016546,cme_futures,1d,ADX~TSF_21|gate,retail,fixed_combo,14.0,0.0,False,False,True,gate,1.0,0.45850159217640624,0.5414984078235937
-0.08665439451317954,0.4375,-0.08006086162202958,0.0,-0.3146197242489323,,NG.v.0,16,16,13.182285342538613,False,False,False,False,0,False,25.091487578835753,77.94166190900121,-52.85017433016546,cme_futures,1d,ADX~TSF_21|or,retail,fixed_combo,14.0,0.0,False,False,True,or,1.0,0.45850159217640624,0.5414984078235937
-0.08786351209236806,0.4375,-0.07578323961936781,0.0,-0.3190097178722906,,ZW.v.0,16,16,13.182285342538613,False,False,False,False,0,False,43.939209678342685,77.94166190900121,-34.00245223065853,cme_futures,1d,TEMA_50~ADX|and,retail,fixed_combo,14.0,0.0,False,False,True,and,0.5038292643861781,0.23363186090037966,0.27019740348579846
-0.08786351209236806,0.4375,-0.07578323961936781,0.0,-0.3190097178722906,,ZW.v.0,16,16,13.182285342538613,False,False,False,False,0,False,43.939209678342685,77.94166190900121,-34.00245223065853,cme_futures,1d,TEMA_50~ADX|vote,retail,fixed_combo,14.0,0.0,False,False,True,vote,0.5038292643861781,0.23363186090037966,0.27019740348579846
-0.08801962519369746,0.375,-0.07716242523186802,0.0,-0.31957652422028754,,NG.v.0,16,16,13.182285342538613,False,False,False,False,0,False,48.02852292906314,77.94166190900121,-29.91313897993807,cme_futures,1d,DEMA_50~ADX|and,retail,fixed_combo,14.0,0.0,False,False,True,and,0.4972171440117795,0.234618933187327,0.26259821082445256
-0.08801962519369746,0.375,-0.07716242523186802,0.0,-0.31957652422028754,,NG.v.0,16,16,13.182285342538613,False,False,False,False,0,False,48.02852292906314,77.94166190900121,-29.91313897993807,cme_futures,1d,DEMA_50~ADX|vote,retail,fixed_combo,14.0,0.0,False,False,True,vote,0.4972171440117795,0.234618933187327,0.26259821082445256
-0.09272609305868912,0.375,-0.07537361147413525,0.0,-0.33666449339010185,,NG.v.0,16,16,13.182285342538613,False,False,False,False,0,False,60.46878321219341,77.94166190900121,-17.472878696807804,cme_futures,1d,TEMA_100~TSF_21|and,retail,fixed_combo,14.0,0.0,False,False,True,and,0.5482927014650959,0.2793647695425647,0.2689279319225312
-0.09272609305868912,0.375,-0.07537361147413525,0.0,-0.33666449339010185,,NG.v.0,16,16,13.182285342538613,False,False,False,False,0,False,60.46878321219341,77.94166190900121,-17.472878696807804,cme_futures,1d,TEMA_100~TSF_21|vote,retail,fixed_combo,14.0,0.0,False,False,True,vote,0.5482927014650959,0.2793647695425647,0.2689279319225312
-0.09461479816689086,0.375,-0.08805061728216995,0.0,-0.343521893798567,,ZC.v.0,16,16,13.182285342538613,False,False,False,False,0,False,57.79108245094438,77.94166190900121,-20.150579458056832,cme_futures,1d,MININDEX~ADX|and,retail,fixed_combo,14.0,0.0,False,False,True,and,0.40470834231494734,0.40470834231494734,0.0
-0.10643420479786748,0.3125,-0.08725183533113454,0.0,-0.3864351064049778,,ZW.v.0,16,16,13.182285342538613,False,False,False,False,0,False,33.31400210768722,77.94166190900121,-44.62765980131399,cme_futures,1d,TEMA_50~TSF_21|and,retail,fixed_combo,14.0,0.0,False,False,True,and,0.6681456433496874,0.33632034983236747,0.33182529351731993
-0.10643420479786748,0.3125,-0.08725183533113454,0.0,-0.3864351064049778,,ZW.v.0,16,16,13.182285342538613,False,False,False,False,0,False,33.31400210768722,77.94166190900121,-44.62765980131399,cme_futures,1d,TEMA_50~TSF_21|vote,retail,fixed_combo,14.0,0.0,False,False,True,vote,0.6681456433496874,0.33632034983236747,0.33182529351731993
-0.11000426500486629,0.3125,-0.10229353331080884,0.0,-0.3993970728948275,,NG.v.0,16,16,13.182285342538613,False,False,False,False,0,False,4.444331205348089,77.94166190900121,-73.49733070365312,cme_futures,1d,ADX~MININDEX|gate,retail,fixed_combo,14.0,0.0,False,False,True,gate,0.8515855548050951,0.40470834231494734,0.4468772124901478
-0.11017605143084067,0.375,-0.09156151595081956,0.0,-0.40002078503629945,,NG.v.0,16,16,13.182285342538613,False,False,False,False,0,False,48.56358282077489,77.94166190900121,-29.378079088226322,cme_futures,1d,DEMA_50~TSF_21|and,retail,fixed_combo,14.0,0.0,False,False,True,and,0.5883541655726602,0.30071774341800045,0.2876364221546597
-0.11017605143084067,0.375,-0.09156151595081956,0.0,-0.40002078503629945,,NG.v.0,16,16,13.182285342538613,False,False,False,False,0,False,48.56358282077489,77.94166190900121,-29.378079088226322,cme_futures,1d,DEMA_50~TSF_21|vote,retail,fixed_combo,14.0,0.0,False,False,True,vote,0.5883541655726602,0.30071774341800045,0.2876364221546597
-0.1108881678501349,0.3125,-0.09034781433061936,0.0,-0.40260629582003027,,NG.v.0,16,16,13.182285342538613,False,False,False,False,0,False,46.11073057042573,77.94166190900121,-31.830931338575482,cme_futures,1d,MININDEX~TSF_21|vote,retail,fixed_combo,14.0,0.0,False,False,True,vote,0.5978923212433088,0.4995621910768726,0.09833013016643623
-0.11816414208537405,0.25,-0.10098744552442313,0.0,-0.429023478934559,,ZW.v.0,16,16,13.182285342538613,False,False,False,False,0,False,57.621776079645926,77.94166190900121,-20.319885829355286,cme_futures,1d,MININDEX~TSF_21|and,retail,fixed_combo,14.0,0.0,False,False,True,and,0.44947787604840395,0.44947787604840395,0.0
-0.1253444347974548,0.1875,-0.11045346772257007,0.0,-0.45509326715237264,,NG.v.0,16,16,13.182285342538613,False,False,False,False,0,False,28.27304446826507,77.94166190900121,-49.66861744073614,cme_futures,1d,ADX~TSF_21|and,retail,fixed_combo,14.0,0.0,False,False,True,and,0.5041995321806755,0.2311316577169772,0.27306787446369835
-0.1253444347974548,0.1875,-0.11045346772257007,0.0,-0.45509326715237264,,NG.v.0,16,16,13.182285342538613,False,False,False,False,0,False,28.27304446826507,77.94166190900121,-49.66861744073614,cme_futures,1d,ADX~TSF_21|vote,retail,fixed_combo,14.0,0.0,False,False,True,vote,0.5041995321806755,0.2311316577169772,0.27306787446369835
-0.13406612496048642,0.25,-0.11403336605319657,0.0,-0.48675947138232994,,NG.v.0,16,16,13.182285342538613,False,False,False,False,0,False,0.7785243859365085,77.94166190900121,-77.1631375230647,cme_futures,1d,TSF_21~ADX|gate,retail,fixed_combo,14.0,0.0,False,False,True,gate,1.0,0.4995621910768726,0.5004378089231274
-0.13406612496048642,0.25,-0.11403336605319657,0.0,-0.48675947138232994,,NG.v.0,16,16,13.182285342538613,False,False,False,False,0,False,0.7785243859365085,77.94166190900121,-77.1631375230647,cme_futures,1d,TSF_21~DEMA_50|gate,retail,fixed_combo,14.0,0.0,False,False,True,gate,1.0,0.4995621910768726,0.5004378089231274
-0.13406612496048642,0.25,-0.11403336605319657,0.0,-0.48675947138232994,,NG.v.0,16,16,13.182285342538613,False,False,False,False,0,False,0.7785243859365085,77.94166190900121,-77.1631375230647,cme_futures,1d,TSF_21~LINEARREG_100|gate,retail,fixed_combo,14.0,0.0,False,False,True,gate,1.0,0.4995621910768726,0.5004378089231274
-0.13406612496048642,0.25,-0.11403336605319657,0.0,-0.48675947138232994,,NG.v.0,16,16,13.182285342538613,False,False,False,False,0,False,0.7785243859365085,77.94166190900121,-77.1631375230647,cme_futures,1d,TSF_21~TEMA_100|gate,retail,fixed_combo,14.0,0.0,False,False,True,gate,1.0,0.4995621910768726,0.5004378089231274
-0.13406612496048642,0.25,-0.11403336605319657,0.0,-0.48675947138232994,,NG.v.0,16,16,13.182285342538613,False,False,False,False,0,False,0.7785243859365085,77.94166190900121,-77.1631375230647,cme_futures,1d,TSF_21~TEMA_50|gate,retail,fixed_combo,14.0,0.0,False,False,True,gate,1.0,0.4995621910768726,0.5004378089231274
-0.13406612496048642,0.25,-0.11403336605319657,0.0,-0.48675947138232994,,NG.v.0,16,16,13.182285342538613,False,False,False,False,0,False,0.7785243859365085,77.94166190900121,-77.1631375230647,cme_futures,1d,TSF_21~TSF_100|gate,retail,fixed_combo,14.0,0.0,False,False,True,gate,1.0,0.4995621910768726,0.5004378089231274
-0.13778213688740967,0.1875,-0.11818663484058126,0.0,-0.5002513508689095,,ZW.v.0,16,16,13.182285342538613,False,False,False,False,0,False,7.085148489960447,77.94166190900121,-70.85651341904077,cme_futures,1d,TSF_21~MININDEX|gate,retail,fixed_combo,14.0,0.0,False,False,True,gate,0.8515855548050951,0.44947787604840395,0.4021076787566912
0.12314666551105741,0.5625,0.12627416865079694,13.45997164720944,0.44711373454201025,0.6524224771346273,SI.v.0,16,16,13.182285342538613,False,False,True,False,1,False,122.50472631591859,77.94166190900121,44.56306440691738,cme_futures,1d,MININDEX~LINEARREG_100|or,tight,fixed_combo,14.0,0.0,False,False,True,or,1.0,0.9571073026459703,0.04289269735402965
0.10233165250133497,0.5625,0.10569054399973024,10.490336088155042,0.37153979867704057,0.6720764278752468,SI.v.0,16,16,13.182285342538613,False,False,True,False,1,False,109.553731787862,77.94166190900121,31.612069878860794,cme_futures,1d,MININDEX~TEMA_100|or,tight,fixed_combo,14.0,0.0,False,False,True,or,1.0,0.9577414930973382,0.04225850690266174
0.08358941330266674,0.625,0.08734643531881749,7.752007666950584,0.3034915691369255,0.6726551036092949,SI.v.0,16,16,13.182285342538613,False,False,True,False,1,False,100.25399460770774,77.94166190900121,22.312332698706527,cme_futures,1d,MININDEX~DEMA_50|or,tight,fixed_combo,14.0,0.0,False,False,True,or,1.0,0.9582728611793221,0.041727138820677884
0.07938511647379866,0.6875,0.08358900054675995,6.630716214287861,0.2882268532919841,0.6821195682946656,HO.v.0,16,16,13.182285342538613,False,False,True,False,1,False,101.96094208851386,77.94166190900121,24.01928017951265,cme_futures,1d,MININDEX~TEMA_50|or,tight,fixed_combo,14.0,0.0,False,False,True,or,1.0,0.9552522546231617,0.04474774537683837
0.05776522487014607,0.625,0.06038486896998505,7.682523100538494,0.2097306111470062,0.25331906711847707,SI.v.0,16,16,13.182285342538613,False,False,True,False,1,False,122.17157233628163,77.94166190900121,44.229910427280416,cme_futures,1d,MININDEX~ADX|or,tight,fixed_combo,14.0,0.0,False,False,True,or,1.0,0.9053788046665541,0.09462119533344596
0.031659227235117264,0.6875,0.035061494408141505,3.4362078748982228,0.11494647673214012,0.37750446781917163,HO.v.0,16,16,13.182285342538613,False,False,True,False,1,False,212.25678428893792,77.94166190900121,134.31512237993672,cme_futures,1d,TSF_100~MININDEX|vote,tight,fixed_combo,14.0,0.0,False,False,True,vote,0.555644683398575,0.5128284394602785,0.042816243938296555
0.021923722474525623,0.6875,0.02538641744137861,2.444600689117576,0.07959937355971357,0.14016025100907484,HO.v.0,16,16,13.182285342538613,False,False,False,False,0,False,199.0078690371998,77.94166190900121,121.0662071281986,cme_futures,1d,MININDEX~LINEARREG_100|vote,tight,fixed_combo,14.0,0.0,False,False,True,vote,0.5564781951770387,0.513585497823009,0.04289269735402965
0.012588437020270973,0.625,0.015020827804387469,2.0582533018815217,0.045705363314728714,-1.5436431251866503,ZC.v.0,16,16,13.182285342538613,False,False,False,False,0,False,80.39992426180821,77.94166190900121,2.4582623528069973,cme_futures,1d,MININDEX~ADX|gate,tight,fixed_combo,14.0,0.0,False,False,True,gate,0.8515855548050951,0.8515855548050951,0.0
0.012588437020270973,0.625,0.015020827804387469,2.0582533018815217,0.045705363314728714,-1.5436431251866503,ZC.v.0,16,16,13.182285342538613,False,False,False,False,0,False,80.39992426180821,77.94166190900121,2.4582623528069973,cme_futures,1d,MININDEX~DEMA_50|gate,tight,fixed_combo,14.0,0.0,False,False,True,gate,0.8515855548050951,0.8515855548050951,0.0
0.012588437020270973,0.625,0.015020827804387469,2.0582533018815217,0.045705363314728714,-1.5436431251866503,ZC.v.0,16,16,13.182285342538613,False,False,False,False,0,False,80.39992426180821,77.94166190900121,2.4582623528069973,cme_futures,1d,MININDEX~LINEARREG_100|gate,tight,fixed_combo,14.0,0.0,False,False,True,gate,0.8515855548050951,0.8515855548050951,0.0
0.012588437020270973,0.625,0.015020827804387469,2.0582533018815217,0.045705363314728714,-1.5436431251866503,ZC.v.0,16,16,13.182285342538613,False,False,False,False,0,False,80.39992426180821,77.94166190900121,2.4582623528069973,cme_futures,1d,MININDEX~TEMA_100|gate,tight,fixed_combo,14.0,0.0,False,False,True,gate,0.8515855548050951,0.8515855548050951,0.0
0.012588437020270973,0.625,0.015020827804387469,2.0582533018815217,0.045705363314728714,-1.5436431251866503,ZC.v.0,16,16,13.182285342538613,False,False,False,False,0,False,80.39992426180821,77.94166190900121,2.4582623528069973,cme_futures,1d,MININDEX~TEMA_50|gate,tight,fixed_combo,14.0,0.0,False,False,True,gate,0.8515855548050951,0.8515855548050951,0.0
0.012588437020270973,0.625,0.015020827804387469,2.0582533018815217,0.045705363314728714,-1.5436431251866503,ZC.v.0,16,16,13.182285342538613,False,False,False,False,0,False,80.39992426180821,77.94166190900121,2.4582623528069973,cme_futures,1d,MININDEX~TSF_100|gate,tight,fixed_combo,14.0,0.0,False,False,True,gate,0.8515855548050951,0.8515855548050951,0.0
0.012588437020270973,0.625,0.015020827804387469,2.0582533018815217,0.045705363314728714,-1.5436431251866503,ZC.v.0,16,16,13.182285342538613,False,False,False,False,0,False,80.39992426180821,77.94166190900121,2.4582623528069973,cme_futures,1d,MININDEX~TSF_21|gate,tight,fixed_combo,14.0,0.0,False,False,True,gate,0.8515855548050951,0.8515855548050951,0.0
0.003930252492029796,0.5625,0.007981520726829651,0.6569587399558432,0.014269731641630997,-3.3001280049570108,NG.v.0,16,16,13.182285342538613,False,False,False,False,0,False,120.47469653747068,77.94166190900121,42.533034628469466,cme_futures,1d,MININDEX~TEMA_100|vote,tight,fixed_combo,14.0,0.0,False,False,True,vote,0.5531331534458226,0.5108746465431608,0.04225850690266174
0.0005826036127085724,0.5,0.0047938659622702535,0.37962648546234773,0.0021152832352769406,-50.44681176726422,PL.v.0,16,16,13.182285342538613,False,False,False,False,0,False,67.42606456869817,77.94166190900121,-10.515597340303046,cme_futures,1d,MININDEX~TSF_21|or,tight,fixed_combo,14.0,0.0,False,False,True,or,1.0,0.9016698698335638,0.09833013016643623
-0.0026701133019420634,0.625,0.000257567111252216,0.02933519354648243,-0.00969449172762553,,CL.v.0,16,16,13.182285342538613,False,False,False,False,0,False,284.08212370722475,77.94166190900121,206.14046179822355,cme_futures,1d,TSF_100~ADX|gate,tight,fixed_combo,14.0,0.0,False,False,True,gate,1.0,0.5128284394602785,0.48717156053972155
-0.0026701133019420634,0.625,0.000257567111252216,0.02933519354648243,-0.00969449172762553,,CL.v.0,16,16,13.182285342538613,False,False,False,False,0,False,284.08212370722475,77.94166190900121,206.14046179822355,cme_futures,1d,TSF_100~ADX|or,tight,fixed_combo,14.0,0.0,False,False,True,or,1.0,0.5128284394602785,0.48717156053972155
-0.0026701133019420634,0.625,0.000257567111252216,0.02933519354648243,-0.00969449172762553,,CL.v.0,16,16,13.182285342538613,False,False,False,False,0,False,284.08212370722475,77.94166190900121,206.14046179822355,cme_futures,1d,TSF_100~DEMA_50|gate,tight,fixed_combo,14.0,0.0,False,False,True,gate,1.0,0.5128284394602785,0.48717156053972155
-0.0026701133019420634,0.625,0.000257567111252216,0.02933519354648243,-0.00969449172762553,,CL.v.0,16,16,13.182285342538613,False,False,False,False,0,False,284.08212370722475,77.94166190900121,206.14046179822355,cme_futures,1d,TSF_100~DEMA_50|or,tight,fixed_combo,14.0,0.0,False,False,True,or,1.0,0.5128284394602785,0.48717156053972155
-0.0026701133019420634,0.625,0.000257567111252216,0.02933519354648243,-0.00969449172762553,,CL.v.0,16,16,13.182285342538613,False,False,False,False,0,False,284.08212370722475,77.94166190900121,206.14046179822355,cme_futures,1d,TSF_100~LINEARREG_100|gate,tight,fixed_combo,14.0,0.0,False,False,True,gate,1.0,0.5128284394602785,0.48717156053972155
-0.0026701133019420634,0.625,0.000257567111252216,0.02933519354648243,-0.00969449172762553,,CL.v.0,16,16,13.182285342538613,False,False,False,False,0,False,284.08212370722475,77.94166190900121,206.14046179822355,cme_futures,1d,TSF_100~LINEARREG_100|or,tight,fixed_combo,14.0,0.0,False,False,True,or,1.0,0.5128284394602785,0.48717156053972155
-0.0026701133019420634,0.625,0.000257567111252216,0.02933519354648243,-0.00969449172762553,,CL.v.0,16,16,13.182285342538613,False,False,False,False,0,False,284.08212370722475,77.94166190900121,206.14046179822355,cme_futures,1d,TSF_100~MININDEX|or,tight,fixed_combo,14.0,0.0,False,False,True,or,1.0,0.5128284394602785,0.48717156053972155
-0.0026701133019420634,0.625,0.000257567111252216,0.02933519354648243,-0.00969449172762553,,CL.v.0,16,16,13.182285342538613,False,False,False,False,0,False,284.08212370722475,77.94166190900121,206.14046179822355,cme_futures,1d,TSF_100~TEMA_100|gate,tight,fixed_combo,14.0,0.0,False,False,True,gate,1.0,0.5128284394602785,0.48717156053972155
-0.0026701133019420634,0.625,0.000257567111252216,0.02933519354648243,-0.00969449172762553,,CL.v.0,16,16,13.182285342538613,False,False,False,False,0,False,284.08212370722475,77.94166190900121,206.14046179822355,cme_futures,1d,TSF_100~TEMA_100|or,tight,fixed_combo,14.0,0.0,False,False,True,or,1.0,0.5128284394602785,0.48717156053972155
-0.0026701133019420634,0.625,0.000257567111252216,0.02933519354648243,-0.00969449172762553,,CL.v.0,16,16,13.182285342538613,False,False,False,False,0,False,284.08212370722475,77.94166190900121,206.14046179822355,cme_futures,1d,TSF_100~TEMA_50|gate,tight,fixed_combo,14.0,0.0,False,False,True,gate,1.0,0.5128284394602785,0.48717156053972155
-0.0026701133019420634,0.625,0.000257567111252216,0.02933519354648243,-0.00969449172762553,,CL.v.0,16,16,13.182285342538613,False,False,False,False,0,False,284.08212370722475,77.94166190900121,206.14046179822355,cme_futures,1d,TSF_100~TEMA_50|or,tight,fixed_combo,14.0,0.0,False,False,True,or,1.0,0.5128284394602785,0.48717156053972155
-0.0026701133019420634,0.625,0.000257567111252216,0.02933519354648243,-0.00969449172762553,,CL.v.0,16,16,13.182285342538613,False,False,False,False,0,False,284.08212370722475,77.94166190900121,206.14046179822355,cme_futures,1d,TSF_100~TSF_21|gate,tight,fixed_combo,14.0,0.0,False,False,True,gate,1.0,0.5128284394602785,0.48717156053972155
-0.0026701133019420634,0.625,0.000257567111252216,0.02933519354648243,-0.00969449172762553,,CL.v.0,16,16,13.182285342538613,False,False,False,False,0,False,284.08212370722475,77.94166190900121,206.14046179822355,cme_futures,1d,TSF_100~TSF_21|or,tight,fixed_combo,14.0,0.0,False,False,True,or,1.0,0.5128284394602785,0.48717156053972155
-0.0074961896594515146,0.625,-0.004534389527413358,0.0,-0.027216728439728808,,CL.v.0,16,16,13.182285342538613,False,False,False,False,0,False,275.92776487081903,77.94166190900121,197.98610296181783,cme_futures,1d,TSF_100~LINEARREG_100|and,tight,fixed_combo,14.0,0.0,False,False,True,and,0.9908547849473257,0.5086343611153066,0.48222042383201913
-0.0074961896594515146,0.625,-0.004534389527413358,0.0,-0.027216728439728808,,CL.v.0,16,16,13.182285342538613,False,False,False,False,0,False,275.92776487081903,77.94166190900121,197.98610296181783,cme_futures,1d,TSF_100~LINEARREG_100|vote,tight,fixed_combo,14.0,0.0,False,False,True,vote,0.9908547849473257,0.5086343611153066,0.48222042383201913
-0.01232053591996693,0.625,-0.009336610104637596,0.0,-0.04473268361651878,,CL.v.0,16,16,13.182285342538613,False,False,False,False,0,False,263.4796442137034,77.94166190900121,185.5379823047022,cme_futures,1d,LINEARREG_100~ADX|gate,tight,fixed_combo,14.0,0.0,False,False,True,gate,1.0,0.513585497823009,0.486414502176991
-0.01232053591996693,0.625,-0.009336610104637596,0.0,-0.04473268361651878,,CL.v.0,16,16,13.182285342538613,False,False,False,False,0,False,263.4796442137034,77.94166190900121,185.5379823047022,cme_futures,1d,LINEARREG_100~ADX|or,tight,fixed_combo,14.0,0.0,False,False,True,or,1.0,0.513585497823009,0.486414502176991
-0.01232053591996693,0.625,-0.009336610104637596,0.0,-0.04473268361651878,,CL.v.0,16,16,13.182285342538613,False,False,False,False,0,False,263.4796442137034,77.94166190900121,185.5379823047022,cme_futures,1d,LINEARREG_100~DEMA_50|gate,tight,fixed_combo,14.0,0.0,False,False,True,gate,1.0,0.513585497823009,0.486414502176991
-0.01232053591996693,0.625,-0.009336610104637596,0.0,-0.04473268361651878,,CL.v.0,16,16,13.182285342538613,False,False,False,False,0,False,263.4796442137034,77.94166190900121,185.5379823047022,cme_futures,1d,LINEARREG_100~DEMA_50|or,tight,fixed_combo,14.0,0.0,False,False,True,or,1.0,0.513585497823009,0.486414502176991
-0.01232053591996693,0.625,-0.009336610104637596,0.0,-0.04473268361651878,,CL.v.0,16,16,13.182285342538613,False,False,False,False,0,False,263.4796442137034,77.94166190900121,185.5379823047022,cme_futures,1d,LINEARREG_100~TEMA_100|gate,tight,fixed_combo,14.0,0.0,False,False,True,gate,1.0,0.513585497823009,0.486414502176991
-0.01232053591996693,0.625,-0.009336610104637596,0.0,-0.04473268361651878,,CL.v.0,16,16,13.182285342538613,False,False,False,False,0,False,263.4796442137034,77.94166190900121,185.5379823047022,cme_futures,1d,LINEARREG_100~TEMA_100|or,tight,fixed_combo,14.0,0.0,False,False,True,or,1.0,0.513585497823009,0.486414502176991
-0.01232053591996693,0.625,-0.009336610104637596,0.0,-0.04473268361651878,,CL.v.0,16,16,13.182285342538613,False,False,False,False,0,False,263.4796442137034,77.94166190900121,185.5379823047022,cme_futures,1d,LINEARREG_100~TEMA_50|gate,tight,fixed_combo,14.0,0.0,False,False,True,gate,1.0,0.513585497823009,0.486414502176991
-0.01232053591996693,0.625,-0.009336610104637596,0.0,-0.04473268361651878,,CL.v.0,16,16,13.182285342538613,False,False,False,False,0,False,263.4796442137034,77.94166190900121,185.5379823047022,cme_futures,1d,LINEARREG_100~TEMA_50|or,tight,fixed_combo,14.0,0.0,False,False,True,or,1.0,0.513585497823009,0.486414502176991
-0.01232053591996693,0.625,-0.009336610104637596,0.0,-0.04473268361651878,,CL.v.0,16,16,13.182285342538613,False,False,False,False,0,False,263.4796442137034,77.94166190900121,185.5379823047022,cme_futures,1d,LINEARREG_100~TSF_100|gate,tight,fixed_combo,14.0,0.0,False,False,True,gate,1.0,0.513585497823009,0.486414502176991
-0.01232053591996693,0.625,-0.009336610104637596,0.0,-0.04473268361651878,,CL.v.0,16,16,13.182285342538613,False,False,False,False,0,False,263.4796442137034,77.94166190900121,185.5379823047022,cme_futures,1d,LINEARREG_100~TSF_21|gate,tight,fixed_combo,14.0,0.0,False,False,True,gate,1.0,0.513585497823009,0.486414502176991
-0.01232053591996693,0.625,-0.009336610104637596,0.0,-0.04473268361651878,,CL.v.0,16,16,13.182285342538613,False,False,False,False,0,False,263.4796442137034,77.94166190900121,185.5379823047022,cme_futures,1d,LINEARREG_100~TSF_21|or,tight,fixed_combo,14.0,0.0,False,False,True,or,1.0,0.513585497823009,0.486414502176991
-0.014598723426262672,0.6875,-0.011281554409701173,0.0,-0.053004194011864215,,CL.v.0,16,16,13.182285342538613,False,False,False,False,0,False,160.5108750858655,77.94166190900121,82.5692131768643,cme_futures,1d,TSF_100~TEMA_100|and,tight,fixed_combo,14.0,0.0,False,False,True,and,0.9024346374144012,0.4630688617089203,0.43936577570548097
-0.014598723426262672,0.6875,-0.011281554409701173,0.0,-0.053004194011864215,,CL.v.0,16,16,13.182285342538613,False,False,False,False,0,False,160.5108750858655,77.94166190900121,82.5692131768643,cme_futures,1d,TSF_100~TEMA_100|vote,tight,fixed_combo,14.0,0.0,False,False,True,vote,0.9024346374144012,0.4630688617089203,0.43936577570548097
-0.01761132619334879,0.5625,-0.014052623397545046,0.0,-0.06394217652477702,,GC.v.0,16,16,13.182285342538613,False,False,False,False,0,False,59.55522962104618,77.94166190900121,-18.38643228795503,cme_futures,1d,IS#1[combo],tight,wf_combo,14.0,10.0,False,False,True,,,,
-0.01953236429966623,0.6875,-0.016186604955854965,0.0,-0.07091696969801141,,CL.v.0,16,16,13.182285342538613,False,False,False,False,0,False,152.6290468050883,77.94166190900121,74.6873848960871,cme_futures,1d,LINEARREG_100~TEMA_100|and,tight,fixed_combo,14.0,0.0,False,False,True,and,0.9033312742055968,0.4638957092858833,0.4394355649197135
-0.01953236429966623,0.6875,-0.016186604955854965,0.0,-0.07091696969801141,,CL.v.0,16,16,13.182285342538613,False,False,False,False,0,False,152.6290468050883,77.94166190900121,74.6873848960871,cme_futures,1d,LINEARREG_100~TEMA_100|vote,tight,fixed_combo,14.0,0.0,False,False,True,vote,0.9033312742055968,0.4638957092858833,0.4394355649197135
-0.022588572146258576,0.5625,-0.019665047814030598,0.0,-0.08201327099172206,,CL.v.0,16,16,13.182285342538613,False,False,False,False,0,False,126.68714373709909,77.94166190900121,48.74548182809788,cme_futures,1d,TSF_100~MININDEX|and,tight,fixed_combo,14.0,0.0,False,False,True,and,0.40723023820367016,0.40723023820367016,0.0
-0.02657349799907395,0.5,-0.023008513537255797,0.0,-0.09648150748461602,,NG.v.0,16,16,13.182285342538613,False,False,False,False,0,False,81.95334153837567,77.94166190900121,4.011679629374456,cme_futures,1d,TEMA_100~ADX|gate,tight,fixed_combo,14.0,0.0,False,False,True,gate,1.0,0.5108746465431608,0.48912535345683916
-0.02657349799907395,0.5,-0.023008513537255797,0.0,-0.09648150748461602,,NG.v.0,16,16,13.182285342538613,False,False,False,False,0,False,81.95334153837567,77.94166190900121,4.011679629374456,cme_futures,1d,TEMA_100~ADX|or,tight,fixed_combo,14.0,0.0,False,False,True,or,1.0,0.5108746465431608,0.48912535345683916
-0.02657349799907395,0.5,-0.023008513537255797,0.0,-0.09648150748461602,,NG.v.0,16,16,13.182285342538613,False,False,False,False,0,False,81.95334153837567,77.94166190900121,4.011679629374456,cme_futures,1d,TEMA_100~DEMA_50|gate,tight,fixed_combo,14.0,0.0,False,False,True,gate,1.0,0.5108746465431608,0.48912535345683916
-0.02657349799907395,0.5,-0.023008513537255797,0.0,-0.09648150748461602,,NG.v.0,16,16,13.182285342538613,False,False,False,False,0,False,81.95334153837567,77.94166190900121,4.011679629374456,cme_futures,1d,TEMA_100~DEMA_50|or,tight,fixed_combo,14.0,0.0,False,False,True,or,1.0,0.5108746465431608,0.48912535345683916
-0.02657349799907395,0.5,-0.023008513537255797,0.0,-0.09648150748461602,,NG.v.0,16,16,13.182285342538613,False,False,False,False,0,False,81.95334153837567,77.94166190900121,4.011679629374456,cme_futures,1d,TEMA_100~LINEARREG_100|gate,tight,fixed_combo,14.0,0.0,False,False,True,gate,1.0,0.5108746465431608,0.48912535345683916
-0.02657349799907395,0.5,-0.023008513537255797,0.0,-0.09648150748461602,,NG.v.0,16,16,13.182285342538613,False,False,False,False,0,False,81.95334153837567,77.94166190900121,4.011679629374456,cme_futures,1d,TEMA_100~TEMA_50|gate,tight,fixed_combo,14.0,0.0,False,False,True,gate,1.0,0.5108746465431608,0.48912535345683916
-0.02657349799907395,0.5,-0.023008513537255797,0.0,-0.09648150748461602,,NG.v.0,16,16,13.182285342538613,False,False,False,False,0,False,81.95334153837567,77.94166190900121,4.011679629374456,cme_futures,1d,TEMA_100~TEMA_50|or,tight,fixed_combo,14.0,0.0,False,False,True,or,1.0,0.5108746465431608,0.48912535345683916
-0.02657349799907395,0.5,-0.023008513537255797,0.0,-0.09648150748461602,,NG.v.0,16,16,13.182285342538613,False,False,False,False,0,False,81.95334153837567,77.94166190900121,4.011679629374456,cme_futures,1d,TEMA_100~TSF_100|gate,tight,fixed_combo,14.0,0.0,False,False,True,gate,1.0,0.5108746465431608,0.48912535345683916
-0.02657349799907395,0.5,-0.023008513537255797,0.0,-0.09648150748461602,,NG.v.0,16,16,13.182285342538613,False,False,False,False,0,False,81.95334153837567,77.94166190900121,4.011679629374456,cme_futures,1d,TEMA_100~TSF_21|gate,tight,fixed_combo,14.0,0.0,False,False,True,gate,1.0,0.5108746465431608,0.48912535345683916
-0.02657349799907395,0.5,-0.023008513537255797,0.0,-0.09648150748461602,,NG.v.0,16,16,13.182285342538613,False,False,False,False,0,False,81.95334153837567,77.94166190900121,4.011679629374456,cme_futures,1d,TEMA_100~TSF_21|or,tight,fixed_combo,14.0,0.0,False,False,True,or,1.0,0.5108746465431608,0.48912535345683916
-0.027772642249745003,0.625,-0.023502769152919906,0.0,-0.10083529052816886,,ZW.v.0,16,16,13.182285342538613,False,False,False,False,0,False,146.44115624632136,77.94166190900121,68.49949433732014,cme_futures,1d,TSF_100~TEMA_50|and,tight,fixed_combo,14.0,0.0,False,False,True,and,0.7305498628866525,0.3741555837925529,0.35639427909409954
-0.027772642249745003,0.625,-0.023502769152919906,0.0,-0.10083529052816886,,ZW.v.0,16,16,13.182285342538613,False,False,False,False,0,False,146.44115624632136,77.94166190900121,68.49949433732014,cme_futures,1d,TSF_100~TEMA_50|vote,tight,fixed_combo,14.0,0.0,False,False,True,vote,0.7305498628866525,0.3741555837925529,0.35639427909409954
-0.030391869894645582,0.5625,-0.025466700295878098,0.0,-0.11034502957848866,,NG.v.0,16,16,13.182285342538613,False,False,False,False,0,False,104.27450285958415,77.94166190900121,26.332840950582934,cme_futures,1d,MININDEX~DEMA_50|vote,tight,fixed_combo,14.0,0.0,False,False,True,vote,0.555246269007146,0.5135191301864682,0.041727138820677884
-0.030492207186113132,0.5625,-0.02752794079676992,0.0,-0.11070932836738163,,CL.v.0,16,16,13.182285342538613,False,False,False,False,0,False,123.00765251679945,77.94166190900121,45.06599060779824,cme_futures,1d,MININDEX~LINEARREG_100|and,tight,fixed_combo,14.0,0.0,False,False,True,and,0.40806374998213374,0.40806374998213374,0.0
-0.030646349677628137,0.5625,-0.025047300918291465,0.0,-0.11126897994013733,,ZW.v.0,16,16,13.182285342538613,False,False,False,False,0,False,102.42956761664075,77.94166190900121,24.48790570763954,cme_futures,1d,MININDEX~TEMA_50|vote,tight,fixed_combo,14.0,0.0,False,False,True,vote,0.5496806106150133,0.5049328652381749,0.04474774537683837
-0.030712413385583788,0.5625,-0.026926260629894193,0.0,-0.11150884019992725,,NG.v.0,16,16,13.182285342538613,False,False,False,False,0,False,136.87443183946291,77.94166190900121,58.9327699304617,cme_futures,1d,TSF_100~DEMA_50|and,tight,fixed_combo,14.0,0.0,False,False,True,and,0.8700555763660923,0.4482015730064195,0.4218540033596728
-0.030712413385583788,0.5625,-0.026926260629894193,0.0,-0.11150884019992725,,NG.v.0,16,16,13.182285342538613,False,False,False,False,0,False,136.87443183946291,77.94166190900121,58.9327699304617,cme_futures,1d,TSF_100~DEMA_50|vote,tight,fixed_combo,14.0,0.0,False,False,True,vote,0.8700555763660923,0.4482015730064195,0.4218540033596728
-0.03143112879730857,0.5625,-0.02840121682645346,0.0,-0.11411831022069945,,CL.v.0,16,16,13.182285342538613,False,False,False,False,0,False,163.9952872204623,77.94166190900121,86.05362531146109,cme_futures,1d,TSF_100~MININDEX|gate,tight,fixed_combo,14.0,0.0,False,False,True,gate,0.8515855548050951,0.40723023820367016,0.44435531660142497
-0.0328184300528587,0.4375,-0.028515654564924102,0.0,-0.11915524274932031,,ZW.v.0,16,16,13.182285342538613,False,False,False,False,0,False,140.56026759906905,77.94166190900121,62.61860569006784,cme_futures,1d,LINEARREG_100~TEMA_50|and,tight,fixed_combo,14.0,0.0,False,False,True,and,0.7278100368926067,0.3731641999768953,0.3546458369157114
-0.0328184300528587,0.4375,-0.028515654564924102,0.0,-0.11915524274932031,,ZW.v.0,16,16,13.182285342538613,False,False,False,False,0,False,140.56026759906905,77.94166190900121,62.61860569006784,cme_futures,1d,LINEARREG_100~TEMA_50|vote,tight,fixed_combo,14.0,0.0,False,False,True,vote,0.7278100368926067,0.3731641999768953,0.3546458369157114
-0.03569029218673875,0.4375,-0.03187463380331553,0.0,-0.1295822323753902,,NG.v.0,16,16,13.182285342538613,False,False,False,False,0,False,129.17888974707802,77.94166190900121,51.237227838076805,cme_futures,1d,LINEARREG_100~DEMA_50|and,tight,fixed_combo,14.0,0.0,False,False,True,and,0.8707911421389588,0.44894788507421796,0.42184325706474085
-0.03569029218673875,0.4375,-0.03187463380331553,0.0,-0.1295822323753902,,NG.v.0,16,16,13.182285342538613,False,False,False,False,0,False,129.17888974707802,77.94166190900121,51.237227838076805,cme_futures,1d,LINEARREG_100~DEMA_50|vote,tight,fixed_combo,14.0,0.0,False,False,True,vote,0.8707911421389588,0.44894788507421796,0.42184325706474085
-0.03925133888936315,0.5625,-0.03582763675420455,0.0,-0.14251147315898205,,NG.v.0,16,16,13.182285342538613,False,False,False,False,0,False,85.24761087783301,77.94166190900121,7.3059489688318,cme_futures,1d,MININDEX~TEMA_100|and,tight,fixed_combo,14.0,0.0,False,False,True,and,0.4047187082509177,0.4047187082509177,0.0
-0.04011267885519171,0.5625,-0.03703819498102841,0.0,-0.14563877609677306,,CL.v.0,16,16,13.182285342538613,False,False,False,False,0,False,159.71743499881984,77.94166190900121,81.77577308981863,cme_futures,1d,LINEARREG_100~MININDEX|gate,tight,fixed_combo,14.0,0.0,False,False,True,gate,0.8515855548050951,0.40806374998213374,0.4435218048229614
-0.040740649278055485,0.5,-0.03617119464651717,0.0,-0.14791877450179147,,ZW.v.0,16,16,13.182285342538613,False,False,False,False,0,False,75.88284020265175,77.94166190900121,-2.0588217063494625,cme_futures,1d,TEMA_100~TEMA_50|and,tight,fixed_combo,14.0,0.0,False,False,True,and,0.7617421826275708,0.38877484720445327,0.37296733542311744
-0.040740649278055485,0.5,-0.03617119464651717,0.0,-0.14791877450179147,,ZW.v.0,16,16,13.182285342538613,False,False,False,False,0,False,75.88284020265175,77.94166190900121,-2.0588217063494625,cme_futures,1d,TEMA_100~TEMA_50|vote,tight,fixed_combo,14.0,0.0,False,False,True,vote,0.7617421826275708,0.38877484720445327,0.37296733542311744
-0.042474362330434216,0.5,-0.03841090343011038,0.0,-0.15421343878893518,,NG.v.0,16,16,13.182285342538613,False,False,False,False,0,False,66.71226128304622,77.94166190900121,-11.229400625954995,cme_futures,1d,TEMA_100~DEMA_50|and,tight,fixed_combo,14.0,0.0,False,False,True,and,0.9214838811591263,0.47293882894437766,0.4485450522147486
-0.042474362330434216,0.5,-0.03841090343011038,0.0,-0.15421343878893518,,NG.v.0,16,16,13.182285342538613,False,False,False,False,0,False,66.71226128304622,77.94166190900121,-11.229400625954995,cme_futures,1d,TEMA_100~DEMA_50|vote,tight,fixed_combo,14.0,0.0,False,False,True,vote,0.9214838811591263,0.47293882894437766,0.4485450522147486
-0.047799675111175555,0.5,-0.045133336006530134,0.0,-0.17354827400449171,,SI.v.0,16,16,13.182285342538613,False,False,False,False,0,False,96.65667410663583,77.94166190900121,18.71501219763462,cme_futures,1d,MININDEX~ADX|vote,tight,fixed_combo,14.0,0.0,False,False,True,vote,0.5531227875098522,0.45850159217640624,0.09462119533344596
-0.049257718759790806,0.5,-0.04568300371078448,0.0,-0.1788420538900631,,NG.v.0,16,16,13.182285342538613,False,False,False,False,0,False,60.176537100949325,77.94166190900121,-17.765124808051887,cme_futures,1d,TEMA_100~MININDEX|gate,tight,fixed_combo,14.0,0.0,False,False,True,gate,0.8515855548050951,0.4047187082509177,0.4468668465541774
-0.0492791453539528,0.4375,-0.04647672370593221,0.0,-0.17891984831912483,,NG.v.0,16,16,13.182285342538613,False,False,False,False,0,False,105.2372200768064,77.94166190900121,27.295558167805183,cme_futures,1d,TSF_100~ADX|and,tight,fixed_combo,14.0,0.0,False,False,True,and,0.5018562459244896,0.23659313878058716,0.26526310714390244
-0.0492791453539528,0.4375,-0.04647672370593221,0.0,-0.17891984831912483,,NG.v.0,16,16,13.182285342538613,False,False,False,False,0,False,105.2372200768064,77.94166190900121,27.295558167805183,cme_futures,1d,TSF_100~ADX|vote,tight,fixed_combo,14.0,0.0,False,False,True,vote,0.5018562459244896,0.23659313878058716,0.26526310714390244
-0.05271055796513535,0.4375,-0.047662207133141524,0.0,-0.19137842120027704,,ZW.v.0,16,16,13.182285342538613,False,False,False,False,0,False,35.89748575103879,77.94166190900121,-42.04417615796242,cme_futures,1d,TEMA_50~ADX|gate,tight,fixed_combo,14.0,0.0,False,False,True,gate,1.0,0.5049328652381749,0.49506713476182507
-0.05271055796513535,0.4375,-0.047662207133141524,0.0,-0.19137842120027704,,ZW.v.0,16,16,13.182285342538613,False,False,False,False,0,False,35.89748575103879,77.94166190900121,-42.04417615796242,cme_futures,1d,TEMA_50~ADX|or,tight,fixed_combo,14.0,0.0,False,False,True,or,1.0,0.5049328652381749,0.49506713476182507
-0.05271055796513535,0.4375,-0.047662207133141524,0.0,-0.19137842120027704,,ZW.v.0,16,16,13.182285342538613,False,False,False,False,0,False,35.89748575103879,77.94166190900121,-42.04417615796242,cme_futures,1d,TEMA_50~DEMA_50|gate,tight,fixed_combo,14.0,0.0,False,False,True,gate,1.0,0.5049328652381749,0.49506713476182507
-0.05271055796513535,0.4375,-0.047662207133141524,0.0,-0.19137842120027704,,ZW.v.0,16,16,13.182285342538613,False,False,False,False,0,False,35.89748575103879,77.94166190900121,-42.04417615796242,cme_futures,1d,TEMA_50~DEMA_50|or,tight,fixed_combo,14.0,0.0,False,False,True,or,1.0,0.5049328652381749,0.49506713476182507
-0.05271055796513535,0.4375,-0.047662207133141524,0.0,-0.19137842120027704,,ZW.v.0,16,16,13.182285342538613,False,False,False,False,0,False,35.89748575103879,77.94166190900121,-42.04417615796242,cme_futures,1d,TEMA_50~LINEARREG_100|gate,tight,fixed_combo,14.0,0.0,False,False,True,gate,1.0,0.5049328652381749,0.49506713476182507
-0.05271055796513535,0.4375,-0.047662207133141524,0.0,-0.19137842120027704,,ZW.v.0,16,16,13.182285342538613,False,False,False,False,0,False,35.89748575103879,77.94166190900121,-42.04417615796242,cme_futures,1d,TEMA_50~TEMA_100|gate,tight,fixed_combo,14.0,0.0,False,False,True,gate,1.0,0.5049328652381749,0.49506713476182507
-0.05271055796513535,0.4375,-0.047662207133141524,0.0,-0.19137842120027704,,ZW.v.0,16,16,13.182285342538613,False,False,False,False,0,False,35.89748575103879,77.94166190900121,-42.04417615796242,cme_futures,1d,TEMA_50~TSF_100|gate,tight,fixed_combo,14.0,0.0,False,False,True,gate,1.0,0.5049328652381749,0.49506713476182507
-0.05271055796513535,0.4375,-0.047662207133141524,0.0,-0.19137842120027704,,ZW.v.0,16,16,13.182285342538613,False,False,False,False,0,False,35.89748575103879,77.94166190900121,-42.04417615796242,cme_futures,1d,TEMA_50~TSF_21|gate,tight,fixed_combo,14.0,0.0,False,False,True,gate,1.0,0.5049328652381749,0.49506713476182507
-0.05271055796513535,0.4375,-0.047662207133141524,0.0,-0.19137842120027704,,ZW.v.0,16,16,13.182285342538613,False,False,False,False,0,False,35.89748575103879,77.94166190900121,-42.04417615796242,cme_futures,1d,TEMA_50~TSF_21|or,tight,fixed_combo,14.0,0.0,False,False,True,or,1.0,0.5049328652381749,0.49506713476182507
-0.05434381869053003,0.4375,-0.05151434777903799,0.0,-0.1973083690342802,,NG.v.0,16,16,13.182285342538613,False,False,False,False,0,False,97.3126917605702,77.94166190900121,19.37102985156899,cme_futures,1d,LINEARREG_100~ADX|and,tight,fixed_combo,14.0,0.0,False,False,True,and,0.5009730413087004,0.23653006565405782,0.2644429756546426
-0.05434381869053003,0.4375,-0.05151434777903799,0.0,-0.1973083690342802,,NG.v.0,16,16,13.182285342538613,False,False,False,False,0,False,97.3126917605702,77.94166190900121,19.37102985156899,cme_futures,1d,LINEARREG_100~ADX|vote,tight,fixed_combo,14.0,0.0,False,False,True,vote,0.5009730413087004,0.23653006565405782,0.2644429756546426
-0.05587256417399278,0.4375,-0.051329928758727356,0.0,-0.2028588490203898,,ZW.v.0,16,16,13.182285342538613,False,False,False,False,0,False,66.95495244685026,77.94166190900121,-10.986709462150955,cme_futures,1d,MININDEX~TEMA_50|and,tight,fixed_combo,14.0,0.0,False,False,True,and,0.40126616542010846,0.40126616542010846,0.0
-0.057107670191339624,0.4375,-0.05215687348654442,0.0,-0.20734319995006784,,ZW.v.0,16,16,13.182285342538613,False,False,False,False,0,False,54.7962426125933,77.94166190900121,-23.14541929640791,cme_futures,1d,TEMA_50~DEMA_50|and,tight,fixed_combo,14.0,0.0,False,False,True,and,0.8269508768180031,0.42270143612132305,0.40424944069667995
-0.057107670191339624,0.4375,-0.05215687348654442,0.0,-0.20734319995006784,,ZW.v.0,16,16,13.182285342538613,False,False,False,False,0,False,54.7962426125933,77.94166190900121,-23.14541929640791,cme_futures,1d,TEMA_50~DEMA_50|vote,tight,fixed_combo,14.0,0.0,False,False,True,vote,0.8269508768180031,0.42270143612132305,0.40424944069667995
-0.05763588698989658,0.4375,-0.05321299623102979,0.0,-0.2092610187108967,,NG.v.0,16,16,13.182285342538613,False,False,False,False,0,False,48.44676468288429,77.94166190900121,-29.49489722611692,cme_futures,1d,DEMA_50~ADX|gate,tight,fixed_combo,14.0,0.0,False,False,True,gate,1.0,0.5135191301864682,0.48648086981353184
-0.05763588698989658,0.4375,-0.05321299623102979,0.0,-0.2092610187108967,,NG.v.0,16,16,13.182285342538613,False,False,False,False,0,False,48.44676468288429,77.94166190900121,-29.49489722611692,cme_futures,1d,DEMA_50~ADX|or,tight,fixed_combo,14.0,0.0,False,False,True,or,1.0,0.5135191301864682,0.48648086981353184
-0.05763588698989658,0.4375,-0.05321299623102979,0.0,-0.2092610187108967,,NG.v.0,16,16,13.182285342538613,False,False,False,False,0,False,48.44676468288429,77.94166190900121,-29.49489722611692,cme_futures,1d,DEMA_50~LINEARREG_100|gate,tight,fixed_combo,14.0,0.0,False,False,True,gate,1.0,0.5135191301864682,0.48648086981353184
-0.05763588698989658,0.4375,-0.05321299623102979,0.0,-0.2092610187108967,,NG.v.0,16,16,13.182285342538613,False,False,False,False,0,False,48.44676468288429,77.94166190900121,-29.49489722611692,cme_futures,1d,DEMA_50~TEMA_100|gate,tight,fixed_combo,14.0,0.0,False,False,True,gate,1.0,0.5135191301864682,0.48648086981353184
-0.05763588698989658,0.4375,-0.05321299623102979,0.0,-0.2092610187108967,,NG.v.0,16,16,13.182285342538613,False,False,False,False,0,False,48.44676468288429,77.94166190900121,-29.49489722611692,cme_futures,1d,DEMA_50~TEMA_50|gate,tight,fixed_combo,14.0,0.0,False,False,True,gate,1.0,0.5135191301864682,0.48648086981353184
-0.05763588698989658,0.4375,-0.05321299623102979,0.0,-0.2092610187108967,,NG.v.0,16,16,13.182285342538613,False,False,False,False,0,False,48.44676468288429,77.94166190900121,-29.49489722611692,cme_futures,1d,DEMA_50~TSF_100|gate,tight,fixed_combo,14.0,0.0,False,False,True,gate,1.0,0.5135191301864682,0.48648086981353184
-0.05763588698989658,0.4375,-0.05321299623102979,0.0,-0.2092610187108967,,NG.v.0,16,16,13.182285342538613,False,False,False,False,0,False,48.44676468288429,77.94166190900121,-29.49489722611692,cme_futures,1d,DEMA_50~TSF_21|gate,tight,fixed_combo,14.0,0.0,False,False,True,gate,1.0,0.5135191301864682,0.48648086981353184
-0.05763588698989658,0.4375,-0.05321299623102979,0.0,-0.2092610187108967,,NG.v.0,16,16,13.182285342538613,False,False,False,False,0,False,48.44676468288429,77.94166190900121,-29.49489722611692,cme_futures,1d,DEMA_50~TSF_21|or,tight,fixed_combo,14.0,0.0,False,False,True,or,1.0,0.5135191301864682,0.48648086981353184
-0.06138682180518894,0.5,-0.05730355780293622,0.0,-0.22287969418480488,,ZW.v.0,16,16,13.182285342538613,False,False,False,False,0,False,69.89484061675341,77.94166190900121,-8.046821292247799,cme_futures,1d,MININDEX~DEMA_50|and,tight,fixed_combo,14.0,0.0,False,False,True,and,0.4068318238122412,0.4068318238122412,0.0
-0.06326587375551504,0.4375,-0.06012245685231039,0.0,-0.2297020464703673,,NG.v.0,16,16,13.182285342538613,False,False,False,False,0,False,65.90809311893531,77.94166190900121,-12.0335687900659,cme_futures,1d,TEMA_100~ADX|and,tight,fixed_combo,14.0,0.0,False,False,True,and,0.500740957549344,0.23505859813445554,0.26568235941488844
-0.06326587375551504,0.4375,-0.06012245685231039,0.0,-0.2297020464703673,,NG.v.0,16,16,13.182285342538613,False,False,False,False,0,False,65.90809311893531,77.94166190900121,-12.0335687900659,cme_futures,1d,TEMA_100~ADX|vote,tight,fixed_combo,14.0,0.0,False,False,True,vote,0.500740957549344,0.23505859813445554,0.26568235941488844
-0.06556687170736457,0.3125,-0.06075290938565851,0.0,-0.23805637570173882,,ZW.v.0,16,16,13.182285342538613,False,False,False,False,0,False,15.433853547755653,77.94166190900121,-62.50780836124556,cme_futures,1d,TEMA_50~MININDEX|gate,tight,fixed_combo,14.0,0.0,False,False,True,gate,0.8515855548050951,0.40126616542010846,0.45031938938498667
-0.06838274012763702,0.5,-0.06290499456306403,0.0,-0.248280066616487,,NG.v.0,16,16,13.182285342538613,False,False,False,False,0,False,135.16323077082993,77.94166190900121,57.221568861828715,cme_futures,1d,TSF_100~TSF_21|and,tight,fixed_combo,14.0,0.0,False,False,True,and,0.5205587446699331,0.2664746876035421,0.25408405706639103
-0.06838274012763702,0.5,-0.06290499456306403,0.0,-0.248280066616487,,NG.v.0,16,16,13.182285342538613,False,False,False,False,0,False,135.16323077082993,77.94166190900121,57.221568861828715,cme_futures,1d,TSF_100~TSF_21|vote,tight,fixed_combo,14.0,0.0,False,False,True,vote,0.5205587446699331,0.2664746876035421,0.25408405706639103
-0.07341182223111893,0.3125,-0.0691191820150101,0.0,-0.2665393647572416,,NG.v.0,16,16,13.182285342538613,False,False,False,False,0,False,20.81891836052385,77.94166190900121,-57.12274354847736,cme_futures,1d,DEMA_50~MININDEX|gate,tight,fixed_combo,14.0,0.0,False,False,True,gate,0.8515855548050951,0.4068318238122412,0.444753730992854
-0.07393193984301119,0.5,-0.06841766075781987,0.0,-0.2684277774632547,,NG.v.0,16,16,13.182285342538613,False,False,False,False,0,False,127.47743306141169,77.94166190900121,49.535771152410476,cme_futures,1d,LINEARREG_100~TSF_21|and,tight,fixed_combo,14.0,0.0,False,False,True,and,0.518997087753218,0.2660723883265498,0.25292469942666823
-0.07393193984301119,0.5,-0.06841766075781987,0.0,-0.2684277774632547,,NG.v.0,16,16,13.182285342538613,False,False,False,False,0,False,127.47743306141169,77.94166190900121,49.535771152410476,cme_futures,1d,LINEARREG_100~TSF_21|vote,tight,fixed_combo,14.0,0.0,False,False,True,vote,0.518997087753218,0.2660723883265498,0.25292469942666823
-0.07981066808311615,0.4375,-0.07578323961936781,0.0,-0.28977192126839,,ZW.v.0,16,16,13.182285342538613,False,False,False,False,0,False,48.67180342080786,77.94166190900121,-29.26985848819335,cme_futures,1d,TEMA_50~ADX|and,tight,fixed_combo,14.0,0.0,False,False,True,and,0.5038292643861781,0.23363186090037966,0.27019740348579846
-0.07981066808311615,0.4375,-0.07578323961936781,0.0,-0.28977192126839,,ZW.v.0,16,16,13.182285342538613,False,False,False,False,0,False,48.67180342080786,77.94166190900121,-29.26985848819335,cme_futures,1d,TEMA_50~ADX|vote,tight,fixed_combo,14.0,0.0,False,False,True,vote,0.5038292643861781,0.23363186090037966,0.27019740348579846
-0.08078199602116282,0.375,-0.07716242523186802,0.0,-0.29329856212417543,,NG.v.0,16,16,13.182285342538613,False,False,False,False,0,False,52.43806220562317,77.94166190900121,-25.503599703378043,cme_futures,1d,DEMA_50~ADX|and,tight,fixed_combo,14.0,0.0,False,False,True,and,0.4972171440117795,0.234618933187327,0.26259821082445256
-0.08078199602116282,0.375,-0.07716242523186802,0.0,-0.29329856212417543,,NG.v.0,16,16,13.182285342538613,False,False,False,False,0,False,52.43806220562317,77.94166190900121,-25.503599703378043,cme_futures,1d,DEMA_50~ADX|vote,tight,fixed_combo,14.0,0.0,False,False,True,vote,0.4972171440117795,0.234618933187327,0.26259821082445256
-0.08115998608052363,0.375,-0.07537361147413525,0.0,-0.29467094639750674,,NG.v.0,16,16,13.182285342538613,False,False,False,False,0,False,68.2096221669673,77.94166190900121,-9.732039742033905,cme_futures,1d,TEMA_100~TSF_21|and,tight,fixed_combo,14.0,0.0,False,False,True,and,0.5482927014650959,0.2793647695425647,0.2689279319225312
-0.08115998608052363,0.375,-0.07537361147413525,0.0,-0.29467094639750674,,NG.v.0,16,16,13.182285342538613,False,False,False,False,0,False,68.2096221669673,77.94166190900121,-9.732039742033905,cme_futures,1d,TEMA_100~TSF_21|vote,tight,fixed_combo,14.0,0.0,False,False,True,vote,0.5482927014650959,0.2793647695425647,0.2689279319225312
-0.08225872283424193,0.4375,-0.08006086162202958,0.0,-0.29866017575418347,,NG.v.0,16,16,13.182285342538613,False,False,False,False,0,False,27.671521370115506,77.94166190900121,-50.270140538885705,cme_futures,1d,ADX~DEMA_50|gate,tight,fixed_combo,14.0,0.0,False,False,True,gate,1.0,0.45850159217640624,0.5414984078235937
-0.08225872283424193,0.4375,-0.08006086162202958,0.0,-0.29866017575418347,,NG.v.0,16,16,13.182285342538613,False,False,False,False,0,False,27.671521370115506,77.94166190900121,-50.270140538885705,cme_futures,1d,ADX~LINEARREG_100|gate,tight,fixed_combo,14.0,0.0,False,False,True,gate,1.0,0.45850159217640624,0.5414984078235937
-0.08225872283424193,0.4375,-0.08006086162202958,0.0,-0.29866017575418347,,NG.v.0,16,16,13.182285342538613,False,False,False,False,0,False,27.671521370115506,77.94166190900121,-50.270140538885705,cme_futures,1d,ADX~TEMA_100|gate,tight,fixed_combo,14.0,0.0,False,False,True,gate,1.0,0.45850159217640624,0.5414984078235937
-0.08225872283424193,0.4375,-0.08006086162202958,0.0,-0.29866017575418347,,NG.v.0,16,16,13.182285342538613,False,False,False,False,0,False,27.671521370115506,77.94166190900121,-50.270140538885705,cme_futures,1d,ADX~TEMA_50|gate,tight,fixed_combo,14.0,0.0,False,False,True,gate,1.0,0.45850159217640624,0.5414984078235937
-0.08225872283424193,0.4375,-0.08006086162202958,0.0,-0.29866017575418347,,NG.v.0,16,16,13.182285342538613,False,False,False,False,0,False,27.671521370115506,77.94166190900121,-50.270140538885705,cme_futures,1d,ADX~TSF_100|gate,tight,fixed_combo,14.0,0.0,False,False,True,gate,1.0,0.45850159217640624,0.5414984078235937
-0.08225872283424193,0.4375,-0.08006086162202958,0.0,-0.29866017575418347,,NG.v.0,16,16,13.182285342538613,False,False,False,False,0,False,27.671521370115506,77.94166190900121,-50.270140538885705,cme_futures,1d,ADX~TSF_21|gate,tight,fixed_combo,14.0,0.0,False,False,True,gate,1.0,0.45850159217640624,0.5414984078235937
-0.08225872283424193,0.4375,-0.08006086162202958,0.0,-0.29866017575418347,,NG.v.0,16,16,13.182285342538613,False,False,False,False,0,False,27.671521370115506,77.94166190900121,-50.270140538885705,cme_futures,1d,ADX~TSF_21|or,tight,fixed_combo,14.0,0.0,False,False,True,or,1.0,0.45850159217640624,0.5414984078235937
-0.09023868139185146,0.375,-0.08805061728216995,0.0,-0.3276333441089766,,ZC.v.0,16,16,13.182285342538613,False,False,False,False,0,False,59.47474432814404,77.94166190900121,-18.46691758085717,cme_futures,1d,MININDEX~ADX|and,tight,fixed_combo,14.0,0.0,False,False,True,and,0.40470834231494734,0.40470834231494734,0.0
-0.09364882468246125,0.3125,-0.08725183533113454,0.0,-0.34001469358084696,,ZW.v.0,16,16,13.182285342538613,False,False,False,False,0,False,40.725626022626734,77.94166190900121,-37.21603588637448,cme_futures,1d,TEMA_50~TSF_21|and,tight,fixed_combo,14.0,0.0,False,False,True,and,0.6681456433496874,0.33632034983236747,0.33182529351731993
-0.09364882468246125,0.3125,-0.08725183533113454,0.0,-0.34001469358084696,,ZW.v.0,16,16,13.182285342538613,False,False,False,False,0,False,40.725626022626734,77.94166190900121,-37.21603588637448,cme_futures,1d,TEMA_50~TSF_21|vote,tight,fixed_combo,14.0,0.0,False,False,True,vote,0.6681456433496874,0.33632034983236747,0.33182529351731993
-0.09719885099132305,0.3125,-0.09034781433061936,0.0,-0.352903922161178,,NG.v.0,16,16,13.182285342538613,False,False,False,False,0,False,51.90005480771751,77.94166190900121,-26.041607101283702,cme_futures,1d,MININDEX~TSF_21|vote,tight,fixed_combo,14.0,0.0,False,False,True,vote,0.5978923212433088,0.4995621910768726,0.09833013016643623
-0.09776894933173383,0.375,-0.09156151595081956,0.0,-0.3549738019827667,,NG.v.0,16,16,13.182285342538613,False,False,False,False,0,False,56.34428884237404,77.94166190900121,-21.59737306662717,cme_futures,1d,DEMA_50~TSF_21|and,tight,fixed_combo,14.0,0.0,False,False,True,and,0.5883541655726602,0.30071774341800045,0.2876364221546597
-0.09776894933173383,0.375,-0.09156151595081956,0.0,-0.3549738019827667,,NG.v.0,16,16,13.182285342538613,False,False,False,False,0,False,56.34428884237404,77.94166190900121,-21.59737306662717,cme_futures,1d,DEMA_50~TSF_21|vote,tight,fixed_combo,14.0,0.0,False,False,True,vote,0.5883541655726602,0.30071774341800045,0.2876364221546597
-0.10486378353355436,0.3125,-0.10229353331080884,0.0,-0.38073331242316527,,NG.v.0,16,16,13.182285342538613,False,False,False,False,0,False,6.837117947561039,77.94166190900121,-71.10454396144017,cme_futures,1d,ADX~MININDEX|gate,tight,fixed_combo,14.0,0.0,False,False,True,gate,0.8515855548050951,0.40470834231494734,0.4468772124901478
-0.10671607100247887,0.25,-0.10098744552442313,0.0,-0.3874584897898382,,ZW.v.0,16,16,13.182285342538613,False,False,False,False,0,False,62.040805744998366,77.94166190900121,-15.900856164002846,cme_futures,1d,MININDEX~TSF_21|and,tight,fixed_combo,14.0,0.0,False,False,True,and,0.44947787604840395,0.44947787604840395,0.0
-0.11541823702711465,0.25,-0.11045346772257007,0.0,-0.41905380691622957,,NG.v.0,16,16,13.182285342538613,False,False,False,False,0,False,33.50594854832846,77.94166190900121,-44.43571336067275,cme_futures,1d,ADX~TSF_21|and,tight,fixed_combo,14.0,0.0,False,False,True,and,0.5041995321806755,0.2311316577169772,0.27306787446369835
-0.11541823702711465,0.25,-0.11045346772257007,0.0,-0.41905380691622957,,NG.v.0,16,16,13.182285342538613,False,False,False,False,0,False,33.50594854832846,77.94166190900121,-44.43571336067275,cme_futures,1d,ADX~TSF_21|vote,tight,fixed_combo,14.0,0.0,False,False,True,vote,0.5041995321806755,0.2311316577169772,0.27306787446369835
-0.12071550457439656,0.3125,-0.11403336605319657,0.0,-0.438286817132984,,NG.v.0,16,16,13.182285342538613,False,False,False,False,0,False,7.21121000669822,77.94166190900121,-70.73045190230299,cme_futures,1d,TSF_21~ADX|gate,tight,fixed_combo,14.0,0.0,False,False,True,gate,1.0,0.4995621910768726,0.5004378089231274
-0.12071550457439656,0.3125,-0.11403336605319657,0.0,-0.438286817132984,,NG.v.0,16,16,13.182285342538613,False,False,False,False,0,False,7.21121000669822,77.94166190900121,-70.73045190230299,cme_futures,1d,TSF_21~DEMA_50|gate,tight,fixed_combo,14.0,0.0,False,False,True,gate,1.0,0.4995621910768726,0.5004378089231274
-0.12071550457439656,0.3125,-0.11403336605319657,0.0,-0.438286817132984,,NG.v.0,16,16,13.182285342538613,False,False,False,False,0,False,7.21121000669822,77.94166190900121,-70.73045190230299,cme_futures,1d,TSF_21~LINEARREG_100|gate,tight,fixed_combo,14.0,0.0,False,False,True,gate,1.0,0.4995621910768726,0.5004378089231274
-0.12071550457439656,0.3125,-0.11403336605319657,0.0,-0.438286817132984,,NG.v.0,16,16,13.182285342538613,False,False,False,False,0,False,7.21121000669822,77.94166190900121,-70.73045190230299,cme_futures,1d,TSF_21~TEMA_100|gate,tight,fixed_combo,14.0,0.0,False,False,True,gate,1.0,0.4995621910768726,0.5004378089231274
-0.12071550457439656,0.3125,-0.11403336605319657,0.0,-0.438286817132984,,NG.v.0,16,16,13.182285342538613,False,False,False,False,0,False,7.21121000669822,77.94166190900121,-70.73045190230299,cme_futures,1d,TSF_21~TEMA_50|gate,tight,fixed_combo,14.0,0.0,False,False,True,gate,1.0,0.4995621910768726,0.5004378089231274
-0.12071550457439656,0.3125,-0.11403336605319657,0.0,-0.438286817132984,,NG.v.0,16,16,13.182285342538613,False,False,False,False,0,False,7.21121000669822,77.94166190900121,-70.73045190230299,cme_futures,1d,TSF_21~TSF_100|gate,tight,fixed_combo,14.0,0.0,False,False,True,gate,1.0,0.4995621910768726,0.5004378089231274
-0.12472255251506689,0.25,-0.11818663484058126,0.0,-0.4528353732128977,,ZW.v.0,16,16,13.182285342538613,False,False,False,False,0,False,13.423521243785686,77.94166190900121,-64.51814066521553,cme_futures,1d,TSF_21~MININDEX|gate,tight,fixed_combo,14.0,0.0,False,False,True,gate,0.8515855548050951,0.44947787604840395,0.4021076787566912
0.09501686944870548,0.5625,0.12627416865079694,13.45997164720944,0.34498171077061557,0.5431134262615919,SI.v.0,16,16,13.182285342538613,False,False,True,False,1,False,115.0690693251286,77.94166190900121,37.12740741612738,cme_futures,1d,MININDEX~LINEARREG_100|or,wide,fixed_combo,14.0,0.0,False,False,True,or,1.0,0.9571073026459703,0.04289269735402965
0.07212843310206975,0.5625,0.10569054399973024,10.490336088155042,0.26187971032016494,0.5310910679065027,SI.v.0,16,16,13.182285342538613,False,False,True,False,1,False,101.65199875363483,77.94166190900121,23.710336844633616,cme_futures,1d,MININDEX~TEMA_100|or,wide,fixed_combo,14.0,0.0,False,False,True,or,1.0,0.9577414930973382,0.04225850690266174
0.049831067105535615,0.5625,0.08734643531881749,7.752007666950584,0.18092373364156583,0.4467787867240314,SI.v.0,16,16,13.182285342538613,False,False,True,False,1,False,91.88385309461465,77.94166190900121,13.942191185613439,cme_futures,1d,MININDEX~DEMA_50|or,wide,fixed_combo,14.0,0.0,False,False,True,or,1.0,0.9582728611793221,0.041727138820677884
0.041633308384677915,0.625,0.08358900054675995,6.630716214287861,0.1511597891502884,0.37737692516876986,HO.v.0,16,16,13.182285342538613,False,False,True,False,1,False,93.0069914283359,77.94166190900121,15.065329519334682,cme_futures,1d,MININDEX~TEMA_50|or,wide,fixed_combo,14.0,0.0,False,False,True,or,1.0,0.9552522546231617,0.04474774537683837
0.03417295553456609,0.5625,0.06038486896998505,7.682523100538494,0.124073174908873,-0.2729155367988104,SI.v.0,16,16,13.182285342538613,False,False,True,False,1,False,112.58037495395212,77.94166190900121,34.638713044950904,cme_futures,1d,MININDEX~ADX|or,wide,fixed_combo,14.0,0.0,False,False,True,or,1.0,0.9053788046665541,0.09462119533344596
0.001088286185609754,0.6875,0.035061494408141505,3.4362078748982228,0.003951286043183731,-17.760419277747456,HO.v.0,16,16,13.182285342538613,False,False,True,False,1,False,190.2005620542992,77.94166190900121,112.258900145298,cme_futures,1d,TSF_100~MININDEX|vote,wide,fixed_combo,14.0,0.0,False,False,True,vote,0.555644683398575,0.5128284394602785,0.042816243938296555
-0.00918898740797678,0.5625,0.02538641744137861,2.444600689117576,-0.033362839826719455,,HO.v.0,16,16,13.182285342538613,False,False,False,False,0,False,177.5955411174196,77.94166190900121,99.65387920841839,cme_futures,1d,MININDEX~LINEARREG_100|vote,wide,fixed_combo,14.0,0.0,False,False,True,vote,0.5564781951770387,0.513585497823009,0.04289269735402965
-0.009312540009658008,0.625,0.015020827804387469,2.0582533018815217,-0.033811427410644856,,ZC.v.0,16,16,13.182285342538613,False,False,False,False,0,False,75.92558044362248,77.94166190900121,-2.0160814653787327,cme_futures,1d,MININDEX~ADX|gate,wide,fixed_combo,14.0,0.0,False,False,True,gate,0.8515855548050951,0.8515855548050951,0.0
-0.009312540009658008,0.625,0.015020827804387469,2.0582533018815217,-0.033811427410644856,,ZC.v.0,16,16,13.182285342538613,False,False,False,False,0,False,75.92558044362248,77.94166190900121,-2.0160814653787327,cme_futures,1d,MININDEX~DEMA_50|gate,wide,fixed_combo,14.0,0.0,False,False,True,gate,0.8515855548050951,0.8515855548050951,0.0
-0.009312540009658008,0.625,0.015020827804387469,2.0582533018815217,-0.033811427410644856,,ZC.v.0,16,16,13.182285342538613,False,False,False,False,0,False,75.92558044362248,77.94166190900121,-2.0160814653787327,cme_futures,1d,MININDEX~LINEARREG_100|gate,wide,fixed_combo,14.0,0.0,False,False,True,gate,0.8515855548050951,0.8515855548050951,0.0
-0.009312540009658008,0.625,0.015020827804387469,2.0582533018815217,-0.033811427410644856,,ZC.v.0,16,16,13.182285342538613,False,False,False,False,0,False,75.92558044362248,77.94166190900121,-2.0160814653787327,cme_futures,1d,MININDEX~TEMA_100|gate,wide,fixed_combo,14.0,0.0,False,False,True,gate,0.8515855548050951,0.8515855548050951,0.0
-0.009312540009658008,0.625,0.015020827804387469,2.0582533018815217,-0.033811427410644856,,ZC.v.0,16,16,13.182285342538613,False,False,False,False,0,False,75.92558044362248,77.94166190900121,-2.0160814653787327,cme_futures,1d,MININDEX~TEMA_50|gate,wide,fixed_combo,14.0,0.0,False,False,True,gate,0.8515855548050951,0.8515855548050951,0.0
-0.009312540009658008,0.625,0.015020827804387469,2.0582533018815217,-0.033811427410644856,,ZC.v.0,16,16,13.182285342538613,False,False,False,False,0,False,75.92558044362248,77.94166190900121,-2.0160814653787327,cme_futures,1d,MININDEX~TSF_100|gate,wide,fixed_combo,14.0,0.0,False,False,True,gate,0.8515855548050951,0.8515855548050951,0.0
-0.009312540009658008,0.625,0.015020827804387469,2.0582533018815217,-0.033811427410644856,,ZC.v.0,16,16,13.182285342538613,False,False,False,False,0,False,75.92558044362248,77.94166190900121,-2.0160814653787327,cme_futures,1d,MININDEX~TSF_21|gate,wide,fixed_combo,14.0,0.0,False,False,True,gate,0.8515855548050951,0.8515855548050951,0.0
-0.028975352911795524,0.5625,0.000257567111252216,0.02933519354648243,-0.10520202229026125,,CL.v.0,16,16,13.182285342538613,False,False,False,False,0,False,242.25415766591232,77.94166190900121,164.31249575691112,cme_futures,1d,TSF_100~ADX|gate,wide,fixed_combo,14.0,0.0,False,False,True,gate,1.0,0.5128284394602785,0.48717156053972155
-0.028975352911795524,0.5625,0.000257567111252216,0.02933519354648243,-0.10520202229026125,,CL.v.0,16,16,13.182285342538613,False,False,False,False,0,False,242.25415766591232,77.94166190900121,164.31249575691112,cme_futures,1d,TSF_100~ADX|or,wide,fixed_combo,14.0,0.0,False,False,True,or,1.0,0.5128284394602785,0.48717156053972155
-0.028975352911795524,0.5625,0.000257567111252216,0.02933519354648243,-0.10520202229026125,,CL.v.0,16,16,13.182285342538613,False,False,False,False,0,False,242.25415766591232,77.94166190900121,164.31249575691112,cme_futures,1d,TSF_100~DEMA_50|gate,wide,fixed_combo,14.0,0.0,False,False,True,gate,1.0,0.5128284394602785,0.48717156053972155
-0.028975352911795524,0.5625,0.000257567111252216,0.02933519354648243,-0.10520202229026125,,CL.v.0,16,16,13.182285342538613,False,False,False,False,0,False,242.25415766591232,77.94166190900121,164.31249575691112,cme_futures,1d,TSF_100~DEMA_50|or,wide,fixed_combo,14.0,0.0,False,False,True,or,1.0,0.5128284394602785,0.48717156053972155
-0.028975352911795524,0.5625,0.000257567111252216,0.02933519354648243,-0.10520202229026125,,CL.v.0,16,16,13.182285342538613,False,False,False,False,0,False,242.25415766591232,77.94166190900121,164.31249575691112,cme_futures,1d,TSF_100~LINEARREG_100|gate,wide,fixed_combo,14.0,0.0,False,False,True,gate,1.0,0.5128284394602785,0.48717156053972155
-0.028975352911795524,0.5625,0.000257567111252216,0.02933519354648243,-0.10520202229026125,,CL.v.0,16,16,13.182285342538613,False,False,False,False,0,False,242.25415766591232,77.94166190900121,164.31249575691112,cme_futures,1d,TSF_100~LINEARREG_100|or,wide,fixed_combo,14.0,0.0,False,False,True,or,1.0,0.5128284394602785,0.48717156053972155
-0.028975352911795524,0.5625,0.000257567111252216,0.02933519354648243,-0.10520202229026125,,CL.v.0,16,16,13.182285342538613,False,False,False,False,0,False,242.25415766591232,77.94166190900121,164.31249575691112,cme_futures,1d,TSF_100~MININDEX|or,wide,fixed_combo,14.0,0.0,False,False,True,or,1.0,0.5128284394602785,0.48717156053972155
-0.028975352911795524,0.5625,0.000257567111252216,0.02933519354648243,-0.10520202229026125,,CL.v.0,16,16,13.182285342538613,False,False,False,False,0,False,242.25415766591232,77.94166190900121,164.31249575691112,cme_futures,1d,TSF_100~TEMA_100|gate,wide,fixed_combo,14.0,0.0,False,False,True,gate,1.0,0.5128284394602785,0.48717156053972155
-0.028975352911795524,0.5625,0.000257567111252216,0.02933519354648243,-0.10520202229026125,,CL.v.0,16,16,13.182285342538613,False,False,False,False,0,False,242.25415766591232,77.94166190900121,164.31249575691112,cme_futures,1d,TSF_100~TEMA_100|or,wide,fixed_combo,14.0,0.0,False,False,True,or,1.0,0.5128284394602785,0.48717156053972155
-0.028975352911795524,0.5625,0.000257567111252216,0.02933519354648243,-0.10520202229026125,,CL.v.0,16,16,13.182285342538613,False,False,False,False,0,False,242.25415766591232,77.94166190900121,164.31249575691112,cme_futures,1d,TSF_100~TEMA_50|gate,wide,fixed_combo,14.0,0.0,False,False,True,gate,1.0,0.5128284394602785,0.48717156053972155
-0.028975352911795524,0.5625,0.000257567111252216,0.02933519354648243,-0.10520202229026125,,CL.v.0,16,16,13.182285342538613,False,False,False,False,0,False,242.25415766591232,77.94166190900121,164.31249575691112,cme_futures,1d,TSF_100~TEMA_50|or,wide,fixed_combo,14.0,0.0,False,False,True,or,1.0,0.5128284394602785,0.48717156053972155
-0.028975352911795524,0.5625,0.000257567111252216,0.02933519354648243,-0.10520202229026125,,CL.v.0,16,16,13.182285342538613,False,False,False,False,0,False,242.25415766591232,77.94166190900121,164.31249575691112,cme_futures,1d,TSF_100~TSF_21|gate,wide,fixed_combo,14.0,0.0,False,False,True,gate,1.0,0.5128284394602785,0.48717156053972155
-0.028975352911795524,0.5625,0.000257567111252216,0.02933519354648243,-0.10520202229026125,,CL.v.0,16,16,13.182285342538613,False,False,False,False,0,False,242.25415766591232,77.94166190900121,164.31249575691112,cme_futures,1d,TSF_100~TSF_21|or,wide,fixed_combo,14.0,0.0,False,False,True,or,1.0,0.5128284394602785,0.48717156053972155
-0.032461252342374666,0.5625,0.007981520726829651,0.6569587399558432,-0.11785842273907536,,NG.v.0,16,16,13.182285342538613,False,False,False,False,0,False,101.0616112236566,77.94166190900121,23.119949314655386,cme_futures,1d,MININDEX~TEMA_100|vote,wide,fixed_combo,14.0,0.0,False,False,True,vote,0.5531331534458226,0.5108746465431608,0.04225850690266174
-0.03410889858337071,0.5,-0.004534389527413358,0.0,-0.1238406006645483,,CL.v.0,16,16,13.182285342538613,False,False,False,False,0,False,234.84381567579902,77.94166190900121,156.90215376679782,cme_futures,1d,TSF_100~LINEARREG_100|and,wide,fixed_combo,14.0,0.0,False,False,True,and,0.9908547849473257,0.5086343611153066,0.48222042383201913
-0.03410889858337071,0.5,-0.004534389527413358,0.0,-0.1238406006645483,,CL.v.0,16,16,13.182285342538613,False,False,False,False,0,False,234.84381567579902,77.94166190900121,156.90215376679782,cme_futures,1d,TSF_100~LINEARREG_100|vote,wide,fixed_combo,14.0,0.0,False,False,True,vote,0.9908547849473257,0.5086343611153066,0.48222042383201913
-0.03722751286506839,0.4375,0.0047938659622702535,0.37962648546234773,-0.13516348360497754,,PL.v.0,16,16,13.182285342538613,False,False,False,False,0,False,55.79894842027154,77.94166190900121,-22.14271348872967,cme_futures,1d,MININDEX~TSF_21|or,wide,fixed_combo,14.0,0.0,False,False,True,or,1.0,0.9016698698335638,0.09833013016643623
-0.03913006577918847,0.4375,-0.009336610104637596,0.0,-0.1420711618199401,,CL.v.0,16,16,13.182285342538613,False,False,False,False,0,False,223.5296310894848,77.94166190900121,145.58796918048358,cme_futures,1d,LINEARREG_100~ADX|gate,wide,fixed_combo,14.0,0.0,False,False,True,gate,1.0,0.513585497823009,0.486414502176991
-0.03913006577918847,0.4375,-0.009336610104637596,0.0,-0.1420711618199401,,CL.v.0,16,16,13.182285342538613,False,False,False,False,0,False,223.5296310894848,77.94166190900121,145.58796918048358,cme_futures,1d,LINEARREG_100~ADX|or,wide,fixed_combo,14.0,0.0,False,False,True,or,1.0,0.513585497823009,0.486414502176991
-0.03913006577918847,0.4375,-0.009336610104637596,0.0,-0.1420711618199401,,CL.v.0,16,16,13.182285342538613,False,False,False,False,0,False,223.5296310894848,77.94166190900121,145.58796918048358,cme_futures,1d,LINEARREG_100~DEMA_50|gate,wide,fixed_combo,14.0,0.0,False,False,True,gate,1.0,0.513585497823009,0.486414502176991
-0.03913006577918847,0.4375,-0.009336610104637596,0.0,-0.1420711618199401,,CL.v.0,16,16,13.182285342538613,False,False,False,False,0,False,223.5296310894848,77.94166190900121,145.58796918048358,cme_futures,1d,LINEARREG_100~DEMA_50|or,wide,fixed_combo,14.0,0.0,False,False,True,or,1.0,0.513585497823009,0.486414502176991
-0.03913006577918847,0.4375,-0.009336610104637596,0.0,-0.1420711618199401,,CL.v.0,16,16,13.182285342538613,False,False,False,False,0,False,223.5296310894848,77.94166190900121,145.58796918048358,cme_futures,1d,LINEARREG_100~TEMA_100|gate,wide,fixed_combo,14.0,0.0,False,False,True,gate,1.0,0.513585497823009,0.486414502176991
-0.03913006577918847,0.4375,-0.009336610104637596,0.0,-0.1420711618199401,,CL.v.0,16,16,13.182285342538613,False,False,False,False,0,False,223.5296310894848,77.94166190900121,145.58796918048358,cme_futures,1d,LINEARREG_100~TEMA_100|or,wide,fixed_combo,14.0,0.0,False,False,True,or,1.0,0.513585497823009,0.486414502176991
-0.03913006577918847,0.4375,-0.009336610104637596,0.0,-0.1420711618199401,,CL.v.0,16,16,13.182285342538613,False,False,False,False,0,False,223.5296310894848,77.94166190900121,145.58796918048358,cme_futures,1d,LINEARREG_100~TEMA_50|gate,wide,fixed_combo,14.0,0.0,False,False,True,gate,1.0,0.513585497823009,0.486414502176991
-0.03913006577918847,0.4375,-0.009336610104637596,0.0,-0.1420711618199401,,CL.v.0,16,16,13.182285342538613,False,False,False,False,0,False,223.5296310894848,77.94166190900121,145.58796918048358,cme_futures,1d,LINEARREG_100~TEMA_50|or,wide,fixed_combo,14.0,0.0,False,False,True,or,1.0,0.513585497823009,0.486414502176991
-0.03913006577918847,0.4375,-0.009336610104637596,0.0,-0.1420711618199401,,CL.v.0,16,16,13.182285342538613,False,False,False,False,0,False,223.5296310894848,77.94166190900121,145.58796918048358,cme_futures,1d,LINEARREG_100~TSF_100|gate,wide,fixed_combo,14.0,0.0,False,False,True,gate,1.0,0.513585497823009,0.486414502176991
-0.03913006577918847,0.4375,-0.009336610104637596,0.0,-0.1420711618199401,,CL.v.0,16,16,13.182285342538613,False,False,False,False,0,False,223.5296310894848,77.94166190900121,145.58796918048358,cme_futures,1d,LINEARREG_100~TSF_21|gate,wide,fixed_combo,14.0,0.0,False,False,True,gate,1.0,0.513585497823009,0.486414502176991
-0.03913006577918847,0.4375,-0.009336610104637596,0.0,-0.1420711618199401,,CL.v.0,16,16,13.182285342538613,False,False,False,False,0,False,223.5296310894848,77.94166190900121,145.58796918048358,cme_futures,1d,LINEARREG_100~TSF_21|or,wide,fixed_combo,14.0,0.0,False,False,True,or,1.0,0.513585497823009,0.486414502176991
-0.04441118597697354,0.625,-0.011281554409701173,0.0,-0.16124554518141979,,CL.v.0,16,16,13.182285342538613,False,False,False,False,0,False,128.53715746799512,77.94166190900121,50.5954955589939,cme_futures,1d,TSF_100~TEMA_100|and,wide,fixed_combo,14.0,0.0,False,False,True,and,0.9024346374144012,0.4630688617089203,0.43936577570548097
-0.04441118597697354,0.625,-0.011281554409701173,0.0,-0.16124554518141979,,CL.v.0,16,16,13.182285342538613,False,False,False,False,0,False,128.53715746799512,77.94166190900121,50.5954955589939,cme_futures,1d,TSF_100~TEMA_100|vote,wide,fixed_combo,14.0,0.0,False,False,True,vote,0.9024346374144012,0.4630688617089203,0.43936577570548097
-0.048866798921476266,0.5625,-0.019665047814030598,0.0,-0.17742272492902292,,CL.v.0,16,16,13.182285342538613,False,False,False,False,0,False,112.4522782674518,77.94166190900121,34.51061635845059,cme_futures,1d,TSF_100~MININDEX|and,wide,fixed_combo,14.0,0.0,False,False,True,and,0.40723023820367016,0.40723023820367016,0.0
-0.0496012680744757,0.5,-0.016186604955854965,0.0,-0.1800893927152814,,CL.v.0,16,16,13.182285342538613,False,False,False,False,0,False,121.41825226755422,77.94166190900121,43.47659035855301,cme_futures,1d,LINEARREG_100~TEMA_100|and,wide,fixed_combo,14.0,0.0,False,False,True,and,0.9033312742055968,0.4638957092858833,0.4394355649197135
-0.0496012680744757,0.5,-0.016186604955854965,0.0,-0.1800893927152814,,CL.v.0,16,16,13.182285342538613,False,False,False,False,0,False,121.41825226755422,77.94166190900121,43.47659035855301,cme_futures,1d,LINEARREG_100~TEMA_100|vote,wide,fixed_combo,14.0,0.0,False,False,True,vote,0.9033312742055968,0.4638957092858833,0.4394355649197135
-0.0571358223068158,0.5625,-0.02752794079676992,0.0,-0.20744541300986585,,CL.v.0,16,16,13.182285342538613,False,False,False,False,0,False,108.81432843683737,77.94166190900121,30.87266652783616,cme_futures,1d,MININDEX~LINEARREG_100|and,wide,fixed_combo,14.0,0.0,False,False,True,and,0.40806374998213374,0.40806374998213374,0.0
-0.05828356438491607,0.5,-0.014052623397545046,0.0,-0.21161256804163844,,GC.v.0,16,16,13.182285342538613,False,False,False,False,0,False,43.1045458492178,77.94166190900121,-34.83711605978341,cme_futures,1d,IS#1[combo],wide,wf_combo,14.0,10.0,False,False,True,,,,
-0.058594944541175975,0.5,-0.023008513537255797,0.0,-0.21274310896168586,,NG.v.0,16,16,13.182285342538613,False,False,False,False,0,False,56.97362634528962,77.94166190900121,-20.968035563711595,cme_futures,1d,TEMA_100~ADX|gate,wide,fixed_combo,14.0,0.0,False,False,True,gate,1.0,0.5108746465431608,0.48912535345683916
-0.058594944541175975,0.5,-0.023008513537255797,0.0,-0.21274310896168586,,NG.v.0,16,16,13.182285342538613,False,False,False,False,0,False,56.97362634528962,77.94166190900121,-20.968035563711595,cme_futures,1d,TEMA_100~ADX|or,wide,fixed_combo,14.0,0.0,False,False,True,or,1.0,0.5108746465431608,0.48912535345683916
-0.058594944541175975,0.5,-0.023008513537255797,0.0,-0.21274310896168586,,NG.v.0,16,16,13.182285342538613,False,False,False,False,0,False,56.97362634528962,77.94166190900121,-20.968035563711595,cme_futures,1d,TEMA_100~DEMA_50|gate,wide,fixed_combo,14.0,0.0,False,False,True,gate,1.0,0.5108746465431608,0.48912535345683916
-0.058594944541175975,0.5,-0.023008513537255797,0.0,-0.21274310896168586,,NG.v.0,16,16,13.182285342538613,False,False,False,False,0,False,56.97362634528962,77.94166190900121,-20.968035563711595,cme_futures,1d,TEMA_100~DEMA_50|or,wide,fixed_combo,14.0,0.0,False,False,True,or,1.0,0.5108746465431608,0.48912535345683916
-0.058594944541175975,0.5,-0.023008513537255797,0.0,-0.21274310896168586,,NG.v.0,16,16,13.182285342538613,False,False,False,False,0,False,56.97362634528962,77.94166190900121,-20.968035563711595,cme_futures,1d,TEMA_100~LINEARREG_100|gate,wide,fixed_combo,14.0,0.0,False,False,True,gate,1.0,0.5108746465431608,0.48912535345683916
-0.058594944541175975,0.5,-0.023008513537255797,0.0,-0.21274310896168586,,NG.v.0,16,16,13.182285342538613,False,False,False,False,0,False,56.97362634528962,77.94166190900121,-20.968035563711595,cme_futures,1d,TEMA_100~TEMA_50|gate,wide,fixed_combo,14.0,0.0,False,False,True,gate,1.0,0.5108746465431608,0.48912535345683916
-0.058594944541175975,0.5,-0.023008513537255797,0.0,-0.21274310896168586,,NG.v.0,16,16,13.182285342538613,False,False,False,False,0,False,56.97362634528962,77.94166190900121,-20.968035563711595,cme_futures,1d,TEMA_100~TEMA_50|or,wide,fixed_combo,14.0,0.0,False,False,True,or,1.0,0.5108746465431608,0.48912535345683916
-0.058594944541175975,0.5,-0.023008513537255797,0.0,-0.21274310896168586,,NG.v.0,16,16,13.182285342538613,False,False,False,False,0,False,56.97362634528962,77.94166190900121,-20.968035563711595,cme_futures,1d,TEMA_100~TSF_100|gate,wide,fixed_combo,14.0,0.0,False,False,True,gate,1.0,0.5108746465431608,0.48912535345683916
-0.058594944541175975,0.5,-0.023008513537255797,0.0,-0.21274310896168586,,NG.v.0,16,16,13.182285342538613,False,False,False,False,0,False,56.97362634528962,77.94166190900121,-20.968035563711595,cme_futures,1d,TEMA_100~TSF_21|gate,wide,fixed_combo,14.0,0.0,False,False,True,gate,1.0,0.5108746465431608,0.48912535345683916
-0.058594944541175975,0.5,-0.023008513537255797,0.0,-0.21274310896168586,,NG.v.0,16,16,13.182285342538613,False,False,False,False,0,False,56.97362634528962,77.94166190900121,-20.968035563711595,cme_futures,1d,TEMA_100~TSF_21|or,wide,fixed_combo,14.0,0.0,False,False,True,or,1.0,0.5108746465431608,0.48912535345683916
-0.05866089021559234,0.5,-0.02840121682645346,0.0,-0.2129825406721819,,CL.v.0,16,16,13.182285342538613,False,False,False,False,0,False,133.75082436389204,77.94166190900121,55.809162454890824,cme_futures,1d,TSF_100~MININDEX|gate,wide,fixed_combo,14.0,0.0,False,False,True,gate,0.8515855548050951,0.40723023820367016,0.44435531660142497
-0.06473584804227722,0.375,-0.026926260629894193,0.0,-0.2350391434214492,,NG.v.0,16,16,13.182285342538613,False,False,False,False,0,False,103.81763058048574,77.94166190900121,25.87596867148453,cme_futures,1d,TSF_100~DEMA_50|and,wide,fixed_combo,14.0,0.0,False,False,True,and,0.8700555763660923,0.4482015730064195,0.4218540033596728
-0.06473584804227722,0.375,-0.026926260629894193,0.0,-0.2350391434214492,,NG.v.0,16,16,13.182285342538613,False,False,False,False,0,False,103.81763058048574,77.94166190900121,25.87596867148453,cme_futures,1d,TSF_100~DEMA_50|vote,wide,fixed_combo,14.0,0.0,False,False,True,vote,0.8700555763660923,0.4482015730064195,0.4218540033596728
-0.06614353045369892,0.375,-0.023502769152919906,0.0,-0.24015007466272867,,ZW.v.0,16,16,13.182285342538613,False,False,False,False,0,False,109.64404130353914,77.94166190900121,31.702379394537928,cme_futures,1d,TSF_100~TEMA_50|and,wide,fixed_combo,14.0,0.0,False,False,True,and,0.7305498628866525,0.3741555837925529,0.35639427909409954
-0.06614353045369892,0.375,-0.023502769152919906,0.0,-0.24015007466272867,,ZW.v.0,16,16,13.182285342538613,False,False,False,False,0,False,109.64404130353914,77.94166190900121,31.702379394537928,cme_futures,1d,TSF_100~TEMA_50|vote,wide,fixed_combo,14.0,0.0,False,False,True,vote,0.7305498628866525,0.3741555837925529,0.35639427909409954
-0.06774202426741557,0.4375,-0.03703819498102841,0.0,-0.24595379282048083,,CL.v.0,16,16,13.182285342538613,False,False,False,False,0,False,129.55044511075252,77.94166190900121,51.60878320175131,cme_futures,1d,LINEARREG_100~MININDEX|gate,wide,fixed_combo,14.0,0.0,False,False,True,gate,0.8515855548050951,0.40806374998213374,0.4435218048229614
-0.06997833124234384,0.4375,-0.03187463380331553,0.0,-0.2540732458238814,,NG.v.0,16,16,13.182285342538613,False,False,False,False,0,False,97.06882859073627,77.94166190900121,19.127166681735062,cme_futures,1d,LINEARREG_100~DEMA_50|and,wide,fixed_combo,14.0,0.0,False,False,True,and,0.8707911421389588,0.44894788507421796,0.42184325706474085
-0.06997833124234384,0.4375,-0.03187463380331553,0.0,-0.2540732458238814,,NG.v.0,16,16,13.182285342538613,False,False,False,False,0,False,97.06882859073627,77.94166190900121,19.127166681735062,cme_futures,1d,LINEARREG_100~DEMA_50|vote,wide,fixed_combo,14.0,0.0,False,False,True,vote,0.8707911421389588,0.44894788507421796,0.42184325706474085
-0.07001760798256765,0.5625,-0.03582763675420455,0.0,-0.2542158495227248,,NG.v.0,16,16,13.182285342538613,False,False,False,False,0,False,71.53579408925211,77.94166190900121,-6.405867819749105,cme_futures,1d,MININDEX~TEMA_100|and,wide,fixed_combo,14.0,0.0,False,False,True,and,0.4047187082509177,0.4047187082509177,0.0
-0.07148437806099278,0.375,-0.028515654564924102,0.0,-0.2595413128209596,,ZW.v.0,16,16,13.182285342538613,False,False,False,False,0,False,104.52818431285439,77.94166190900121,26.58652240385318,cme_futures,1d,LINEARREG_100~TEMA_50|and,wide,fixed_combo,14.0,0.0,False,False,True,and,0.7278100368926067,0.3731641999768953,0.3546458369157114
-0.07148437806099278,0.375,-0.028515654564924102,0.0,-0.2595413128209596,,ZW.v.0,16,16,13.182285342538613,False,False,False,False,0,False,104.52818431285439,77.94166190900121,26.58652240385318,cme_futures,1d,LINEARREG_100~TEMA_50|vote,wide,fixed_combo,14.0,0.0,False,False,True,vote,0.7278100368926067,0.3731641999768953,0.3546458369157114
-0.07179829671751517,0.5,-0.045133336006530134,0.0,-0.2606810703797831,,SI.v.0,16,16,13.182285342538613,False,False,False,False,0,False,83.7042678940905,77.94166190900121,5.762605985089294,cme_futures,1d,MININDEX~ADX|vote,wide,fixed_combo,14.0,0.0,False,False,True,vote,0.5531227875098522,0.45850159217640624,0.09462119533344596
-0.07448699168833926,0.4375,-0.04647672370593221,0.0,-0.2704430273476032,,NG.v.0,16,16,13.182285342538613,False,False,False,False,0,False,85.77252380470117,77.94166190900121,7.830861895699954,cme_futures,1d,TSF_100~ADX|and,wide,fixed_combo,14.0,0.0,False,False,True,and,0.5018562459244896,0.23659313878058716,0.26526310714390244
-0.07448699168833926,0.4375,-0.04647672370593221,0.0,-0.2704430273476032,,NG.v.0,16,16,13.182285342538613,False,False,False,False,0,False,85.77252380470117,77.94166190900121,7.830861895699954,cme_futures,1d,TSF_100~ADX|vote,wide,fixed_combo,14.0,0.0,False,False,True,vote,0.5018562459244896,0.23659313878058716,0.26526310714390244
-0.07461258687584785,0.5,-0.025466700295878098,0.0,-0.27089903103308205,,NG.v.0,16,16,13.182285342538613,False,False,False,False,0,False,82.53070225842553,77.94166190900121,4.589040349424323,cme_futures,1d,MININDEX~DEMA_50|vote,wide,fixed_combo,14.0,0.0,False,False,True,vote,0.555246269007146,0.5135191301864682,0.041727138820677884
-0.07897856640117112,0.4375,-0.03841090343011038,0.0,-0.2867507749873344,,NG.v.0,16,16,13.182285342538613,False,False,False,False,0,False,41.21532000824918,77.94166190900121,-36.72634190075203,cme_futures,1d,TEMA_100~DEMA_50|and,wide,fixed_combo,14.0,0.0,False,False,True,and,0.9214838811591263,0.47293882894437766,0.4485450522147486
-0.07897856640117112,0.4375,-0.03841090343011038,0.0,-0.2867507749873344,,NG.v.0,16,16,13.182285342538613,False,False,False,False,0,False,41.21532000824918,77.94166190900121,-36.72634190075203,cme_futures,1d,TEMA_100~DEMA_50|vote,wide,fixed_combo,14.0,0.0,False,False,True,vote,0.9214838811591263,0.47293882894437766,0.4485450522147486
-0.07979476474519187,0.4375,-0.05151434777903799,0.0,-0.2897141803561087,,NG.v.0,16,16,13.182285342538613,False,False,False,False,0,False,78.502659752886,77.94166190900121,0.5609978438847918,cme_futures,1d,LINEARREG_100~ADX|and,wide,fixed_combo,14.0,0.0,False,False,True,and,0.5009730413087004,0.23653006565405782,0.2644429756546426
-0.07979476474519187,0.4375,-0.05151434777903799,0.0,-0.2897141803561087,,NG.v.0,16,16,13.182285342538613,False,False,False,False,0,False,78.502659752886,77.94166190900121,0.5609978438847918,cme_futures,1d,LINEARREG_100~ADX|vote,wide,fixed_combo,14.0,0.0,False,False,True,vote,0.5009730413087004,0.23653006565405782,0.2644429756546426
-0.08090041840050081,0.4375,-0.025047300918291465,0.0,-0.2937285231958734,,ZW.v.0,16,16,13.182285342538613,False,False,False,False,0,False,78.21247332674196,77.94166190900121,0.27081141774074524,cme_futures,1d,MININDEX~TEMA_50|vote,wide,fixed_combo,14.0,0.0,False,False,True,vote,0.5496806106150133,0.5049328652381749,0.04474774537683837
-0.08137416460524058,0.5,-0.04568300371078448,0.0,-0.2954485732999282,,NG.v.0,16,16,13.182285342538613,False,False,False,False,0,False,38.257365711162265,77.94166190900121,-39.68429619783895,cme_futures,1d,TEMA_100~MININDEX|gate,wide,fixed_combo,14.0,0.0,False,False,True,gate,0.8515855548050951,0.4047187082509177,0.4468668465541774
-0.08179709430963565,0.375,-0.03617119464651717,0.0,-0.29698412181678063,,NG.v.0,16,16,13.182285342538613,False,False,False,False,0,False,47.248363208231325,77.94166190900121,-30.693298700769887,cme_futures,1d,TEMA_100~TEMA_50|and,wide,fixed_combo,14.0,0.0,False,False,True,and,0.7617421826275708,0.38877484720445327,0.37296733542311744
-0.08179709430963565,0.375,-0.03617119464651717,0.0,-0.29698412181678063,,NG.v.0,16,16,13.182285342538613,False,False,False,False,0,False,47.248363208231325,77.94166190900121,-30.693298700769887,cme_futures,1d,TEMA_100~TEMA_50|vote,wide,fixed_combo,14.0,0.0,False,False,True,vote,0.7617421826275708,0.38877484720445327,0.37296733542311744
-0.09153913324247602,0.4375,-0.06012245685231039,0.0,-0.332354948880911,,NG.v.0,16,16,13.182285342538613,False,False,False,False,0,False,47.99738289998845,77.94166190900121,-29.94427900901276,cme_futures,1d,TEMA_100~ADX|and,wide,fixed_combo,14.0,0.0,False,False,True,and,0.500740957549344,0.23505859813445554,0.26568235941488844
-0.09153913324247602,0.4375,-0.06012245685231039,0.0,-0.332354948880911,,NG.v.0,16,16,13.182285342538613,False,False,False,False,0,False,47.99738289998845,77.94166190900121,-29.94427900901276,cme_futures,1d,TEMA_100~ADX|vote,wide,fixed_combo,14.0,0.0,False,False,True,vote,0.500740957549344,0.23505859813445554,0.26568235941488844
-0.09667103324894938,0.25,-0.051329928758727356,0.0,-0.35098755227027717,,ZW.v.0,16,16,13.182285342538613,False,False,False,False,0,False,50.57908011556632,77.94166190900121,-27.36258179343489,cme_futures,1d,MININDEX~TEMA_50|and,wide,fixed_combo,14.0,0.0,False,False,True,and,0.40126616542010846,0.40126616542010846,0.0
-0.09734652257076566,0.375,-0.05321299623102979,0.0,-0.3534400795235905,,NG.v.0,16,16,13.182285342538613,False,False,False,False,0,False,23.393014361576352,77.94166190900121,-54.54864754742486,cme_futures,1d,DEMA_50~ADX|gate,wide,fixed_combo,14.0,0.0,False,False,True,gate,1.0,0.5135191301864682,0.48648086981353184
-0.09734652257076566,0.375,-0.05321299623102979,0.0,-0.3534400795235905,,NG.v.0,16,16,13.182285342538613,False,False,False,False,0,False,23.393014361576352,77.94166190900121,-54.54864754742486,cme_futures,1d,DEMA_50~ADX|or,wide,fixed_combo,14.0,0.0,False,False,True,or,1.0,0.5135191301864682,0.48648086981353184
-0.09734652257076566,0.375,-0.05321299623102979,0.0,-0.3534400795235905,,NG.v.0,16,16,13.182285342538613,False,False,False,False,0,False,23.393014361576352,77.94166190900121,-54.54864754742486,cme_futures,1d,DEMA_50~LINEARREG_100|gate,wide,fixed_combo,14.0,0.0,False,False,True,gate,1.0,0.5135191301864682,0.48648086981353184
-0.09734652257076566,0.375,-0.05321299623102979,0.0,-0.3534400795235905,,NG.v.0,16,16,13.182285342538613,False,False,False,False,0,False,23.393014361576352,77.94166190900121,-54.54864754742486,cme_futures,1d,DEMA_50~TEMA_100|gate,wide,fixed_combo,14.0,0.0,False,False,True,gate,1.0,0.5135191301864682,0.48648086981353184
-0.09734652257076566,0.375,-0.05321299623102979,0.0,-0.3534400795235905,,NG.v.0,16,16,13.182285342538613,False,False,False,False,0,False,23.393014361576352,77.94166190900121,-54.54864754742486,cme_futures,1d,DEMA_50~TEMA_50|gate,wide,fixed_combo,14.0,0.0,False,False,True,gate,1.0,0.5135191301864682,0.48648086981353184
-0.09734652257076566,0.375,-0.05321299623102979,0.0,-0.3534400795235905,,NG.v.0,16,16,13.182285342538613,False,False,False,False,0,False,23.393014361576352,77.94166190900121,-54.54864754742486,cme_futures,1d,DEMA_50~TSF_100|gate,wide,fixed_combo,14.0,0.0,False,False,True,gate,1.0,0.5135191301864682,0.48648086981353184
-0.09734652257076566,0.375,-0.05321299623102979,0.0,-0.3534400795235905,,NG.v.0,16,16,13.182285342538613,False,False,False,False,0,False,23.393014361576352,77.94166190900121,-54.54864754742486,cme_futures,1d,DEMA_50~TSF_21|gate,wide,fixed_combo,14.0,0.0,False,False,True,gate,1.0,0.5135191301864682,0.48648086981353184
-0.09734652257076566,0.375,-0.05321299623102979,0.0,-0.3534400795235905,,NG.v.0,16,16,13.182285342538613,False,False,False,False,0,False,23.393014361576352,77.94166190900121,-54.54864754742486,cme_futures,1d,DEMA_50~TSF_21|or,wide,fixed_combo,14.0,0.0,False,False,True,or,1.0,0.5135191301864682,0.48648086981353184
-0.09802259503455724,0.375,-0.047662207133141524,0.0,-0.3558947240147946,,ZW.v.0,16,16,13.182285342538613,False,False,False,False,0,False,10.105227860338253,77.94166190900121,-67.83643404866297,cme_futures,1d,TEMA_50~ADX|gate,wide,fixed_combo,14.0,0.0,False,False,True,gate,1.0,0.5049328652381749,0.49506713476182507
-0.09802259503455724,0.375,-0.047662207133141524,0.0,-0.3558947240147946,,ZW.v.0,16,16,13.182285342538613,False,False,False,False,0,False,10.105227860338253,77.94166190900121,-67.83643404866297,cme_futures,1d,TEMA_50~ADX|or,wide,fixed_combo,14.0,0.0,False,False,True,or,1.0,0.5049328652381749,0.49506713476182507
-0.09802259503455724,0.375,-0.047662207133141524,0.0,-0.3558947240147946,,ZW.v.0,16,16,13.182285342538613,False,False,False,False,0,False,10.105227860338253,77.94166190900121,-67.83643404866297,cme_futures,1d,TEMA_50~DEMA_50|gate,wide,fixed_combo,14.0,0.0,False,False,True,gate,1.0,0.5049328652381749,0.49506713476182507
-0.09802259503455724,0.375,-0.047662207133141524,0.0,-0.3558947240147946,,ZW.v.0,16,16,13.182285342538613,False,False,False,False,0,False,10.105227860338253,77.94166190900121,-67.83643404866297,cme_futures,1d,TEMA_50~DEMA_50|or,wide,fixed_combo,14.0,0.0,False,False,True,or,1.0,0.5049328652381749,0.49506713476182507
-0.09802259503455724,0.375,-0.047662207133141524,0.0,-0.3558947240147946,,ZW.v.0,16,16,13.182285342538613,False,False,False,False,0,False,10.105227860338253,77.94166190900121,-67.83643404866297,cme_futures,1d,TEMA_50~LINEARREG_100|gate,wide,fixed_combo,14.0,0.0,False,False,True,gate,1.0,0.5049328652381749,0.49506713476182507
-0.09802259503455724,0.375,-0.047662207133141524,0.0,-0.3558947240147946,,ZW.v.0,16,16,13.182285342538613,False,False,False,False,0,False,10.105227860338253,77.94166190900121,-67.83643404866297,cme_futures,1d,TEMA_50~TEMA_100|gate,wide,fixed_combo,14.0,0.0,False,False,True,gate,1.0,0.5049328652381749,0.49506713476182507
-0.09802259503455724,0.375,-0.047662207133141524,0.0,-0.3558947240147946,,ZW.v.0,16,16,13.182285342538613,False,False,False,False,0,False,10.105227860338253,77.94166190900121,-67.83643404866297,cme_futures,1d,TEMA_50~TSF_100|gate,wide,fixed_combo,14.0,0.0,False,False,True,gate,1.0,0.5049328652381749,0.49506713476182507
-0.09802259503455724,0.375,-0.047662207133141524,0.0,-0.3558947240147946,,ZW.v.0,16,16,13.182285342538613,False,False,False,False,0,False,10.105227860338253,77.94166190900121,-67.83643404866297,cme_futures,1d,TEMA_50~TSF_21|gate,wide,fixed_combo,14.0,0.0,False,False,True,gate,1.0,0.5049328652381749,0.49506713476182507
-0.09802259503455724,0.375,-0.047662207133141524,0.0,-0.3558947240147946,,ZW.v.0,16,16,13.182285342538613,False,False,False,False,0,False,10.105227860338253,77.94166190900121,-67.83643404866297,cme_futures,1d,TEMA_50~TSF_21|or,wide,fixed_combo,14.0,0.0,False,False,True,or,1.0,0.5049328652381749,0.49506713476182507
-0.09806910276068802,0.4375,-0.05730355780293622,0.0,-0.35606358155575274,,NG.v.0,16,16,13.182285342538613,False,False,False,False,0,False,54.8434526463145,77.94166190900121,-23.09820926268671,cme_futures,1d,MININDEX~DEMA_50|and,wide,fixed_combo,14.0,0.0,False,False,True,and,0.4068318238122412,0.4068318238122412,0.0
-0.10157912868887362,0.375,-0.05215687348654442,0.0,-0.368807579085669,,ZW.v.0,16,16,13.182285342538613,False,False,False,False,0,False,27.138000479213247,77.94166190900121,-50.803661429787965,cme_futures,1d,TEMA_50~DEMA_50|and,wide,fixed_combo,14.0,0.0,False,False,True,and,0.8269508768180031,0.42270143612132305,0.40424944069667995
-0.10157912868887362,0.375,-0.05215687348654442,0.0,-0.368807579085669,,ZW.v.0,16,16,13.182285342538613,False,False,False,False,0,False,27.138000479213247,77.94166190900121,-50.803661429787965,cme_futures,1d,TEMA_50~DEMA_50|vote,wide,fixed_combo,14.0,0.0,False,False,True,vote,0.8269508768180031,0.42270143612132305,0.40424944069667995
-0.10203844558503702,0.4375,-0.08006086162202958,0.0,-0.37047524009727334,,NG.v.0,16,16,13.182285342538613,False,False,False,False,0,False,16.464238091316986,77.94166190900121,-61.477423817684226,cme_futures,1d,ADX~DEMA_50|gate,wide,fixed_combo,14.0,0.0,False,False,True,gate,1.0,0.45850159217640624,0.5414984078235937
-0.10203844558503702,0.4375,-0.08006086162202958,0.0,-0.37047524009727334,,NG.v.0,16,16,13.182285342538613,False,False,False,False,0,False,16.464238091316986,77.94166190900121,-61.477423817684226,cme_futures,1d,ADX~LINEARREG_100|gate,wide,fixed_combo,14.0,0.0,False,False,True,gate,1.0,0.45850159217640624,0.5414984078235937
-0.10203844558503702,0.4375,-0.08006086162202958,0.0,-0.37047524009727334,,NG.v.0,16,16,13.182285342538613,False,False,False,False,0,False,16.464238091316986,77.94166190900121,-61.477423817684226,cme_futures,1d,ADX~TEMA_100|gate,wide,fixed_combo,14.0,0.0,False,False,True,gate,1.0,0.45850159217640624,0.5414984078235937
-0.10203844558503702,0.4375,-0.08006086162202958,0.0,-0.37047524009727334,,NG.v.0,16,16,13.182285342538613,False,False,False,False,0,False,16.464238091316986,77.94166190900121,-61.477423817684226,cme_futures,1d,ADX~TEMA_50|gate,wide,fixed_combo,14.0,0.0,False,False,True,gate,1.0,0.45850159217640624,0.5414984078235937
-0.10203844558503702,0.4375,-0.08006086162202958,0.0,-0.37047524009727334,,NG.v.0,16,16,13.182285342538613,False,False,False,False,0,False,16.464238091316986,77.94166190900121,-61.477423817684226,cme_futures,1d,ADX~TSF_100|gate,wide,fixed_combo,14.0,0.0,False,False,True,gate,1.0,0.45850159217640624,0.5414984078235937
-0.10203844558503702,0.4375,-0.08006086162202958,0.0,-0.37047524009727334,,NG.v.0,16,16,13.182285342538613,False,False,False,False,0,False,16.464238091316986,77.94166190900121,-61.477423817684226,cme_futures,1d,ADX~TSF_21|gate,wide,fixed_combo,14.0,0.0,False,False,True,gate,1.0,0.45850159217640624,0.5414984078235937
-0.10203844558503702,0.4375,-0.08006086162202958,0.0,-0.37047524009727334,,NG.v.0,16,16,13.182285342538613,False,False,False,False,0,False,16.464238091316986,77.94166190900121,-61.477423817684226,cme_futures,1d,ADX~TSF_21|or,wide,fixed_combo,14.0,0.0,False,False,True,or,1.0,0.45850159217640624,0.5414984078235937
-0.1087894671163944,0.25,-0.06075290938565851,0.0,-0.39498645553564576,,ZW.v.0,16,16,13.182285342538613,False,False,False,False,0,False,-5.501386131148179,77.94166190900121,-83.44304804014939,cme_futures,1d,TEMA_50~MININDEX|gate,wide,fixed_combo,14.0,0.0,False,False,True,gate,0.8515855548050951,0.40126616542010846,0.45031938938498667
-0.10993083197599936,0.375,-0.08805061728216995,0.0,-0.39913045653425316,,NG.v.0,16,16,13.182285342538613,False,False,False,False,0,False,52.03677292358683,77.94166190900121,-25.90488898541438,cme_futures,1d,MININDEX~ADX|and,wide,fixed_combo,14.0,0.0,False,False,True,and,0.40470834231494734,0.40470834231494734,0.0
-0.11196475449383186,0.3125,-0.0691191820150101,0.0,-0.4065151038484391,,NG.v.0,16,16,13.182285342538613,False,False,False,False,0,False,0.9349864821714657,77.94166190900121,-77.00667542682974,cme_futures,1d,DEMA_50~MININDEX|gate,wide,fixed_combo,14.0,0.0,False,False,True,gate,0.8515855548050951,0.4068318238122412,0.444753730992854
-0.11333509182048093,0.3125,-0.07716242523186802,0.0,-0.4114904447328852,,NG.v.0,16,16,13.182285342538613,False,False,False,False,0,False,33.57559853869057,77.94166190900121,-44.36606337031064,cme_futures,1d,DEMA_50~ADX|and,wide,fixed_combo,14.0,0.0,False,False,True,and,0.4972171440117795,0.234618933187327,0.26259821082445256
-0.11333509182048093,0.3125,-0.07716242523186802,0.0,-0.4114904447328852,,NG.v.0,16,16,13.182285342538613,False,False,False,False,0,False,33.57559853869057,77.94166190900121,-44.36606337031064,cme_futures,1d,DEMA_50~ADX|vote,wide,fixed_combo,14.0,0.0,False,False,True,vote,0.4972171440117795,0.234618933187327,0.26259821082445256
-0.11602690196328881,0.375,-0.07578323961936781,0.0,-0.4212637120855512,,ZW.v.0,16,16,13.182285342538613,False,False,False,False,0,False,28.529902609850843,77.94166190900121,-49.41175929915037,cme_futures,1d,TEMA_50~ADX|and,wide,fixed_combo,14.0,0.0,False,False,True,and,0.5038292643861781,0.23363186090037966,0.27019740348579846
-0.11602690196328881,0.375,-0.07578323961936781,0.0,-0.4212637120855512,,ZW.v.0,16,16,13.182285342538613,False,False,False,False,0,False,28.529902609850843,77.94166190900121,-49.41175929915037,cme_futures,1d,TEMA_50~ADX|vote,wide,fixed_combo,14.0,0.0,False,False,True,vote,0.5038292643861781,0.23363186090037966,0.27019740348579846
-0.11759416361446913,0.25,-0.06290499456306403,0.0,-0.42695403432818463,,NG.v.0,16,16,13.182285342538613,False,False,False,False,0,False,93.41629876496391,77.94166190900121,15.4746368559627,cme_futures,1d,TSF_100~TSF_21|and,wide,fixed_combo,14.0,0.0,False,False,True,and,0.5205587446699331,0.2664746876035421,0.25408405706639103
-0.11759416361446913,0.25,-0.06290499456306403,0.0,-0.42695403432818463,,NG.v.0,16,16,13.182285342538613,False,False,False,False,0,False,93.41629876496391,77.94166190900121,15.4746368559627,cme_futures,1d,TSF_100~TSF_21|vote,wide,fixed_combo,14.0,0.0,False,False,True,vote,0.5205587446699331,0.2664746876035421,0.25408405706639103
-0.12347069749700791,0.3125,-0.06841766075781987,0.0,-0.4482902109877845,,NG.v.0,16,16,13.182285342538613,False,False,False,False,0,False,87.01327220290811,77.94166190900121,9.0716102939069,cme_futures,1d,LINEARREG_100~TSF_21|and,wide,fixed_combo,14.0,0.0,False,False,True,and,0.518997087753218,0.2660723883265498,0.25292469942666823
-0.12347069749700791,0.3125,-0.06841766075781987,0.0,-0.4482902109877845,,NG.v.0,16,16,13.182285342538613,False,False,False,False,0,False,87.01327220290811,77.94166190900121,9.0716102939069,cme_futures,1d,LINEARREG_100~TSF_21|vote,wide,fixed_combo,14.0,0.0,False,False,True,vote,0.518997087753218,0.2660723883265498,0.25292469942666823
-0.12799541865799835,0.3125,-0.10229353331080884,0.0,-0.46471830481928206,,NG.v.0,16,16,13.182285342538613,False,False,False,False,0,False,-3.5168353518586595,77.94166190900121,-81.45849726085987,cme_futures,1d,ADX~MININDEX|gate,wide,fixed_combo,14.0,0.0,False,False,True,gate,0.8515855548050951,0.40470834231494734,0.4468772124901478
-0.1331369819970096,0.3125,-0.07537361147413525,0.0,-0.4833859932731216,,NG.v.0,16,16,13.182285342538613,False,False,False,False,0,False,36.0754218410234,77.94166190900121,-41.86624006797781,cme_futures,1d,TEMA_100~TSF_21|and,wide,fixed_combo,14.0,0.0,False,False,True,and,0.5482927014650959,0.2793647695425647,0.2689279319225312
-0.1331369819970096,0.3125,-0.07537361147413525,0.0,-0.4833859932731216,,NG.v.0,16,16,13.182285342538613,False,False,False,False,0,False,36.0754218410234,77.94166190900121,-41.86624006797781,cme_futures,1d,TEMA_100~TSF_21|vote,wide,fixed_combo,14.0,0.0,False,False,True,vote,0.5482927014650959,0.2793647695425647,0.2689279319225312
-0.15109190821384003,0.25,-0.08725183533113454,0.0,-0.5485756927336601,,ZW.v.0,16,16,13.182285342538613,False,False,False,False,0,False,10.314522174906346,77.94166190900121,-67.62713973409487,cme_futures,1d,TEMA_50~TSF_21|and,wide,fixed_combo,14.0,0.0,False,False,True,and,0.6681456433496874,0.33632034983236747,0.33182529351731993
-0.15109190821384003,0.25,-0.08725183533113454,0.0,-0.5485756927336601,,ZW.v.0,16,16,13.182285342538613,False,False,False,False,0,False,10.314522174906346,77.94166190900121,-67.62713973409487,cme_futures,1d,TEMA_50~TSF_21|vote,wide,fixed_combo,14.0,0.0,False,False,True,vote,0.6681456433496874,0.33632034983236747,0.33182529351731993
-0.15351855459246502,0.375,-0.09156151595081956,0.0,-0.5573862189485372,,NG.v.0,16,16,13.182285342538613,False,False,False,False,0,False,24.256574456613205,77.94166190900121,-53.685087452388004,cme_futures,1d,DEMA_50~TSF_21|and,wide,fixed_combo,14.0,0.0,False,False,True,and,0.5883541655726602,0.30071774341800045,0.2876364221546597
-0.15351855459246502,0.375,-0.09156151595081956,0.0,-0.5573862189485372,,NG.v.0,16,16,13.182285342538613,False,False,False,False,0,False,24.256574456613205,77.94166190900121,-53.685087452388004,cme_futures,1d,DEMA_50~TSF_21|vote,wide,fixed_combo,14.0,0.0,False,False,True,vote,0.5883541655726602,0.30071774341800045,0.2876364221546597
-0.1581349090878597,0.1875,-0.10098744552442313,0.0,-0.5741470097490026,,ZW.v.0,16,16,13.182285342538613,False,False,False,False,0,False,43.08263108793368,77.94166190900121,-34.859030821067535,cme_futures,1d,MININDEX~TSF_21|and,wide,fixed_combo,14.0,0.0,False,False,True,and,0.44947787604840395,0.44947787604840395,0.0
-0.158665298879974,0.25,-0.09034781433061936,0.0,-0.576072718088169,,NG.v.0,16,16,13.182285342538613,False,False,False,False,0,False,27.530987014301495,77.94166190900121,-50.41067489469972,cme_futures,1d,MININDEX~TSF_21|vote,wide,fixed_combo,14.0,0.0,False,False,True,vote,0.5978923212433088,0.4995621910768726,0.09833013016643623
-0.1600504677742166,0.1875,-0.11045346772257007,0.0,-0.5811019085636564,,NG.v.0,16,16,13.182285342538613,False,False,False,False,0,False,11.520352863327615,77.94166190900121,-66.4213090456736,cme_futures,1d,ADX~TSF_21|and,wide,fixed_combo,14.0,0.0,False,False,True,and,0.5041995321806755,0.2311316577169772,0.27306787446369835
-0.1600504677742166,0.1875,-0.11045346772257007,0.0,-0.5811019085636564,,NG.v.0,16,16,13.182285342538613,False,False,False,False,0,False,11.520352863327615,77.94166190900121,-66.4213090456736,cme_futures,1d,ADX~TSF_21|vote,wide,fixed_combo,14.0,0.0,False,False,True,vote,0.5041995321806755,0.2311316577169772,0.27306787446369835
-0.18064860847977657,0.25,-0.11403336605319657,0.0,-0.6558884371088224,,NG.v.0,16,16,13.182285342538613,False,False,False,False,0,False,-18.845976205760497,77.94166190900121,-96.7876381147617,cme_futures,1d,TSF_21~ADX|gate,wide,fixed_combo,14.0,0.0,False,False,True,gate,1.0,0.4995621910768726,0.5004378089231274
-0.18064860847977657,0.25,-0.11403336605319657,0.0,-0.6558884371088224,,NG.v.0,16,16,13.182285342538613,False,False,False,False,0,False,-18.845976205760497,77.94166190900121,-96.7876381147617,cme_futures,1d,TSF_21~DEMA_50|gate,wide,fixed_combo,14.0,0.0,False,False,True,gate,1.0,0.4995621910768726,0.5004378089231274
-0.18064860847977657,0.25,-0.11403336605319657,0.0,-0.6558884371088224,,NG.v.0,16,16,13.182285342538613,False,False,False,False,0,False,-18.845976205760497,77.94166190900121,-96.7876381147617,cme_futures,1d,TSF_21~LINEARREG_100|gate,wide,fixed_combo,14.0,0.0,False,False,True,gate,1.0,0.4995621910768726,0.5004378089231274
-0.18064860847977657,0.25,-0.11403336605319657,0.0,-0.6558884371088224,,NG.v.0,16,16,13.182285342538613,False,False,False,False,0,False,-18.845976205760497,77.94166190900121,-96.7876381147617,cme_futures,1d,TSF_21~TEMA_100|gate,wide,fixed_combo,14.0,0.0,False,False,True,gate,1.0,0.4995621910768726,0.5004378089231274
-0.18064860847977657,0.25,-0.11403336605319657,0.0,-0.6558884371088224,,NG.v.0,16,16,13.182285342538613,False,False,False,False,0,False,-18.845976205760497,77.94166190900121,-96.7876381147617,cme_futures,1d,TSF_21~TEMA_50|gate,wide,fixed_combo,14.0,0.0,False,False,True,gate,1.0,0.4995621910768726,0.5004378089231274
-0.18064860847977657,0.25,-0.11403336605319657,0.0,-0.6558884371088224,,NG.v.0,16,16,13.182285342538613,False,False,False,False,0,False,-18.845976205760497,77.94166190900121,-96.7876381147617,cme_futures,1d,TSF_21~TSF_100|gate,wide,fixed_combo,14.0,0.0,False,False,True,gate,1.0,0.4995621910768726,0.5004378089231274
-0.18336068028027935,0.1875,-0.11818663484058126,0.0,-0.6657352693071331,,ZW.v.0,16,16,13.182285342538613,False,False,False,False,0,False,-12.438688055044013,77.94166190900121,-90.38034996404522,cme_futures,1d,TSF_21~MININDEX|gate,wide,fixed_combo,14.0,0.0,False,False,True,gate,0.8515855548050951,0.44947787604840395,0.4021076787566912
