timeframe,cost_bps,indicator,n_tickers,total_pnl_dollars,avg_total_return,median_total_return,avg_cagr,avg_sharpe,avg_max_drawdown,avg_excess_sharpe,avg_excess_cagr,beat_buyhold_rate,win_rate,avg_exposure,avg_turnover,avg_trades,n_sharpe,rankable,generic_fallback,is_baseline
1h,0.0,ACCBANDS,20,-60613.06438938012,-0.3030653219469006,-0.44435300026742647,-0.0812573398512824,-0.16523664185447434,-0.6739322569824304,-0.8323918534588515,-0.2711343480661029,0.0,0.15,0.9971011375251854,62.59803532865472,206.25,20,True,False,False
1h,0.0,ACOS,20,0.0,0.0,0.0,0.0,,0.0,,-0.1898770082148205,0.0,0.0,0.0,0.0,0.0,0,False,True,False
1h,0.0,AD,20,-72782.43989412223,-0.36391219947061115,-0.7000922539612753,-0.10839561010418253,-0.2600812126319757,-0.7098369387738447,-0.9272364242363528,-0.2982726183190031,0.0,0.2,0.9931276581931806,406.81876210723493,1341.3,20,True,False,False
1h,0.0,ADD,20,8343.725196951977,0.041718625984759894,-0.2797761672576334,-0.030464222307722267,0.006682104326092367,-0.6387011024532826,-0.6604731072782848,-0.22034123052254279,0.0,0.35,0.9983533885040105,326.49858001142536,1073.65,20,True,True,False
1h,0.0,ADOSC,20,6311.385038215338,0.03155692519107666,-0.4723280863647789,-0.08188145272540456,-0.20534762321777728,-0.7040125220493187,-0.8725028348221546,-0.2717584609402251,0.0,0.2,0.9992200261334787,370.7355595426437,1219.05,20,True,False,False
1h,0.0,ADX,20,-2565.7024629398943,-0.012828512314699475,-0.16324560708675634,-0.03226355191145719,0.03739271130866366,-0.5992529218225731,-0.6297625002957136,-0.22214056012627773,0.05,0.25,0.9960134669044465,204.13199436835964,671.45,20,True,True,False
1h,0.0,ADXR,20,3442.961947988062,0.01721480973994032,-0.06321169069489407,-0.02078062617617118,0.06210764971139258,-0.6104820014438073,-0.6050475618929847,-0.2106576343909917,0.1,0.45,0.9948868379861378,175.8830081808593,578.6,20,True,True,False
1h,0.0,APO,20,-49451.66089306853,-0.24725830446534264,-0.40117945084475104,-0.0596627370262333,-0.057364894836520665,-0.6368252700108568,-0.7245201064408979,-0.2495397452410538,0.0,0.3,0.9978334059263295,146.26490817797622,481.25,20,True,False,False
1h,0.0,AROON,20,-11169.729385397068,-0.055848646926985365,-0.2984005057535827,-0.05697062404975608,-0.1153172117816478,-0.6415769861507991,-0.782472423386025,-0.2468476322645766,0.0,0.2,0.9903453151031947,226.46342950587353,771.15,20,True,False,False
1h,0.0,AROONOSC,20,-11169.729385397068,-0.055848646926985365,-0.2984005057535827,-0.05697062404975608,-0.1153172117816478,-0.6415769861507991,-0.782472423386025,-0.2468476322645766,0.0,0.2,0.9903453151031947,226.46342950587353,771.15,20,True,False,False
1h,0.0,ASIN,20,0.0,0.0,0.0,0.0,,0.0,,-0.1898770082148205,0.0,0.0,0.0,0.0,0.0,0,False,True,False
1h,0.0,ATAN,20,779.9712372663735,0.0038998561863318572,-0.3421533232122141,-0.0403534733668138,-0.044345416474445655,-0.6480554161848228,-0.7115006280788229,-0.23023048158163434,0.0,0.25,0.9983533885040105,366.29360520870426,1204.45,20,True,True,False
1h,0.0,ATR,20,-94122.77468667057,-0.4706138734333528,-0.5980273292576853,-0.14204823851743287,-0.3673093709667367,-0.7313018458917565,-1.034464582571114,-0.33192524673225343,0.05,0.1,0.997140095822755,449.4280609723617,1477.7,20,True,True,False
1h,0.0,AVGDEV,20,-23006.843584567272,-0.11503421792283637,-0.37729686811399527,-0.040321961713659045,-0.028224636672097625,-0.6516775139975468,-0.6953798482764748,-0.23019896992847957,0.05,0.3,0.997226759585702,302.5089969653581,994.8,20,True,True,False
1h,0.0,AVGPRICE,20,-63608.50643959904,-0.3180425321979952,-0.5545923960895665,-0.12517369748619261,-0.33868190561285233,-0.7339899749915718,-1.0058371172172296,-0.3150507057010131,0.0,0.2,0.9996100275522842,1755.7721778083621,5775.9,20,True,False,False
1h,0.0,BBANDS,20,0.0,0.0,0.0,0.0,,0.0,,-0.1898770082148205,0.0,0.0,0.0,0.0,0.0,0,False,False,False
1h,0.0,BETA,20,-147751.12039824002,-0.7387556019912,-0.7644943743722569,-0.22259961265484446,-0.6473483728685366,-0.8192933148271628,-1.3145035844729138,-0.412476620869665,0.0,0.0,0.9844481923804599,225.7638109085088,742.55,20,True,False,False
1h,0.0,BOP,20,-69174.59158599655,-0.34587295792998274,-0.5484396878045894,-0.10699598525320944,-0.26063101444929,-0.7100456103122685,-0.9277862260536672,-0.29687299346803,0.0,0.2,0.9956017805104936,1750.7674150633998,5805.05,20,True,False,False
1h,0.0,BUYHOLD,20,718185.3942717676,3.5909269713588374,1.7943100201655624,0.1898770082148205,0.6671552116043772,-0.4554195849588095,0.0,0.0,0.0,1.0,1.0,0.15212159234987555,1.0,20,True,False,True
1h,0.0,CCI,20,347273.51440678496,1.7363675720339249,-0.32674094396759623,-0.016142404444459652,-0.020805584838999188,-0.6360862557039433,-0.6879607964433764,-0.20601941265928017,0.05,0.25,0.9988733710816913,390.3744514590536,1283.6,20,True,False,False
1h,0.0,CDL2CROWS,20,-1694.6401977019698,-0.008473200988509849,-0.0012352422726834567,-0.0013411472183462447,-0.11912726208407476,-0.02339553566499929,-0.7938497991783016,-0.19121815543316675,0.0,0.4,0.0014300236269152345,0.8366679036747243,5.5,19,True,False,False
1h,0.0,CDL3BLACKCROWS,20,1461.0589553338173,0.007305294776669085,-0.0019213629053653203,0.0009949430728053432,-0.03444001435569868,-0.023706610799460136,-0.6900333480455545,-0.18888206514201517,0.0,0.4,0.001299984585065582,0.7606070393084547,5.0,19,True,False,False
1h,0.0,CDL3INSIDE,20,-13066.160609884828,-0.06533080304942414,-0.056144849768999194,-0.01259227147393171,-0.16408677754501672,-0.21392448839858677,-0.8312419891493938,-0.20246927968875222,0.0,0.2,0.04753149394641084,27.792613946894953,180.1,20,True,False,False
1h,0.0,CDL3LINESTRIKE,20,4372.858942463115,0.02186429471231558,0.046018674225539624,0.0023980921249233565,0.08147924117274442,-0.10205733210704242,-0.5856759704316328,-0.18747891608989717,0.0,0.7,0.019521531156189615,11.386301431417975,74.65,20,True,False,False
1h,0.0,CDL3OUTSIDE,20,-12192.17171974315,-0.060960858598715736,-0.27563026238785154,-0.03162624652682615,-0.18870382653653958,-0.4164458168361861,-0.8558590381409168,-0.22150325474164667,0.0,0.15,0.24873203496997612,144.17321909650744,879.8,20,True,False,False
1h,0.0,CDL3STARSINSOUTH,20,0.0,0.0,0.0,0.0,,0.0,,-0.1898770082148205,0.0,0.0,0.0,0.0,0.0,0,False,False,False
1h,0.0,CDL3WHITESOLDIERS,20,-1948.5594590345913,-0.009742797295172956,-0.0042743924452263715,-0.0016319858470664305,-0.014506100931887641,-0.06734419971661355,-0.6816613125362648,-0.19150899406188696,0.0,0.45,0.00637430774134512,3.6965553237352466,24.3,20,True,False,False
1h,0.0,CDLABANDONEDBABY,20,141.94135163186905,0.0007097067581593453,0.0,0.00010731853137638803,0.21466362648632878,-0.0005515151754329761,-0.6416990069514916,-0.18976968968344413,0.0,0.05,2.6003293750541735e-05,0.015212278229219727,0.1,1,False,False,False
1h,0.0,CDLADVANCEBLOCK,20,-24737.346278453973,-0.12368673139226985,-0.09135913103059934,-0.023236298744396828,-0.19493058098684327,-0.2533526360262731,-0.8620857925912204,-0.21311330695921735,0.0,0.25,0.07082542284966117,39.658100199377465,260.7,20,True,False,False
1h,0.0,CDLBELTHOLD,20,-4566.022321898357,-0.022830111609491787,-0.21611872096944196,-0.03370403748395969,-0.06597109498575152,-0.5785403996704668,-0.7331263065901287,-0.2235810456987802,0.0,0.25,0.6284823685923963,366.324044336263,1867.6,20,True,False,False
1h,0.0,CDLBREAKAWAY,20,-365.0987762303659,-0.0018254938811518295,0.0,-0.00028086866599236204,-0.1691046623635725,-0.004890465922867682,-0.8154291174020093,-0.1901578768808129,0.0,0.1,0.00015599273205459937,0.0912734040422816,0.6,5,False,False,False
1h,0.0,CDLCLOSINGMARUBOZU,20,13139.785771345507,0.06569892885672753,-0.2616247925966156,-0.02183051477727995,-0.011023641313851196,-0.5519671487276638,-0.6781788529182284,-0.21170752299210047,0.05,0.35,0.5808769276588864,334.8881029884689,1767.65,20,True,False,False
1h,0.0,CDLCONCEALBABYSWALL,20,-43.569177045797986,-0.00021784588522898995,0.0,-3.439233797535302e-05,0.017835260144975024,-0.0011051612898298035,-0.8702202824333158,-0.18991140055279587,0.0,0.05,5.198856407752691e-05,0.030424291582166817,0.2,2,False,False,False
1h,0.0,CDLCOUNTERATTACK,20,-590.3816095020986,-0.002951908047510493,-0.0019888880501270356,-0.0004716928700349565,-0.09562099257862007,-0.015459877661971466,-0.7517748538318095,-0.19034870108485547,0.0,0.45,0.001356255528577932,0.8062457177301907,5.25,19,True,False,False
1h,0.0,CDLDARKCLOUDCOVER,20,-1682.2672902590898,-0.008411336451295447,-0.004262568826989777,-0.0014773686308002742,-0.10370010504227793,-0.052393510520066446,-0.7708553166466551,-0.1913543768456208,0.0,0.45,0.006673223698098425,3.894312558777225,25.6,20,True,False,False
1h,0.0,CDLDOJI,20,552854.7038746304,2.7642735193731522,1.4143070924481913,0.1578594875927923,0.6693384806515891,-0.37666810940484496,0.0021832690472118194,-0.032017520622028214,0.3,0.85,0.6274049590992725,198.86094732611537,1307.25,20,True,False,False
1h,0.0,CDLDOJISTAR,20,-9123.336877340369,-0.04561668438670185,-0.14324961274568182,-0.0102451666836459,-0.07419861033388372,-0.2409503130589094,-0.7413538219382609,-0.20012217489846643,0.0,0.35,0.0915641407850319,52.71772222856108,338.85,20,True,False,False
1h,0.0,CDLDRAGONFLYDOJI,20,72934.53416729458,0.36467267083647287,0.30762072481169733,0.04663365977883627,0.4978072316019465,-0.19289711713439436,-0.16934798000243073,-0.14324334843598424,0.0,1.0,0.1248869890140722,67.51156627682042,443.8,20,True,False,False
1h,0.0,CDLENGULFING,20,32182.123960032157,0.16091061980016075,-0.5060135481262275,-0.07305787181313214,-0.27289370012884107,-0.6270587008374335,-0.9400489117332181,-0.2629348800279527,0.1,0.2,0.5583385365650568,331.01665906788344,1741.15,20,True,False,False
1h,0.0,CDLEVENINGDOJISTAR,20,-2253.461304336111,-0.011267306521680554,-0.00829224470566492,-0.0021145068782592756,-0.03256962687147805,-0.07014829993954712,-0.6997248384758553,-0.1919915150930798,0.0,0.4,0.007903734351205635,4.578859256046938,30.1,20,True,False,False
1h,0.0,CDLEVENINGSTAR,20,-2929.0488606009403,-0.014645244303004701,0.013168311442181224,-0.0032210841375910847,-0.013139193090665616,-0.12869445817263758,-0.6802944046950428,-0.1930980923524116,0.0,0.6,0.02375009964643411,13.72136363745937,90.2,20,True,False,False
1h,0.0,CDLGAPSIDESIDEWHITE,20,2227.1867637116607,0.011135933818558302,0.008562726855381952,0.0014472799359792287,0.05635663389970178,-0.0746979438687806,-0.6107985777046754,-0.18842972827884127,0.0,0.6,0.010975911799692883,6.3662888548330985,41.75,20,True,False,False
1h,0.0,CDLGRAVESTONEDOJI,20,30564.22873090684,0.1528211436545342,0.1472984712797727,0.018411174426955963,0.20464609227956174,-0.21526289478188887,-0.4625091193248155,-0.17146583378786456,0.0,0.65,0.11562197545761246,62.71211867900156,412.25,20,True,False,False
1h,0.0,CDLHAMMER,20,79412.916209811,0.39706458104905507,0.45804815284258693,0.04706503624593725,0.4408578586793883,-0.2531660457077559,-0.22629735292498893,-0.14281197196888326,0.05,0.75,0.17367819669287127,91.45550881492827,601.2,20,True,False,False
1h,0.0,CDLHANGINGMAN,20,-41890.11535558356,-0.20945057677791779,-0.2462468684348545,-0.039517920600064024,-0.36641760710277627,-0.33389684871777336,-1.0335728187071536,-0.22939492881488452,0.0,0.2,0.10729514435034355,58.178911495763735,382.45,20,True,False,False
1h,0.0,CDLHARAMI,20,1826.2947814395961,0.00913147390719798,-0.05127413521709534,-0.0069617291522485695,0.05220111925533666,-0.4352380292302751,-0.6149540923490406,-0.19683873736706908,0.0,0.4,0.34555705708195594,193.24010622316197,1162.45,20,True,False,False
1h,0.0,CDLHARAMICROSS,20,20290.825414364088,0.10145412707182044,0.035906971654666386,0.009809892358531308,0.14599445992416646,-0.22581846302658876,-0.5211607516802108,-0.1800671158562892,0.05,0.55,0.10108932406799612,58.39950297306153,375.4,20,True,False,False
1h,0.0,CDLHIGHWAVE,20,37658.593057519174,0.18829296528759587,-0.01554454453394899,0.01541670626602396,0.16754362981115306,-0.448707743063766,-0.4996115817932242,-0.17446030194879655,0.05,0.45,0.5521275334422601,318.3220183244363,1691.95,20,True,False,False
1h,0.0,CDLHIKKAKE,20,-12616.27596891342,-0.06308137984456712,-0.22043342464430993,-0.03409839658163126,-0.005004195914143028,-0.5564943617091991,-0.6721594075185202,-0.22397540479645178,0.0,0.25,0.6199431379622412,311.02015697752773,1673.35,20,True,False,False
1h,0.0,CDLHIKKAKEMOD,20,4389.0951532761765,0.021945475766380885,0.013750573646067688,0.0030470137649718397,0.10203512736545042,-0.07255219872280694,-0.5651200842389268,-0.18682999444984869,0.0,0.65,0.012362941588260897,6.556437727384017,43.05,20,True,False,False
1h,0.0,CDLHOMINGPIGEON,20,6730.547810582559,0.03365273905291279,0.04068166839047094,0.00453549925420037,0.22269279203170034,-0.05922390158770112,-0.4444624195726769,-0.18534150896062015,0.0,0.65,0.00939040115893169,5.430739980729511,35.7,20,True,False,False
1h,0.0,CDLIDENTICAL3CROWS,20,-487.6051238283376,-0.002438025619141687,-0.019138156028185305,-0.0009297079338599467,-0.040856879084898635,-0.08410037137849218,-0.7080120906892758,-0.19080671614868047,0.0,0.4,0.009511467356681616,5.430741022974599,35.7,20,True,False,False
1h,0.0,CDLINNECK,20,258.344700510672,0.0012917235025533603,0.0036479000574433096,0.000167018588909823,0.07328535279552896,-0.0210908339175581,-0.5905969646352457,-0.1897099896259107,0.0,0.55,0.0018199693331948888,1.0648507520427892,7.0,19,True,False,False
1h,0.0,CDLINVERTEDHAMMER,20,18484.32156021245,0.09242160780106226,0.07228043792060657,0.010329073546871775,0.14554373734228948,-0.18137900701518408,-0.5216114742620878,-0.17954793466794874,0.0,0.6,0.048544497120702766,27.48076193489735,180.65,20,True,False,False
1h,0.0,CDLKICKING,20,-115.12320590422954,-0.0005756160295211476,0.0,-8.799473650792367e-05,-0.3334110233617003,-0.0007627746029664984,-1.2729890430357735,-0.18996500295132845,0.0,0.0,2.6037146328762368e-05,0.015212279945951517,0.1,1,False,False,False
1h,0.0,CDLKICKINGBYLENGTH,20,-115.12320590422954,-0.0005756160295211476,0.0,-8.799473650792367e-05,-0.3334110233617003,-0.0007627746029664984,-1.2729890430357735,-0.18996500295132845,0.0,0.0,2.6037146328762368e-05,0.015212279945951517,0.1,1,False,False,False
1h,0.0,CDLLADDERBOTTOM,20,6102.4556551656715,0.030512278275828357,0.020865012702963592,0.004426238546102213,0.2536621316485629,-0.03476931302785212,-0.4134930799558143,-0.1854507696687183,0.0,0.65,0.0073059669689453325,4.274614762854734,28.1,20,True,False,False
1h,0.0,CDLLONGLEGGEDDOJI,20,552449.9227346254,2.7622496136731267,1.3861282743209293,0.157461226670006,0.6671641817115794,-0.37677228334103674,8.97010720224689e-06,-0.03241578154481451,0.3,0.85,0.6267289646376033,198.90658363402397,1307.55,20,True,False,False
1h,0.0,CDLLONGLINE,20,-40883.93943865857,-0.20441969719329287,-0.42393289325803024,-0.0654838521077978,-0.15624632272880926,-0.6479238560933179,-0.8234015343331865,-0.25536086032261834,0.0,0.25,0.7195040498497786,430.3063920258422,2056.4,20,True,False,False
1h,0.0,CDLMARUBOZU,20,32805.37269910038,0.1640268634955019,-0.1008828018677344,0.0027194584825045555,0.05728776766618356,-0.37556641433168725,-0.6098674439381936,-0.18715754973231596,0.05,0.45,0.2729571719000065,157.46870074852464,953.3,20,True,False,False
1h,0.0,CDLMATCHINGLOW,20,37723.34312647299,0.18861671563236493,0.18726732948773028,0.02228080467204932,0.2773623444619803,-0.2192281175877532,-0.3897928671423968,-0.16759620354277122,0.0,0.65,0.10021323538562113,54.93869885696662,361.15,20,True,False,False
1h,0.0,CDLMATHOLD,20,0.0,0.0,0.0,0.0,,0.0,,-0.1898770082148205,0.0,0.0,0.0,0.0,0.0,0,False,False,False
1h,0.0,CDLMORNINGDOJISTAR,20,5052.356552050949,0.02526178276025474,0.018028653698295094,0.003269519777075969,0.08102625357978106,-0.058328778584701556,-0.5861289580245962,-0.18660748843774455,0.0,0.6,0.008155053351858305,4.746190355078568,31.2,20,True,False,False
1h,0.0,CDLMORNINGSTAR,20,-1643.6748228626834,-0.00821837411431342,-0.04327003146755526,-0.002365530799095905,-0.11420228637250016,-0.12147836647936996,-0.7813574979768774,-0.1922425390139164,0.0,0.4,0.022320271170428913,12.892296340675722,84.75,20,True,False,False
1h,0.0,CDLONNECK,20,-85.83754073519106,-0.0004291877036759539,-0.0019989760395733303,-0.0001748905690914071,0.06247200540166474,-0.033904099720724445,-0.6046832062027125,-0.19005189878391193,0.0,0.5,0.002937987168412137,1.7189744862248553,11.3,20,True,False,False
1h,0.0,CDLPIERCING,20,1464.1316765953793,0.007320658382976897,0.016081431692185233,0.0010261153705812208,0.09814077411887734,-0.03303513967926764,-0.5690144374854998,-0.1888508928442393,0.0,0.6,0.004827450076413365,2.814252442143902,18.5,20,True,False,False
1h,0.0,CDLRICKSHAWMAN,20,288988.8364117558,1.4449441820587792,0.7089584317099165,0.11372415934989277,0.5481846613981894,-0.3540329760127009,-0.11897055020618774,-0.07615284886492775,0.15,0.9,0.5125271328711736,193.9930487903602,1275.25,20,True,False,False
1h,0.0,CDLRISEFALL3METHODS,20,-4116.420421113124,-0.02058210210556562,-0.020813380097702228,-0.003241948090255553,-0.2614417242527206,-0.037147292913906664,-0.9285969358570979,-0.19311895630507608,0.0,0.15,0.0029117201964022365,1.703763250473239,11.2,20,True,False,False
1h,0.0,CDLSEPARATINGLINES,20,-11576.063817266819,-0.057880319086334085,-0.05964095309845935,-0.011874683946160768,-0.13636279071820934,-0.1924795206296886,-0.8035180023225866,-0.2017516921609813,0.0,0.2,0.031995709005932696,18.726167976411254,121.85,20,True,False,False
1h,0.0,CDLSHOOTINGSTAR,20,-12785.783479381387,-0.06392891739690694,-0.036028639358914594,-0.012417224335147964,-0.11828934868476515,-0.2103872542416907,-0.7854445602891423,-0.2022942325499685,0.0,0.35,0.05633221265411311,31.83903713700111,209.3,20,True,False,False
1h,0.0,CDLSHORTLINE,20,-38324.181248783614,-0.1916209062439181,-0.3547198781434203,-0.05867557766865654,-0.11009443577939608,-0.6088787280812595,-0.7772496473837733,-0.24855258588347703,0.05,0.2,0.7103838962551965,438.3991817100085,2060.45,20,True,False,False
1h,0.0,CDLSPINNINGTOP,20,-5095.432773774346,-0.02547716386887173,-0.12744944649925227,-0.0213795589661204,0.060398958542990246,-0.5442057537536116,-0.606756253061387,-0.2112565671809409,0.0,0.45,0.763903120212237,462.2138179483665,2102.85,20,True,False,False
1h,0.0,CDLSTALLEDPATTERN,20,-15379.818230670395,-0.07689909115335197,-0.08574120729127443,-0.013338517675306878,-0.21955626908343598,-0.1479572825802133,-0.8867114806878131,-0.20321552589012742,0.0,0.4,0.022619769183140716,13.067247327256116,85.9,20,True,False,False
1h,0.0,CDLSTICKSANDWICH,20,1222.0564098540865,0.006110282049270432,0.006130122237500757,0.0008618822159581873,0.1093811717913241,-0.02743192847195113,-0.5452431578740029,-0.18901512599886233,0.0,0.55,0.002205681719418541,1.2778226456621693,8.4,18,True,False,False
1h,0.0,CDLTAKURI,20,72623.05801175906,0.3631152900587953,0.35055123397977617,0.04658790168993608,0.4946986975717217,-0.1882115486833381,-0.17245651403265555,-0.1432891065248844,0.0,1.0,0.12169362212929655,65.83823286148633,432.8,20,True,False,False
1h,0.0,CDLTASUKIGAP,20,4053.7605468245024,0.020268802734122515,0.007302763242160393,0.0022521126733400397,0.031146444706164168,-0.0705632424642432,-0.6360087668982131,-0.18762489554148049,0.0,0.55,0.0089135770001014,5.217765441336977,34.25,20,True,False,False
1h,0.0,CDLTHRUSTING,20,23.634185975889295,0.00011817092987944643,-0.0011111426639069943,-0.0002543736542884978,-0.04385966907018607,-0.07190994688638888,-0.7110148806745633,-0.190131381869109,0.0,0.5,0.010209664815277707,5.932744113200343,39.0,20,True,False,False
1h,0.0,CDLTRISTAR,20,1394.2496283546368,0.0069712481417731845,0.0071808939040349795,0.0010180282847072953,0.14227582020135335,-0.027323333103637475,-0.5252748276714325,-0.18885897993011322,0.0,0.65,0.0026390111307148852,1.5820616092566209,10.25,19,True,False,False
1h,0.0,CDLUNIQUE3RIVER,20,187.80166434197338,0.0009390083217098666,0.0025376087752341236,1.611382445147469e-05,0.08910644574358584,-0.02773164580573904,-0.5800392668052684,-0.18986089439036904,0.0,0.5,0.0018460515920593265,1.0800632982387623,7.1,19,True,False,False
1h,0.0,CDLUPSIDEGAP2CROWS,20,105.55116024153156,0.0005277558012076577,0.0,7.971332048803959e-05,0.01167635076821342,-0.0011239974470450165,-0.8988318411487511,-0.18979729489433247,0.0,0.1,7.796933245283926e-05,0.045636304706812986,0.3,3,False,False,False
1h,0.0,CDLXSIDEGAP3METHODS,20,-4863.415496480369,-0.024317077482401844,-0.06844397465927143,-0.007343903125835149,-0.03405708348606147,-0.21254104427657902,-0.7012122950904387,-0.19722091134065567,0.0,0.3,0.056504618622555736,32.84304057046442,212.55,20,True,False,False
1h,0.0,CEIL,20,29416.654307485052,0.14708327153742526,-0.37641525025447864,-0.03897925326897708,-0.07898116351620196,-0.6603801962872176,-0.7461363751205792,-0.2288562614837976,0.0,0.3,0.969276361440019,371.6787403668555,1323.85,20,True,True,False
1h,0.0,CMO,20,70204.32397094337,0.3510216198547168,-0.315163902750226,-0.02912473097269604,-0.05251931273047846,-0.6461455752139222,-0.7196745243348557,-0.2190017391875166,0.05,0.25,0.9987867073187445,344.99659374535554,1134.45,20,True,False,False
1h,0.0,CORREL,20,80724.65209281938,0.40362326046409686,-0.08643947614070352,-0.002643899451694948,0.07108717323663326,-0.6181743857953423,-0.5960680383677439,-0.19252090766651547,0.05,0.4,0.9807216505737466,199.5683257326375,656.45,20,True,True,False
1h,0.0,COS,20,-33286.476331309575,-0.1664323816565479,-0.2647782329938046,-0.061768152102443574,-0.0487313934183832,-0.6552502529431942,-0.7158866050227604,-0.2516451603172641,0.05,0.3,0.9983533885040105,850.1457259651401,2794.8,20,True,True,False
1h,0.0,COSH,20,119485.54725699082,0.5974277362849542,-0.5333656271627458,-0.07362358621775437,-0.23716237727894818,-0.7297041354291756,-0.9043175888833254,-0.2635005944325749,0.05,0.15,0.9896417267469493,364.156426140125,1197.5,20,True,True,False
1h,0.0,DEMA_100,20,46578.779733115145,0.2328938986655757,-0.5137260072245518,-0.0452689086738068,-0.07864398395023631,-0.6397615389298869,-0.7457991955546135,-0.23514591688862732,0.05,0.25,0.9828405749365301,254.18004049085175,835.95,20,True,False,False
1h,0.0,DEMA_1000,20,-66829.11270903633,-0.33414556354518166,-0.4604330931161304,-0.07212155928578816,-0.22552312406202688,-0.5973677630252288,-0.8926783356664041,-0.2619985675006087,0.0,0.1,0.8268458016322588,69.68691065027838,229.55,20,True,False,False
1h,0.0,DEMA_200,20,97940.86314530447,0.4897043157265223,-0.14197257719501094,-0.02286507782714863,-0.0006329304869562062,-0.5769684537166986,-0.6677881420913334,-0.21274208604196915,0.1,0.3,0.9655078223471667,171.04550905136765,562.7,20,True,False,False
1h,0.0,DEMA_21,20,163884.91353118364,0.8194245676559181,-0.5093983240685391,-0.030608477139538133,-0.0616693899225295,-0.6619160976022883,-0.7288246015269066,-0.22048548535435866,0.1,0.25,0.9965334494821272,576.5561261804343,1895.55,20,True,False,False
1h,0.0,DEMA_50,20,78225.72232290209,0.3911286116145104,-0.5273777959195823,-0.05326328553662409,-0.11719813871170699,-0.6556704638093688,-0.7843533503160842,-0.24314029375144464,0.05,0.2,0.9915069512312119,363.7988187420896,1196.25,20,True,False,False
1h,0.0,DEMA_9,20,-10015.672818254801,-0.050078364091273996,-0.3631241881407364,-0.05629869209988973,-0.09778149667074292,-0.6537635692240118,-0.7649367082751202,-0.24617570031471026,0.05,0.2,0.9986133797928509,891.9041713658662,2932.05,20,True,False,False
1h,0.0,DIV,20,-110681.68959316729,-0.5534084479658364,-0.6965784628422809,-0.1582903374143652,-0.42066225399706453,-0.7461027018211535,-1.0878174656014417,-0.3481673456291857,0.05,0.15,0.9980933803420718,1343.6443366777164,4416.95,20,True,True,False
1h,0.0,DX,20,-51353.3881665344,-0.256766940832672,-0.31987081055188066,-0.06481309772759083,-0.1268864548620312,-0.6670656121587338,-0.7940416664664085,-0.2546901059424113,0.0,0.2,0.997140095822755,521.3968478111426,1714.25,20,True,True,False
1h,0.0,EMA_100,20,5742.073284730483,0.028710366423652423,-0.29189225218576464,-0.03176161756093291,-0.011149131082602121,-0.6191908321819265,-0.6783043426869793,-0.22163862577575344,0.0,0.25,0.9914202874682652,173.81414187368765,571.8,20,True,False,False
1h,0.0,EMA_1000,20,33646.95578765628,0.16823477893828137,-0.1676526020909423,-0.022125612029226867,-0.012017986712167836,-0.598034061612229,-0.6791731983165451,-0.2120026202440474,0.05,0.35,0.9134229008161295,49.01358448479543,161.6,20,True,False,False
1h,0.0,EMA_200,20,-23379.488434268707,-0.11689744217134353,-0.44912750770692383,-0.05833710882872485,-0.10571084230162572,-0.6546929984758573,-0.7728660539060029,-0.24821411704354537,0.0,0.25,0.9827539111735832,121.14961709309475,398.7,20,True,False,False
1h,0.0,EMA_21,20,50498.30962929935,0.25249154814649677,-0.3890151386049606,-0.03911327830255351,-0.06738563461217094,-0.6676828441181717,-0.7345408462165481,-0.22899028651737402,0.05,0.3,0.9982667247410637,396.18549188378176,1302.7,20,True,False,False
1h,0.0,EMA_50,20,79592.04291672407,0.39796021458362035,-0.2160489890977375,-0.022494633652515906,-0.002094975281355954,-0.6139865971428011,-0.6692501868857331,-0.21237164186733642,0.05,0.35,0.9957534756156059,247.5018517178466,814.0,20,True,False,False
1h,0.0,EMA_9,20,230756.10719961626,1.1537805359980813,-0.5863566702736716,-0.05312377692751373,-0.1450219400367869,-0.6956707525635432,-0.8121771516411641,-0.24300078514233422,0.05,0.2,0.9993066898964255,618.632935203903,2033.85,20,True,False,False
1h,0.0,EXP,20,118305.15893885822,0.5915257946942911,-0.5333656271627458,-0.0749006252241913,-0.2414035461460707,-0.7297041354291754,-0.908558757750448,-0.26477763343901184,0.05,0.15,0.9896460587518012,364.17164027100335,1197.6,20,True,True,False
1h,0.0,FLOOR,20,39089.6647897993,0.19544832394899644,-0.3792082618227224,-0.03817500129521537,-0.07930255875227939,-0.6597990917215062,-0.7464577703566566,-0.22805200951003587,0.0,0.3,0.9693023519683491,371.8004388520821,1323.95,20,True,True,False
1h,0.0,HT_DCPERIOD,20,-28127.983882893917,-0.14063991941446957,-0.3339270991280535,-0.047259673928684826,-0.03812097450429923,-0.6565631068603799,-0.7052761861086765,-0.23713668214350533,0.0,0.35,0.9955801480897124,196.28248846290947,645.65,20,True,False,False
1h,0.0,HT_DCPHASE,20,14058.803359513853,0.07029401679756928,-0.012356378697689963,-0.003421689179176035,0.13389724898971403,-0.5750815966780929,-0.5332579626146632,-0.19329869739399658,0.0,0.45,0.9928935714383609,284.6195153754551,936.0,20,True,False,False
1h,0.0,HT_PHASOR,20,-53987.89483154503,-0.2699394741577251,-0.6169253375004133,-0.10158724460526011,-0.1958675388494044,-0.7167770076995097,-0.8630227504537815,-0.29146425282008065,0.1,0.25,0.997226759585702,746.0499144634197,2452.65,20,True,False,False
1h,0.0,HT_SINE,20,-66830.80862260316,-0.3341540431130158,-0.42792346068467796,-0.08389524321283341,-0.16271546384921115,-0.6683619992008232,-0.8298706754535884,-0.27377225142765393,0.0,0.1,0.9945401829343504,211.00786085146055,694.05,20,True,False,False
1h,0.0,HT_TRENDLINE,20,169203.19689443146,0.8460159844721575,-0.319232963449596,-0.016645310518578354,-0.006119359260939744,-0.612775269402912,-0.673274570865317,-0.20652231873339888,0.05,0.3,0.9945401829343504,326.01181774635563,1072.05,20,True,False,False
1h,0.0,HT_TRENDMODE,20,507210.1164708674,2.536050582354337,0.6329357408407125,0.12608005660491267,0.5055221293875193,-0.4077353401072624,-0.1616330822168579,-0.06379695160990784,0.15,0.9,0.5671576622474245,178.4994913557921,1173.4,20,True,False,False
1h,0.0,IMI,20,-40029.42956527806,-0.20014714782639026,-0.22332242242246175,-0.06684820640940688,-0.14179608764215884,-0.6657556579208194,-0.8089512992465361,-0.25672521462422737,0.0,0.3,0.9988733710816913,392.6106117378202,1290.95,20,True,False,False
1h,0.0,KAMA_100,20,270788.44810536253,1.3539422405268127,-0.3716630524166193,-0.015628107250425606,-0.014028398542891094,-0.6204036875694205,-0.6811836101472684,-0.20550511546524614,0.05,0.3,0.9913336237053183,190.10636542254576,625.35,20,True,False,False
1h,0.0,KAMA_1000,20,-41782.61647616426,-0.20891308238082126,-0.33283431054252277,-0.05375137835300507,-0.14355477495314456,-0.5836875244976478,-0.8107099865575217,-0.24362838656782562,0.0,0.25,0.9133362370531826,104.91821739731006,345.35,20,True,False,False
1h,0.0,KAMA_200,20,14855.8709436528,0.074279354718264,-0.3390286047128372,-0.03571103359005588,-0.013782535248829405,-0.6230276266909287,-0.6809377468532066,-0.2255880418048764,0.0,0.25,0.9826672474106365,154.09913457561186,507.0,20,True,False,False
1h,0.0,KAMA_21,20,28078.047958721585,0.14039023979360793,-0.3903096497866451,-0.04808780417893972,-0.0838819084151395,-0.648288608033752,-0.7510371200195167,-0.23796481239376024,0.0,0.3,0.9981800609781167,339.9461322617816,1117.85,20,True,False,False
1h,0.0,KAMA_50,20,57972.40999303301,0.28986204996516507,-0.40051900651296246,-0.0421937471604063,-0.07996518084898686,-0.6428501743057674,-0.747120392453364,-0.2320707553752268,0.05,0.25,0.9956668118526592,246.54350890052555,810.85,20,True,False,False
1h,0.0,KAMA_9,20,605822.3774248294,3.029111887124147,-0.4445231072242914,-0.04317990244515928,-0.13162966826388278,-0.6755356434736248,-0.7987848798682601,-0.2330569106599798,0.05,0.2,0.9992200261334787,489.40557145002623,1609.1,20,True,False,False
1h,0.0,LINEARREG_100,20,-61567.717948945145,-0.3078385897447257,-0.4564895956125216,-0.08644171168249812,-0.18715819136763467,-0.669108105442751,-0.8543134029720119,-0.27631871989731865,0.0,0.2,0.9914202874682652,249.31207304296436,819.95,20,True,False,False
1h,0.0,LINEARREG_1000,20,-30525.666611768665,-0.15262833305884332,-0.36047566945983384,-0.04447372151374376,-0.08314616775317953,-0.5861241673930536,-0.7503013793575567,-0.2343507297285643,0.0,0.3,0.9134229008161295,68.83502589611848,226.75,20,True,False,False
1h,0.0,LINEARREG_200,20,238017.46986566362,1.1900873493283182,-0.11891894157361527,0.002766993882347718,0.08186297547134055,-0.6078485820132636,-0.5852922361330367,-0.18711001433247282,0.05,0.45,0.9827539111735832,166.93823524058692,549.2,20,True,False,False
1h,0.0,LINEARREG_21,20,-23628.448044776094,-0.1181422402238805,-0.4596825838072565,-0.054847203310140126,-0.09619487299741183,-0.6622577673103972,-0.763350084601789,-0.24472421152496066,0.0,0.25,0.9982667247410637,594.521633011759,1954.6,20,True,False,False
1h,0.0,LINEARREG_50,20,252039.7426265926,1.2601987131329628,-0.08715179792140887,0.010861383961330101,0.09466123915474073,-0.6171786686077845,-0.5724939724496364,-0.17901562425349044,0.1,0.5,0.9957534756156059,362.1559621834773,1190.85,20,True,False,False
1h,0.0,LINEARREG_9,20,-77083.0179920999,-0.3854150899604995,-0.3899409420249442,-0.09398693299417704,-0.18009298674713814,-0.6661093970409045,-0.8472481983515154,-0.28386394120899755,0.05,0.1,0.9993066898964255,999.5453831250925,3285.85,20,True,False,False
1h,0.0,LINEARREG_ANGLE,20,93888.58495402458,0.46944292477012295,-0.46524888469343273,-0.05394110849249019,-0.14103244749873384,-0.6884294541633296,-0.8081876591031112,-0.2438181167073107,0.1,0.1,0.9988733710816913,253.40416617310024,833.4,20,True,False,False
1h,0.0,LINEARREG_INTERCEPT_100,20,41145.5640574691,0.20572782028734546,-0.41827989956090517,-0.027658810560620018,-0.013198829577075527,-0.623232302733552,-0.6803540411814527,-0.21753581877544054,0.0,0.25,0.9914202874682652,89.03679301543443,293.15,20,True,False,False
1h,0.0,LINEARREG_INTERCEPT_1000,20,94657.67578927314,0.4732883789463657,-0.13621585691817306,0.008130675961448858,0.07162922168390824,-0.5843029560515662,-0.5955259899204689,-0.18174633225337167,0.0,0.4,0.9134229008161295,22.209762336810613,73.5,20,True,False,False
1h,0.0,LINEARREG_INTERCEPT_200,20,-30101.49610641622,-0.1505074805320811,-0.2498952447660353,-0.046426081006685396,-0.04332923098936192,-0.6161072645623664,-0.7104844425937391,-0.23630308922150595,0.0,0.15,0.9827539111735832,60.4379134470415,199.15,20,True,False,False
1h,0.0,LINEARREG_INTERCEPT_21,20,23338.977967325503,0.11669488983662754,-0.22054427347945238,-0.0220839073457539,0.023334368641056237,-0.6111836245176032,-0.643820842963321,-0.21196091556057445,0.05,0.25,0.9982667247410637,239.34811044256304,787.2,20,True,False,False
1h,0.0,LINEARREG_INTERCEPT_50,20,62149.12056552812,0.3107456028276406,-0.004784100698016713,-0.004829676119844068,0.07294334523610174,-0.5841904693036061,-0.5942118663682755,-0.1947066843346646,0.0,0.45,0.9957534756156059,129.56197407278148,426.35,20,True,False,False
1h,0.0,LINEARREG_INTERCEPT_9,20,697429.4570038675,3.4871472850193377,-0.3350676295840315,-3.1364651378190664e-05,0.009653932172899593,-0.6608763006312188,-0.6575012794314776,-0.18990837286619872,0.05,0.3,0.9993066898964255,450.27992515166017,1480.5,20,True,False,False
1h,0.0,LINEARREG_SLOPE,20,93888.58495402458,0.46944292477012295,-0.46524888469343273,-0.05394110849249019,-0.14103244749873384,-0.6884294541633296,-0.8081876591031112,-0.2438181167073107,0.1,0.1,0.9988733710816913,253.40416617310024,833.4,20,True,False,False
1h,0.0,LN,20,-8124.598141315019,-0.040622990706575095,-0.35506538590363396,-0.04393082466031033,-0.05673991585592475,-0.6503139644547147,-0.7238951274603019,-0.23380783287513082,0.0,0.25,0.9983533885040105,366.293604690381,1204.45,20,True,True,False
1h,0.0,LOG10,20,-8124.598141315019,-0.040622990706575095,-0.35506538590363396,-0.04393082466031033,-0.05673991585592475,-0.6503139644547147,-0.7238951274603019,-0.23380783287513082,0.0,0.25,0.9983533885040105,366.293604690381,1204.45,20,True,True,False
1h,0.0,MACD,20,8765.173030813183,0.04382586515406592,-0.24921009330545757,-0.0421789299581052,-0.04668059746025981,-0.6532244545285828,-0.713835809064637,-0.23205593817292575,0.05,0.25,0.997140095822755,266.41059496211926,876.15,20,True,False,False
1h,0.0,MACDEXT,20,153270.98669689454,0.7663549334844728,-0.14320602424688894,0.024078778265920607,0.15583436813984658,-0.5648754455634324,-0.5113208434645306,-0.1657982299488999,0.05,0.35,0.997140095822755,238.26804812686305,783.65,20,True,False,False
1h,0.0,MACDFIX,20,11594.81982138097,0.05797409910690484,-0.2741111995547185,-0.039032359207905834,-0.03867744194167209,-0.6524314247338572,-0.7058326535460493,-0.22890936742272636,0.05,0.25,0.997140095822755,264.4938621845357,869.85,20,True,False,False
1h,0.0,MAMA,20,-39506.18828423498,-0.1975309414211749,-0.21012889857256184,-0.044646624152381686,-0.0191138045827423,-0.6213298986431802,-0.6862690161871196,-0.2345236323672022,0.0,0.15,0.997226759585702,150.159227590165,494.05,20,True,False,False
1h,0.0,MAVP,20,4852.372354643076,0.024261861773215328,-0.35988931707228483,-0.04376161537197688,-0.06449334358051631,-0.6550129079188753,-0.7316485551848936,-0.2336386235867974,0.0,0.25,0.9974867508745422,365.97414686356086,1203.4,20,True,False,False
1h,0.0,MAX,20,82025.32016364139,0.41012660081820684,-0.23278807627810005,-0.026504930246735715,-0.025536141428389607,-0.5654471014574509,-0.6926913530327669,-0.21638193846155623,0.05,0.25,0.8511633071543491,92.06399123447375,492.15,20,True,True,False
1h,0.0,MAXINDEX,20,441132.6773727132,2.205663386863566,0.9848474927732951,0.14351744428003926,0.5633066709482578,-0.42950860524623363,-0.10384854065611941,-0.046359563934781266,0.25,0.95,0.8536072805251871,57.654087591389796,379.0,20,True,True,False
1h,0.0,MA_100,20,137892.501543883,0.6894625077194149,-0.271237155459315,-0.014113622065019194,0.01607074315624326,-0.6039060312364587,-0.651084468448134,-0.2039906302798397,0.05,0.25,0.9914202874682652,151.08721130932966,497.1,20,True,False,False
1h,0.0,MA_1000,20,26267.274160995843,0.13133637080497923,-0.3370129920990622,-0.028041915405222217,-0.05019555123665644,-0.6127605143578504,-0.7173507628410337,-0.21791892362004273,0.05,0.35,0.9134229008161295,43.17211773658623,142.4,20,True,False,False
1h,0.0,MA_200,20,-34650.357022472264,-0.1732517851123613,-0.44500497583064036,-0.05808513335491365,-0.09393954493436898,-0.6702468049947401,-0.7610947565387461,-0.24796214156973417,0.0,0.2,0.9827539111735832,108.03677134884026,355.6,20,True,False,False
1h,0.0,MA_21,20,39951.18431075287,0.19975592155376432,-0.32512286430110265,-0.031244703614753865,-0.03186667552326313,-0.6460508635223127,-0.6990218871276404,-0.22112171182957438,0.0,0.3,0.9982667247410637,356.83164248909696,1173.35,20,True,False,False
1h,0.0,MA_50,20,-28184.772844127197,-0.140923864220636,-0.24608418246883734,-0.04098348225149534,-0.03338596272731663,-0.6169022458993978,-0.7005411743316938,-0.23086049046631585,0.0,0.25,0.9957534756156059,219.75489688367287,722.8,20,True,False,False
1h,0.0,MA_9,20,498064.08914488694,2.490320445724435,-0.4415914079543026,-0.035033560162083366,-0.09809780629506491,-0.6968178141314929,-0.7652530178994421,-0.22491056837690387,0.05,0.25,0.9993066898964255,597.0772783406326,1963.0,20,True,False,False
1h,0.0,MEDPRICE,20,-70313.4266893258,-0.35156713344662904,-0.5917198816447462,-0.12930890646590115,-0.3555838937909642,-0.7410104719643681,-1.0227391053953414,-0.3191859146807217,0.05,0.15,0.9991940566713723,1758.2365441283196,5788.75,20,True,False,False
1h,0.0,MFI,20,-98032.55198737636,-0.4901627599368818,-0.5763954552734469,-0.12239657580576128,-0.2681797038612591,-0.7069302013934604,-0.9353349154656364,-0.3122735840205818,0.0,0.1,0.9987867073187445,342.6082590081431,1126.6,20,True,False,False
1h,0.0,MIDPOINT_100,20,50148.54811833768,0.25074274059168844,-0.38451538524470585,-0.03745124858219552,-0.045437575334814094,-0.6302636928215051,-0.7125927869391913,-0.22732825679701602,0.0,0.25,0.9913812877849264,140.10399029034608,461.45,20,True,False,False
1h,0.0,MIDPOINT_1000,20,74479.40690407027,0.3723970345203514,-0.3809316853103951,-0.027991939455661707,-0.057844768316758735,-0.615130815549478,-0.724999979921136,-0.2178689476704822,0.0,0.3,0.9134229008161295,41.924713582780015,138.3,20,True,False,False
1h,0.0,MIDPOINT_200,20,-9595.4450675062,-0.047977225337531,-0.47897266643766606,-0.03643402825941182,-0.025104903145313363,-0.6424948372307098,-0.6922601147496905,-0.22631103647423237,0.0,0.4,0.982745245661277,98.16410152676416,323.25,20,True,False,False
1h,0.0,MIDPOINT_21,20,-23520.583550797644,-0.1176029177539882,-0.2827539571508139,-0.05112073305871021,-0.07052207088136953,-0.6598073151048562,-0.7376772824857467,-0.24099774127353074,0.0,0.3,0.9981583945735555,340.3720846684343,1120.45,20,True,False,False
1h,0.0,MIDPOINT_50,20,-28490.101879251175,-0.14245050939625586,-0.32137536600323763,-0.04780484662007266,-0.06082284656354918,-0.6330279998276434,-0.7279780581679264,-0.23768185483489318,0.0,0.25,0.9957231451984123,203.4626473282474,669.6,20,True,False,False
1h,0.0,MIDPOINT_9,20,488129.6966838478,2.4406484834192392,-0.3699493926156154,-0.01045159508856236,-0.005563260119001104,-0.668208616496166,-0.6727184717233783,-0.20032860330338287,0.05,0.2,0.9991723662064598,567.2006020598138,1866.35,20,True,False,False
1h,0.0,MIDPRICE_100,20,15871.857959084,0.07935928979542003,-0.3727581981853621,-0.03881993855446793,-0.04936302305096137,-0.6363725364355848,-0.7165182346553386,-0.22869694676928845,0.05,0.3,0.9913942864275074,140.78852436745666,463.55,20,True,False,False
1h,0.0,MIDPRICE_1000,20,35344.26179338231,0.17672130896691152,-0.43385263127850343,-0.03597583471629414,-0.08867724770269467,-0.621962770876872,-0.7558324593070719,-0.22585284293111468,0.05,0.3,0.9134229008161295,42.8830617759847,141.45,20,True,False,False
1h,0.0,MIDPRICE_200,20,-26713.193312842734,-0.13356596656421366,-0.5100163990542279,-0.050397034604589164,-0.07273923899106209,-0.6492282064299426,-0.7398944505954393,-0.24027404281940967,0.0,0.4,0.9827279120092893,99.38106853314312,327.45,20,True,False,False
1h,0.0,MIDPRICE_21,20,103136.76675245303,0.515683833762265,-0.4231799376738046,-0.030736713688904217,-0.05432196236441585,-0.6578312145190843,-0.7214771739687931,-0.22061372190372475,0.05,0.3,0.9981410688163317,338.0293716027451,1112.9,20,True,False,False
1h,0.0,MIDPRICE_50,20,6317.816857999527,0.03158908428999763,-0.3081830033526555,-0.04050164509715492,-0.059774077056172326,-0.6331951557054565,-0.7269292886605495,-0.23037865331197543,0.0,0.3,0.9956668058351399,206.41382008653827,679.95,20,True,False,False
1h,0.0,MIDPRICE_9,20,386384.6533365568,1.9319232666827841,-0.21533570357811455,-0.002471159993961919,0.01972953858590047,-0.6363768317440441,-0.6474256730184768,-0.19234816820878245,0.05,0.3,0.9991333571267951,546.101311822609,1797.45,20,True,False,False
1h,0.0,MIN,20,-27708.94824565708,-0.1385447412282854,-0.3424109855278468,-0.05717960029480731,-0.0830121740066678,-0.6017307873206612,-0.750167385611045,-0.24705660850962782,0.05,0.3,0.8506434189547545,91.50113656881334,486.6,20,True,True,False
1h,0.0,MININDEX,20,406833.3569605136,2.034166784802568,1.3119746121252116,0.14881736852591357,0.5959618761647143,-0.4346001260776478,-0.07119333543966296,-0.041059639688906954,0.3,1.0,0.8531826228557321,56.482748140666445,371.3,20,True,True,False
1h,0.0,MINMAX,20,64030.5857431971,0.32015292871598555,-0.3280442903091663,-0.03945383539143947,-0.05483177278198823,-0.6694632437546413,-0.7219869843863654,-0.22933084360626,0.05,0.3,0.9911083038678716,208.39898450684555,704.7,20,True,True,False
1h,0.0,MINMAXINDEX,20,-8443.762600245887,-0.04221881300122946,-0.3180097171606043,-0.044621596152190364,-0.06015294025181643,-0.676532748586487,-0.7273081518561937,-0.2344986043670109,0.0,0.3,0.9913856701582173,241.28768139950725,828.9,20,True,True,False
1h,0.0,MINUS_DI,20,-22293.861693727853,-0.11146930846863927,-0.4304801396511931,-0.06442755138354092,-0.1391212461204666,-0.6722686821280932,-0.8062764577248439,-0.2543045595983614,0.0,0.25,0.9987867073187445,282.07906656418413,927.65,20,True,False,False
1h,0.0,MINUS_DM,20,-21265.308465061644,-0.10632654232530822,-0.42972712332442026,-0.0641620030072168,-0.13851358384364368,-0.6722686821280932,-0.8056687954480208,-0.2540390112220373,0.0,0.25,0.9988733710816913,282.1247031338812,927.8,20,True,False,False
1h,0.0,MOM,20,58257.52173545272,0.29128760867726367,-0.3550236017682539,-0.038019302291872156,-0.06364935194969663,-0.6544404236928758,-0.7308045635540739,-0.22789631050669268,0.05,0.3,0.9983750511978583,464.8379600895396,1537.05,20,True,False,False
1h,0.0,MULT,20,8323.547786442068,0.041617738932210366,-0.2909122423511596,-0.02895358342311128,0.009789751430930995,-0.6352889625663792,-0.6573654601734462,-0.21883059163793178,0.0,0.4,0.9983533885040105,326.80282029905436,1074.65,20,True,True,False
1h,0.0,NATR,20,-89607.91773012039,-0.448039588650602,-0.6487950775818156,-0.14077181936333627,-0.36334201418461687,-0.7204796807051226,-1.0304972257889942,-0.3306488275781568,0.05,0.05,0.997140095822755,440.1638923173996,1447.25,20,True,True,False
1h,0.0,OBV,20,-63330.889282968456,-0.3166544464148423,-0.3847284516324438,-0.09519693124568764,-0.20920522471323863,-0.6992956540153814,-0.8763604363176158,-0.28507393946050813,0.0,0.2,0.993067015379354,450.94928467785047,1486.35,20,True,False,False
1h,0.0,PLUS_DI,20,-22293.861693727853,-0.11146930846863927,-0.4304801396511931,-0.06442755138354092,-0.1391212461204666,-0.6722686821280932,-0.8062764577248439,-0.2543045595983614,0.0,0.25,0.9987867073187445,282.07906656418413,927.65,20,True,False,False
1h,0.0,PLUS_DM,20,-21265.308465061644,-0.10632654232530822,-0.42972712332442026,-0.0641620030072168,-0.13851358384364368,-0.6722686821280932,-0.8056687954480208,-0.2540390112220373,0.0,0.25,0.9988733710816913,282.1247031338812,927.8,20,True,False,False
1h,0.0,PPO,20,-49451.66089306853,-0.24725830446534264,-0.40117945084475104,-0.0596627370262333,-0.057364894836520665,-0.6368252700108568,-0.7245201064408979,-0.2495397452410538,0.0,0.3,0.9978334059263295,146.26490817797622,481.25,20,True,False,False
1h,0.0,ROC,20,58257.52173545272,0.29128760867726367,-0.3550236017682539,-0.038019302291872156,-0.06364935194969663,-0.6544404236928758,-0.7308045635540739,-0.22789631050669268,0.05,0.3,0.9983750511978583,464.8379600895396,1537.05,20,True,False,False
1h,0.0,ROCP,20,58257.52173545272,0.29128760867726367,-0.3550236017682539,-0.038019302291872156,-0.06364935194969663,-0.6544404236928758,-0.7308045635540739,-0.22789631050669268,0.05,0.3,0.9983750511978583,464.8379600895396,1537.05,20,True,False,False
1h,0.0,ROCR,20,58257.52173545272,0.29128760867726367,-0.3550236017682539,-0.038019302291872156,-0.06364935194969663,-0.6544404236928758,-0.7308045635540739,-0.22789631050669268,0.05,0.3,0.9983750511978583,464.8379600895396,1537.05,20,True,False,False
1h,0.0,ROCR100,20,58257.52173545272,0.29128760867726367,-0.3550236017682539,-0.038019302291872156,-0.06364935194969663,-0.6544404236928758,-0.7308045635540739,-0.22789631050669268,0.05,0.3,0.9983750511978583,464.8379600895396,1537.05,20,True,False,False
1h,0.0,RSI,20,70204.32397094337,0.3510216198547168,-0.315163902750226,-0.02912473097269604,-0.05251931273047846,-0.6461455752139222,-0.7196745243348557,-0.2190017391875166,0.05,0.25,0.9987867073187445,344.99659374535554,1134.45,20,True,False,False
1h,0.0,SAR,20,519997.18163106067,2.599985908155303,-0.3609096207610941,-0.014704261410938202,-0.040084795875665026,-0.6414170680460247,-0.7072400074800422,-0.20458126962575873,0.05,0.3,0.9998916728337276,282.87012953604966,930.5,20,True,False,False
1h,0.0,SAREXT,20,519990.2837118661,2.599951418559331,-0.36106619914370663,-0.014774580570898055,-0.04053086153633042,-0.6414365681598533,-0.7076860731407076,-0.2046515887857186,0.05,0.3,0.9998873355711326,282.94619013348085,930.7,20,True,False,False
1h,0.0,SIN,20,-4954.132336210716,-0.02477066168105358,-0.2335353301473782,-0.04827748631071091,-0.05078791510185939,-0.6467491093882003,-0.7179431267062366,-0.23815449452553145,0.05,0.4,0.9983533885040105,848.7614118951745,2790.25,20,True,True,False
1h,0.0,SINH,20,119485.54725699082,0.5974277362849542,-0.5333656271627458,-0.07362358621775437,-0.23716237727894818,-0.7297041354291756,-0.9043175888833254,-0.2635005944325749,0.05,0.15,0.9896417267469493,364.156426140125,1197.5,20,True,True,False
1h,0.0,SMA_100,20,137892.501543883,0.6894625077194149,-0.271237155459315,-0.014113622065019194,0.01607074315624326,-0.6039060312364587,-0.651084468448134,-0.2039906302798397,0.05,0.25,0.9914202874682652,151.08721130932966,497.1,20,True,False,False
1h,0.0,SMA_1000,20,26267.274160995843,0.13133637080497923,-0.3370129920990622,-0.028041915405222217,-0.05019555123665644,-0.6127605143578504,-0.7173507628410337,-0.21791892362004273,0.05,0.35,0.9134229008161295,43.17211773658623,142.4,20,True,False,False
1h,0.0,SMA_200,20,-34650.357022472264,-0.1732517851123613,-0.44500497583064036,-0.05808513335491365,-0.09393954493436898,-0.6702468049947401,-0.7610947565387461,-0.24796214156973417,0.0,0.2,0.9827539111735832,108.03677134884026,355.6,20,True,False,False
1h,0.0,SMA_21,20,39951.18431075287,0.19975592155376432,-0.32512286430110265,-0.031244703614753865,-0.03186667552326313,-0.6460508635223127,-0.6990218871276404,-0.22112171182957438,0.0,0.3,0.9982667247410637,356.83164248909696,1173.35,20,True,False,False
1h,0.0,SMA_50,20,-28184.772844127197,-0.140923864220636,-0.24608418246883734,-0.04098348225149534,-0.03338596272731663,-0.6169022458993978,-0.7005411743316938,-0.23086049046631585,0.0,0.25,0.9957534756156059,219.75489688367287,722.8,20,True,False,False
1h,0.0,SMA_9,20,498064.08914488694,2.490320445724435,-0.4415914079543026,-0.035033560162083366,-0.09809780629506491,-0.6968178141314929,-0.7652530178994421,-0.22491056837690387,0.05,0.25,0.9993066898964255,597.0772783406326,1963.0,20,True,False,False
1h,0.0,SQRT,20,-12957.512219516395,-0.06478756109758196,-0.35329280094377014,-0.045785825183788646,-0.0621938338624631,-0.6522729813927831,-0.7293490454668403,-0.2356628333986092,0.0,0.25,0.9983533885040105,366.4761488684445,1205.05,20,True,True,False
1h,0.0,STDDEV,20,-141330.31939495067,-0.7066515969747533,-0.7565485833540375,-0.1982368958423896,-0.5659912776898599,-0.7941482036722614,-1.2331464892942372,-0.38811390405721014,0.0,0.0,0.9980067334522232,711.3205765673249,2338.5,20,True,True,False
1h,0.0,STOCH,20,-71324.37276719545,-0.3566218638359773,-0.5258828404478106,-0.09239710699875836,-0.16420415616082454,-0.6814836654015987,-0.8313593677652017,-0.28227411521357887,0.05,0.2,0.9993066898964255,901.8528517269345,2964.75,20,True,False,False
1h,0.0,STOCHF,20,-85579.88021274842,-0.4278994010637421,-0.6376952397505166,-0.13974900040067778,-0.35972713838311743,-0.7525418408374984,-1.0268823499874946,-0.3296260086154983,0.05,0.1,0.9994800174223191,1437.351266340795,4724.85,20,True,False,False
1h,0.0,STOCHRSI,20,-94341.94756902698,-0.4717097378451349,-0.5806930852274729,-0.13913752188056938,-0.3807235825911249,-0.7559796642121632,-1.0478787941955021,-0.3290145300953899,0.0,0.1,0.9938127642682524,1391.3040770119019,4603.4,20,True,False,False
1h,0.0,SUB,20,-118678.72522699425,-0.5933936261349713,-0.7407006163507674,-0.1705087818177647,-0.466381977809238,-0.7555516721455684,-1.1335371894136153,-0.3603857900325852,0.0,0.1,0.9983533885040105,1346.4585784884111,4426.1,20,True,True,False
1h,0.0,SUM,20,-16418.798670280907,-0.08209399335140455,-0.2161515869158238,-0.04385188695908089,-0.03220608160434714,-0.6110970039093199,-0.6993612932087243,-0.23372889517390139,0.0,0.3,0.9958401393785528,80.60923131673715,265.45,20,True,True,False
1h,0.0,T3_100,20,-40148.62552923789,-0.20074312764618946,-0.4309418114682915,-0.06302726730876737,-0.1238735059213315,-0.5945783423880162,-0.7910287175257087,-0.25290427552358785,0.0,0.2,0.9485217248095905,117.34663459657898,386.2,20,True,False,False
1h,0.0,T3_1000,20,-17800.385959556163,-0.08900192979778082,-0.1270621697639841,-0.0264725846716622,-0.059408710417123166,-0.4659022691858047,-0.7265639220215003,-0.2163495928864827,0.0,0.3,0.48053740489677665,18.60446799916606,61.65,20,True,False,False
1h,0.0,T3_200,20,-17884.412743799807,-0.08942206371899901,-0.2845965324241889,-0.043577333290575164,-0.07899979636031354,-0.5659711389962083,-0.7461550079646908,-0.2334543415053957,0.0,0.3,0.8965234670415001,74.26577566659424,244.6,20,True,False,False
1h,0.0,T3_21,20,104869.89922770216,0.5243494961385109,-0.39996859672013385,-0.02978122724416015,-0.04863715586995983,-0.635779426756272,-0.715792367474337,-0.21965823545898067,0.1,0.4,0.9896003484463819,297.59551617038693,978.65,20,True,False,False
1h,0.0,T3_50,20,46972.5792649215,0.23486289632460755,-0.33059476869954585,-0.028451233687325623,-0.021543117732814435,-0.6041438655377231,-0.6886983293371917,-0.21832824190214611,0.0,0.15,0.9745208536936356,177.6476523115527,584.4,20,True,False,False
1h,0.0,T3_9,20,39749.942603280564,0.19874971301640282,-0.41072052905892614,-0.05442886952369854,-0.11320461386656241,-0.6666254639373721,-0.7803598254709396,-0.24430587773851906,0.05,0.25,0.9958401393785528,523.2222348647475,1720.25,20,True,False,False
1h,0.0,TAN,20,-21656.881463921294,-0.10828440731960647,-0.3700314525776647,-0.04872502193052623,-0.0034558816110978495,-0.6572010529202016,-0.6706110932154751,-0.23860203014534673,0.05,0.3,0.9983533885040105,929.690495511369,3056.25,20,True,True,False
1h,0.0,TANH,20,11595.855288911001,0.05797927644455501,0.0,0.006212703954468446,0.5322541711644472,-0.02295222908237185,-0.7883327482646921,-0.18366430426035207,0.0,0.05,0.016854370614225074,5.917473283206381,21.1,1,False,True,False
1h,0.0,TEMA_100,20,-81382.36284833167,-0.4069118142416584,-0.5513946926670337,-0.09793494997621761,-0.2320560257483672,-0.6735803858460729,-0.8992112373527444,-0.2878119581910381,0.0,0.1,0.9742608624047951,291.3432881090226,958.1,20,True,False,False
1h,0.0,TEMA_1000,20,-14057.356613590553,-0.07028678306795275,-0.22677956430264373,-0.03756004416031145,-0.07922561151537263,-0.5434268305770742,-0.7463808231197498,-0.22743705237513198,0.0,0.4,0.7402687024483884,67.55722074634319,222.55,20,True,False,False
1h,0.0,TEMA_200,20,-6736.3450747218285,-0.03368172537360915,-0.2712498559718608,-0.03150647419855556,-0.014320652176590665,-0.5589601462251881,-0.6814758637809678,-0.22138348241337608,0.0,0.3,0.94826173352075,194.54837776384352,639.95,20,True,False,False
1h,0.0,TEMA_21,20,-36234.31100576479,-0.18117155502882393,-0.29773785288142857,-0.053874847155965265,-0.0741494026499048,-0.6270624672558263,-0.741304614254282,-0.24375185537078575,0.0,0.2,0.9948001742231909,658.9755415088576,2166.45,20,True,False,False
1h,0.0,TEMA_50,20,-12189.838848483989,-0.060949194242419936,-0.32330450015642975,-0.042272289118193425,-0.04939440206634331,-0.6460826264025052,-0.7165496136707205,-0.23214929733301393,0.0,0.25,0.9872604268468178,416.79801240239965,1370.45,20,True,False,False
1h,0.0,TEMA_9,20,-65608.29531915182,-0.32804147659575905,-0.5589748733325307,-0.10326191279352954,-0.2212988220255568,-0.7015907966121514,-0.888454033629934,-0.29313892100835004,0.05,0.15,0.9979200696892765,1031.4452543585999,3390.7,20,True,False,False
1h,0.0,TRANGE,20,-127270.51574412969,-0.6363525787206485,-0.7002140977515918,-0.17180878952804016,-0.46743852858772883,-0.7653027476838709,-1.134593740192106,-0.3616857977428607,0.0,0.05,0.9982667247410637,1317.6163285153639,4331.3,20,True,True,False
1h,0.0,TRIMA_100,20,154887.71853205792,0.7744385926602896,-0.2020088976466115,-0.005769320654807503,0.047189006206932074,-0.5949893093613433,-0.6199662053974452,-0.19564632886962802,0.05,0.35,0.9914202874682652,141.8077702993383,466.6,20,True,False,False
1h,0.0,TRIMA_1000,20,-1713.2840745080034,-0.008566420372540028,-0.3216133313754377,-0.04436512965397479,-0.10630343371161247,-0.637563234672491,-0.7734586453159896,-0.23424213786879527,0.05,0.3,0.9134229008161295,43.32425847868099,142.9,20,True,False,False
1h,0.0,TRIMA_200,20,-5228.364996934726,-0.026141824984673608,-0.34643303183923824,-0.03521678729458331,-0.02035587082917628,-0.6259258024218524,-0.6875110824335535,-0.2250937955094038,0.0,0.3,0.9827539111735832,100.2177203200565,329.9,20,True,False,False
1h,0.0,TRIMA_21,20,102539.82634390652,0.5126991317195327,-0.4135014844558387,-0.034872534288630186,-0.07163147623355712,-0.6568189276230371,-0.7387866878379343,-0.2247495425034507,0.05,0.25,0.9982667247410637,354.7627731238191,1166.55,20,True,False,False
1h,0.0,TRIMA_50,20,-22637.781417524577,-0.11318890708762289,-0.1757022221528795,-0.03290582961625304,-0.0015581529850082266,-0.6077586297064297,-0.6687133645893855,-0.22278283783107358,0.0,0.25,0.9957534756156059,214.4306145566596,705.3,20,True,False,False
1h,0.0,TRIMA_9,20,258887.36090328987,1.2944368045164496,-0.40360202680371765,-0.05323439465093109,-0.14039133793770525,-0.6963510913469367,-0.8075465495420826,-0.24311140286575159,0.05,0.2,0.9993066898964255,625.0828565543563,2055.05,20,True,False,False
1h,0.0,TRIX,20,15311.587056412705,0.07655793528206353,-0.15439862806035443,-0.029155172737865016,0.002096438814453272,-0.6188322731338725,-0.665058772789924,-0.21903218095268553,0.0,0.4,0.9923735888606802,40.66210308315791,134.15,20,True,False,False
1h,0.0,TSF_100,20,-59828.17304055525,-0.2991408652027762,-0.4932189020023809,-0.08599989875567474,-0.18347444154208578,-0.667326996144774,-0.850629653146463,-0.2758769069704953,0.0,0.2,0.9914202874682652,246.90855428684677,812.05,20,True,False,False
1h,0.0,TSF_1000,20,-34287.995860188756,-0.17143997930094373,-0.36880907187333006,-0.04686719849259882,-0.09033947277916918,-0.5867618990497319,-0.7574946843835464,-0.23674420670741933,0.0,0.3,0.9134229008161295,68.86544885692172,226.85,20,True,False,False
1h,0.0,TSF_200,20,164145.92897882828,0.8207296448941414,-0.16574188226484332,-0.00014957731976072974,0.0820693052895206,-0.6077755987657661,-0.5850859063148566,-0.19002658553458124,0.05,0.4,0.9827539111735832,166.08636141801907,546.4,20,True,False,False
1h,0.0,TSF_21,20,5469.228948233623,0.027346144741168123,-0.38068764875558353,-0.037881913617875775,-0.03478789044470451,-0.6432977608380028,-0.7019431020490817,-0.2277589218326963,0.05,0.3,0.9982667247410637,570.5016301810655,1875.65,20,True,False,False
1h,0.0,TSF_50,20,241880.01158194547,1.2094000579097273,-0.12783362955284777,0.01975460366505229,0.12200669755862645,-0.6078892220316028,-0.5451485140457508,-0.17012240454976824,0.15,0.4,0.9957534756156059,354.8236880732231,1166.75,20,True,False,False
1h,0.0,TSF_9,20,-79426.99983630728,-0.39713499918153644,-0.5068282030955438,-0.08874093065288613,-0.14102293801898924,-0.6670665828719866,-0.8081781496233665,-0.2786179388677067,0.0,0.15,0.9993066898964255,894.1098723466818,2939.3,20,True,False,False
1h,0.0,TYPPRICE,20,-69558.21828299612,-0.3477910914149806,-0.5961199983645216,-0.12878234590349485,-0.3535525824439006,-0.7402956681069769,-1.0207077940482778,-0.3186593541183154,0.05,0.15,0.9992807046444658,1758.1148459077467,5787.35,20,True,False,False
1h,0.0,ULTOSC,20,108770.7297171215,0.5438536485856075,-0.10165536253143564,-0.0023237087471928595,0.027561730813387714,-0.6051113520986506,-0.6395934807909895,-0.19220071696201338,0.05,0.4,0.9975734146374892,473.28067668618286,1556.1,20,True,False,False
1h,0.0,VAR,20,-145280.03081602982,-0.726400154080149,-0.7724741951246982,-0.2031392499868927,-0.5862255590921372,-0.8023655109622654,-1.2533807706965145,-0.39301625820171326,0.0,0.0,0.9980067334522232,640.0363755938407,2104.2,20,True,True,False
1h,0.0,WCLPRICE,20,-70313.4266893258,-0.35156713344662904,-0.5917198816447462,-0.12930890646590115,-0.3555838937909642,-0.7410104719643681,-1.0227391053953414,-0.3191859146807217,0.05,0.15,0.9991940566713723,1758.2365441283196,5788.75,20,True,False,False
1h,0.0,WILLR,20,310610.8145668411,1.5530540728342055,-0.3129420381574015,-0.01792634200376798,-0.03529781392416522,-0.6293315716959734,-0.7024530255285424,-0.20780335021858848,0.05,0.3,0.9987607070384786,425.636203576521,1400.8,20,True,False,False
1h,0.0,WMA_100,20,206773.53369647852,1.0338676684823924,-0.11742533759872531,0.0006105190447596665,0.06335048631404631,-0.5809691064152684,-0.6038047252903309,-0.18926648917006086,0.05,0.35,0.9914202874682652,195.81094015879881,644.1,20,True,False,False
1h,0.0,WMA_1000,20,-34694.91390001243,-0.17347456950006215,-0.30912546814427205,-0.055610895195963815,-0.1383804194219151,-0.6405434733235887,-0.8055356310262922,-0.24548790341078433,0.0,0.25,0.9134229008161295,58.70370657464656,193.45,20,True,False,False
1h,0.0,WMA_200,20,4797.6139293648785,0.02398806964682441,-0.38203410248468744,-0.03780995859219351,-0.03700968509192491,-0.6257072477397075,-0.7041648966963021,-0.227686966807014,0.0,0.35,0.9827539111735832,135.76852161802827,446.75,20,True,False,False
1h,0.0,WMA_21,20,381913.28906151024,1.9095664453075514,-0.5062632272855403,-0.0292212785380949,-0.08439831372891485,-0.6791120121915892,-0.7515535253332921,-0.21909828675291543,0.05,0.2,0.9982667247410637,456.4864957309631,1500.9,20,True,False,False
1h,0.0,WMA_50,20,57320.32362860541,0.286601618143027,-0.262727061998263,-0.02451700401710612,-0.025539321348633653,-0.6260919274456871,-0.6926945329530109,-0.21439401223192664,0.0,0.35,0.9957534756156059,285.4409734684403,938.7,20,True,False,False
1h,0.0,WMA_9,20,88524.34985553652,0.4426217492776826,-0.5324463809526758,-0.08325470816388873,-0.24142823234915806,-0.7117148850843404,-0.9085834439535352,-0.27313171637870926,0.05,0.15,0.9993066898964255,738.5199461377017,2427.9,20,True,False,False
1h,1.0,ACCBANDS,20,-66261.37073094354,-0.33130685365471774,-0.46570422721333654,-0.08707031531062187,-0.1863572988110746,-0.6828433473688066,-0.8535125104154518,-0.2769473235254424,0.0,0.1,0.9971011375251854,62.59803532865472,206.25,20,True,False,False
1h,1.0,ACOS,20,0.0,0.0,0.0,0.0,,0.0,,-0.1898770082148205,0.0,0.0,0.0,0.0,0.0,0,False,True,False
1h,1.0,AD,20,-102575.73717908718,-0.512878685895436,-0.7717522914676123,-0.14409730318186287,-0.40061876442075794,-0.7511728385797108,-1.067773976025135,-0.33397431139668343,0.0,0.15,0.9931276581931806,406.81876210723493,1341.3,20,True,False,False
1h,1.0,ADD,20,-31501.879205605914,-0.15750939602802955,-0.4235956637146686,-0.06175233218464351,-0.10637765235909213,-0.6852038814474146,-0.7735328639634693,-0.25162934039946405,0.0,0.25,0.9983533885040105,326.49858001142536,1073.65,20,True,True,False
1h,1.0,ADOSC,20,-37612.07824290457,-0.18806039121452284,-0.5858414384048108,-0.11536333440809336,-0.3330011863799808,-0.7395034916285702,-1.000156397984358,-0.3052403426229139,0.0,0.2,0.9992200261334787,370.7355595426437,1219.05,20,True,False,False
1h,1.0,ADX,20,-27215.170480905806,-0.13607585240452905,-0.2679971645209883,-0.05180846895202991,-0.0333416633859778,-0.6236689166102936,-0.700496874990355,-0.2416854771668504,0.05,0.2,0.9960134669044465,204.13199436835964,671.45,20,True,True,False
1h,1.0,ADXR,20,-18809.116317515436,-0.09404558158757717,-0.1604638784290881,-0.03786068240051786,0.0013312506883836866,-0.6336655885414119,-0.6658239609159935,-0.22773769061533838,0.1,0.2,0.9948868379861378,175.8830081808593,578.6,20,True,True,False
1h,1.0,APO,20,-63276.333115114496,-0.31638166557557246,-0.4566621835523717,-0.07334804751077105,-0.10791181117980297,-0.6577330345925815,-0.7750670227841802,-0.2632250557255916,0.0,0.2,0.9978334059263295,146.26490817797622,481.25,20,True,False,False
1h,1.0,AROON,20,-37185.28992691131,-0.18592644963455657,-0.39438788542983233,-0.07817999319779505,-0.19365322226476753,-0.6739561299673851,-0.8608084338691449,-0.26805700141261557,0.0,0.15,0.9903453151031947,226.46342950587353,771.15,20,True,False,False
1h,1.0,AROONOSC,20,-37185.28992691131,-0.18592644963455657,-0.39438788542983233,-0.07817999319779505,-0.19365322226476753,-0.6739561299673851,-0.8608084338691449,-0.26805700141261557,0.0,0.15,0.9903453151031947,226.46342950587353,771.15,20,True,False,False
1h,1.0,ASIN,20,0.0,0.0,0.0,0.0,,0.0,,-0.1898770082148205,0.0,0.0,0.0,0.0,0.0,0,False,True,False
1h,1.0,ATAN,20,-41601.86369840169,-0.20800931849200843,-0.48717066112228713,-0.07507596705259745,-0.1711607458972467,-0.6995635961907413,-0.838315957501624,-0.26495297526741796,0.0,0.15,0.9983533885040105,366.29360520870426,1204.45,20,True,True,False
1h,1.0,ATR,20,-121087.09236219434,-0.6054354618109716,-0.7044320570352998,-0.17975748039803036,-0.5229953673977098,-0.7836951495958943,-1.190150579002087,-0.3696344886128509,0.05,0.05,0.997140095822755,449.4280609723617,1477.7,20,True,True,False
1h,1.0,AVGDEV,20,-54994.12308432392,-0.27497061542161955,-0.4900381907033903,-0.06893636640415482,-0.13244507450077644,-0.6919566043552025,-0.7996002861051537,-0.2588133746189753,0.0,0.3,0.997226759585702,302.5089969653581,994.8,20,True,True,False
1h,1.0,AVGPRICE,20,-157319.24574371407,-0.7865962287185704,-0.8608392278147604,-0.2664475829612848,-0.9359702826556113,-0.8897899778260419,-1.6031254942599884,-0.45632459117610524,0.0,0.05,0.9996100275522842,1755.7721778083621,5775.9,20,True,False,False
1h,1.0,BBANDS,20,0.0,0.0,0.0,0.0,,0.0,,-0.1898770082148205,0.0,0.0,0.0,0.0,0.0,0,False,False,False
1h,1.0,BETA,20,-156414.27846510385,-0.7820713923255193,-0.8023905920358357,-0.2408418980836764,-0.7345813067487803,-0.8425597038413406,-1.4017365183531574,-0.43071890629849696,0.0,0.0,0.9844481923804599,225.7638109085088,742.55,20,True,False,False
1h,1.0,BOP,20,-158746.36659983787,-0.7937318329991894,-0.857986510457647,-0.25084733642038337,-0.8579904947304013,-0.8662475400611486,-1.5251457063347786,-0.44072434463520394,0.0,0.0,0.9956017805104936,1750.7674150633998,5805.05,20,True,False,False
1h,1.0,BUYHOLD,20,718185.3942717676,3.5909269713588374,1.7943100201655624,0.1898770082148205,0.6671552116043772,-0.4554195849588095,0.0,0.0,0.0,1.0,1.0,0.15212159234987555,1.0,20,True,False,True
1h,1.0,CCI,20,225605.01847284246,1.1280250923642126,-0.48046317971006647,-0.05400576254361369,-0.15527724069639665,-0.693375513972112,-0.8224324523007738,-0.2438827707584342,0.05,0.2,0.9988733710816913,390.3744514590536,1283.6,20,True,False,False
1h,1.0,CDL2CROWS,20,-1803.0387135875337,-0.009015193567937669,-0.0016343597066416082,-0.0014246735720088778,-0.13013770230097715,-0.023626752866304324,-0.804860239395204,-0.1913016817868294,0.0,0.4,0.0014300236269152345,0.8366679036747243,5.5,19,True,False,False
1h,1.0,CDL3BLACKCROWS,20,1360.180701363267,0.006800903506816336,-0.00232004464382074,0.0009187725314540873,-0.043544736047789016,-0.023948126131967666,-0.6991380697376449,-0.18895823568336642,0.0,0.4,0.001299984585065582,0.7606070393084547,5.0,19,True,False,False
1h,1.0,CDL3INSIDE,20,-16446.110577292802,-0.08223055288646401,-0.07307479054585148,-0.015333173136930823,-0.20738956549685783,-0.22284206525231492,-0.8745447771012351,-0.20521018135175134,0.0,0.2,0.04753149394641084,27.792613946894953,180.1,20,True,False,False
1h,1.0,CDL3LINESTRIKE,20,2842.2994586475593,0.014211497293237795,0.03862720404945785,0.0012565461998737593,0.05089984847280976,-0.10483042263183369,-0.6162553631315675,-0.18862046201494675,0.0,0.7,0.019521531156189615,11.386301431417975,74.65,20,True,False,False
1h,1.0,CDL3OUTSIDE,20,-29503.68711275882,-0.1475184355637941,-0.33924777784039284,-0.04550967806462465,-0.2905033804571481,-0.44665989517057814,-0.9576585920615253,-0.2353866862794452,0.0,0.15,0.24873203496997612,144.17321909650744,879.8,20,True,False,False
1h,1.0,CDL3STARSINSOUTH,20,0.0,0.0,0.0,0.0,,0.0,,-0.1898770082148205,0.0,0.0,0.0,0.0,0.0,0,False,False,False
1h,1.0,CDL3WHITESOLDIERS,20,-2430.163685281812,-0.01215081842640906,-0.006761521664713499,-0.002001114672205728,-0.03237894189989673,-0.06825705907447988,-0.699534153504274,-0.19187812288702624,0.0,0.45,0.00637430774134512,3.6965553237352466,24.3,20,True,False,False
1h,1.0,CDLABANDONEDBABY,20,139.93828669718323,0.0006996914334859161,0.0,0.00010581294484214298,0.21247539483689704,-0.0005564600239154393,-0.6438872386009233,-0.18977119526997838,0.0,0.05,2.6003293750541735e-05,0.015212278229219727,0.1,1,False,False,False
1h,1.0,CDLADVANCEBLOCK,20,-29251.231103669954,-0.14625615551834978,-0.11426575899081881,-0.027103338186534754,-0.24848112315670612,-0.2648280121991483,-0.9156363347610833,-0.21698034640135527,0.0,0.25,0.07082542284966117,39.658100199377465,260.7,20,True,False,False
1h,1.0,CDLBELTHOLD,20,-46046.63224956163,-0.23023316124780818,-0.3805004245294948,-0.06852475280383923,-0.22575148062404654,-0.6300634087099908,-0.8929066922284237,-0.25840176101865975,0.0,0.15,0.6284823685923963,366.324044336263,1867.6,20,True,False,False
1h,1.0,CDLBREAKAWAY,20,-376.99891121530493,-0.0018849945560765248,0.0,-0.0002899873271791087,-0.17550300676669567,-0.00492482474156406,-0.8218274618051324,-0.19016699554199962,0.0,0.1,0.00015599273205459937,0.0912734040422816,0.6,5,False,False,False
1h,1.0,CDLCLOSINGMARUBOZU,20,-28673.044058765216,-0.14336522029382606,-0.40862109314118067,-0.05410757396436072,-0.15994521754276123,-0.5999454567495708,-0.8271004291471385,-0.24398458217918123,0.05,0.2,0.5808769276588864,334.8881029884689,1767.65,20,True,False,False
1h,1.0,CDLCONCEALBABYSWALL,20,-47.56068015670745,-0.00023780340078353724,0.0,-3.74341367969544e-05,0.012592086506209688,-0.0011100695194089295,-0.8754634560720811,-0.18991444235161747,0.0,0.05,5.198856407752691e-05,0.030424291582166817,0.2,2,False,False,False
1h,1.0,CDLCOUNTERATTACK,20,-695.7544001004879,-0.003478772000502439,-0.0023874074700463987,-0.0005522507855325265,-0.11038978476471065,-0.015724269659040908,-0.7665436460179,-0.19042925900035304,0.0,0.4,0.001356255528577932,0.8062457177301907,5.25,19,True,False,False
1h,1.0,CDLDARKCLOUDCOVER,20,-2190.1749186241746,-0.010950874593120875,-0.007048475313365332,-0.0018663267753202205,-0.12691491679028793,-0.05345836106084412,-0.7940701283946652,-0.19174333499014073,0.0,0.4,0.006673223698098425,3.894312558777225,25.6,20,True,False,False
1h,1.0,CDLDOJI,20,461003.9502182411,2.305019751091206,1.1131759690415446,0.13506461897459893,0.5823250545097165,-0.3878259243662603,-0.08483015709466069,-0.05481238924022158,0.25,0.85,0.6274049590992725,198.86094732611537,1307.25,20,True,False,False
1h,1.0,CDLDOJISTAR,20,-15600.07380955102,-0.0780003690477551,-0.1699842494378046,-0.015446526367885145,-0.1353216061028537,-0.2543437270965848,-0.8024768177072309,-0.20532353458270566,0.0,0.3,0.0915641407850319,52.71772222856108,338.85,20,True,False,False
1h,1.0,CDLDRAGONFLYDOJI,20,61079.51330769288,0.3053975665384644,0.24876867749061393,0.03959046717204339,0.42948093936579135,-0.19916793975601238,-0.2376742722385859,-0.1502865410427771,0.0,0.95,0.1248869890140722,67.51156627682042,443.8,20,True,False,False
1h,1.0,CDLENGULFING,20,-12567.801470933035,-0.06283900735466519,-0.6105914472501102,-0.10332219437219284,-0.42438820297872215,-0.6682191536316029,-1.0915434145830993,-0.2931992025870134,0.0,0.15,0.5583385365650568,331.01665906788344,1741.15,20,True,False,False
1h,1.0,CDLEVENINGDOJISTAR,20,-2845.0268792725897,-0.014225134396362948,-0.011264252223076199,-0.002570945880077341,-0.05361661631496824,-0.07143972546993597,-0.7207718279193454,-0.19244795409489784,0.0,0.4,0.007903734351205635,4.578859256046938,30.1,20,True,False,False
1h,1.0,CDLEVENINGSTAR,20,-4695.115722121804,-0.023475578610609022,0.0028843501661545146,-0.004587633241200701,-0.04572958575355126,-0.13246743092385058,-0.7128847973579284,-0.19446464145602121,0.0,0.55,0.02375009964643411,13.72136363745937,90.2,20,True,False,False
1h,1.0,CDLGAPSIDESIDEWHITE,20,1379.7174272427194,0.006898587136213596,0.004535854451701571,0.0008094796066103416,0.033465258685928444,-0.0757925585406803,-0.6336899529184488,-0.1890675286082102,0.0,0.6,0.010975911799692883,6.3662888548330985,41.75,20,True,False,False
1h,1.0,CDLGRAVESTONEDOJI,20,21246.51933322449,0.10623259666612243,0.09984426368407873,0.012044486084331663,0.13966341932901766,-0.22550356343266748,-0.5274917922753596,-0.17783252213048886,0.0,0.65,0.11562197545761246,62.71211867900156,412.25,20,True,False,False
1h,1.0,CDLHAMMER,20,63143.099587259305,0.3157154979362965,0.3705501063290928,0.0375366112936779,0.36736156612556925,-0.2632033002422934,-0.299793645478808,-0.15234039692114262,0.05,0.75,0.17367819669287127,91.45550881492827,601.2,20,True,False,False
1h,1.0,CDLHANGINGMAN,20,-47782.11909904246,-0.2389105954952123,-0.27373966114252835,-0.04508403738267176,-0.4302523385050107,-0.3510035566301351,-1.0974075501093878,-0.23496104559749229,0.0,0.2,0.10729514435034355,58.178911495763735,382.45,20,True,False,False
1h,1.0,CDLHARAMI,20,-22272.566858144026,-0.11136283429072011,-0.17235039429405274,-0.025980352727871792,-0.060448870540189346,-0.46615285811592744,-0.7276040821445665,-0.2158573609426923,0.0,0.3,0.34555705708195594,193.24010622316197,1162.45,20,True,False,False
1h,1.0,CDLHARAMICROSS,20,11943.426565542532,0.05971713282771265,-0.0030866225401703917,0.003923619343695872,0.08133020805967567,-0.23724413433929747,-0.5858250035447015,-0.18595338887112464,0.05,0.45,0.10108932406799612,58.39950297306153,375.4,20,True,False,False
1h,1.0,CDLHIGHWAVE,20,-7130.8504163739935,-0.035654252081869967,-0.19903499483700743,-0.016397042885166396,0.020162566155592743,-0.4924545631464533,-0.6469926454487844,-0.20627405109998692,0.05,0.3,0.5521275334422601,318.3220183244363,1691.95,20,True,False,False
1h,1.0,CDLHIKKAKE,20,-47047.46874996707,-0.23523734374983535,-0.3571600905275661,-0.06360519329144568,-0.1421355593581232,-0.5963594442767757,-0.8092907709625005,-0.2534822015062662,0.0,0.1,0.6199431379622412,311.02015697752773,1673.35,20,True,False,False
1h,1.0,CDLHIKKAKEMOD,20,3509.0003224981024,0.017545001612490514,0.009340842800201088,0.0023893981630901673,0.07745489696244942,-0.0743931256104308,-0.5897003146419278,-0.18748761005173037,0.0,0.65,0.012362941588260897,6.556437727384017,43.05,20,True,False,False
1h,1.0,CDLHOMINGPIGEON,20,5991.589139853021,0.029957945699265104,0.03818338275856592,0.003989961045432111,0.20037916508281248,-0.0602466176119618,-0.4667760465215648,-0.1858870471693884,0.0,0.65,0.00939040115893169,5.430739980729511,35.7,20,True,False,False
1h,1.0,CDLIDENTICAL3CROWS,20,-1198.7677841512336,-0.005993838920756167,-0.021783222334892327,-0.001472298487203233,-0.061093871056718506,-0.08553788165303497,-0.7282490826610958,-0.19134930670202374,0.0,0.35,0.009511467356681616,5.430741022974599,35.7,20,True,False,False
1h,1.0,CDLINNECK,20,117.21685155767443,0.0005860842577883718,0.0031452556473812177,6.0361212063131385e-05,0.06141176518799931,-0.02132234057604433,-0.6024705522427753,-0.1898166470027574,0.0,0.55,0.0018199693331948888,1.0648507520427892,7.0,19,True,False,False
1h,1.0,CDLINVERTEDHAMMER,20,14580.795133846326,0.07290397566923161,0.051990443924516905,0.007556115092498511,0.10732632086724352,-0.18632804127241442,-0.5598288907371337,-0.182320893122322,0.0,0.6,0.048544497120702766,27.48076193489735,180.65,20,True,False,False
1h,1.0,CDLKICKING,20,-117.10251161744512,-0.0005855125580872256,0.0,-8.951520636315546e-05,-0.33873739318179197,-0.000767710426738033,-1.2783154128558651,-0.18996652342118367,0.0,0.0,2.6037146328762368e-05,0.015212279945951517,0.1,1,False,False,False
1h,1.0,CDLKICKINGBYLENGTH,20,-117.10251161744512,-0.0005855125580872256,0.0,-8.951520636315546e-05,-0.33873739318179197,-0.000767710426738033,-1.2783154128558651,-0.18996652342118367,0.0,0.0,2.6037146328762368e-05,0.015212279945951517,0.1,1,False,False,False
1h,1.0,CDLLADDERBOTTOM,20,5524.055344511867,0.027620276722559334,0.01811309280684681,0.003996941523306203,0.22727884683312766,-0.03548782305784336,-0.4398763647712496,-0.1858800666915143,0.0,0.65,0.0073059669689453325,4.274614762854734,28.1,20,True,False,False
1h,1.0,CDLLONGLEGGEDDOJI,20,460666.0776103663,2.3033303880518314,1.088275002860234,0.13466965238455836,0.5801139853779669,-0.38790443118307316,-0.08704122622641036,-0.05520735583026215,0.25,0.85,0.6267289646376033,198.90658363402397,1307.55,20,True,False,False
1h,1.0,CDLLONGLINE,20,-79911.99880802525,-0.3995599940401262,-0.5669715524048112,-0.10494530543853202,-0.329262259278875,-0.7091059612228485,-0.9964174708832522,-0.29482231365335254,0.0,0.15,0.7195040498497786,430.3063920258422,2056.4,20,True,False,False
1h,1.0,CDLMARUBOZU,20,10408.633318760258,0.05204316659380128,-0.19237312215284236,-0.01292298513576996,-0.0455258562449534,-0.40827055368821286,-0.7126810678493306,-0.20279999335059049,0.05,0.4,0.2729571719000065,157.46870074852464,953.3,20,True,False,False
1h,1.0,CDLMATCHINGLOW,20,29275.555524929157,0.14637777762464577,0.14539526112028933,0.016678162839679656,0.21979757884024265,-0.22766637887870225,-0.44735763276413454,-0.17319884537514088,0.0,0.65,0.10021323538562113,54.93869885696662,361.15,20,True,False,False
1h,1.0,CDLMATHOLD,20,0.0,0.0,0.0,0.0,,0.0,,-0.1898770082148205,0.0,0.0,0.0,0.0,0.0,0,False,False,False
1h,1.0,CDLMORNINGDOJISTAR,20,4414.648540675632,0.02207324270337816,0.015432764760013207,0.0027935305823758917,0.06045466876924828,-0.05948302064154922,-0.606700542835129,-0.18708347763244465,0.0,0.6,0.008155053351858305,4.746190355078568,31.2,20,True,False,False
1h,1.0,CDLMORNINGSTAR,20,-3316.6846034502023,-0.016583423017251013,-0.05259610821534322,-0.003651171256132968,-0.146268868338948,-0.12501812220463604,-0.8134240799433252,-0.1935281794709535,0.0,0.4,0.022320271170428913,12.892296340675722,84.75,20,True,False,False
1h,1.0,CDLONNECK,20,-311.84518052358885,-0.0015592259026179444,-0.0029972890681393416,-0.00034678190949440356,0.04811024736909425,-0.034397645481777143,-0.619044964235283,-0.19022379012431492,0.0,0.45,0.002937987168412137,1.7189744862248553,11.3,20,True,False,False
1h,1.0,CDLPIERCING,20,1091.670714319315,0.005458353571596575,0.01437025686478599,0.0007444495528805828,0.07800996283224557,-0.033699326173751015,-0.5891452487721317,-0.18913255866193995,0.0,0.55,0.004827450076413365,2.814252442143902,18.5,20,True,False,False
1h,1.0,CDLRICKSHAWMAN,20,230301.9333794464,1.151509666897232,0.5047387712411648,0.09232291828346574,0.4548205996524938,-0.37005959441893094,-0.21233461195188347,-0.09755408993135478,0.1,0.85,0.5125271328711736,193.9930487903602,1275.25,20,True,False,False
1h,1.0,CDLRISEFALL3METHODS,20,-4333.636654472434,-0.021668183272362175,-0.02208696092461715,-0.0034116194914496746,-0.2766510204365054,-0.03778149540739323,-0.9438062320408827,-0.1932886277062702,0.0,0.15,0.0029117201964022365,1.703763250473239,11.2,20,True,False,False
1h,1.0,CDLSEPARATINGLINES,20,-13852.88927003602,-0.0692644463501801,-0.0710298453224793,-0.013720410998477572,-0.17263386983762197,-0.19861194262666976,-0.8397890814419992,-0.2035974192132981,0.0,0.2,0.031995709005932696,18.726167976411254,121.85,20,True,False,False
1h,1.0,CDLSHOOTINGSTAR,20,-16663.71746757398,-0.08331858733786991,-0.055446811270676744,-0.015556458212683245,-0.16568408768169748,-0.2183204974136664,-0.8328392992860747,-0.20543346642750376,0.0,0.35,0.05633221265411311,31.83903713700111,209.3,20,True,False,False
1h,1.0,CDLSHORTLINE,20,-78903.15290639068,-0.39451576453195336,-0.5153064519696539,-0.09909860355698932,-0.290486210833668,-0.6705194005156766,-0.9576414224380452,-0.2889756117718098,0.0,0.15,0.7103838962551965,438.3991817100085,2060.45,20,True,False,False
1h,1.0,CDLSPINNINGTOP,20,-56067.65977422985,-0.28033829887114925,-0.35674869580743634,-0.06558231948446398,-0.12141702089854038,-0.6049541346601055,-0.7885722325029176,-0.2554593276992845,0.0,0.2,0.763903120212237,462.2138179483665,2102.85,20,True,False,False
1h,1.0,CDLSTALLEDPATTERN,20,-16970.084575198172,-0.08485042287599084,-0.09447611188086408,-0.014628603179832412,-0.2499417894399491,-0.1520300772665921,-0.9170970010443262,-0.20450561139465293,0.0,0.35,0.022619769183140716,13.067247327256116,85.9,20,True,False,False
1h,1.0,CDLSTICKSANDWICH,20,1053.761384301175,0.005268806921505875,0.005225453749101661,0.0007340949126017071,0.09780158994563537,-0.027695819401289873,-0.5568227397196917,-0.18914291330221883,0.0,0.55,0.002205681719418541,1.2778226456621693,8.4,18,True,False,False
1h,1.0,CDLTAKURI,20,61062.15074878128,0.30531075374390637,0.29136840482244775,0.03971826422492963,0.42709093847383783,-0.1955010478473892,-0.24006427313053935,-0.15015874398989087,0.0,0.95,0.12169362212929655,65.83823286148633,432.8,20,True,False,False
1h,1.0,CDLTASUKIGAP,20,3354.1102383710513,0.01677055119185526,0.0031754670311946454,0.0017290900692072896,0.011226791999575707,-0.07198871497465338,-0.6559284196048015,-0.1881479181456132,0.0,0.55,0.0089135770001014,5.217765441336977,34.25,20,True,False,False
1h,1.0,CDLTHRUSTING,20,-756.1565822593927,-0.003780782911296965,-0.005211082787400512,-0.0008475460055630657,-0.06533313242330294,-0.07331663848187267,-0.7324883440276801,-0.1907245542203836,0.0,0.35,0.010209664815277707,5.932744113200343,39.0,20,True,False,False
1h,1.0,CDLTRISTAR,20,1184.5624367966034,0.005922812183983018,0.006476808283791602,0.0008596244460734648,0.12930165334154825,-0.027650346087983058,-0.5382489945312375,-0.18901738376874705,0.0,0.6,0.0026390111307148852,1.5820616092566209,10.25,19,True,False,False
1h,1.0,CDLUNIQUE3RIVER,20,44.48718465026022,0.0002224359232513018,0.0021362953196609746,-9.209098079902555e-05,0.07693912605983959,-0.027970002692409672,-0.5922065864890146,-0.18996909919561955,0.0,0.5,0.0018460515920593265,1.0800632982387623,7.1,19,True,False,False
1h,1.0,CDLUPSIDEGAP2CROWS,20,99.5273214501713,0.0004976366072508565,0.0,7.51448089042428e-05,0.0052272069168135165,-0.0011389529822421474,-0.9052809850001511,-0.18980186340591626,0.0,0.1,7.796933245283926e-05,0.045636304706812986,0.3,3,False,False,False
1h,1.0,CDLXSIDEGAP3METHODS,20,-8983.87377054314,-0.044919368852715705,-0.08798665855608917,-0.010592794553830975,-0.08008833555290609,-0.21974111634600152,-0.7472435471572834,-0.20046980276865148,0.0,0.25,0.056504618622555736,32.84304057046442,212.55,20,True,False,False
1h,1.0,CEIL,20,-18735.540044595677,-0.09367770022297836,-0.5176516181741051,-0.07412873741974944,-0.20862566048877434,-0.711099026466484,-0.8757808720931516,-0.26400574563456997,0.0,0.15,0.969276361440019,371.6787403668555,1323.85,20,True,True,False
1h,1.0,CMO,20,16595.700019167823,0.08297850009583913,-0.4473838900702803,-0.06216443631590003,-0.1721515519337937,-0.6894328647909316,-0.8393067635381708,-0.2520414445307205,0.0,0.25,0.9987867073187445,344.99659374535554,1134.45,20,True,False,False
1h,1.0,CORREL,20,46401.9985541007,0.23200999277050344,-0.20126561050105835,-0.022339654382263763,0.002081301752162576,-0.6422562699061408,-0.6650739098522147,-0.21221666259708427,0.05,0.35,0.9807216505737466,199.5683257326375,656.45,20,True,True,False
1h,1.0,COS,20,-101164.9611979147,-0.5058248059895736,-0.6004205425930365,-0.1374476225083714,-0.32647088155680926,-0.7290070804754888,-0.9936260931611866,-0.3273246307231919,0.0,0.1,0.9983533885040105,850.1457259651401,2794.8,20,True,True,False
1h,1.0,COSH,20,72869.47271540797,0.3643473635770399,-0.635647974121999,-0.10628328711814916,-0.3652643688884055,-0.7655482035303274,-1.0324195804927827,-0.2961602953329697,0.05,0.1,0.9896417267469493,364.156426140125,1197.5,20,True,True,False
1h,1.0,DEMA_100,20,10466.703827077112,0.05233351913538557,-0.5906132170891185,-0.06932930200078578,-0.16700212113309326,-0.6765701820947407,-0.8341573327374704,-0.2592063102156063,0.0,0.25,0.9828405749365301,254.18004049085175,835.95,20,True,False,False
1h,1.0,DEMA_1000,20,-72550.66061206971,-0.3627533030603486,-0.4831515114902184,-0.07858177732275733,-0.2556317862041402,-0.6096475604865318,-0.9227869978085174,-0.26845878553757785,0.0,0.1,0.8268458016322588,69.68691065027838,229.55,20,True,False,False
1h,1.0,DEMA_200,20,68121.75876552424,0.34060879382762127,-0.22905242541232967,-0.039452970137402926,-0.06533001353589446,-0.6038960762982599,-0.7324852251402716,-0.22932997835222343,0.1,0.2,0.9655078223471667,171.04550905136765,562.7,20,True,False,False
1h,1.0,DEMA_21,20,52323.890225183364,0.26161945112591684,-0.6677085011142634,-0.08507502557960725,-0.2603681304360864,-0.7320536207494496,-0.9275233420404637,-0.2749520337944278,0.05,0.25,0.9965334494821272,576.5561261804343,1895.55,20,True,False,False
1h,1.0,DEMA_50,20,20596.969964006126,0.10298484982003062,-0.6281888658101606,-0.08724952195600769,-0.2428004053773037,-0.7079338417661954,-0.9099556169816809,-0.2771265301708282,0.05,0.15,0.9915069512312119,363.7988187420896,1196.25,20,True,False,False
1h,1.0,DEMA_9,20,-93825.21534043296,-0.4691260767021648,-0.6449389231356009,-0.13721369480639695,-0.4044377501134728,-0.7689087278666211,-1.07159296171785,-0.32709070302121745,0.0,0.1,0.9986133797928509,891.9041713658662,2932.05,20,True,False,False
1h,1.0,DIV,20,-162999.06690603436,-0.8149953345301719,-0.8737734755761062,-0.2640865051582531,-0.8839434224501457,-0.8767506287593049,-1.551098634054523,-0.45396351337307356,0.0,0.0,0.9980933803420718,1343.6443366777164,4416.95,20,True,True,False
1h,1.0,DX,20,-94243.44168843771,-0.4712172084421885,-0.5226539102542125,-0.11229774861719458,-0.3078482429250819,-0.7348559966464904,-0.9750034545294591,-0.3021747568320151,0.0,0.05,0.997140095822755,521.3968478111426,1714.25,20,True,True,False
1h,1.0,EMA_100,20,-15813.086609067603,-0.079065433045338,-0.36853393278810004,-0.04852084178360451,-0.07144115591367042,-0.6427855721043721,-0.7385963675180476,-0.23839784999842503,0.0,0.2,0.9914202874682652,173.81414187368765,571.8,20,True,False,False
1h,1.0,EMA_1000,20,27351.86555426985,0.13675932777134925,-0.1958833508204612,-0.026849894036409326,-0.0320623168664607,-0.6072320024288057,-0.699217528470838,-0.21672690225122984,0.05,0.35,0.9134229008161295,49.01358448479543,161.6,20,True,False,False
1h,1.0,EMA_200,20,-36063.79313562635,-0.18031896567813177,-0.4916823811936085,-0.06967548917020064,-0.14782731941447486,-0.6710490478774306,-0.814982531018852,-0.2595524973850212,0.0,0.25,0.9827539111735832,121.14961709309475,398.7,20,True,False,False
1h,1.0,EMA_21,20,-5565.910417586846,-0.02782955208793423,-0.5305152647854746,-0.07660333427810523,-0.20462365074778174,-0.7202760876849521,-0.8717788623521588,-0.26648034249292574,0.0,0.15,0.9982667247410637,396.18549188378176,1302.7,20,True,False,False
1h,1.0,EMA_50,20,38975.60450264875,0.19487802251324365,-0.3333094944510732,-0.046481151784566646,-0.08810924390809198,-0.6449420791573762,-0.7552644555124692,-0.2363581599993872,0.05,0.15,0.9957534756156059,247.5018517178466,814.0,20,True,False,False
1h,1.0,EMA_9,20,89498.12656551323,0.44749063282756624,-0.725593714318326,-0.11020779386135064,-0.35770013021363917,-0.7674249835752882,-1.0248553418180164,-0.30008480207617116,0.05,0.1,0.9993066898964255,618.632935203903,2033.85,20,True,False,False
1h,1.0,EXP,20,71945.51252753256,0.35972756263766287,-0.635647974121999,-0.10751842096271096,-0.3695070239339135,-0.7655482035303274,-1.0366622355382906,-0.2973954291775315,0.05,0.1,0.9896460587518012,364.17164027100335,1197.6,20,True,True,False
1h,1.0,FLOOR,20,-11132.077853163133,-0.055660389265815645,-0.5198174890505064,-0.07336764796168667,-0.2089713650395814,-0.7103319619054632,-0.8761265766439588,-0.26324465617650716,0.0,0.15,0.9693023519683491,371.8004388520821,1323.95,20,True,True,False
1h,1.0,HT_DCPERIOD,20,-48897.4773125998,-0.244487386562999,-0.41396763719479635,-0.06576899023191662,-0.10587180337572648,-0.6789206462360465,-0.7730270149801036,-0.25564599844673713,0.0,0.25,0.9955801480897124,196.28248846290947,645.65,20,True,False,False
1h,1.0,HT_DCPHASE,20,-22470.49261334324,-0.1123524630667162,-0.1796134067930406,-0.03138086766698321,0.03547757092908464,-0.6065432820755767,-0.6316776406752925,-0.22125787588180373,0.0,0.35,0.9928935714383609,284.6195153754551,936.0,20,True,False,False
1h,1.0,HT_PHASOR,20,-110885.35539737469,-0.5544267769868735,-0.7649122517742144,-0.16624871664998503,-0.45356671647385716,-0.7820706088382533,-1.1207219280782343,-0.35612572486480554,0.05,0.1,0.997226759585702,746.0499144634197,2452.65,20,True,False,False
1h,1.0,HT_SINE,20,-84065.59459141128,-0.42032797295705643,-0.5004946631887924,-0.10303557277313471,-0.23574429354186216,-0.6980619459748385,-0.9028995051462394,-0.29291258098795525,0.0,0.1,0.9945401829343504,211.00786085146055,694.05,20,True,False,False
1h,1.0,HT_TRENDLINE,20,100406.67385900425,0.5020333692950213,-0.4519201028236389,-0.048297932540934174,-0.11917329125132795,-0.659367029597931,-0.7863285028557051,-0.23817494075575468,0.05,0.25,0.9945401829343504,326.01181774635563,1072.05,20,True,False,False
1h,1.0,HT_TRENDMODE,20,428733.8218302082,2.1436691091510407,0.4564216691178914,0.10614616649893498,0.42761510742931125,-0.41904218716198083,-0.239540104175066,-0.08373084171588553,0.05,0.85,0.5671576622474245,178.4994913557921,1173.4,20,True,False,False
1h,1.0,IMI,20,-76335.00100465152,-0.38167500502325763,-0.39727980451042016,-0.10289623614013468,-0.2768153299387181,-0.7065688794119982,-0.9439705415430953,-0.2927732443549552,0.0,0.25,0.9988733710816913,392.6106117378202,1290.95,20,True,False,False
1h,1.0,KAMA_100,20,218097.9868650464,1.090489934325232,-0.4489090390516665,-0.03425439785816159,-0.07967372486528175,-0.6466692784553162,-0.746828936469659,-0.22413140607298213,0.05,0.3,0.9913336237053183,190.10636542254576,625.35,20,True,False,False
1h,1.0,KAMA_1000,20,-52171.141400358116,-0.26085570700179056,-0.3791200532129042,-0.06367378391830336,-0.1851346295587385,-0.5983003820153148,-0.8522898411631157,-0.25355079213312387,0.0,0.25,0.9133362370531826,104.91821739731006,345.35,20,True,False,False
1h,1.0,KAMA_200,20,-6036.311687229844,-0.030181558436149253,-0.4033523272565185,-0.05057319510977112,-0.06650791612606413,-0.6435864071772265,-0.7336631277304414,-0.24045020332459166,0.0,0.2,0.9826672474106365,154.09913457561186,507.0,20,True,False,False
1h,1.0,KAMA_21,20,-18473.568778424204,-0.09236784389212103,-0.5104797330407655,-0.08022608607883838,-0.20042044855719818,-0.6945278721265844,-0.8675756601615754,-0.2701030942936589,0.0,0.1,0.9981800609781167,339.9461322617816,1117.85,20,True,False,False
1h,1.0,KAMA_50,20,19896.640614563825,0.09948320307281909,-0.4872753098911235,-0.06568103362983552,-0.16515299997750926,-0.6731471301306378,-0.8323082115818865,-0.255558041844656,0.05,0.2,0.9956668118526592,246.54350890052555,810.85,20,True,False,False
1h,1.0,KAMA_9,20,387451.63763899665,1.937258188194983,-0.5994242380417789,-0.08915187088965089,-0.2993221717886573,-0.7362237347325634,-0.9664773833930346,-0.2790288791044714,0.05,0.1,0.9992200261334787,489.40557145002623,1609.1,20,True,False,False
1h,1.0,LINEARREG_100,20,-82372.7641842255,-0.4118638209211275,-0.5373027461375771,-0.1090867309861501,-0.27291666293636563,-0.7018225556516688,-0.9400718745407428,-0.29896373920097064,0.0,0.15,0.9914202874682652,249.31207304296436,819.95,20,True,False,False
1h,1.0,LINEARREG_1000,20,-37393.09033403891,-0.18696545167019457,-0.3937423373152077,-0.05100183601103703,-0.11080791771795499,-0.5977957161278514,-0.7779631293223322,-0.24087884422585754,0.0,0.25,0.9134229008161295,68.83502589611848,226.75,20,True,False,False
1h,1.0,LINEARREG_200,20,194426.92783548002,0.9721346391774002,-0.2105623657523218,-0.013913159965110772,0.02354328304132448,-0.6339727882193107,-0.6436119285630527,-0.20379016817993129,0.05,0.4,0.9827539111735832,166.93823524058692,549.2,20,True,False,False
1h,1.0,LINEARREG_21,20,-79972.04559103394,-0.3998602279551696,-0.6357411377087921,-0.10962330411810106,-0.3008077173987033,-0.7407082915430606,-0.9679629290030805,-0.29950031233292157,0.0,0.25,0.9982667247410637,594.521633011759,1954.6,20,True,False,False
1h,1.0,LINEARREG_50,20,159887.8925748139,0.7994394628740693,-0.28856042276043997,-0.025205890971379947,-0.031228827356709576,-0.6609030013034654,-0.6983840389610868,-0.21508289918620047,0.1,0.3,0.9957534756156059,362.1559621834773,1190.85,20,True,False,False
1h,1.0,LINEARREG_9,20,-136327.55720178538,-0.6816377860089269,-0.6842199889858157,-0.180575583874086,-0.5226470153292804,-0.7769176223057634,-1.1898022269336577,-0.3704525920889065,0.0,0.0,0.9993066898964255,999.5453831250925,3285.85,20,True,False,False
1h,1.0,LINEARREG_ANGLE,20,49217.69267097617,0.24608846335488077,-0.5472610154036757,-0.07767396447319282,-0.22836094510895744,-0.7253304309134512,-0.8955161567133347,-0.2675509726880133,0.1,0.1,0.9988733710816913,253.40416617310024,833.4,20,True,False,False
1h,1.0,LINEARREG_INTERCEPT_100,20,27895.258893170478,0.13947629446585236,-0.45393153455396196,-0.03630340814525104,-0.043930385648888584,-0.6383178732860896,-0.7110855972532658,-0.22618041636007158,0.0,0.25,0.9914202874682652,89.03679301543443,293.15,20,True,False,False
1h,1.0,LINEARREG_INTERCEPT_1000,20,91397.80396306177,0.4569890198153089,-0.14817329108965543,0.005947742478249818,0.06234233017841273,-0.588801412950508,-0.6048128814259645,-0.1839292657365707,0.0,0.4,0.9134229008161295,22.209762336810613,73.5,20,True,False,False
1h,1.0,LINEARREG_INTERCEPT_200,20,-36656.2295777533,-0.18328114788876648,-0.2799971777316759,-0.05221458251750941,-0.06439052208789145,-0.6262394266665388,-0.7315457336922686,-0.24209159073232991,0.0,0.1,0.9827539111735832,60.4379134470415,199.15,20,True,False,False
1h,1.0,LINEARREG_INTERCEPT_21,20,-9122.237385975855,-0.04561118692987927,-0.33224869107967614,-0.045370330777953174,-0.05958726207192096,-0.6439187955358128,-0.7267424736762982,-0.2352473389927737,0.05,0.25,0.9982667247410637,239.34811044256304,787.2,20,True,False,False
1h,1.0,LINEARREG_INTERCEPT_50,20,41188.80922024019,0.20594404610120104,-0.0856284578712937,-0.01769879718687527,0.027916991774756657,-0.6019732739180879,-0.6392382198296206,-0.2075758054016958,0.0,0.4,0.9957534756156059,129.56197407278148,426.35,20,True,False,False
1h,1.0,LINEARREG_INTERCEPT_9,20,473364.039783406,2.36682019891703,-0.5096826971053915,-0.04424805109695944,-0.14547846658234637,-0.7174741414025582,-0.8126336781867236,-0.23412505931177993,0.05,0.25,0.9993066898964255,450.27992515166017,1480.5,20,True,False,False
1h,1.0,LINEARREG_SLOPE,20,49217.69267097617,0.24608846335488077,-0.5472610154036757,-0.07767396447319282,-0.22836094510895744,-0.7253304309134512,-0.8955161567133347,-0.2675509726880133,0.1,0.1,0.9988733710816913,253.40416617310024,833.4,20,True,False,False
1h,1.0,LN,20,-48662.05312479112,-0.24331026562395558,-0.49683546488563207,-0.07852394102151201,-0.18352186428101738,-0.7013126797329832,-0.8506770758853947,-0.2684009492363325,0.0,0.15,0.9983533885040105,366.293604690381,1204.45,20,True,True,False
1h,1.0,LOG10,20,-48662.05312479112,-0.24331026562395558,-0.49683546488563207,-0.07852394102151201,-0.18352186428101738,-0.7013126797329832,-0.8506770758853947,-0.2684009492363325,0.0,0.15,0.9983533885040105,366.293604690381,1204.45,20,True,True,False
1h,1.0,MACD,20,-24230.855889183553,-0.12115427944591775,-0.37252796025893964,-0.06745301881862995,-0.1388779856259143,-0.6857025365324103,-0.8060331972302915,-0.2573300270334505,0.05,0.25,0.997140095822755,266.41059496211926,876.15,20,True,False,False
1h,1.0,MACDEXT,20,102136.28194970779,0.5106814097485389,-0.2664476787435218,-7.157672917221247e-05,0.07350488204966106,-0.5923195568384043,-0.5936503295547161,-0.18994858494399275,0.05,0.3,0.997140095822755,238.26804812686305,783.65,20,True,False,False
1h,1.0,MACDFIX,20,-21580.809510633386,-0.10790404755316692,-0.3925862962643179,-0.06420364833204337,-0.13024657877574092,-0.6842568970584593,-0.7974017903801182,-0.2540806565468639,0.05,0.2,0.997140095822755,264.4938621845357,869.85,20,True,False,False
1h,1.0,MAMA,20,-54570.13389759019,-0.27285066948795095,-0.28702386227722665,-0.058940141352891516,-0.07101068040798404,-0.6456525511517716,-0.7381658920123613,-0.248817149567712,0.0,0.1,0.997226759585702,150.159227590165,494.05,20,True,False,False
1h,1.0,MAVP,20,-38260.65476342614,-0.1913032738171307,-0.5015371096137339,-0.0783241419312746,-0.19112704278139048,-0.705619879736884,-0.8582822543857678,-0.26820115014609514,0.0,0.15,0.9974867508745422,365.97414686356086,1203.4,20,True,False,False
1h,1.0,MAX,20,65736.16290412065,0.32868081452060316,-0.2774185027561009,-0.03543919482497939,-0.06006328615347208,-0.5810303023893459,-0.7272184977578493,-0.22531620303979993,0.05,0.25,0.8511633071543491,92.06399123447375,492.15,20,True,True,False
1h,1.0,MAXINDEX,20,417402.63224232616,2.0870131612116305,0.9106535149221614,0.1369477476455047,0.5416462242971064,-0.43220055228145127,-0.1255089873072708,-0.052929260569315816,0.15,0.95,0.8536072805251871,57.654087591389796,379.0,20,True,True,False
1h,1.0,MA_100,20,108151.26308156064,0.5407563154078032,-0.34064612361580254,-0.028893938203617,-0.0363748600405999,-0.6271980839155488,-0.703530071644977,-0.21877094641843753,0.05,0.2,0.9914202874682652,151.08721130932966,497.1,20,True,False,False
1h,1.0,MA_1000,20,21016.054634967408,0.10508027317483704,-0.3589115832006461,-0.03216909923453899,-0.06808560187312904,-0.6208446600627906,-0.7352408134775062,-0.22204610744935951,0.05,0.35,0.9134229008161295,43.17211773658623,142.4,20,True,False,False
1h,1.0,MA_200,20,-45332.72781260478,-0.22666363906302395,-0.48402283718945327,-0.06822128694316698,-0.13155897286582047,-0.6854565230631782,-0.7987141844701977,-0.2580982951579875,0.0,0.2,0.9827539111735832,108.03677134884026,355.6,20,True,False,False
1h,1.0,MA_21,20,-9318.23180537095,-0.04659115902685473,-0.4710479756391128,-0.06539453308174693,-0.15552752623695332,-0.6949343621985106,-0.8226827378413306,-0.2552715412965675,0.0,0.2,0.9982667247410637,356.83164248909696,1173.35,20,True,False,False
1h,1.0,MA_50,20,-50851.479819510925,-0.2542573990975546,-0.3512508854043158,-0.061940922530795084,-0.1099096863501314,-0.6475700081946818,-0.7770648979545086,-0.2518179307456156,0.0,0.15,0.9957534756156059,219.75489688367287,722.8,20,True,False,False
1h,1.0,MA_9,20,277363.9634222748,1.386819817111374,-0.6285280540060891,-0.09119039923345121,-0.30321984254264306,-0.7709637626261802,-0.9703750541470203,-0.2810674074482717,0.05,0.15,0.9993066898964255,597.0772783406326,1963.0,20,True,False,False
1h,1.0,MEDPRICE,20,-159381.66186559905,-0.7969083093279953,-0.8718602001606612,-0.2700871948337692,-0.9544475067639888,-0.8902914521980374,-1.6216027183683661,-0.45996420304858965,0.0,0.05,0.9991940566713723,1758.2365441283196,5788.75,20,True,False,False
1h,1.0,MFI,20,-118444.89315700447,-0.5922244657850223,-0.6610039636511338,-0.15202916035056385,-0.3861943795377285,-0.7474664430994028,-1.0533495911421056,-0.3419061685653844,0.0,0.05,0.9987867073187445,342.6082590081431,1126.6,20,True,False,False
1h,1.0,MIDPOINT_100,20,28222.969817816196,0.14111484908908103,-0.43881790852966845,-0.05092725148012567,-0.09367417298919802,-0.6486997900016029,-0.7608293845935752,-0.24080425969494618,0.0,0.2,0.9913812877849264,140.10399029034608,461.45,20,True,False,False
1h,1.0,MIDPOINT_1000,20,69038.70003159088,0.34519350015795436,-0.399082055758923,-0.03197422012201133,-0.07497886416160446,-0.6231527958913763,-0.7421340757659817,-0.22185122833683185,0.0,0.3,0.9134229008161295,41.924713582780015,138.3,20,True,False,False
1h,1.0,MIDPOINT_200,20,-20902.149673870153,-0.10451074836935077,-0.5127420622079142,-0.045860498763758195,-0.05916819696201148,-0.656213344362804,-0.7263234085663887,-0.2357375069785787,0.0,0.35,0.982745245661277,98.16410152676416,323.25,20,True,False,False
1h,1.0,MIDPOINT_21,20,-58653.17267640962,-0.2932658633820481,-0.4259990206936873,-0.0830935844113262,-0.18834410397495754,-0.7061283674289606,-0.8554993155793348,-0.2729705926261467,0.0,0.15,0.9981583945735555,340.3720846684343,1120.45,20,True,False,False
1h,1.0,MIDPOINT_50,20,-49519.440066347976,-0.24759720033173985,-0.407505715616634,-0.06708376605810529,-0.13160170741099358,-0.6579001948869702,-0.7987569190153707,-0.2569607742729258,0.0,0.2,0.9957231451984123,203.4626473282474,669.6,20,True,False,False
1h,1.0,MIDPOINT_9,20,277683.50445734576,1.3884175222867285,-0.5727350884775563,-0.06528434740849914,-0.20090857580226812,-0.7452836368736323,-0.8680637874066454,-0.25516135562331965,0.05,0.15,0.9991723662064598,567.2006020598138,1866.35,20,True,False,False
1h,1.0,MIDPRICE_100,20,-2994.0256618682984,-0.014970128309341524,-0.42711188868652084,-0.05232592915245056,-0.09785778780724556,-0.6545647511758674,-0.7650129994116227,-0.24220293736727108,0.0,0.3,0.9913942864275074,140.78852436745666,463.55,20,True,False,False
1h,1.0,MIDPRICE_1000,20,30242.773023053982,0.15121386511526996,-0.45252036083658875,-0.04002879598210158,-0.10619268565793427,-0.6297517063143109,-0.7733478972623115,-0.2299058041969221,0.05,0.3,0.9134229008161295,42.8830617759847,141.45,20,True,False,False
1h,1.0,MIDPRICE_200,20,-37142.92956717251,-0.18571464783586253,-0.544047799896463,-0.05980286589608996,-0.10714212995055747,-0.6631103902272661,-0.7742973415549347,-0.24967987411091047,0.0,0.35,0.9827279120092893,99.38106853314312,327.45,20,True,False,False
1h,1.0,MIDPRICE_21,20,43607.77242372151,0.2180388621186075,-0.5346848624450121,-0.06313072058280524,-0.17115168954102009,-0.7004892422676783,-0.8383069011453973,-0.25300772879762573,0.05,0.25,0.9981410688163317,338.0293716027451,1112.9,20,True,False,False
1h,1.0,MIDPRICE_50,20,-19029.444526539497,-0.09514722263269752,-0.39332563014000294,-0.06017339606044123,-0.13154028547517682,-0.6565763325683538,-0.7986954970795541,-0.2500504042752617,0.0,0.25,0.9956668058351399,206.41382008653827,679.95,20,True,False,False
1h,1.0,MIDPRICE_9,20,212189.72291596548,1.0609486145798275,-0.4551386840532806,-0.05575193163447787,-0.1683749463031825,-0.7132531259913295,-0.8355301579075597,-0.2456289398492984,0.05,0.2,0.9991333571267951,546.101311822609,1797.45,20,True,False,False
1h,1.0,MIN,20,-37730.63742370173,-0.18865318711850862,-0.38160486405713673,-0.06578692842675675,-0.11708157818223855,-0.611935967310866,-0.7842367897866158,-0.25566393664157727,0.05,0.3,0.8506434189547545,91.50113656881334,486.6,20,True,True,False
1h,1.0,MININDEX,20,384673.5358820412,1.923367679410206,1.2287740529135456,0.14234586771392793,0.574885198553175,-0.43601764072752164,-0.09227001305120228,-0.04753114050089259,0.25,1.0,0.8531826228557321,56.482748140666445,371.3,20,True,True,False
1h,1.0,MINMAX,20,30482.75666074314,0.15241378330371566,-0.4139014913774636,-0.059269934475549665,-0.1268105005761619,-0.6927100129047998,-0.7939657121805391,-0.24914694269037016,0.05,0.25,0.9911083038678716,208.39898450684555,704.7,20,True,True,False
1h,1.0,MINMAXINDEX,20,-36628.030942501595,-0.183140154712508,-0.41632466586334177,-0.06749029844191877,-0.1434296474168854,-0.7060601492094261,-0.8105848590212625,-0.2573673066567393,0.0,0.2,0.9913856701582173,241.28768139950725,828.9,20,True,True,False
1h,1.0,MINUS_DI,20,-51954.58604033235,-0.25977293020166176,-0.5284552303981753,-0.09060426135807145,-0.23657142873441042,-0.7117899468835375,-0.9037266403387877,-0.280481269572892,0.0,0.15,0.9987867073187445,282.07906656418413,927.65,20,True,False,False
1h,1.0,MINUS_DM,20,-51098.73155213905,-0.25549365776069527,-0.5278268462769728,-0.09035030364270744,-0.23597854115583164,-0.711789946883538,-0.9031337527602089,-0.28022731185752797,0.0,0.15,0.9988733710816913,282.1247031338812,927.8,20,True,False,False
1h,1.0,MOM,20,-9403.496045554331,-0.04701748022777168,-0.5223757330935404,-0.08189927655216588,-0.22390723896682366,-0.7140884382195352,-0.8910624505712009,-0.2717762847669864,0.0,0.15,0.9983750511978583,464.8379600895396,1537.05,20,True,False,False
1h,1.0,MULT,20,-31492.348350225955,-0.15746174175112976,-0.4312172384170646,-0.06031008097806347,-0.10344328065790168,-0.6822667389283469,-0.7705984922622788,-0.250187089192884,0.0,0.25,0.9983533885040105,326.80282029905436,1074.65,20,True,True,False
1h,1.0,NATR,20,-117437.51090755269,-0.5871875545377635,-0.7350077771421231,-0.17781283577383783,-0.5165987725018985,-0.7755062250433647,-1.1837539841062756,-0.36768984398865834,0.05,0.05,0.997140095822755,440.1638923173996,1447.25,20,True,True,False
1h,1.0,OBV,20,-97915.2142908689,-0.4895760714543445,-0.5408830305509114,-0.1351709127810352,-0.3647241320678708,-0.7529591936437315,-1.031879343672248,-0.3250479209958557,0.0,0.1,0.993067015379354,450.94928467785047,1486.35,20,True,False,False
1h,1.0,PLUS_DI,20,-51954.58604033235,-0.25977293020166176,-0.5284552303981753,-0.09060426135807145,-0.23657142873441042,-0.7117899468835375,-0.9037266403387877,-0.280481269572892,0.0,0.15,0.9987867073187445,282.07906656418413,927.65,20,True,False,False
1h,1.0,PLUS_DM,20,-51098.73155213905,-0.25549365776069527,-0.5278268462769728,-0.09035030364270744,-0.23597854115583164,-0.711789946883538,-0.9031337527602089,-0.28022731185752797,0.0,0.15,0.9988733710816913,282.1247031338812,927.8,20,True,False,False
1h,1.0,PPO,20,-63276.333115114496,-0.31638166557557246,-0.4566621835523717,-0.07334804751077105,-0.10791181117980297,-0.6577330345925815,-0.7750670227841802,-0.2632250557255916,0.0,0.2,0.9978334059263295,146.26490817797622,481.25,20,True,False,False
1h,1.0,ROC,20,-9403.496045554331,-0.04701748022777168,-0.5223757330935404,-0.08189927655216588,-0.22390723896682366,-0.7140884382195352,-0.8910624505712009,-0.2717762847669864,0.0,0.15,0.9983750511978583,464.8379600895396,1537.05,20,True,False,False
1h,1.0,ROCP,20,-9403.496045554331,-0.04701748022777168,-0.5223757330935404,-0.08189927655216588,-0.22390723896682366,-0.7140884382195352,-0.8910624505712009,-0.2717762847669864,0.0,0.15,0.9983750511978583,464.8379600895396,1537.05,20,True,False,False
1h,1.0,ROCR,20,-9403.496045554331,-0.04701748022777168,-0.5223757330935404,-0.08189927655216588,-0.22390723896682366,-0.7140884382195352,-0.8910624505712009,-0.2717762847669864,0.0,0.15,0.9983750511978583,464.8379600895396,1537.05,20,True,False,False
1h,1.0,ROCR100,20,-9403.496045554331,-0.04701748022777168,-0.5223757330935404,-0.08189927655216588,-0.22390723896682366,-0.7140884382195352,-0.8910624505712009,-0.2717762847669864,0.0,0.15,0.9983750511978583,464.8379600895396,1537.05,20,True,False,False
1h,1.0,RSI,20,16595.700019167823,0.08297850009583913,-0.4473838900702803,-0.06216443631590003,-0.1721515519337937,-0.6894328647909316,-0.8393067635381708,-0.2520414445307205,0.0,0.25,0.9987867073187445,344.99659374535554,1134.45,20,True,False,False
1h,1.0,SAR,20,404448.03351699887,2.0222401675849944,-0.46729703560487734,-0.042260297259647236,-0.13782198432408313,-0.677962114522719,-0.8049771959284604,-0.23213730547446776,0.05,0.3,0.9998916728337276,282.87012953604966,930.5,20,True,False,False
1h,1.0,SAREXT,20,404436.43531193025,2.0221821765596513,-0.46747781054378096,-0.042335450853222135,-0.13829198055724987,-0.6779822188911411,-0.8054471921616271,-0.23221245906804264,0.05,0.3,0.9998873355711326,282.94619013348085,930.7,20,True,False,False
1h,1.0,SIN,20,-92772.67252270383,-0.4638633626135191,-0.6517811832563785,-0.12660998696954245,-0.3281335547992551,-0.7344939827006935,-0.9952887664036323,-0.31648699518436296,0.0,0.15,0.9983533885040105,848.7614118951745,2790.25,20,True,True,False
1h,1.0,SINH,20,72869.47271540797,0.3643473635770399,-0.635647974121999,-0.10628328711814916,-0.3652643688884055,-0.7655482035303274,-1.0324195804927827,-0.2961602953329697,0.05,0.1,0.9896417267469493,364.156426140125,1197.5,20,True,True,False
1h,1.0,SMA_100,20,108151.26308156064,0.5407563154078032,-0.34064612361580254,-0.028893938203617,-0.0363748600405999,-0.6271980839155488,-0.703530071644977,-0.21877094641843753,0.05,0.2,0.9914202874682652,151.08721130932966,497.1,20,True,False,False
1h,1.0,SMA_1000,20,21016.054634967408,0.10508027317483704,-0.3589115832006461,-0.03216909923453899,-0.06808560187312904,-0.6208446600627906,-0.7352408134775062,-0.22204610744935951,0.05,0.35,0.9134229008161295,43.17211773658623,142.4,20,True,False,False
1h,1.0,SMA_200,20,-45332.72781260478,-0.22666363906302395,-0.48402283718945327,-0.06822128694316698,-0.13155897286582047,-0.6854565230631782,-0.7987141844701977,-0.2580982951579875,0.0,0.2,0.9827539111735832,108.03677134884026,355.6,20,True,False,False
1h,1.0,SMA_21,20,-9318.23180537095,-0.04659115902685473,-0.4710479756391128,-0.06539453308174693,-0.15552752623695332,-0.6949343621985106,-0.8226827378413306,-0.2552715412965675,0.0,0.2,0.9982667247410637,356.83164248909696,1173.35,20,True,False,False
1h,1.0,SMA_50,20,-50851.479819510925,-0.2542573990975546,-0.3512508854043158,-0.061940922530795084,-0.1099096863501314,-0.6475700081946818,-0.7770648979545086,-0.2518179307456156,0.0,0.15,0.9957534756156059,219.75489688367287,722.8,20,True,False,False
1h,1.0,SMA_9,20,277363.9634222748,1.386819817111374,-0.6285280540060891,-0.09119039923345121,-0.30321984254264306,-0.7709637626261802,-0.9703750541470203,-0.2810674074482717,0.05,0.15,0.9993066898964255,597.0772783406326,1963.0,20,True,False,False
1h,1.0,SQRT,20,-52505.98488259794,-0.2625299244129897,-0.495854508810529,-0.0803309167284874,-0.18900255411125724,-0.703401594910304,-0.8561577657156345,-0.2702079249433079,0.0,0.15,0.9983533885040105,366.4761488684445,1205.05,20,True,True,False
1h,1.0,STDDEV,20,-163261.9120592736,-0.8163095602963679,-0.8471761370901967,-0.25332486734143433,-0.811642355688552,-0.8625555221130675,-1.4787975672929292,-0.4432018755562549,0.0,0.0,0.9980067334522232,711.3205765673249,2338.5,20,True,True,False
1h,1.0,STOCH,20,-128918.96045581292,-0.6445948022790646,-0.738033031902892,-0.17090993941908747,-0.4736967297118476,-0.7761164646956495,-1.140851941316225,-0.360786947633908,0.0,0.0,0.9993066898964255,901.8528517269345,2964.75,20,True,False,False
1h,1.0,STOCHF,20,-155512.78994804694,-0.7775639497402347,-0.8600768042549609,-0.25528830532899177,-0.8494682759167945,-0.8752535385737674,-1.5166234875211717,-0.44516531354381234,0.0,0.05,0.9994800174223191,1437.351266340795,4724.85,20,True,False,False
1h,1.0,STOCHRSI,20,-157740.6271695389,-0.7887031358476945,-0.8307485763164547,-0.25134430447885225,-0.8565953478068004,-0.8730749902665874,-1.5237505594111775,-0.4412213126936727,0.0,0.05,0.9938127642682524,1391.3040770119019,4603.4,20,True,False,False
1h,1.0,SUB,20,-166428.24719591383,-0.8321412359795692,-0.8917739086986104,-0.27500109050552923,-0.9305421796814581,-0.8838694612216178,-1.5976973912858354,-0.4648780987203498,0.0,0.0,0.9983533885040105,1346.4585784884111,4426.1,20,True,True,False
1h,1.0,SUM,20,-25812.312613047157,-0.12906156306523578,-0.25537477345306964,-0.05152975182751882,-0.060014363556725514,-0.6229577207140985,-0.7271695751611027,-0.24140676004233935,0.0,0.3,0.9958401393785528,80.60923131673715,265.45,20,True,True,False
1h,1.0,T3_100,20,-51702.19913330555,-0.2585109956665278,-0.4745103821078683,-0.07401746760343497,-0.16918423473230018,-0.6106042910385739,-0.8363394463366773,-0.2638944758182555,0.0,0.2,0.9485217248095905,117.34663459657898,386.2,20,True,False,False
1h,1.0,T3_1000,20,-19847.000573545844,-0.09923500286772921,-0.1368671498032455,-0.028277610127602864,-0.07035089835557366,-0.47095234759747073,-0.7375061099599509,-0.2181546183424234,0.0,0.3,0.48053740489677665,18.60446799916606,61.65,20,True,False,False
1h,1.0,T3_200,20,-26071.07006248049,-0.13035535031240242,-0.3192719077510778,-0.050645893596402834,-0.1090507314458383,-0.578043249583291,-0.7762059430502155,-0.24052290181122332,0.0,0.25,0.8965234670415001,74.26577566659424,244.6,20,True,False,False
1h,1.0,T3_21,20,52240.220270401485,0.26120110135200736,-0.5055932370955769,-0.05829630613238077,-0.15181784180323066,-0.6744786980877475,-0.8189730534076078,-0.24817331434720127,0.1,0.3,0.9896003484463819,297.59551617038693,978.65,20,True,False,False
1h,1.0,T3_50,20,20469.239650702093,0.10234619825351052,-0.4074796554896342,-0.04565613484481547,-0.08429618324142488,-0.6314541608417221,-0.751451394845802,-0.235533143059636,0.0,0.15,0.9745208536936356,177.6476523115527,584.4,20,True,False,False
1h,1.0,T3_9,20,-29417.97232491681,-0.1470898616245841,-0.5856404529442268,-0.10291771291022973,-0.2928575695747887,-0.7340261977111555,-0.9600127811791659,-0.29279472112505023,0.0,0.25,0.9958401393785528,523.2222348647475,1720.25,20,True,False,False
1h,1.0,TAN,20,-102085.28342817097,-0.5104264171408548,-0.6805198846533792,-0.1328516245566731,-0.3127154982495679,-0.7486994230279732,-0.9798707098539451,-0.32272863277149366,0.0,0.15,0.9983533885040105,929.690495511369,3056.25,20,True,True,False
1h,1.0,TANH,20,9954.691630719002,0.049773458153595004,0.0,0.0055408975387440385,0.4932891485001586,-0.02396024137950605,-0.8272977709289807,-0.1843361106760765,0.0,0.05,0.016854370614225074,5.917473283206381,21.1,1,False,True,False
1h,1.0,TEMA_100,20,-101857.7679144875,-0.5092888395724375,-0.6273975799572304,-0.12401310754954901,-0.33365510239700213,-0.7116812097477201,-1.0008103140013793,-0.31389011576436954,0.0,0.1,0.9742608624047951,291.3432881090226,958.1,20,True,False,False
1h,1.0,TEMA_1000,20,-21767.169056390514,-0.10883584528195256,-0.26058785526442513,-0.04403487457675391,-0.10912710814235298,-0.5544500269971414,-0.7762823197467302,-0.23391188279157443,0.0,0.4,0.7402687024483884,67.55722074634319,222.55,20,True,False,False
1h,1.0,TEMA_200,20,-29280.266919787056,-0.14640133459893528,-0.3629481087891022,-0.05024631640799763,-0.09077615339633907,-0.5921106958887238,-0.7579313650007162,-0.24012332462281813,0.0,0.25,0.94826173352075,194.54837776384352,639.95,20,True,False,False
1h,1.0,TEMA_21,20,-93754.01782366383,-0.4687700891183192,-0.5493952950832393,-0.11457918105571126,-0.30148123193164034,-0.7295369240727545,-0.9686364435360175,-0.3044561892705318,0.0,0.1,0.9948001742231909,658.9755415088576,2166.45,20,True,False,False
1h,1.0,TEMA_50,20,-56646.59767605866,-0.2832329883802933,-0.4871817277483266,-0.08157729493811976,-0.1938572494000609,-0.6963093933061528,-0.8610124610044382,-0.2714543031529403,0.0,0.25,0.9872604268468178,416.79801240239965,1370.45,20,True,False,False
1h,1.0,TEMA_9,20,-131704.9080714682,-0.6585245403573411,-0.7783615817278322,-0.1915854268110037,-0.5749056677564642,-0.7954831607231231,-1.2420608793608414,-0.3814624350258243,0.0,0.05,0.9979200696892765,1031.4452543585999,3390.7,20,True,False,False
1h,1.0,TRANGE,20,-169404.2167671659,-0.8470210838358294,-0.8739347974278215,-0.2740483361632901,-0.9220171567833155,-0.8877899165599297,-1.5891723683876928,-0.4639253443781106,0.0,0.0,0.9982667247410637,1317.6163285153639,4331.3,20,True,True,False
1h,1.0,TRIMA_100,20,125263.8688309638,0.626319344154819,-0.27147132008297836,-0.01980500760591098,-0.0021250176792957597,-0.6165165999287655,-0.6692802292836729,-0.20968201582073148,0.05,0.3,0.9914202874682652,141.8077702993383,466.6,20,True,False,False
1h,1.0,TRIMA_1000,20,-6328.769608855702,-0.03164384804427853,-0.34597660409671877,-0.04844239578435301,-0.12416707657662536,-0.6452010073836463,-0.7913222881810025,-0.23831940399917353,0.05,0.3,0.9134229008161295,43.32425847868099,142.9,20,True,False,False
1h,1.0,TRIMA_200,20,-17172.99675968799,-0.08586498379843996,-0.3896235642393949,-0.04487854958405416,-0.0552853013065159,-0.6430438762777343,-0.7224405129108931,-0.2347555577988747,0.0,0.3,0.9827539111735832,100.2177203200565,329.9,20,True,False,False
1h,1.0,TRIMA_21,20,40346.31575875065,0.20173157879375334,-0.534745712461715,-0.06870525339869593,-0.1940298548403347,-0.7023320380037209,-0.8611850664447118,-0.25858226161351644,0.05,0.15,0.9982667247410637,354.7627731238191,1166.55,20,True,False,False
1h,1.0,TRIMA_50,20,-45793.52936420343,-0.22896764682101717,-0.2902224677867225,-0.05356556880185679,-0.07611429412494779,-0.6402139125232964,-0.743269505729325,-0.24344257701667732,0.0,0.25,0.9957534756156059,214.4306145566596,705.3,20,True,False,False
1h,1.0,TRIMA_9,20,108465.13705998668,0.5423256852999334,-0.6076938935772908,-0.11082950416798905,-0.3548049026909236,-0.776570189193316,-1.0219601142953008,-0.30070651238280954,0.05,0.1,0.9993066898964255,625.0828565543563,2055.05,20,True,False,False
1h,1.0,TRIX,20,9791.667970103787,0.048958339850518964,-0.17652145258154506,-0.0330795671948447,-0.011984326924480686,-0.6249684355402064,-0.6791395385288579,-0.22295657540966524,0.0,0.4,0.9923735888606802,40.66210308315791,134.15,20,True,False,False
1h,1.0,TSF_100,20,-80749.07035340393,-0.40374535176701964,-0.5715131008950756,-0.10844268882671312,-0.268412420131673,-0.6976380573229507,-0.9355676317360502,-0.29831969704153366,0.0,0.15,0.9914202874682652,246.90855428684677,812.05,20,True,False,False
1h,1.0,TSF_1000,20,-41021.70639312093,-0.20510853196560466,-0.4017678966979054,-0.05338230209720789,-0.117960298378972,-0.5981840859636479,-0.7851155099833492,-0.2432593103120284,0.0,0.2,0.9134229008161295,68.86544885692172,226.85,20,True,False,False
1h,1.0,TSF_200,20,127089.93406767712,0.6354496703383855,-0.2529310304012746,-0.016727368306556707,0.024081617744820157,-0.6354591021883209,-0.6430735938595571,-0.20660437652137725,0.05,0.35,0.9827539111735832,166.08636141801907,546.4,20,True,False,False
1h,1.0,TSF_21,20,-58135.575815443684,-0.2906778790772184,-0.5787044125443895,-0.09146573081105976,-0.23129277349265537,-0.7173188355466286,-0.8984479850970326,-0.2813427390258803,0.05,0.25,0.9982667247410637,570.5016301810655,1875.65,20,True,False,False
1h,1.0,TSF_50,20,153012.0084740663,0.7650600423703315,-0.31619199259845115,-0.015901405340346758,-0.001418720447227767,-0.648673208113362,-0.668573932051605,-0.2057784135551673,0.1,0.3,0.9957534756156059,354.8236880732231,1166.75,20,True,False,False
1h,1.0,TSF_9,20,-133227.6021948037,-0.6661380109740185,-0.7252034732652992,-0.1670897339604399,-0.4481807990590487,-0.7600825223532576,-1.1153360106634258,-0.3569667421752604,0.0,0.0,0.9993066898964255,894.1098723466818,2939.3,20,True,False,False
1h,1.0,TYPPRICE,20,-159137.46981385583,-0.7956873490692791,-0.8732439243987933,-0.26963442158944384,-0.9523793018736905,-0.8898074355502562,-1.6195345134780676,-0.45951142980426435,0.0,0.05,0.9992807046444658,1758.1148459077467,5787.35,20,True,False,False
1h,1.0,ULTOSC,20,26881.34359101353,0.13440671795506767,-0.34199479383461656,-0.0485737102641839,-0.1359540583750036,-0.6657792673263596,-0.8031092699793808,-0.23845071847900443,0.0,0.35,0.9975734146374892,473.28067668618286,1556.1,20,True,False,False
1h,1.0,VAR,20,-164097.89526625656,-0.8204894763312828,-0.8499378947284403,-0.252580928852718,-0.8074764896452493,-0.8611519759197435,-1.4746317012496264,-0.4424579370675385,0.0,0.0,0.9980067334522232,640.0363755938407,2104.2,20,True,True,False
1h,1.0,WCLPRICE,20,-159381.66186559905,-0.7969083093279953,-0.8718602001606612,-0.2700871948337692,-0.9544475067639888,-0.8902914521980374,-1.6216027183683661,-0.45996420304858965,0.0,0.05,0.9991940566713723,1758.2365441283196,5788.75,20,True,False,False
1h,1.0,WILLR,20,187704.23625304352,0.9385211812652174,-0.48367183506656763,-0.059065897448830895,-0.18196489304751318,-0.6906815545382285,-0.8491201046518905,-0.2489429056636514,0.05,0.15,0.9987607070384786,425.636203576521,1400.8,20,True,False,False
1h,1.0,WMA_100,20,159860.56156699656,0.7993028078349826,-0.22470093501795763,-0.018843944076727542,-0.004758704734507871,-0.6066577042942498,-0.6719139163388851,-0.20872095229154808,0.05,0.25,0.9914202874682652,195.81094015879881,644.1,20,True,False,False
1h,1.0,WMA_1000,20,-40283.4092979941,-0.2014170464899705,-0.332912786955188,-0.061088704882195435,-0.16225421397237993,-0.6508964323130704,-0.8294094255767572,-0.25096571309701593,0.0,0.25,0.9134229008161295,58.70370657464656,193.45,20,True,False,False
1h,1.0,WMA_200,20,-12092.030179639,-0.06046015089819501,-0.4365415412475695,-0.05083152655338432,-0.08416325221884166,-0.6462386855319318,-0.7513184638232189,-0.24070853476820483,0.0,0.2,0.9827539111735832,135.76852161802827,446.75,20,True,False,False
1h,1.0,WMA_21,20,235570.50596413747,1.1778525298206872,-0.637801865272176,-0.07272317749294366,-0.2418158339811824,-0.7358488652659518,-0.9089710455855595,-0.26260018570776417,0.05,0.2,0.9982667247410637,456.4864957309631,1500.9,20,True,False,False
1h,1.0,WMA_50,20,14265.785738731058,0.07132892869365529,-0.3814102675525539,-0.052080302687355154,-0.12460424373238177,-0.6608663968081372,-0.791759455336759,-0.24195731090217568,0.0,0.25,0.9957534756156059,285.4409734684403,938.7,20,True,False,False
1h,1.0,WMA_9,20,-20141.82887989438,-0.10070914439947183,-0.7143342942132049,-0.14880442728493073,-0.4940095260665041,-0.7964553142106608,-1.1611647376708814,-0.33868143549975127,0.05,0.05,0.9993066898964255,738.5199461377017,2427.9,20,True,False,False
1h,5.0,ACCBANDS,20,-86655.61675141442,-0.4332780837570721,-0.5446432641506129,-0.10996582030533797,-0.27032122009321846,-0.7165532832766596,-0.9374764316975958,-0.29984282852015853,0.0,0.05,0.9971011375251854,62.59803532865472,206.25,20,True,False,False
1h,5.0,ACOS,20,0.0,0.0,0.0,0.0,,0.0,,-0.1898770082148205,0.0,0.0,0.0,0.0,0.0,0,False,True,False
1h,5.0,AD,20,-166474.7929664957,-0.8323739648324786,-0.9205878832884647,-0.27320799778102833,-0.9547617835860548,-0.8911342737711084,-1.621916995190432,-0.46308500599584884,0.0,0.0,0.9931276581931806,406.81876210723493,1341.3,20,True,False,False
1h,5.0,ADD,20,-127896.3911609466,-0.639481955804733,-0.7640653695512816,-0.1771685223311128,-0.5523637933952792,-0.8274282217409296,-1.2195190049996563,-0.3670455305459333,0.0,0.05,0.9983533885040105,326.49858001142536,1073.65,20,True,True,False
1h,5.0,ADOSC,20,-137679.57801237586,-0.6883978900618792,-0.8430818632621818,-0.23756537135325603,-0.8373309124073082,-0.8706617939986941,-1.5044861240116856,-0.4274423795680765,0.0,0.05,0.9992200261334787,370.7355595426437,1219.05,20,True,False,False
1h,5.0,ADX,20,-98660.7827558115,-0.49330391377905747,-0.5734260909853701,-0.12615224892518434,-0.31608358802518083,-0.735251715622181,-0.983238799629558,-0.31602925714000485,0.05,0.1,0.9960134669044465,204.13199436835964,671.45,20,True,True,False
1h,5.0,ADXR,20,-85991.76740783453,-0.4299588370391726,-0.4582993390807936,-0.10327855219136547,-0.24163100567182866,-0.7266642018267588,-0.9087862172762058,-0.293155560406186,0.0,0.1,0.9948868379861378,175.8830081808593,578.6,20,True,True,False
1h,5.0,APO,20,-107006.28595245696,-0.5350314297622848,-0.6317796129064432,-0.12615096967404413,-0.3095860178977934,-0.7450953555015737,-0.9767412295021705,-0.31602797788886466,0.0,0.0,0.9978334059263295,146.26490817797622,481.25,20,True,False,False
1h,5.0,AROON,20,-110030.63386171033,-0.5501531693085517,-0.6638697332481369,-0.15838806713727246,-0.5041935451022322,-0.7879899549749145,-1.1713487567066094,-0.348265075352093,0.0,0.05,0.9903453151031947,226.46342950587353,771.15,20,True,False,False
1h,5.0,AROONOSC,20,-110030.63386171033,-0.5501531693085517,-0.6638697332481369,-0.15838806713727246,-0.5041935451022322,-0.7879899549749145,-1.1713487567066094,-0.348265075352093,0.0,0.05,0.9903453151031947,226.46342950587353,771.15,20,True,False,False
1h,5.0,ASIN,20,0.0,0.0,0.0,0.0,,0.0,,-0.1898770082148205,0.0,0.0,0.0,0.0,0.0,0,False,True,False
1h,5.0,ATAN,20,-138594.56464172996,-0.6929728232086497,-0.8107011564698967,-0.20188171782026618,-0.6682531553266899,-0.8488100588948082,-1.335408366931067,-0.3917587260350867,0.0,0.05,0.9983533885040105,366.29360520870426,1204.45,20,True,True,False
1h,5.0,ATR,20,-175632.1284101415,-0.8781606420507074,-0.9136539162689197,-0.3147726306153641,-1.144215928296552,-0.9198135134404083,-1.8113711399009294,-0.5046496388301847,0.0,0.0,0.997140095822755,449.4280609723617,1477.7,20,True,True,False
1h,5.0,AVGDEV,20,-134687.3445448827,-0.6734367227244136,-0.7706795776386124,-0.1751598130322526,-0.5487901772803929,-0.8299473849235675,-1.2159453888847702,-0.3650368212470731,0.0,0.0,0.997226759585702,302.5089969653581,994.8,20,True,True,False
1h,5.0,AVGPRICE,20,-199590.00294992782,-0.9979500147496392,-0.9986770603618306,-0.6374719114152878,-3.229200274767978,-0.9985358297131558,-3.896355486372355,-0.8273489196301084,0.0,0.0,0.9996100275522842,1755.7721778083621,5775.9,20,True,False,False
1h,5.0,BBANDS,20,0.0,0.0,0.0,0.0,,0.0,,-0.1898770082148205,0.0,0.0,0.0,0.0,0.0,0,False,False,False
1h,5.0,BETA,20,-178217.40337729955,-0.8910870168864976,-0.8970345271611428,-0.30897863345114174,-1.0826413047506565,-0.9189124289374128,-1.7497965163550337,-0.49885564166596225,0.0,0.0,0.9844481923804599,225.7638109085088,742.55,20,True,False,False
1h,5.0,BOP,20,-199592.01140065218,-0.997960057003261,-0.9986137703936171,-0.6290584957653074,-3.1487291596361047,-0.9983186456746562,-3.8158843712404815,-0.8189355039801279,0.0,0.0,0.9956017805104936,1750.7674150633998,5805.05,20,True,False,False
1h,5.0,BUYHOLD,20,718185.3942717676,3.5909269713588374,1.7943100201655624,0.1898770082148205,0.6671552116043772,-0.4554195849588095,0.0,0.0,0.0,1.0,1.0,0.15212159234987555,1.0,20,True,False,True
1h,5.0,CCI,20,-44375.61015572823,-0.22187805077864114,-0.8158543289704119,-0.1914942531759189,-0.6830914610403825,-0.8538160590562273,-1.3502466726447597,-0.3813712613907394,0.05,0.05,0.9988733710816913,390.3744514590536,1283.6,20,True,False,False
1h,5.0,CDL2CROWS,20,-2235.9673465721376,-0.011179836732860687,-0.00322923553237775,-0.0017587714723243109,-0.17394921053167664,-0.024660612942407706,-0.8486717476259035,-0.19163577968714482,0.0,0.35,0.0014300236269152345,0.8366679036747243,5.5,19,True,False,False
1h,5.0,CDL3BLACKCROWS,20,957.2207224584705,0.004786103612292353,-0.00391318173366989,0.0006140892893541361,-0.07934246787201664,-0.02493396693736234,-0.7349358015618725,-0.18926291892546637,0.0,0.4,0.001299984585065582,0.7606070393084547,5.0,19,True,False,False
1h,5.0,CDL3INSIDE,20,-29361.078149463767,-0.14680539074731885,-0.14461757437812223,-0.026222643735343037,-0.38005406142832326,-0.2598198007847731,-1.0472092730327005,-0.21609965195016353,0.0,0.15,0.04753149394641084,27.792613946894953,180.1,20,True,False,False
1h,5.0,CDL3LINESTRIKE,20,-3165.0359689812826,-0.01582517984490641,0.012222423608383881,-0.0032974846616158127,-0.07130422206527309,-0.11664049289792386,-0.7384594336696504,-0.19317449287643634,0.0,0.55,0.019521531156189615,11.386301431417975,74.65,20,True,False,False
1h,5.0,CDL3OUTSIDE,20,-84135.46374045042,-0.420677318702252,-0.5422994749429708,-0.09908767797510074,-0.6959899689946839,-0.5799362521302989,-1.363145180599061,-0.2889646861899212,0.0,0.05,0.24873203496997612,144.17321909650744,879.8,20,True,False,False
1h,5.0,CDL3STARSINSOUTH,20,0.0,0.0,0.0,0.0,,0.0,,-0.1898770082148205,0.0,0.0,0.0,0.0,0.0,0,False,False,False
1h,5.0,CDL3WHITESOLDIERS,20,-4344.405891602795,-0.021722029458013974,-0.01631132573389582,-0.0034765197460224937,-0.10385527311384173,-0.071936763362617,-0.771010484718219,-0.193353527960843,0.0,0.35,0.00637430774134512,3.6965553237352466,24.3,20,True,False,False
1h,5.0,CDLABANDONEDBABY,20,131.92800489783883,0.0006596400244891943,0.0,9.978956366624159e-05,0.20352493295410784,-0.000576239417845259,-0.6528377004837125,-0.1897772186511543,0.0,0.05,2.6003293750541735e-05,0.015212278229219727,0.1,1,False,False,False
1h,5.0,CDLADVANCEBLOCK,20,-46172.9120457784,-0.23086456022889199,-0.20026831000838818,-0.042422090276233816,-0.46235530890628046,-0.31448682529089644,-1.1295105205106577,-0.23229909849105432,0.0,0.05,0.07082542284966117,39.658100199377465,260.7,20,True,False,False
1h,5.0,CDLBELTHOLD,20,-140695.48872506854,-0.7034774436253428,-0.7583767072159419,-0.1957354573662854,-0.8566955257663873,-0.8107970397617279,-1.5238507373707644,-0.3856124655811059,0.0,0.0,0.6284823685923963,366.324044336263,1867.6,20,True,False,False
1h,5.0,CDLBREAKAWAY,20,-424.5796599651575,-0.0021228982998257873,0.0,-0.0003264673953496555,-0.20054485914178058,-0.005062240419042069,-0.8468693141802174,-0.19020347561017018,0.0,0.1,0.00015599273205459937,0.0912734040422816,0.6,5,False,False,False
1h,5.0,CDLCLOSINGMARUBOZU,20,-128453.40591889346,-0.6422670295944674,-0.756717053798895,-0.17293865527780877,-0.7491132980235601,-0.7803553028101609,-1.4162685096279373,-0.3628156634926293,0.0,0.1,0.5808769276588864,334.8881029884689,1767.65,20,True,False,False
1h,5.0,CDLCONCEALBABYSWALL,20,-63.522700481055665,-0.0003176135024052784,0.0,-4.96034492969255e-05,-0.008465382259023269,-0.0011297024377254438,-0.8965209248373142,-0.18992661166411745,0.0,0.05,5.198856407752691e-05,0.030424291582166817,0.2,2,False,False,False
1h,5.0,CDLCOUNTERATTACK,20,-1116.6037415239862,-0.00558301870761993,-0.004380965689259664,-0.0008744771534839934,-0.1687306359376069,-0.016780575864190878,-0.8248844971907964,-0.1907514853683045,0.0,0.35,0.001356255528577932,0.8062457177301907,5.25,19,True,False,False
1h,5.0,CDLDARKCLOUDCOVER,20,-4208.200704437838,-0.02104100352218919,-0.018110843407295685,-0.00342090473506399,-0.21920795964103248,-0.05848449036779206,-0.8863631712454098,-0.1932979129498845,0.0,0.35,0.006673223698098425,3.894312558777225,25.6,20,True,False,False
1h,5.0,CDLDOJI,20,192770.00860666283,0.9638500430333142,0.24008234432397169,0.048265525508420594,0.23424736921461128,-0.46436535662920697,-0.43290784238976593,-0.14161148270639995,0.05,0.55,0.6274049590992725,198.86094732611537,1307.25,20,True,False,False
1h,5.0,CDLDOJISTAR,20,-39358.88350697172,-0.1967944175348586,-0.26885194113927496,-0.03598131647601423,-0.3793591030657078,-0.3112246730009244,-1.046514314670085,-0.22585832469083472,0.0,0.2,0.0915641407850319,52.71772222856108,338.85,20,True,False,False
1h,5.0,CDLDRAGONFLYDOJI,20,18593.45315715994,0.09296726578579971,0.03863530003947058,0.01188297816850764,0.15612969980592117,-0.23882903647371995,-0.511025511798456,-0.1779940300463129,0.0,0.55,0.1248869890140722,67.51156627682042,443.8,20,True,False,False
1h,5.0,CDLENGULFING,20,-120337.64865726122,-0.6016882432863061,-0.846605131581381,-0.21482409276243625,-1.024694273840224,-0.8275928265717761,-1.691849485444601,-0.4047011009772568,0.0,0.05,0.5583385365650568,331.01665906788344,1741.15,20,True,False,False
1h,5.0,CDLEVENINGDOJISTAR,20,-5193.469662035966,-0.025967348310179834,-0.023066025717900895,-0.004394980051198633,-0.1375634402404489,-0.07687730855568349,-0.804718651844826,-0.19427198826601916,0.0,0.4,0.007903734351205635,4.578859256046938,30.1,20,True,False,False
1h,5.0,CDLEVENINGSTAR,20,-11601.290643914312,-0.05800645321957156,-0.037228011445408715,-0.010036131448461206,-0.17583688747407533,-0.1496388895706583,-0.8429920990784525,-0.19991313966328172,0.0,0.35,0.02375009964643411,13.72136363745937,90.2,20,True,False,False
1h,5.0,CDLGAPSIDESIDEWHITE,20,-1974.330185504485,-0.009871650927522424,-0.010371529686285741,-0.0017381503591324897,-0.05801470166853704,-0.08109940508478664,-0.7251699132729141,-0.191615158573953,0.0,0.3,0.010975911799692883,6.3662888548330985,41.75,20,True,False,False
1h,5.0,CDLGRAVESTONEDOJI,20,-12406.179095573796,-0.062030895477868976,-0.07117911846461566,-0.013031744388463795,-0.12007272609663566,-0.2791707986221307,-0.7872279377010128,-0.2029087526032843,0.0,0.3,0.11562197545761246,62.71211867900156,412.25,20,True,False,False
1h,5.0,CDLHAMMER,20,7012.336319187666,0.03506168159593833,0.10155555019012186,0.0002755858394298427,0.07331012915593434,-0.3161669182663088,-0.5938450824484429,-0.18960142237539068,0.05,0.6,0.17367819669287127,91.45550881492827,601.2,20,True,False,False
1h,5.0,CDLHANGINGMAN,20,-69234.4285503791,-0.3461721427518955,-0.37406409193016904,-0.06703228014193492,-0.6849466928939629,-0.4234422632528891,-1.35210190449834,-0.2569092883567554,0.0,0.0,0.10729514435034355,58.178911495763735,382.45,20,True,False,False
1h,5.0,CDLHARAMI,20,-93059.02945272713,-0.46529514726363563,-0.5005853763252998,-0.0984863008617953,-0.5099748590657917,-0.6109055446267377,-1.1771300706701688,-0.28836330907661584,0.0,0.05,0.34555705708195594,193.24010622316197,1162.45,20,True,False,False
1h,5.0,CDLHARAMICROSS,20,-18377.867145955093,-0.09188933572977546,-0.14476638661301283,-0.019281877980789525,-0.1770525628622809,-0.2923733308375489,-0.8442077744666581,-0.20915888619561004,0.0,0.35,0.10108932406799612,58.39950297306153,375.4,20,True,False,False
1h,5.0,CDLHIGHWAVE,20,-116330.6700925212,-0.581653350462606,-0.6490534996450081,-0.13402323512627104,-0.5681802381736043,-0.6952470793484012,-1.2353354497779816,-0.3239002433410915,0.0,0.0,0.5521275334422601,318.3220183244363,1691.95,20,True,False,False
1h,5.0,CDLHIKKAKE,20,-132065.2375076174,-0.660326187538087,-0.7078116820270315,-0.17290373029202932,-0.6919076803286288,-0.7695322639869294,-1.359062891933006,-0.3627807385068499,0.0,0.05,0.6199431379622412,311.02015697752773,1673.35,20,True,False,False
1h,5.0,CDLHIKKAKEMOD,20,27.30331650018232,0.0001365165825009118,-0.007882837158160405,-0.00023720508622112612,-0.020730677340266717,-0.08184945905700076,-0.687885888944644,-0.19011421330104167,0.0,0.45,0.012362941588260897,6.556437727384017,43.05,20,True,False,False
1h,5.0,CDLHOMINGPIGEON,20,3065.5568248543223,0.01532778412427161,0.02774833617768946,0.0018107077966018127,0.11106467225597379,-0.06448583872113742,-0.5560905393484034,-0.1880663004182187,0.0,0.6,0.00939040115893169,5.430739980729511,35.7,20,True,False,False
1h,5.0,CDLIDENTICAL3CROWS,20,-4017.4489236714107,-0.020087244618357054,-0.03356074275267068,-0.0036400852447244446,-0.14176454342510098,-0.09158864576407917,-0.8089197550294781,-0.193517093459545,0.0,0.3,0.009511467356681616,5.430741022974599,35.7,20,True,False,False
1h,5.0,CDLINNECK,20,-446.0440637015895,-0.0022302203185079472,0.0011375975449552378,-0.0003662154553207619,0.013605783754960342,-0.02226231191167402,-0.6502765336758143,-0.1902432236701413,0.0,0.55,0.0018199693331948888,1.0648507520427892,7.0,19,True,False,False
1h,5.0,CDLINVERTEDHAMMER,20,-344.8431232621956,-0.0017242156163109756,-0.02541843936892091,-0.0034617646531570345,-0.045398095369676504,-0.2099859696103882,-0.7125533069740537,-0.19333877286797757,0.0,0.45,0.048544497120702766,27.48076193489735,180.65,20,True,False,False
1h,5.0,CDLKICKING,20,-125.01775263606518,-0.0006250887631803259,0.0,-9.55981452828436e-05,-0.35950840486326824,-0.000787453721824194,-1.2990864245373415,-0.18997260636010335,0.0,0.0,2.6037146328762368e-05,0.015212279945951517,0.1,1,False,False,False
1h,5.0,CDLKICKINGBYLENGTH,20,-125.01775263606518,-0.0006250887631803259,0.0,-9.55981452828436e-05,-0.35950840486326824,-0.000787453721824194,-1.2990864245373415,-0.18997260636010335,0.0,0.0,2.6037146328762368e-05,0.015212279945951517,0.1,1,False,False,False
1h,5.0,CDLLADDERBOTTOM,20,3227.2467099506594,0.0161362335497533,0.005556565086574317,0.002281295513330528,0.1216828903045604,-0.0387716602573581,-0.5454723212998168,-0.18759571270149,0.0,0.6,0.0073059669689453325,4.274614762854734,28.1,20,True,False,False
1h,5.0,CDLLONGLEGGEDDOJI,20,192612.37252223399,0.96306186261117,0.2249136369022443,0.04788401018220359,0.23188958146933078,-0.46448777892679705,-0.43526563013504643,-0.14199299803261695,0.05,0.55,0.6267289646376033,198.90658363402397,1307.55,20,True,False,False
1h,5.0,CDLLONGLINE,20,-161022.0390395425,-0.8051101951977124,-0.8617364114254452,-0.24685142386442097,-1.0113325379268834,-0.8820176310274597,-1.6784877495312602,-0.43672843207924145,0.0,0.0,0.7195040498497786,430.3063920258422,2056.4,20,True,False,False
1h,5.0,CDLMARUBOZU,20,-59541.40224885905,-0.29770701124429527,-0.4740941881496797,-0.07309646102672243,-0.45447610083841317,-0.5413151123210138,-1.1216313124427904,-0.26297346924154297,0.0,0.15,0.2729571719000065,157.46870074852464,953.3,20,True,False,False
1h,5.0,CDLMATCHINGLOW,20,-1615.5356969899874,-0.008077678484949936,-0.01266838053247421,-0.005431364146603996,-0.01047556318547777,-0.26358232067167825,-0.677630774789855,-0.1953083723614245,0.0,0.5,0.10021323538562113,54.93869885696662,361.15,20,True,False,False
1h,5.0,CDLMATHOLD,20,0.0,0.0,0.0,0.0,,0.0,,-0.1898770082148205,0.0,0.0,0.0,0.0,0.0,0,False,False,False
1h,5.0,CDLMORNINGDOJISTAR,20,1884.0033660346548,0.009420016830173272,0.004504884197053638,0.0008914743388310608,-0.02157009263141299,-0.06470223349145392,-0.6887253042357903,-0.18898553387598946,0.0,0.5,0.008155053351858305,4.746190355078568,31.2,20,True,False,False
1h,5.0,CDLMORNINGSTAR,20,-9865.572774059683,-0.049327863870298416,-0.08645345424984346,-0.00877787759213251,-0.2739525199609526,-0.14256009986805393,-0.9411077315653298,-0.19865488580695304,0.0,0.25,0.022320271170428913,12.892296340675722,84.75,20,True,False,False
1h,5.0,CDLONNECK,20,-1212.8757968788484,-0.006064378984394242,-0.006981160517877061,-0.0010341456059994203,-0.00944718101319662,-0.03644372868858788,-0.6766023926175738,-0.19091115382081994,0.0,0.45,0.002937987168412137,1.7189744862248553,11.3,20,True,False,False
1h,5.0,CDLPIERCING,20,-390.76022331914896,-0.0019538011165957437,0.005888116990162784,-0.00038159735340994596,-0.002475178277446867,-0.03666685160928541,-0.6696303898818241,-0.19025860556823046,0.0,0.55,0.004827450076413365,2.814252442143902,18.5,20,True,False,False
1h,5.0,CDLRICKSHAWMAN,20,58006.5407698734,0.29003270384936697,-0.09567365261711391,0.010733416373135518,0.08139353741529654,-0.46899028338360094,-0.5857616741890806,-0.179143591841685,0.0,0.45,0.5125271328711736,193.9930487903602,1275.25,20,True,False,False
1h,5.0,CDLRISEFALL3METHODS,20,-5199.710717798961,-0.025998553588994805,-0.026244370036609677,-0.004090113115036531,-0.336687165770687,-0.04037102477339682,-1.0038423773750642,-0.19396712132985705,0.0,0.15,0.0029117201964022365,1.703763250473239,11.2,20,True,False,False
1h,5.0,CDLSEPARATINGLINES,20,-22685.386015154774,-0.11342693007577384,-0.11521634746897697,-0.02107014350950546,-0.31725273053676833,-0.22350540126103818,-0.9844079421411454,-0.210947151724326,0.0,0.2,0.031995709005932696,18.726167976411254,121.85,20,True,False,False
1h,5.0,CDLSHOOTINGSTAR,20,-31378.052733799002,-0.156890263668995,-0.1298357210907653,-0.028015251454951824,-0.35497209401933194,-0.253908843835612,-1.0221273056237092,-0.21789225966977233,0.0,0.05,0.05633221265411311,31.83903713700111,209.3,20,True,False,False
1h,5.0,CDLSHORTLINE,20,-161880.77868764036,-0.8094038934382018,-0.8457096702874454,-0.24419839803948987,-1.0074608635209388,-0.8646698794114072,-1.674616075125316,-0.43407540625431035,0.0,0.0,0.7103838962551965,438.3991817100085,2060.45,20,True,False,False
1h,5.0,CDLSPINNINGTOP,20,-157201.16932078547,-0.7860058466039275,-0.8100872890666202,-0.22336105763654066,-0.846166626699338,-0.8426338085303839,-1.5133218383037152,-0.4132380658513612,0.0,0.0,0.763903120212237,462.2138179483665,2102.85,20,True,False,False
1h,5.0,CDLSTALLEDPATTERN,20,-23195.206149643956,-0.11597603074821979,-0.12859715212399786,-0.019773160874818778,-0.3712293571610798,-0.1692994155663043,-1.0383845687654571,-0.2096501690896393,0.0,0.2,0.022619769183140716,13.067247327256116,85.9,20,True,False,False
1h,5.0,CDLSTICKSANDWICH,20,382.25628125123535,0.0019112814062561766,0.0016149075409311875,0.00022303167450379301,0.05169529071612373,-0.028772368663306715,-0.6029290389492032,-0.18965397654031674,0.0,0.55,0.002205681719418541,1.2778226456621693,8.4,18,True,False,False
1h,5.0,CDLTAKURI,20,19521.80300792311,0.09760901503961557,0.0780416737475903,0.012682358017260541,0.15662865957745667,-0.23609393485595956,-0.5105265520269205,-0.17719465019755998,0.0,0.65,0.12169362212929655,65.83823286148633,432.8,20,True,False,False
1h,5.0,CDLTASUKIGAP,20,580.4621169425651,0.002902310584712825,-0.013164486100606165,-0.00036059003537878274,-0.06824675897190421,-0.07766590361449655,-0.7354019705762814,-0.1902375982501993,0.0,0.4,0.0089135770001014,5.217765441336977,34.25,20,True,False,False
1h,5.0,CDLTHRUSTING,20,-3841.6206133940145,-0.019208103066970073,-0.02324367238959618,-0.0032168101159969374,-0.15081098567631462,-0.08047498115862133,-0.8179661972806919,-0.19309381833081746,0.0,0.35,0.010209664815277707,5.932744113200343,39.0,20,True,False,False
1h,5.0,CDLTRISTAR,20,348.3758885535326,0.0017418794427676632,0.0036647833167975374,0.0002261650171058893,0.0770813059624113,-0.02899376340682011,-0.5904693419103746,-0.18965084319771464,0.0,0.6,0.0026390111307148852,1.5820616092566209,10.25,19,True,False,False
1h,5.0,CDLUNIQUE3RIVER,20,-527.4594894790441,-0.0026372974473952205,0.0005338442823488165,-0.0005248526648007456,0.02790613230187246,-0.029115029610437337,-0.6412395802469818,-0.19040186087962127,0.0,0.5,0.0018460515920593265,1.0800632982387623,7.1,19,True,False,False
1h,5.0,CDLUPSIDEGAP2CROWS,20,75.43799345478664,0.00037718996727393315,0.0,5.686758132774084e-05,-0.019673298442739573,-0.0011987651518882425,-0.9301814903597041,-0.18982014063349278,0.0,0.1,7.796933245283926e-05,0.045636304706812986,0.3,3,False,False,False
1h,5.0,CDLXSIDEGAP3METHODS,20,-24604.242288223875,-0.12302121144111937,-0.16212722784085248,-0.023483799743002704,-0.2639892046361939,-0.25443099730629426,-0.9311444162405712,-0.21336080795782322,0.0,0.2,0.056504618622555736,32.84304057046442,212.55,20,True,False,False
1h,5.0,CEIL,20,-129178.78735006464,-0.6458939367503232,-0.8274013424915359,-0.20233572567027505,-0.7170690865281573,-0.8606226789479298,-1.3842242981325346,-0.39221273388509553,0.0,0.1,0.969276361440019,371.6787403668555,1323.85,20,True,True,False
1h,5.0,CMO,20,-110519.10656353825,-0.5525955328176912,-0.7670062713023682,-0.18346937023444382,-0.641230124159523,-0.8351814764481512,-1.3083853357639001,-0.3733463784492643,0.0,0.1,0.9987867073187445,344.99659374535554,1134.45,20,True,False,False
1h,5.0,CORREL,20,-53758.85067605789,-0.26879425338028945,-0.5298564556403271,-0.09734119569443445,-0.27366542603597005,-0.7350293037626401,-0.9408206376403472,-0.28721820390925495,0.05,0.2,0.9807216505737466,199.5683257326375,656.45,20,True,True,False
1h,5.0,COS,20,-184979.44847150927,-0.9248972423575464,-0.9457064506136659,-0.37885953917796483,-1.4345270395564014,-0.9391723061337774,-2.1016822511607787,-0.5687365473927853,0.0,0.0,0.9983533885040105,850.1457259651401,2794.8,20,True,True,False
1h,5.0,COSH,20,-48209.47129291776,-0.24104735646458883,-0.864149793845255,-0.22540345533326298,-0.8671929098943403,-0.8756855267274458,-1.5343481214987176,-0.41528046354808346,0.05,0.05,0.9896417267469493,364.156426140125,1197.5,20,True,True,False
1h,5.0,DEMA_100,20,-88163.38141567443,-0.4408169070783722,-0.793281101643079,-0.15967727648224522,-0.5150377560805006,-0.7993687144294387,-1.182192967684878,-0.34955428469706573,0.0,0.05,0.9828405749365301,254.18004049085175,835.95,20,True,False,False
1h,5.0,DEMA_1000,20,-93035.61400993477,-0.4651780700496738,-0.5647943516118145,-0.10397693925479583,-0.37507075794265354,-0.6596634141119704,-1.0422259695470308,-0.29385394746961635,0.0,0.1,0.8268458016322588,69.68691065027838,229.55,20,True,False,False
1h,5.0,DEMA_200,20,-24063.24772121416,-0.12031623860607074,-0.4985395784159057,-0.10304419491023584,-0.3208971374782838,-0.6984737631933798,-0.9880523490826609,-0.2929212031250564,0.0,0.1,0.9655078223471667,171.04550905136765,562.7,20,True,False,False
1h,5.0,DEMA_21,20,-141627.92899713013,-0.7081396449856506,-0.928219578833754,-0.27406239373387203,-1.0336396932200427,-0.902870613281188,-1.70079490482442,-0.46393940194869254,0.0,0.05,0.9965334494821272,576.5561261804343,1895.55,20,True,False,False
1h,5.0,DEMA_50,20,-112796.1791643779,-0.5639808958218895,-0.8553971232359772,-0.21145983531967022,-0.7350321711320277,-0.8621438910669987,-1.4021873827364049,-0.40133684353449073,0.0,0.05,0.9915069512312119,363.7988187420896,1196.25,20,True,False,False
1h,5.0,DEMA_9,20,-189626.72354021773,-0.9481336177010886,-0.9656736680984987,-0.39726662930454343,-1.58855602401313,-0.9675333300792867,-2.255711235617507,-0.5871436375193639,0.0,0.0,0.9986133797928509,891.9041713658662,2932.05,20,True,False,False
1h,5.0,DIV,20,-198910.63085364187,-0.9945531542682093,-0.9962237192632382,-0.570085284308857,-2.7301640861243346,-0.9954535501029133,-3.397319297728712,-0.7599622925236775,0.0,0.0,0.9980933803420718,1343.6443366777164,4416.95,20,True,True,False
1h,5.0,DX,20,-172879.16505965104,-0.8643958252982552,-0.8761474472521696,-0.27936921878136095,-1.0297269187338678,-0.913134017454273,-1.696882130338245,-0.46924622699618146,0.0,0.0,0.997140095822755,521.3968478111426,1714.25,20,True,True,False
1h,5.0,EMA_100,20,-81633.60005175542,-0.40816800025877714,-0.5954211883206808,-0.11272328423241854,-0.30994912681337405,-0.7426856609360345,-0.9771043384177514,-0.302600292447239,0.0,0.1,0.9914202874682652,173.81414187368765,571.8,20,True,False,False
1h,5.0,EMA_1000,20,3902.7015343039848,0.019513507671519926,-0.3003214193730121,-0.04551826618114461,-0.11180536659114022,-0.6422228376594388,-0.7789605781955175,-0.23539527439596514,0.05,0.3,0.9134229008161295,49.01358448479543,161.6,20,True,False,False
1h,5.0,EMA_200,20,-78244.5523291739,-0.3912227616458695,-0.6315306114128397,-0.11368350264756535,-0.3148364836422428,-0.7321849566193872,-0.9819916952466199,-0.3035605108623859,0.0,0.15,0.9827539111735832,121.14961709309475,398.7,20,True,False,False
1h,5.0,EMA_21,20,-129361.32219467036,-0.6468066109733519,-0.8363661672736474,-0.2125168760247841,-0.7416811279364369,-0.8752489079546534,-1.408836339540814,-0.40239388423960465,0.0,0.05,0.9982667247410637,396.18549188378176,1302.7,20,True,False,False
1h,5.0,EMA_50,20,-72376.9971512874,-0.36188498575643707,-0.6513832037800317,-0.13669903492414687,-0.4269892232515102,-0.7646791337253863,-1.0941444348558875,-0.3265760431389674,0.0,0.05,0.9957534756156059,247.5018517178466,814.0,20,True,False,False
1h,5.0,EMA_9,20,-140931.2476625891,-0.7046562383129455,-0.9444453489448712,-0.30618854064265066,-1.1837612820716916,-0.9336158581082499,-1.8509164936760687,-0.4960655488574711,0.0,0.05,0.9993066898964255,618.632935203903,2033.85,20,True,False,False
1h,5.0,EXP,20,-48558.126975660896,-0.2427906348783045,-0.864149793845255,-0.22648184063555582,-0.8714347804272087,-0.8768986525828095,-1.538589992031586,-0.41635884885037633,0.05,0.05,0.9896460587518012,364.17164027100335,1197.6,20,True,True,False
1h,5.0,FLOOR,20,-126283.56591360076,-0.6314178295680037,-0.8281841343199068,-0.2017285044538736,-0.7175090040252148,-0.8600442498822277,-1.3846642156295919,-0.3916055126686941,0.0,0.1,0.9693023519683491,371.8004388520821,1323.95,20,True,True,False
1h,5.0,HT_DCPERIOD,20,-109746.89008449794,-0.5487344504224897,-0.6503444739906765,-0.1363116730560987,-0.37662808695941946,-0.7642812807904581,-1.0437832985637967,-0.3261886812709192,0.0,0.05,0.9955801480897124,196.28248846290947,645.65,20,True,False,False
1h,5.0,HT_DCPHASE,20,-116028.17820092384,-0.5801408910046192,-0.6090030973564786,-0.13563621247126262,-0.3581062358714622,-0.7491075721281428,-1.0252614474758395,-0.3255132206860831,0.0,0.0,0.9928935714383609,284.6195153754551,936.0,20,True,False,False
1h,5.0,HT_PHASOR,20,-187643.3906045776,-0.9382169530228881,-0.9666886656390983,-0.3816738258851452,-1.4819083139809515,-0.9518890313569381,-2.1490635255853285,-0.5715508340999657,0.0,0.0,0.997226759585702,746.0499144634197,2452.65,20,True,False,False
1h,5.0,HT_SINE,20,-133412.46571765636,-0.6670623285882818,-0.7097530719572747,-0.17571236811820126,-0.5272482628840293,-0.8070245397072945,-1.1944034744884064,-0.36558937633302174,0.0,0.05,0.9945401829343504,211.00786085146055,694.05,20,True,False,False
1h,5.0,HT_TRENDLINE,20,-68265.7704863743,-0.34132885243187144,-0.7711332161025692,-0.16506353340033927,-0.5631370608087974,-0.8169768976523238,-1.2302922724131746,-0.3549405416151598,0.0,0.05,0.9945401829343504,326.01181774635563,1072.05,20,True,False,False
1h,5.0,HT_TRENDMODE,20,192754.42730513675,0.9637721365256837,-0.07636757432223434,0.029861749076290606,0.11603500110675144,-0.48441945291368926,-0.5511202104976258,-0.16001525913852993,0.0,0.45,0.5671576622474245,178.4994913557921,1173.4,20,True,False,False
1h,5.0,IMI,20,-155832.68993598176,-0.7791634496799088,-0.7853057010513701,-0.23373789556752053,-0.8095883776589735,-0.8626096877677542,-1.4767435892633507,-0.423614903782341,0.0,0.0,0.9988733710816913,392.6106117378202,1290.95,20,True,False,False
1h,5.0,KAMA_100,20,60078.336615050845,0.30039168307525416,-0.6739556532983124,-0.1053266342239371,-0.33906408589228826,-0.7445652404530205,-1.0062192974966655,-0.29520364243875763,0.05,0.1,0.9913336237053183,190.10636542254576,625.35,20,True,False,False
1h,5.0,KAMA_1000,20,-87278.96602535053,-0.4363948301267526,-0.5343107392517402,-0.10233841571404376,-0.3498288907551708,-0.6572884104854696,-1.016984102359548,-0.29221542392886424,0.0,0.1,0.9133362370531826,104.91821739731006,345.35,20,True,False,False
1h,5.0,KAMA_200,20,-71086.8103092418,-0.35543405154620905,-0.6033762829803533,-0.10778033994231231,-0.27535599596119126,-0.7302820583022596,-0.9425112075655685,-0.29765734815713285,0.0,0.1,0.9826672474106365,154.09913457561186,507.0,20,True,False,False
1h,5.0,KAMA_21,20,-127164.78187418928,-0.6358239093709465,-0.7983967085736584,-0.1983344593380007,-0.65753481120465,-0.843774727223186,-1.324690022809027,-0.3882114675528212,0.0,0.05,0.9981800609781167,339.9461322617816,1117.85,20,True,False,False
1h,5.0,KAMA_50,20,-83884.33848073205,-0.4194216924036603,-0.7326340841543444,-0.15403352874884313,-0.5007385240310247,-0.7942394437577671,-1.167893735635402,-0.34391053696366364,0.0,0.05,0.9956668118526592,246.54350890052555,810.85,20,True,False,False
1h,5.0,KAMA_9,20,-34155.16548937725,-0.17077582744688624,-0.8917333882504641,-0.2520486500761898,-0.953187670017196,-0.8963192179646551,-1.6203428816215735,-0.4419256582910103,0.05,0.05,0.9992200261334787,489.40557145002623,1609.1,20,True,False,False
1h,5.0,LINEARREG_100,20,-138658.64224547768,-0.6932932112273884,-0.7582035891250939,-0.19421619733053894,-0.6107056425213239,-0.8156516821451545,-1.277860854125701,-0.3840932055453595,0.0,0.05,0.9914202874682652,249.31207304296436,819.95,20,True,False,False
1h,5.0,LINEARREG_1000,20,-62105.63891540036,-0.3105281945770018,-0.5104341842431259,-0.07666654411128201,-0.2206566413568732,-0.6410118294891703,-0.8878118529612504,-0.2665435523261025,0.0,0.2,0.9134229008161295,68.83502589611848,226.75,20,True,False,False
1h,5.0,LINEARREG_200,20,59384.965038033944,0.29692482519016977,-0.4913186915242065,-0.07792200271427233,-0.20727354839823325,-0.7292443309610914,-0.8744287600026105,-0.2677990109290928,0.05,0.05,0.9827539111735832,166.93823524058692,549.2,20,True,False,False
1h,5.0,LINEARREG_21,20,-174226.0564059758,-0.8711302820298791,-0.9262887780636434,-0.2988184798123882,-1.097400978626411,-0.9213308375374382,-1.7645561902307882,-0.48869548802720864,0.0,0.0,0.9982667247410637,594.521633011759,1954.6,20,True,False,False
1h,5.0,LINEARREG_50,20,-55320.97713879605,-0.27660488569398034,-0.7375073924400635,-0.15708700254218166,-0.5251863215562801,-0.8246264744015275,-1.1923415331606573,-0.3469640107570022,0.0,0.1,0.9957534756156059,362.1559621834773,1190.85,20,True,False,False
1h,5.0,LINEARREG_9,20,-195414.24014087117,-0.9770712007043558,-0.9775500754877317,-0.4518074416140395,-1.8461358015078069,-0.979792680511677,-2.5132910131121844,-0.6416844498288601,0.0,0.0,0.9993066898964255,999.5453831250925,3285.85,20,True,False,False
1h,5.0,LINEARREG_ANGLE,20,-71163.01876268095,-0.35581509381340476,-0.7674647963883068,-0.16683996881458396,-0.5751029756509407,-0.8368905080076301,-1.242258187255318,-0.35671697702940447,0.0,0.05,0.9988733710816913,253.40416617310024,833.4,20,True,False,False
1h,5.0,LINEARREG_INTERCEPT_100,20,-18170.980665660507,-0.09085490332830254,-0.5760321323509652,-0.07012619021913939,-0.16611362307952415,-0.6918610000426176,-0.8332688346839013,-0.2600031984339599,0.0,0.15,0.9914202874682652,89.03679301543443,293.15,20,True,False,False
1h,5.0,LINEARREG_INTERCEPT_1000,20,78767.92272876592,0.39383961364382963,-0.19434920427526192,-0.00273421696134159,0.025307432878203785,-0.6064591640194518,-0.6418477787261734,-0.1926112251761621,0.0,0.4,0.9134229008161295,22.209762336810613,73.5,20,True,False,False
1h,5.0,LINEARREG_INTERCEPT_200,20,-60438.68476162678,-0.3021934238081339,-0.3888454176714914,-0.07502822440781551,-0.14826852121435607,-0.6667807392762446,-0.8154237328187331,-0.26490523262263604,0.0,0.05,0.9827539111735832,60.4379134470415,199.15,20,True,False,False
1h,5.0,LINEARREG_INTERCEPT_21,20,-98148.88076229597,-0.49074440381147993,-0.6403444382591499,-0.13313212287476786,-0.38694425848843483,-0.762430117488252,-1.0540994700928121,-0.32300913108958834,0.0,0.1,0.9982667247410637,239.34811044256304,787.2,20,True,False,False
1h,5.0,LINEARREG_INTERCEPT_50,20,-27161.821115305655,-0.13580910557652826,-0.35546174492105165,-0.06754894944920033,-0.15078595711860332,-0.6693001915651908,-0.8179411687229805,-0.2574259576640209,0.0,0.2,0.9957534756156059,129.56197407278148,426.35,20,True,False,False
1h,5.0,LINEARREG_INTERCEPT_9,20,13358.652583921274,0.06679326291960633,-0.8547181465537308,-0.20246831414307645,-0.752834774119427,-0.8801360029624126,-1.4199899857238043,-0.392345322357897,0.05,0.05,0.9993066898964255,450.27992515166017,1480.5,20,True,False,False
1h,5.0,LINEARREG_SLOPE,20,-71163.01876268095,-0.35581509381340476,-0.7674647963883068,-0.16683996881458396,-0.5751029756509407,-0.8368905080076301,-1.242258187255318,-0.35671697702940447,0.0,0.05,0.9988733710816913,253.40416617310024,833.4,20,True,False,False
1h,5.0,LN,20,-141383.31529242065,-0.7069165764621033,-0.813674543660365,-0.2048566664110893,-0.6804653337299886,-0.851385519391104,-1.347620545334366,-0.39473367462590986,0.0,0.05,0.9983533885040105,366.293604690381,1204.45,20,True,True,False
1h,5.0,LOG10,20,-141383.31529242065,-0.7069165764621033,-0.813674543660365,-0.2048566664110893,-0.6804653337299886,-0.851385519391104,-1.347620545334366,-0.39473367462590986,0.0,0.05,0.9983533885040105,366.293604690381,1204.45,20,True,True,False
1h,5.0,MACD,20,-111671.0961186447,-0.5583554805932235,-0.6939849757041835,-0.1620903687909276,-0.5033112366660105,-0.813777219014536,-1.1704664482703877,-0.35196737700574815,0.0,0.1,0.997140095822755,266.41059496211926,876.15,20,True,False,False
1h,5.0,MACDEXT,20,-38385.73161468816,-0.19192865807344078,-0.6059748243132319,-0.09115195689796145,-0.254476278357733,-0.7164768620351076,-0.9216314899621102,-0.28102896511278197,0.0,0.2,0.997140095822755,238.26804812686305,783.65,20,True,False,False
1h,5.0,MACDFIX,20,-109798.07449191141,-0.5489903724595571,-0.7022941512499873,-0.15850183827042036,-0.4922508694602555,-0.8103145958605674,-1.1594060810646327,-0.34837884648524087,0.0,0.1,0.997140095822755,264.4938621845357,869.85,20,True,False,False
1h,5.0,MAMA,20,-101960.02412811817,-0.5098001206405909,-0.5223708335030107,-0.11403152253714341,-0.2775973538192676,-0.7404128857625458,-0.9447525654236447,-0.3039085307519639,0.0,0.1,0.997226759585702,150.159227590165,494.05,20,True,False,False
1h,5.0,MAVP,20,-137097.8270443552,-0.685489135221776,-0.8167929193384205,-0.20455816978027616,-0.6874892486445439,-0.8539631968947228,-1.354644460248921,-0.39443517799509664,0.0,0.05,0.9974867508745422,365.97414686356086,1203.4,20,True,False,False
1h,5.0,MAX,20,9447.393049746926,0.047236965248734636,-0.4314916761216886,-0.07037504541039705,-0.19781781155677838,-0.6410684969885652,-0.8649730231611557,-0.2602520536252176,0.0,0.1,0.8511633071543491,92.06399123447375,492.15,20,True,True,False
1h,5.0,MAXINDEX,20,330928.1926188135,1.6546409630940673,0.6405355753699978,0.11103799756713946,0.45498004900757005,-0.4471599612251304,-0.21217516259680713,-0.07883901064768106,0.05,0.85,0.8536072805251871,57.654087591389796,379.0,20,True,True,False
1h,5.0,MA_100,20,13279.526085162559,0.06639763042581277,-0.5582586793191293,-0.08583992855539967,-0.24412622335592107,-0.7131673844197115,-0.9112814349602983,-0.2757169367702202,0.0,0.15,0.9914202874682652,151.08721130932966,497.1,20,True,False,False
1h,5.0,MA_1000,20,1287.5179389035711,0.006437589694517848,-0.43954447282534637,-0.04849803510188265,-0.13926744350173925,-0.6510904303478674,-0.8064226551061164,-0.23837504331670317,0.05,0.3,0.9134229008161295,43.17211773658623,142.4,20,True,False,False
1h,5.0,MA_200,20,-81522.03410151496,-0.40761017050757475,-0.6129220615398054,-0.1076919822000165,-0.2808936529632377,-0.7448102299174847,-0.9480488645676151,-0.297568990414837,0.0,0.1,0.9827539111735832,108.03677134884026,355.6,20,True,False,False
1h,5.0,MA_21,20,-123902.29788945254,-0.6195114894472626,-0.80190487958694,-0.19040433755612218,-0.640430200209219,-0.848601693662179,-1.3075854118135963,-0.38028134577094275,0.0,0.05,0.9982667247410637,356.83164248909696,1173.35,20,True,False,False
1h,5.0,MA_50,20,-115217.91219508872,-0.5760895609754436,-0.6392943542186491,-0.14130081008746895,-0.4118395616947462,-0.7646322144705667,-1.0789947732991234,-0.3311778183022895,0.0,0.05,0.9957534756156059,219.75489688367287,722.8,20,True,False,False
1h,5.0,MA_9,20,-95625.0811382139,-0.4781254056910694,-0.9272632490717982,-0.2850455743619591,-1.1009951091918642,-0.9297496743190006,-1.768150320796241,-0.47492258257677966,0.0,0.05,0.9993066898964255,597.0772783406326,1963.0,20,True,False,False
1h,5.0,MEDPRICE,20,-199609.26812348957,-0.9980463406174478,-0.9987594672374186,-0.639617683731298,-3.2595557382035105,-0.9985593135447604,-3.9267109498078874,-0.8294946919461186,0.0,0.0,0.9991940566713723,1758.2365441283196,5788.75,20,True,False,False
1h,5.0,MFI,20,-166607.79458638484,-0.8330389729319242,-0.8628592998323141,-0.26091834458251906,-0.8534978874579713,-0.8785476064791901,-1.5206530990623484,-0.4507953527973395,0.0,0.0,0.9987867073187445,342.6082590081431,1126.6,20,True,False,False
1h,5.0,MIDPOINT_100,20,-41836.56522098016,-0.20918282610490077,-0.6119431646272768,-0.10298651985138245,-0.2848261444457111,-0.7201927748456514,-0.9519813560500883,-0.29286352806620297,0.0,0.1,0.9913812877849264,140.10399029034608,461.45,20,True,False,False
1h,5.0,MIDPOINT_1000,20,48459.9177004914,0.24229958850245698,-0.46646149294051475,-0.047736353082141844,-0.14316804634027577,-0.653230310503722,-0.810323257944653,-0.23761336129696237,0.0,0.25,0.9134229008161295,41.924713582780015,138.3,20,True,False,False
1h,5.0,MIDPOINT_200,20,-59742.11490736292,-0.2987105745368146,-0.6273452854111587,-0.08265868668340104,-0.1944690154349858,-0.7083790631100558,-0.8616242270393629,-0.27253569489822155,0.0,0.3,0.982745245661277,98.16410152676416,323.25,20,True,False,False
1h,5.0,MIDPOINT_21,20,-141791.63689113344,-0.7089581844556672,-0.7644730905472337,-0.20059894040851506,-0.6507068286272211,-0.8483859345847264,-1.3178620402315984,-0.3904759486233356,0.0,0.05,0.9981583945735555,340.3720846684343,1120.45,20,True,False,False
1h,5.0,MIDPOINT_50,20,-110770.64585655653,-0.5538532292827826,-0.6556204469962652,-0.1403887009936589,-0.41105709866172846,-0.7582758608533487,-1.0782123102661056,-0.3302657092084794,0.0,0.05,0.9957231451984123,203.4626473282474,669.6,20,True,False,False
1h,5.0,MIDPOINT_9,20,-89105.9688324736,-0.44552984416236796,-0.9096916283553946,-0.2559308043672538,-0.9617618663595607,-0.9200575326284447,-1.6289170779639381,-0.44580781258207436,0.0,0.05,0.9991723662064598,567.2006020598138,1866.35,20,True,False,False
1h,5.0,MIDPRICE_100,20,-63292.23341508688,-0.31646116707543437,-0.601356527706711,-0.10449080421266746,-0.2899923598320502,-0.7217909087558243,-0.9571475714364274,-0.29436781242748794,0.0,0.2,0.9913942864275074,140.78852436745666,463.55,20,True,False,False
1h,5.0,MIDPRICE_1000,20,11014.567748773296,0.05507283874386646,-0.5212353475959598,-0.056067288972566666,-0.17589053110032565,-0.6589429164875755,-0.8430457427047029,-0.24594429718738717,0.0,0.3,0.9134229008161295,42.8830617759847,141.45,20,True,False,False
1h,5.0,MIDPRICE_200,20,-72893.52602760414,-0.36446763013802064,-0.6506128632028088,-0.09650890485834024,-0.24376353637867135,-0.7146949176197807,-0.9109187479830485,-0.28638591307316075,0.0,0.25,0.9827279120092893,99.38106853314312,327.45,20,True,False,False
1h,5.0,MIDPRICE_21,20,-98378.35264262723,-0.4918917632131361,-0.8028024950922963,-0.18226597436874561,-0.6295977121541741,-0.8350588002267323,-1.2967529237585516,-0.37214298258356615,0.0,0.1,0.9981410688163317,338.0293716027451,1112.9,20,True,False,False
1h,5.0,MIDPRICE_50,20,-92817.59138980662,-0.46408795694903315,-0.641822988825327,-0.134922209127431,-0.41487130259689514,-0.7570867137949499,-1.0820265142012724,-0.3247992173422515,0.0,0.1,0.9956668058351399,206.41382008653827,679.95,20,True,False,False
1h,5.0,MIDPRICE_9,20,-99393.12949590638,-0.4969656474795319,-0.8733995208213602,-0.2419601909122274,-0.9017411348729623,-0.9018721117988127,-1.5688963464773393,-0.4318371991270479,0.0,0.05,0.9991333571267951,546.101311822609,1797.45,20,True,False,False
1h,5.0,MIN,20,-72325.44340033982,-0.3616272170016991,-0.5164127851388717,-0.0994485874934625,-0.2529913155258756,-0.6636888524291942,-0.9201465271302528,-0.28932559570828303,0.0,0.25,0.8506434189547545,91.50113656881334,486.6,20,True,True,False
1h,5.0,MININDEX,20,303819.75119553274,1.5190987559776636,0.9247842723109428,0.11681620844307831,0.49054114501958174,-0.4435329094168975,-0.17661406658479545,-0.07306079977174221,0.1,0.9,0.8531826228557321,56.482748140666445,371.3,20,True,True,False
1h,5.0,MINMAX,20,-66180.2938692148,-0.33090146934607406,-0.6608594447550319,-0.1345624864198727,-0.41428240396995547,-0.7796303920948633,-1.0814376155743326,-0.32443949463469324,0.0,0.05,0.9911083038678716,208.39898450684555,704.7,20,True,True,False
1h,5.0,MINMAXINDEX,20,-113579.44478818959,-0.5678972239409479,-0.686895492690951,-0.15365764920549013,-0.47413676846608543,-0.8133949640131546,-1.1412919800704626,-0.34353465742031064,0.0,0.05,0.9913856701582173,241.28768139950725,828.9,20,True,True,False
1h,5.0,MINUS_DI,20,-128665.04066930688,-0.6433252033465344,-0.7782333571297859,-0.18821880265347474,-0.6204129002603328,-0.8296786092739395,-1.28756811186471,-0.37809581086829525,0.0,0.05,0.9987867073187445,282.07906656418413,927.65,20,True,False,False
1h,5.0,MINUS_DM,20,-128254.76321193017,-0.6412738160596508,-0.7779285970020458,-0.18800699333040755,-0.6198780697449893,-0.829678609273939,-1.2870332813493666,-0.3778840015452281,0.0,0.05,0.9988733710816913,282.1247031338812,927.8,20,True,False,False
1h,5.0,MOM,20,-143461.76262061534,-0.7173088131030767,-0.8570890215230522,-0.2383524713013255,-0.8536400877710232,-0.8902311787395234,-1.5207952993754004,-0.42822947951614604,0.0,0.05,0.9983750511978583,464.8379600895396,1537.05,20,True,False,False
1h,5.0,MULT,20,-127840.21611144659,-0.639201080557233,-0.764632571452408,-0.1759708675269111,-0.5501103989245877,-0.8266999930599293,-1.217265610528965,-0.3658478757417316,0.0,0.05,0.9983533885040105,326.80282029905436,1074.65,20,True,True,False
1h,5.0,NATR,20,-174138.4928729392,-0.870692464364696,-0.9181030953347447,-0.3107071505717166,-1.129386464599909,-0.9162780169403464,-1.7965416762042863,-0.5005841587865371,0.0,0.0,0.997140095822755,440.1638923173996,1447.25,20,True,True,False
1h,5.0,OBV,20,-168193.65968969275,-0.8409682984484638,-0.8576845928552231,-0.2782089744142232,-0.9766018291950502,-0.9043610895788381,-1.6437570407994273,-0.4680859826290438,0.0,0.0,0.993067015379354,450.94928467785047,1486.35,20,True,False,False
1h,5.0,PLUS_DI,20,-128665.04066930688,-0.6433252033465344,-0.7782333571297859,-0.18821880265347474,-0.6204129002603328,-0.8296786092739395,-1.28756811186471,-0.37809581086829525,0.0,0.05,0.9987867073187445,282.07906656418413,927.65,20,True,False,False
1h,5.0,PLUS_DM,20,-128254.76321193017,-0.6412738160596508,-0.7779285970020458,-0.18800699333040755,-0.6198780697449893,-0.829678609273939,-1.2870332813493666,-0.3778840015452281,0.0,0.05,0.9988733710816913,282.1247031338812,927.8,20,True,False,False
1h,5.0,PPO,20,-107006.28595245696,-0.5350314297622848,-0.6317796129064432,-0.12615096967404413,-0.3095860178977934,-0.7450953555015737,-0.9767412295021705,-0.31602797788886466,0.0,0.0,0.9978334059263295,146.26490817797622,481.25,20,True,False,False
1h,5.0,ROC,20,-143461.76262061534,-0.7173088131030767,-0.8570890215230522,-0.2383524713013255,-0.8536400877710232,-0.8902311787395234,-1.5207952993754004,-0.42822947951614604,0.0,0.05,0.9983750511978583,464.8379600895396,1537.05,20,True,False,False
1h,5.0,ROCP,20,-143461.76262061534,-0.7173088131030767,-0.8570890215230522,-0.2383524713013255,-0.8536400877710232,-0.8902311787395234,-1.5207952993754004,-0.42822947951614604,0.0,0.05,0.9983750511978583,464.8379600895396,1537.05,20,True,False,False
1h,5.0,ROCR,20,-143461.76262061534,-0.7173088131030767,-0.8570890215230522,-0.2383524713013255,-0.8536400877710232,-0.8902311787395234,-1.5207952993754004,-0.42822947951614604,0.0,0.05,0.9983750511978583,464.8379600895396,1537.05,20,True,False,False
1h,5.0,ROCR100,20,-143461.76262061534,-0.7173088131030767,-0.8570890215230522,-0.2383524713013255,-0.8536400877710232,-0.8902311787395234,-1.5207952993754004,-0.42822947951614604,0.0,0.05,0.9983750511978583,464.8379600895396,1537.05,20,True,False,False
1h,5.0,RSI,20,-110519.10656353825,-0.5525955328176912,-0.7670062713023682,-0.18346937023444382,-0.641230124159523,-0.8351814764481512,-1.3083853357639001,-0.3733463784492643,0.0,0.1,0.9987867073187445,344.99659374535554,1134.45,20,True,False,False
1h,5.0,SAR,20,100255.9091620923,0.5012795458104614,-0.7429178416454474,-0.14502820548764925,-0.5231372295661486,-0.8083965916998954,-1.1902924411705258,-0.3349052137024698,0.05,0.1,0.9998916728337276,282.87012953604966,930.5,20,True,False,False
1h,5.0,SAREXT,20,100239.31110386136,0.5011965555193069,-0.7431002978740172,-0.1451195461532518,-0.5237016002371245,-0.8084800556895729,-1.1908568118415017,-0.3349965543680723,0.05,0.1,0.9998873355711326,282.94619013348085,930.7,20,True,False,False
1h,5.0,SIN,20,-186489.123334015,-0.9324456166700749,-0.9605090368618019,-0.37529910649559917,-1.4344412058103946,-0.9528246840114425,-2.101596417414772,-0.5651761147104197,0.0,0.0,0.9983533885040105,848.7614118951745,2790.25,20,True,True,False
1h,5.0,SINH,20,-48209.47129291776,-0.24104735646458883,-0.864149793845255,-0.22540345533326298,-0.8671929098943403,-0.8756855267274458,-1.5343481214987176,-0.41528046354808346,0.05,0.05,0.9896417267469493,364.156426140125,1197.5,20,True,True,False
1h,5.0,SMA_100,20,13279.526085162559,0.06639763042581277,-0.5582586793191293,-0.08583992855539967,-0.24412622335592107,-0.7131673844197115,-0.9112814349602983,-0.2757169367702202,0.0,0.15,0.9914202874682652,151.08721130932966,497.1,20,True,False,False
1h,5.0,SMA_1000,20,1287.5179389035711,0.006437589694517848,-0.43954447282534637,-0.04849803510188265,-0.13926744350173925,-0.6510904303478674,-0.8064226551061164,-0.23837504331670317,0.05,0.3,0.9134229008161295,43.17211773658623,142.4,20,True,False,False
1h,5.0,SMA_200,20,-81522.03410151496,-0.40761017050757475,-0.6129220615398054,-0.1076919822000165,-0.2808936529632377,-0.7448102299174847,-0.9480488645676151,-0.297568990414837,0.0,0.1,0.9827539111735832,108.03677134884026,355.6,20,True,False,False
1h,5.0,SMA_21,20,-123902.29788945254,-0.6195114894472626,-0.80190487958694,-0.19040433755612218,-0.640430200209219,-0.848601693662179,-1.3075854118135963,-0.38028134577094275,0.0,0.05,0.9982667247410637,356.83164248909696,1173.35,20,True,False,False
1h,5.0,SMA_50,20,-115217.91219508872,-0.5760895609754436,-0.6392943542186491,-0.14130081008746895,-0.4118395616947462,-0.7646322144705667,-1.0789947732991234,-0.3311778183022895,0.0,0.05,0.9957534756156059,219.75489688367287,722.8,20,True,False,False
1h,5.0,SMA_9,20,-95625.0811382139,-0.4781254056910694,-0.9272632490717982,-0.2850455743619591,-1.1009951091918642,-0.9297496743190006,-1.768150320796241,-0.47492258257677966,0.0,0.05,0.9993066898964255,597.0772783406326,1963.0,20,True,False,False
1h,5.0,SQRT,20,-142919.34895005263,-0.7145967447502632,-0.8139058214564788,-0.20648209364197986,-0.6860455635198976,-0.8532745754390973,-1.3532007751242747,-0.39635910185680034,0.0,0.05,0.9983533885040105,366.4761488684445,1205.05,20,True,True,False
1h,5.0,STDDEV,20,-194353.73745880259,-0.971768687294013,-0.9762902399171896,-0.4384103163047797,-1.7901987965246426,-0.9759497942485649,-2.45735400812902,-0.6282873245196002,0.0,0.0,0.9980067334522232,711.3205765673249,2338.5,20,True,True,False
1h,5.0,STOCH,20,-193387.10499416565,-0.9669355249708282,-0.9755434419406744,-0.4227708467026273,-1.6863478333135138,-0.9718958582842772,-2.353503044917891,-0.6126478549174479,0.0,0.0,0.9993066898964255,901.8528517269345,2964.75,20,True,False,False
1h,5.0,STOCHF,20,-198984.25845499616,-0.9949212922749806,-0.9968902378453521,-0.5818549279458893,-2.7377956095095373,-0.9960727839185646,-3.404950821113914,-0.7717319361607098,0.0,0.0,0.9994800174223191,1437.351266340795,4724.85,20,True,False,False
1h,5.0,STOCHRSI,20,-198920.02483626417,-0.9946001241813208,-0.9955397536257324,-0.5718829299306999,-2.6900481694689278,-0.9955121049674494,-3.3572033810733055,-0.7617599381455205,0.0,0.0,0.9938127642682524,1391.3040770119019,4603.4,20,True,False,False
1h,5.0,SUB,20,-199025.27696816978,-0.9951263848408489,-0.9967220058989436,-0.5770037814153671,-2.779791494479973,-0.9959369877156286,-3.4469467060843497,-0.7668807896301877,0.0,0.0,0.9983533885040105,1346.4585784884111,4426.1,20,True,True,False
1h,5.0,SUM,20,-58827.3626973474,-0.294136813486737,-0.39365598115280703,-0.08164328736408062,-0.17106354817559155,-0.6666013294496471,-0.8382187597799687,-0.2715202955789011,0.0,0.2,0.9958401393785528,80.60923131673715,265.45,20,True,True,False
1h,5.0,T3_100,20,-90115.4704440877,-0.45057735222043843,-0.617925045024015,-0.11671690349686728,-0.3486851883705305,-0.6743471455836253,-1.0158403999749077,-0.30659391171168776,0.0,0.1,0.9485217248095905,117.34663459657898,386.2,20,True,False,False
1h,5.0,T3_1000,20,-27784.584736330904,-0.13892292368165454,-0.17501608831155174,-0.03546465928907749,-0.1139253214625426,-0.4906007319785911,-0.7810805330669198,-0.225341667503898,0.0,0.3,0.48053740489677665,18.60446799916606,61.65,20,True,False,False
1h,5.0,T3_200,20,-55256.671753367256,-0.2762833587668363,-0.4419279258914688,-0.0784040589922432,-0.22838391156265136,-0.6276937618496017,-0.8955391231670286,-0.26828106720706374,0.0,0.2,0.8965234670415001,74.26577566659424,244.6,20,True,False,False
1h,5.0,T3_21,20,-81756.54217063496,-0.4087827108531748,-0.7717580419351913,-0.16423744470738139,-0.5574908588374923,-0.8102004721655099,-1.2246460704418696,-0.3541144529222019,0.0,0.05,0.9896003484463819,297.59551617038693,978.65,20,True,False,False
1h,5.0,T3_50,20,-59949.43135071889,-0.2997471567535944,-0.6305429399470245,-0.11149840722622725,-0.33241986404426915,-0.7295852337186606,-0.9995750756486463,-0.3013754154410478,0.0,0.15,0.9745208536936356,177.6476523115527,584.4,20,True,False,False
1h,5.0,T3_9,20,-156292.2662500751,-0.7814613312503755,-0.8987713099204513,-0.2733158407370981,-0.9932857249970789,-0.9091968926268708,-1.660440936601456,-0.46319284895191865,0.0,0.05,0.9958401393785528,523.2222348647475,1720.25,20,True,False,False
1h,5.0,TAN,20,-188892.0247164553,-0.9444601235822765,-0.9672440262351418,-0.39825036247266843,-1.5441603531665329,-0.9586510162897696,-2.21131556477091,-0.588127370687489,0.0,0.0,0.9983533885040105,929.690495511369,3056.25,20,True,True,False
1h,5.0,TANH,20,4543.755160873515,0.022718775804367576,0.0,0.002931766003624403,0.33882335739006003,-0.027632094325063482,-0.9817635620390792,-0.18694524221119613,0.0,0.05,0.016854370614225074,5.917473283206381,21.1,1,False,True,False
1h,5.0,TEMA_100,20,-153957.16416122738,-0.7697858208061369,-0.8342667300543869,-0.22102300370854536,-0.7328259829476972,-0.844224154871503,-1.3999811945520744,-0.41090001192336584,0.0,0.0,0.9742608624047951,291.3432881090226,958.1,20,True,False,False
1h,5.0,TEMA_1000,20,-49496.33647636628,-0.2474816823818314,-0.3817218769596784,-0.06950159765170578,-0.227755095680274,-0.5973170565549232,-0.8949103072846512,-0.2593786058665263,0.0,0.25,0.7402687024483884,67.55722074634319,222.55,20,True,False,False
1h,5.0,TEMA_200,20,-95981.19977650951,-0.47990599888254765,-0.6280191852686081,-0.12166382968651548,-0.39209223262809506,-0.7069771723834836,-1.0592474442324724,-0.31154083790133597,0.0,0.1,0.94826173352075,194.54837776384352,639.95,20,True,False,False
1h,5.0,TEMA_21,20,-181152.44141261803,-0.9057622070630902,-0.925831264093369,-0.3209253948554126,-1.184464419429826,-0.9378731013734909,-1.8516196310342032,-0.5108024030702332,0.0,0.0,0.9948001742231909,658.9755415088576,2166.45,20,True,False,False
1h,5.0,TEMA_50,20,-151303.08921926873,-0.7565154460963437,-0.8306119622228126,-0.22335444993394787,-0.7590379493941943,-0.8590976408515993,-1.4261931609985716,-0.4132314581487684,0.0,0.0,0.9872604268468178,416.79801240239965,1370.45,20,True,False,False
1h,5.0,TEMA_9,20,-195434.2876916818,-0.977171438458409,-0.9858736291635588,-0.46612130797210716,-1.9386273487161065,-0.9810449793907718,-2.605782560320484,-0.6559983161869277,0.0,0.0,0.9979200696892765,1031.4452543585999,3390.7,20,True,False,False
1h,5.0,TRANGE,20,-199042.3488123929,-0.9952117440619647,-0.9960573975707641,-0.5715361320052939,-2.732949219297146,-0.9959482209243579,-3.4001044309015227,-0.7614131402201144,0.0,0.0,0.9982667247410637,1317.6163285153639,4331.3,20,True,True,False
1h,5.0,TRIMA_100,20,29588.21789354165,0.14794108946770823,-0.4939877236642361,-0.0740088039383339,-0.19756610933524452,-0.6971731945183183,-0.8647213209396216,-0.2638858121531544,0.05,0.15,0.9914202874682652,141.8077702993383,466.6,20,True,False,False
1h,5.0,TRIMA_1000,20,-23641.38552980332,-0.11820692764901661,-0.4350098991665307,-0.06457405418417392,-0.19525694666151966,-0.6740125998489053,-0.8624121582658969,-0.25445106239899445,0.05,0.2,0.9134229008161295,43.32425847868099,142.9,20,True,False,False
1h,5.0,TRIMA_200,20,-58001.018264141036,-0.2900050913207052,-0.5357139252660248,-0.08257545743868869,-0.19403654852709723,-0.7044996459694757,-0.8611917601314744,-0.2724524656535092,0.0,0.1,0.9827539111735832,100.2177203200565,329.9,20,True,False,False
1h,5.0,TRIMA_21,20,-104264.45962777954,-0.5213222981388976,-0.8095524849639026,-0.19262552772440195,-0.6741011641202932,-0.8445741184473781,-1.3412563757246703,-0.38250253593922245,0.0,0.05,0.9982667247410637,354.7627731238191,1166.55,20,True,False,False
1h,5.0,TRIMA_50,20,-111835.84217781869,-0.5591792108890934,-0.605350221838766,-0.13190375676138694,-0.37045695098184417,-0.7572043942886553,-1.0376121625862214,-0.32178076497620745,0.0,0.05,0.9957534756156059,214.4306145566596,705.3,20,True,False,False
1h,5.0,TRIMA_9,20,-137006.74063082304,-0.6850337031541153,-0.9265983609942738,-0.30830382127208567,-1.1881425131237093,-0.940540391192776,-1.8552977247280864,-0.4981808294869062,0.0,0.05,0.9993066898964255,625.0828565543563,2055.05,20,True,False,False
1h,5.0,TRIX,20,-10912.441926282341,-0.054562209631411715,-0.25940794633039316,-0.048626151764258205,-0.06828148092667992,-0.6488418267637408,-0.7354366925310571,-0.23850315997907873,0.0,0.35,0.9923735888606802,40.66210308315791,134.15,20,True,False,False
1h,5.0,TSF_100,20,-137512.84436433783,-0.6875642218216892,-0.7809584276863559,-0.19286372312228833,-0.6030139081829071,-0.8134789512520401,-1.2701691197872844,-0.38274073133710884,0.0,0.05,0.9914202874682652,246.90855428684677,812.05,20,True,False,False
1h,5.0,TSF_1000,20,-65248.2205017405,-0.32624110250870253,-0.5136544661810183,-0.07899596803010184,-0.2276446341872167,-0.6415397874392279,-0.894799845791594,-0.26887297624492235,0.0,0.2,0.9134229008161295,68.86544885692172,226.85,20,True,False,False
1h,5.0,TSF_200,20,12944.435351139058,0.06472217675569537,-0.5197080690221846,-0.08035428771926648,-0.2054319778899371,-0.7301869819124835,-0.8725871894943144,-0.270231295934087,0.05,0.05,0.9827539111735832,166.08636141801907,546.4,20,True,False,False
1h,5.0,TSF_21,20,-167748.56593792484,-0.8387428296896241,-0.9098041479446999,-0.27763159662150433,-0.9973657649295864,-0.9096963940423517,-1.6645209765339637,-0.4675086048363249,0.0,0.0,0.9982667247410637,570.5016301810655,1875.65,20,True,False,False
1h,5.0,TSF_50,20,-56117.45051361879,-0.28058725256809397,-0.7416491555809518,-0.146519329210619,-0.48585891138790627,-0.8136990870331354,-1.1530141229922835,-0.3363963374254395,0.0,0.15,0.9957534756156059,354.8236880732231,1166.75,20,True,False,False
1h,5.0,TSF_9,20,-193718.95986433938,-0.9685947993216969,-0.9737911127957354,-0.4187587024566234,-1.6412141553821755,-0.9726483985804423,-2.3083693669865526,-0.608635710671444,0.0,0.0,0.9993066898964255,894.1098723466818,2939.3,20,True,False,False
1h,5.0,TYPPRICE,20,-199606.61489151383,-0.9980330744575692,-0.9987729696150339,-0.6393714313643665,-3.257340173961441,-0.9985492461715465,-3.9244953855658182,-0.829248439579187,0.0,0.0,0.9992807046444658,1758.1148459077467,5787.35,20,True,False,False
1h,5.0,ULTOSC,20,-133841.32821345128,-0.6692066410672564,-0.8107135400612245,-0.21315753309877214,-0.7780689444537017,-0.8577151947093847,-1.4452241560580787,-0.4030345413135927,0.0,0.05,0.9975734146374892,473.28067668618286,1556.1,20,True,False,False
1h,5.0,VAR,20,-193347.79024763496,-0.9667389512381748,-0.9716288760368973,-0.4215816798282669,-1.6889615820887056,-0.972072601207711,-2.3561167936930825,-0.6114586880430875,0.0,0.0,0.9980067334522232,640.0363755938407,2104.2,20,True,True,False
1h,5.0,WCLPRICE,20,-199609.26812348957,-0.9980463406174478,-0.9987594672374186,-0.639617683731298,-3.2595557382035105,-0.9985593135447604,-3.9267109498078874,-0.8294946919461186,0.0,0.0,0.9991940566713723,1758.2365441283196,5788.75,20,True,False,False
1h,5.0,WILLR,20,-71165.19586078137,-0.3558259793039068,-0.8332142350672227,-0.2071469420218325,-0.755672402109463,-0.8713312228261779,-1.42282761371384,-0.397023950236653,0.0,0.05,0.9987607070384786,425.636203576521,1400.8,20,True,False,False
1h,5.0,WMA_100,20,20490.140954748655,0.10245070477374327,-0.5384262714471097,-0.0929685556884072,-0.2739098250769967,-0.7119238711289444,-0.9410650366813739,-0.28284556390322774,0.05,0.1,0.9914202874682652,195.81094015879881,644.1,20,True,False,False
1h,5.0,WMA_1000,20,-60740.684762854864,-0.3037034238142743,-0.4201399865572767,-0.0826791874248698,-0.2571290774981227,-0.6889919958077471,-0.9242842891024999,-0.27255619563969036,0.0,0.2,0.9134229008161295,58.70370657464656,193.45,20,True,False,False
1h,5.0,WMA_200,20,-66778.18297356647,-0.33389091486783234,-0.6106181721071765,-0.10119255557345305,-0.27104858556442507,-0.7173892450548713,-0.9382037971688023,-0.2910695637882736,0.0,0.15,0.9827539111735832,135.76852161802827,446.75,20,True,False,False
1h,5.0,WMA_21,20,-63273.38426376278,-0.31636692131881394,-0.8906642369504629,-0.2281334909043841,-0.8565605539749936,-0.8874221935773315,-1.523715765579371,-0.41801049911920457,0.05,0.05,0.9982667247410637,456.4864957309631,1500.9,20,True,False,False
1h,5.0,WMA_50,20,-96938.00844063914,-0.48469004220319567,-0.7065368140138504,-0.15477798899782816,-0.5141747340998244,-0.7973076254332272,-1.1813299457042015,-0.3446549972126487,0.0,0.1,0.9957534756156059,285.4409734684403,938.7,20,True,False,False
1h,5.0,WMA_9,20,-172826.35745777696,-0.8641317872888848,-0.9625205509623183,-0.36743711409478913,-1.4720406446439005,-0.9601734519895704,-2.1391958562482776,-0.5573141223096096,0.0,0.05,0.9993066898964255,738.5199461377017,2427.9,20,True,False,False
1h,10.0,ACCBANDS,20,-107830.41023472225,-0.5391520511736113,-0.6277013503161014,-0.13779923764518862,-0.37405312151327486,-0.7570981120919721,-1.0412083331176523,-0.32767624586000915,0.0,0.05,0.9971011375251854,62.59803532865472,206.25,20,True,False,False
1h,10.0,ACOS,20,0.0,0.0,0.0,0.0,,0.0,,-0.1898770082148205,0.0,0.0,0.0,0.0,0.0,0,False,True,False
1h,10.0,AD,20,-191153.76543135277,-0.9557688271567638,-0.9785473921398833,-0.4076335628958539,-1.6271565891563273,-0.9672830703817527,-2.2943118007607044,-0.5975105711106744,0.0,0.0,0.9931276581931806,406.81876210723493,1341.3,20,True,False,False
1h,10.0,ADD,20,-175031.97678600953,-0.8751598839300476,-0.9227942098856543,-0.30175973665790395,-1.0943442844678977,-0.9297479612441943,-1.761499496072275,-0.49163674487272446,0.0,0.0,0.9983533885040105,326.49858001142536,1073.65,20,True,True,False
1h,10.0,ADOSC,20,-181180.14917361425,-0.9059007458680712,-0.9546794992818612,-0.36694883598518735,-1.4515830990446361,-0.9547747038043589,-2.118738310649013,-0.5568258442000078,0.0,0.0,0.9992200261334787,370.7355595426437,1219.05,20,True,False,False
1h,10.0,ADX,20,-148002.6888312925,-0.7400134441564625,-0.7829121821661831,-0.21100561570832038,-0.6681807484356227,-0.8452048714319588,-1.3353359600399999,-0.4008826239231409,0.0,0.05,0.9960134669044465,204.13199436835964,671.45,20,True,True,False
1h,10.0,ADXR,20,-136100.7163214258,-0.6805035816071291,-0.7011776105849903,-0.17888415169174543,-0.5443509520802903,-0.8272163079991527,-1.2115061636846676,-0.368761159906566,0.0,0.0,0.9948868379861378,175.8830081808593,578.6,20,True,True,False
1h,10.0,APO,20,-142577.96020323347,-0.7128898010161674,-0.7709384392677754,-0.18799527588728746,-0.5600762232728387,-0.8307156140137206,-1.227231434877216,-0.377872284102108,0.0,0.0,0.9978334059263295,146.26490817797622,481.25,20,True,False,False
1h,10.0,AROON,20,-157155.10913914166,-0.7857755456957082,-0.8390631510580624,-0.2489760307180755,-0.8852135606103151,-0.8861195247033213,-1.5523687722146922,-0.43885303893289607,0.0,0.05,0.9903453151031947,226.46342950587353,771.15,20,True,False,False
1h,10.0,AROONOSC,20,-157155.10913914166,-0.7857755456957082,-0.8390631510580624,-0.2489760307180755,-0.8852135606103151,-0.8861195247033213,-1.5523687722146922,-0.43885303893289607,0.0,0.05,0.9903453151031947,226.46342950587353,771.15,20,True,False,False
1h,10.0,ASIN,20,0.0,0.0,0.0,0.0,,0.0,,-0.1898770082148205,0.0,0.0,0.0,0.0,0.0,0,False,True,False
1h,10.0,ATAN,20,-181184.90546254144,-0.9059245273127072,-0.9455965373654149,-0.3362898641983435,-1.2656884121527665,-0.9463041392723367,-1.9328436237571434,-0.5261668724131641,0.0,0.0,0.9983533885040105,366.29360520870426,1204.45,20,True,True,False
1h,10.0,ATR,20,-194382.77038259755,-0.9719138519129877,-0.981479902473739,-0.45280334327838884,-1.91335226326876,-0.9787665986959885,-2.5805074748731376,-0.6426803514932093,0.0,0.0,0.997140095822755,449.4280609723617,1477.7,20,True,True,False
1h,10.0,AVGDEV,20,-175913.38594507027,-0.8795669297253512,-0.9156080804232053,-0.29115376205408167,-1.0661860944668708,-0.9267440110643062,-1.7333413060712481,-0.4810307702689022,0.0,0.0,0.997226759585702,302.5089969653581,994.8,20,True,True,False
1h,10.0,AVGPRICE,20,-199998.76222089812,-0.9999938111044905,-0.9999960935224366,-0.8498780915327344,-5.879435646009635,-0.999994984674213,-6.546590857614012,-1.039755099747555,0.0,0.0,0.9996100275522842,1755.7721778083621,5775.9,20,True,False,False
1h,10.0,BBANDS,20,0.0,0.0,0.0,0.0,,0.0,,-0.1898770082148205,0.0,0.0,0.0,0.0,0.0,0,False,False,False
1h,10.0,BETA,20,-190098.38805605116,-0.9504919402802559,-0.9551357790703467,-0.38429126405914543,-1.5139088194464199,-0.9632029309475589,-2.181064031050797,-0.5741682722739659,0.0,0.0,0.9844481923804599,225.7638109085088,742.55,20,True,False,False
1h,10.0,BOP,20,-199998.72701307622,-0.999993635065381,-0.9999957676870839,-0.8460336986207929,-5.791353333988553,-0.9999943284658792,-6.45850854559293,-1.0359107068356135,0.0,0.0,0.9956017805104936,1750.7674150633998,5805.05,20,True,False,False
1h,10.0,BUYHOLD,20,718185.3942717676,3.5909269713588374,1.7943100201655624,0.1898770082148205,0.6671552116043772,-0.4554195849588095,0.0,0.0,0.0,1.0,1.0,0.15212159234987555,1.0,20,True,False,True
1h,10.0,CCI,20,-155782.11620244943,-0.7789105810122472,-0.9496891145393372,-0.3357096410816421,-1.3187793190137735,-0.9487677905909478,-1.9859345306181506,-0.5255866492964626,0.0,0.05,0.9988733710816913,390.3744514590536,1283.6,20,True,False,False
1h,10.0,CDL2CROWS,20,-2775.6340774757873,-0.013878170387378935,-0.00521924849212424,-0.0021763769458072292,-0.2274717208380836,-0.026067769273600216,-0.9021942579323103,-0.19205338516062775,0.0,0.3,0.0014300236269152345,0.8366679036747243,5.5,19,True,False,False
1h,10.0,CDL3BLACKCROWS,20,454.76268902206493,0.002273813445110323,-0.005901030359533488,0.0002332328039094389,-0.12235068221083821,-0.026249336251590753,-0.7779440159006942,-0.1896437754109111,0.0,0.4,0.001299984585065582,0.7606070393084547,5.0,19,True,False,False
1h,10.0,CDL3INSIDE,20,-44225.02549521826,-0.2211251274760913,-0.21476584869542353,-0.03966914468823706,-0.5938446742360963,-0.3083273456247191,-1.2609998858404734,-0.22954615290305758,0.0,0.05,0.04753149394641084,27.792613946894953,180.1,20,True,False,False
1h,10.0,CDL3LINESTRIKE,20,-10422.170405126508,-0.05211085202563255,-0.025055160648557562,-0.00896276967989692,-0.22306444597910585,-0.13304900790051857,-0.8902196575834831,-0.19883977789471743,0.0,0.3,0.019521531156189615,11.386301431417975,74.65,20,True,False,False
1h,10.0,CDL3OUTSIDE,20,-128424.60313503604,-0.6421230156751803,-0.7147649897792796,-0.16186428739504927,-1.1969356389554469,-0.7200076177121871,-1.864090850559824,-0.35174129560986983,0.0,0.05,0.24873203496997612,144.17321909650744,879.8,20,True,False,False
1h,10.0,CDL3STARSINSOUTH,20,0.0,0.0,0.0,0.0,,0.0,,-0.1898770082148205,0.0,0.0,0.0,0.0,0.0,0,False,False,False
1h,10.0,CDL3WHITESOLDIERS,20,-6710.052327259396,-0.03355026163629698,-0.027052618522673322,-0.005318280026308786,-0.19269454796933333,-0.07734158289452644,-0.8598497595737106,-0.1951952882411293,0.0,0.25,0.00637430774134512,3.6965553237352466,24.3,20,True,False,False
1h,10.0,CDLABANDONEDBABY,20,121.9196030122882,0.0006095980150614411,0.0,9.22580070572332e-05,0.19188118643438626,-0.000600963660257553,-0.6644814470034341,-0.18978475020776328,0.0,0.05,2.6003293750541735e-05,0.015212278229219727,0.1,1,False,False,False
1h,10.0,CDLADVANCEBLOCK,20,-64984.91793547363,-0.32492458967736815,-0.29613908253649995,-0.06123860076594347,-0.727915923946245,-0.3843358807988411,-1.3950711355506222,-0.251115608980764,0.0,0.0,0.07082542284966117,39.658100199377465,260.7,20,True,False,False
1h,10.0,CDLBELTHOLD,20,-181989.48312014973,-0.9099474156007487,-0.9269996769272468,-0.330662546519649,-1.6242199515610178,-0.9303920638524023,-2.2913751631653954,-0.5205395547344696,0.0,0.0,0.6284823685923963,366.324044336263,1867.6,20,True,False,False
1h,10.0,CDLBREAKAWAY,20,-484.0110834841738,-0.0024200554174208687,0.0,-0.00037207968989875774,-0.23038597591102325,-0.005233965921948069,-0.87671043094946,-0.19024908790471928,0.0,0.1,0.00015599273205459937,0.0912734040422816,0.6,5,False,False,False
1h,10.0,CDLCLOSINGMARUBOZU,20,-175967.1296928299,-0.8798356484641495,-0.9198924663887824,-0.30076222520574153,-1.4683919372255043,-0.9088460751352054,-2.1355471488298816,-0.4906392334205621,0.0,0.0,0.5808769276588864,334.8881029884689,1767.65,20,True,False,False
1h,10.0,CDLCONCEALBABYSWALL,20,-83.46624361813991,-0.00041733121809069964,0.0,-6.481985634750886e-05,-0.03485460652962394,-0.001154243585621073,-0.9229101491079148,-0.18994182807116805,0.0,0.05,5.198856407752691e-05,0.030424291582166817,0.2,2,False,False,False
1h,10.0,CDLCOUNTERATTACK,20,-1641.224458114765,-0.008206122290573825,-0.0068682081184086585,-0.0012772482122056117,-0.23894939350071537,-0.01814597186523977,-0.8951032547539048,-0.19115425642702613,0.0,0.25,0.001356255528577932,0.8062457177301907,5.25,19,True,False,False
1h,10.0,CDLDARKCLOUDCOVER,20,-6700.405287288017,-0.03350202643644008,-0.029074314500547593,-0.0053613067361931496,-0.33231699120296093,-0.06538165754103833,-0.9994722028073382,-0.19523831495101368,0.0,0.3,0.006673223698098425,3.894312558777225,25.6,20,True,False,False
1h,10.0,CDLDOJI,20,4867.054814676037,0.024335274073380188,-0.36325715484201887,-0.0509999191091588,-0.20010574468596332,-0.6020871127158891,-0.8672609562903405,-0.24087692732397933,0.0,0.2,0.6274049590992725,198.86094732611537,1307.25,20,True,False,False
1h,10.0,CDLDOJISTAR,20,-64755.037443418456,-0.32377518721709225,-0.37607327102401245,-0.06105133440010935,-0.6821764957357731,-0.3856222029839331,-1.3493317073401503,-0.2509283426149299,0.0,0.0,0.0915641407850319,52.71772222856108,338.85,20,True,False,False
1h,10.0,CDLDRAGONFLYDOJI,20,-24921.2065258409,-0.12460603262920449,-0.17511193318539886,-0.021727208094228217,-0.18443473302214325,-0.3169804954657745,-0.8515899446265205,-0.21160421630904874,0.0,0.2,0.1248869890140722,67.51156627682042,443.8,20,True,False,False
1h,10.0,CDLENGULFING,20,-172616.5667484434,-0.863082833742217,-0.9476670966992804,-0.33492674336608974,-1.7593480267109782,-0.9333264297893329,-2.4265032383153553,-0.5248037515809103,0.0,0.05,0.5583385365650568,331.01665906788344,1741.15,20,True,False,False
1h,10.0,CDLEVENINGDOJISTAR,20,-8089.333679667223,-0.04044666839833612,-0.037625985184896904,-0.006671152502106481,-0.2413333150276824,-0.08429195171697138,-0.9084885266320596,-0.196548160716927,0.0,0.3,0.007903734351205635,4.578859256046938,30.1,20,True,False,False
1h,10.0,CDLEVENINGSTAR,20,-19888.926433638997,-0.09944463216819499,-0.08514091546133301,-0.016807095048554765,-0.33719248638019617,-0.17342364144742325,-1.0043476979845734,-0.20668410326337527,0.0,0.2,0.02375009964643411,13.72136363745937,90.2,20,True,False,False
1h,10.0,CDLGAPSIDESIDEWHITE,20,-6087.421386426096,-0.030437106932130482,-0.030477997882581487,-0.004914665323401207,-0.17162408609933277,-0.09077568478145065,-0.83877929770371,-0.19479167353822174,0.0,0.25,0.010975911799692883,6.3662888548330985,41.75,20,True,False,False
1h,10.0,CDLGRAVESTONEDOJI,20,-47364.58480241573,-0.23682292401207863,-0.24347045841986437,-0.04351603703127001,-0.4431235393974416,-0.372960640408068,-1.1102787510018186,-0.23339304524609053,0.0,0.1,0.11562197545761246,62.71211867900156,412.25,20,True,False,False
1h,10.0,CDLHAMMER,20,-46608.27706111805,-0.2330413853055903,-0.17353209914090711,-0.04443871190892636,-0.2932114106847138,-0.4044687682545966,-0.960366622289091,-0.23431572012374685,0.0,0.15,0.17367819669287127,91.45550881492827,601.2,20,True,False,False
1h,10.0,CDLHANGINGMAN,20,-91848.99782022403,-0.4592449891011201,-0.4817554744034759,-0.09376932670469862,-1.0006703822695446,-0.5091742699580168,-1.6678255938739217,-0.2836463349195191,0.0,0.0,0.10729514435034355,58.178911495763735,382.45,20,True,False,False
1h,10.0,CDLHARAMI,20,-143243.10886589484,-0.7162155443294742,-0.7310005196155924,-0.18158630041279283,-1.067342432312214,-0.7687193835295417,-1.7344976439165911,-0.37146330862761334,0.0,0.0,0.34555705708195594,193.24010622316197,1162.45,20,True,False,False
1h,10.0,CDLHARAMICROSS,20,-50212.38578698337,-0.25106192893491686,-0.2936001851348793,-0.04753926777945313,-0.498140422316707,-0.3690820810068203,-1.1652956339210843,-0.23741627599427365,0.0,0.15,0.10108932406799612,58.39950297306153,375.4,20,True,False,False
1h,10.0,CDLHIGHWAVE,20,-170532.23090565138,-0.8526611545282569,-0.8749224163679769,-0.26153660577477444,-1.2977238221761778,-0.877500967858157,-1.964879033780555,-0.45141361398959495,0.0,0.0,0.5521275334422601,318.3220183244363,1691.95,20,True,False,False
1h,10.0,CDLHIKKAKE,20,-175338.3967687225,-0.8766919838436126,-0.8925437110726717,-0.29179219100872034,-1.3792426043365116,-0.903448396795935,-2.046397815940889,-0.4816691992235408,0.0,0.0,0.6199431379622412,311.02015697752773,1673.35,20,True,False,False
1h,10.0,CDLHIKKAKEMOD,20,-4239.079315295553,-0.021195396576477767,-0.029003708336108325,-0.0035117910614551164,-0.1424846139513875,-0.09185114258559121,-0.8096398255557646,-0.19338879927627564,0.0,0.3,0.012362941588260897,6.556437727384017,43.05,20,True,False,False
1h,10.0,CDLHOMINGPIGEON,20,-525.9279855189938,-0.002629639927594968,0.014116249137087755,-0.0009068462400408928,-6.486488437188742e-05,-0.07080989906877921,-0.667220076488749,-0.1907838544548614,0.0,0.55,0.00939040115893169,5.430739980729511,35.7,20,True,False,False
1h,10.0,CDLIDENTICAL3CROWS,20,-7483.0956243509445,-0.03741547812175472,-0.05225564520983095,-0.006344031826215924,-0.2414636802143427,-0.10014598999152784,-0.9086188918187199,-0.19622104004103644,0.0,0.3,0.009511467356681616,5.430741022974599,35.7,20,True,False,False
1h,10.0,CDLINNECK,20,-1147.3161249281015,-0.005736580624640508,0.0003004171941969336,-0.0008993174170463747,-0.046314901115609305,-0.02364820149482516,-0.710197218546384,-0.19077632563186692,0.0,0.5,0.0018199693331948888,1.0648507520427892,7.0,19,True,False,False
1h,10.0,CDLINVERTEDHAMMER,20,-17543.51393057099,-0.08771756965285496,-0.11425265770219706,-0.0170691562592724,-0.2354153884727362,-0.2466146417359397,-0.9025706000771134,-0.20694616447409292,0.0,0.15,0.048544497120702766,27.48076193489735,180.65,20,True,False,False
1h,10.0,CDLKICKING,20,-134.90734478227907,-0.0006745367239113953,0.0,-0.000103204204154822,-0.3841843319826677,-0.0008121328406819062,-1.323762351656741,-0.18998021241897534,0.0,0.0,2.6037146328762368e-05,0.015212279945951517,0.1,1,False,False,False
1h,10.0,CDLKICKINGBYLENGTH,20,-134.90734478227907,-0.0006745367239113953,0.0,-0.000103204204154822,-0.3841843319826677,-0.0008121328406819062,-1.323762351656741,-0.18998021241897534,0.0,0.0,2.6037146328762368e-05,0.015212279945951517,0.1,1,False,False,False
1h,10.0,CDLLADDERBOTTOM,20,393.6433267586891,0.0019682166337934457,-0.006433701493484989,0.00014020427047171659,-0.009388283270429783,-0.04374239210749419,-0.676543494874807,-0.1897368039443488,0.0,0.45,0.0073059669689453325,4.274614762854734,28.1,20,True,False,False
1h,10.0,CDLLONGLEGGEDDOJI,20,4814.687324758505,0.024073436623792542,-0.3714027378673497,-0.05136417763844518,-0.20264524372994686,-0.6029874603172702,-0.869800455334324,-0.2412411858532657,0.0,0.2,0.6267289646376033,198.90658363402397,1307.55,20,True,False,False
1h,10.0,CDLLONGLINE,20,-190442.34785906514,-0.9522117392953258,-0.9668099422109311,-0.39308973294197724,-1.8385045614841382,-0.9664653038794411,-2.5056597730885155,-0.5829667411567978,0.0,0.0,0.7195040498497786,430.3063920258422,2056.4,20,True,False,False
1h,10.0,CDLMARUBOZU,20,-115158.38177825259,-0.575791908891263,-0.6921782464186053,-0.14319411239765184,-0.9585829766256049,-0.682582440627798,-1.6257381882299822,-0.33307112061247235,0.0,0.05,0.2729571719000065,157.46870074852464,953.3,20,True,False,False
1h,10.0,CDLMATCHINGLOW,20,-34438.586852736495,-0.17219293426368246,-0.18048866082124493,-0.03240285713008258,-0.29740732596529,-0.3288930514696586,-0.9645625375696673,-0.2222798653449031,0.0,0.25,0.10021323538562113,54.93869885696662,361.15,20,True,False,False
1h,10.0,CDLMATHOLD,20,0.0,0.0,0.0,0.0,,0.0,,-0.1898770082148205,0.0,0.0,0.0,0.0,0.0,0,False,False,False
1h,10.0,CDLMORNINGDOJISTAR,20,-1234.3741813516885,-0.006171870906758442,-0.008302265401566533,-0.0014818245102319217,-0.12300430703716907,-0.07224465856167006,-0.7901595186415463,-0.19135883272505244,0.0,0.5,0.008155053351858305,4.746190355078568,31.2,20,True,False,False
1h,10.0,CDLMORNINGSTAR,20,-17738.94047169058,-0.0886947023584529,-0.12034497627811369,-0.01515072611602949,-0.4315683315469637,-0.16804432426329372,-1.098723543151341,-0.20502773433085003,0.0,0.2,0.022320271170428913,12.892296340675722,84.75,20,True,False,False
1h,10.0,CDLONNECK,20,-2332.446500431139,-0.011662232502155695,-0.011939955275579561,-0.001892896590583909,-0.08104344333473276,-0.039285549580523466,-0.74819865493911,-0.19176990480540443,0.0,0.4,0.002937987168412137,1.7189744862248553,11.3,20,True,False,False
1h,10.0,CDLPIERCING,20,-2227.2367239329847,-0.011136183619664924,-0.006208421612508674,-0.001787769925920768,-0.10220154471004647,-0.04085472874506795,-0.7693567563144237,-0.1916647781407413,0.0,0.45,0.004827450076413365,2.814252442143902,18.5,20,True,False,False
1h,10.0,CDLRICKSHAWMAN,20,-63898.62334953488,-0.3194931167476744,-0.5216091654231395,-0.0827758274402988,-0.384311064491174,-0.614264826342555,-1.0514662760955513,-0.27265283565511933,0.0,0.1,0.5125271328711736,193.9930487903602,1275.25,20,True,False,False
1h,10.0,CDLRISEFALL3METHODS,20,-6276.05440574819,-0.031380272028740955,-0.030137410109037255,-0.004937798312357277,-0.4093208316217504,-0.04402687457063593,-1.0764760432261276,-0.1948148065271778,0.0,0.15,0.0029117201964022365,1.703763250473239,11.2,20,True,False,False
1h,10.0,CDLSEPARATINGLINES,20,-33132.679049215294,-0.16566339524607648,-0.17253841445093232,-0.030183094142636573,-0.49623243478975637,-0.25616299358107486,-1.1633876463941335,-0.2200601023574571,0.0,0.15,0.031995709005932696,18.726167976411254,121.85,20,True,False,False
1h,10.0,CDLSHOOTINGSTAR,20,-48100.011368813124,-0.2405000568440656,-0.21732226505930918,-0.04337018846757591,-0.5900286278081055,-0.30765164347301194,-1.2571838394124828,-0.23324719668239643,0.0,0.05,0.05633221265411311,31.83903713700111,209.3,20,True,False,False
1h,10.0,CDLSHORTLINE,20,-191009.11342849623,-0.955045567142481,-0.963109181851727,-0.39323108294849646,-1.8889155948477778,-0.9635462859194932,-2.556070806452155,-0.583108091163317,0.0,0.0,0.7103838962551965,438.3991817100085,2060.45,20,True,False,False
1h,10.0,CDLSPINNINGTOP,20,-190605.74121736348,-0.9530287060868174,-0.9586825645101245,-0.3837575318841129,-1.7418616413134487,-0.9606963362758514,-2.409016852917826,-0.5736345400989334,0.0,0.0,0.763903120212237,462.2138179483665,2102.85,20,True,False,False
1h,10.0,CDLSTALLEDPATTERN,20,-30679.41450088279,-0.15339707250441395,-0.16942264809942187,-0.026168478283431995,-0.5216891298836017,-0.19508084072546245,-1.188844341487979,-0.21604548649825253,0.0,0.1,0.022619769183140716,13.067247327256116,85.9,20,True,False,False
1h,10.0,CDLSTICKSANDWICH,20,-453.36887636734036,-0.0022668443818367025,-0.00042034645035560203,-0.0004156039300373282,-0.00506246183196957,-0.030136601870416408,-0.6596867914972966,-0.19029261214485785,0.0,0.4,0.002205681719418541,1.2778226456621693,8.4,18,True,False,False
1h,10.0,CDLTAKURI,20,-23227.92637400234,-0.11613963187001171,-0.13381797181129507,-0.020137646312863793,-0.18030023439942253,-0.311866284567557,-0.8474554460037999,-0.21001465452768434,0.0,0.2,0.12169362212929655,65.83823286148633,432.8,20,True,False,False
1h,10.0,CDLTASUKIGAP,20,-2831.141264740352,-0.01415570632370176,-0.03262383900351967,-0.0029672742096786553,-0.16663836729191758,-0.08553507399083289,-0.8337935788962948,-0.1928442824244992,0.0,0.25,0.0089135770001014,5.217765441336977,34.25,20,True,False,False
1h,10.0,CDLTHRUSTING,20,-7623.811453700873,-0.03811905726850436,-0.04927738762008549,-0.006170697783883383,-0.256149631773825,-0.09076253846860446,-0.9233048433782022,-0.1960477059987039,0.0,0.35,0.010209664815277707,5.932744113200343,39.0,20,True,False,False
1h,10.0,CDLTRISTAR,20,-691.1183368076413,-0.0034555916840382063,-0.00035139493172769987,-0.0005653085070080665,0.011580998985597156,-0.03085960020121466,-0.6559696488871887,-0.1904423167218286,0.0,0.45,0.0026390111307148852,1.5820616092566209,10.25,19,True,False,False
1h,10.0,CDLUNIQUE3RIVER,20,-1239.4527317412808,-0.006197263658706403,-0.001462925832458939,-0.0010656753293408095,-0.032975325462568345,-0.03074878765754594,-0.7021210380114226,-0.19094268354416133,0.0,0.45,0.0018460515920593265,1.0800632982387623,7.1,19,True,False,False
1h,10.0,CDLUPSIDEGAP2CROWS,20,45.3398945931971,0.00022669947296598546,0.0,3.401388501292346e-05,-0.04886398521663641,-0.0012735079288753114,-0.9593721771336011,-0.1898429943298076,0.0,0.1,7.796933245283926e-05,0.045636304706812986,0.3,3,False,False,False
1h,10.0,CDLXSIDEGAP3METHODS,20,-42326.422244357535,-0.21163211122178766,-0.24635418586976,-0.039364778904484386,-0.49249186071053874,-0.30781326282973215,-1.159647072314916,-0.22924178711930493,0.0,0.15,0.056504618622555736,32.84304057046442,212.55,20,True,False,False
1h,10.0,CEIL,20,-177996.47775017066,-0.8899823887508532,-0.9522782089065066,-0.33793091414537113,-1.328735843104301,-0.9479449242781829,-1.9958910547086781,-0.5278079223601917,0.0,0.0,0.969276361440019,371.6787403668555,1323.85,20,True,True,False
1h,10.0,CMO,20,-170329.27189850813,-0.8516463594925406,-0.9255664625173576,-0.3133062690240561,-1.2053773808052362,-0.9332464290080461,-1.8725325924096132,-0.5031832772388767,0.0,0.05,0.9987867073187445,344.99659374535554,1134.45,20,True,False,False
1h,10.0,CORREL,20,-123830.0062212637,-0.6191500311063185,-0.7581833520491643,-0.18311958504549639,-0.6168958366385787,-0.8381001096552307,-1.284051048242956,-0.37299659326031687,0.0,0.1,0.9807216505737466,199.5683257326375,656.45,20,True,True,False
1h,10.0,COS,20,-198093.2450346312,-0.990466225173156,-0.9940660209554151,-0.5809754185809937,-2.803559012637861,-0.9916557445013323,-3.4707142242422377,-0.7708524267958141,0.0,0.0,0.9983533885040105,850.1457259651401,2794.8,20,True,True,False
1h,10.0,COSH,20,-121146.22124521752,-0.6057311062260876,-0.960134604453015,-0.3514342217231601,-1.469908174947154,-0.9447428002608133,-2.137063386551531,-0.5413112299379806,0.0,0.05,0.9896417267469493,364.156426140125,1197.5,20,True,True,False
1h,10.0,DEMA_100,20,-149137.71966985002,-0.74568859834925,-0.911945453323501,-0.2604175760144972,-0.9372329234670348,-0.9008090852965541,-1.604388135071412,-0.4502945842293177,0.0,0.05,0.9828405749365301,254.18004049085175,835.95,20,True,False,False
1h,10.0,DEMA_1000,20,-113992.4231901478,-0.569962115950739,-0.6488499812445119,-0.13474097363790355,-0.5219592884591746,-0.7158713216275416,-1.189114500063552,-0.32461798185272406,0.0,0.05,0.8268458016322588,69.68691065027838,229.55,20,True,False,False
1h,10.0,DEMA_200,20,-95985.1449118054,-0.479925724559027,-0.719087555386529,-0.17666318827260452,-0.6326022767421734,-0.7949575163439793,-1.2997574883465508,-0.36654019648742503,0.0,0.05,0.9655078223471667,171.04550905136765,562.7,20,True,False,False
1h,10.0,DEMA_21,20,-190623.5510970659,-0.9531177554853297,-0.9890857041623242,-0.45647289868450364,-1.9504364584295015,-0.9776481753332191,-2.6175916700338786,-0.6463499068993241,0.0,0.0,0.9965334494821272,576.5561261804343,1895.55,20,True,False,False
1h,10.0,DEMA_50,20,-172650.1592182983,-0.8632507960914916,-0.9556275739117791,-0.3432966705409218,-1.3264324704933574,-0.947150245736292,-1.993587682097735,-0.5331736787557423,0.0,0.05,0.9915069512312119,363.7988187420896,1196.25,20,True,False,False
1h,10.0,DEMA_9,20,-199431.48863315172,-0.9971574431657586,-0.9982342923112917,-0.6151566441157599,-2.972185278391545,-0.9978146787009695,-3.6393404899959223,-0.8050336523305803,0.0,0.0,0.9986133797928509,891.9041713658662,2932.05,20,True,False,False
1h,10.0,DIV,20,-199986.7220606989,-0.9999336103034944,-0.9999531378195309,-0.7805445023592207,-4.998469006838942,-0.9999408745794869,-5.665624218443319,-0.9704215105740411,0.0,0.0,0.9980933803420718,1343.6443366777164,4416.95,20,True,True,False
1h,10.0,DX,20,-195041.23093247815,-0.9752061546623907,-0.977574025961794,-0.4447971806425155,-1.922479975878365,-0.9825453230928984,-2.5896351874827426,-0.6346741888573361,0.0,0.0,0.997140095822755,521.3968478111426,1714.25,20,True,True,False
1h,10.0,EMA_100,20,-131812.84279334216,-0.6590642139667109,-0.7681499780160472,-0.18695318712592873,-0.6016802876096767,-0.8336052405013298,-1.268835499214054,-0.37683019534074924,0.0,0.1,0.9914202874682652,173.81414187368765,571.8,20,True,False,False
1h,10.0,EMA_1000,20,-21882.53172885692,-0.1094126586442846,-0.4120534442791671,-0.06834734507667173,-0.21042669833116623,-0.6811523544156716,-0.8775819099355434,-0.25822435329149224,0.0,0.15,0.9134229008161295,49.01358448479543,161.6,20,True,False,False
1h,10.0,EMA_200,20,-115933.51906705528,-0.5796675953352765,-0.7536364861072408,-0.16578479043316044,-0.5200866787198839,-0.7993650414999481,-1.1872418903242612,-0.355661798647981,0.0,0.05,0.9827539111735832,121.14961709309475,398.7,20,True,False,False
1h,10.0,EMA_21,20,-180037.80843769273,-0.9001890421884635,-0.9558819002791317,-0.35467063301563206,-1.3851734951322254,-0.9578775518312209,-2.0523287067366023,-0.5445476412304526,0.0,0.0,0.9982667247410637,396.18549188378176,1302.7,20,True,False,False
1h,10.0,EMA_50,20,-141661.48421700692,-0.7083074210850346,-0.8472868705054439,-0.2375939720718366,-0.8382659339557137,-0.8789724256755218,-1.5054211455600908,-0.4274709802866571,0.0,0.05,0.9957534756156059,247.5018517178466,814.0,20,True,False,False
1h,10.0,EMA_9,20,-191899.0616408005,-0.9594953082040025,-0.9921395046826431,-0.49170287191039697,-2.159732846805309,-0.9873225913100276,-2.826888058409686,-0.6815798801252175,0.0,0.0,0.9993066898964255,618.632935203903,2033.85,20,True,False,False
1h,10.0,EXP,20,-121250.70920953115,-0.6062535460476558,-0.960134604453015,-0.35233962125713947,-1.47413466600778,-0.9451843425549062,-2.141289877612157,-0.5422166294719599,0.0,0.05,0.9896460587518012,364.17164027100335,1197.6,20,True,True,False
1h,10.0,FLOOR,20,-177136.1883045388,-0.885680941522694,-0.9524973153610923,-0.33747929976955515,-1.3292867960252566,-0.9477174884370703,-1.9964420076296339,-0.5273563079843757,0.0,0.0,0.9693023519683491,371.8004388520821,1323.95,20,True,True,False
1h,10.0,HT_DCPERIOD,20,-152627.06732147466,-0.7631353366073733,-0.8173362294379404,-0.21711292111089256,-0.7137114042565318,-0.8617091982849209,-1.3808666158609089,-0.4069899293257131,0.0,0.0,0.9955801480897124,196.28248846290947,645.65,20,True,False,False
1h,10.0,HT_DCPHASE,20,-167075.73485291473,-0.8353786742645737,-0.8432565863791082,-0.2504090916212002,-0.8482007571224726,-0.8875174118808837,-1.5153559687268499,-0.44028609983602074,0.0,0.0,0.9928935714383609,284.6195153754551,936.0,20,True,False,False
1h,10.0,HT_PHASOR,20,-198956.0419813476,-0.994780209906738,-0.997110393164917,-0.5745917669423235,-2.7522199219978902,-0.9956127201605284,-3.419375133602267,-0.7644687751571441,0.0,0.0,0.997226759585702,746.0499144634197,2452.65,20,True,False,False
1h,10.0,HT_SINE,20,-166715.09357707202,-0.8335754678853601,-0.8528400681955759,-0.2583987144766241,-0.8893200823993881,-0.8940568575127807,-1.5564752940037654,-0.44827572269144467,0.0,0.0,0.9945401829343504,211.00786085146055,694.05,20,True,False,False
1h,10.0,HT_TRENDLINE,20,-152944.15969839267,-0.7647207984919634,-0.9242351750136995,-0.29112544159113896,-1.0985659088851385,-0.925444349632901,-1.7657211204895158,-0.48100244980595946,0.0,0.05,0.9945401829343504,326.01181774635563,1072.05,20,True,False,False
1h,10.0,HT_TRENDMODE,20,18095.2333840201,0.09047616692010048,-0.48131101406268995,-0.05817093057175028,-0.2726631938475149,-0.6227067202308143,-0.9398184054518921,-0.24804793878657078,0.0,0.1,0.5671576622474245,178.4994913557921,1173.4,20,True,False,False
1h,10.0,IMI,20,-187803.66631892938,-0.939018331594647,-0.9423123282698318,-0.37087759665754283,-1.4569997280226339,-0.9565041106248839,-2.1241549396270107,-0.5607546048723633,0.0,0.0,0.9988733710816913,392.6106117378202,1290.95,20,True,False,False
1h,10.0,KAMA_100,20,-56313.38214532604,-0.2815669107266302,-0.829035866414504,-0.18690955457909272,-0.6556750897668827,-0.8391980958696982,-1.32283030137126,-0.3767865627939132,0.0,0.05,0.9913336237053183,190.10636542254576,625.35,20,True,False,False
1h,10.0,KAMA_1000,20,-119587.17409041918,-0.597935870452096,-0.6749569770191646,-0.14844157216699091,-0.5517825929614815,-0.73485324174758,-1.2189378045658585,-0.33831858038181145,0.0,0.0,0.9133362370531826,104.91821739731006,345.35,20,True,False,False
1h,10.0,KAMA_200,20,-122523.94636590093,-0.6126197318295047,-0.7670913888021466,-0.17449592508969866,-0.5314719337908769,-0.8201128935614724,-1.198627145395254,-0.3643729333045192,0.0,0.05,0.9826672474106365,154.09913457561186,507.0,20,True,False,False
1h,10.0,KAMA_21,20,-176743.4134048595,-0.8837170670242974,-0.9353727440998927,-0.3249626470956161,-1.2077320756650562,-0.9375389897250697,-1.8748872872694335,-0.5148396553104366,0.0,0.0,0.9981800609781167,339.9461322617816,1117.85,20,True,False,False
1h,10.0,KAMA_50,20,-147709.8083904872,-0.7385490419524359,-0.882638152585731,-0.25286589835381446,-0.9079497756129928,-0.8969835785730307,-1.5751049872173701,-0.4427429065686349,0.0,0.05,0.9956668118526592,246.54350890052555,810.85,20,True,False,False
1h,10.0,KAMA_9,20,-165907.87682984507,-0.8295393841492255,-0.9787232476487374,-0.4154415438349699,-1.7314455964486093,-0.9701378145254969,-2.3986008080529864,-0.6053185520497905,0.0,0.05,0.9992200261334787,489.40557145002623,1609.1,20,True,False,False
1h,10.0,LINEARREG_100,20,-172793.29771223105,-0.8639664885611552,-0.8914733911418822,-0.28933179287571364,-1.0204911434369683,-0.9058356913356287,-1.6876463550413454,-0.4792088010905342,0.0,0.0,0.9914202874682652,249.31207304296436,819.95,20,True,False,False
1h,10.0,LINEARREG_1000,20,-87631.57324223702,-0.4381578662111851,-0.6209964292069965,-0.10776320944389692,-0.35603646554940027,-0.6904237108222943,-1.0231916771537777,-0.29764021765871745,0.0,0.15,0.9134229008161295,68.83502589611848,226.75,20,True,False,False
1h,10.0,LINEARREG_200,20,-46332.01444253712,-0.23166007221268553,-0.7064542758288094,-0.15215746835857352,-0.48985405642268576,-0.823493050853546,-1.157009268027063,-0.34203447657339403,0.0,0.05,0.9827539111735832,166.93823524058692,549.2,20,True,False,False
1h,10.0,LINEARREG_21,20,-196223.74467546135,-0.9811187233773067,-0.9896573936925714,-0.4799048570082092,-2.042333448819675,-0.9861987173590003,-2.7094886604240522,-0.6697818652230297,0.0,0.0,0.9982667247410637,594.521633011759,1954.6,20,True,False,False
1h,10.0,LINEARREG_50,20,-153627.1757910413,-0.7681358789552065,-0.9208212256683342,-0.2971937792501216,-1.1198732298839476,-0.9311461579437108,-1.7870284414883248,-0.4870707874649421,0.0,0.05,0.9957534756156059,362.1559621834773,1190.85,20,True,False,False
1h,10.0,LINEARREG_9,20,-199828.7929493378,-0.9991439647466889,-0.9992035950681344,-0.6684507838259109,-3.3932089138042265,-0.9991983434470108,-4.060364125408603,-0.8583277920407314,0.0,0.0,0.9993066898964255,999.5453831250925,3285.85,20,True,False,False
1h,10.0,LINEARREG_ANGLE,20,-143559.60987404728,-0.7177980493702364,-0.8989664993644255,-0.26635568899086143,-1.0015944924578666,-0.91724652189895,-1.6687497040622439,-0.45623269720568194,0.0,0.05,0.9988733710816913,253.40416617310024,833.4,20,True,False,False
1h,10.0,LINEARREG_INTERCEPT_100,20,-62815.262285248675,-0.31407631142624337,-0.6910870997766438,-0.11075346473005603,-0.3170339366757493,-0.7489427804725171,-0.9841891482801264,-0.30063047294487655,0.0,0.15,0.9914202874682652,89.03679301543443,293.15,20,True,False,False
1h,10.0,LINEARREG_INTERCEPT_1000,20,63857.99178509554,0.31928995892547773,-0.2544035212836696,-0.013475570294658517,-0.020711517673040053,-0.627745698027091,-0.6878667292774173,-0.20335257850947905,0.0,0.35,0.9134229008161295,22.209762336810613,73.5,20,True,False,False
1h,10.0,LINEARREG_INTERCEPT_200,20,-85351.7567024316,-0.42675878351215796,-0.5021488495520657,-0.10279402821007746,-0.25221754127797147,-0.714916085975634,-0.9193727528823488,-0.292671036424898,0.0,0.05,0.9827539111735832,60.4379134470415,199.15,20,True,False,False
1h,10.0,LINEARREG_INTERCEPT_21,20,-153539.6218959987,-0.7676981094799935,-0.8388589067067247,-0.23163817468816528,-0.7856617289033643,-0.8795404101384383,-1.4528169405077414,-0.4215151829029858,0.0,0.05,0.9982667247410637,239.34811044256304,787.2,20,True,False,False
1h,10.0,LINEARREG_INTERCEPT_50,20,-86015.15091556017,-0.43007575457780084,-0.5854337895199669,-0.12635405503310443,-0.37072934327468476,-0.748468451230948,-1.037884554879062,-0.31623106324792494,0.0,0.1,0.9957534756156059,129.56197407278148,426.35,20,True,False,False
1h,10.0,LINEARREG_INTERCEPT_9,20,-149317.08141648452,-0.7465854070824227,-0.9673458761090814,-0.3640423901110488,-1.4808251939840122,-0.9629285800000723,-2.147980405588389,-0.5539193983258693,0.0,0.05,0.9993066898964255,450.27992515166017,1480.5,20,True,False,False
1h,10.0,LINEARREG_SLOPE,20,-143559.60987404728,-0.7177980493702364,-0.8989664993644255,-0.26635568899086143,-1.0015944924578666,-0.91724652189895,-1.6687497040622439,-0.45623269720568194,0.0,0.05,0.9988733710816913,253.40416617310024,833.4,20,True,False,False
1h,10.0,LN,20,-182057.10905201017,-0.9102855452600508,-0.9462361803881347,-0.33876251108225797,-1.2776834453593167,-0.9465255550717899,-1.9448386569636937,-0.5286395192970785,0.0,0.0,0.9983533885040105,366.293604690381,1204.45,20,True,True,False
1h,10.0,LOG10,20,-182057.10905201017,-0.9102855452600508,-0.9462361803881347,-0.33876251108225797,-1.2776834453593167,-0.9465255550717899,-1.9448386569636937,-0.5286395192970785,0.0,0.0,0.9983533885040105,366.293604690381,1204.45,20,True,True,False
1h,10.0,MACD,20,-162623.64850881937,-0.8131182425440968,-0.8753827952501597,-0.2670695944693991,-0.9480125528216101,-0.9087965590307538,-1.6151677644259874,-0.4569466026842196,0.0,0.0,0.997140095822755,266.41059496211926,876.15,20,True,False,False
1h,10.0,MACDEXT,20,-126108.44941304957,-0.6305422470652479,-0.8189258549245342,-0.19350892254904703,-0.6603297631723546,-0.8298260359077492,-1.3274849747767319,-0.38338593076386757,0.0,0.05,0.997140095822755,238.26804812686305,783.65,20,True,False,False
1h,10.0,MACDFIX,20,-161541.73120731348,-0.8077086560365675,-0.8780122491499331,-0.2631972375167514,-0.9341111434729304,-0.9073229190223273,-1.6012663550773076,-0.45307424573157196,0.0,0.0,0.997140095822755,264.4938621845357,869.85,20,True,False,False
1h,10.0,MAMA,20,-140121.92200904895,-0.7006096100452448,-0.7089207313059627,-0.17843306467145964,-0.5331383048355334,-0.8306374329597519,-1.2002935164399104,-0.36831007288628015,0.0,0.0,0.997226759585702,150.159227590165,494.05,20,True,False,False
1h,10.0,MAVP,20,-180647.46316749943,-0.9032373158374971,-0.9476174328785841,-0.33838435286594837,-1.284011238931375,-0.9462313754802908,-1.9511664505357522,-0.5282613610807689,0.0,0.0,0.9974867508745422,365.97414686356086,1203.4,20,True,False,False
1h,10.0,MAX,20,-44476.22305038296,-0.22238111525191484,-0.5788194785491083,-0.11229504325235895,-0.3690622712028283,-0.7132833078798982,-1.0362174828072055,-0.30217205146717946,0.0,0.05,0.8511633071543491,92.06399123447375,492.15,20,True,True,False
1h,10.0,MAXINDEX,20,239628.93346900126,1.1981446673450065,0.35583075657365815,0.07946589914564321,0.3466391033859452,-0.4705061025003186,-0.32051610821843196,-0.11041110906917731,0.0,0.75,0.8536072805251871,57.654087591389796,379.0,20,True,True,False
1h,10.0,MA_100,20,-65189.76058652525,-0.32594880293262624,-0.732360729089674,-0.15236542802682046,-0.498906496525362,-0.7938673427077003,-1.1660617081297393,-0.34224243624164097,0.0,0.15,0.9914202874682652,151.08721130932966,497.1,20,True,False,False
1h,10.0,MA_1000,20,-20748.736294344326,-0.10374368147172164,-0.5262969782800704,-0.06851069340997419,-0.22732465307781075,-0.6853802021824168,-0.894479864682188,-0.25838770162479474,0.0,0.25,0.9134229008161295,43.17211773658623,142.4,20,True,False,False
1h,10.0,MA_200,20,-114981.79812016657,-0.5749089906008329,-0.7286452870361704,-0.15469845047046119,-0.46479350590603447,-0.8039409765613985,-1.1319487175104117,-0.3445754586852817,0.0,0.1,0.9827539111735832,108.03677134884026,355.6,20,True,False,False
1h,10.0,MA_21,20,-175824.28274052765,-0.8791214137026383,-0.9393079690634571,-0.32348168288162016,-1.2236132470172332,-0.9399731582543946,-1.8907684586216102,-0.5133586910964406,0.0,0.0,0.9982667247410637,356.83164248909696,1173.35,20,True,False,False
1h,10.0,MA_50,20,-158055.7138367626,-0.790278569183813,-0.8224115104981626,-0.23114911820122885,-0.7792877627375647,-0.8735827021135416,-1.446442974341942,-0.42102612641604936,0.0,0.0,0.9957534756156059,219.75489688367287,722.8,20,True,False,False
1h,10.0,MA_9,20,-184401.63756495106,-0.9220081878247554,-0.990165982697469,-0.4703961723724195,-2.045773561431916,-0.9863405418678939,-2.7129287730362934,-0.66027318058724,0.0,0.05,0.9993066898964255,597.0772783406326,1963.0,20,True,False,False
1h,10.0,MEDPRICE,20,-199998.82365724488,-0.9999941182862244,-0.9999962519290242,-0.8509523968591465,-5.933877230564956,-0.9999953475821209,-6.601032442169334,-1.040829405073967,0.0,0.0,0.9991940566713723,1758.2365441283196,5788.75,20,True,False,False
1h,10.0,MFI,20,-189049.84795831595,-0.9452492397915797,-0.9558441745863326,-0.3776435783835522,-1.4250094622327933,-0.9563900760783062,-2.0921646738371704,-0.5675205865983728,0.0,0.0,0.9987867073187445,342.6082590081431,1126.6,20,True,False,False
1h,10.0,MIDPOINT_100,20,-99937.19887209396,-0.4996859943604698,-0.7557551731172691,-0.16409643551853187,-0.5194451113865453,-0.7984395856293371,-1.1866003229909226,-0.35397344373335243,0.0,0.1,0.9913812877849264,140.10399029034608,461.45,20,True,False,False
1h,10.0,MIDPOINT_1000,20,25187.517023221237,0.1259375851161062,-0.5450802099218168,-0.06706861706686887,-0.2275615351763293,-0.6867370153272356,-0.8947167467807065,-0.2569456252816894,0.0,0.2,0.9134229008161295,41.924713582780015,138.3,20,True,False,False
1h,10.0,MIDPOINT_200,20,-96572.68698642148,-0.4828634349321074,-0.733536518748533,-0.12667893519427073,-0.361290522697876,-0.7659237736071908,-1.028445734302253,-0.31655594340909127,0.0,0.15,0.982745245661277,98.16410152676416,323.25,20,True,False,False
1h,10.0,MIDPOINT_21,20,-180765.11739689545,-0.9038255869844773,-0.922630903222247,-0.32659375139474217,-1.2075833570694796,-0.9431095948035348,-1.8747385686738567,-0.5164707596095627,0.0,0.0,0.9981583945735555,340.3720846684343,1120.45,20,True,False,False
1h,10.0,MIDPOINT_50,20,-153509.96243142462,-0.767549812157123,-0.8245704712330253,-0.22400303984662068,-0.7516182803494219,-0.8584797262778467,-1.418773491953799,-0.4138800480614412,0.0,0.0,0.9957231451984123,203.4626473282474,669.6,20,True,False,False
1h,10.0,MIDPOINT_9,20,-182141.6710223652,-0.910708355111826,-0.9867250066833563,-0.4406298048800152,-1.8651640555031677,-0.9822255915125441,-2.5323192671075447,-0.6305068130948357,0.0,0.05,0.9991723662064598,567.2006020598138,1866.35,20,True,False,False
1h,10.0,MIDPRICE_100,20,-113333.78565954207,-0.5666689282977104,-0.7482314167575705,-0.16570324708189546,-0.525727109664809,-0.7906192064280038,-1.1928823212691861,-0.355580255296716,0.0,0.05,0.9913942864275074,140.78852436745666,463.55,20,True,False,False
1h,10.0,MIDPRICE_1000,20,-10590.412733902645,-0.052952063669513195,-0.5951303791515192,-0.07573098484525438,-0.26213096907997746,-0.6914413587154132,-0.9292861806843546,-0.2656079930600749,0.0,0.25,0.9134229008161295,42.8830617759847,141.45,20,True,False,False
1h,10.0,MIDPRICE_200,20,-106661.37314366577,-0.5333068657183289,-0.7495719115844691,-0.14039390615389052,-0.41215069150198397,-0.7700120204676513,-1.0793059031063612,-0.3302709143687111,0.0,0.1,0.9827279120092893,99.38106853314312,327.45,20,True,False,False
1h,10.0,MIDPRICE_21,20,-165918.2722359354,-0.829591361179677,-0.9310060198268355,-0.31016918131978327,-1.1817397229572395,-0.9366758671515466,-1.8488949345616166,-0.5000461895346038,0.0,0.05,0.9981410688163317,338.0293716027451,1112.9,20,True,False,False
1h,10.0,MIDPRICE_50,20,-144248.307080864,-0.72124153540432,-0.8219188978048031,-0.2200808088149831,-0.7600960412359026,-0.8597711927056245,-1.4272512528402799,-0.4099578170298036,0.0,0.05,0.9956668058351399,206.41382008653827,679.95,20,True,False,False
1h,10.0,MIDPRICE_9,20,-182752.3917884315,-0.9137619589421575,-0.979604293014682,-0.42407405539874443,-1.7740410203040202,-0.9787488318681212,-2.441196231908397,-0.613951063613565,0.0,0.05,0.9991333571267951,546.101311822609,1797.45,20,True,False,False
1h,10.0,MIN,20,-105402.97673761584,-0.5270148836880792,-0.6444491744023387,-0.13984883564067224,-0.421903271280158,-0.7336195372057447,-1.089058482884535,-0.32972584385549275,0.0,0.05,0.8506434189547545,91.50113656881334,486.6,20,True,True,False
1h,10.0,MININDEX,20,218259.07805469356,1.091295390273468,0.6022905088081358,0.08569148502325766,0.3850709269750486,-0.45590366737115984,-0.28208428462932866,-0.10418552319156286,0.0,0.8,0.8531826228557321,56.482748140666445,371.3,20,True,True,False
1h,10.0,MINMAX,20,-132197.4671922427,-0.6609873359612135,-0.8289427087008021,-0.22032779457243562,-0.7717417332275789,-0.8730775367727064,-1.4388969448319562,-0.41020480278725613,0.0,0.05,0.9911083038678716,208.39898450684555,704.7,20,True,True,False
1h,10.0,MINMAXINDEX,20,-161030.60591180113,-0.8051530295590057,-0.8581499827575396,-0.25033183590553165,-0.8811098633439484,-0.904930553545837,-1.5482650749483255,-0.44020884412035216,0.0,0.05,0.9913856701582173,241.28768139950725,828.9,20,True,True,False
1h,10.0,MINUS_DI,20,-171343.04755804944,-0.8567152377902472,-0.9126603622441465,-0.29569499258207876,-1.085890576691781,-0.9235182869804716,-1.7530457882961585,-0.4855720007968992,0.0,0.0,0.9987867073187445,282.07906656418413,927.65,20,True,False,False
1h,10.0,MINUS_DM,20,-171179.4194968448,-0.8558970974842242,-0.9125726611154781,-0.2955274362548918,-1.085425735817076,-0.9235182869804717,-1.7525809474214529,-0.48540444446971237,0.0,0.0,0.9988733710816913,282.1247031338812,927.8,20,True,False,False
1h,10.0,MOM,20,-187624.10559868667,-0.9381205279934333,-0.9690671169892376,-0.3970779396170745,-1.612978899849424,-0.9678660590792727,-2.2801341114538016,-0.586954947831895,0.0,0.0,0.9983750511978583,464.8379600895396,1537.05,20,True,False,False
1h,10.0,MULT,20,-174983.85964034896,-0.8749192982017447,-0.922860972379359,-0.3008114151518517,-1.0929072762151457,-0.9292805231640843,-1.760062487819523,-0.49068842336667223,0.0,0.0,0.9983533885040105,326.80282029905436,1074.65,20,True,True,False
1h,10.0,NATR,20,-193924.61698575475,-0.9696230849287737,-0.9804165286430346,-0.44708299708454763,-1.8908779495550458,-0.9767767938441059,-2.558033161159423,-0.6369600052993681,0.0,0.0,0.997140095822755,440.1638923173996,1447.25,20,True,True,False
1h,10.0,OBV,20,-192581.40004048008,-0.9629070002024005,-0.9687897085422228,-0.42428232089678763,-1.7160245273939658,-0.9747584087096426,-2.3831797389983427,-0.6141593291116082,0.0,0.0,0.993067015379354,450.94928467785047,1486.35,20,True,False,False
1h,10.0,PLUS_DI,20,-171343.04755804944,-0.8567152377902472,-0.9126603622441465,-0.29569499258207876,-1.085890576691781,-0.9235182869804716,-1.7530457882961585,-0.4855720007968992,0.0,0.0,0.9987867073187445,282.07906656418413,927.65,20,True,False,False
1h,10.0,PLUS_DM,20,-171179.4194968448,-0.8558970974842242,-0.9125726611154781,-0.2955274362548918,-1.085425735817076,-0.9235182869804717,-1.7525809474214529,-0.48540444446971237,0.0,0.0,0.9988733710816913,282.1247031338812,927.8,20,True,False,False
1h,10.0,PPO,20,-142577.96020323347,-0.7128898010161674,-0.7709384392677754,-0.18799527588728746,-0.5600762232728387,-0.8307156140137206,-1.227231434877216,-0.377872284102108,0.0,0.0,0.9978334059263295,146.26490817797622,481.25,20,True,False,False
1h,10.0,ROC,20,-187624.10559868667,-0.9381205279934333,-0.9690671169892376,-0.3970779396170745,-1.612978899849424,-0.9678660590792727,-2.2801341114538016,-0.586954947831895,0.0,0.0,0.9983750511978583,464.8379600895396,1537.05,20,True,False,False
1h,10.0,ROCP,20,-187624.10559868667,-0.9381205279934333,-0.9690671169892376,-0.3970779396170745,-1.612978899849424,-0.9678660590792727,-2.2801341114538016,-0.586954947831895,0.0,0.0,0.9983750511978583,464.8379600895396,1537.05,20,True,False,False
1h,10.0,ROCR,20,-187624.10559868667,-0.9381205279934333,-0.9690671169892376,-0.3970779396170745,-1.612978899849424,-0.9678660590792727,-2.2801341114538016,-0.586954947831895,0.0,0.0,0.9983750511978583,464.8379600895396,1537.05,20,True,False,False
1h,10.0,ROCR100,20,-187624.10559868667,-0.9381205279934333,-0.9690671169892376,-0.3970779396170745,-1.612978899849424,-0.9678660590792727,-2.2801341114538016,-0.586954947831895,0.0,0.0,0.9983750511978583,464.8379600895396,1537.05,20,True,False,False
1h,10.0,RSI,20,-170329.27189850813,-0.8516463594925406,-0.9255664625173576,-0.3133062690240561,-1.2053773808052362,-0.9332464290080461,-1.8725325924096132,-0.5031832772388767,0.0,0.05,0.9987867073187445,344.99659374535554,1134.45,20,True,False,False
1h,10.0,SAR,20,-74776.39052541688,-0.3738819526270844,-0.8982673172591251,-0.25819663892303624,-0.9911282372130099,-0.9097348569937227,-1.658283448817387,-0.44807364713785675,0.0,0.05,0.9998916728337276,282.87012953604966,930.5,20,True,False,False
1h,10.0,SAREXT,20,-74788.33465564245,-0.3739416732782123,-0.8983868797797419,-0.2583021236323343,-0.9918068442239297,-0.9097192204446454,-1.658962055828307,-0.4481791318471548,0.0,0.05,0.9998873355711326,282.94619013348085,930.7,20,True,False,False
1h,10.0,SIN,20,-198492.4922290575,-0.9924624611452874,-0.9959784682077368,-0.5817610280922815,-2.800924554670193,-0.99419166135151,-3.4680797662745704,-0.771638036307102,0.0,0.0,0.9983533885040105,848.7614118951745,2790.25,20,True,True,False
1h,10.0,SINH,20,-121146.22124521752,-0.6057311062260876,-0.960134604453015,-0.3514342217231601,-1.469908174947154,-0.9447428002608133,-2.137063386551531,-0.5413112299379806,0.0,0.05,0.9896417267469493,364.156426140125,1197.5,20,True,True,False
1h,10.0,SMA_100,20,-65189.76058652525,-0.32594880293262624,-0.732360729089674,-0.15236542802682046,-0.498906496525362,-0.7938673427077003,-1.1660617081297393,-0.34224243624164097,0.0,0.15,0.9914202874682652,151.08721130932966,497.1,20,True,False,False
1h,10.0,SMA_1000,20,-20748.736294344326,-0.10374368147172164,-0.5262969782800704,-0.06851069340997419,-0.22732465307781075,-0.6853802021824168,-0.894479864682188,-0.25838770162479474,0.0,0.25,0.9134229008161295,43.17211773658623,142.4,20,True,False,False
1h,10.0,SMA_200,20,-114981.79812016657,-0.5749089906008329,-0.7286452870361704,-0.15469845047046119,-0.46479350590603447,-0.8039409765613985,-1.1319487175104117,-0.3445754586852817,0.0,0.1,0.9827539111735832,108.03677134884026,355.6,20,True,False,False
1h,10.0,SMA_21,20,-175824.28274052765,-0.8791214137026383,-0.9393079690634571,-0.32348168288162016,-1.2236132470172332,-0.9399731582543946,-1.8907684586216102,-0.5133586910964406,0.0,0.0,0.9982667247410637,356.83164248909696,1173.35,20,True,False,False
1h,10.0,SMA_50,20,-158055.7138367626,-0.790278569183813,-0.8224115104981626,-0.23114911820122885,-0.7792877627375647,-0.8735827021135416,-1.446442974341942,-0.42102612641604936,0.0,0.0,0.9957534756156059,219.75489688367287,722.8,20,True,False,False
1h,10.0,SMA_9,20,-184401.63756495106,-0.9220081878247554,-0.990165982697469,-0.4703961723724195,-2.045773561431916,-0.9863405418678939,-2.7129287730362934,-0.66027318058724,0.0,0.05,0.9993066898964255,597.0772783406326,1963.0,20,True,False,False
1h,10.0,SQRT,20,-182543.47460287018,-0.912717373014351,-0.9465167783202403,-0.34018350375828554,-1.2833729648650372,-0.9468442034384902,-1.9505281764694142,-0.5300605119731061,0.0,0.0,0.9983533885040105,366.4761488684445,1205.05,20,True,True,False
1h,10.0,STDDEV,20,-199457.13401521268,-0.9972856700760634,-0.9976971488278162,-0.6067629787814528,-2.9955444583465503,-0.9975525484737903,-3.6626996699509276,-0.7966399869962733,0.0,0.0,0.9980067334522232,711.3205765673249,2338.5,20,True,True,False
1h,10.0,STOCH,20,-199660.9158589138,-0.9983045792945691,-0.9987390743436313,-0.6330487066077002,-3.1370323587682627,-0.9984477185007622,-3.8041875703726395,-0.8229257148225209,0.0,0.0,0.9993066898964255,901.8528517269345,2964.75,20,True,False,False
1h,10.0,STOCHF,20,-199991.00281570118,-0.999955014078506,-0.9999733734028768,-0.7968833325184018,-4.934946166147093,-0.9999609354712724,-5.602101377751469,-0.9867603407332224,0.0,0.0,0.9994800174223191,1437.351266340795,4724.85,20,True,False,False
1h,10.0,STOCHRSI,20,-199988.99864292066,-0.9999449932146034,-0.9999550985213888,-0.7872309546918055,-4.820919037869895,-0.999950180117249,-5.488074249474272,-0.977107962906626,0.0,0.0,0.9938127642682524,1391.3040770119019,4603.4,20,True,False,False
1h,10.0,SUB,20,-199988.32733420035,-0.9999416366710019,-0.999961285455804,-0.7844225896373299,-5.050775186742301,-0.9999478517678728,-5.717930398346679,-0.9742995978521505,0.0,0.0,0.9983533885040105,1346.4585784884111,4426.1,20,True,True,False
1h,10.0,SUM,20,-91454.22860690813,-0.45727114303454064,-0.5310756810899652,-0.1179738765069247,-0.3093221092237074,-0.7188791939277684,-0.9764773208280847,-0.3078508847217452,0.0,0.15,0.9958401393785528,80.60923131673715,265.45,20,True,True,False
1h,10.0,T3_100,20,-124407.55783256236,-0.6220377891628118,-0.7435357733424108,-0.16735996981018902,-0.5688516156208836,-0.7506381515722105,-1.236006827225261,-0.3572369780250096,0.0,0.05,0.9485217248095905,117.34663459657898,386.2,20,True,False,False
1h,10.0,T3_1000,20,-37171.10847425114,-0.1858555423712557,-0.22037835427712182,-0.04437455138916087,-0.16791946112636913,-0.5142185921476403,-0.8350746727307463,-0.23425155960398136,0.0,0.25,0.48053740489677665,18.60446799916606,61.65,20,True,False,False
1h,10.0,T3_200,20,-84876.78165006427,-0.42438390825032135,-0.5645934751085879,-0.11196862991411134,-0.3754335795838015,-0.6841694937990599,-1.0425887911881788,-0.3018456381289319,0.0,0.1,0.8965234670415001,74.26577566659424,244.6,20,True,False,False
1h,10.0,T3_21,20,-154098.76870140614,-0.7704938435070308,-0.9128493020143322,-0.28010082180468643,-1.047855465048488,-0.9155451106229228,-1.7150106766528652,-0.469977830019507,0.0,0.05,0.9896003484463819,297.59551617038693,978.65,20,True,False,False
1h,10.0,T3_50,20,-120521.1410837569,-0.6026057054187846,-0.7928813573798692,-0.18748336236553578,-0.6356145897823471,-0.8232985884743617,-1.3027698013867244,-0.37736037058035626,0.0,0.05,0.9745208536936356,177.6476523115527,584.4,20,True,False,False
1h,10.0,T3_9,20,-192035.57999021088,-0.9601778999510545,-0.9826403757033441,-0.44165864593499665,-1.8265737671920295,-0.9800230989425014,-2.4937289787964065,-0.6315356541498172,0.0,0.0,0.9958401393785528,523.2222348647475,1720.25,20,True,False,False
1h,10.0,TAN,20,-198944.1029059724,-0.994720514529862,-0.998571821120652,-0.6145881543424864,-3.059437575002102,-0.9955550144708332,-3.726592786606479,-0.8044651625573069,0.0,0.0,0.9983533885040105,929.690495511369,3056.25,20,True,True,False
1h,10.0,TANH,20,-209.26684833077357,-0.0010463342416538678,0.0,-0.00016059907285703723,0.14897933821561463,-0.032711601631597476,-1.1716075812135247,-0.19003760728767755,0.0,0.0,0.016854370614225074,5.917473283206381,21.1,1,False,True,False
1h,10.0,TEMA_100,20,-182079.12353161964,-0.9103956176580981,-0.9389291561112414,-0.3273619231841697,-1.2147423732476355,-0.9334247196948293,-1.8818975848520125,-0.5172389313989902,0.0,0.0,0.9742608624047951,291.3432881090226,958.1,20,True,False,False
1h,10.0,TEMA_1000,20,-78095.83823295866,-0.39047919116479335,-0.5057177421224988,-0.10038334292589304,-0.37367225757160016,-0.6524136609829799,-1.0408274691759773,-0.2902603511407135,0.0,0.15,0.7402687024483884,67.55722074634319,222.55,20,True,False,False
1h,10.0,TEMA_200,20,-143922.29899657605,-0.7196114949828802,-0.8101698483597999,-0.20346184035580778,-0.7579252241456788,-0.823317527608267,-1.425080435750056,-0.3933388485706283,0.0,0.05,0.94826173352075,194.54837776384352,639.95,20,True,False,False
1h,10.0,TEMA_21,20,-197823.64486140118,-0.9891182243070059,-0.9920652355574412,-0.5127023338213631,-2.227385195479111,-0.991738135429617,-2.8945404070834884,-0.7025793420361837,0.0,0.0,0.9948001742231909,658.9755415088576,2166.45,20,True,False,False
1h,10.0,TEMA_50,20,-187350.15616562893,-0.9367507808281447,-0.9573882185026986,-0.37027836633107186,-1.4358261027515675,-0.954819585330452,-2.1029813143559446,-0.5601553745458924,0.0,0.0,0.9872604268468178,416.79801240239965,1370.45,20,True,False,False
1h,10.0,TEMA_9,20,-199843.92445470937,-0.9992196222735468,-0.9995264304305018,-0.6822718706801357,-3.52791829628149,-0.9993136482033884,-4.195073507885867,-0.8721488788949563,0.0,0.0,0.9979200696892765,1031.4452543585999,3390.7,20,True,False,False
1h,10.0,TRANGE,20,-199987.40862582994,-0.9999370431291498,-0.9999486769928172,-0.7784646862739218,-4.956706118461059,-0.9999433755111546,-5.623861330065436,-0.9683416944887423,0.0,0.0,0.9982667247410637,1317.6163285153639,4331.3,20,True,True,False
1h,10.0,TRIMA_100,20,-51360.878718447086,-0.2568043935922354,-0.679281677132364,-0.13759890942222483,-0.43747506109084233,-0.7815823913157142,-1.1046302726952195,-0.3274759176370453,0.0,0.1,0.9914202874682652,141.8077702993383,466.6,20,True,False,False
1h,10.0,TRIMA_1000,20,-42923.586282557415,-0.21461793141278704,-0.5294958376980751,-0.08434529662405038,-0.28323032111257224,-0.7067647524336286,-0.9503855327169495,-0.2742223048388709,0.0,0.15,0.9134229008161295,43.32425847868099,142.9,20,True,False,False
1h,10.0,TRIMA_200,20,-96362.98128864137,-0.48181490644320685,-0.6702580242882243,-0.12762788444288256,-0.36512570584219245,-0.7690018444391996,-1.0322809174465697,-0.31750489265770304,0.0,0.1,0.9827539111735832,100.2177203200565,329.9,20,True,False,False
1h,10.0,TRIMA_21,20,-169703.3176136581,-0.8485165880682904,-0.9386079690762805,-0.32467915283813376,-1.2517474794665928,-0.9376073451151031,-1.91890269107097,-0.5145561610529543,0.0,0.05,0.9982667247410637,354.7627731238191,1166.55,20,True,False,False
1h,10.0,TRIMA_50,20,-156119.12702872747,-0.7805956351436373,-0.8087752897054157,-0.22081132605142248,-0.7290661922865931,-0.8661244612980227,-1.3962214038909704,-0.41068833426624296,0.0,0.0,0.9957534756156059,214.4306145566596,705.3,20,True,False,False
1h,10.0,TRIMA_9,20,-191349.55624984865,-0.9567477812492433,-0.9909804308827365,-0.4947708840676014,-2.1737393741720115,-0.9896852445796677,-2.8408945857763888,-0.684647892282422,0.0,0.0,0.9993066898964255,625.0828565543563,2055.05,20,True,False,False
1h,10.0,TRIX,20,-33950.74411416229,-0.16975372057081145,-0.3508812557444424,-0.06772379571658946,-0.13855776981408388,-0.6806352336483383,-0.8057129814184611,-0.25760080393141,0.0,0.2,0.9923735888606802,40.66210308315791,134.15,20,True,False,False
1h,10.0,TSF_100,20,-172123.68680728084,-0.8606184340364044,-0.9052591382365469,-0.28729262933582933,-1.0090352656742922,-0.904147090478028,-1.6761904772786695,-0.47716963755064984,0.0,0.0,0.9914202874682652,246.90855428684677,812.05,20,True,False,False
1h,10.0,TSF_1000,20,-90262.11356427922,-0.4513105678213961,-0.6212469616647343,-0.11003099519445873,-0.3628186578035874,-0.6907186116326379,-1.0299738694079648,-0.29990800340927926,0.0,0.15,0.9134229008161295,68.86544885692172,226.85,20,True,False,False
1h,10.0,TSF_200,20,-75452.37870907389,-0.3772618935453694,-0.7223759321084307,-0.15416941512699006,-0.4864440245500923,-0.8256110666788604,-1.1535992361544696,-0.34404642334181057,0.0,0.05,0.9827539111735832,166.08636141801907,546.4,20,True,False,False
1h,10.0,TSF_21,20,-194933.34320412859,-0.974666716020643,-0.9868721837806164,-0.45774552854162415,-1.9083067675736047,-0.9821454096021304,-2.575461979177982,-0.6476225367564447,0.0,0.0,0.9982667247410637,570.5016301810655,1875.65,20,True,False,False
1h,10.0,TSF_50,20,-153078.14001427568,-0.7653907000713784,-0.9235000564773845,-0.285750330281513,-1.0694430378947808,-0.9216516095791448,-1.736598249499158,-0.47562733849633354,0.0,0.05,0.9957534756156059,354.8236880732231,1166.75,20,True,False,False
1h,10.0,TSF_9,20,-199672.70309411144,-0.9983635154705572,-0.99868649592321,-0.6294020462026685,-3.048283267842794,-0.9984694650561405,-3.715438479447171,-0.819279054417489,0.0,0.0,0.9993066898964255,894.1098723466818,2939.3,20,True,False,False
1h,10.0,TYPPRICE,20,-199998.81445227226,-0.9999940722613612,-0.999996293129452,-0.8508385442717957,-5.931476557266471,-0.999995310528347,-6.598631768870848,-1.0407155524866163,0.0,0.0,0.9992807046444658,1758.1148459077467,5787.35,20,True,False,False
1h,10.0,ULTOSC,20,-185813.01616393364,-0.9290650808196682,-0.9612343960343019,-0.3795417907205003,-1.5514011765279412,-0.9593012062305275,-2.2185563881323183,-0.5694187989353209,0.0,0.0,0.9975734146374892,473.28067668618286,1556.1,20,True,False,False
1h,10.0,VAR,20,-199191.51627762505,-0.9959575813881252,-0.9964695393704603,-0.5802615095432953,-2.7755864839242608,-0.9964129514808752,-3.442741695528638,-0.7701385177581157,0.0,0.0,0.9980067334522232,640.0363755938407,2104.2,20,True,True,False
1h,10.0,WCLPRICE,20,-199998.82365724488,-0.9999941182862244,-0.9999962519290242,-0.8509523968591465,-5.933877230564956,-0.9999953475821209,-6.601032442169334,-1.040829405073967,0.0,0.0,0.9991940566713723,1758.2365441283196,5788.75,20,True,False,False
1h,10.0,WILLR,20,-167514.1799769259,-0.8375708998846296,-0.9589905458927306,-0.36000949705404356,-1.44246663030982,-0.9610961355447418,-2.1096218419141968,-0.5498865052688641,0.0,0.05,0.9987607070384786,425.636203576521,1400.8,20,True,False,False
1h,10.0,WMA_100,20,-80399.63159227814,-0.40199815796139066,-0.7587418928308673,-0.17783304897829216,-0.6024522483728132,-0.8195064157398464,-1.2696074599771905,-0.36771005719311267,0.0,0.05,0.9914202874682652,195.81094015879881,644.1,20,True,False,False
1h,10.0,WMA_1000,20,-82537.50390623852,-0.4126875195311926,-0.5199463509085729,-0.10895984608365905,-0.37421846964717054,-0.7318133837749972,-1.0413736812515477,-0.29883685429847956,0.0,0.15,0.9134229008161295,58.70370657464656,193.45,20,True,False,False
1h,10.0,WMA_200,20,-113263.81810018091,-0.5663190905009046,-0.7547567139885146,-0.16043099460490073,-0.5004841914779631,-0.7949325965287628,-1.1676394030823403,-0.3503080028197213,0.0,0.1,0.9827539111735832,135.76852161802827,446.75,20,True,False,False
1h,10.0,WMA_21,20,-167878.56178789868,-0.8393928089394935,-0.9745678394486101,-0.3863730735786747,-1.5902486106686298,-0.9606056297543191,-2.2574038222730066,-0.5762500817934952,0.0,0.05,0.9982667247410637,456.4864957309631,1500.9,20,True,False,False
1h,10.0,WMA_50,20,-158670.07150859924,-0.7933503575429961,-0.8853267049946841,-0.26767909164008885,-0.9852908333858876,-0.9076380456461483,-1.6524460449902647,-0.45755609985490936,0.0,0.05,0.9957534756156059,285.4409734684403,938.7,20,True,False,False
1h,10.0,WMA_9,20,-197437.91586161,-0.98718957930805,-0.9968901037066202,-0.5636471265442677,-2.6209762232671285,-0.9954453577521715,-3.288131434871506,-0.7535241347590882,0.0,0.0,0.9993066898964255,738.5199461377017,2427.9,20,True,False,False
