class,tf,side,rule,n_assets,years,edge_dsharpe,fold_sd,edge_t,n_folds_scored,exposure,fold_coverage,edge_vs_random,edge_vs_constant,edge_wealth,edge_headroom,sharpe,bench_sharpe,max_dd,bench_max_dd,profit_factor,trades_per_asset,expectancy,win_rate,avg_win,avg_loss,expectancy_r,roi,roi_ann,roe_ann,bench_roi,avg_pnl_per_asset,avg_bench_pnl_per_asset,wealth,bench_wealth,breadth,long_frac,short_frac,turnover_yr,max_leverage,noise_ceiling,n_trials,edge_gate_dsharpe,edge_gate_t,edge_gate_vs_random,edge_gate_vs_constant,edge_gate_wealth,edge_gate_headroom,edge_passed,edge_n,edge_powered,edge_rankable,edge_verdict,above_ceiling,edge_t_bar_corrected,edge_t_bar_source,edge_t_uncorrected_pass
us_stocks,1h,long,mc_weighted_ema_by_return,112,4.605126450752374,0.17589694533603187,0.19696782178013744,1.9968618389097434,5,0.4112295074730148,1.0,0.15035913224759528,-0.10854818481977974,75.15933022285753,7.5,0.32028465084768964,0.3558979591094279,-0.3105660239757789,-0.4128859572108512,2.201222751590932,6.0,0.0448815087017691,0.75,0.1055606209530563,0.0761936854946782,0.5890449898883534,0.38850617075481586,0.08269732934953467,0.16065049252609692,0.41217633683788546,4186.242015135838,7658.872041350615,13885.061707548159,14121.763368378855,0.49107142857142855,0.4112295074730148,0.0,2.7277117065538325,1.0,0.24768447333153304,405,True,False,True,False,True,True,4,6,False,True,underpowered,False,,,
us_stocks,1h,long,mc_rolling_window_l_infinity_norm,112,4.605126450752374,-0.0006423135184482998,0.035542767981250764,-0.04040925261856663,5,0.9089895974158937,1.0,0.030283219619592308,0.005595824454589865,98.53989321481367,5.0,0.3573463665053406,0.3558979591094279,-0.4128859572108512,-0.4128859572108512,1.9968165356911354,14.0,0.0328931795263117,0.6153846153846154,0.11255139517690428,0.10294893928096166,0.3195096496967466,0.4539055695409008,0.10106470917555599,0.10738351069305219,0.41217633683788546,7248.986189111312,7658.872041350615,14539.055695409008,14121.763368378855,0.5267857142857143,0.9089895974158937,0.0,6.079445331362548,1.0,0.04469456832399575,405,False,False,True,True,True,True,4,6,False,True,underpowered,False,,,
us_stocks,1h,long,rsi2_raw,112,4.605126450752374,0.43080311030812324,0.23800112733758766,4.047480994495141,5,0.0,1.0,0.1290784757016636,-45.30792595195448,-2482.3428826910986,0.0,0.1232875792254228,0.3558979591094279,0.0,-0.4128859572108512,0.0,0.0,0.012133338833640366,1.0,0.02337606934540943,0.0,,0.1973463885314799,0.03989200483186339,1.3314149664603099,0.41217633683788546,1777.2237125379313,7658.872041350615,11973.463885314799,14121.763368378855,0.22321428571428573,0.0,0.0,0.0,1.0,0.2992833212255488,405,True,True,True,False,False,False,3,6,False,False,unrankable,True,3.8391583524615136,bonferroni,True
us_stocks,1h,long,mc_pain_index_reversion,112,4.605126450752374,0.36541308683877094,0.19501397946653057,4.189897074428754,5,0.10351659237246162,1.0,0.09865528234986246,-0.7541421555891861,-1220.8830231040156,0.0,0.3134240104369435,0.3558979591094279,-0.1646385923241136,-0.4128859572108512,1.5738132233107072,3.0,0.04932404974478008,0.6666666666666666,0.09743425496866379,0.04185596840757955,1.1784233317571065,0.27218572896031124,0.05818804541206679,0.3218113548527475,0.41217633683788546,3008.1034090306607,7658.872041350615,12721.857289603113,14121.763368378855,0.44642857142857145,0.10351659237246162,0.0,1.3248269714754237,1.0,0.2452275420417167,405,True,True,True,False,False,False,3,6,False,True,underpowered,True,3.8391583524615136,bonferroni,True
us_stocks,1h,long,mc_rolling_window_complexity_index,112,4.605126450752374,0.17708356705849196,0.2102873456765261,1.8829991522648803,5,0.41396385243872247,1.0,0.14058150110657355,-0.1009041453049882,-27.241674758679437,5.0,0.29690511018724985,0.3558979591094279,-0.3137005586500159,-0.4128859572108512,2.3040780731303303,6.0,0.04223222525516157,0.75,0.10384413992397819,0.07352422134777875,0.5743988100927703,0.3582079729991725,0.08001344160125412,0.137910128273773,0.41217633683788546,4220.246737255259,7658.872041350615,13582.079729991725,14121.763368378855,0.4732142857142857,0.41396385243872247,0.0,2.6858687782884996,1.0,0.26443360134385524,405,True,False,True,False,False,True,3,6,False,True,underpowered,False,,,
us_stocks,1h,long,mc_adx_threshold_trend,112,4.605126450752374,0.15152271132051753,0.19284839509906837,1.7568986377807347,5,0.4287805866372399,1.0,0.142444036015755,-0.1009041453049882,-24.164268695330975,5.0,0.304793928823231,0.3558979591094279,-0.3157282551231665,-0.4128859572108512,2.39545913232963,6.0,0.04420184255143522,0.75,0.10010365475071223,0.07673788554130567,0.576010691976165,0.39224660474915407,0.08258441295015151,0.13751939804660787,0.41217633683788546,4219.504147888496,7658.872041350615,13922.46604749154,14121.763368378855,0.4732142857142857,0.4287805866372399,0.0,2.82199427233539,1.0,0.2425043478739475,405,True,False,True,False,False,True,3,6,False,True,underpowered,False,,,
us_stocks,1h,long,mc_rolling_window_weighted_lp_norm,112,4.605126450752374,0.0578987535364376,0.139447128934153,0.9284203246745547,5,0.4759491475145198,1.0,0.11689307729078996,-0.07550721390343484,122.14189428974396,3.0,0.3708411554324579,0.3558979591094279,-0.3153729271846871,-0.4128859572108512,1.5733494043485798,40.0,0.010530642933818422,0.6216216216216216,0.049062252853872806,0.052909291746299006,0.1990320147227266,0.3927060408644655,0.09576131705708102,0.15680448368271188,0.41217633683788546,5626.711249511622,7658.872041350615,13927.060408644655,14121.763368378855,0.5357142857142857,0.4759491475145198,0.0,17.807345061901678,1.0,0.1753529504235652,405,False,False,True,False,True,True,3,6,False,True,underpowered,False,,,
us_stocks,1h,long,mc_return_atr_blend,112,4.605126450752374,0.05529392361846477,0.1675002510097031,0.7381539502672506,5,0.4731369150779896,1.0,0.1550876801790595,-0.10899778813704172,340.83984814295036,7.5,0.38696641673487775,0.3558979591094279,-0.3019134125205945,-0.4128859572108512,1.7868731877215518,28.0,0.01372068956353541,0.6785714285714286,0.04835215429518431,0.06259606554612712,0.21919412096954585,0.4334089356654003,0.0973713733698548,0.18631211826074875,0.41217633683788546,5355.880202021118,7658.872041350615,14334.089356654003,14121.763368378855,0.4732142857142857,0.4731369150779896,0.0,12.345820245210597,1.0,0.21062938646164958,405,False,False,True,False,True,True,3,6,False,True,underpowered,False,,,
us_stocks,1h,long,mc_peak_trough_reversion,112,4.605126450752374,0.030517623132753174,0.16451792100511634,0.4147844770931309,5,0.4791731597098937,1.0,0.18319318905214146,-0.08287260462371193,183.75966292008707,4.0,0.32399693405610913,0.3558979591094279,-0.3288719109960424,-0.4128859572108512,1.439524273464448,40.5,0.00942798538376383,0.554093567251462,0.056007439666064904,0.048641608721121984,0.1938255257513687,0.404178646799205,0.09039220460516761,0.1519259833064469,0.41217633683788546,5651.300237470835,7658.872041350615,14041.78646799205,14121.763368378855,0.5892857142857143,0.4791731597098937,0.0,17.596348112380994,1.0,0.20687914528108034,405,False,False,True,False,True,True,3,6,False,True,underpowered,False,,,
us_stocks,1h,long,mc_rolling_mpv,112,4.605126450752374,0.019093868259130585,0.1971930410307302,0.21651467596256613,5,0.45491119969060173,1.0,0.14654540051723997,-0.08169063324250524,359.04809139261624,7.5,0.3454820392391622,0.3558979591094279,-0.31587323353011243,-0.4128859572108512,1.5336078297873161,36.0,0.008819355590912202,0.6582156611039796,0.04416013510750508,0.05811411298333817,0.15175927392096286,0.34025873705009113,0.08096431827609007,0.14244789888069384,0.41217633683788546,4635.004479396445,7658.872041350615,13402.58737050091,14121.763368378855,0.5357142857142857,0.45491119969060173,0.0,15.951808129254525,1.0,0.24796768360904453,405,False,False,True,False,True,True,3,6,False,True,underpowered,False,,,
us_stocks,1h,long,mc_dynamic_atr_band,112,4.605126450752374,0.018755253528615966,0.1662159691634419,0.25231042502294115,5,0.466320074852302,1.0,0.07756314062745445,-0.07595164649274605,155.67895637349284,3.0,0.2977222551120171,0.3558979591094279,-0.29663957172296473,-0.4128859572108512,1.5499664922260794,26.0,0.012219858237355333,0.6666666666666666,0.04793057660247668,0.0637318148955911,0.19173874551312503,0.38328810434355765,0.08340982600291025,0.13331800530619836,0.41217633683788546,4583.496589628544,7658.872041350615,13832.881043435576,14121.763368378855,0.5267857142857143,0.466320074852302,0.0,11.724054132901808,1.0,0.20901441874851967,405,False,False,True,False,True,True,3,6,False,True,underpowered,False,,,
us_stocks,1h,long,mc_peak_to_peak_forecast,112,4.605126450752374,0.018755253528615966,0.1662159691634419,0.25231042502294115,5,0.466320074852302,1.0,0.07756314062745445,-0.07595164649274605,155.67895637349284,3.0,0.2977222551120171,0.3558979591094279,-0.29663957172296473,-0.4128859572108512,1.5499664922260794,26.0,0.012219858237355333,0.6666666666666666,0.04793057660247668,0.0637318148955911,0.19173874551312503,0.38328810434355765,0.08340982600291025,0.13331800530619836,0.41217633683788546,4583.496589628544,7658.872041350615,13832.881043435576,14121.763368378855,0.5267857142857143,0.466320074852302,0.0,11.724054132901808,1.0,0.20901441874851967,405,False,False,True,False,True,True,3,6,False,True,underpowered,False,,,
us_stocks,1h,long,mc_rolling_window_envelope,112,4.605126450752374,0.018755253528615966,0.1662159691634419,0.25231042502294115,5,0.466320074852302,1.0,0.07756314062745445,-0.07595164649274605,155.67895637349284,3.0,0.2977222551120171,0.3558979591094279,-0.29663957172296473,-0.4128859572108512,1.5499664922260794,26.0,0.012219858237355333,0.6666666666666666,0.04793057660247668,0.0637318148955911,0.19173874551312503,0.38328810434355765,0.08340982600291025,0.13331800530619836,0.41217633683788546,4583.496589628544,7658.872041350615,13832.881043435576,14121.763368378855,0.5267857142857143,0.466320074852302,0.0,11.724054132901808,1.0,0.20901441874851967,405,False,False,True,False,True,True,3,6,False,True,underpowered,False,,,
us_stocks,1h,long,mc_rolling_window_mid_std_blend,112,4.605126450752374,0.018755253528615966,0.1662159691634419,0.25231042502294115,5,0.466320074852302,1.0,0.07756314062745445,-0.07595164649274605,155.67895637349284,3.0,0.2977222551120171,0.3558979591094279,-0.29663957172296473,-0.4128859572108512,1.5499664922260794,26.0,0.012219858237355333,0.6666666666666666,0.04793057660247668,0.0637318148955911,0.19173874551312503,0.38328810434355765,0.08340982600291025,0.13331800530619836,0.41217633683788546,4583.496589628544,7658.872041350615,13832.881043435576,14121.763368378855,0.5267857142857143,0.466320074852302,0.0,11.724054132901808,1.0,0.20901441874851967,405,False,False,True,False,True,True,3,6,False,True,underpowered,False,,,
us_stocks,1h,short,mc_williams_r_reactive,112,4.605126450752374,0.0025208563699512187,0.004256860049836033,1.3241699606594781,5,1.0,1.0,0.0,0.0,0.0,0.0,0.3602107431602739,0.3558979591094279,-0.4128859572108512,-0.4128859572108512,0.0,1.0,0.3638296302535567,1.0,0.4121763368378843,0.0,,0.41217633683788546,0.1035815596379841,0.10358155963798328,0.41217633683788546,7692.8667150482415,7658.872041350615,14121.763368378855,14121.763368378855,0.044642857142857144,1.0,0.0,0.0,1.0,0.005352946130797921,405,False,False,True,True,True,False,3,6,False,True,underpowered,False,,,
us_stocks,1h,long,mc_symmetric_ma_filter,112,4.605126450752374,0.0016118821652541192,0.19984722546722866,0.01803516703722663,5,0.46709997083959437,1.0,0.09455259379571965,-0.08704209357942957,159.38948515526317,3.0,0.298473663409189,0.3558979591094279,-0.29374020622451325,-0.4128859572108512,1.4907470134601704,32.0,0.010648908440143243,0.6461100569259962,0.0462888520683265,0.06001391190932018,0.17744066502836095,0.3616455900378178,0.07956064738930424,0.13365930693629166,0.41217633683788546,4614.807249491092,7658.872041350615,13616.45590037818,14121.763368378855,0.48214285714285715,0.46709997083959437,0.0,14.332741213781638,1.0,0.251305286006926,405,False,False,True,False,True,True,3,6,False,True,underpowered,False,,,
us_stocks,1h,long,mc_williams_r_reactive,112,4.605126450752374,0.0014147934964805447,0.002207809695759856,1.4329017751533648,5,1.0,1.0,0.0,0.0,0.0,0.0,0.3602107431602739,0.3558979591094279,-0.4128859572108512,-0.4128859572108512,0.0,1.0,0.3947588783869701,1.0,0.4121763368378843,0.0,,0.41217633683788546,0.1035815596379841,0.10358155963798328,0.41217633683788546,7676.061469582195,7658.872041350615,14121.763368378855,14121.763368378855,0.044642857142857144,1.0,0.0,0.0,1.0,0.0027762919687507877,405,False,False,True,True,True,False,3,6,False,True,underpowered,False,,,
us_stocks,1h,long,mc_directional_change_rate,112,4.605126450752374,7.113265306122449e-05,0.00015905744766480647,1.0,5,1.0,1.0,0.0,0.0,0.0,0.0,0.3558979591094279,0.3558979591094279,-0.4128859572108512,-0.4128859572108512,0.0,1.0,0.4121763368378843,1.0,0.4121763368378843,0.0,,0.41217633683788546,0.09750910286259895,0.09750910286259865,0.41217633683788546,7660.355016635054,7658.872041350615,14121.763368378855,14121.763368378855,0.008928571428571428,1.0,0.0,0.0,1.0,0.00020001267109655488,405,False,False,True,True,True,False,3,6,False,True,underpowered,False,,,
us_stocks,1h,long,mc_rolling_max_drawdown_reversion,112,4.605126450752374,7.113265306122449e-05,0.00015905744766480647,1.0,5,1.0,1.0,0.0,0.0,0.0,0.0,0.3558979591094279,0.3558979591094279,-0.4128859572108512,-0.4128859572108512,0.0,1.0,0.4121763368378843,1.0,0.4121763368378843,0.0,,0.41217633683788546,0.09750910286259895,0.09750910286259865,0.41217633683788546,7660.355016635054,7658.872041350615,14121.763368378855,14121.763368378855,0.008928571428571428,1.0,0.0,0.0,1.0,0.00020001267109655488,405,False,False,True,True,True,False,3,6,False,True,underpowered,False,,,
us_stocks,1h,long,mc_bollinger_bandwidth,112,4.605126450752374,0.0,0.0,,5,1.0,1.0,0.0,0.0,0.0,0.0,0.3558979591094279,0.3558979591094279,-0.4128859572108512,-0.4128859572108512,0.0,1.0,0.4121763368378843,1.0,0.4121763368378843,0.0,,0.41217633683788546,0.09750910286259895,0.09750910286259865,0.41217633683788546,7658.872041350615,7658.872041350615,14121.763368378855,14121.763368378855,0.0,1.0,0.0,0.0,1.0,0.0,405,False,False,True,True,True,False,3,6,False,True,underpowered,False,,,
us_stocks,1h,long,mc_composite_range_momentum,112,4.605126450752374,0.0,0.0,,5,1.0,1.0,0.0,0.0,0.0,0.0,0.3558979591094279,0.3558979591094279,-0.4128859572108512,-0.4128859572108512,0.0,1.0,0.4121763368378843,1.0,0.4121763368378843,0.0,,0.41217633683788546,0.09750910286259895,0.09750910286259865,0.41217633683788546,7658.872041350615,7658.872041350615,14121.763368378855,14121.763368378855,0.0,1.0,0.0,0.0,1.0,0.0,405,False,False,True,True,True,False,3,6,False,True,underpowered,False,,,
us_stocks,1h,long,mc_down_day_reversion,112,4.605126450752374,0.0,0.0,,5,1.0,1.0,0.0,0.0,0.0,0.0,0.3558979591094279,0.3558979591094279,-0.4128859572108512,-0.4128859572108512,0.0,1.0,0.4121763368378843,1.0,0.4121763368378843,0.0,,0.41217633683788546,0.09750910286259895,0.09750910286259865,0.41217633683788546,7658.872041350615,7658.872041350615,14121.763368378855,14121.763368378855,0.0,1.0,0.0,0.0,1.0,0.0,405,False,False,True,True,True,False,3,6,False,True,underpowered,False,,,
us_stocks,1h,long,mc_mean_of_top_k_returns,112,4.605126450752374,0.0,0.0,,5,1.0,1.0,0.0,0.0,0.0,0.0,0.3558979591094279,0.3558979591094279,-0.4128859572108512,-0.4128859572108512,0.0,1.0,0.4121763368378843,1.0,0.4121763368378843,0.0,,0.41217633683788546,0.09750910286259895,0.09750910286259865,0.41217633683788546,7658.872041350615,7658.872041350615,14121.763368378855,14121.763368378855,0.0,1.0,0.0,0.0,1.0,0.0,405,False,False,True,True,True,False,3,6,False,True,underpowered,False,,,
us_stocks,1h,long,mc_min_max_slope,112,4.605126450752374,0.0,0.0,,5,1.0,1.0,0.0,0.0,0.0,0.0,0.3558979591094279,0.3558979591094279,-0.4128859572108512,-0.4128859572108512,0.0,1.0,0.4121763368378843,1.0,0.4121763368378843,0.0,,0.41217633683788546,0.09750910286259895,0.09750910286259865,0.41217633683788546,7658.872041350615,7658.872041350615,14121.763368378855,14121.763368378855,0.0,1.0,0.0,0.0,1.0,0.0,405,False,False,True,True,True,False,3,6,False,True,underpowered,False,,,
us_stocks,1h,long,mc_rolling_window_l2_norm,112,4.605126450752374,0.0,0.0,,5,1.0,1.0,0.0,0.0,0.0,0.0,0.3558979591094279,0.3558979591094279,-0.4128859572108512,-0.4128859572108512,0.0,1.0,0.4121763368378843,1.0,0.4121763368378843,0.0,,0.41217633683788546,0.09750910286259895,0.09750910286259865,0.41217633683788546,7658.872041350615,7658.872041350615,14121.763368378855,14121.763368378855,0.0,1.0,0.0,0.0,1.0,0.0,405,False,False,True,True,True,False,3,6,False,True,underpowered,False,,,
us_stocks,1h,long,mc_wave_height_momentum,112,4.605126450752374,0.0,0.0,,5,1.0,1.0,0.0,0.0,0.0,0.0,0.3558979591094279,0.3558979591094279,-0.4128859572108512,-0.4128859572108512,0.0,1.0,0.4121763368378843,1.0,0.4121763368378843,0.0,,0.41217633683788546,0.09750910286259895,0.09750910286259865,0.41217633683788546,7658.872041350615,7658.872041350615,14121.763368378855,14121.763368378855,0.0,1.0,0.0,0.0,1.0,0.0,405,False,False,True,True,True,False,3,6,False,True,underpowered,False,,,
us_stocks,1h,short,mc_bollinger_bandwidth,112,4.605126450752374,0.0,0.0,,5,1.0,1.0,0.0,0.0,0.0,0.0,0.3558979591094279,0.3558979591094279,-0.4128859572108512,-0.4128859572108512,0.0,1.0,0.4121763368378843,1.0,0.4121763368378843,0.0,,0.41217633683788546,0.09750910286259895,0.09750910286259865,0.41217633683788546,7658.872041350615,7658.872041350615,14121.763368378855,14121.763368378855,0.0,1.0,0.0,0.0,1.0,0.0,405,False,False,True,True,True,False,3,6,False,True,underpowered,False,,,
us_stocks,1h,short,mc_composite_range_momentum,112,4.605126450752374,0.0,0.0,,5,1.0,1.0,0.0,0.0,0.0,0.0,0.3558979591094279,0.3558979591094279,-0.4128859572108512,-0.4128859572108512,0.0,1.0,0.4121763368378843,1.0,0.4121763368378843,0.0,,0.41217633683788546,0.09750910286259895,0.09750910286259865,0.41217633683788546,7658.872041350615,7658.872041350615,14121.763368378855,14121.763368378855,0.0,1.0,0.0,0.0,1.0,0.0,405,False,False,True,True,True,False,3,6,False,True,underpowered,False,,,
us_stocks,1h,short,mc_down_day_reversion,112,4.605126450752374,0.0,0.0,,5,1.0,1.0,0.0,0.0,0.0,0.0,0.3558979591094279,0.3558979591094279,-0.4128859572108512,-0.4128859572108512,0.0,1.0,0.4121763368378843,1.0,0.4121763368378843,0.0,,0.41217633683788546,0.09750910286259895,0.09750910286259865,0.41217633683788546,7658.872041350615,7658.872041350615,14121.763368378855,14121.763368378855,0.0,1.0,0.0,0.0,1.0,0.0,405,False,False,True,True,True,False,3,6,False,True,underpowered,False,,,
us_stocks,1h,short,mc_mean_of_top_k_returns,112,4.605126450752374,0.0,0.0,,5,1.0,1.0,0.0,0.0,0.0,0.0,0.3558979591094279,0.3558979591094279,-0.4128859572108512,-0.4128859572108512,0.0,1.0,0.4121763368378843,1.0,0.4121763368378843,0.0,,0.41217633683788546,0.09750910286259895,0.09750910286259865,0.41217633683788546,7658.872041350615,7658.872041350615,14121.763368378855,14121.763368378855,0.0,1.0,0.0,0.0,1.0,0.0,405,False,False,True,True,True,False,3,6,False,True,underpowered,False,,,
us_stocks,1h,short,mc_min_max_slope,112,4.605126450752374,0.0,0.0,,5,1.0,1.0,0.0,0.0,0.0,0.0,0.3558979591094279,0.3558979591094279,-0.4128859572108512,-0.4128859572108512,0.0,1.0,0.4121763368378843,1.0,0.4121763368378843,0.0,,0.41217633683788546,0.09750910286259895,0.09750910286259865,0.41217633683788546,7658.872041350615,7658.872041350615,14121.763368378855,14121.763368378855,0.0,1.0,0.0,0.0,1.0,0.0,405,False,False,True,True,True,False,3,6,False,True,underpowered,False,,,
us_stocks,1h,short,mc_rolling_window_l2_norm,112,4.605126450752374,0.0,0.0,,5,1.0,1.0,0.0,0.0,0.0,0.0,0.3558979591094279,0.3558979591094279,-0.4128859572108512,-0.4128859572108512,0.0,1.0,0.4121763368378843,1.0,0.4121763368378843,0.0,,0.41217633683788546,0.09750910286259895,0.09750910286259865,0.41217633683788546,7658.872041350615,7658.872041350615,14121.763368378855,14121.763368378855,0.0,1.0,0.0,0.0,1.0,0.0,405,False,False,True,True,True,False,3,6,False,True,underpowered,False,,,
us_stocks,1h,short,mc_wave_height_momentum,112,4.605126450752374,0.0,0.0,,5,1.0,1.0,0.0,0.0,0.0,0.0,0.3558979591094279,0.3558979591094279,-0.4128859572108512,-0.4128859572108512,0.0,1.0,0.4121763368378843,1.0,0.4121763368378843,0.0,,0.41217633683788546,0.09750910286259895,0.09750910286259865,0.41217633683788546,7658.872041350615,7658.872041350615,14121.763368378855,14121.763368378855,0.0,1.0,0.0,0.0,1.0,0.0,405,False,False,True,True,True,False,3,6,False,True,underpowered,False,,,
us_stocks,1h,short,mc_directional_change_rate,112,4.605126450752374,-7.998571428571429e-05,0.0001788534943717332,-1.0,5,1.0,1.0,0.0,0.0,0.0,0.0,0.3558979591094279,0.3558979591094279,-0.4128859572108512,-0.4128859572108512,0.0,1.0,0.4121763368378843,1.0,0.4121763368378843,0.0,,0.41217633683788546,0.09750910286259895,0.09750910286259865,0.41217633683788546,7658.106194568192,7658.872041350615,14121.763368378855,14121.763368378855,0.0,1.0,0.0,0.0,1.0,0.0002249059422833819,405,False,False,True,True,True,False,3,6,False,True,underpowered,False,,,
us_stocks,1h,short,mc_rolling_max_drawdown_reversion,112,4.605126450752374,-7.998571428571429e-05,0.0001788534943717332,-1.0,5,1.0,1.0,0.0,0.0,0.0,0.0,0.3558979591094279,0.3558979591094279,-0.4128859572108512,-0.4128859572108512,0.0,1.0,0.4121763368378843,1.0,0.4121763368378843,0.0,,0.41217633683788546,0.09750910286259895,0.09750910286259865,0.41217633683788546,7658.106194568192,7658.872041350615,14121.763368378855,14121.763368378855,0.0,1.0,0.0,0.0,1.0,0.0002249059422833819,405,False,False,True,True,True,False,3,6,False,True,underpowered,False,,,
us_stocks,1h,long,mc_rolling_window_upper_envelope_forecast,112,4.605126450752374,-0.02469978133864232,0.11825057377215538,-0.46706234346906955,5,0.772129410360999,1.0,0.04533989715764061,-0.022663045177735763,169.3981780631011,5.0,0.3218329923465676,0.3558979591094279,-0.3861379574804096,-0.4128859572108512,1.7287182678921122,25.0,0.02087543602309884,0.553639846743295,0.08630734613866495,0.06663488386746194,0.31328089450295254,0.4286692983567383,0.09323551868605862,0.110560414460987,0.41217633683788546,5839.445072014169,7658.872041350615,14286.692983567384,14121.763368378855,0.5178571428571429,0.772129410360999,0.0,11.507472175215176,1.0,0.14869855807514154,405,False,False,True,False,True,True,3,6,False,True,underpowered,False,,,
us_stocks,1h,long,CDLABANDONEDBABY,112,4.605126450752374,0.681941,,,1,0.0,0.2,0.2476336868953472,-648.3557274405309,-2482.3428826910986,0.0,0.18070630922681657,0.3558979591094279,0.0,-0.4128859572108512,,0.0,0.00732394697312214,1.0,0.00732394697312214,0.0,,0.19733775104226858,0.03988993831175636,7.44211154842411,0.41217633683788546,1697.4498859580376,7658.872041350615,11973.377510422686,14121.763368378855,0.008928571428571428,0.0,0.0,0.0,1.0,,405,True,False,True,False,False,False,2,6,False,False,unrankable,False,,,
us_stocks,1h,long,CDLCONCEALBABYSWALL,112,4.605126450752374,0.534014,,,1,0.0,0.2,0.5216158681799296,-573.7613950326258,-2482.3428826910986,0.0,0.42047192610619755,0.3558979591094279,0.0,-0.4128859572108512,,0.0,0.011499699745049833,1.0,0.011499699745049833,0.0,,0.1973394853445195,0.03988993831175636,27.305745586748444,0.41217633683788546,1697.8828103737194,7658.872041350615,11973.394853445196,14121.763368378855,0.008928571428571428,0.0,0.0,0.0,1.0,,405,True,False,True,False,False,False,2,6,False,False,unrankable,False,,,
us_stocks,1h,long,mc_recursive_envelope,112,4.605126450752374,0.30309598902804413,0.22368015166377084,3.0299659139761315,5,0.3858051977994219,1.0,0.1382387745336237,-0.14921653113261935,-675.2596606416919,0.0,0.2878289879592104,0.3558979591094279,-0.3157282551231662,-0.4128859572108512,1.832686002344225,4.0,0.04634201109259163,0.75,0.09741673858463452,0.06830262409698055,0.6784806836526837,0.345342517305824,0.07353837187118162,0.1431432182961187,0.41217633683788546,3504.9127271942666,7658.872041350615,13453.42517305824,14121.763368378855,0.5,0.3858051977994219,0.0,1.9544872677409542,1.0,0.28127488063202694,405,True,False,True,False,False,False,2,6,False,True,underpowered,True,3.8391583524615136,bonferroni,True
us_stocks,1h,long,vwma_offset_dip,112,4.605126450752374,0.3015674000352734,0.28797994210116495,2.3415700460133397,5,0.04281925144231961,1.0,0.13484700373443068,-2.4157743694906926,-2091.92171211231,0.0,0.30391976663546527,0.3558979591094279,-0.12591066935975959,-0.4128859572108512,1.5382682548635245,9.5,0.010063402694626081,0.4444444444444444,0.05518657364978043,0.024018007777494344,0.4189940642810441,0.24109849108120307,0.05469352763990909,0.6634723531322765,0.41217633683788546,2593.4197848799854,7658.872041350615,12410.98491081203,14121.763368378855,0.4732142857142857,0.04281925144231961,0.0,5.64588234845624,1.0,0.36213103056493906,405,True,False,True,False,False,False,2,6,False,False,unrankable,False,3.8391583524615136,bonferroni,True
us_stocks,1h,long,mc_adaptive_band_reversion,112,4.605126450752374,0.2893950605774363,0.30275963033953734,2.1373623262721746,5,0.12938773032935902,1.0,0.08100786969855095,-0.5327601711839537,-1674.660944287437,0.0,0.21107183483198771,0.3558979591094279,-0.20048951435436801,-0.4128859572108512,1.5021672582559504,4.0,0.034951968220056306,0.6666666666666666,0.07609114604118875,0.039746465471911574,0.8793729909079968,0.24224566395581293,0.05522962489402472,0.21015750098846808,0.41217633683788546,2831.6223107196465,7658.872041350615,12422.45663955813,14121.763368378855,0.4642857142857143,0.12938773032935902,0.0,1.7371944257237453,1.0,0.380716296240526,405,True,False,True,False,False,False,2,6,False,True,underpowered,False,3.8391583524615136,bonferroni,True
us_stocks,1h,long,mc_rolling_window_zero_cross_reversion,112,4.605126450752374,0.270174,,,1,0.0,0.2,0.20275472703743186,-50.50193062149886,-2482.3428826910986,0.0,0.13582734936890126,0.3558979591094279,0.0,-0.4128859572108512,,0.0,0.011627313932131922,1.0,0.011627313932131922,0.0,,0.19733775104226858,0.03988993831175636,0.5125688909306041,0.41217633683788546,1697.7816361098492,7658.872041350615,11973.377510422686,14121.763368378855,0.008928571428571428,0.0,0.0,0.0,1.0,,405,True,False,True,False,False,False,2,6,False,False,unrankable,False,,,
us_stocks,1h,long,mc_drawdown_based_reentry,112,4.605126450752374,0.1399304952644027,0.12332502060558907,2.537150190609711,5,0.5162168545711542,1.0,0.0968031929587222,-0.09052993364842654,-150.140918042252,0.0,0.3046222448808188,0.3558979591094279,-0.3254486668827694,-0.4128859572108512,2.284476860118529,5.0,0.060355431993711295,0.75,0.1146231625584872,0.09276227663614409,0.6506462991465033,0.3289569560912814,0.07770152034106714,0.12155979024965063,0.41217633683788546,3803.903331641588,7658.872041350615,13289.569560912812,14121.763368378855,0.45535714285714285,0.5162168545711542,0.0,1.953986529458369,1.0,0.1550796089494861,405,True,False,True,False,False,False,2,6,False,True,underpowered,False,3.8391583524615136,bonferroni,True
us_stocks,1h,long,mc_adaptive_threshold,112,4.605126450752374,0.13890887411701044,0.23914279910088798,1.2988460717671808,5,0.006067735767177756,1.0,0.041221876591848394,-12.965187526391576,-2205.6281476830227,0.0,0.1838438230310645,0.3558979591094279,-0.036364097841266374,-0.4128859572108512,0.16657081225042888,1.0,0.0172489227084946,0.875,0.024043713448428428,0.0010235104126700759,16.852708575281213,0.19733006882280635,0.03989393488273851,0.6592748158809236,0.41217633683788546,1907.1679651912098,7658.872041350615,11973.300688228064,14121.763368378855,0.30357142857142855,0.006067735767177756,0.0,0.4343686301134262,1.0,0.3007189586147167,405,True,False,True,False,False,False,2,6,False,False,unrankable,False,,,
us_stocks,1h,long,mc_rolling_outlier_clip,112,4.605126450752374,0.11540246462963936,0.2620827050987944,0.9846042896482442,5,0.06670792079207921,1.0,0.16799152353971547,-1.3902559911473416,-666.2270008682535,0.0,0.2621589709757794,0.3558979591094279,-0.11322535602559958,-0.4128859572108512,1.8002069275339687,9.0,0.011114548861675785,0.625,0.04219333776398,0.032315885371542195,0.3439345304604715,0.2572030192667033,0.060311926790944215,0.39348791737194705,0.41217633683788546,2998.5974146374256,7658.872041350615,12572.030192667033,14121.763368378855,0.5178571428571429,0.06670792079207921,0.0,4.342242271445114,1.0,0.32956559195825147,405,True,False,True,False,False,False,2,6,False,False,unrankable,False,,,
us_stocks,1h,long,mc_weighted_median_score,112,4.605126450752374,0.007159079241679534,0.18820143442308357,0.08505879824866852,5,0.4608626568486629,1.0,0.07905445892328804,-0.08195107309767524,43.15188710487746,1.25,0.2960258743221323,0.3558979591094279,-0.2915918386921151,-0.4128859572108512,1.5279106471943842,30.0,0.011202371006396537,0.6774193548387096,0.044523108706358186,0.06223186679289627,0.18001020351321487,0.3831604375815796,0.08165892057583468,0.13879362795886963,0.41217633683788546,4364.2737394499445,7658.872041350615,13831.604375815798,14121.763368378855,0.5089285714285714,0.4608626568486629,0.0,13.350951907696613,1.0,0.2366608552809878,405,False,False,True,False,True,False,2,6,False,True,underpowered,False,,,
us_stocks,1h,long,mc_adaptive_channel_width,112,4.605126450752374,-0.0774330230502773,0.07295362152223472,-2.3733640583004787,5,0.5116711135850289,1.0,0.07046265643766482,-0.0849044507086126,86.15034210780868,2.5,0.21427632363232468,0.3558979591094279,-0.319772250564313,-0.4128859572108512,1.3453796941056597,37.0,0.00877968986146734,0.46247654784240155,0.07467471889728584,0.04687128876345972,0.18731488066766958,0.23430193902040886,0.06309752733466334,0.0878480428752417,0.41217633683788546,5435.584347193849,7658.872041350615,12343.019390204088,14121.763368378855,0.45535714285714285,0.5116711135850289,0.0,16.070043104642977,1.0,0.09173822993550948,405,False,False,True,False,True,False,2,6,False,True,underpowered,False,,,
us_stocks,1h,short,bollinger_mr,112,4.605126450752374,-0.48369311182926983,0.5803720773982827,-1.863581520232964,5,1.0,1.0,0.19935189518067914,0.02790075387623712,-4536.61238504267,0.0,-0.09617886185531843,0.3558979591094279,-0.5280273389991715,-0.4128859572108512,1.0154938598432195,53.0,0.00040054873800491524,0.6666666666666666,0.046937708284542974,0.08614296375252234,0.004649813757925027,-0.15392018689508552,-0.03857874822230373,-0.038578748222297385,0.41217633683788546,-752.4227361293306,7658.872041350615,8460.798131049145,14121.763368378855,0.2767857142857143,0.2783122176734738,0.7216877823265262,24.042623588990423,1.0,0.729810336671029,405,False,False,True,True,False,False,2,6,False,True,underpowered,False,,,
us_stocks,1h,short,mc_rolling_window_irregularity_index,112,4.605126450752374,-0.5039724919410113,0.6346767568103485,-1.7755758954109722,5,1.0,1.0,0.24287677251784376,0.054976532219619,-4714.743498213653,0.0,-0.03481330924379508,0.3558979591094279,-0.5249402127595784,-0.4128859572108512,1.0955176642711377,42.5,0.002343530712197326,0.5753787878787879,0.060857723310451896,0.07928205209412925,0.02955941036206935,-0.12273094593561357,-0.02804403771307956,-0.028044037713088745,0.41217633683788546,287.58766111691915,7658.872041350615,8772.690540643864,14121.763368378855,0.29464285714285715,0.23659774668812678,0.7634022533118732,19.27685523061757,1.0,0.7980977645262709,405,False,False,True,True,False,False,2,6,False,True,underpowered,False,,,
us_stocks,1h,short,mc_rolling_window_sign_change_reversion,112,4.605126450752374,-0.5114513300058267,0.4766005415645314,-2.3995775105951243,5,1.0,1.0,0.16582026735648359,0.004680545997937685,-5799.553383099763,0.0,-0.13886910054720653,0.3558979591094279,-0.526294733512719,-0.4128859572108512,0.9715967984049556,61.0,-0.0008590351861998927,0.5620719178082192,0.05110988387217802,0.06418594472265327,-0.013383540429478353,-0.1863929044613708,-0.04925879099867719,-0.049258790998648425,0.41217633683788546,87.90174975990067,7658.872041350615,8136.070955386293,14121.763368378855,0.3125,0.2590585600358326,0.7409414399641674,27.789949922187127,1.0,0.5993189804307334,405,False,False,True,True,False,False,2,6,False,True,underpowered,False,,,
us_stocks,1h,short,CDLHAMMER,112,4.605126450752374,-0.5953694517895648,0.5650469781186809,-2.356063508844447,5,1.0,1.0,0.19056207104740208,0.040178555098671666,-6566.22068545722,0.0,-0.1525170234602813,0.3558979591094279,-0.5478951349904928,-0.4128859572108512,0.9867156018168266,412.0,-0.0001140587984231951,0.5145528108134594,0.019691260116306213,0.02167719586432354,-0.005261695245874202,-0.2034584587307779,-0.056501958064361646,-0.05650195806434158,0.41217633683788546,-849.5921992068495,7658.872041350615,7965.415412692221,14121.763368378855,0.30357142857142855,0.17466111527227676,0.8253388847277232,184.11504699393345,1.0,0.7105392237069094,405,False,False,True,True,False,False,2,6,False,True,underpowered,False,,,
us_stocks,1h,short,mc_tukey_lambda_reversion,112,4.605126450752374,-0.6081980693469866,0.6288294834715928,-2.162704298367126,5,1.0,1.0,0.11530902729748016,0.006777413407596825,-6498.904423507082,0.0,-0.2168320261079329,0.3558979591094279,-0.5110319854812608,-0.4128859572108512,0.9339054692561369,54.5,-0.0016984232443025126,0.5454545454545454,0.05272983037591113,0.06879255184349113,-0.02468905715500377,-0.23703433865136025,-0.06775679552640501,-0.06775679552642422,0.41217633683788546,-996.4693390305785,7658.872041350615,7629.656613486397,14121.763368378855,0.26785714285714285,0.2229027468448404,0.7770972531551597,24.828460332265553,1.0,0.7907448943759788,405,False,False,True,True,False,False,2,6,False,True,underpowered,False,,,
us_stocks,1h,short,mc_min_max_sign_filter,112,4.605126450752374,-0.6569175342934777,0.6584594867802409,-2.2308316483896466,5,1.0,1.0,0.09736195011171186,0.02093171093483641,-6082.048821772215,0.0,-0.23305609812603967,0.3558979591094279,-0.5823113530743307,-0.4128859572108512,0.914663861283868,32.0,-0.003322250035046312,0.597872340425532,0.06340746219335996,0.09596288513304121,-0.034620155807533345,-0.2693231084547547,-0.07117484352014353,-0.07117484352014322,0.41217633683788546,-1763.7540455028998,7658.872041350615,7306.768915452452,14121.763368378855,0.25892857142857145,0.14023957007730442,0.8597604299226955,14.7899542510885,1.0,0.828004238049414,405,False,False,True,True,False,False,2,6,False,True,underpowered,False,,,
us_stocks,1h,short,mc_adaptive_band_reversion,112,4.605126450752374,-0.6664328513679103,0.6459348903909127,-2.3070268850097495,5,1.0,1.0,0.07043760606173788,0.000558818275710804,-7768.571178287937,0.0,-0.2518672988677245,0.3558979591094279,-0.5814510751196744,-0.4128859572108512,0.7358903044709728,9.0,-0.02312898752088413,0.5555555555555556,0.09967897500259132,0.20356741562378378,-0.11361831877666112,-0.3018633066848317,-0.08131756164793735,-0.0813175616479538,0.41217633683788546,-1995.0381578879444,7658.872041350615,6981.366933151683,14121.763368378855,0.29464285714285715,0.12938773032935902,0.870612269670641,3.4743888514474905,1.0,0.8122547210351908,405,False,False,True,True,False,False,2,6,False,True,underpowered,False,,,
us_stocks,1h,short,mc_linear_decay_envelope,112,4.605126450752374,-0.6843401269717921,0.6491919073949528,-2.3571320378595058,5,1.0,1.0,0.09710423245970781,0.015899736305304474,-6529.153961158964,0.0,-0.1930503901800616,0.3558979591094279,-0.5624601573809636,-0.4128859572108512,0.9066356473541947,21.0,-0.00430463805532637,0.5652173913043478,0.07498934616012956,0.1182848177082238,-0.03639214346125748,-0.28353824817941375,-0.0902331791493467,-0.09023317914935551,0.41217633683788546,-1525.3009464754032,7658.872041350615,7164.617518205863,14121.763368378855,0.26785714285714285,0.09094283732399361,0.9090571626760064,11.177827583924902,1.0,0.816350377543887,405,False,False,True,True,False,False,2,6,False,True,underpowered,False,,,
us_stocks,1h,short,mc_rolling_outlier_clip,112,4.605126450752374,-0.704183661887674,0.6668044849663328,-2.3614156355068148,5,1.0,1.0,0.115178977926091,0.035036927344593155,-6309.043101447596,0.0,-0.17873019252131625,0.3558979591094279,-0.5740368568627805,-0.4128859572108512,0.9063859069687175,19.0,-0.003657235469148023,0.5789473684210527,0.07485428409396308,0.10919794343288064,-0.033491798052002426,-0.28470930141745276,-0.08670059358551307,-0.08670059358548703,0.41217633683788546,-2100.9711268050914,7658.872041350615,7152.9069858254725,14121.763368378855,0.22321428571428573,0.06670792079207921,0.9332920792079208,8.684484542890228,1.0,0.8384979646997598,405,False,False,True,True,False,False,2,6,False,True,underpowered,False,,,
us_stocks,1h,short,mc_pain_index_reversion,112,4.605126450752374,-0.7092144186060981,0.5966485868878961,-2.6579324672467406,5,1.0,1.0,0.0949986526884172,0.015288228161829301,-7392.567325853219,0.0,-0.32499395293381317,0.3558979591094279,-0.5502656475240888,-0.4128859572108512,0.6121444266211478,6.5,-0.038192035806990265,0.5714285714285714,0.1277597620608999,0.2237669414968749,-0.17067773975685166,-0.33421427213732685,-0.0956218191549375,-0.09562181915495602,0.41217633683788546,-1748.8046690876258,7658.872041350615,6657.857278626731,14121.763368378855,0.26785714285714285,0.10351659237246162,0.8964834076275384,2.6496539429508474,1.0,0.7502778355963645,405,False,False,True,True,False,False,2,6,False,True,underpowered,False,,,
us_stocks,1h,short,mc_simple_channel_reversion,112,4.605126450752374,-0.7266008602687525,0.6480199058030248,-2.5072206910949695,5,1.0,1.0,0.12562391311380983,0.03334419237857901,-7841.070736331018,0.0,-0.2715156341274253,0.3558979591094279,-0.6194429472917347,-0.4128859572108512,0.7675922871497409,19.0,-0.012102757608201887,0.553639846743295,0.07307275834833803,0.10987787469136226,-0.11014735807547715,-0.34031527853698096,-0.09484855205134801,-0.09484855205136582,0.41217633683788546,-2297.348099132567,7658.872041350615,6596.84721463019,14121.763368378855,0.25,0.06865181456167999,0.93134818543832,9.327632870076759,1.0,0.8148766007898117,405,False,False,True,True,False,False,2,6,False,True,underpowered,False,,,
us_stocks,1h,short,vwma_offset_dip,112,4.605126450752374,-0.7607570635028889,0.6871323978277689,-2.4756575497433744,5,1.0,1.0,0.11055386211356924,0.023709053965234275,-8645.324979221074,0.0,-0.3101832327235703,0.3558979591094279,-0.6030438217879797,-0.4128859572108512,0.788519679629662,20.0,-0.0065187016014633305,0.46153846153846156,0.06279434763857988,0.07230168644587961,-0.09015974484001574,-0.3943654021632887,-0.11303377383102259,-0.11303377383099499,0.41217633683788546,-2431.208615527703,7658.872041350615,6056.345978367113,14121.763368378855,0.25,0.04281925144231961,0.9571807485576804,11.29176469691248,1.0,0.8640600506562884,405,False,False,True,True,False,False,2,6,False,True,underpowered,False,,,
us_stocks,1h,short,mc_rolling_window_mean_std_band,112,4.605126450752374,-0.7616658050599006,0.6031263720311337,-2.8238468673081405,5,1.0,1.0,0.04608523670905243,0.003383214542242441,-7313.467237135423,0.0,-0.23821167255024234,0.3558979591094279,-0.5895086423364018,-0.4128859572108512,0.7388901582020989,19.0,-0.0124721380141542,0.525062656641604,0.07077537771053605,0.10816856334735865,-0.11530279804218879,-0.33334007027011886,-0.10272897947954934,-0.10272897947955906,0.41217633683788546,-2620.9569125574167,7658.872041350615,6666.5992972988115,14121.763368378855,0.23214285714285715,0.06671617774477039,0.9332838222552297,8.687260249882627,1.0,0.7584235661378159,405,False,False,True,True,False,False,2,6,False,True,underpowered,False,,,
us_stocks,1h,short,lorentzian_knn,112,4.605126450752374,-0.765945566195674,0.5091503428214319,-3.363851909805683,5,1.0,1.0,0.0,0.0,-7657.432906922328,0.0,-0.3385793661291364,0.3558979591094279,-0.5844363965905668,-0.4128859572108512,0.0,3.0,-0.09695723514110921,0.18181818181818182,0.02187860437471567,0.19785638826125096,-0.4900384364293873,-0.3456041120501502,-0.11573372263385251,-0.11573372263383824,0.41217633683788546,-1955.2976234537794,7658.872041350615,6543.9588794984975,14121.763368378855,0.1875,0.02397276554123911,0.9760272344587608,0.8677634322272941,1.0,0.6402499320374413,405,False,False,True,True,False,False,2,6,False,True,underpowered,False,,,
us_stocks,1h,short,mc_extreme_return_bounce,112,4.605126450752374,-0.854662564339131,0.631360981798311,-3.026926982790778,5,1.0,1.0,0.0,0.0,-8238.629325770587,0.0,-0.48922024185485957,0.3558979591094279,-0.6411434267502527,-0.4128859572108512,0.4083496328913257,7.0,-0.04909081645385144,0.4641025641025641,0.057966535471223976,0.17196463215008229,-0.2854704240056024,-0.4226438679315003,-0.13250240701069482,-0.13250240701067328,0.41217633683788546,-3414.8329397333887,7658.872041350615,5773.561320684997,14121.763368378855,0.19642857142857142,0.02268002264644104,0.977319977353559,2.6057916385856177,1.0,0.7939282205869614,405,False,False,True,True,False,False,2,6,False,True,underpowered,False,,,
us_stocks,1h,short,TANH,112,4.605126450752374,-0.8579833349262618,0.6496205232391381,-2.9532765542735935,5,1.0,1.0,0.0,0.0,-8302.719557809662,0.0,-0.4388715215784811,0.3558979591094279,-0.6282245483384158,-0.4128859572108512,0.0,1.0,-0.4196677619234105,0.0,0.0,0.4223643685479508,-0.993615449537538,-0.4305745843033204,-0.13189766138649306,-0.13189766138650744,0.41217633683788546,-3320.758141223712,7658.872041350615,5694.254156966796,14121.763368378855,0.21428571428571427,0.0,1.0,0.0,1.0,0.8168893563916456,405,False,False,True,True,False,False,2,6,False,True,underpowered,False,,,
us_stocks,1h,short,mc_adaptive_threshold,112,4.605126450752374,-0.8635201087037705,0.6554347535131092,-2.945967775816177,5,1.0,1.0,0.0,0.0,-8576.564303530016,0.0,-0.3977360029823917,0.3558979591094279,-0.6273032436813961,-0.4128859572108512,0.08746025071896027,3.0,-0.10848343354422407,0.3333333333333333,0.030372090814967306,0.2454354756700248,-0.4420038841087276,-0.4280024725633245,-0.12920263429441126,-0.12920263429438386,0.41217633683788546,-3467.9393282817077,7658.872041350615,5719.975274366755,14121.763368378855,0.21428571428571427,0.006067735767177756,0.9939322642328223,0.8687372602268524,1.0,0.8242006753178622,405,False,False,True,True,False,False,2,6,False,True,underpowered,False,,,
us_stocks,1h,short,ema_fan_align,112,4.605126450752374,-0.8639080089681578,0.6183251639770998,-3.124176641840252,5,1.0,1.0,0.0,0.0,-8821.232702962196,0.0,-0.43344589207678486,0.3558979591094279,-0.6325982354295072,-0.4128859572108512,0.0,1.0,-0.17954445294515792,0.0,0.0,0.2811516806744208,-0.638603520044662,-0.4252048624361308,-0.13628331273811367,-0.13628331273809596,0.41217633683788546,-3577.008211463652,7658.872041350615,5747.951375638691,14121.763368378855,0.19642857142857142,0.0,1.0,0.0,1.0,0.7775358492731508,405,False,False,True,True,False,False,2,6,False,True,underpowered,False,,,
us_stocks,1h,short,CDLGAPSIDESIDEWHITE,112,4.605126450752374,-0.8640227000199726,0.6370545940287293,-3.032728292766129,5,1.0,1.0,0.008535298691712056,0.0003474165596763709,-8760.524579829704,0.0,-0.4310157521147062,0.3558979591094279,-0.6133741278861926,-0.4128859572108512,0.5114904885368385,25.0,-0.018694264981736285,0.4422222222222222,0.045367607078839016,0.07205709445158118,-0.25943684135498846,-0.43026053869252656,-0.13228861955957083,-0.13228861955953905,0.41217633683788546,-3474.5908873385924,7658.872041350615,5697.3946130747345,14121.763368378855,0.19642857142857142,0.010129940739615187,0.9898700592603848,11.705101590599032,1.0,0.8010878638926546,405,False,False,True,True,False,False,2,6,False,True,underpowered,False,,,
us_stocks,1h,short,CDL3WHITESOLDIERS,112,4.605126450752374,-0.8679872062781062,0.6228659899255748,-3.1160449089055096,5,1.0,1.0,0.011283871682270796,0.002604723846404408,-8566.980215692474,0.0,-0.49333584883291814,0.3558979591094279,-0.6221445326579236,-0.4128859572108512,0.39701421534340964,15.0,-0.035239182928882944,0.43478260869565216,0.046980781563369545,0.09865802250727143,-0.35718517393033794,-0.4455010385794436,-0.13303175588132843,-0.13303175588133778,0.41217633683788546,-3552.5906881133355,7658.872041350615,5544.989614205564,14121.763368378855,0.19642857142857142,0.00532277033666154,0.9946772296633384,6.088728174655648,1.0,0.7832458788270827,405,False,False,True,True,False,False,2,6,False,True,underpowered,False,,,
us_stocks,1h,short,CDLXSIDEGAP3METHODS,112,4.605126450752374,-0.8681258795858076,0.6478437379495525,-2.996383797618528,5,1.0,1.0,0.008500885607910541,0.0015132324034708294,-8953.722235390278,0.0,-0.46287999695336923,0.3558979591094279,-0.6066595563698531,-0.4128859572108512,0.7211937631608862,66.0,-0.0077402424408590815,0.46372377622377625,0.039458421297533214,0.04947652102561278,-0.15644273850322152,-0.44512107839585785,-0.13686622041038526,-0.13686622041035656,0.41217633683788546,-3538.761021117704,7658.872041350615,5548.789216041421,14121.763368378855,0.20535714285714285,0.026558530287635787,0.9734414697123642,30.61880465836353,1.0,0.8146550720060192,405,False,False,True,True,False,False,2,6,False,True,underpowered,False,,,
us_stocks,1h,short,rsi2_raw,112,4.605126450752374,-0.8732891265350796,0.6437017245180312,-3.033600465193649,5,1.0,1.0,0.0,0.0,-8576.564303530016,0.0,-0.4350397494426069,0.3558979591094279,-0.6357642794980148,-0.4128859572108512,0.0,1.0,-0.21142503324318782,0.0,0.0,0.36371367234819907,-0.5812952586527497,-0.43500158117758514,-0.13515373568417566,-0.13515373568415714,0.41217633683788546,-3609.4560586501675,7658.872041350615,5649.984188224149,14121.763368378855,0.19642857142857142,0.0,1.0,0.0,1.0,0.8094465440035942,405,False,False,True,True,False,False,2,6,False,True,underpowered,False,,,
us_stocks,1h,short,CDLLADDERBOTTOM,112,4.605126450752374,-0.8774961017521219,0.6510841034954902,-3.0136520350821434,5,1.0,1.0,0.0,0.0,-8662.86688957176,0.0,-0.4442853142935198,0.3558979591094279,-0.6234849671836403,-0.4128859572108512,0.41472293798280513,15.5,-0.028352562749448237,0.45454545454545453,0.04960236915494187,0.08909240851237188,-0.3182376952522396,-0.43982636509859646,-0.1315385281946243,-0.13153852819461426,0.41217633683788546,-3600.4369548026784,7658.872041350615,5601.736349014036,14121.763368378855,0.20535714285714285,0.005943536404160475,0.9940564635958395,6.948177562421881,1.0,0.8187297895227874,405,False,False,True,True,False,False,2,6,False,True,underpowered,False,,,
us_stocks,1h,short,supertrend_adx,112,4.605126450752374,-0.8796258951493799,0.6388409997612832,-3.0788620283577486,5,1.0,1.0,0.0,0.0,-8821.232702962196,0.0,-0.46223602877565984,0.3558979591094279,-0.6333520015351306,-0.4128859572108512,0.0,3.0,-0.1349263747737044,0.0,0.0,0.21095451588828767,-0.6395993667429026,-0.4368447493055033,-0.13908451516812848,-0.13908451516811,0.41217633683788546,-3582.5484990568125,7658.872041350615,5631.552506944967,14121.763368378855,0.20535714285714285,0.00018575084683126398,0.9998142491531687,0.8676221374096253,1.0,0.8033342458601515,405,False,False,True,True,False,False,2,6,False,True,underpowered,False,,,
us_stocks,1h,short,supertrend_pullback,112,4.605126450752374,-0.882345007361201,0.6437761796795833,-3.0647039737462487,5,1.0,1.0,0.0,0.0,-8689.603342888448,0.0,-0.46942282071503555,0.3558979591094279,-0.6342894588638311,-0.4128859572108512,0.0,1.0,-0.4223643685479508,0.0,0.0,0.43057458430328216,-0.9809319545216157,-0.4497440635769083,-0.13553630692712204,-0.13553630692710383,0.41217633683788546,-3649.9687185484468,7658.872041350615,5502.559364230917,14121.763368378855,0.1875,0.0,1.0,0.0,1.0,0.8095401704005821,405,False,False,True,True,False,False,2,6,False,True,underpowered,False,,,
us_stocks,1h,short,BBANDS,112,4.605126450752374,-0.8833264616800502,0.6553772547091037,-3.0138031194226595,5,1.0,1.0,0.0,0.0,-8689.603342888448,0.0,-0.4499489695382547,0.3558979591094279,-0.6392168881617372,-0.4128859572108512,0.0,1.0,-0.43057458430328216,0.0,0.0,0.4522814775262296,-0.9520057877636863,-0.4368447493055033,-0.13547064981137674,-0.13547064981139556,0.41217633683788546,-3659.8312902110347,7658.872041350615,5631.552506944967,14121.763368378855,0.19642857142857142,0.0,1.0,0.0,1.0,0.8241283713198864,405,False,False,True,True,False,False,2,6,False,True,underpowered,False,,,
us_stocks,1h,short,rsi2_connors,112,4.605126450752374,-0.8841283524266006,0.6457640775530473,-3.0614448303658834,5,1.0,1.0,0.0,0.0,-8689.603342888448,0.0,-0.46942282071503555,0.3558979591094279,-0.6325982354295072,-0.4128859572108512,0.0,1.0,-0.41721023400180063,0.0,0.0,0.41721023400180063,-1.0,-0.4497440635769083,-0.13547064981137674,-0.13547064981139556,0.41217633683788546,-3664.811275468509,7658.872041350615,5502.559364230917,14121.763368378855,0.19642857142857142,0.0,1.0,0.0,1.0,0.812039926113855,405,False,False,True,True,False,False,2,6,False,True,underpowered,False,,,
us_stocks,1h,short,CDLTRISTAR,112,4.605126450752374,-0.8842734119102168,0.6422866541614425,-3.078524903041053,5,1.0,1.0,0.0,0.0,-8675.557986064261,0.0,-0.4799141882439917,0.3558979591094279,-0.6345958993587151,-0.4128859572108512,0.0627594644852144,3.0,-0.11016487947163353,0.3333333333333333,0.021592925771057016,0.21756665125556288,-0.5063500257777525,-0.4479436815656431,-0.13247697521434787,-0.13247697521434412,0.41217633683788546,-3692.3514208913443,7658.872041350615,5520.5631843435685,14121.763368378855,0.19642857142857142,0.0011494253295395447,0.9988505746704605,1.5400370376046744,1.0,0.8076671114402897,405,False,False,True,True,False,False,2,6,False,True,underpowered,False,,,
us_stocks,1h,short,CDLMATHOLD,112,4.605126450752374,-0.8848278570792496,0.6452781636588671,-3.0661741683554684,5,1.0,1.0,0.0,0.0,-8689.603342888448,0.0,-0.46942282071503555,0.3558979591094279,-0.6392168881617372,-0.4128859572108512,0.0,1.0,-0.43057458430328216,0.0,0.0,0.43684474930547684,-0.9856466971111284,-0.4497440635769083,-0.13547064981137674,-0.13547064981139556,0.41217633683788546,-3671.7220433130265,7658.872041350615,5502.559364230917,14121.763368378855,0.19642857142857142,0.0,1.0,0.0,1.0,0.811428895713677,405,False,False,True,True,False,False,2,6,False,True,underpowered,False,,,
us_stocks,1h,short,mc_rolling_window_zero_cross_reversion,112,4.605126450752374,-0.8849149664723001,0.6453739230327806,-3.0660210286161567,5,1.0,1.0,0.0,0.0,-8689.603342888448,0.0,-0.46942282071503555,0.3558979591094279,-0.6392168881617372,-0.4128859572108512,0.0,1.0,-0.44974406357684305,0.0,0.0,0.44974406357684305,-1.0,-0.4497440635769083,-0.13547064981137674,-0.13547064981139556,0.41217633683788546,-3671.8533125145173,7658.872041350615,5502.559364230917,14121.763368378855,0.19642857142857142,0.0,1.0,0.0,1.0,0.811549311880541,405,False,False,True,True,False,False,2,6,False,True,underpowered,False,,,
us_stocks,1h,short,CDLCONCEALBABYSWALL,112,4.605126450752374,-0.8849174421087401,0.6453475450528368,-3.0661549272158033,5,1.0,1.0,0.0,0.0,-8689.603342888448,0.0,-0.46942282071503555,0.3558979591094279,-0.6392168881617372,-0.4128859572108512,0.0,1.0,-0.44974406357684305,0.0,0.0,0.44974406357684305,-1.0,-0.4497440635769083,-0.13547064981137674,-0.13547064981139556,0.41217633683788546,-3671.577190660854,7658.872041350615,5502.559364230917,14121.763368378855,0.19642857142857142,0.0,1.0,0.0,1.0,0.81151614191394,405,False,False,True,True,False,False,2,6,False,True,underpowered,False,,,
us_stocks,1h,short,CDL3STARSINSOUTH,112,4.605126450752374,-0.8850421509393935,0.6458111521032949,-3.064385627296473,5,1.0,1.0,0.0,0.0,-8689.603342888448,0.0,-0.46942282071503555,0.3558979591094279,-0.6392168881617372,-0.4128859572108512,0.0,1.0,-0.43684474930547684,0.0,0.0,0.43684474930547684,-1.0,-0.4497440635769083,-0.13548757952278223,-0.13548757952280197,0.41217633683788546,-3672.245675234902,7658.872041350615,5502.559364230917,14121.763368378855,0.19642857142857142,0.0,1.0,0.0,1.0,0.8120991217483501,405,False,False,True,True,False,False,2,6,False,True,underpowered,False,,,
us_stocks,1h,short,CDLKICKING,112,4.605126450752374,-0.8850705384608852,0.6458600198157965,-3.064252048679724,5,1.0,1.0,0.0,0.0,-8689.603342888448,0.0,-0.46942282071503555,0.3558979591094279,-0.6392168881617372,-0.4128859572108512,0.0,1.0,-0.43057458430328216,0.0,0.0,0.4320536718161263,-0.9965766116357099,-0.45012308712445287,-0.13537978584695015,-0.1353797858469687,0.41217633683788546,-3671.952794511065,7658.872041350615,5498.769128755472,14121.763368378855,0.19642857142857142,0.0,1.0,0.0,1.0,0.8121605722610505,405,False,False,True,True,False,False,2,6,False,True,underpowered,False,,,
us_stocks,1h,short,CDLKICKINGBYLENGTH,112,4.605126450752374,-0.8850705384608852,0.6458600198157965,-3.064252048679724,5,1.0,1.0,0.0,0.0,-8689.603342888448,0.0,-0.46942282071503555,0.3558979591094279,-0.6392168881617372,-0.4128859572108512,0.0,1.0,-0.43057458430328216,0.0,0.0,0.4320536718161263,-0.9965766116357099,-0.45012308712445287,-0.13537978584695015,-0.1353797858469687,0.41217633683788546,-3671.952794511065,7658.872041350615,5498.769128755472,14121.763368378855,0.19642857142857142,0.0,1.0,0.0,1.0,0.8121605722610505,405,False,False,True,True,False,False,2,6,False,True,underpowered,False,,,
us_stocks,1h,short,CDLRISEFALL3METHODS,112,4.605126450752374,-0.8851076821571657,0.6422860571612976,-3.0814322102179355,5,1.0,1.0,0.0,0.0,-8706.604549325602,0.0,-0.47921499191849115,0.3558979591094279,-0.6393737531773476,-0.4128859572108512,0.029952396777287962,5.0,-0.10863816746398941,0.3333333333333333,0.01274109371372143,0.20678631497804825,-0.5253643959733122,-0.4368447493055033,-0.1383540803587328,-0.13835408035873914,0.41217633683788546,-3681.4685943374666,7658.872041350615,5631.552506944967,14121.763368378855,0.19642857142857142,0.0014855162168853676,0.9985144837831146,1.737066885227145,1.0,0.8076663607203743,405,False,False,True,True,False,False,2,6,False,True,underpowered,False,,,
us_stocks,1h,short,ACOS,112,4.605126450752374,-0.8851397788434341,0.6454723514856999,-3.0663322922002765,5,1.0,1.0,0.0,0.0,-8689.603342888448,0.0,-0.46942282071503555,0.3558979591094279,-0.6392168881617372,-0.4128859572108512,0.0,1.0,-0.44974406357684305,0.0,0.0,0.44974406357684305,-1.0,-0.4497440635769083,-0.13547064981137674,-0.13547064981139556,0.41217633683788546,-3673.470573660327,7658.872041350615,5502.559364230917,14121.763368378855,0.19642857142857142,0.0,1.0,0.0,1.0,0.8116730843795301,405,False,False,True,True,False,False,2,6,False,True,underpowered,False,,,
us_stocks,1h,short,ASIN,112,4.605126450752374,-0.8851397788434341,0.6454723514856999,-3.0663322922002765,5,1.0,1.0,0.0,0.0,-8689.603342888448,0.0,-0.46942282071503555,0.3558979591094279,-0.6392168881617372,-0.4128859572108512,0.0,1.0,-0.44974406357684305,0.0,0.0,0.44974406357684305,-1.0,-0.4497440635769083,-0.13547064981137674,-0.13547064981139556,0.41217633683788546,-3673.470573660327,7658.872041350615,5502.559364230917,14121.763368378855,0.19642857142857142,0.0,1.0,0.0,1.0,0.8116730843795301,405,False,False,True,True,False,False,2,6,False,True,underpowered,False,,,
us_stocks,1h,short,CDL2CROWS,112,4.605126450752374,-0.8851397788434341,0.6454723514856999,-3.0663322922002765,5,1.0,1.0,0.0,0.0,-8689.603342888448,0.0,-0.46942282071503555,0.3558979591094279,-0.6392168881617372,-0.4128859572108512,0.0,1.0,-0.44974406357684305,0.0,0.0,0.44974406357684305,-1.0,-0.4497440635769083,-0.13547064981137674,-0.13547064981139556,0.41217633683788546,-3673.470573660327,7658.872041350615,5502.559364230917,14121.763368378855,0.19642857142857142,0.0,1.0,0.0,1.0,0.8116730843795301,405,False,False,True,True,False,False,2,6,False,True,underpowered,False,,,
us_stocks,1h,short,CDL3BLACKCROWS,112,4.605126450752374,-0.8851397788434341,0.6454723514856999,-3.0663322922002765,5,1.0,1.0,0.0,0.0,-8689.603342888448,0.0,-0.46942282071503555,0.3558979591094279,-0.6392168881617372,-0.4128859572108512,0.0,1.0,-0.44974406357684305,0.0,0.0,0.44974406357684305,-1.0,-0.4497440635769083,-0.13547064981137674,-0.13547064981139556,0.41217633683788546,-3673.470573660327,7658.872041350615,5502.559364230917,14121.763368378855,0.19642857142857142,0.0,1.0,0.0,1.0,0.8116730843795301,405,False,False,True,True,False,False,2,6,False,True,underpowered,False,,,
us_stocks,1h,short,CDLABANDONEDBABY,112,4.605126450752374,-0.8851397788434341,0.6454723514856999,-3.0663322922002765,5,1.0,1.0,0.0,0.0,-8689.603342888448,0.0,-0.46942282071503555,0.3558979591094279,-0.6392168881617372,-0.4128859572108512,0.0,1.0,-0.44974406357684305,0.0,0.0,0.44974406357684305,-1.0,-0.4497440635769083,-0.13547064981137674,-0.13547064981139556,0.41217633683788546,-3673.470573660327,7658.872041350615,5502.559364230917,14121.763368378855,0.19642857142857142,0.0,1.0,0.0,1.0,0.8116730843795301,405,False,False,True,True,False,False,2,6,False,True,underpowered,False,,,
us_stocks,1h,short,CDLADVANCEBLOCK,112,4.605126450752374,-0.8851397788434341,0.6454723514856999,-3.0663322922002765,5,1.0,1.0,0.0,0.0,-8689.603342888448,0.0,-0.46942282071503555,0.3558979591094279,-0.6392168881617372,-0.4128859572108512,0.0,1.0,-0.44974406357684305,0.0,0.0,0.44974406357684305,-1.0,-0.4497440635769083,-0.13547064981137674,-0.13547064981139556,0.41217633683788546,-3673.470573660327,7658.872041350615,5502.559364230917,14121.763368378855,0.19642857142857142,0.0,1.0,0.0,1.0,0.8116730843795301,405,False,False,True,True,False,False,2,6,False,True,underpowered,False,,,
us_stocks,1h,short,CDLDARKCLOUDCOVER,112,4.605126450752374,-0.8851397788434341,0.6454723514856999,-3.0663322922002765,5,1.0,1.0,0.0,0.0,-8689.603342888448,0.0,-0.46942282071503555,0.3558979591094279,-0.6392168881617372,-0.4128859572108512,0.0,1.0,-0.44974406357684305,0.0,0.0,0.44974406357684305,-1.0,-0.4497440635769083,-0.13547064981137674,-0.13547064981139556,0.41217633683788546,-3673.470573660327,7658.872041350615,5502.559364230917,14121.763368378855,0.19642857142857142,0.0,1.0,0.0,1.0,0.8116730843795301,405,False,False,True,True,False,False,2,6,False,True,underpowered,False,,,
us_stocks,1h,short,CDLEVENINGDOJISTAR,112,4.605126450752374,-0.8851397788434341,0.6454723514856999,-3.0663322922002765,5,1.0,1.0,0.0,0.0,-8689.603342888448,0.0,-0.46942282071503555,0.3558979591094279,-0.6392168881617372,-0.4128859572108512,0.0,1.0,-0.44974406357684305,0.0,0.0,0.44974406357684305,-1.0,-0.4497440635769083,-0.13547064981137674,-0.13547064981139556,0.41217633683788546,-3673.470573660327,7658.872041350615,5502.559364230917,14121.763368378855,0.19642857142857142,0.0,1.0,0.0,1.0,0.8116730843795301,405,False,False,True,True,False,False,2,6,False,True,underpowered,False,,,
us_stocks,1h,short,CDLEVENINGSTAR,112,4.605126450752374,-0.8851397788434341,0.6454723514856999,-3.0663322922002765,5,1.0,1.0,0.0,0.0,-8689.603342888448,0.0,-0.46942282071503555,0.3558979591094279,-0.6392168881617372,-0.4128859572108512,0.0,1.0,-0.44974406357684305,0.0,0.0,0.44974406357684305,-1.0,-0.4497440635769083,-0.13547064981137674,-0.13547064981139556,0.41217633683788546,-3673.470573660327,7658.872041350615,5502.559364230917,14121.763368378855,0.19642857142857142,0.0,1.0,0.0,1.0,0.8116730843795301,405,False,False,True,True,False,False,2,6,False,True,underpowered,False,,,
us_stocks,1h,short,CDLHANGINGMAN,112,4.605126450752374,-0.8851397788434341,0.6454723514856999,-3.0663322922002765,5,1.0,1.0,0.0,0.0,-8689.603342888448,0.0,-0.46942282071503555,0.3558979591094279,-0.6392168881617372,-0.4128859572108512,0.0,1.0,-0.44974406357684305,0.0,0.0,0.44974406357684305,-1.0,-0.4497440635769083,-0.13547064981137674,-0.13547064981139556,0.41217633683788546,-3673.470573660327,7658.872041350615,5502.559364230917,14121.763368378855,0.19642857142857142,0.0,1.0,0.0,1.0,0.8116730843795301,405,False,False,True,True,False,False,2,6,False,True,underpowered,False,,,
us_stocks,1h,short,CDLIDENTICAL3CROWS,112,4.605126450752374,-0.8851397788434341,0.6454723514856999,-3.0663322922002765,5,1.0,1.0,0.0,0.0,-8689.603342888448,0.0,-0.46942282071503555,0.3558979591094279,-0.6392168881617372,-0.4128859572108512,0.0,1.0,-0.44974406357684305,0.0,0.0,0.44974406357684305,-1.0,-0.4497440635769083,-0.13547064981137674,-0.13547064981139556,0.41217633683788546,-3673.470573660327,7658.872041350615,5502.559364230917,14121.763368378855,0.19642857142857142,0.0,1.0,0.0,1.0,0.8116730843795301,405,False,False,True,True,False,False,2,6,False,True,underpowered,False,,,
us_stocks,1h,short,CDLINNECK,112,4.605126450752374,-0.8851397788434341,0.6454723514856999,-3.0663322922002765,5,1.0,1.0,0.0,0.0,-8689.603342888448,0.0,-0.46942282071503555,0.3558979591094279,-0.6392168881617372,-0.4128859572108512,0.0,1.0,-0.44974406357684305,0.0,0.0,0.44974406357684305,-1.0,-0.4497440635769083,-0.13547064981137674,-0.13547064981139556,0.41217633683788546,-3673.470573660327,7658.872041350615,5502.559364230917,14121.763368378855,0.19642857142857142,0.0,1.0,0.0,1.0,0.8116730843795301,405,False,False,True,True,False,False,2,6,False,True,underpowered,False,,,
us_stocks,1h,short,CDLONNECK,112,4.605126450752374,-0.8851397788434341,0.6454723514856999,-3.0663322922002765,5,1.0,1.0,0.0,0.0,-8689.603342888448,0.0,-0.46942282071503555,0.3558979591094279,-0.6392168881617372,-0.4128859572108512,0.0,1.0,-0.44974406357684305,0.0,0.0,0.44974406357684305,-1.0,-0.4497440635769083,-0.13547064981137674,-0.13547064981139556,0.41217633683788546,-3673.470573660327,7658.872041350615,5502.559364230917,14121.763368378855,0.19642857142857142,0.0,1.0,0.0,1.0,0.8116730843795301,405,False,False,True,True,False,False,2,6,False,True,underpowered,False,,,
us_stocks,1h,short,CDLSHOOTINGSTAR,112,4.605126450752374,-0.8851397788434341,0.6454723514856999,-3.0663322922002765,5,1.0,1.0,0.0,0.0,-8689.603342888448,0.0,-0.46942282071503555,0.3558979591094279,-0.6392168881617372,-0.4128859572108512,0.0,1.0,-0.44974406357684305,0.0,0.0,0.44974406357684305,-1.0,-0.4497440635769083,-0.13547064981137674,-0.13547064981139556,0.41217633683788546,-3673.470573660327,7658.872041350615,5502.559364230917,14121.763368378855,0.19642857142857142,0.0,1.0,0.0,1.0,0.8116730843795301,405,False,False,True,True,False,False,2,6,False,True,underpowered,False,,,
us_stocks,1h,short,CDLSTALLEDPATTERN,112,4.605126450752374,-0.8851397788434341,0.6454723514856999,-3.0663322922002765,5,1.0,1.0,0.0,0.0,-8689.603342888448,0.0,-0.46942282071503555,0.3558979591094279,-0.6392168881617372,-0.4128859572108512,0.0,1.0,-0.44974406357684305,0.0,0.0,0.44974406357684305,-1.0,-0.4497440635769083,-0.13547064981137674,-0.13547064981139556,0.41217633683788546,-3673.470573660327,7658.872041350615,5502.559364230917,14121.763368378855,0.19642857142857142,0.0,1.0,0.0,1.0,0.8116730843795301,405,False,False,True,True,False,False,2,6,False,True,underpowered,False,,,
us_stocks,1h,short,CDLTHRUSTING,112,4.605126450752374,-0.8851397788434341,0.6454723514856999,-3.0663322922002765,5,1.0,1.0,0.0,0.0,-8689.603342888448,0.0,-0.46942282071503555,0.3558979591094279,-0.6392168881617372,-0.4128859572108512,0.0,1.0,-0.44974406357684305,0.0,0.0,0.44974406357684305,-1.0,-0.4497440635769083,-0.13547064981137674,-0.13547064981139556,0.41217633683788546,-3673.470573660327,7658.872041350615,5502.559364230917,14121.763368378855,0.19642857142857142,0.0,1.0,0.0,1.0,0.8116730843795301,405,False,False,True,True,False,False,2,6,False,True,underpowered,False,,,
us_stocks,1h,short,CDLUPSIDEGAP2CROWS,112,4.605126450752374,-0.8851397788434341,0.6454723514856999,-3.0663322922002765,5,1.0,1.0,0.0,0.0,-8689.603342888448,0.0,-0.46942282071503555,0.3558979591094279,-0.6392168881617372,-0.4128859572108512,0.0,1.0,-0.44974406357684305,0.0,0.0,0.44974406357684305,-1.0,-0.4497440635769083,-0.13547064981137674,-0.13547064981139556,0.41217633683788546,-3673.470573660327,7658.872041350615,5502.559364230917,14121.763368378855,0.19642857142857142,0.0,1.0,0.0,1.0,0.8116730843795301,405,False,False,True,True,False,False,2,6,False,True,underpowered,False,,,
us_stocks,1h,short,connors_rsi,112,4.605126450752374,-0.8851397788434341,0.6454723514856999,-3.0663322922002765,5,1.0,1.0,0.0,0.0,-8689.603342888448,0.0,-0.46942282071503555,0.3558979591094279,-0.6392168881617372,-0.4128859572108512,0.0,1.0,-0.44974406357684305,0.0,0.0,0.44974406357684305,-1.0,-0.4497440635769083,-0.13547064981137674,-0.13547064981139556,0.41217633683788546,-3673.470573660327,7658.872041350615,5502.559364230917,14121.763368378855,0.19642857142857142,0.0,1.0,0.0,1.0,0.8116730843795301,405,False,False,True,True,False,False,2,6,False,True,underpowered,False,,,
us_stocks,1h,short,mc_current_run_reversion,112,4.605126450752374,-0.8851397788434341,0.6454723514856999,-3.0663322922002765,5,1.0,1.0,0.0,0.0,-8689.603342888448,0.0,-0.46942282071503555,0.3558979591094279,-0.6392168881617372,-0.4128859572108512,0.0,1.0,-0.44974406357684305,0.0,0.0,0.44974406357684305,-1.0,-0.4497440635769083,-0.13547064981137674,-0.13547064981139556,0.41217633683788546,-3673.470573660327,7658.872041350615,5502.559364230917,14121.763368378855,0.19642857142857142,0.0,1.0,0.0,1.0,0.8116730843795301,405,False,False,True,True,False,False,2,6,False,True,underpowered,False,,,
us_stocks,1h,short,CDLCOUNTERATTACK,112,4.605126450752374,-0.8851438107709291,0.6451790654912635,-3.067740161779644,5,1.0,1.0,0.0,0.0,-8689.603342888448,0.0,-0.4586559136401782,0.3558979591094279,-0.6340776997236695,-0.4128859572108512,0.0,3.0,-0.215759725252319,0.0,0.0,0.3119123319897024,-0.6917319487689964,-0.4503300993183925,-0.13573795734140393,-0.13573795734141425,0.41217633683788546,-3669.1273016894256,7658.872041350615,5496.699006816075,14121.763368378855,0.1875,0.0007422527398968017,0.9992577472601032,0.8673621064395933,1.0,0.8113042810571854,405,False,False,True,True,False,False,2,6,False,True,underpowered,False,,,
us_stocks,1h,short,CDLUNIQUE3RIVER,112,4.605126450752374,-0.8860100797150489,0.6445231877230687,-3.0738673250714865,5,1.0,1.0,0.0,0.0,-8776.79354083868,0.0,-0.46358297801356907,0.3558979591094279,-0.6305300314388006,-0.4128859572108512,0.09812503110124597,5.0,-0.08423578066457396,0.3484848484848485,0.03158761675705744,0.17920731856485309,-0.47004654351819897,-0.44105690881170717,-0.13838476260373772,-0.13838476260371924,0.41217633683788546,-3719.535074421717,7658.872041350615,5589.430911882928,14121.763368378855,0.20535714285714285,0.0014855162168853676,0.9985144837831146,1.7369393929956336,1.0,0.8104795232966692,405,False,False,True,True,False,False,2,6,False,True,underpowered,False,,,
us_stocks,1h,short,CDLBREAKAWAY,112,4.605126450752374,-0.8867632826710616,0.6432970902457273,-3.0823440834248745,5,1.0,1.0,0.0,0.0,-8588.385356431529,0.0,-0.47629939001630645,0.3558979591094279,-0.6392168881617372,-0.4128859572108512,0.0,1.0,-0.3936209853970495,0.0,0.0,0.41723651776585946,-0.9434001307094066,-0.4497440635769083,-0.13547064981137674,-0.13547064981139556,0.41217633683788546,-3695.3647493038034,7658.872041350615,5502.559364230917,14121.763368378855,0.19642857142857142,0.0,1.0,0.0,1.0,0.8089377216704754,405,False,False,True,True,False,False,2,6,False,True,underpowered,False,,,
us_stocks,1h,short,CDLSTICKSANDWICH,112,4.605126450752374,-0.8921975571194836,0.6470718835544378,-3.083141823624882,5,1.0,1.0,0.0,0.0,-8506.356809978974,0.0,-0.47088058719820863,0.3558979591094279,-0.6243465613769056,-0.4128859572108512,0.17209806058685123,5.0,-0.07595730206033897,0.3484848484848485,0.039657597142916376,0.1529426781743503,-0.49663902167156904,-0.44851364374340924,-0.12991560344449543,-0.12991560344447967,0.41217633683788546,-3723.814559742619,7658.872041350615,5514.863562565908,14121.763368378855,0.17857142857142858,0.001979748872413766,0.9980202511275862,2.3170746073668083,1.0,0.8136844751460102,405,False,False,True,True,False,False,2,6,False,True,underpowered,False,,,
us_stocks,1h,long,supertrend_pullback,112,4.605126450752374,0.9041516666666668,1.6028009893455561,0.9770624268544899,3,0.0,0.6,-0.05512435366816757,-107.3789274422533,-2482.3428826910986,0.0,-0.028891545901664893,0.3558979591094279,0.0,-0.4128859572108512,0.0,0.0,0.0011079758791622922,0.25,0.0034661960352018913,0.008790841004908076,0.1260375291219225,0.19733410958738606,0.03989018752804796,0.3011399359263238,0.41217633683788546,1711.0170204299789,7658.872041350615,11973.34109587386,14121.763368378855,0.03571428571428571,0.0,0.0,0.0,1.0,2.602001107994727,405,True,False,False,False,False,False,1,6,False,False,unrankable,False,,,
us_stocks,1h,long,mc_rolling_partial_autocorr,112,4.605126450752374,0.09477245509635437,0.1468329096689287,1.4432571857890426,5,0.4371750433275563,1.0,0.09911291617790055,-0.0910991958622959,-699.9223526226206,0.0,0.308380242253981,0.3558979591094279,-0.3155622981759633,-0.4128859572108512,2.28193194925801,8.0,0.035005556816268664,0.7142857142857143,0.0944761465573446,0.07892229578834081,0.4435445835249009,0.37493099054721957,0.08098785078759296,0.13785035844109306,0.41217633683788546,4176.281648110101,7658.872041350615,13749.309905472197,14121.763368378855,0.5267857142857143,0.4371750433275563,0.0,3.264899581723905,1.0,0.18464047360832725,405,False,False,True,False,False,False,1,6,False,True,underpowered,False,,,
us_stocks,1h,long,mc_rolling_sign_of_midpoint,112,4.605126450752374,0.09449588731169956,0.187746974837375,1.125446776472142,5,0.43056981893082913,1.0,0.11558036251373123,-0.152049190245179,-809.5429135408085,0.0,0.3100077746305385,0.3558979591094279,-0.317977891427525,-0.4128859572108512,2.3908143181266004,7.0,0.035790665236373156,0.7,0.09415356052490471,0.07844342495496434,0.4562608689883335,0.4060535942927338,0.08315425080357952,0.15281918242750142,0.41217633683788546,4049.413899411381,7658.872041350615,14060.535942927338,14121.763368378855,0.4642857142857143,0.43056981893082913,0.0,3.2561472373100653,1.0,0.2360893782644915,405,False,False,True,False,False,False,1,6,False,True,underpowered,False,,,
us_stocks,1h,long,mc_linear_decay_envelope,112,4.605126450752374,0.08813344729832827,0.26571451289126324,0.7416696103878373,5,0.09094283732399361,1.0,0.057408737631864985,-0.9990592234240485,-954.3990112371512,0.0,0.23646804677484642,0.3558979591094279,-0.17348132792426807,-0.4128859572108512,1.6062814327223385,10.0,0.010415692073698864,0.6076923076923078,0.04692251767262173,0.039192693441429595,0.2657559651842836,0.2679535899681116,0.05573744644505074,0.31046349832252906,0.41217633683788546,3032.1669880268505,7658.872041350615,12679.535899681116,14121.763368378855,0.45535714285714285,0.09094283732399361,0.0,5.588913791962451,1.0,0.3341325430073579,405,False,False,True,False,False,False,1,6,False,False,unrankable,False,,,
us_stocks,1h,long,mc_half_life_mean_reversion,112,4.605126450752374,0.08496230691684292,0.14788644098881878,1.2846444374547172,5,0.414092008274335,1.0,0.10226017571954645,-0.12792494271067661,-591.2092862745749,0.0,0.3059138807824794,0.3558979591094279,-0.31370055865001634,-0.4128859572108512,2.1930899893337603,8.0,0.03492649400018229,0.7142857142857143,0.09221807401140569,0.08169649213346819,0.42751522235645817,0.35825280338672405,0.08098785078759296,0.1382185902591196,0.41217633683788546,4143.872687015554,7658.872041350615,13582.528033867242,14121.763368378855,0.5089285714285714,0.414092008274335,0.0,3.264899581723905,1.0,0.18596527553661643,405,False,False,True,False,False,False,1,6,False,True,underpowered,False,,,
us_stocks,1h,long,mc_cumulative_diff_reversion,112,4.605126450752374,0.07384368086335139,0.20979145849910122,0.7870648848173266,5,0.44965603406480936,1.0,0.07880417141864496,-0.1267812263118095,-692.7515074835273,0.0,0.2929906845210919,0.3558979591094279,-0.3307589245833967,-0.4128859572108512,2.064319836141409,7.0,0.037263840533672085,0.6666666666666666,0.10026818354811616,0.08713470618635243,0.4276578434083086,0.3386671047329345,0.07729118273257907,0.12576783064160946,0.41217633683788546,3847.965656767222,7658.872041350615,13386.671047329344,14121.763368378855,0.48214285714285715,0.44965603406480936,0.0,3.2560817466875185,1.0,0.2638100296697498,405,False,False,True,False,False,False,1,6,False,True,underpowered,False,,,
us_stocks,1h,long,mc_adaptive_midpoint,112,4.605126450752374,0.052080864000919845,0.158884970889268,0.7329601508637377,5,0.4610908349474972,1.0,0.09341631706814019,-0.09351761684900581,-26.92653950093154,0.0,0.33572219506140943,0.3558979591094279,-0.2957277598822618,-0.4128859572108512,1.7713227463595278,26.0,0.013736280362819039,0.6923076923076923,0.046742423584113194,0.06345956568133831,0.21645720728370027,0.39270608564295684,0.08867108728255868,0.1589717825549359,0.41217633683788546,4792.244153573849,7658.872041350615,13927.060856429569,14121.763368378855,0.5089285714285714,0.4610908349474972,0.0,11.50919475519505,1.0,0.19979578379524304,405,False,False,True,False,False,False,1,6,False,True,underpowered,False,,,
us_stocks,1h,long,mc_recursive_midpoint,112,4.605126450752374,0.052080864000919845,0.158884970889268,0.7329601508637377,5,0.4610908349474972,1.0,0.09341631706814019,-0.09351761684900581,-26.92653950093154,0.0,0.33572219506140943,0.3558979591094279,-0.2957277598822618,-0.4128859572108512,1.7713227463595278,26.0,0.013736280362819039,0.6923076923076923,0.046742423584113194,0.06345956568133831,0.21645720728370027,0.39270608564295684,0.08867108728255868,0.1589717825549359,0.41217633683788546,4792.244153573849,7658.872041350615,13927.060856429569,14121.763368378855,0.5089285714285714,0.4610908349474972,0.0,11.50919475519505,1.0,0.19979578379524304,405,False,False,True,False,False,False,1,6,False,True,underpowered,False,,,
us_stocks,1h,long,bollinger_mr,112,4.605126450752374,0.05194579291354222,0.2148879544781511,0.5405343653714073,5,0.2783122176734738,1.0,0.15567974213445146,-0.19499391836166752,-273.73069197491986,0.0,0.32447216178036054,0.3558979591094279,-0.2642309647814929,-0.4128859572108512,1.6232252889405,26.0,0.009850079611701626,0.7119815668202765,0.038149383439754256,0.055972834708152626,0.17597964553806902,0.3305433979981026,0.07937120894671368,0.19157423408168434,0.41217633683788546,4273.625637250968,7658.872041350615,13305.433979981026,14121.763368378855,0.4732142857142857,0.2783122176734738,0.0,12.021311794495212,1.0,0.27021880705784673,405,False,False,True,False,False,False,1,6,False,True,underpowered,False,,,
us_stocks,1h,long,mc_quantile_momentum,112,4.605126450752374,0.04892981369993638,0.14083116751021932,0.7768904532550933,5,0.44366441487368313,1.0,0.14786124442210855,-0.07670454586504988,-274.9473739652158,0.0,0.3933024283041613,0.3558979591094279,-0.33097481518243943,-0.4128859572108512,1.5807693992551197,40.0,0.010605575974416664,0.6066734074823054,0.04873859787848818,0.05053036546261147,0.20988520224069948,0.45620641155662967,0.10248354158796402,0.18900121294293443,0.41217633683788546,5597.999004210588,7658.872041350615,14562.064115566296,14121.763368378855,0.5089285714285714,0.44366441487368313,0.0,17.803859417858575,1.0,0.17709336092658717,405,False,False,True,False,False,False,1,6,False,True,underpowered,False,,,
us_stocks,1h,long,mc_exponential_return_weighted_ma,112,4.605126450752374,0.044453684070807985,0.1464720305558667,0.6786378194894553,5,0.46282005487741085,1.0,0.14775828561011778,-0.07862672870279222,-217.13778065844963,0.0,0.3552092372947946,0.3558979591094279,-0.3111917572748719,-0.4128859572108512,1.5291836101522809,38.0,0.010067754141181986,0.6219219219219219,0.048572112242818946,0.05489057559456409,0.1834149857626746,0.41283984795217865,0.0974270474642368,0.18034436631397138,0.41217633683788546,5383.276800375862,7658.872041350615,14128.398479521788,14121.763368378855,0.5,0.46282005487741085,0.0,17.3702439338255,1.0,0.1841866728186993,405,False,False,True,False,False,False,1,6,False,True,underpowered,False,,,
us_stocks,1h,long,mc_ehlers_homodyne_filter,112,4.605126450752374,0.04272489705747874,0.14066695564781614,0.6791628759734689,5,0.4687540183150868,1.0,0.14247306637537438,-0.10494625222155637,-15.365409882278072,0.5,0.386940608082993,0.3558979591094279,-0.31373788934379204,-0.4128859572108512,1.5665519856163943,39.0,0.009893950495038883,0.625,0.048801418197706725,0.05323077651331197,0.18586898676115687,0.4017367248766428,0.095473767156811,0.17400037774353797,0.41217633683788546,5319.654430545072,7658.872041350615,14017.367248766428,14121.763368378855,0.4732142857142857,0.4687540183150868,0.0,17.1974911548514,1.0,0.17688686664601622,405,False,False,True,False,False,False,1,6,False,True,underpowered,False,,,
us_stocks,1h,long,mc_rolling_window_seasonality_test,112,4.605126450752374,0.03958102135740595,0.17410816050750738,0.5083383462098804,5,0.4747852704962444,1.0,0.13264809008907044,-0.0793750778918035,-286.581022663383,0.0,0.32488916014426883,0.3558979591094279,-0.3158548517503857,-0.4128859572108512,1.4515703831747595,41.0,0.009134946733166125,0.575,0.05297789564727523,0.04916773608248565,0.18579148565719997,0.3996910722939899,0.08746093300431856,0.14711548513043438,0.41217633683788546,5829.623504902768,7658.872041350615,13996.910722939898,14121.763368378855,0.5,0.4747852704962444,0.0,18.022535762002548,1.0,0.2189387466860471,405,False,False,True,False,False,False,1,6,False,True,underpowered,False,,,
us_stocks,1h,long,mc_atr_approx_from_closes,112,4.605126450752374,0.03599053283431277,0.1761212609466132,0.45694243574803967,5,0.4736320331097136,1.0,0.08559867412752262,-0.08592953961981377,-155.48031714995886,0.0,0.33836670753297293,0.3558979591094279,-0.3034014462077474,-0.4128859572108512,1.595986316130138,41.0,0.0093399834160744,0.6297429620563035,0.04536458047236144,0.052568590386656316,0.17767232005606914,0.39593270328986263,0.08854021780765176,0.1463379231092281,0.41217633683788546,5540.228885218873,7658.872041350615,13959.327032898625,14121.763368378855,0.5267857142857143,0.4736320331097136,0.0,17.806909165227424,1.0,0.22147019429772843,405,False,False,True,False,False,False,1,6,False,True,underpowered,False,,,
us_stocks,1h,long,mc_momentum_within_bands,112,4.605126450752374,0.03599053283431277,0.1761212609466132,0.45694243574803967,5,0.4736320331097136,1.0,0.08559867412752262,-0.08592953961981377,-155.48031714995886,0.0,0.33836670753297293,0.3558979591094279,-0.3034014462077474,-0.4128859572108512,1.595986316130138,41.0,0.0093399834160744,0.6297429620563035,0.04536458047236144,0.052568590386656316,0.17767232005606914,0.39593270328986263,0.08854021780765176,0.1463379231092281,0.41217633683788546,5540.228885218873,7658.872041350615,13959.327032898625,14121.763368378855,0.5267857142857143,0.4736320331097136,0.0,17.806909165227424,1.0,0.22147019429772843,405,False,False,True,False,False,False,1,6,False,True,underpowered,False,,,
us_stocks,1h,long,mc_ulcer_index_reversion,112,4.605126450752374,0.03599053283431277,0.1761212609466132,0.45694243574803967,5,0.4736320331097136,1.0,0.08559867412752262,-0.08592953961981377,-155.48031714995886,0.0,0.33836670753297293,0.3558979591094279,-0.3034014462077474,-0.4128859572108512,1.595986316130138,41.0,0.0093399834160744,0.6297429620563035,0.04536458047236144,0.052568590386656316,0.17767232005606914,0.39593270328986263,0.08854021780765176,0.1463379231092281,0.41217633683788546,5540.228885218873,7658.872041350615,13959.327032898625,14121.763368378855,0.5267857142857143,0.4736320331097136,0.0,17.806909165227424,1.0,0.22147019429772843,405,False,False,True,False,False,False,1,6,False,True,underpowered,False,,,
us_stocks,1h,long,mc_center_of_gravity_indicator,112,4.605126450752374,0.035887843740960886,0.1686839935857547,0.4757277585432728,5,0.4791877122502598,1.0,0.14387149159188925,-0.09252962742956146,-337.5676009959643,0.0,0.392446843183786,0.3558979591094279,-0.3241119260607794,-0.4128859572108512,1.7276352765711895,28.0,0.011886765836774022,0.6923076923076923,0.046944399749637204,0.06521684335620116,0.18226527419996272,0.41916220635225254,0.09374091791569661,0.16149990812089904,0.41217633683788546,5134.604300617706,7658.872041350615,14191.622063522525,14121.763368378855,0.5089285714285714,0.4791877122502598,0.0,12.2681335810023,1.0,0.21211792735050977,405,False,False,True,False,False,False,1,6,False,True,underpowered,False,,,
us_stocks,1h,long,mc_smaema_difference,112,4.605126450752374,0.03302994572534703,0.1657786309585758,0.4455170338175838,5,0.4898830795390128,1.0,0.07716292360216206,-0.14972351150639074,-749.6002980106705,0.0,0.3470105582978138,0.3558979591094279,-0.333114983891306,-0.4128859572108512,2.2689540791995344,7.0,0.050011579411421765,0.7142857142857143,0.11458866535104639,0.10461992313566383,0.4780311236376099,0.3571338171142654,0.08722846393118311,0.1408946956959203,0.41217633683788546,4697.902926358352,7658.872041350615,13571.338171142654,14121.763368378855,0.4732142857142857,0.4898830795390128,0.0,3.040772797833127,1.0,0.2084644716456831,405,False,False,True,False,False,False,1,6,False,True,underpowered,False,,,
us_stocks,1h,long,mc_rolling_window_em_aof_midpoint,112,4.605126450752374,0.031380413638744595,0.15460573041592748,0.45385599789557135,5,0.455378046198913,1.0,0.10058426992751578,-0.14234210766336503,-503.8465615779978,0.0,0.33816322099459584,0.3558979591094279,-0.29278000988781555,-0.4128859572108512,1.739218603544907,23.0,0.013275305080060636,0.6870629370629371,0.04834235664469255,0.06628467874672589,0.2002771278531144,0.4049623083606748,0.08418842355595013,0.15284001770675348,0.41217633683788546,4466.763533311938,7658.872041350615,14049.623083606748,14121.763368378855,0.5089285714285714,0.455378046198913,0.0,10.640714013367607,1.0,0.19441469457305816,405,False,False,True,False,False,False,1,6,False,True,underpowered,False,,,
us_stocks,1h,long,mc_rolling_window_weighted_midpoints,112,4.605126450752374,0.030123486633859435,0.12556737503555007,0.536430452683636,5,0.46604828010599875,1.0,0.12053937646964674,-0.11961658808605882,-814.1629185993816,0.0,0.36625298220411784,0.3558979591094279,-0.3200021774232976,-0.4128859572108512,1.4891156553269296,41.0,0.009664300415767135,0.6153846153846154,0.04696457532963483,0.0515182904448091,0.18758969547175441,0.3933099189667314,0.08770680246514806,0.15274385884274116,0.41217633683788546,5254.464035231113,7658.872041350615,13933.099189667315,14121.763368378855,0.5,0.46604828010599875,0.0,17.797171038507145,1.0,0.15789934047206686,405,False,False,True,False,False,False,1,6,False,True,underpowered,False,,,
us_stocks,1h,long,mc_simple_channel_reversion,112,4.605126450752374,0.02983543363252215,0.2545966881056243,0.2620381994632444,5,0.06865181456167999,1.0,0.12692450096128244,-1.5981663911634039,-1933.6124394737408,0.0,0.30782599163567587,0.3558979591094279,-0.12835268003187755,-0.4128859572108512,1.692512276080423,9.0,0.0106179790942546,0.5941176470588235,0.04054339307877874,0.03416314444132275,0.31080216027806273,0.2674892554264612,0.06022305412571338,0.3683124229771557,0.41217633683788546,2844.6444746410916,7658.872041350615,12674.892554264612,14121.763368378855,0.49107142857142855,0.06865181456167999,0.0,4.663816435038379,1.0,0.32015202298263506,405,False,False,True,False,False,False,1,6,False,False,unrankable,False,,,
us_stocks,1h,long,mc_interquartile_range_reversion,112,4.605126450752374,0.026706238838516045,0.14337198837379395,0.41651766250583855,5,0.4722995458143445,1.0,0.0966988808959836,-0.091783586801446,-34.18586663352107,0.25,0.29915703008342587,0.3558979591094279,-0.3026744831214845,-0.4128859572108512,1.7272841699578054,23.0,0.013287175743148246,0.7018518518518518,0.05027080902601051,0.07039087793162785,0.18876275070832846,0.3846103541846174,0.08266833749607794,0.13763886974274828,0.41217633683788546,4509.499933700727,7658.872041350615,13846.103541846174,14121.763368378855,0.48214285714285715,0.4722995458143445,0.0,10.420092123699131,1.0,0.1802884101063802,405,False,False,True,False,False,False,1,6,False,True,underpowered,False,,,
us_stocks,1h,long,mc_composite_atr_band,112,4.605126450752374,0.026236437387899537,0.1752406086375747,0.33477661338241466,5,0.4732247897787657,1.0,0.11070922927360945,-0.09133343520724471,-161.03510317474684,1.0,0.329367213886395,0.3558979591094279,-0.2982520953161735,-0.4128859572108512,1.5513304633570963,39.0,0.008759368331583332,0.6388888888888888,0.04590158520013743,0.05262455794725418,0.16645020259102003,0.40880110540083037,0.08596314700172614,0.14303072274693746,0.41217633683788546,5376.171021312694,7658.872041350615,14088.011054008304,14121.763368378855,0.49107142857142855,0.4732247897787657,0.0,17.195564903920378,1.0,0.22036278547642424,405,False,False,True,False,False,False,1,6,False,True,underpowered,False,,,
us_stocks,1h,long,mc_min_max_blend,112,4.605126450752374,0.02571847025160572,0.16734607830135512,0.34364861336240127,5,0.46094814420783503,1.0,0.12574945434171877,-0.13263924873185384,-51.971666772205026,0.5,0.30299164711440774,0.3558979591094279,-0.3020933197468959,-0.4128859572108512,1.709226092253752,19.0,0.015948335108782,0.7029411764705882,0.05379963882621269,0.0768064473547064,0.207643181764802,0.37854423476513344,0.08389385372062008,0.13523086674050605,0.41217633683788546,4264.549860397804,7658.872041350615,13785.442347651335,14121.763368378855,0.4732142857142857,0.46094814420783503,0.0,8.466860891634376,1.0,0.21043551628669335,405,False,False,True,False,False,False,1,6,False,True,underpowered,False,,,
us_stocks,1h,long,mc_rolling_window_irregularity_index,112,4.605126450752374,0.024669467972769376,0.329652346977065,0.1673357033908941,5,0.23659774668812678,1.0,0.2286729776793072,-0.16610844899980254,-460.977903608049,0.0,0.3264731825630539,0.3558979591094279,-0.22825375938605424,-0.4128859572108512,1.6836854827790753,21.0,0.01234732148060286,0.625,0.04955803287034583,0.04617698545430794,0.2673912417435849,0.37503570829612654,0.08387241551352365,0.2515218916499874,0.41217633683788546,4699.8243587404295,7658.872041350615,13750.357082961265,14121.763368378855,0.5535714285714286,0.23659774668812678,0.0,9.638427615308785,1.0,0.4145335375372051,405,False,False,True,False,False,False,1,6,False,True,underpowered,False,,,
us_stocks,1h,long,mc_close_range_oscillator,112,4.605126450752374,0.024266468725610373,0.14839479836291852,0.3656561701821522,5,0.46964994032878865,1.0,0.08778892838799054,-0.12222200934222537,-445.6286852186113,0.0,0.3125597841665013,0.3558979591094279,-0.29816317388671454,-0.4128859572108512,1.7342976236314818,23.0,0.01336691662953311,0.7018518518518518,0.05120243187373168,0.0703759577198783,0.18993583977554182,0.3826830775456769,0.08425563446489415,0.13715244745186506,0.41217633683788546,4396.82846413593,7658.872041350615,13826.830775456769,14121.763368378855,0.4732142857142857,0.46964994032878865,0.0,9.994368361518884,1.0,0.18660452832080288,405,False,False,True,False,False,False,1,6,False,True,underpowered,False,,,
us_stocks,1h,long,mc_normalized_band_deviation_reversion,112,4.605126450752374,0.024266468725610373,0.14839479836291852,0.3656561701821522,5,0.46964994032878865,1.0,0.08778892838799054,-0.12222200934222537,-445.6286852186113,0.0,0.3125597841665013,0.3558979591094279,-0.29816317388671454,-0.4128859572108512,1.7342976236314818,23.0,0.01336691662953311,0.7018518518518518,0.05120243187373168,0.0703759577198783,0.18993583977554182,0.3826830775456769,0.08425563446489415,0.13715244745186506,0.41217633683788546,4396.82846413593,7658.872041350615,13826.830775456769,14121.763368378855,0.4732142857142857,0.46964994032878865,0.0,9.994368361518884,1.0,0.18660452832080288,405,False,False,True,False,False,False,1,6,False,True,underpowered,False,,,
us_stocks,1h,long,mc_rolling_window_z_score_mean,112,4.605126450752374,0.024266468725610373,0.14839479836291852,0.3656561701821522,5,0.46964994032878865,1.0,0.08778892838799054,-0.12222200934222537,-445.6286852186113,0.0,0.3125597841665013,0.3558979591094279,-0.29816317388671454,-0.4128859572108512,1.7342976236314818,23.0,0.01336691662953311,0.7018518518518518,0.05120243187373168,0.0703759577198783,0.18993583977554182,0.3826830775456769,0.08425563446489415,0.13715244745186506,0.41217633683788546,4396.82846413593,7658.872041350615,13826.830775456769,14121.763368378855,0.4732142857142857,0.46964994032878865,0.0,9.994368361518884,1.0,0.18660452832080288,405,False,False,True,False,False,False,1,6,False,True,underpowered,False,,,
us_stocks,1h,long,mc_log_price_trend_reversion,112,4.605126450752374,0.023368220833471537,0.1453404408984872,0.35952092875076064,5,0.4641348960313004,1.0,0.12176969179139108,-0.09039847860312991,-628.1021195216763,0.0,0.2654568645675385,0.3558979591094279,-0.29611789321992654,-0.4128859572108512,1.615600318062379,23.0,0.013267544725036601,0.625,0.05387790421579482,0.0610686926422548,0.21725607919525838,0.3285428568209703,0.07137426749055276,0.1140411796757427,0.41217633683788546,5067.140663192622,7658.872041350615,13285.428568209703,14121.763368378855,0.49107142857142855,0.4641348960313004,0.0,10.414674951251147,1.0,0.18276371354655838,405,False,False,True,False,False,False,1,6,False,True,underpowered,False,,,
us_stocks,1h,long,mc_emaatr_hybrid,112,4.605126450752374,0.021967805779920677,0.15108297702842258,0.32512932963436647,5,0.46144315363831145,1.0,0.11012931721710836,-0.1063236126530321,-292.8043539503924,0.0,0.3156899312579322,0.3558979591094279,-0.32778539752385866,-0.4128859572108512,1.55264463199854,37.0,0.0090646663017644,0.6295731707317074,0.04704518963499851,0.05369318588838852,0.16882340192304907,0.3731729835592592,0.08493614524809823,0.1340774195025061,0.41217633683788546,4824.571869158188,7658.872041350615,13731.729835592592,14121.763368378855,0.49107142857142855,0.46144315363831145,0.0,16.484004303351355,1.0,0.18998487801939298,405,False,False,True,False,False,False,1,6,False,True,underpowered,False,,,
us_stocks,1h,long,mc_distance_to_min_max,112,4.605126450752374,0.021055253672260472,0.13787433499813684,0.3414774656596728,5,0.46196305724452064,1.0,0.11189736920491694,-0.09893969972413541,-136.78165608122345,0.0,0.31810985894533894,0.3558979591094279,-0.29146918269241673,-0.4128859572108512,1.6632747582040937,25.0,0.014785358688637066,0.6666666666666666,0.05027530080344765,0.061020787600772966,0.24230035812336476,0.36363664637016935,0.08245791027915372,0.1419099871888182,0.41217633683788546,4468.863795898226,7658.872041350615,13636.366463701694,14121.763368378855,0.48214285714285715,0.46196305724452064,0.0,11.281053554694154,1.0,0.1733751825111189,405,False,False,True,False,False,False,1,6,False,True,underpowered,False,,,
us_stocks,1h,long,mc_normalized_midpoint_deviation,112,4.605126450752374,0.021055253672260472,0.13787433499813684,0.3414774656596728,5,0.46196305724452064,1.0,0.11189736920491694,-0.09893969972413541,-136.78165608122345,0.0,0.31810985894533894,0.3558979591094279,-0.29146918269241673,-0.4128859572108512,1.6632747582040937,25.0,0.014785358688637066,0.6666666666666666,0.05027530080344765,0.061020787600772966,0.24230035812336476,0.36363664637016935,0.08245791027915372,0.1419099871888182,0.41217633683788546,4468.863795898226,7658.872041350615,13636.366463701694,14121.763368378855,0.48214285714285715,0.46196305724452064,0.0,11.281053554694154,1.0,0.1733751825111189,405,False,False,True,False,False,False,1,6,False,True,underpowered,False,,,
us_stocks,1h,long,mc_range_bound_oscillator,112,4.605126450752374,0.021055253672260472,0.13787433499813684,0.3414774656596728,5,0.46196305724452064,1.0,0.11189736920491694,-0.09893969972413541,-136.78165608122345,0.0,0.31810985894533894,0.3558979591094279,-0.29146918269241673,-0.4128859572108512,1.6632747582040937,25.0,0.014785358688637066,0.6666666666666666,0.05027530080344765,0.061020787600772966,0.24230035812336476,0.36363664637016935,0.08245791027915372,0.1419099871888182,0.41217633683788546,4468.863795898226,7658.872041350615,13636.366463701694,14121.763368378855,0.48214285714285715,0.46196305724452064,0.0,11.281053554694154,1.0,0.1733751825111189,405,False,False,True,False,False,False,1,6,False,True,underpowered,False,,,
us_stocks,1h,long,mc_rolling_range_ratio,112,4.605126450752374,0.021055253672260472,0.13787433499813684,0.3414774656596728,5,0.46196305724452064,1.0,0.11189736920491694,-0.09893969972413541,-136.78165608122345,0.0,0.31810985894533894,0.3558979591094279,-0.29146918269241673,-0.4128859572108512,1.6632747582040937,25.0,0.014785358688637066,0.6666666666666666,0.05027530080344765,0.061020787600772966,0.24230035812336476,0.36363664637016935,0.08245791027915372,0.1419099871888182,0.41217633683788546,4468.863795898226,7658.872041350615,13636.366463701694,14121.763368378855,0.48214285714285715,0.46196305724452064,0.0,11.281053554694154,1.0,0.1733751825111189,405,False,False,True,False,False,False,1,6,False,True,underpowered,False,,,
us_stocks,1h,long,mc_ehlers_super_smoother,112,4.605126450752374,0.020875459300277805,0.1324864755662604,0.35232989523980396,5,0.4740265549338111,1.0,0.1437587020894805,-0.09059301729309599,-21.949741477345924,0.5,0.3621242475745027,0.3558979591094279,-0.3427983273263841,-0.4128859572108512,1.4987208079317265,40.5,0.009919267832781731,0.5927518427518428,0.05215936771171818,0.051812691059125504,0.19144475282054862,0.4211088702719936,0.09600621399813836,0.17212888221632625,0.41217633683788546,5337.312733870601,7658.872041350615,14211.088702719935,14121.763368378855,0.5089285714285714,0.4740265549338111,0.0,17.88237601075815,1.0,0.16660001937173946,405,False,False,True,False,False,False,1,6,False,True,underpowered,False,,,
us_stocks,1h,long,mc_min_max_sign_filter,112,4.605126450752374,0.019889517352654634,0.2909053156249412,0.15288243442597424,5,0.14023957007730442,1.0,0.10824907810954346,-0.5843268822751699,-1097.1677599060213,0.0,0.23283415219992917,0.3558979591094279,-0.17880267896038193,-0.4128859572108512,1.5206040735931088,15.5,0.008482457110437198,0.625,0.04124660464497725,0.037652988548272336,0.22527978355721795,0.26579639893270723,0.06295064475916612,0.19033323919776823,0.41217633683788546,3263.777674078749,7658.872041350615,12657.963989327072,14121.763368378855,0.49107142857142855,0.14023957007730442,0.0,7.39497712554425,1.0,0.36580964971189456,405,False,False,True,False,False,False,1,6,False,True,underpowered,False,,,
us_stocks,1h,long,mc_smaatr_hybrid,112,4.605126450752374,0.0195255653974122,0.15733081660583745,0.2775075631693597,5,0.46711603707076343,1.0,0.05350804335570235,-0.1012141627589111,-370.9939809985972,0.0,0.263481507122154,0.3558979591094279,-0.30415293962796197,-0.4128859572108512,1.5153342689439027,26.0,0.011298161180713397,0.6666666666666666,0.049447882064758975,0.061572771353386124,0.18349281561275815,0.32959114372070886,0.07481674190793053,0.10799898167938068,0.41217633683788546,4773.738821984562,7658.872041350615,13295.911437207089,14121.763368378855,0.45535714285714285,0.46711603707076343,0.0,11.729446919640168,1.0,0.19784145500342074,405,False,False,True,False,False,False,1,6,False,True,underpowered,False,,,
us_stocks,1h,long,mc_median_reversion,112,4.605126450752374,0.018368662829690702,0.17170457921933627,0.23921073584470023,5,0.4668110132309239,1.0,0.06815262808987553,-0.08297699191169042,-140.99922303299536,0.0,0.3082644321563144,0.3558979591094279,-0.31236530842209553,-0.4128859572108512,1.5696985098099354,28.0,0.010499652835169243,0.6774193548387096,0.047214614232023944,0.06289133729378349,0.1669491107514911,0.36777669993599715,0.07966523940384795,0.1334592273203204,0.41217633683788546,4635.927941567182,7658.872041350615,13677.76699935997,14121.763368378855,0.49107142857142855,0.4668110132309239,0.0,12.272591165533452,1.0,0.21591627448683318,405,False,False,True,False,False,False,1,6,False,True,underpowered,False,,,
us_stocks,1h,long,mc_adaptive_std_band,112,4.605126450752374,0.01498177541175032,0.14945711934040992,0.22414635309547867,5,0.4853587736289444,1.0,0.06558265203539601,-0.0887981588072361,-15.874341934394579,0.5,0.3201023325111667,0.3558979591094279,-0.3232853654816962,-0.4128859572108512,1.4935827334831497,38.0,0.009752494335654734,0.6236111111111111,0.04831417768798173,0.05696452703100788,0.17120293705495165,0.39118592191014756,0.0869692645284762,0.14689225679438,0.41217633683788546,4886.865924150954,7658.872041350615,13911.859219101476,14121.763368378855,0.48214285714285715,0.4853587736289444,0.0,17.161585650940772,1.0,0.18794038312917205,405,False,False,True,False,False,False,1,6,False,True,underpowered,False,,,
us_stocks,1h,long,mc_rolling_window_repeated_percentile_smoothing,112,4.605126450752374,0.013664383028653115,0.18095027983649584,0.16885571743946146,5,0.40299554746493316,1.0,0.19871409897900974,-0.09454406625460059,-467.64568057354427,0.0,0.3584068273394103,0.3558979591094279,-0.2959488526679288,-0.4128859572108512,1.4993956159439839,38.0,0.008980491474686679,0.5789473684210527,0.05002916709202661,0.05053963122571695,0.17769206574892818,0.3633416062660848,0.09250540037475463,0.1765330476388217,0.41217633683788546,4925.568449640756,7658.872041350615,13633.416062660846,14121.763368378855,0.5357142857142857,0.40299554746493316,0.0,16.505176774056494,1.0,0.2275426227260821,405,False,False,True,False,False,False,1,6,False,True,underpowered,False,,,
us_stocks,1h,long,mc_quantile_atr_hybrid,112,4.605126450752374,0.013520552682324683,0.19079973252657212,0.15845344482773144,5,0.4669265962690809,1.0,0.07196626664506475,-0.08137802173838923,-175.9229874388675,0.0,0.27668966072311674,0.3558979591094279,-0.3088002738891564,-0.4128859572108512,1.5307232077201676,27.5,0.010927030934384994,0.6666666666666666,0.0475976805932915,0.06454213647112161,0.16930073176728702,0.3534102856728777,0.07451110655581472,0.11739962605732931,0.41217633683788546,4705.9127857627755,7658.872041350615,13534.102856728776,14121.763368378855,0.49107142857142855,0.4669265962690809,0.0,12.165988688634226,1.0,0.23992818134219207,405,False,False,True,False,False,False,1,6,False,True,underpowered,False,,,
us_stocks,1h,long,mc_fractal_adaptive_ma,112,4.605126450752374,0.013382317754744199,0.14372426415411554,0.2082026467293172,5,0.47035517258707793,1.0,0.12040244529607537,-0.07327924944669745,-474.4049416711514,0.0,0.3275774710020146,0.3558979591094279,-0.32607061823608485,-0.4128859572108512,1.486512506886804,42.0,0.009799557187433621,0.6020833333333333,0.04910737074360183,0.0526847910103137,0.18600353156027963,0.3795186080195325,0.0817125051833576,0.13634098839603565,0.41217633683788546,5505.677875611145,7658.872041350615,13795.186080195326,14121.763368378855,0.5178571428571429,0.47035517258707793,0.0,18.67277040508758,1.0,0.18073139231701668,405,False,False,True,False,False,False,1,6,False,True,underpowered,False,,,
us_stocks,1h,long,mc_emaatr_band,112,4.605126450752374,0.012562953831561252,0.16184206110430446,0.17357427713094822,5,0.4742835212845079,1.0,0.10993416054108554,-0.12085732207976974,-692.9222396349023,0.0,0.2694506136856767,0.3558979591094279,-0.3003780553196569,-0.4128859572108512,1.4567057705151212,37.0,0.008474787502264087,0.65,0.04719887333538735,0.0552433094418681,0.1534083962001228,0.3527839623114204,0.0733874475398274,0.11031862962688077,0.41217633683788546,5056.1743936091825,7658.872041350615,13527.839623114203,14121.763368378855,0.4642857142857143,0.4742835212845079,0.0,16.28760463401639,1.0,0.2035142862688232,405,False,False,True,False,False,False,1,6,False,True,underpowered,False,,,
us_stocks,1h,long,mc_liquidity_weighted_price,112,4.605126450752374,0.012562953831561252,0.16184206110430446,0.17357427713094822,5,0.4742835212845079,1.0,0.10993416054108554,-0.12085732207976974,-692.9222396349023,0.0,0.2694506136856767,0.3558979591094279,-0.3003780553196569,-0.4128859572108512,1.4567057705151212,37.0,0.008474787502264087,0.65,0.04719887333538735,0.0552433094418681,0.1534083962001228,0.3527839623114204,0.0733874475398274,0.11031862962688077,0.41217633683788546,5056.1743936091825,7658.872041350615,13527.839623114203,14121.763368378855,0.4642857142857143,0.4742835212845079,0.0,16.28760463401639,1.0,0.2035142862688232,405,False,False,True,False,False,False,1,6,False,True,underpowered,False,,,
us_stocks,1h,long,mc_max_pain_pivot,112,4.605126450752374,0.012562953831561252,0.16184206110430446,0.17357427713094822,5,0.4742835212845079,1.0,0.10993416054108554,-0.12085732207976974,-692.9222396349023,0.0,0.2694506136856767,0.3558979591094279,-0.3003780553196569,-0.4128859572108512,1.4567057705151212,37.0,0.008474787502264087,0.65,0.04719887333538735,0.0552433094418681,0.1534083962001228,0.3527839623114204,0.0733874475398274,0.11031862962688077,0.41217633683788546,5056.1743936091825,7658.872041350615,13527.839623114203,14121.763368378855,0.4642857142857143,0.4742835212845079,0.0,16.28760463401639,1.0,0.2035142862688232,405,False,False,True,False,False,False,1,6,False,True,underpowered,False,,,
us_stocks,1h,long,mc_rolling_window_sign_change_reversion,112,4.605126450752374,0.009611286787278388,0.15263361052040098,0.14080444362368988,5,0.2590585600358326,1.0,0.15153148309083087,-0.2575087348440706,-1077.814111513233,0.0,0.31101982115636184,0.3558979591094279,-0.2233082491654439,-0.4128859572108512,1.448108096696544,30.0,0.007909511593412726,0.6,0.043398686578015516,0.043648688677036654,0.1812084585618692,0.31164063473223746,0.07866162674138955,0.18864487006079175,0.41217633683788546,4279.125595865547,7658.872041350615,13116.406347322376,14121.763368378855,0.4732142857142857,0.2590585600358326,0.0,13.894974961093563,1.0,0.19193477946176976,405,False,False,True,False,False,False,1,6,False,True,underpowered,False,,,
us_stocks,1h,long,mc_intercept_only_trend,112,4.605126450752374,0.008590786131334011,0.2376985099080783,0.08081490194134548,5,0.47144007120036835,1.0,0.10447501380840926,-0.07900447727803833,-52.96153734516747,0.5,0.35057128487621947,0.3558979591094279,-0.301574880899776,-0.4128859572108512,1.5356656782650706,40.0,0.008892490636928013,0.6363636363636364,0.042055813052635664,0.05157038604696332,0.1724340521482608,0.39797329669576853,0.0900576756626339,0.15345649179606266,0.41217633683788546,5237.075537284493,7658.872041350615,13979.732966957687,14121.763368378855,0.5178571428571429,0.47144007120036835,0.0,18.022976929357686,1.0,0.2989027837450022,405,False,False,True,False,False,False,1,6,False,True,underpowered,False,,,
us_stocks,1h,long,mc_local_linear_regression,112,4.605126450752374,0.004924847282780583,0.12658031265681724,0.08699846818169021,5,0.4826092258891648,1.0,0.07242870538042127,-0.09978860582085568,-82.00011708096099,0.0,0.2796248430079694,0.3558979591094279,-0.308955203348629,-0.4128859572108512,2.1562428393279753,7.0,0.03954481502636266,0.6666666666666666,0.10616502891983798,0.08641224274807237,0.45762977292062934,0.3093232795367381,0.07613310970233444,0.1238056996932347,0.41217633683788546,3965.802578281105,7658.872041350615,13093.232795367381,14121.763368378855,0.44642857142857145,0.4826092258891648,0.0,3.0396089491104643,1.0,0.15917309635246293,405,False,False,True,False,False,False,1,6,False,True,underpowered,False,,,
us_stocks,1h,long,mc_rolling_ar3,112,4.605126450752374,0.004886136230471394,0.17096578138370808,0.0639059621769422,5,0.46819529544650973,1.0,0.05147909605362609,-0.11911096493344955,-287.02807740764365,0.0,0.3193654895040331,0.3558979591094279,-0.30725970195791685,-0.4128859572108512,1.5006310774249916,32.0,0.010947618622233674,0.6470588235294118,0.04757040884498348,0.05766856355753787,0.1898368529902928,0.32991375333524264,0.08199602438827869,0.13789877551017457,0.41217633683788546,4447.1890218118515,7658.872041350615,13299.137533352427,14121.763368378855,0.44642857142857145,0.46819529544650973,0.0,14.547935381517721,1.0,0.2149872458203117,405,False,False,True,False,False,False,1,6,False,True,underpowered,False,,,
us_stocks,1h,long,mc_rolling_min_max_weighted,112,4.605126450752374,0.004666225865661816,0.16847930886723345,0.06193044299706805,5,0.47150193707515176,1.0,0.09056671672264054,-0.1461234622773815,-582.2425318408168,0.0,0.307758190724314,0.3558979591094279,-0.30353901651431486,-0.4128859572108512,1.4566475470479403,40.0,0.008775223590472614,0.627906976744186,0.04370792084414644,0.049987353616282454,0.17554887297762944,0.31973365111629637,0.0825655926273211,0.13661652908740324,0.41217633683788546,5135.54781471857,7658.872041350615,13197.336511162965,14121.763368378855,0.4642857142857143,0.47150193707515176,0.0,17.817030928345893,1.0,0.21186053897992332,405,False,False,True,False,False,False,1,6,False,True,underpowered,False,,,
us_stocks,1h,long,mc_price_percentile_score,112,4.605126450752374,0.003794383052009541,0.08799646033634151,0.0964186332556658,5,0.45582850489461496,1.0,0.0736562226795836,-0.08358988374296608,-53.45428483678097,0.0,0.3830868584763055,0.3558979591094279,-0.332801310421979,-0.4128859572108512,1.5467224133640638,40.5,0.011056010157020155,0.5952380952380952,0.05103162923271712,0.050633830441981026,0.2183522372396599,0.43219925062282893,0.10421835829095938,0.1920154831273274,0.41217633683788546,5008.625454035888,7658.872041350615,14321.99250622829,14121.763368378855,0.45535714285714285,0.45582850489461496,0.0,17.64364915954289,1.0,0.11065440403648594,405,False,False,True,False,False,False,1,6,False,True,underpowered,False,,,
us_stocks,1h,long,mc_fourier_trend_projection,112,4.605126450752374,0.0035653898411526163,0.173740600300176,0.04588711007864724,5,0.4714002719399672,1.0,0.06659409879235197,-0.09812155449385594,-766.2057346640167,0.0,0.2624775253556455,0.3558979591094279,-0.3151002890347668,-0.4128859572108512,1.3940950610337954,40.0,0.007705862650200283,0.6352549889135255,0.04254423985568841,0.05272525785905799,0.14615125583262456,0.29624638676631987,0.07186034241594808,0.10853863238528533,0.41217633683788546,4653.937060481444,7658.872041350615,12962.463867663198,14121.763368378855,0.48214285714285715,0.4714002719399672,0.0,18.021628081343955,1.0,0.21847654450729667,405,False,False,True,False,False,False,1,6,False,True,underpowered,False,,,
us_stocks,1h,long,mc_cumulative_sum_reversion,112,4.605126450752374,0.002846512879867141,0.18430827587130982,0.03453451163883641,5,0.4682242162541179,1.0,0.021632223016771576,-0.10289184829858516,-2.306946919604343,0.5,0.24407940019490837,0.3558979591094279,-0.30663144646749085,-0.4128859572108512,1.4842087860257824,28.0,0.010815026543833824,0.6666666666666666,0.046031655755917146,0.06137529271779432,0.1762114047025679,0.3466092342028604,0.06986209456474535,0.10604820499216466,0.41217633683788546,4574.858684130188,7658.872041350615,13466.092342028604,14121.763368378855,0.4732142857142857,0.4682242162541179,0.0,12.589783344058159,1.0,0.2317652590522363,405,False,False,True,False,False,False,1,6,False,True,underpowered,False,,,
us_stocks,1h,long,mc_rolling_window_smoothed_max,112,4.605126450752374,-0.003136515095222303,0.11447081185147706,-0.061268552672371024,5,0.6785095320623917,1.0,0.019877087254358355,-0.0732780985180146,-403.70920269668443,0.0,0.30505235624571736,0.3558979591094279,-0.3657360067532287,-0.4128859572108512,1.8365681834283576,18.0,0.019953514646846464,0.7058823529411765,0.06593369292908743,0.08201154092718213,0.24330130151515073,0.3621901931087683,0.08729864221538353,0.11151147941150616,0.41217633683788546,4936.056127081964,7658.872041350615,13621.901931087683,14121.763368378855,0.4107142857142857,0.6785095320623917,0.0,8.024498081387943,1.0,0.14394555663469916,405,False,False,True,False,False,False,1,6,False,True,underpowered,False,,,
us_stocks,1h,long,mc_atr_filtered_breakout,112,4.605126450752374,-0.004551747506761214,0.15514777315948136,-0.0656020813851511,5,0.47917313034076714,1.0,0.10194188666965132,-0.07589480530136357,-255.15725761304748,0.0,0.3415666766694845,0.3558979591094279,-0.29854655852263134,-0.4128859572108512,1.5191326655333333,41.0,0.009089572558618591,0.6094497607655502,0.046332452733884595,0.05041098350522943,0.18030936765349315,0.38124996225985464,0.08653563619065363,0.143415692011652,0.41217633683788546,5067.071864878695,7658.872041350615,13812.499622598547,14121.763368378855,0.4732142857142857,0.47917313034076714,0.0,17.82113259833313,1.0,0.1950963062710856,405,False,False,True,False,False,False,1,6,False,True,underpowered,False,,,
us_stocks,1h,long,mc_rolling_ar2,112,4.605126450752374,-0.00799115422984743,0.18517732336618561,-0.09649542261332182,5,0.4684906148460141,1.0,0.02216237694852316,-0.13171850003415198,-543.3923599775944,0.0,0.3176175671294038,0.3558979591094279,-0.30468979649623446,-0.4128859572108512,1.4411739181679308,32.0,0.010479753301937214,0.6470588235294118,0.046965971015668496,0.057725447859521176,0.18154477254884901,0.3343915395106384,0.07750429726028674,0.1288566678896212,0.41217633683788546,4256.913734986975,7658.872041350615,13343.915395106385,14121.763368378855,0.44642857142857145,0.4684906148460141,0.0,14.54395584545533,1.0,0.23285807497070987,405,False,False,True,False,False,False,1,6,False,True,underpowered,False,,,
us_stocks,1h,long,mc_mean_abs_deviation_score,112,4.605126450752374,-0.008590296013527645,0.151231875488209,-0.1270134736548373,5,0.47913817863743313,1.0,0.07678333249017953,-0.08306479398427638,-0.8117766517079872,1.5,0.21933598045756209,0.3558979591094279,-0.33502865150692696,-0.4128859572108512,1.318590952089294,37.0,0.0076636086481467,0.5405405405405406,0.05492249481175707,0.048557977436579705,0.15782388502807673,0.27168073069087584,0.0628630657837812,0.0899715378103145,0.41217633683788546,5842.1329200275595,7658.872041350615,12716.807306908759,14121.763368378855,0.5,0.47913817863743313,0.0,16.504986218201644,1.0,0.19017211589540117,405,False,False,True,False,False,False,1,6,False,True,underpowered,False,,,
us_stocks,1h,long,mc_tema_projection,112,4.605126450752374,-0.009553314042574049,0.09731926404364878,-0.21950288896572276,5,0.4899708562600959,1.0,0.07635403700159663,-0.11176102349620481,-310.14833148386515,0.0,0.2598862084623259,0.3558979591094279,-0.33416450471909226,-0.4128859572108512,1.3810290203552684,44.0,0.008478128573784775,0.5402702702702703,0.05580983437786799,0.04659843236559763,0.18194021007547775,0.34368693503198633,0.07299140176905283,0.10265918228488569,0.41217633683788546,5828.992141685005,7658.872041350615,13436.869350319863,14121.763368378855,0.4375,0.4899708562600959,0.0,19.323673257392308,1.0,0.1223777084084822,405,False,False,True,False,False,False,1,6,False,True,underpowered,False,,,
us_stocks,1h,long,mc_sinc_filter_projection,112,4.605126450752374,-0.010462987332435286,0.19054194168974123,-0.12278635724800178,5,0.47127288394098443,1.0,0.04515345862968751,-0.11559142002555754,-217.97535412324578,0.0,0.29610969024155076,0.3558979591094279,-0.3149169245376205,-0.4128859572108512,1.4552135607199688,40.0,0.007778312734674425,0.6628787878787878,0.039207886211347,0.057227061298495266,0.13592018458020924,0.34080714879363905,0.07736830857671817,0.12699292893299108,0.41217633683788546,4273.922069992421,7658.872041350615,13408.071487936391,14121.763368378855,0.4642857142857143,0.47127288394098443,0.0,17.88435171516617,1.0,0.23960401271874338,405,False,False,True,False,False,False,1,6,False,True,underpowered,False,,,
us_stocks,1h,long,MAXINDEX,112,4.605126450752374,-0.013880131116743754,0.052727959645209384,-0.588623510609688,5,0.8546335623125905,1.0,0.019869494015325465,-0.01064682802562733,-171.3431720739145,0.0,0.28421582478654195,0.3558979591094279,-0.37212857349170403,-0.4128859572108512,1.2560146859556864,130.0,0.004216223384582215,0.4925889328063241,0.04279351963826649,0.03323323989443421,0.12686766014914885,0.3959878176588598,0.08097898595682862,0.09023333690329333,0.41217633683788546,8322.174004474267,7658.872041350615,13959.878176588598,14121.763368378855,0.5,0.8546335623125905,0.0,56.97766880795368,1.0,0.0663047232615891,405,False,False,True,False,False,False,1,6,False,True,underpowered,False,,,
us_stocks,1h,long,mc_kth_order_moment,112,4.605126450752374,-0.021597475265518848,0.17510201135561415,-0.27580164535055796,5,0.48179786582011913,1.0,0.02484599821330069,-0.14139181994293087,-846.8492440907839,0.0,0.3218599694866547,0.3558979591094279,-0.3239823993356536,-0.4128859572108512,1.491672792162249,43.0,0.008190039939865456,0.597872340425532,0.04732386030648375,0.05430339202824262,0.15082004335209673,0.39406295885217724,0.08543027539138004,0.1371846976465394,0.41217633683788546,4808.930343918682,7658.872041350615,13940.629588521773,14121.763368378855,0.41964285714285715,0.48179786582011913,0.0,18.99557411074135,1.0,0.22018850119751343,405,False,False,True,False,False,False,1,6,False,True,underpowered,False,,,
us_stocks,1h,long,mc_adaptive_window_sma,112,4.605126450752374,-0.022516727443332246,0.1468794062786993,-0.34279096348326976,5,0.4838190226800183,1.0,0.10435706446115736,-0.09157095301232401,-183.3112868970902,0.0,0.2847063575436317,0.3558979591094279,-0.31547613753485326,-0.4128859572108512,1.4011728209699452,40.0,0.008030731051064685,0.5625,0.05505523022047901,0.04923619972357271,0.16310623273428287,0.3265786447341835,0.08092056717181628,0.12676933878488694,0.41217633683788546,4912.2699846530095,7658.872041350615,13265.786447341834,14121.763368378855,0.4642857142857143,0.4838190226800183,0.0,17.98011390540191,1.0,0.18469894249019153,405,False,False,True,False,False,False,1,6,False,True,underpowered,False,,,
us_stocks,1h,long,mc_recursive_least_squares,112,4.605126450752374,-0.02321894811350921,0.13961521029048102,-0.37187313788966836,5,0.4978345257283405,1.0,0.07610752298772003,-0.10909898742977495,-144.30618258673167,0.0,0.32081667405370395,0.3558979591094279,-0.3377129785238805,-0.4128859572108512,1.4668445321711787,40.0,0.009948755075524328,0.6046511627906976,0.052019679385974626,0.05516195895539999,0.18035536199082738,0.4255222078991481,0.08890278013090369,0.1419279534785377,0.41217633683788546,5459.31717998726,7658.872041350615,14255.22207899148,14121.763368378855,0.5,0.4978345257283405,0.0,17.726585232643572,1.0,0.17556431054240443,405,False,False,True,False,False,False,1,6,False,True,underpowered,False,,,
us_stocks,1h,long,mc_linear_trend_extrapolation,112,4.605126450752374,-0.027484737279872235,0.24695444922685109,-0.24886265906091135,5,0.45700394054039606,1.0,0.0907771756113637,-0.08545970179627978,-388.5417721271342,0.0,0.363552406412027,0.3558979591094279,-0.2897885882752589,-0.4128859572108512,2.286337081609779,9.0,0.04213410808646857,0.6,0.11560104773704727,0.07385823014409917,0.5704727557682322,0.44155484680357404,0.09545782454218299,0.16649516542773862,0.41217633683788546,5209.796672289932,7658.872041350615,14415.54846803574,14121.763368378855,0.4732142857142857,0.45700394054039606,0.0,4.124726241747662,1.0,0.31054200701832396,405,False,False,True,False,False,False,1,6,False,True,underpowered,False,,,
us_stocks,1h,long,mc_double_log_fit,112,4.605126450752374,-0.034768752867375304,0.16480539302160668,-0.4717399927206823,5,0.5017024183957983,1.0,0.05969975249757747,-0.0913444877639302,-178.67910277091278,0.0,0.32207952971556797,0.3558979591094279,-0.3307558720024237,-0.4128859572108512,1.4428480357294111,43.0,0.009109333367809884,0.5875547217010632,0.05270677493357245,0.05130871542500647,0.1775396887712812,0.40274449969500126,0.08587581150321444,0.1424011225770892,0.41217633683788546,5078.584723889892,7658.872041350615,14027.444996950013,14121.763368378855,0.5178571428571429,0.5017024183957983,0.0,19.081118046402608,1.0,0.20724063760179778,405,False,False,True,False,False,False,1,6,False,True,underpowered,False,,,
us_stocks,1h,long,mc_donchian_trend_reversion,112,4.605126450752374,-0.03527106403783477,0.11840716678977901,-0.6660787430829292,5,0.47520277947731837,1.0,0.03983151152447382,-0.11750087090340716,-483.9106153126477,0.0,0.19962289253794496,0.3558979591094279,-0.3244831066868059,-0.4128859572108512,1.2956691770849313,41.0,0.006765265480373035,0.5,0.05956010344414915,0.044008964806643965,0.15372471291012266,0.2690985201514299,0.060409955315219754,0.08510711118949035,0.41217633683788546,4991.585988324577,7658.872041350615,12690.985201514299,14121.763368378855,0.44642857142857145,0.47520277947731837,0.0,18.02118774200426,1.0,0.14889547175752363,405,False,False,True,False,False,False,1,6,False,True,underpowered,False,,,
us_stocks,1h,long,mc_log_linear_fit,112,4.605126450752374,-0.036643452616465975,0.1636828844431286,-0.5005853315664134,5,0.4981428748297635,1.0,0.06470520655929383,-0.0913444877639302,-140.83076627079527,0.0,0.316723753094313,0.3558979591094279,-0.3307558720024236,-0.4128859572108512,1.415343534715091,43.0,0.009179014119594134,0.5903263403263403,0.05260883395267433,0.05130871542500647,0.17889775730227173,0.40274449969500126,0.08536835813507693,0.1379651145397771,0.41217633683788546,5053.715855609006,7658.872041350615,14027.444996950013,14121.763368378855,0.5178571428571429,0.4981428748297635,0.0,18.981085804791284,1.0,0.20582909766823027,405,False,False,True,False,False,False,1,6,False,True,underpowered,False,,,
us_stocks,1h,long,mc_dema_projection,112,4.605126450752374,-0.037021063227346954,0.13937071704378765,-0.5939670522729471,5,0.4904679376083189,1.0,0.03206005382090421,-0.1331561031785925,-690.328272605946,0.0,0.31264750707805145,0.3558979591094279,-0.3501148748898085,-0.4128859572108512,1.389716042790347,43.5,0.008687102309141399,0.5581395348837209,0.05530142907263432,0.050573729264940685,0.1717710446787948,0.35053874629357507,0.08368072507387081,0.1374652315098903,0.41217633683788546,4832.667139088843,7658.872041350615,13505.387462935752,14121.763368378855,0.41964285714285715,0.4904679376083189,0.0,19.232316463832063,1.0,0.17525686346555164,405,False,False,True,False,False,False,1,6,False,True,underpowered,False,,,
us_stocks,1h,long,mc_bollinger_band_breakout,112,4.605126450752374,-0.04380756224136286,0.15261224546805358,-0.6418664950496765,5,0.4857955977615329,1.0,0.03011617759027503,-0.10717840253299674,-453.7644451206261,0.0,0.24793585901811732,0.3558979591094279,-0.3002327631222923,-0.4128859572108512,1.3662334899592814,40.0,0.0075727149974160165,0.5897435897435898,0.04803721224393982,0.05455149058141336,0.13881774662260413,0.32274871699605345,0.06938286744528821,0.10051759365554236,0.41217633683788546,5087.755456665778,7658.872041350615,13227.487169960536,14121.763368378855,0.4375,0.4857955977615329,0.0,17.817841088725697,1.0,0.19190791318640285,405,False,False,True,False,False,False,1,6,False,True,underpowered,False,,,
us_stocks,1h,long,heikin_reversal,112,4.605126450752374,-0.047767361905476036,0.10984693296131345,-0.9723627728786535,5,0.4832876591881866,1.0,0.05201398064131327,-0.1026268082817541,-524.9810655919518,0.0,0.2662014727602293,0.3558979591094279,-0.32584703018565336,-0.4128859572108512,1.2481108692710055,141.0,0.0023309357055315287,0.5844878097224291,0.02143955809639923,0.02364172830910733,0.09859413301157002,0.36553997719051257,0.07520854177404468,0.11626546540864399,0.41217633683788546,4227.393438754225,7658.872041350615,13655.399771905126,14121.763368378855,0.48214285714285715,0.4832876591881866,0.0,62.64275598987665,1.0,0.1381310890871149,405,False,False,True,False,False,False,1,6,False,True,underpowered,False,,,
us_stocks,1h,long,CDLHAMMER,112,4.605126450752374,-0.058940431852913935,0.25263734027951384,-0.5216759015135839,5,0.17466111527227676,1.0,0.18130862954770632,-0.3364108624377801,-945.8011972785871,0.0,0.2784361648584144,0.3558979591094279,-0.18099825523790264,-0.4128859572108512,1.1542083581044476,205.5,0.0009737792485682501,0.523701473759885,0.014143590161834235,0.013750292246542499,0.0708188037831055,0.3099847469744811,0.06759090197108997,0.22851493410918777,0.41217633683788546,3940.535805237688,7658.872041350615,13099.847469744811,14121.763368378855,0.49107142857142855,0.17466111527227676,0.0,92.05752349696672,1.0,0.3176881685824724,405,False,False,True,False,False,False,1,6,False,True,underpowered,False,,,
us_stocks,1h,short,mc_rolling_window_l_infinity_norm,112,4.605126450752374,-0.0621499519313876,0.09748392203496094,-1.4255839775002823,5,1.0,1.0,0.05975917835809841,-0.04184892613932542,-172.23607660375728,0.0,0.32237012266720333,0.3558979591094279,-0.4325803481310339,-0.4128859572108512,1.7019044998139927,27.0,0.018416351590309826,0.5568475452196382,0.08555148375769661,0.06657716497847516,0.2766166386968258,0.41940803421675776,0.09379028206972895,0.09379028206973218,0.41217633683788546,6454.110158001352,7658.872041350615,14194.080342167577,14121.763368378855,0.45535714285714285,0.9089895974158937,0.09101040258410631,12.158890662725096,1.0,0.12258476369035205,405,False,False,True,False,False,False,1,6,False,True,underpowered,False,,,
us_stocks,1h,long,mc_rolling_window_mean_std_band,112,4.605126450752374,-0.06392636624546608,0.21176572099396695,-0.6750086832206545,5,0.06671617774477039,1.0,0.0599682033238101,-1.5936928475483254,-1429.8395576504781,0.0,0.17563121466828857,0.3558979591094279,-0.12903763646227678,-0.4128859572108512,1.3073909699275994,9.0,0.007666047165832329,0.5590277777777778,0.04105771840982565,0.0363671772070086,0.21079577120313167,0.22098588461050606,0.05333835820588184,0.2039469146311426,0.41217633683788546,2505.534561275523,7658.872041350615,12209.85884610506,14121.763368378855,0.49107142857142855,0.06671617774477039,0.0,4.343630124941313,1.0,0.266292639071832,405,False,False,True,False,False,False,1,6,False,False,unrankable,False,,,
us_stocks,1h,long,mc_adxr_persistence,112,4.605126450752374,-0.07134518521857644,0.1492284620828562,-1.0690499773928697,5,0.4842802470596208,1.0,0.014912051191614706,-0.08892072438107561,-383.76766110943845,0.0,0.2535852222903624,0.3558979591094279,-0.3099510500808642,-0.4128859572108512,1.7893559986786505,12.0,0.025227884821403423,0.5916666666666667,0.09000560790729126,0.0692379060694049,0.36436521919242754,0.34531434569777064,0.06935647319093807,0.10079780070534705,0.41217633683788546,5421.22343433329,7658.872041350615,13453.143456977707,14121.763368378855,0.5,0.4842802470596208,0.0,5.210630745222318,1.0,0.18765284960263567,405,False,False,True,False,False,False,1,6,False,True,underpowered,False,,,
us_stocks,1h,long,mc_local_convexity_reversion,112,4.605126450752374,-0.07512851076702443,0.19623185708516028,-0.8560916643136415,5,0.22446453234995445,1.0,0.015158648799544136,-0.41316886941785747,-1242.3355870656487,0.0,0.2530192699374861,0.3558979591094279,-0.22155449000790162,-0.4128859572108512,1.4534258175734591,23.0,0.00873023756352532,0.5717948717948718,0.04881777182279308,0.0449603963665271,0.19417616989749137,0.2605670606167668,0.06451012864147077,0.16481298469733174,0.41217633683788546,2716.5745789480457,7658.872041350615,12605.670606167669,14121.763368378855,0.36607142857142855,0.22446453234995445,0.0,10.631694668023023,1.0,0.24675900730252093,405,False,False,True,False,False,False,1,6,False,True,underpowered,False,,,
us_stocks,1h,long,mc_entropy_divergence,112,4.605126450752374,-0.07608514402335914,0.11344568562673422,-1.4996740790466894,5,0.5084179252290171,1.0,0.020140883591337227,-0.12485347656054006,-1111.8096096082204,0.0,0.2814942218438552,0.3558979591094279,-0.3111763490355209,-0.4128859572108512,1.9590438461830222,9.0,0.03622195365285312,0.6,0.10475374680997124,0.07548368044799539,0.4798646997321268,0.357614339675552,0.07828052720691081,0.11516861486065799,0.41217633683788546,4606.148558467415,7658.872041350615,13576.14339675552,14121.763368378855,0.4017857142857143,0.5084179252290171,0.0,3.9079224780131234,1.0,0.14265647374400653,405,False,False,True,False,False,False,1,6,False,True,underpowered,False,,,
us_stocks,1h,long,mc_chaikin_money_flow_gradient,112,4.605126450752374,-0.08051273780152887,0.14498269608922434,-1.2417478749880702,5,0.4999380575158799,1.0,0.025230595843992152,-0.14737899840133387,-1496.0180782619345,0.0,0.28094592604489343,0.3558979591094279,-0.322524218390995,-0.4128859572108512,1.3529994623715835,54.0,0.006914872204645164,0.5136455525606469,0.05289671000686321,0.04380232537210783,0.15786541344328658,0.2947900501934084,0.07257338863566298,0.10787676187841139,0.41217633683788546,4955.61726674552,7658.872041350615,12947.900501934084,14121.763368378855,0.4107142857142857,0.4999380575158799,0.0,23.642177428329795,1.0,0.18231385410318054,405,False,False,True,False,False,False,1,6,False,True,underpowered,False,,,
us_stocks,1h,long,mc_adaptive_ewma,112,4.605126450752374,-0.082472358100979,0.16437320315646234,-1.1219213073493255,5,0.4851998730002083,1.0,0.03260613675981659,-0.13597082696240048,-694.5652778564454,0.0,0.2639229320912727,0.3558979591094279,-0.3111538911270724,-0.4128859572108512,1.380822585267642,40.0,0.008379287431569805,0.5598995695839312,0.05277897439608484,0.04895858596436953,0.1711505196998128,0.32483408523001767,0.0741603236760422,0.11458086520779233,0.41217633683788546,3918.8244056963986,7658.872041350615,13248.340852300176,14121.763368378855,0.45535714285714285,0.4851998730002083,0.0,17.72722224896109,1.0,0.2066971644691813,405,False,False,True,False,False,False,1,6,False,True,underpowered,False,,,
us_stocks,1h,long,mc_tukey_lambda_reversion,112,4.605126450752374,-0.0826521717507864,0.28161583338739116,-0.6562694728478324,5,0.2229027468448404,1.0,0.1417107477773804,-0.37459851868496197,-1377.450563394279,0.0,0.2429035786348928,0.3558979591094279,-0.22511792885391352,-0.4128859572108512,1.3914249565951118,27.0,0.007134961182526196,0.6,0.04359878040120105,0.04578797200055392,0.15582610172033565,0.2786277695913423,0.06609470602753498,0.16544540695337887,0.41217633683788546,3557.2138030338033,7658.872041350615,12786.277695913423,14121.763368378855,0.44642857142857145,0.2229027468448404,0.0,12.414230166132777,1.0,0.35412824665460474,405,False,False,True,False,False,False,1,6,False,True,underpowered,False,,,
us_stocks,1h,long,mc_adaptive_bounce,112,4.605126450752374,-0.09574485493920153,0.15859411815306532,-1.3499365968495922,5,0.4856331485634665,1.0,0.04002052369819767,-0.11936770127970105,-774.4906266723001,0.0,0.24398229096923277,0.3558979591094279,-0.31975442438732654,-0.4128859572108512,1.3692800835185073,39.5,0.007495386061931071,0.5581395348837209,0.053103218635175836,0.048948950592479785,0.1531265935470865,0.2869824246568783,0.06902371710604727,0.10308445057758359,0.41217633683788546,3721.416368730731,7658.872041350615,12869.824246568784,14121.763368378855,0.4375,0.4856331485634665,0.0,17.72323759240401,1.0,0.19943004026347055,405,False,False,True,False,False,False,1,6,False,True,underpowered,False,,,
us_stocks,1h,long,mc_run_length_reversion,112,4.605126450752374,-0.09574485493920153,0.15859411815306532,-1.3499365968495922,5,0.4856331485634665,1.0,0.04002052369819767,-0.11936770127970105,-774.4906266723001,0.0,0.24398229096923277,0.3558979591094279,-0.31975442438732654,-0.4128859572108512,1.3692800835185073,39.5,0.007495386061931071,0.5581395348837209,0.053103218635175836,0.048948950592479785,0.1531265935470865,0.2869824246568783,0.06902371710604727,0.10308445057758359,0.41217633683788546,3721.416368730731,7658.872041350615,12869.824246568784,14121.763368378855,0.4375,0.4856331485634665,0.0,17.72323759240401,1.0,0.19943004026347055,405,False,False,True,False,False,False,1,6,False,True,underpowered,False,,,
us_stocks,1h,long,mc_peak_count_reversion,112,4.605126450752374,-0.10507919748037667,0.06713686523329532,-3.4997795588275484,5,0.552953333198348,1.0,0.00304995430507856,-0.12157213215614789,-473.76734193577704,0.0,0.22571874902997607,0.3558979591094279,-0.35257939892283,-0.4128859572108512,1.3665709183264194,40.0,0.0073527530202347835,0.5298245614035088,0.05846927408308018,0.05005019513808448,0.14690757947994262,0.2589349443587017,0.06349791006596173,0.08375313063876078,0.41217633683788546,4418.1489047971145,7658.872041350615,12589.349443587016,14121.763368378855,0.375,0.552953333198348,0.0,17.80583262900398,1.0,0.08442373457833371,405,False,False,True,False,False,False,1,6,False,True,underpowered,False,,,
us_stocks,1h,long,CDLDOJI,112,4.605126450752374,-0.10800279882124397,0.1022714898876074,-2.361377547055754,5,0.6301751678099304,1.0,0.0026224882227660687,-0.14085142264381556,-1905.9135520148966,0.0,0.2354045395065667,0.3558979591094279,-0.3369078277731358,-0.4128859572108512,1.1077313348797404,458.0,0.0008186144550194117,0.5179197849927777,0.018148246184054192,0.01752333707060918,0.04671567131995786,0.2879072457178382,0.06323114670039054,0.08692080027434985,0.41217633683788546,5861.659165120633,7658.872041350615,12879.072457178383,14121.763368378855,0.39285714285714285,0.6301751678099304,0.0,199.43531209914204,1.0,0.1286050679786604,405,False,False,True,False,False,False,1,6,False,True,underpowered,False,,,
us_stocks,1h,long,CDLLONGLEGGEDDOJI,112,4.605126450752374,-0.10917225082776003,0.10431582635897957,-2.340168147328446,5,0.6295306145466668,1.0,0.0010570619338211296,-0.14091117285972676,-1865.5718317976189,0.0,0.22871122680984146,0.3558979591094279,-0.33618739981416856,-0.4128859572108512,1.1073756812786142,458.0,0.0008186144550194117,0.5168706306962074,0.018134172649134705,0.017459213985755943,0.046887245650765054,0.2873329646608008,0.06350473032188209,0.08743623075679516,0.41217633683788546,5810.535140446887,7658.872041350615,12873.329646608008,14121.763368378855,0.39285714285714285,0.6295306145466668,0.0,199.63753319589574,1.0,0.131175794494535,405,False,False,True,False,False,False,1,6,False,True,underpowered,False,,,
us_stocks,1h,short,MAXINDEX,112,4.605126450752374,-0.10960655986882303,0.11538454733090188,-2.124094814392449,5,1.0,1.0,0.0352644614675975,-0.13701808229170326,-1664.7724134679838,0.0,0.18976175390863342,0.3558979591094279,-0.4312259441874213,-0.4128859572108512,1.1404340085148417,259.0,0.0016885414373962826,0.47804730139478474,0.03068686386642946,0.024557725968429586,0.06875805355784989,0.23755591090811357,0.04731393983531651,0.047313939835315455,0.41217633683788546,8508.912262606618,7658.872041350615,12375.559109081136,14121.763368378855,0.38392857142857145,0.8546335623125905,0.14536643768740953,113.95533761590735,1.0,0.14509456711235116,405,False,False,True,False,False,False,1,6,False,True,underpowered,False,,,
us_stocks,1h,long,mc_average_run_length_reversion,112,4.605126450752374,-0.11823200543197218,0.16632893375035573,-1.589469705005241,5,0.4697012441865803,1.0,0.009399456925720515,-0.1676405072070835,-1390.7494874110316,0.0,0.1901550971742404,0.3558979591094279,-0.33123611703449146,-0.4128859572108512,1.644373278797742,10.0,0.023589290113610606,0.5833333333333334,0.10635809787691627,0.08059166724199583,0.2927013538853601,0.25612313469276426,0.057406838977935526,0.08264467787752067,0.41217633683788546,4018.188762667858,7658.872041350615,12561.231346927641,14121.763368378855,0.3482142857142857,0.4697012441865803,0.0,4.125937761542808,1.0,0.2091564702468913,405,False,False,True,False,False,False,1,6,False,True,underpowered,False,,,
us_stocks,1h,long,mc_chebyshev_polynomial_fit,112,4.605126450752374,-0.12201119429645102,0.19913899988900322,-1.3700245788864434,5,0.46573816334443524,1.0,0.039435025727433376,-0.12588981594282583,-583.0741986146304,0.0,0.2771934554030706,0.3558979591094279,-0.30756583898363726,-0.4128859572108512,1.9344331494681812,9.0,0.03221543458452178,0.5555555555555556,0.1111100195960747,0.07294692168066001,0.4416284312249857,0.33502645614076987,0.07774498554178821,0.12945503487377025,0.41217633683788546,3869.006190878337,7658.872041350615,13350.264561407697,14121.763368378855,0.4017857142857143,0.46573816334443524,0.0,4.126193173950819,1.0,0.2504147015563425,405,False,False,True,False,False,False,1,6,False,True,underpowered,False,,,
us_stocks,1h,long,macd_cross,112,4.605126450752374,-0.1346994745198204,0.20297622937382792,-1.4839037186226107,5,0.506403634997299,1.0,0.011912833723530303,-0.21093642069855728,-1522.2987828933165,0.0,0.17209487756002695,0.3558979591094279,-0.3201970290596283,-0.4128859572108512,1.2950151083522927,45.0,0.005820116935899681,0.3673469387755102,0.07904824049058354,0.03653521469872638,0.1593015665541599,0.26451661207010846,0.055350417813097685,0.07150868964445802,0.41217633683788546,3984.7511666190026,7658.872041350615,12645.166120701084,14121.763368378855,0.375,0.506403634997299,0.0,20.186048838814905,1.0,0.2552399677110443,405,False,False,True,False,False,False,1,6,False,True,underpowered,False,,,
us_stocks,1h,long,rsi2_connors,112,4.605126450752374,-0.14477238888888888,0.23854316511787485,-1.0511855703967339,3,0.0,0.6,0.0598210618028731,-74.65730443350421,-2482.3428826910986,0.0,0.18477525622706653,0.3558979591094279,0.0,-0.4128859572108512,0.0,0.0,0.01112486352249488,1.0,0.01112486352249488,0.0,,0.1973394853445195,0.03989018752804796,0.9920672575221103,0.41217633683788546,1705.595666016928,7658.872041350615,11973.394853445196,14121.763368378855,0.017857142857142856,0.0,0.0,0.0,1.0,0.3872530551623348,405,False,False,True,False,False,False,1,6,False,False,unrankable,False,,,
us_stocks,1h,long,mc_peak_trough_ratio,112,4.605126450752374,-0.14675896712038045,0.1527716784937682,-2.148061931532771,5,0.2492415972367989,1.0,0.01312375874622869,-0.3331771691662612,-1414.756335870573,0.0,0.19377011514403916,0.3558979591094279,-0.23595607634176197,-0.4128859572108512,1.3617622455347427,21.0,0.007266261813297158,0.5626086956521739,0.05033450620525286,0.04710597428682187,0.15425350867501178,0.26311400004535,0.058491184869227664,0.11955761002648194,0.41217633683788546,2819.2239070603923,7658.872041350615,12631.1400004535,14121.763368378855,0.375,0.2492415972367989,0.0,9.765500490669906,1.0,0.19210839814201078,405,False,False,True,False,False,False,1,6,False,True,underpowered,False,,,
us_stocks,1h,short,mc_rolling_window_upper_envelope_forecast,112,4.605126450752374,-0.18152575564736412,0.2918431528642274,-1.390829030288605,5,1.0,1.0,0.09253191466059044,-0.20487744755961051,-1544.6928144575163,0.0,0.19259376515005017,0.3558979591094279,-0.45577574061652254,-0.4128859572108512,1.2968612347931319,49.0,0.007489503720046647,0.5246166263115416,0.06652393199804099,0.05583347122322736,0.13414003385358078,0.19062548743881258,0.04581518072728663,0.045815180727289476,0.41217633683788546,3425.277366951775,7658.872041350615,11906.254874388127,14121.763368378855,0.4017857142857143,0.772129410360999,0.2278705896390011,23.01494435043035,1.0,0.36698896783900764,405,False,False,True,False,False,False,1,6,False,True,underpowered,False,,,
us_stocks,1h,long,CDLDRAGONFLYDOJI,112,4.605126450752374,-0.18358199022603006,0.21291082053566665,-1.9280457825361594,5,0.12318936616135326,1.0,0.04015081438782539,-0.7241701548017925,-2263.2107830024515,0.0,0.16110455888499803,0.3558979591094279,-0.1670630284740957,-0.4128859572108512,1.1238351621038971,149.5,0.0006857241486195912,0.513502852287899,0.01419186054998444,0.013374513528040874,0.05127096003767977,0.22320166367925975,0.05080747250201123,0.14733293220436672,0.41217633683788546,2483.137863859612,7658.872041350615,12232.016636792598,14121.763368378855,0.39285714285714285,0.12318936616135326,0.0,66.46212153555052,1.0,0.26773258684774165,405,False,False,True,False,False,False,1,6,False,True,underpowered,False,,,
us_stocks,1h,long,CDLTAKURI,112,4.605126450752374,-0.19593632560706875,0.2129461904065494,-2.0574537749770583,5,0.11960896568368098,1.0,0.040532040053543994,-0.7758468215177505,-2381.009639372145,0.0,0.19145836100026847,0.3558979591094279,-0.1614912829426164,-0.4128859572108512,1.128565609517467,143.0,0.0006791667568630719,0.5088905775075987,0.014002303210764221,0.013462814411513719,0.05044760598365171,0.20973861982830033,0.05317293662648548,0.17717406267852187,0.41217633683788546,2410.137053515745,7658.872041350615,12097.386198283002,14121.763368378855,0.42857142857142855,0.11960896568368098,0.0,64.70965503314042,1.0,0.26777706400021367,405,False,False,True,False,False,False,1,6,False,True,underpowered,False,,,
us_stocks,1h,short,mc_rolling_window_smoothed_max,112,4.605126450752374,-0.27302106323162134,0.29399984415007946,-2.076510137071815,5,1.0,1.0,0.047761496393673136,-0.3818509065976623,-2646.4330473237796,0.0,0.04502481263840617,0.3558979591094279,-0.47506926103899133,-0.4128859572108512,1.1780004063814906,36.0,0.003678135753026029,0.6339712918660287,0.05473691558289122,0.08101675365946988,0.04539969311145189,0.04112785319370349,0.00878852745880454,0.008788527458818083,0.41217633683788546,2042.487563370503,7658.872041350615,10411.278531937034,14121.763368378855,0.3392857142857143,0.6785095320623917,0.3214904679376083,16.048996162775886,1.0,0.36970097907235133,405,False,False,True,False,False,False,1,6,False,True,underpowered,False,,,
us_stocks,1h,short,mc_rolling_window_weighted_lp_norm,112,4.605126450752374,-0.2734705890184029,0.41274869165690486,-1.4815282016698952,5,1.0,1.0,0.18219950998445772,-1.173148655995197,-3613.599406662072,0.0,0.08949659547586303,0.3558979591094279,-0.4694850454360351,-0.4128859572108512,1.1620079070387648,80.5,0.0031179872276695525,0.5882841711674283,0.04719949187765757,0.05937633751853283,0.05251228617286055,0.0626592448281642,0.01987147828245317,0.019871478282444816,0.41217633683788546,2751.4295516529423,7658.872041350615,10626.59244828164,14121.763368378855,0.3482142857142857,0.4759491475145198,0.5240508524854802,35.614690123803356,1.0,0.519026109886285,405,False,False,True,False,False,False,1,6,False,True,underpowered,False,,,
us_stocks,1h,long,TANH,112,4.605126450752374,-0.28078433333333336,1.2980359903442875,-0.48369448999928233,5,0.0,1.0,0.08706537519141756,-2.389961203735775,-2123.2624233747874,0.0,0.2454679036009943,0.3558979591094279,0.0,-0.4128859572108512,1.122458300120977,0.0,0.0015272398841677261,0.2737992091872903,0.03995485395157163,0.015626680649121386,0.09773284029155581,0.1973463885314799,0.03989018752804796,0.12697163712077078,0.41217633683788546,1916.261979403216,7658.872041350615,11973.463885314799,14121.763368378855,0.03571428571428571,0.0,0.0,0.0,1.0,1.6322633703726153,405,False,False,True,False,False,False,1,6,False,False,unrankable,False,,,
us_stocks,1h,short,mc_rolling_window_seasonality_test,112,4.605126450752374,-0.2886091999889343,0.43568550116061655,-1.481228520086049,5,1.0,1.0,0.15592827960999547,-1.2277456744532365,-3022.443916329445,0.0,0.10471404994852046,0.3558979591094279,-0.5158683301038434,-0.4128859572108512,1.1500514995251463,81.0,0.003812642408289214,0.5341085271317829,0.0535415468241085,0.053103568624931305,0.07179635017032052,0.043465604293639215,0.00927513141720937,0.009275131417193236,0.41217633683788546,2280.784853415732,7658.872041350615,10434.656042936393,14121.763368378855,0.375,0.4747852704962444,0.5252147295037556,36.045071524005095,1.0,0.5478688494286553,405,False,False,True,False,False,False,1,6,False,True,underpowered,False,,,
us_stocks,1h,short,mc_peak_trough_reversion,112,4.605126450752374,-0.28975875354023045,0.4325620101168075,-1.4978667909754744,5,1.0,1.0,0.2719830664796631,-1.5081560927567064,-2322.122544729127,0.0,0.12560945230204335,0.3558979591094279,-0.5063588427685342,-0.4128859572108512,1.1685798346403589,81.0,0.00396142827296508,0.5216450216450217,0.0542136029393933,0.05347652970889499,0.07407788602831042,0.1241508340849693,0.026378899310299575,0.026378899310303155,0.41217633683788546,2338.7364221738903,7658.872041350615,11241.508340849694,14121.763368378855,0.33035714285714285,0.4791731597098937,0.5208268402901063,35.19269622476199,1.0,0.5439411000777732,405,False,False,True,False,False,False,1,6,False,True,underpowered,False,,,
us_stocks,1h,short,mc_ehlers_homodyne_filter,112,4.605126450752374,-0.3008550443185638,0.40666562003720985,-1.6542640865693679,5,1.0,1.0,0.1893429431880806,-1.0599962694716343,-3745.879810856747,0.0,0.05520369714200471,0.3558979591094279,-0.4684969802077868,-0.4128859572108512,1.1269308710645143,78.0,0.002625218003905811,0.5864367816091953,0.0472895482209469,0.06103019324356271,0.043015069498943646,0.03920866251646271,0.008930327601011534,0.008930327601021245,0.41217633683788546,2393.50069019121,7658.872041350615,10392.086625164628,14121.763368378855,0.35714285714285715,0.4687540183150868,0.5312459816849131,34.3949823097028,1.0,0.5113767264654541,405,False,False,True,False,False,False,1,6,False,True,underpowered,False,,,
us_stocks,1h,short,mc_atr_approx_from_closes,112,4.605126450752374,-0.30111218596571165,0.4426591733945212,-1.521051312479641,5,1.0,1.0,0.1457505428216552,-1.2094780853141718,-2610.9748783775267,0.0,0.0685584224882137,0.3558979591094279,-0.4780128520468447,-0.4128859572108512,1.1500816402043377,81.0,0.0026015205167300307,0.5977011494252874,0.04402226865604737,0.061910323879159096,0.04202078673999284,0.05799261845348547,0.013153859155924597,0.013153859155923167,0.41217633683788546,2832.7860776677494,7658.872041350615,10579.926184534856,14121.763368378855,0.39285714285714285,0.4736320331097136,0.5263679668902864,35.61381833045485,1.0,0.5566381515351154,405,False,False,True,False,False,False,1,6,False,True,underpowered,False,,,
us_stocks,1h,short,mc_momentum_within_bands,112,4.605126450752374,-0.30111218596571165,0.4426591733945212,-1.521051312479641,5,1.0,1.0,0.1457505428216552,-1.2094780853141718,-2610.9748783775267,0.0,0.0685584224882137,0.3558979591094279,-0.4780128520468447,-0.4128859572108512,1.1500816402043377,81.0,0.0026015205167300307,0.5977011494252874,0.04402226865604737,0.061910323879159096,0.04202078673999284,0.05799261845348547,0.013153859155924597,0.013153859155923167,0.41217633683788546,2832.7860776677494,7658.872041350615,10579.926184534856,14121.763368378855,0.39285714285714285,0.4736320331097136,0.5263679668902864,35.61381833045485,1.0,0.5566381515351154,405,False,False,True,False,False,False,1,6,False,True,underpowered,False,,,
us_stocks,1h,short,mc_ulcer_index_reversion,112,4.605126450752374,-0.30111218596571165,0.4426591733945212,-1.521051312479641,5,1.0,1.0,0.1457505428216552,-1.2094780853141718,-2610.9748783775267,0.0,0.0685584224882137,0.3558979591094279,-0.4780128520468447,-0.4128859572108512,1.1500816402043377,81.0,0.0026015205167300307,0.5977011494252874,0.04402226865604737,0.061910323879159096,0.04202078673999284,0.05799261845348547,0.013153859155924597,0.013153859155923167,0.41217633683788546,2832.7860776677494,7658.872041350615,10579.926184534856,14121.763368378855,0.39285714285714285,0.4736320331097136,0.5263679668902864,35.61381833045485,1.0,0.5566381515351154,405,False,False,True,False,False,False,1,6,False,True,underpowered,False,,,
us_stocks,1h,short,mc_exponential_return_weighted_ma,112,4.605126450752374,-0.30115732673208445,0.41968138842688973,-1.6045702122250916,5,1.0,1.0,0.2075755229428281,-0.6756920661796848,-3316.1931810334277,0.0,0.06928163885190525,0.3558979591094279,-0.4958306621200091,-0.4128859572108512,1.122318865502656,76.5,0.0028571218376408592,0.5882051282051282,0.04680348453064105,0.06294483680023852,0.045390884826792224,0.02861716562550698,0.006142072321996261,0.006142072321990669,0.41217633683788546,2528.434178873505,7658.872041350615,10286.17165625507,14121.763368378855,0.38392857142857145,0.46282005487741085,0.5371799451225892,34.740487867651,1.0,0.5277438858799578,405,False,False,True,False,False,False,1,6,False,True,underpowered,False,,,
us_stocks,1h,short,mc_quantile_momentum,112,4.605126450752374,-0.30529491696247824,0.4013693519889007,-1.7008278886528758,5,1.0,1.0,0.20493408488531772,-0.49886064705687144,-4037.184330121626,0.0,0.09932726518954645,0.3558979591094279,-0.49869720035071174,-0.4128859572108512,1.1233591082784105,80.0,0.00321303884933308,0.5722996515679442,0.04821623207121639,0.05831587007524376,0.055097160433126735,0.01318195878101125,0.0028472764062509315,0.002847276406265336,0.41217633683788546,2212.650508565192,7658.872041350615,10131.819587810112,14121.763368378855,0.38392857142857145,0.44366441487368313,0.556335585126317,35.60771883571715,1.0,0.504716738299304,405,False,False,True,False,False,False,1,6,False,True,underpowered,False,,,
us_stocks,1h,short,mc_ehlers_super_smoother,112,4.605126450752374,-0.31520957808153693,0.39635393259337404,-1.778284472006087,5,1.0,1.0,0.1617053016315035,-1.238669874329391,-3306.1000941416614,0.0,0.03902227339295988,0.3558979591094279,-0.49331384485796353,-0.4128859572108512,1.107507571687385,81.0,0.0025947624814090364,0.5597085840988281,0.0489898176184973,0.0549371029329844,0.04723151281883729,0.02942943593365266,0.00701703165785883,0.007017031657835418,0.41217633683788546,1794.4942433932927,7658.872041350615,10294.294359336527,14121.763368378855,0.36607142857142855,0.4740265549338111,0.5259734450661889,35.7647520215163,1.0,0.4984099136601788,405,False,False,True,False,False,False,1,6,False,True,underpowered,False,,,
us_stocks,1h,short,mc_rolling_window_weighted_midpoints,112,4.605126450752374,-0.31718494892699967,0.3804722932757764,-1.8641228803656646,5,1.0,1.0,0.173628677262323,-0.9507671321783051,-4430.073404256373,0.0,0.04265626394970168,0.3558979591094279,-0.4908760471755791,-0.4128859572108512,1.1103452892859151,81.5,0.0024559184016408075,0.5886589837611316,0.045823118259960445,0.060510398844709504,0.04058671647403182,0.026890883017664624,0.00666174151990917,0.006661741519906589,0.41217633683788546,1910.7654437930173,7658.872041350615,10268.908830176646,14121.763368378855,0.36607142857142855,0.46604828010599875,0.5339517198940011,35.59434207701429,1.0,0.47843895883888116,405,False,False,True,False,False,False,1,6,False,True,underpowered,False,,,
us_stocks,1h,short,mc_composite_atr_band,112,4.605126450752374,-0.31989798364662103,0.4482356463474215,-1.5958428186778582,5,1.0,1.0,0.16619101840422776,-1.2386095552974496,-2936.335777727427,0.0,0.04789882251060169,0.3558979591094279,-0.4979053086152681,-0.4128859572108512,1.114911945628812,77.5,0.0024938155244721306,0.5988505747126437,0.04435796952094377,0.061322434668529824,0.04066726211951817,0.014723674220738392,0.003172677855365569,0.003172677855378553,0.41217633683788546,2274.865647327741,7658.872041350615,10147.236742207384,14121.763368378855,0.38392857142857145,0.4732247897787657,0.5267752102212343,34.391129807840755,1.0,0.563650493723315,405,False,False,True,False,False,False,1,6,False,True,underpowered,False,,,
us_stocks,1h,short,mc_fractal_adaptive_ma,112,4.605126450752374,-0.3215854821125447,0.3948494332113128,-1.8211676099731327,5,1.0,1.0,0.15931878677732603,-1.1231374249720556,-3726.6085304075523,0.0,0.056851907275322466,0.3558979591094279,-0.4801168788225382,-0.4128859572108512,1.1523388661800826,84.0,0.003231702811013058,0.5699248120300752,0.04865652443467882,0.05659193160024602,0.05710536324932597,0.04366473218042566,0.010994684299566404,0.010994684299561975,0.41217633683788546,2319.528558537176,7658.872041350615,10436.647321804257,14121.763368378855,0.38392857142857145,0.47035517258707793,0.529644827412922,37.34554081017516,1.0,0.49651802526081673,405,False,False,True,False,False,False,1,6,False,True,underpowered,False,,,
us_stocks,1h,short,mc_recursive_least_squares,112,4.605126450752374,-0.32257979127625946,0.35511704711096537,-2.0311904126529243,5,1.0,1.0,0.1069912225642412,-3.2299109364463723,-2966.5860020845557,0.0,0.09468969988527338,0.3558979591094279,-0.5063017553964981,-0.4128859572108512,1.1401795776575814,80.0,0.00370136260416811,0.5705244122965643,0.049385037280069766,0.06042263470052456,0.06125788162852119,0.022262117899673584,0.0047909671548598265,0.004790967154838887,0.41217633683788546,2020.935895344731,7658.872041350615,10222.621178996735,14121.763368378855,0.3482142857142857,0.4978345257283405,0.5021654742716595,35.453170465287144,1.0,0.44655506665910844,405,False,False,True,False,False,False,1,6,False,True,underpowered,False,,,
us_stocks,1h,short,mc_tema_projection,112,4.605126450752374,-0.3276656204907963,0.32969422468000276,-2.2223094809082613,5,1.0,1.0,0.10916306957267628,-2.018298606708443,-3525.876811762076,0.0,0.006402604939386509,0.3558979591094279,-0.5143556777974876,-0.4128859572108512,1.0809117154528902,88.0,0.0019890550195589296,0.5,0.054211361726658025,0.04892605328103619,0.04065431168407549,-0.0537800398829858,-0.0119250612599201,-0.011925061259927004,0.41217633683788546,2470.288447027411,7658.872041350615,9462.199601170141,14121.763368378855,0.3392857142857143,0.4899708562600959,0.510029143739904,38.647346514784616,1.0,0.4145861982038192,405,False,False,True,False,False,False,1,6,False,True,underpowered,False,,,
us_stocks,1h,short,mc_return_atr_blend,112,4.605126450752374,-0.3284273315134098,0.420283191539094,-1.747359527378415,5,1.0,1.0,0.24440661706701455,-0.7513896516855892,-3764.6182676695375,0.0,0.05638679257210296,0.3558979591094279,-0.49323548857635857,-0.4128859572108512,1.1638089864333443,56.0,0.003641452356971513,0.6347549909255898,0.05317787061467561,0.07481973996109141,0.048669674057477096,0.043708744400627886,0.009327062224308236,0.009327062224318863,0.41217633683788546,1471.0286893877508,7658.872041350615,10437.08744400628,14121.763368378855,0.3482142857142857,0.4731369150779896,0.5268630849220104,24.691640490421193,1.0,0.528500645464079,405,False,False,True,False,False,False,1,6,False,True,underpowered,False,,,
us_stocks,1h,short,mc_smaema_difference,112,4.605126450752374,-0.3320696587573379,0.3310903233812861,-2.2426820653150363,5,1.0,1.0,0.1339848699830558,-1.383322774592383,-4572.914959080643,0.0,0.024125355166692106,0.3558979591094279,-0.48971264662917363,-0.4128859572108512,1.2199594184378824,14.0,0.012455025258816064,0.5714285714285714,0.10873599675832896,0.12103820943405334,0.10290159873524964,-0.002305034677436424,-0.0005031907624045151,-0.0005031907623915261,0.41217633683788546,1052.2540084877228,7658.872041350615,9976.949653225636,14121.763368378855,0.33035714285714285,0.4898830795390128,0.5101169204609872,6.081545595666254,1.0,0.416341774157399,405,False,False,True,False,False,False,1,6,False,True,underpowered,False,,,
us_stocks,1h,short,mc_double_log_fit,112,4.605126450752374,-0.33701945658984833,0.41100775414416574,-1.833538192592364,5,1.0,1.0,0.08786173685816395,-4.723308964282615,-3361.325074458227,0.0,0.0351548690994446,0.3558979591094279,-0.47371543365035057,-0.4128859572108512,1.1067450308935156,86.0,0.00219587289278482,0.5555555555555556,0.05047655893709881,0.05608493637166541,0.03915263232596255,-0.022310247382359594,-0.007390523784208847,-0.007390523784208812,0.41217633683788546,1719.7919861857556,7658.872041350615,9776.897526176404,14121.763368378855,0.35714285714285715,0.5017024183957983,0.4982975816042017,38.162236092805216,1.0,0.5168369036136623,405,False,False,True,False,False,False,1,6,False,True,underpowered,False,,,
us_stocks,1h,short,mc_adaptive_std_band,112,4.605126450752374,-0.33891291250653977,0.3883485415621336,-1.951423089600589,5,1.0,1.0,0.11826897916658374,-1.4991971128206185,-3308.543098571885,0.0,-0.0029573299014574936,0.3558979591094279,-0.5021829183606905,-0.4128859572108512,1.1095403618405857,76.0,0.0027056610157087605,0.5903263403263403,0.04706490168938858,0.06303826401161092,0.042920931566427796,0.023482819839446223,0.008463434161084638,0.00846343416109448,0.41217633683788546,1629.5359798992256,7658.872041350615,10234.828198394462,14121.763368378855,0.3482142857142857,0.4853587736289444,0.5146412263710556,34.323171301881544,1.0,0.48834323858876005,405,False,False,True,False,False,False,1,6,False,True,underpowered,False,,,
us_stocks,1h,short,mc_log_linear_fit,112,4.605126450752374,-0.33904151323337883,0.4097860897653935,-1.8500380801560652,5,1.0,1.0,0.10109036080789477,-3.9374045503026602,-3503.9529086854786,0.0,0.03352556938194362,0.3558979591094279,-0.47371543365035057,-0.4128859572108512,1.1111313196625676,86.0,0.0024954767071143236,0.5555555555555556,0.05064644788666182,0.0570880995864044,0.04371273041481003,-0.03207849171564242,-0.00897362006384883,-0.008973620063831914,0.41217633683788546,1712.3962637740958,7658.872041350615,9679.215082843577,14121.763368378855,0.35714285714285715,0.4981428748297635,0.5018571251702364,37.96217160958257,1.0,0.5153006765512447,405,False,False,True,False,False,False,1,6,False,True,underpowered,False,,,
us_stocks,1h,short,bb_outside_in,112,4.605126450752374,-0.34043365972699374,0.3470241542515019,-2.193601787231489,5,1.0,1.0,0.050360401297479644,-0.9789020758466559,-3886.8687006732034,0.0,0.020948877031182582,0.3558979591094279,-0.46650841373599544,-0.4128859572108512,1.1785583566436006,29.0,0.005977732342785113,0.44427244582043346,0.07947461834992545,0.060168103313775034,0.09935051985287621,0.01259382056782199,0.0028350840137537636,0.0028350840137591734,0.41217633683788546,1377.0747556143665,7658.872041350615,10125.93820567822,14121.763368378855,0.32142857142857145,0.5051367361296665,0.4948632638703335,12.851236820411716,1.0,0.43637835917710044,405,False,False,True,False,False,False,1,6,False,True,underpowered,False,,,
us_stocks,1h,short,mc_intercept_only_trend,112,4.605126450752374,-0.3408972172439873,0.516320192269501,-1.4763500682541415,5,1.0,1.0,0.14524810997887938,-1.1527807340557423,-2978.381750888199,0.0,0.07539392095887601,0.3558979591094279,-0.49525176205770466,-0.4128859572108512,1.1278076951385283,81.0,0.0028586118879314077,0.6071682548712843,0.04307487242111821,0.06198748635980322,0.046115951070168255,0.006464906219732169,0.0013991419700597474,0.0013991419700655336,0.41217633683788546,2233.5721014945857,7658.872041350615,10064.64906219732,14121.763368378855,0.375,0.47144007120036835,0.5285599287996317,36.04595385871537,1.0,0.6492659244384419,405,False,False,True,False,False,False,1,6,False,True,underpowered,False,,,
us_stocks,1h,short,mc_emaatr_hybrid,112,4.605126450752374,-0.3425765085486698,0.41087202738310863,-1.8643867422376283,5,1.0,1.0,0.17375891357650058,-0.991203412207537,-2987.3463148957626,0.0,0.0222885927947905,0.3558979591094279,-0.4990942600957952,-0.4128859572108512,1.0925644544264874,73.5,0.0019432705077712547,0.5933977455716586,0.04661839119032073,0.06403128667334836,0.030348765560260078,-0.060025612501263426,-0.014139783845954434,-0.014139783845932561,0.41217633683788546,1524.749290067529,7658.872041350615,9399.743874987365,14121.763368378855,0.35714285714285715,0.46144315363831145,0.5385568463616885,32.96800860670271,1.0,0.516666228977442,405,False,False,True,False,False,False,1,6,False,True,underpowered,False,,,
us_stocks,1h,short,MACDEXT,112,4.605126450752374,-0.34418597204532314,0.5225433399552137,-1.4728409522187154,5,1.0,1.0,0.14659534718454809,-17.36944079013162,-3465.6499125446717,0.0,0.07517755424303646,0.3558979591094279,-0.47060920211580554,-0.4128859572108512,1.0474267394126489,543.0,0.0004795638831097211,0.42870345920253494,0.023980296171678482,0.017097309113830644,0.028049085380446457,0.028182570420944963,0.00642354410028223,0.0064235441002818035,0.41217633683788546,2369.1472168261676,7658.872041350615,10281.825704209448,14121.763368378855,0.33035714285714285,0.4996596266466302,0.5003403733533698,238.40110400166944,1.0,0.6570914516898965,405,False,False,True,False,False,False,1,6,False,True,underpowered,False,,,
us_stocks,1h,short,mc_adaptive_midpoint,112,4.605126450752374,-0.3460796871486784,0.42937288958582354,-1.8022975480421566,5,1.0,1.0,0.1593091465057581,-0.43066008348008217,-3688.6155136298817,0.0,0.0020631806533233633,0.3558979591094279,-0.49788958563420393,-0.4128859572108512,1.0931014783413529,52.0,0.0025609508145746245,0.6538461538461539,0.04949719066783374,0.0801403254730217,0.031955832465850646,-0.05563843696950921,-0.014216649336579512,-0.014216649336576972,0.41217633683788546,1640.772699727628,7658.872041350615,9443.615630304908,14121.763368378855,0.38392857142857145,0.4610908349474972,0.5389091650525029,23.0183895103901,1.0,0.53993082250061,405,False,False,True,False,False,False,1,6,False,True,underpowered,False,,,
us_stocks,1h,short,mc_recursive_midpoint,112,4.605126450752374,-0.3460796871486784,0.42937288958582354,-1.8022975480421566,5,1.0,1.0,0.1593091465057581,-0.43066008348008217,-3688.6155136298817,0.0,0.0020631806533233633,0.3558979591094279,-0.49788958563420393,-0.4128859572108512,1.0931014783413529,52.0,0.0025609508145746245,0.6538461538461539,0.04949719066783374,0.0801403254730217,0.031955832465850646,-0.05563843696950921,-0.014216649336579512,-0.014216649336576972,0.41217633683788546,1640.772699727628,7658.872041350615,9443.615630304908,14121.763368378855,0.38392857142857145,0.4610908349474972,0.5389091650525029,23.0183895103901,1.0,0.53993082250061,405,False,False,True,False,False,False,1,6,False,True,underpowered,False,,,
us_stocks,1h,short,mc_rolling_min_max_weighted,112,4.605126450752374,-0.34659640472472775,0.42709899293401166,-1.8145983356164523,5,1.0,1.0,0.13596345195527032,-1.1390836698806055,-3755.252058643011,0.0,-0.03418717249438076,0.3558979591094279,-0.48923165465643775,-0.4128859572108512,1.0830780127182598,80.5,0.0018495856058847924,0.5925925925925926,0.04367025099049997,0.06296238438435423,0.029376041329597476,-0.0459756838944112,-0.010168404942130616,-0.01016840494213097,0.41217633683788546,2158.0233731507255,7658.872041350615,9540.243161055889,14121.763368378855,0.35714285714285715,0.47150193707515176,0.5284980629248481,35.63406185669179,1.0,0.537071427044417,405,False,False,True,False,False,False,1,6,False,True,underpowered,False,,,
us_stocks,1h,short,mc_atr_filtered_breakout,112,4.605126450752374,-0.3469560467766529,0.4153626778928591,-1.8678069722896755,5,1.0,1.0,0.14807486399220715,-1.4915937780451998,-3011.956072120888,0.0,0.0726908176499062,0.3558979591094279,-0.49115073366135636,-0.4128859572108512,1.1463141273671416,81.0,0.0027783978881074515,0.5773504273504273,0.045261862659716295,0.05950740943252786,0.046689948606445764,0.046429305241171503,0.009902660637371552,0.009902660637365501,0.41217633683788546,2280.699726634254,7658.872041350615,10464.293052411715,14121.763368378855,0.3392857142857143,0.47917313034076714,0.5208268696592329,35.64226519666626,1.0,0.5223131635699617,405,False,False,True,False,False,False,1,6,False,True,underpowered,False,,,
us_stocks,1h,short,mc_center_of_gravity_indicator,112,4.605126450752374,-0.34808954771888445,0.4153911138036669,-1.8737807937905666,5,1.0,1.0,0.20413385454182542,-0.7572224417774607,-3234.1059553182313,0.0,0.0543141009376861,0.3558979591094279,-0.5199423894980973,-0.4128859572108512,1.1535759610299972,56.0,0.004245055970370179,0.6411007025761124,0.05078150161704628,0.07654318271224653,0.055459621875521926,0.025398233058922526,0.005459217619010026,0.005459217619017499,0.41217633683788546,1161.1754531494805,7658.872041350615,10253.982330589224,14121.763368378855,0.3482142857142857,0.4791877122502598,0.5208122877497403,24.5362671620046,1.0,0.5223489213578505,405,False,False,True,False,False,False,1,6,False,True,underpowered,False,,,
us_stocks,1h,short,mc_emaatr_band,112,4.605126450752374,-0.3482534016883279,0.42593999026010754,-1.828234721738862,5,1.0,1.0,0.17265563123188915,-0.9065883898485777,-4137.290820125601,0.0,0.0346095747983612,0.3558979591094279,-0.4914319686070954,-0.4128859572108512,1.1237534882624303,74.0,0.0025481931937974813,0.6054484803558191,0.045588913917981075,0.06583124006587968,0.038707962834171335,-0.010137296983156019,-0.00231912626100933,-0.0023191262609902332,0.41217633683788546,1770.357856805582,7658.872041350615,9898.62703016844,14121.763368378855,0.3392857142857143,0.4742835212845079,0.5257164787154922,32.57520926803278,1.0,0.5356139962606404,405,False,False,True,False,False,False,1,6,False,True,underpowered,False,,,
us_stocks,1h,short,mc_liquidity_weighted_price,112,4.605126450752374,-0.3482534016883279,0.42593999026010754,-1.828234721738862,5,1.0,1.0,0.17265563123188915,-0.9065883898485777,-4137.290820125601,0.0,0.0346095747983612,0.3558979591094279,-0.4914319686070954,-0.4128859572108512,1.1237534882624303,74.0,0.0025481931937974813,0.6054484803558191,0.045588913917981075,0.06583124006587968,0.038707962834171335,-0.010137296983156019,-0.00231912626100933,-0.0023191262609902332,0.41217633683788546,1770.357856805582,7658.872041350615,9898.62703016844,14121.763368378855,0.3392857142857143,0.4742835212845079,0.5257164787154922,32.57520926803278,1.0,0.5356139962606404,405,False,False,True,False,False,False,1,6,False,True,underpowered,False,,,
us_stocks,1h,short,mc_max_pain_pivot,112,4.605126450752374,-0.3482534016883279,0.42593999026010754,-1.828234721738862,5,1.0,1.0,0.17265563123188915,-0.9065883898485777,-4137.290820125601,0.0,0.0346095747983612,0.3558979591094279,-0.4914319686070954,-0.4128859572108512,1.1237534882624303,74.0,0.0025481931937974813,0.6054484803558191,0.045588913917981075,0.06583124006587968,0.038707962834171335,-0.010137296983156019,-0.00231912626100933,-0.0023191262609902332,0.41217633683788546,1770.357856805582,7658.872041350615,9898.62703016844,14121.763368378855,0.3392857142857143,0.4742835212845079,0.5257164787154922,32.57520926803278,1.0,0.5356139962606404,405,False,False,True,False,False,False,1,6,False,True,underpowered,False,,,
us_stocks,1h,short,MACDFIX,112,4.605126450752374,-0.3513003394351172,0.4903777748213698,-1.6018903788651886,5,1.0,1.0,0.1467266305646263,-14.963831548248919,-4076.7419689956237,0.0,0.11355541109033304,0.3558979591094279,-0.4863598169156228,-0.4128859572108512,1.0530410057112023,587.5,0.0005754063871123115,0.3590824577333852,0.026945477424817028,0.014405697848596726,0.03994297209061361,0.028175570018921958,0.005287131019301006,0.005287131019295367,0.41217633683788546,3222.5038998050513,7658.872041350615,10281.75570018922,14121.763368378855,0.38392857142857145,0.5032497698020013,0.49675023019799863,257.54871060926496,1.0,0.6166436720090093,405,False,False,True,False,False,False,1,6,False,True,underpowered,False,,,
us_stocks,1h,short,mc_rolling_mpv,112,4.605126450752374,-0.3541928589700999,0.4692005909491472,-1.6879759426560013,5,1.0,1.0,0.1784540585426923,-0.597794385324506,-3205.1799761674397,0.0,0.035404817009043923,0.3558979591094279,-0.5043772458178837,-0.4128859572108512,1.1075975214889433,71.0,0.0022695528886803942,0.6217864205669084,0.045257282338587404,0.06653428928457171,0.034111026255550146,0.015104628980639245,0.0032448942796697855,0.0032448942796694936,0.41217633683788546,1189.9033588848924,7658.872041350615,10151.046289806392,14121.763368378855,0.35714285714285715,0.45491119969060173,0.5450888003093983,31.90361625850905,1.0,0.5900136388054567,405,False,False,True,False,False,False,1,6,False,True,underpowered,False,,,
us_stocks,1h,short,MACD,112,4.605126450752374,-0.3586540657348343,0.48790052993235694,-1.6437261740645257,5,1.0,1.0,0.1163961707295893,-13.547398096008093,-3766.120120201379,0.0,0.10487110092904958,0.3558979591094279,-0.48072548362579975,-0.4128859572108512,1.0486515366166236,589.5,0.0005191757543459673,0.3600670016750419,0.026557428934081622,0.014543055723631269,0.035699220591058414,0.013037227048960598,0.0035752530029206087,0.0035752530029205935,0.41217633683788546,3062.4577275539204,7658.872041350615,10130.372270489606,14121.763368378855,0.4017857142857143,0.5034354669924164,0.49656453300758363,259.1294238284395,1.0,0.6135285687901024,405,False,False,True,False,False,False,1,6,False,True,underpowered,False,,,
us_stocks,1h,short,mc_adaptive_window_sma,112,4.605126450752374,-0.36123832790679944,0.410407201275577,-1.968175643037947,5,1.0,1.0,0.15029684911401164,-1.4195676128807801,-3641.036221193287,0.0,0.033480946150158716,0.3558979591094279,-0.5272417359373666,-0.4128859572108512,1.0937114040086118,80.5,0.0025179356244818887,0.5174442190669372,0.05382242146340954,0.051958090091711234,0.04846089646554522,-0.0495899429319282,-0.010984091568735699,-0.01098409156873631,0.41217633683788546,1627.8529103971912,7658.872041350615,9504.10057068072,14121.763368378855,0.3482142857142857,0.4838190226800183,0.5161809773199817,35.96022781080382,1.0,0.516081716194622,405,False,False,True,False,False,False,1,6,False,True,underpowered,False,,,
us_stocks,1h,short,mc_mean_abs_deviation_score,112,4.605126450752374,-0.362140062470632,0.3883069068802973,-2.0853860251061156,5,1.0,1.0,0.09291846022039763,-1.2669629614482396,-3589.7679399670083,0.0,0.048036503544603856,0.3558979591094279,-0.5166594521021736,-0.4128859572108512,1.117090988071747,74.0,0.0029262492760614564,0.511766334440753,0.05579084265303663,0.05301561423959648,0.05519598929546853,-0.017276556521463038,-0.0037784985585656017,-0.003778498558558943,0.41217633683788546,2035.283478347175,7658.872041350615,9827.234434785369,14121.763368378855,0.3482142857142857,0.47913817863743313,0.5208618213625669,33.00997243640329,1.0,0.48829088351801925,405,False,False,True,False,False,False,1,6,False,True,underpowered,False,,,
us_stocks,1h,short,mc_fourier_trend_projection,112,4.605126450752374,-0.36310592597699104,0.41597238314127344,-1.9518832653893023,5,1.0,1.0,0.11945195695529938,-0.9912108744393219,-4039.0285420577948,0.0,0.00992263308961287,0.3558979591094279,-0.4962983769558402,-0.4128859572108512,1.0960104424018424,81.0,0.002097954474234072,0.6158318425760286,0.042262797298290966,0.0640121522380322,0.03277431551485302,-0.009753229003732544,-0.002130666173798035,-0.0021306661738002487,0.41217633683788546,1609.939061492469,7658.872041350615,9902.467709962675,14121.763368378855,0.35714285714285715,0.4714002719399672,0.5285997280600327,36.04325616268791,1.0,0.52307985998756,405,False,False,True,False,False,False,1,6,False,True,underpowered,False,,,
us_stocks,1h,long,CDLMATHOLD,112,4.605126450752374,-0.36337225,,,2,0.0,0.4,0.17923219461484047,-292.0865723991351,-2482.3428826910986,0.0,0.39698638056550817,0.3558979591094279,0.0,-0.4128859572108512,0.0,0.0,0.007888900867526817,1.0,0.007888900867526817,0.0,,0.19733775104226858,0.039890118193895985,8.926911704869562,0.41217633683788546,1698.6121128497696,7658.872041350615,11973.377510422686,14121.763368378855,0.008928571428571428,0.0,0.0,0.0,1.0,,405,False,False,True,False,False,False,1,6,False,False,unrankable,False,,,
us_stocks,1h,short,mc_price_percentile_score,112,4.605126450752374,-0.364819075632441,0.3185813719043514,-2.5606024850934888,5,1.0,1.0,0.10019478783594518,-0.6796281361065971,-3567.415507705322,0.0,0.047406105227730436,0.3558979591094279,-0.5074886830311783,-0.4128859572108512,1.0850679872399178,81.0,0.0026897622293484435,0.5490381312263828,0.04803445588922611,0.056119130995970115,0.0479295060634776,-0.051705334294688265,-0.013325027566847447,-0.013325027566837329,0.41217633683788546,1295.6231305313854,7658.872041350615,9482.946657053119,14121.763368378855,0.3392857142857143,0.45582850489461496,0.5441714951053851,35.28729831908578,1.0,0.40061193041696974,405,False,False,True,False,False,False,1,6,False,True,underpowered,False,,,
us_stocks,1h,short,mc_dema_projection,112,4.605126450752374,-0.3659157028391974,0.3910102319438188,-2.092560037407463,5,1.0,1.0,0.03187833358055012,-2.276844283492606,-3910.8695067594645,0.0,0.008011770591598676,0.3558979591094279,-0.5092891745240014,-0.4128859572108512,1.069357651873295,87.0,0.0017686518415092269,0.5268941584731058,0.05201483663703794,0.053191794851121695,0.033250463656274425,-0.05698489975420801,-0.01264548927305742,-0.012645489273055073,0.41217633683788546,1095.6290038299824,7658.872041350615,9430.15100245792,14121.763368378855,0.33035714285714285,0.4904679376083189,0.5095320623916811,38.46463292766413,1.0,0.49169027961506123,405,False,False,True,False,False,False,1,6,False,True,underpowered,False,,,
us_stocks,1h,short,mc_kth_order_moment,112,4.605126450752374,-0.3710267263139625,0.35980782563062014,-2.305789153010091,5,1.0,1.0,0.06644168678327432,-1.3376045475943639,-4529.595827710677,0.0,0.0035961563176071863,0.3558979591094279,-0.5164303527837129,-0.4128859572108512,1.0861860862292871,86.0,0.00191585277205963,0.5595596133190117,0.04705777852013182,0.058991450520955016,0.03247678697744648,-0.02594089700877228,-0.011158836131606176,-0.01115883613162529,0.41217633683788546,2084.57616374394,7658.872041350615,9740.591029912277,14121.763368378855,0.35714285714285715,0.48179786582011913,0.5182021341798808,37.9911482214827,1.0,0.4524536596204117,405,False,False,True,False,False,False,1,6,False,True,underpowered,False,,,
us_stocks,1h,short,HT_PHASOR,112,4.605126450752374,-0.3715906451650649,0.6755539492307484,-1.2299564577162707,5,1.0,1.0,0.06306615784079128,-6.220686307558952,-3498.4628931647276,0.0,0.03447446744819307,0.3558979591094279,-0.4992177892439307,-0.4128859572108512,1.0256879002764125,1709.0,0.00012757394596664624,0.5116543201533392,0.010530853407485417,0.01070665039705336,0.011915392885318886,0.010123537850138975,0.0021875742640538043,0.0021875742640525588,0.41217633683788546,2081.3426854313243,7658.872041350615,10101.235378501391,14121.763368378855,0.35714285714285715,0.5111386165911715,0.4888613834088284,746.4900890957967,1.0,0.8495003021814824,405,False,False,True,False,False,False,1,6,False,True,underpowered,False,,,
us_stocks,1h,short,mc_drawdown_based_reentry,112,4.605126450752374,-0.3719239940076429,0.3266866472342538,-2.5457034748897267,5,1.0,1.0,0.1625901329713913,-0.12925730117161716,-3077.972799026351,0.0,-0.03704244099681295,0.3558979591094279,-0.49587166195558074,-0.4128859572108512,1.1049069976643644,9.0,0.008310361981880218,0.6396103896103896,0.10585294097110154,0.17469150983616438,0.04757164208881214,-0.08442785618122184,-0.022460044315711747,-0.02246004431572516,0.41217633683788546,700.2861975428142,7658.872041350615,9155.721438187782,14121.763368378855,0.32142857142857145,0.5162168545711542,0.4837831454288458,3.907973058916738,1.0,0.41080420869445833,405,False,False,True,False,False,False,1,6,False,True,underpowered,False,,,
us_stocks,1h,short,mc_adaptive_channel_width,112,4.605126450752374,-0.3719376306903893,0.2985624235024265,-2.785607833221394,5,1.0,1.0,0.08266155737488204,-2.1890577262250384,-3776.8394359329477,0.0,0.020044404941123774,0.3558979591094279,-0.5143097871756674,-0.4128859572108512,1.1108498315724482,73.0,0.002561423905544482,0.4117294520547945,0.07027757904381537,0.0476925236170857,0.053707032282662846,-0.02983307295098636,-0.006553421938228443,-0.00655342193822636,0.41217633683788546,1579.2119660767696,7658.872041350615,9701.669270490136,14121.763368378855,0.3482142857142857,0.5116711135850289,0.4883288864149711,32.140086209285954,1.0,0.37543836324864005,405,False,False,True,False,False,False,1,6,False,True,underpowered,False,,,
us_stocks,1h,short,mc_symmetric_ma_filter,112,4.605126450752374,-0.3722271076282341,0.45316955029595424,-1.836674849802442,5,1.0,1.0,0.12235545528113773,-0.8111813774057269,-3860.5269500046497,0.0,0.009525961947124545,0.3558979591094279,-0.5137699601969248,-0.4128859572108512,1.092500740586586,65.0,0.002242450873906415,0.6190476190476191,0.04811352166341623,0.07256354142422022,0.030903272220365072,-0.01447088832801896,-0.006787851751202223,-0.00678785175120442,0.41217633683788546,1036.0773551905738,7658.872041350615,9855.29111671981,14121.763368378855,0.32142857142857145,0.46709997083959437,0.5329000291604056,28.665482427563276,1.0,0.5698548137483636,405,False,False,True,False,False,False,1,6,False,True,underpowered,False,,,
us_stocks,1h,short,mc_median_reversion,112,4.605126450752374,-0.3775319726506569,0.4268761714279849,-1.977592592489967,5,1.0,1.0,0.12879111983378005,-0.5831250158167265,-3182.6499734805343,0.0,-0.007098097299766957,0.3558979591094279,-0.5030167230052672,-0.4128859572108512,1.0820742499176212,56.0,0.0021209130646003,0.6476383265856951,0.0489227472482144,0.07896877260588864,0.02685761718983771,-0.04434125239328052,-0.009798445648353749,-0.009798445648348263,0.41217633683788546,734.652548827069,7658.872041350615,9556.587476067194,14121.763368378855,0.3392857142857143,0.4668110132309239,0.533188986769076,24.545182331066904,1.0,0.5367912318995025,405,False,False,True,False,False,False,1,6,False,True,underpowered,False,,,
us_stocks,1h,short,CDLDOJI,112,4.605126450752374,-0.37776379495625906,0.24888164799696308,-3.3940048684135795,5,1.0,1.0,0.009688123732118623,-0.5767721089111346,-5116.872819861932,0.0,0.03540114931690064,0.3558979591094279,-0.4841434413382061,-0.4128859572108512,1.0389864397321524,915.0,0.00026454431857831354,0.49493501311138977,0.014611117956075729,0.014229589199628401,0.01859114236307131,0.0076113249640657465,0.0019326825706427186,0.0019326825706505676,0.41217633683788546,3097.0544705988045,7658.872041350615,10076.113249640657,14121.763368378855,0.26785714285714285,0.6301751678099304,0.36982483219006956,398.8706241982841,1.0,0.31296543439882873,405,False,False,True,False,False,False,1,6,False,True,underpowered,False,,,
us_stocks,1h,short,mc_dynamic_atr_band,112,4.605126450752374,-0.37834988285840454,0.42620032860934,-1.9850197209161302,5,1.0,1.0,0.1275865066356795,-0.47281267794335485,-2974.6621459124026,0.0,0.036479023932614124,0.3558979591094279,-0.5032183143255091,-0.4128859572108512,1.1194721306229742,53.0,0.0031056355673519803,0.6381144534115921,0.051698825962653044,0.07894284930906695,0.03934030244073397,-0.04260605158476938,-0.011690985284887545,-0.011690985284882167,0.41217633683788546,1002.8390476078772,7658.872041350615,9573.939484152306,14121.763368378855,0.3392857142857143,0.466320074852302,0.533679925147698,23.448108265803615,1.0,0.5359413683477909,405,False,False,True,False,False,False,1,6,False,True,underpowered,False,,,
us_stocks,1h,short,mc_peak_to_peak_forecast,112,4.605126450752374,-0.37834988285840454,0.42620032860934,-1.9850197209161302,5,1.0,1.0,0.1275865066356795,-0.47281267794335485,-2974.6621459124026,0.0,0.036479023932614124,0.3558979591094279,-0.5032183143255091,-0.4128859572108512,1.1194721306229742,53.0,0.0031056355673519803,0.6381144534115921,0.051698825962653044,0.07894284930906695,0.03934030244073397,-0.04260605158476938,-0.011690985284887545,-0.011690985284882167,0.41217633683788546,1002.8390476078772,7658.872041350615,9573.939484152306,14121.763368378855,0.3392857142857143,0.466320074852302,0.533679925147698,23.448108265803615,1.0,0.5359413683477909,405,False,False,True,False,False,False,1,6,False,True,underpowered,False,,,
us_stocks,1h,short,mc_rolling_window_envelope,112,4.605126450752374,-0.37834988285840454,0.42620032860934,-1.9850197209161302,5,1.0,1.0,0.1275865066356795,-0.47281267794335485,-2974.6621459124026,0.0,0.036479023932614124,0.3558979591094279,-0.5032183143255091,-0.4128859572108512,1.1194721306229742,53.0,0.0031056355673519803,0.6381144534115921,0.051698825962653044,0.07894284930906695,0.03934030244073397,-0.04260605158476938,-0.011690985284887545,-0.011690985284882167,0.41217633683788546,1002.8390476078772,7658.872041350615,9573.939484152306,14121.763368378855,0.3392857142857143,0.466320074852302,0.533679925147698,23.448108265803615,1.0,0.5359413683477909,405,False,False,True,False,False,False,1,6,False,True,underpowered,False,,,
us_stocks,1h,short,mc_rolling_window_mid_std_blend,112,4.605126450752374,-0.37834988285840454,0.42620032860934,-1.9850197209161302,5,1.0,1.0,0.1275865066356795,-0.47281267794335485,-2974.6621459124026,0.0,0.036479023932614124,0.3558979591094279,-0.5032183143255091,-0.4128859572108512,1.1194721306229742,53.0,0.0031056355673519803,0.6381144534115921,0.051698825962653044,0.07894284930906695,0.03934030244073397,-0.04260605158476938,-0.011690985284887545,-0.011690985284882167,0.41217633683788546,1002.8390476078772,7658.872041350615,9573.939484152306,14121.763368378855,0.3392857142857143,0.466320074852302,0.533679925147698,23.448108265803615,1.0,0.5359413683477909,405,False,False,True,False,False,False,1,6,False,True,underpowered,False,,,
us_stocks,1h,short,mc_bollinger_band_breakout,112,4.605126450752374,-0.37840313556325533,0.40372885717001755,-2.095800483397659,5,1.0,1.0,0.06030856601222735,-2.0958788968627817,-3162.4964922692466,0.0,-0.018840811052711896,0.3558979591094279,-0.5003769491824315,-0.4128859572108512,1.0866283522125517,81.0,0.0018535149251730817,0.5476190476190477,0.04695413387444122,0.05720996759489691,0.032398461371238634,-0.02779490130019674,-0.006104063756644629,-0.006104063756624803,0.41217633683788546,1645.121988723702,7658.872041350615,9722.050986998032,14121.763368378855,0.32142857142857145,0.4857955977615329,0.5142044022384671,35.63568217745139,1.0,0.5076837853673285,405,False,False,True,False,False,False,1,6,False,True,underpowered,False,,,
us_stocks,1h,short,mc_interquartile_range_reversion,112,4.605126450752374,-0.3785562878108838,0.40660367012032955,-2.0818247720307252,5,1.0,1.0,0.16681306654612543,-0.5325219331092415,-3670.86392810278,0.0,0.008404577874125015,0.3558979591094279,-0.4873021077000338,-0.4128859572108512,1.114334983223722,47.0,0.0027778954087372063,0.6457516339869281,0.05280046356496811,0.08592352046417379,0.032329860249330246,-0.02393045010552619,-0.005244303890245772,-0.005244303890228218,0.41217633683788546,989.2181324977224,7658.872041350615,9760.695498944737,14121.763368378855,0.3125,0.4722995458143445,0.5277004541856554,20.840184247398263,1.0,0.5112988252509472,405,False,False,True,False,False,False,1,6,False,True,underpowered,False,,,
us_stocks,1h,short,mc_rolling_ar3,112,4.605126450752374,-0.37872630471543073,0.42703338772077754,-1.9831183850306653,5,1.0,1.0,0.08205515464421306,-0.847031748176463,-3616.615207229358,0.0,-0.016016396159367837,0.3558979591094279,-0.5360132543426351,-0.4128859572108512,1.0641941905330954,64.0,0.002116713855918154,0.6212121212121212,0.046864001542182246,0.07131161698986249,0.029682595140411158,-0.12690603495589703,-0.02902516591656279,-0.02902516591654694,0.41217633683788546,962.9375501545039,7658.872041350615,8730.939650441029,14121.763368378855,0.3482142857142857,0.46819529544650973,0.5318047045534902,29.095870763035443,1.0,0.5369889293423008,405,False,False,True,False,False,False,1,6,False,True,underpowered,False,,,
us_stocks,1h,short,mc_smaatr_hybrid,112,4.605126450752374,-0.3793275684673533,0.40909177733891344,-2.0733788255294407,5,1.0,1.0,0.08714792467342364,-0.4863478088297106,-4391.352272942179,0.0,-0.04203054617003848,0.3558979591094279,-0.49381644060719565,-0.4128859572108512,1.0573654995324748,53.0,0.0014778078448244984,0.6341269841269841,0.05122673348186602,0.07920533580131284,0.01865793295203735,-0.08363925428239372,-0.01878529709999993,-0.01878529710000129,0.41217633683788546,1104.6981723057104,7658.872041350615,9163.607457176062,14121.763368378855,0.3392857142857143,0.46711603707076343,0.5328839629292366,23.458893839280336,1.0,0.5144275877079705,405,False,False,True,False,False,False,1,6,False,True,underpowered,False,,,
us_stocks,1h,short,CDLLONGLEGGEDDOJI,112,4.605126450752374,-0.3798463355818482,0.2529799062855106,-3.3574296071033722,5,1.0,1.0,0.010308879604296772,-0.5809876821157764,-5144.496039442711,0.0,0.037001143823023865,0.3558979591094279,-0.486303789786239,-0.4128859572108512,1.038636530333659,915.0,0.00025415529700273105,0.4947374828456328,0.014615297825156682,0.014190207298005398,0.01791061199214867,0.0166516693266876,0.004922100684128683,0.004922100684130766,0.41217633683788546,3018.273494804892,7658.872041350615,10166.516693266876,14121.763368378855,0.26785714285714285,0.6295306145466668,0.3704693854533332,399.2750663917915,1.0,0.3181189408782198,405,False,False,True,False,False,False,1,6,False,True,underpowered,False,,,
us_stocks,1h,short,CORREL,112,4.605126450752374,-0.38082002069941046,0.3251238204524349,-2.6191235458902273,5,1.0,1.0,0.04274550557736355,-3.2100902814124206,-5424.376644761422,0.0,-0.04715406929678563,0.3558979591094279,-0.5359762009152593,-0.4128859572108512,1.0279094739899755,461.5,0.00025032655464223783,0.4935630008086451,0.022319974259783482,0.021404180340844264,0.0116952179740588,-0.11733657926175334,-0.03033092704519158,-0.030330927045201198,0.41217633683788546,1686.6874430382782,7658.872041350615,8826.634207382467,14121.763368378855,0.33035714285714285,0.5213163289008791,0.478683671099121,203.49589378491567,1.0,0.40883897434874217,405,False,False,True,False,False,False,1,6,False,True,underpowered,False,,,
us_stocks,1h,short,mc_log_price_trend_reversion,112,4.605126450752374,-0.38153564772732895,0.3871006477275797,-2.20392202690943,5,1.0,1.0,0.1730814965837743,-0.5919386073750914,-3968.4256430627315,0.0,0.011008824954079495,0.3558979591094279,-0.4991413086588826,-0.4128859572108512,1.1291811362318642,47.0,0.003922798988474596,0.6,0.05640647425850137,0.0825287146027242,0.04753253467424183,-0.04911385138776525,-0.011592747413129878,-0.011592747413150778,0.41217633683788546,1081.5178473834526,7658.872041350615,9508.861486122347,14121.763368378855,0.35714285714285715,0.4641348960313004,0.5358651039686995,20.829349902502294,1.0,0.4867740283269429,405,False,False,True,False,False,False,1,6,False,True,underpowered,False,,,
us_stocks,1h,short,mc_local_linear_regression,112,4.605126450752374,-0.38186667055381707,0.3781698106420556,-2.257927020272024,5,1.0,1.0,0.11292883976373153,-1.3636541923255985,-3263.192998910659,0.0,0.012615619826402441,0.3558979591094279,-0.48017527794480924,-0.4128859572108512,1.1921660933732683,14.0,0.008683969025107135,0.5669642857142857,0.10704095690562128,0.12805846598511395,0.06781253358225138,-0.013945994435669962,-0.004382028889096057,-0.004382028889110145,0.41217633683788546,232.5937320834168,7658.872041350615,9860.540055643301,14121.763368378855,0.3125,0.4826092258891648,0.5173907741108352,6.079217898220929,1.0,0.4755436168823421,405,False,False,True,False,False,False,1,6,False,True,underpowered,False,,,
us_stocks,1h,short,mc_rolling_window_em_aof_midpoint,112,4.605126450752374,-0.38188728651403253,0.41945214695517286,-2.0358125201814143,5,1.0,1.0,0.14126464663407615,-0.38575082094819235,-3577.5185066802596,0.0,-0.016125942122412466,0.3558979591094279,-0.5061668255205798,-0.4128859572108512,1.0783653199380474,47.0,0.0023363203998192517,0.6407547169811321,0.05277550961665909,0.08330226091362947,0.028046302395581146,-0.05678161443990615,-0.014048914219612518,-0.014048914219608948,0.41217633683788546,970.1608106432881,7658.872041350615,9432.183855600939,14121.763368378855,0.3392857142857143,0.455378046198913,0.544621953801087,21.281428026735213,1.0,0.5274556177117119,405,False,False,True,False,False,False,1,6,False,True,underpowered,False,,,
us_stocks,1h,short,mc_close_range_oscillator,112,4.605126450752374,-0.38394702308192785,0.4172413125824215,-2.057638152023304,5,1.0,1.0,0.13777518263647232,-0.47814056605322025,-3585.141170791443,0.0,-0.03443004260340994,0.3558979591094279,-0.47890243512499087,-0.4128859572108512,1.078122872115509,45.5,0.0017282584363240653,0.65,0.05318545640554431,0.0863889704901499,0.020005544996292344,-0.08913444853476321,-0.02438356476796366,-0.024383564767961996,0.41217633683788546,908.1919449879255,7658.872041350615,9108.655514652368,14121.763368378855,0.32142857142857145,0.46964994032878865,0.5303500596712114,19.988736723037768,1.0,0.5246755222509955,405,False,False,True,False,False,False,1,6,False,True,underpowered,False,,,
us_stocks,1h,short,mc_normalized_band_deviation_reversion,112,4.605126450752374,-0.38394702308192785,0.4172413125824215,-2.057638152023304,5,1.0,1.0,0.13777518263647232,-0.47814056605322025,-3585.141170791443,0.0,-0.03443004260340994,0.3558979591094279,-0.47890243512499087,-0.4128859572108512,1.078122872115509,45.5,0.0017282584363240653,0.65,0.05318545640554431,0.0863889704901499,0.020005544996292344,-0.08913444853476321,-0.02438356476796366,-0.024383564767961996,0.41217633683788546,908.1919449879255,7658.872041350615,9108.655514652368,14121.763368378855,0.32142857142857145,0.46964994032878865,0.5303500596712114,19.988736723037768,1.0,0.5246755222509955,405,False,False,True,False,False,False,1,6,False,True,underpowered,False,,,
us_stocks,1h,short,mc_rolling_window_z_score_mean,112,4.605126450752374,-0.38394702308192785,0.4172413125824215,-2.057638152023304,5,1.0,1.0,0.13777518263647232,-0.47814056605322025,-3585.141170791443,0.0,-0.03443004260340994,0.3558979591094279,-0.47890243512499087,-0.4128859572108512,1.078122872115509,45.5,0.0017282584363240653,0.65,0.05318545640554431,0.0863889704901499,0.020005544996292344,-0.08913444853476321,-0.02438356476796366,-0.024383564767961996,0.41217633683788546,908.1919449879255,7658.872041350615,9108.655514652368,14121.763368378855,0.32142857142857145,0.46964994032878865,0.5303500596712114,19.988736723037768,1.0,0.5246755222509955,405,False,False,True,False,False,False,1,6,False,True,underpowered,False,,,
us_stocks,1h,short,mc_quantile_atr_hybrid,112,4.605126450752374,-0.3839852154496336,0.4363539330791342,-1.9677078147123523,5,1.0,1.0,0.11837051494913294,-0.6764945098768187,-3612.102570955279,0.0,0.026871376170556887,0.3558979591094279,-0.503994425777495,-0.4128859572108512,1.123147927569716,55.0,0.0033942761512364313,0.640426848128673,0.049781596375554904,0.0814850265153081,0.04165521318936761,-0.03646618778925842,-0.008323229752634609,-0.008323229752618592,0.41217633683788546,589.6724315671089,7658.872041350615,9635.338122107416,14121.763368378855,0.35714285714285715,0.4669265962690809,0.533073403730919,24.33197737726845,1.0,0.5487093938698729,405,False,False,True,False,False,False,1,6,False,True,underpowered,False,,,
us_stocks,1h,short,mc_weighted_median_score,112,4.605126450752374,-0.38416864454604277,0.45110179091097496,-1.9042868402143733,5,1.0,1.0,0.12263189607555575,-0.5203223784070456,-3029.4931076616267,0.0,-0.017877276299965807,0.3558979591094279,-0.4908988669120112,-0.4128859572108512,1.084293382630503,60.0,0.00183235384370517,0.6490740740740741,0.04554521947330184,0.07446560425266979,0.02460671422859602,-0.05465779023468431,-0.013038553912106787,-0.013038553912089187,0.41217633683788546,624.9650313101855,7658.872041350615,9453.422097653158,14121.763368378855,0.3392857142857143,0.4608626568486629,0.5391373431513371,26.701903815393226,1.0,0.5672546332233609,405,False,False,True,False,False,False,1,6,False,True,underpowered,False,,,
us_stocks,1h,short,mc_distance_to_min_max,112,4.605126450752374,-0.38558232196251485,0.400587359244135,-2.152310258759161,5,1.0,1.0,0.15240119394705542,-0.43344351259516223,-3173.483151867209,0.0,-0.05304983577692141,0.3558979591094279,-0.4919362332626889,-0.4128859572108512,1.0573243584221297,51.0,0.0016490326924102823,0.6262254901960784,0.05266153816238012,0.08161833407862265,0.020204194450008928,-0.09124786972243609,-0.020568213260493184,-0.020568213260493982,0.41217633683788546,924.7808214546385,7658.872041350615,9087.52130277564,14121.763368378855,0.3482142857142857,0.46196305724452064,0.5380369427554794,22.562107109388307,1.0,0.5037333925965091,405,False,False,True,False,False,False,1,6,False,True,underpowered,False,,,
us_stocks,1h,short,mc_normalized_midpoint_deviation,112,4.605126450752374,-0.38558232196251485,0.400587359244135,-2.152310258759161,5,1.0,1.0,0.15240119394705542,-0.43344351259516223,-3173.483151867209,0.0,-0.05304983577692141,0.3558979591094279,-0.4919362332626889,-0.4128859572108512,1.0573243584221297,51.0,0.0016490326924102823,0.6262254901960784,0.05266153816238012,0.08161833407862265,0.020204194450008928,-0.09124786972243609,-0.020568213260493184,-0.020568213260493982,0.41217633683788546,924.7808214546385,7658.872041350615,9087.52130277564,14121.763368378855,0.3482142857142857,0.46196305724452064,0.5380369427554794,22.562107109388307,1.0,0.5037333925965091,405,False,False,True,False,False,False,1,6,False,True,underpowered,False,,,
us_stocks,1h,short,mc_range_bound_oscillator,112,4.605126450752374,-0.38558232196251485,0.400587359244135,-2.152310258759161,5,1.0,1.0,0.15240119394705542,-0.43344351259516223,-3173.483151867209,0.0,-0.05304983577692141,0.3558979591094279,-0.4919362332626889,-0.4128859572108512,1.0573243584221297,51.0,0.0016490326924102823,0.6262254901960784,0.05266153816238012,0.08161833407862265,0.020204194450008928,-0.09124786972243609,-0.020568213260493184,-0.020568213260493982,0.41217633683788546,924.7808214546385,7658.872041350615,9087.52130277564,14121.763368378855,0.3482142857142857,0.46196305724452064,0.5380369427554794,22.562107109388307,1.0,0.5037333925965091,405,False,False,True,False,False,False,1,6,False,True,underpowered,False,,,
us_stocks,1h,short,mc_rolling_range_ratio,112,4.605126450752374,-0.38558232196251485,0.400587359244135,-2.152310258759161,5,1.0,1.0,0.15240119394705542,-0.43344351259516223,-3173.483151867209,0.0,-0.05304983577692141,0.3558979591094279,-0.4919362332626889,-0.4128859572108512,1.0573243584221297,51.0,0.0016490326924102823,0.6262254901960784,0.05266153816238012,0.08161833407862265,0.020204194450008928,-0.09124786972243609,-0.020568213260493184,-0.020568213260493982,0.41217633683788546,924.7808214546385,7658.872041350615,9087.52130277564,14121.763368378855,0.3482142857142857,0.46196305724452064,0.5380369427554794,22.562107109388307,1.0,0.5037333925965091,405,False,False,True,False,False,False,1,6,False,True,underpowered,False,,,
us_stocks,1h,short,mc_sinc_filter_projection,112,4.605126450752374,-0.38566712469833064,0.42362874550454077,-2.0356926121367556,5,1.0,1.0,0.09085305239104867,-1.2051463384063528,-3179.762197154462,0.0,-0.029211582545738142,0.3558979591094279,-0.4898518941182174,-0.4128859572108512,1.0530752370359053,81.0,0.0012524844291886394,0.6385542168674698,0.03911457346399821,0.0669468741923071,0.01870863194584465,-0.06237472264653471,-0.013884391788240469,-0.013884391788223253,0.41217633683788546,887.5578823430244,7658.872041350615,9376.252773534652,14121.763368378855,0.2767857142857143,0.47127288394098443,0.5287271160590156,35.76870343033234,1.0,0.5327076360498756,405,False,False,True,False,False,False,1,6,False,True,underpowered,False,,,
us_stocks,1h,short,mc_donchian_trend_reversion,112,4.605126450752374,-0.3869819711987774,0.3783749304081883,-2.2869326800637477,5,1.0,1.0,0.0588503869545295,-1.2070914503238668,-4413.94742879863,0.0,-0.002603240441510739,0.3558979591094279,-0.541997082228166,-0.4128859572108512,1.0560631704345074,82.0,0.0012670797094078042,0.4606741573033708,0.05861233888292854,0.0455923457160671,0.027791500733450426,-0.07331060063998862,-0.021937600608619656,-0.02193760060862903,0.41217633683788546,575.0085140158142,7658.872041350615,9266.893993600115,14121.763368378855,0.3392857142857143,0.47520277947731837,0.5247972205226816,36.04237548400852,1.0,0.47580155231964,405,False,False,True,False,False,False,1,6,False,True,underpowered,False,,,
us_stocks,1h,short,mc_linear_trend_extrapolation,112,4.605126450752374,-0.3881031499868965,0.5177085718207964,-1.6762809674955368,5,1.0,1.0,0.11767503463726783,-0.5438319855254461,-4350.449855317826,0.0,-0.007740334145946907,0.3558979591094279,-0.48476695914039913,-0.4128859572108512,1.170791532599527,19.0,0.008956281519789947,0.5208695652173914,0.11577280440854823,0.09768061963654256,0.09168944211364707,-0.03848991421229275,-0.00848988817834817,-0.008489888178351496,0.41217633683788546,949.0901032981844,7658.872041350615,9615.100857877072,14121.763368378855,0.3482142857142857,0.45700394054039606,0.5429960594596039,8.249452483495324,1.0,0.6510117936613383,405,False,False,True,False,False,False,1,6,False,True,underpowered,False,,,
us_stocks,1h,short,TSF_50,112,4.605126450752374,-0.3887034732437512,0.5389560569894971,-1.6126869305788993,5,1.0,1.0,0.18060219862437316,-12.510989710891817,-3007.960181651519,0.0,0.11623026828101315,0.3558979591094279,-0.5208915832960248,-0.4128859572108512,1.0567803645378064,781.5,0.0004109764096719815,0.30136568997579616,0.024779720197925216,0.010524234216510234,0.039050481129282444,0.0451069176795007,0.010845818279331731,0.010845818279334032,0.41217633683788546,3032.6516277199635,7658.872041350615,10451.069176795008,14121.763368378855,0.4107142857142857,0.49941114019874844,0.5005888598012516,345.9848828981286,1.0,0.6777302298305903,405,False,False,True,False,False,False,1,6,False,True,underpowered,False,,,
us_stocks,1h,short,mc_rolling_window_repeated_percentile_smoothing,112,4.605126450752374,-0.39252080615508833,0.4770381379762201,-1.8399015409320336,5,1.0,1.0,0.23921409421978151,-0.14563386550869473,-4306.441753606024,0.0,0.0261660820364569,0.3558979591094279,-0.50891185939441,-0.4128859572108512,1.096114322876211,75.0,0.0030489358872052997,0.5476310483870968,0.050744032627326824,0.0566070723620709,0.053861395051552144,-0.03757664355102802,-0.010195213803302572,-0.01019521380330428,0.41217633683788546,1121.5387258305009,7658.872041350615,9624.233564489721,14121.763368378855,0.32142857142857145,0.40299554746493316,0.5970044525350668,33.01035354811299,1.0,0.5998692522252901,405,False,False,True,False,False,False,1,6,False,True,underpowered,False,,,
us_stocks,1h,short,mc_cumulative_sum_reversion,112,4.605126450752374,-0.393405798199285,0.4449061487594281,-1.9772307260060635,5,1.0,1.0,0.047400582611016144,-0.5022357624213986,-3665.8411480924565,0.0,-0.029241434014386197,0.3558979591094279,-0.5036783576345503,-0.4128859572108512,1.0470461848863573,57.0,0.0012312055479103004,0.6378539493293591,0.0476286742332236,0.07889497944406407,0.015605626068807277,-0.09942165110449658,-0.024610521378276573,-0.024610521378256985,0.41217633683788546,915.0760094899599,7658.872041350615,9005.783488955034,14121.763368378855,0.3392857142857143,0.4682242162541179,0.5317757837458821,25.179566688116317,1.0,0.559463693823272,405,False,False,True,False,False,False,1,6,False,True,underpowered,False,,,
us_stocks,1h,short,mc_rolling_ar2,112,4.605126450752374,-0.39621300603261944,0.44465315561979907,-1.9924725684753968,5,1.0,1.0,0.040568530436863245,-0.6780215206287485,-3637.756914407422,0.0,-0.03438026033034812,0.3558979591094279,-0.5478527818951457,-0.4128859572108512,1.0684855515885197,65.0,0.002001301481329441,0.6115257048092869,0.048364276966694986,0.06980162213519991,0.02867127467973577,-0.11414351852344834,-0.02597796511016176,-0.02597796511015584,0.41217633683788546,696.4173450244465,7658.872041350615,8858.564814765516,14121.763368378855,0.3482142857142857,0.4684906148460141,0.5315093851539858,29.08791169091066,1.0,0.5591455582416366,405,False,False,True,False,False,False,1,6,False,True,underpowered,False,,,
us_stocks,1h,short,LINEARREG_50,112,4.605126450752374,-0.3995739225613903,0.5272397063375613,-1.6946266416275277,5,1.0,1.0,0.1600229891826261,-14.486350695509467,-3439.23842968186,0.0,0.05377082981755853,0.3558979591094279,-0.511413743222433,-0.4128859572108512,1.0379778811794007,785.0,0.00028602544546773266,0.2947457817632292,0.024738307609370826,0.010294661826726881,0.027783860245429018,0.014811230437737355,0.0031942339574232426,0.0031942339574399883,0.41217633683788546,2690.64483808852,7658.872041350615,10148.112304377373,14121.763368378855,0.4107142857142857,0.5000000076623557,0.49999999233764425,352.14215632439846,1.0,0.6629970713158378,405,False,False,True,False,False,False,1,6,False,True,underpowered,False,,,
us_stocks,1h,short,mc_rolling_window_complexity_index,112,4.605126450752374,-0.3996738194947501,0.44461568494957626,-2.0100456629608017,5,1.0,1.0,0.19854167611392043,-0.1272009934782205,-3804.3105010416584,0.0,-0.020554369618984963,0.3558979591094279,-0.49489765624254267,-0.4128859572108512,1.0953091641328374,12.0,0.0056421769373033465,0.625,0.09788486471356597,0.14601861037833175,0.03864012212336881,-0.038027583875152426,-0.01572329337491618,-0.015723293374906702,0.41217633683788546,1675.5427163960437,7658.872041350615,9619.724161248476,14121.763368378855,0.36607142857142855,0.41396385243872247,0.5860361475612775,5.371737556576999,1.0,0.5590984393613259,405,False,False,True,False,False,False,1,6,False,True,underpowered,False,,,
us_stocks,1h,short,mc_adx_threshold_trend,112,4.605126450752374,-0.40308886559391643,0.4383864139180133,-2.0560265460458362,5,1.0,1.0,0.20932049198957134,-0.1415574790446991,-3712.8856314537666,0.0,-0.025013393171394702,0.3558979591094279,-0.49489765624254267,-0.4128859572108512,1.1180101547486665,13.0,0.00533745056648165,0.625,0.09295475116729271,0.1394188557639494,0.038283563132367894,-0.038027583875152426,-0.013124777002305743,-0.01312477700229044,0.41217633683788546,1619.3389937115692,7658.872041350615,9619.724161248476,14121.763368378855,0.35714285714285715,0.4287805866372399,0.5712194133627602,5.64398854467078,1.0,0.5512652120821295,405,False,False,True,False,False,False,1,6,False,True,underpowered,False,,,
us_stocks,1h,short,mc_weighted_ema_by_return,112,4.605126450752374,-0.4048635376130096,0.4533208864879726,-1.997045401387548,5,1.0,1.0,0.20174005717290766,-0.10462246364674095,-3156.0379502146598,0.0,0.003057673263604591,0.3558979591094279,-0.4995558687174998,-0.4128859572108512,1.0953091641328374,12.0,0.006442001256177032,0.6153846153846154,0.09274097009151011,0.14409496950215628,0.044706635342190985,-0.037071734556524016,-0.0189690274631783,-0.018969027463169336,0.41217633683788546,1406.625715814426,7658.872041350615,9629.282654434759,14121.763368378855,0.39285714285714285,0.4112295074730148,0.5887704925269852,5.455423413107665,1.0,0.5700451170409385,405,False,False,True,False,False,False,1,6,False,True,underpowered,False,,,
us_stocks,1h,short,mc_rolling_partial_autocorr,112,4.605126450752374,-0.40587988556884247,0.442246472614272,-2.052192772656337,5,1.0,1.0,0.128087939934945,-0.1759906129321761,-4142.195352635243,0.0,0.007275809020667908,0.3558979591094279,-0.5106607904340057,-0.4128859572108512,1.107135109828546,15.0,0.007870563125210388,0.6,0.09278925805532659,0.12357427824825931,0.06369094957931712,-0.0337853461931078,-0.008291215778884475,-0.008291215778887251,0.41217633683788546,1151.7485642763859,7658.872041350615,9662.146538068922,14121.763368378855,0.36607142857142855,0.4371750433275563,0.5628249566724437,6.52979916344781,1.0,0.556119185673201,405,False,False,True,False,False,False,1,6,False,True,underpowered,False,,,
us_stocks,1h,short,mc_entropy_divergence,112,4.605126450752374,-0.4072707651293827,0.33151265489691556,-2.747059886328713,5,1.0,1.0,0.038177883478219314,-1.131631119334998,-5076.439939160886,0.0,-0.044535532407513664,0.3558979591094279,-0.49674477331193173,-0.4128859572108512,1.0858446384403626,17.0,0.0042683974492037455,0.5238095238095238,0.10137226006127201,0.1025402131130785,0.04162657088001832,-0.07289556293659333,-0.016304091835139034,-0.01630409183515815,0.41217633683788546,429.1156374610659,7658.872041350615,9271.044370634067,14121.763368378855,0.2857142857142857,0.5084179252290171,0.4915820747709829,7.815844956026247,1.0,0.416872850543758,405,False,False,True,False,False,False,1,6,False,True,underpowered,False,,,
us_stocks,1h,short,mc_rolling_sign_of_midpoint,112,4.605126450752374,-0.4076450137461721,0.47856341377623796,-1.9047046539405492,5,1.0,1.0,0.1368923086683621,-0.15232994540042025,-4134.059874772107,0.0,-0.02248171395015943,0.3558979591094279,-0.5072898080003021,-0.4128859572108512,1.080251659170112,15.0,0.004531997105214256,0.5882352941176471,0.08885960027612456,0.1293473653173357,0.035037413356627974,-0.07113401212311754,-0.022109970858965877,-0.02210997085896311,0.41217633683788546,879.2534595585221,7658.872041350615,9288.659878768824,14121.763368378855,0.3482142857142857,0.43056981893082913,0.5694301810691709,6.512294474620131,1.0,0.6017872666999308,405,False,False,True,False,False,False,1,6,False,True,underpowered,False,,,
us_stocks,1h,short,mc_min_max_blend,112,4.605126450752374,-0.40956967396707666,0.46358952930482056,-1.975509744333836,5,1.0,1.0,0.20111180953055655,-0.29273387642930737,-3530.93295231463,0.0,-0.06091333286256691,0.3558979591094279,-0.5187174371673567,-0.4128859572108512,1.0980599512810725,38.0,0.0019219655139398636,0.6546583850931678,0.05509299479171216,0.0924032967653913,0.0207997504550045,-0.05891512396985965,-0.013091500473748907,-0.013091500473741496,0.41217633683788546,649.5477300501385,7658.872041350615,9410.848760301404,14121.763368378855,0.3392857142857143,0.46094814420783503,0.5390518557921651,16.93372178326875,1.0,0.5829578017877882,405,False,False,True,False,False,False,1,6,False,True,underpowered,False,,,
us_stocks,1h,short,heikin_reversal,112,4.605126450752374,-0.4095994214390699,0.32797410241823916,-2.7925746061327152,5,1.0,1.0,0.09951644905748863,-1.767111470265932,-3908.8779585834354,0.0,0.0406211593851484,0.3558979591094279,-0.49926126791817554,-0.4128859572108512,1.0633136278297095,282.5,0.0006631418560845083,0.5610454981260351,0.020046642614454983,0.026119946324968474,0.025388331500918914,-0.016783778986211917,-0.004280757804560609,-0.004280757804543155,0.41217633683788546,652.164624930525,7658.872041350615,9832.162210137882,14121.763368378855,0.3482142857142857,0.4832876591881866,0.5167123408118134,125.2855119797533,1.0,0.4124231668384913,405,False,False,True,False,False,False,1,6,False,True,underpowered,False,,,
us_stocks,1h,short,mc_chaikin_money_flow_gradient,112,4.605126450752374,-0.416794094326129,0.3931309022990817,-2.370660566450873,5,1.0,1.0,0.02642213077309247,-5.506162745618166,-4684.236758594175,0.0,-0.010883206397882709,0.3558979591094279,-0.5338377447568714,-0.4128859572108512,1.0335994648316453,108.0,0.0011098706207996922,0.4669781931464174,0.05256877847676697,0.04387165964059307,0.025298122521281684,-0.07774460078027207,-0.018796006533507048,-0.01879600653352039,0.41217633683788546,1075.8625974925253,7658.872041350615,9222.55399219728,14121.763368378855,0.36607142857142855,0.4999380575158799,0.5000619424841202,47.28435485665959,1.0,0.49435699499682245,405,False,False,True,False,False,False,1,6,False,True,underpowered,False,,,
us_stocks,1h,short,mc_peak_count_reversion,112,4.605126450752374,-0.41761409784533976,0.25453026265632006,-3.668772040695654,5,1.0,1.0,0.003393802810022696,-1.3550668808128306,-4176.870883157819,0.0,-0.05411732072975648,0.3558979591094279,-0.5590866209714838,-0.4128859572108512,1.0440705594802577,80.0,0.000903532675450085,0.48148148148148145,0.05538695378618852,0.05044079367275642,0.01791273708561989,-0.10500793813212167,-0.039799734827350275,-0.03979973482734548,0.41217633683788546,500.74291220420747,7658.872041350615,8949.920618678783,14121.763368378855,0.25892857142857145,0.552953333198348,0.447046666801652,35.61166525800796,1.0,0.320068493844332,405,False,False,True,False,False,False,1,6,False,True,underpowered,False,,,
us_stocks,1h,short,mc_half_life_mean_reversion,112,4.605126450752374,-0.42283270801016404,0.4485027313321889,-2.108086778898039,5,1.0,1.0,0.1302752502871875,-0.1759906129321761,-4697.887014411919,0.0,-0.018018949240456814,0.3558979591094279,-0.5106607904340057,-0.4128859572108512,1.0783739571338677,16.0,0.004423533087641356,0.6,0.09147654692213347,0.12601291489993255,0.03510380734509717,-0.06333518205871297,-0.016014989262108148,-0.016014989262113574,0.41217633683788546,1075.5551189812984,7658.872041350615,9366.64817941287,14121.763368378855,0.35714285714285715,0.414092008274335,0.5859079917256651,6.52979916344781,1.0,0.5639863496168767,405,False,False,True,False,False,False,1,6,False,True,underpowered,False,,,
us_stocks,1h,short,mc_cumulative_diff_reversion,112,4.605126450752374,-0.4364621691808382,0.4638142217332471,-2.104202575436917,5,1.0,1.0,0.1226586721997343,-0.20133642541668242,-4028.003814716396,0.0,-0.05340325810405163,0.3558979591094279,-0.5162770316368237,-0.4128859572108512,1.0585407649459146,15.0,0.0039712864360325634,0.5527777777777778,0.09863069556864121,0.11624506856058014,0.03416305298115043,-0.10483016393074773,-0.024264623446326572,-0.024264623446319834,0.41217633683788546,94.43374212975927,7658.872041350615,8951.698360692522,14121.763368378855,0.33035714285714285,0.44965603406480936,0.5503439659351906,6.512163493375037,1.0,0.5832403495932797,405,False,False,True,False,False,False,1,6,False,True,underpowered,False,,,
us_stocks,1h,short,mc_adaptive_ewma,112,4.605126450752374,-0.4400016802112675,0.4440364884598651,-2.215749589812025,5,1.0,1.0,0.049459977708180745,-1.8204120315044652,-3563.088951862775,0.0,-0.02650094628588342,0.3558979591094279,-0.530621165327211,-0.4128859572108512,1.0634048850976137,80.0,0.0016811106463436479,0.5059532246633593,0.052822767167629084,0.052655592574241794,0.03192653551421655,-0.04919431080657294,-0.010895492977624599,-0.01089549297763124,0.41217633683788546,870.0246558624116,7658.872041350615,9508.05689193427,14121.763368378855,0.29464285714285715,0.4851998730002083,0.5148001269997917,35.45444449792218,1.0,0.5583701073108769,405,False,False,True,False,False,False,1,6,False,True,underpowered,False,,,
us_stocks,1h,short,TSF_200,112,4.605126450752374,-0.4501065296799525,0.42499447390674727,-2.3681926690221884,5,1.0,1.0,0.00043385070740613275,-7.050021063703194,-4380.644816923939,0.0,-0.04852872548293248,0.3558979591094279,-0.49371032478452787,-0.4128859572108512,1.0199963643548067,372.5,0.00020382705192745936,0.21772584050465577,0.04412440612138212,0.011209881909582563,0.018182800993935672,-0.12786371375666905,-0.03789661280517731,-0.037896612805174854,0.41217633683788546,586.3227983066954,7658.872041350615,8721.36286243331,14121.763368378855,0.26785714285714285,0.5043946521416192,0.4956053478583808,170.39111315909167,1.0,0.5344250217474847,405,False,False,True,False,False,False,1,6,False,True,underpowered,False,,,
us_stocks,1h,short,TEMA_200,112,4.605126450752374,-0.4522133668328169,0.473815978092225,-2.1341193107156218,5,1.0,1.0,0.0045811131521389875,-6.03059780841418,-5049.054190900815,0.0,-0.09037026709348528,0.3558979591094279,-0.49264904565402723,-0.4128859572108512,1.0100891405122683,443.5,7.067968296063694e-05,0.21186573830911432,0.04065094166118534,0.010724855777095584,0.006590268851128348,-0.12835833465026225,-0.029387148994986567,-0.029387148994982973,0.41217633683788546,642.8088510885074,7658.872041350615,8716.416653497377,14121.763368378855,0.26785714285714285,0.5034956098115473,0.4965043901884526,198.3830543688599,1.0,0.5958174280915585,405,False,False,True,False,False,False,1,6,False,True,underpowered,False,,,
us_stocks,1h,short,MINMAXINDEX,112,4.605126450752374,-0.4564066217298465,0.4446031528870755,-2.2954318361034654,5,1.0,1.0,0.02016831864213789,-18.348021050625974,-5221.617425958895,0.0,-0.037070798176519607,0.3558979591094279,-0.5485932041325631,-0.4128859572108512,1.0236867101762483,544.5,0.00022286507061295026,0.3829251299640924,0.026042618498360256,0.01574110051639198,0.014158163235211537,-0.11448657031339177,-0.027294475978866084,-0.02729447597885697,0.41217633683788546,511.5979696240411,7658.872041350615,8855.134296866083,14121.763368378855,0.2767857142857143,0.499040646218268,0.5009593537817321,239.88228013139786,1.0,0.5590826804557737,405,False,False,True,False,False,False,1,6,False,True,underpowered,False,,,
us_stocks,1h,short,mc_adaptive_bounce,112,4.605126450752374,-0.45832339695176366,0.43867362395295634,-2.3362295230512156,5,1.0,1.0,0.041560773031920455,-1.9375761921575188,-4048.223822191689,0.0,-0.012682542683528482,0.3558979591094279,-0.5415094487404927,-0.4128859572108512,1.0646492901299758,79.0,0.0016423197039792696,0.49691358024691357,0.054484614437100815,0.051787543595322505,0.03171263956469264,-0.0820361990341355,-0.022261875745978266,-0.02226187574595849,0.41217633683788546,188.04251761688835,7658.872041350615,9179.638009658644,14121.763368378855,0.32142857142857145,0.4856331485634665,0.5143668514365335,35.44647518480802,1.0,0.5516263749644597,405,False,False,True,False,False,False,1,6,False,True,underpowered,False,,,
us_stocks,1h,short,mc_run_length_reversion,112,4.605126450752374,-0.45832339695176366,0.43867362395295634,-2.3362295230512156,5,1.0,1.0,0.041560773031920455,-1.9375761921575188,-4048.223822191689,0.0,-0.012682542683528482,0.3558979591094279,-0.5415094487404927,-0.4128859572108512,1.0646492901299758,79.0,0.0016423197039792696,0.49691358024691357,0.054484614437100815,0.051787543595322505,0.03171263956469264,-0.0820361990341355,-0.022261875745978266,-0.02226187574595849,0.41217633683788546,188.04251761688835,7658.872041350615,9179.638009658644,14121.763368378855,0.32142857142857145,0.4856331485634665,0.5143668514365335,35.44647518480802,1.0,0.5516263749644597,405,False,False,True,False,False,False,1,6,False,True,underpowered,False,,,
us_stocks,1h,short,LINEARREG_200,112,4.605126450752374,-0.4617398357191666,0.42644579649956976,-2.421132226094492,5,1.0,1.0,0.0008436336338727701,-7.118196104401839,-4711.427986945754,0.0,-0.06173379576335282,0.3558979591094279,-0.4931638157953205,-0.4128859572108512,1.012455140152635,372.5,0.00011779734443116932,0.21697783600829784,0.04386120978241751,0.011472298639301892,0.010267980997950859,-0.1453369998426915,-0.03793191684064762,-0.03793191684066135,0.41217633683788546,483.3126564283465,7658.872041350615,8546.630001573085,14121.763368378855,0.25892857142857145,0.5048279277048775,0.49517207229512256,171.101092948985,1.0,0.5362500410262105,405,False,False,True,False,False,False,1,6,False,True,underpowered,False,,,
us_stocks,1h,short,mc_chebyshev_polynomial_fit,112,4.605126450752374,-0.4619989179992695,0.4507628175621562,-2.291806124925705,5,1.0,1.0,0.0609046751797347,-0.6739885154818814,-4481.8481884322255,0.0,-0.06610802240815122,0.3558979591094279,-0.5207776205618858,-0.4128859572108512,0.9785270547307703,19.0,-0.0012202879593475793,0.47368421052631576,0.1114348735009981,0.09142530152953009,-0.013347376917903083,-0.15264632982138354,-0.03681160664473887,-0.03681160664475083,0.41217633683788546,-299.17409579777996,7658.872041350615,8473.536701786164,14121.763368378855,0.3125,0.46573816334443524,0.5342618366555648,8.252386347901638,1.0,0.5668283786472742,405,False,False,True,False,False,False,1,6,False,True,underpowered,False,,,
us_stocks,1h,short,ADX,112,4.605126450752374,-0.4716650429869064,0.4221122905916932,-2.498565244927361,5,1.0,1.0,0.045586910451413665,-1.356863382271111,-5918.537552846926,0.0,-0.0675998079489141,0.3558979591094279,-0.5418734156282428,-0.4128859572108512,1.0069627152609866,458.0,8.27174817195496e-05,0.496220091239177,0.02259871259419996,0.021798904623617835,0.003794570559748679,-0.1272154348913267,-0.03450294646929669,-0.03450294646928755,0.41217633683788546,-217.3946253831647,7658.872041350615,8727.845651086733,14121.763368378855,0.23214285714285715,0.4655762691229499,0.5344237308770501,200.54517200216878,1.0,0.5308007137260915,405,False,False,True,False,False,False,1,6,False,True,underpowered,False,,,
us_stocks,1h,short,TEMA_50,112,4.605126450752374,-0.4727106035846573,0.49996785763376067,-2.11416199493876,5,1.0,1.0,0.08196510957200928,-14.05773518643166,-4578.549822678831,0.0,0.027502662218161673,0.3558979591094279,-0.5217835803127873,-0.4128859572108512,1.0392596741624003,922.5,0.00023397476819822483,0.28540889799536373,0.023066215603404855,0.00910490560869118,0.02569765994881724,0.007240396134994165,0.0015676303815430614,0.0015676303815386338,0.41217633683788546,2043.0235737902408,7658.872041350615,10072.40396134994,14121.763368378855,0.32142857142857145,0.4988756927207775,0.5011243072792225,410.61646609837095,1.0,0.6287030763783394,405,False,False,True,False,False,False,1,6,False,True,underpowered,False,,,
us_stocks,1h,short,mc_average_run_length_reversion,112,4.605126450752374,-0.47668957800160056,0.42866298104397105,-2.486592842660069,5,1.0,1.0,0.002153975138233323,-0.7587574346017192,-5302.809360567301,0.0,-0.05029741974937124,0.3558979591094279,-0.524319259205453,-0.4128859572108512,1.0220691782532696,19.0,0.0014230659453720678,0.5,0.10307121355589305,0.10406510633666265,0.013674765687244723,-0.15081073184008198,-0.03977006830229424,-0.039770068302273434,0.41217633683788546,-56.56053849799225,7658.872041350615,8491.89268159918,14121.763368378855,0.2767857142857143,0.4697012441865803,0.5302987558134196,8.251875523085616,1.0,0.539038121745161,405,False,False,True,False,False,False,1,6,False,True,underpowered,False,,,
us_stocks,1h,short,mc_recursive_envelope,112,4.605126450752374,-0.48105430813044026,0.4310239104730751,-2.4956159222540126,5,1.0,1.0,0.18936100470004563,-0.005374408006690978,-4247.709178620777,0.0,-0.08800814967098075,0.3558979591094279,-0.5177718611098504,-0.4128859572108512,0.9787632609271815,9.0,-0.0003126610675468628,0.6666666666666666,0.09769936223787398,0.19013292960360678,-0.001644434071460979,-0.12451999727122282,-0.03566741802498935,-0.035667418024975375,0.41217633683788546,273.91147212014374,7658.872041350615,8754.800027287773,14121.763368378855,0.3392857142857143,0.3858051977994219,0.6141948022005781,3.9089745354819083,1.0,0.5420069597864999,405,False,False,True,False,False,False,1,6,False,True,underpowered,False,,,
us_stocks,1h,short,DEMA_200,112,4.605126450752374,-0.48780629524511393,0.4583205951969888,-2.3799236766822336,5,1.0,1.0,0.007311225496403218,-4.512376329908434,-5435.670367013234,0.0,-0.036778893628835865,0.3558979591094279,-0.5199578040266783,-0.4128859572108512,1.0302011766244497,381.0,0.00030697452589155053,0.19098946764170016,0.045658287523932375,0.010212489244046413,0.03005873676395868,-0.15449540193067074,-0.036980394237751346,-0.036980394237741285,0.41217633683788546,1205.471546027117,7658.872041350615,8455.045980693292,14121.763368378855,0.2767857142857143,0.513649042782758,0.486350957217242,171.74251263865034,1.0,0.5763321856961732,405,False,False,True,False,False,False,1,6,False,True,underpowered,False,,,
us_stocks,1h,short,mc_local_convexity_reversion,112,4.605126450752374,-0.651016106031244,0.5281584906135492,-2.7562110491530705,5,1.0,1.0,0.05173431587640548,-0.012872961168937186,-6646.480763927521,0.0,-0.30145528646271114,0.3558979591094279,-0.5611930962961343,-0.4128859572108512,0.84631967945572,47.0,-0.00525132154106757,0.5656275635767022,0.053286829862189605,0.07406778495691232,-0.0708988603361426,-0.3564229081031506,-0.09621258262464699,-0.09621258262466373,0.41217633683788546,-1626.2649106613583,7658.872041350615,6435.770918968494,14121.763368378855,0.24107142857142858,0.22446453234995445,0.7755354676500456,21.263389336046046,1.0,0.6641524305894829,405,False,False,True,False,False,False,1,6,False,True,underpowered,False,,,
us_stocks,1h,short,mc_peak_trough_ratio,112,4.605126450752374,-0.6578163568029598,0.4937993697887635,-2.978784867935134,5,1.0,1.0,0.009280563291075267,-0.041259806097208834,-7338.761593495437,0.0,-0.24508475034282767,0.3558979591094279,-0.5614244034715453,-0.4128859572108512,0.8831894234496221,43.0,-0.0041840264758893205,0.5,0.06012510555999239,0.06723557834792371,-0.062229352058790266,-0.3248192327644544,-0.09934710670877472,-0.09934710670879118,0.41217633683788546,-1900.0084399761379,7658.872041350615,6751.807672355456,14121.763368378855,0.23214285714285715,0.2492415972367989,0.750758402763201,19.53100098133981,1.0,0.6209462831654586,405,False,False,True,False,False,False,1,6,False,True,underpowered,False,,,
us_stocks,1h,short,CDLDRAGONFLYDOJI,112,4.605126450752374,-0.7355341650317071,0.5498841230350457,-2.991001783624191,5,1.0,1.0,0.0575768873702911,-0.009688354740850572,-8424.507529303042,0.0,-0.3360815829883823,0.3558979591094279,-0.5865426396238895,-0.4128859572108512,0.9123951035790518,299.5,-0.0009305471769383028,0.4822031621766828,0.02318951336456791,0.023307193129093642,-0.03992532141404577,-0.35288685532859904,-0.09569571619262573,-0.09569571619260314,0.41217633683788546,-2567.260088302219,7658.872041350615,6471.131446714009,14121.763368378855,0.25892857142857145,0.12318936616135326,0.8768106338386468,132.92424307110105,1.0,0.6914721307084162,405,False,False,True,False,False,False,1,6,False,True,underpowered,False,,,
us_stocks,1h,short,CDLTAKURI,112,4.605126450752374,-0.7463472466639102,0.551051302901824,-3.0285441111780416,5,1.0,1.0,0.05320373453927468,-0.008856824630647749,-8242.25470018258,0.0,-0.34823234388147833,0.3558979591094279,-0.572452860662941,-0.4128859572108512,0.9143043928274193,287.0,-0.0010226452025003108,0.48148148148148145,0.02329886368353827,0.02363647189112905,-0.04326556041065153,-0.362951150501297,-0.10169837707644058,-0.10169837707643417,0.41217633683788546,-2651.3733147227895,7658.872041350615,6370.48849498703,14121.763368378855,0.25892857142857145,0.11960896568368098,0.880391034316319,129.41931006628084,1.0,0.6929398442058464,405,False,False,True,False,False,False,1,6,False,True,underpowered,False,,,
us_stocks,1h,long,lorentzian_knn,112,4.605126450752374,-0.7741024178416585,0.5068381209174238,-3.415184368349648,5,1.0,1.0,-0.5024812277247781,0.0,-7495.056698554034,0.0,-0.3590236541502644,0.3558979591094279,-0.5766530109599741,-0.4128859572108512,0.0,3.0,-0.09680371797745696,0.18181818181818182,0.02264935557994148,0.1969477439712445,-0.4915198114256686,-0.3456041120501502,-0.11320842854427393,-0.11730783958529842,0.41217633683788546,-1931.6674794148755,7658.872041350615,6543.9588794984975,14121.763368378855,0.17857142857142858,0.02397276554123911,0.9480069292218969,0.8679683960816447,1.0,0.6373423430752241,405,False,False,False,True,False,False,1,6,False,True,underpowered,False,,,
us_stocks,1h,short,CDLMATCHINGLOW,112,4.605126450752374,-0.7973078010788386,0.601767574322432,-2.9626628590125828,5,1.0,1.0,0.011124643453406635,-0.016175900256085226,-9075.021317969802,0.0,-0.36252075474877377,0.3558979591094279,-0.6011375327095043,-0.4128859572108512,0.8889883500641238,237.0,-0.0013991269849419493,0.50223432481497,0.02394730539697712,0.027508807861648887,-0.050861054829370755,-0.4112548856631163,-0.11699579511887398,-0.11699579511885722,0.41217633683788546,-3164.41650445306,7658.872041350615,5887.451143368837,14121.763368378855,0.23214285714285715,0.09770434018658303,0.902295659813417,107.0624745389396,1.0,0.7567148956971206,405,False,False,True,False,False,False,1,6,False,True,underpowered,False,,,
us_stocks,1h,short,sma_fan_dip,112,4.605126450752374,-0.8192233547651003,0.47824905793236205,-3.8303036454057473,5,1.0,1.0,0.03656739039681285,-0.01194250725293991,-7715.151610537422,0.0,-0.42790907092392305,0.3558979591094279,-0.6210932076537621,-0.4128859572108512,0.4763477262300748,19.0,-0.02416006059672847,0.6043478260869566,0.03833814352890843,0.11012923984510468,-0.21937916425019618,-0.4135631821075693,-0.12977886307655495,-0.12977886307657394,0.41217633683788546,-3471.185091244631,7658.872041350615,5864.368178924307,14121.763368378855,0.1875,0.10112624068794598,0.898873759312054,10.420015275381495,1.0,0.6013919683160354,405,False,False,True,False,False,False,1,6,False,True,underpowered,False,,,
us_stocks,1h,short,CDLHARAMICROSS,112,4.605126450752374,-0.8350805371099559,0.5944475685384265,-3.141230524764424,5,1.0,1.0,0.009026386057545369,-0.007379562467089776,-9150.092462133198,0.0,-0.45039456623455854,0.3558979591094279,-0.6121181282642065,-0.4128859572108512,0.7959516383045451,134.5,-0.003337526019799011,0.48950843727072635,0.029700131288344565,0.03566786839342927,-0.09357234312364598,-0.4393708054909126,-0.13446939759756338,-0.13446939759757223,0.41217633683788546,-3469.975340239326,7658.872041350615,5606.291945090874,14121.763368378855,0.23214285714285715,0.05280424691619177,0.9471957530838082,60.984902976101054,1.0,0.7475100836572179,405,False,False,True,False,False,False,1,6,False,True,underpowered,False,,,
us_stocks,1h,long,BBANDS,112,4.605126450752374,-1.308034266666667,1.587202187164548,-1.8427731267122618,5,0.0,1.0,-0.6416629702499952,0.0,-2482.3428826910986,0.0,-0.5080146026954855,0.3558979591094279,0.0,-0.4128859572108512,0.19105768015370517,0.0,-0.1001368357041319,0.6666666666666666,0.04282898418842072,0.4861919002580419,-0.20596154656419655,0.1973355842967668,0.03988993831175636,-0.11734772763201527,0.41217633683788546,1558.4249038139692,7658.872041350615,11973.355842967669,14121.763368378855,0.0,0.0,0.0,0.0,1.0,1.995886100813609,405,False,False,False,True,False,False,1,6,False,False,unrankable,False,,,
us_stocks,1h,long,MININDEX,112,4.605126450752374,-0.032355587302810976,0.07684158538239552,-0.9415382608385081,5,0.8530667816368083,1.0,-0.007731354233893872,-0.03380494443854559,-545.7121545711816,0.0,0.2772096380047859,0.3558979591094279,-0.38640599528782354,-0.4128859572108512,1.2403133279320486,130.0,0.003830244467182124,0.5542340012928249,0.03709397564131748,0.03702559335825281,0.10344856408164442,0.37081889505710275,0.07405404349965716,0.08227231642178427,0.41217633683788546,5835.1119332619355,7658.872041350615,13708.188950571028,14121.763368378855,0.44642857142857145,0.8530667816368083,0.0,57.10960870650587,1.0,0.09662729390714077,405,False,False,False,False,False,False,0,6,False,True,underpowered,False,,,
us_stocks,1h,long,sma_fan_dip,112,4.605126450752374,-0.03393340531384131,0.10500850042862518,-0.7225834163909046,5,0.10112624068794598,1.0,-0.05456123318818021,-1.0057472201886395,-2844.9229882955315,0.0,0.11633770624010259,0.3558979591094279,-0.21401548812663546,-0.4128859572108512,1.1110268060917967,9.0,0.0059453038668477055,0.8333333333333334,0.022455057090843947,0.03865992288046447,0.1537846799444075,0.19599556856170108,0.046068324318059184,0.10185367509248364,0.41217633683788546,1810.3895985053427,7658.872041350615,11959.955685617011,14121.763368378855,0.375,0.10112624068794598,0.0,5.210007637690747,1.0,0.13204682312540492,405,False,False,False,False,False,False,0,6,False,True,underpowered,False,,,
us_stocks,1h,long,mc_extreme_return_bounce,112,4.605126450752374,-0.04103102910763219,0.4065756933398349,-0.22566073617871377,5,0.02268002264644104,1.0,-0.004164275148255819,-5.4537761836696435,-2308.394916983404,0.0,0.08153246514634616,0.3558979591094279,-0.07909162428719951,-0.4128859572108512,0.9532411615174514,3.0,0.005437794824866324,0.6,0.03162638056354225,0.025351783762396093,0.21449357867007846,0.19039617976716627,0.03989401484367372,0.1732430182019316,0.41217633683788546,1862.48980725603,7658.872041350615,11903.961797671664,14121.763368378855,0.3125,0.02268002264644104,0.0,1.3028958192928088,1.0,0.511263644813454,405,False,False,False,False,False,False,0,6,False,False,unrankable,False,,,
us_stocks,1h,long,CDL3STARSINSOUTH,112,4.605126450752374,-0.04177849999999994,,,2,0.0,0.4,-0.09095482855156414,-625.0912167898869,-2482.3428826910986,0.0,0.20469390697558246,0.3558979591094279,0.0,-0.4128859572108512,0.0,0.0,0.004842909537406925,0.5,0.005851744488308418,0.001008834950901493,4.80049737876281,0.1973355842967668,0.03988975990337562,14.284739567661031,0.41217633683788546,1697.6748637074566,7658.872041350615,11973.355842967669,14121.763368378855,0.008928571428571428,0.0,0.0,0.0,1.0,,405,False,False,False,False,False,False,0,6,False,False,unrankable,False,,,
us_stocks,1h,long,mc_ar1_online,112,4.605126450752374,-0.06128009013135516,0.1550817075256619,-0.883575821979842,5,0.5174227908661684,1.0,-0.031504509475890896,-0.13356809861301414,-1526.0107654933968,0.0,0.2882697944816369,0.3558979591094279,-0.3266732666181231,-0.4128859572108512,1.809207799437312,10.0,0.035737647330546365,0.6666666666666666,0.08966498904254686,0.09695290546602149,0.3686083171903613,0.2898357670905557,0.0763077166433318,0.11727536992680306,0.41217633683788546,4678.920208107842,7658.872041350615,12898.357670905556,14121.763368378855,0.35714285714285715,0.5174227908661684,0.0,4.341785589578782,1.0,0.1950132295960734,405,False,False,False,False,False,False,0,6,False,True,underpowered,False,,,
us_stocks,1h,long,mc_residual_atr_blend,112,4.605126450752374,-0.06134183402904301,0.12153767719048121,-1.1285760426248517,5,0.482481119227436,1.0,-0.0012293377891782198,-0.13937052499584124,-634.4320317008442,0.0,0.25536876076608367,0.3558979591094279,-0.34123507787716667,-0.4128859572108512,1.356625552252706,40.0,0.007703514474616677,0.5278637770897833,0.056507715989717544,0.047256559365020274,0.1630147132615602,0.3163935277442025,0.07101358287965331,0.10342131221967973,0.41217633683788546,4837.301315628065,7658.872041350615,13163.935277442026,14121.763368378855,0.4017857142857143,0.482481119227436,0.0,17.78456311057154,1.0,0.15283204785837687,405,False,False,False,False,False,False,0,6,False,True,underpowered,False,,,
us_stocks,1h,long,mc_holt_winters_seasonal,112,4.605126450752374,-0.06450712002649876,0.12203907830571993,-1.1819353883569004,5,0.5104618051256655,1.0,-0.020592911462057537,-0.13396619906692667,-974.4941292502967,0.0,0.2992443799087062,0.3558979591094279,-0.31709270428236985,-0.4128859572108512,1.9125783670853083,11.0,0.0332017407362928,0.5773809523809523,0.10113684735582346,0.07338753445182868,0.4524166261245131,0.3601154787411476,0.08635236898235787,0.12340730180852987,0.41217633683788546,4942.756743520597,7658.872041350615,13601.154787411477,14121.763368378855,0.375,0.5104618051256655,0.0,4.991516836907018,1.0,0.15346255323754673,405,False,False,False,False,False,False,0,6,False,True,underpowered,False,,,
us_stocks,1h,long,mc_mid_percentile_crossover,112,4.605126450752374,-0.067358853524304,0.1189122083937894,-1.2666401322562741,5,0.6786089662043988,1.0,-0.004725134432535277,-0.10133637422892283,-707.990694570768,0.0,0.2736687623365943,0.3558979591094279,-0.3825560689576827,-0.4128859572108512,1.480013665813976,37.0,0.01061675253032475,0.5263157894736842,0.06514408357166346,0.050018646334803095,0.21225589471695852,0.37647186432458135,0.07513788364118701,0.09376792872122458,0.41217633683788546,4993.996854236289,7658.872041350615,13764.718643245815,14121.763368378855,0.41964285714285715,0.6786089662043988,0.0,16.3741376792797,1.0,0.14953055500396098,405,False,False,False,False,False,False,0,6,False,True,underpowered,False,,,
us_stocks,1h,long,volmanaged,112,4.605126450752374,-0.0683503684607127,0.06458910736469332,-2.3662824336980517,5,0.878652919862063,1.0,-0.052253319853729385,-0.045966512195627314,-967.0878019178117,0.0,0.2642178958881131,0.3558979591094279,-0.3766044841420083,-0.4128859572108512,1.067533095628849,4052.5,0.00012849268432646037,0.5101299879469003,0.004195205637582085,0.0041397781709805416,0.031038543375870257,0.3682222089856436,0.07552645372830868,0.07552645372830721,0.41217633683788546,5966.318411279341,7658.872041350615,13682.222089856437,14121.763368378855,0.20535714285714285,1.0,0.0,4.395737752211175,1.0,0.08121996220496938,405,False,False,False,False,False,False,0,6,False,True,underpowered,False,,,
us_stocks,1h,long,mc_high_low_range_break,112,4.605126450752374,-0.07214680114116309,0.11825329029505666,-1.3642339363942753,5,0.4828824232193567,1.0,-0.046062129016516073,-0.18469691825931203,-1603.5679586554525,0.0,0.1659514323095931,0.3558979591094279,-0.3122341621605754,-0.4128859572108512,1.3026107306998775,37.0,0.005789171200753703,0.6104336043360434,0.04774435916255431,0.052676346820329956,0.10990077236182645,0.25596262295771577,0.052384253218590304,0.06749995106393758,0.41217633683788546,3830.910990466772,7658.872041350615,12559.626229577158,14121.763368378855,0.375,0.4828824232193567,0.0,16.086729430337755,1.0,0.14870197406734786,405,False,False,False,False,False,False,0,6,False,True,underpowered,False,,,
us_stocks,1h,long,st_reversal,112,4.605126450752374,-0.09426368405933169,0.06711170665427502,-3.14073379853174,5,0.47382737813983133,1.0,-0.027383953928644206,-0.18385548889587414,-1842.5197129758044,0.0,0.15970998839411926,0.3558979591094279,-0.32443580649980164,-0.4128859572108512,1.123432456169362,263.5,0.0009479213262003599,0.6848148148148148,0.011689122224260499,0.021312521382712286,0.04447720235341413,0.22724277273336735,0.04868923496673705,0.06406355319162582,0.41217633683788546,3362.1826653101684,7658.872041350615,12272.427727333674,14121.763368378855,0.33035714285714285,0.47382737813983133,0.0,118.87394058880837,1.0,0.0843920979925295,405,False,False,False,False,False,False,0,6,False,True,underpowered,False,,,
us_stocks,1h,long,mc_cycle_adjusted_trend,112,4.605126450752374,-0.0960475820576335,0.11721304154021213,-1.8322954488104222,5,0.5174546855558448,1.0,-0.013495831761854121,-0.1473814445584049,-422.5503829065119,0.0,0.3324832168564853,0.3558979591094279,-0.3298952454089478,-0.4128859572108512,1.4880254115177118,35.0,0.011442564239851755,0.5,0.06745269111243367,0.052126866221386445,0.21951375690329022,0.3672187779095324,0.09130080294808873,0.13478732498647206,0.41217633683788546,5052.571190802091,7658.872041350615,13672.187779095324,14121.763368378855,0.4642857142857143,0.5174546855558448,0.0,15.636685493927082,1.0,0.14739387479179689,405,False,False,False,False,False,False,0,6,False,True,underpowered,False,,,
us_stocks,1h,long,mc_lag2_autocorr,112,4.605126450752374,-0.09909041614612406,0.16927186399023375,-1.3089765847575232,5,0.4915873583497993,1.0,-0.006486949027216138,-0.14616275736808382,-1152.5942203253167,0.0,0.20209224654125668,0.3558979591094279,-0.3364792774206171,-0.4128859572108512,1.2964956008058772,40.0,0.006878814159934393,0.5729483282674772,0.0549514628656741,0.05270193878649105,0.1305229810956712,0.25576506421616807,0.05747424202177942,0.07783038239394163,0.41217633683788546,3811.019425201695,7658.872041350615,12557.65064216168,14121.763368378855,0.4017857142857143,0.4915873583497993,0.0,17.80780589710654,1.0,0.21285716673593139,405,False,False,False,False,False,False,0,6,False,True,underpowered,False,,,
us_stocks,1h,long,monday_effect,112,4.605126450752374,-0.10685481979094477,0.11857235897576081,-2.0150956162126006,5,0.813714568634732,1.0,-0.0715476823113673,-0.10444129726320704,-1380.8733421052425,0.0,0.210704307805143,0.3558979591094279,-0.4164709709082805,-0.4128859572108512,1.1508362474005271,216.0,0.0020966725395534843,0.5324074074074074,0.03142599980427431,0.03157586054864166,0.06640112108183477,0.25215545122179306,0.0569063164232807,0.06375474031269279,0.41217633683788546,6115.681542236492,7658.872041350615,12521.554512217932,14121.763368378855,0.25,0.813714568634732,0.0,93.14779963639495,1.0,0.14910319878224068,405,False,False,False,False,False,False,0,6,False,True,underpowered,False,,,
us_stocks,1h,long,mc_realized_volatility_momentum,112,4.605126450752374,-0.11943647040827066,0.235049896677348,-1.1362186097539047,5,0.46083406224809564,1.0,-0.010801032843342499,-0.14467221281923898,-1412.1537527952346,0.0,0.23858156863347418,0.3558979591094279,-0.32336099194815027,-0.4128859572108512,1.3112746975359286,43.0,0.007771636230333889,0.5555102040816327,0.05189897034957687,0.049315006350599114,0.15759171103177752,0.3010208090470601,0.0644229478739684,0.10008653826793854,0.41217633683788546,4214.235726291915,7658.872041350615,13010.208090470602,14121.763368378855,0.4017857142857143,0.46083406224809564,0.0,19.109633557888742,1.0,0.29557218706589267,405,False,False,False,False,False,False,0,6,False,True,underpowered,False,,,
us_stocks,1h,long,HT_TRENDMODE,112,4.605126450752374,-0.12054134409493358,0.17948204044737504,-1.5017582752213825,5,0.5924137393311416,1.0,-0.06748369499995346,-0.14066987883472717,-1591.844400912485,0.0,0.14095008918624286,0.3558979591094279,-0.3490596505515508,-0.4128859572108512,1.0991655729259189,408.0,0.0006007265296291882,0.5080091533180778,0.014728335595422387,0.013717349119480712,0.043793193888756944,0.20137211345235007,0.04391926564776416,0.05543062834242944,0.41217633683788546,5188.82684206772,7658.872041350615,12013.721134523501,14121.763368378855,0.3125,0.5924137393311416,0.0,179.32545059827925,1.0,0.2256963307960991,405,False,False,False,False,False,False,0,6,False,True,underpowered,False,,,
us_stocks,1h,long,mc_kalman_filter_price,112,4.605126450752374,-0.12690422766824178,0.11997808249796914,-2.3651526494691355,5,0.48440207972270366,1.0,-0.012382679139467528,-0.1717939671469561,-1553.4634281283356,0.0,0.20862389997843853,0.3558979591094279,-0.3165762410081909,-0.4128859572108512,1.6453206909709315,10.0,0.02355363529973774,0.5555555555555556,0.10574841246157014,0.08454222846223045,0.27860201615409763,0.2507560339505831,0.06255502580738703,0.09137580552496026,0.41217633683788546,4358.014312163737,7658.872041350615,12507.560339505832,14121.763368378855,0.3125,0.48440207972270366,0.0,4.126246535436019,1.0,0.15087087782291447,405,False,False,False,False,False,False,0,6,False,True,underpowered,False,,,
us_stocks,1h,long,mc_trough_count_reversion,112,4.605126450752374,-0.13620476618638616,0.04074600725332484,-7.474673878073591,5,0.4473942771189876,1.0,-0.024849585182859017,-0.16951585186344761,-1984.6673646131849,0.0,0.18284402374728048,0.3558979591094279,-0.3260246581797643,-0.4128859572108512,1.2847523529095857,40.0,0.005829525703666506,0.5222332015810276,0.0533861562270048,0.04657194662063786,0.12517247241461052,0.22005822568490319,0.05542730994645817,0.0785199532776233,0.41217633683788546,3734.3892922773157,7658.872041350615,12200.582256849033,14121.763368378855,0.3482142857142857,0.4473942771189876,0.0,17.63217744737448,1.0,0.05123757401433729,405,False,False,False,False,False,False,0,6,False,True,underpowered,False,,,
us_stocks,1h,long,sell_in_may,112,4.605126450752374,-0.13653497040000193,0.2995068750023546,-1.0193471355805297,5,0.4909045910159634,1.0,-0.07213511793721716,-0.1569958066829496,-1165.4915882436762,0.0,0.20380608618872634,0.3558979591094279,-0.33070996537907227,-0.4128859572108512,1.6714719596344214,5.0,0.05008986816688121,0.6,0.15505267062039582,0.14415932364378947,0.34746186996999784,0.2916569549757043,0.05971412466755066,0.07947971246047825,0.41217633683788546,3321.4172347172052,7658.872041350615,12916.569549757043,14121.763368378855,0.3392857142857143,0.4909045910159634,0.0,1.9541552166499743,1.0,0.3766259987224586,405,False,False,False,False,False,False,0,6,False,True,underpowered,False,,,
us_stocks,1h,long,mc_round_number_magnet,112,4.605126450752374,-0.1398078820252937,0.11769209045920424,-2.6562526570737695,5,0.43903216473207496,1.0,-0.025016717159527385,-0.1709672675685492,-1590.4829983692343,0.0,0.1967499143127229,0.3558979591094279,-0.3120787739189137,-0.4128859572108512,1.5501333617734838,7.0,0.028643519654474,0.5555555555555556,0.1355109023954089,0.09893438264802858,0.2895203759079075,0.2905772552616036,0.057672205218585404,0.08489120976974289,0.41217633683788546,3797.0680163145184,7658.872041350615,12905.772552616036,14121.763368378855,0.375,0.43903216473207496,0.0,3.471484275958945,1.0,0.14799627257498935,405,False,False,False,False,False,False,0,6,False,True,underpowered,False,,,
us_stocks,1h,short,MININDEX,112,4.605126450752374,-0.14012540340540094,0.15122220702646885,-2.0719835634604515,5,1.0,1.0,-0.011219901658734086,-0.16344534180017953,-1663.1086230731007,0.0,0.17573178018565555,0.3558979591094279,-0.4598619625869037,-0.4128859572108512,1.1390690887100305,259.0,0.0014835376008472045,0.5232860717264387,0.026974935468517605,0.026361937682099046,0.05627574189489849,0.20715721375829044,0.04652448369115647,0.046524483691154556,0.41217633683788546,3780.3584068122145,7658.872041350615,12071.572137582905,14121.763368378855,0.375,0.8530667816368083,0.14693321836319184,114.21921741301173,1.0,0.1901599579305499,405,False,False,False,False,False,False,0,6,False,True,underpowered,False,,,
us_stocks,1h,long,mc_pivot_point_trend,112,4.605126450752374,-0.14179989014926675,0.11295363897474082,-2.807118003933178,5,0.5024973741126526,1.0,-0.0972640299759432,-0.17375533865878678,-1168.4417878532786,0.0,0.17830083618511966,0.3558979591094279,-0.33931967969589244,-0.4128859572108512,1.299006480679444,40.0,0.00587351148278391,0.5342501297353399,0.05622030530824039,0.049876875927627864,0.11776021199295778,0.20839092674848503,0.0556359650691759,0.0740050085100801,0.41217633683788546,4429.845136347816,7658.872041350615,12083.90926748485,14121.763368378855,0.3482142857142857,0.5024973741126526,0.0,17.656634970293723,1.0,0.1420377314806658,405,False,False,False,False,False,False,0,6,False,True,underpowered,False,,,
us_stocks,1h,long,mc_rolling_window_z_score_reversion,112,4.605126450752374,-0.14286157029187407,0.13343643781607878,-2.3940101202739252,5,0.506637141924078,1.0,-0.0417427081199266,-0.17584682837948779,-1813.9768209006102,0.0,0.2569803389189138,0.3558979591094279,-0.34272119928582817,-0.4128859572108512,1.370007069681247,31.5,0.008465645304752564,0.596875,0.054186957694664896,0.05860045348839634,0.14446381897759328,0.30409577749598626,0.07090462044252266,0.10323141903438376,0.41217633683788546,4615.271124907802,7658.872041350615,13040.957774959861,14121.763368378855,0.3482142857142857,0.506637141924078,0.0,14.116615288218558,1.0,0.16779458454185006,405,False,False,False,False,False,False,0,6,False,True,underpowered,False,,,
us_stocks,1h,long,supertrend_lf,112,4.605126450752374,-0.17964866328679313,0.16628307178670407,-2.415799869823914,5,0.5322520819484028,1.0,-0.12318401040952073,-0.16981871767592918,-1820.3634955781263,0.0,0.18942284586972452,0.3558979591094279,-0.32535145646176356,-0.4128859572108512,1.1904368679819395,124.0,0.0024715109374917007,0.394218814753419,0.042007721632981915,0.02420519573088548,0.10210662888125661,0.21650112140014555,0.05811120989022367,0.07375431030132645,0.41217633683788546,4054.0906552478145,7658.872041350615,12165.011214001455,14121.763368378855,0.35714285714285715,0.5322520819484028,0.0,54.74719680479224,1.0,0.2090987994242648,405,False,False,False,False,False,False,0,6,False,True,underpowered,False,,,
us_stocks,1h,long,CDLRICKSHAWMAN,112,4.605126450752374,-0.18291738032883015,0.13242423560911726,-3.088677044651839,5,0.5153484073327463,1.0,-0.10637480507441748,-0.18407086243748688,-2301.4774771060174,0.0,0.16817087382525525,0.3558979591094279,-0.35102564126740493,-0.4128859572108512,1.0873546359192185,447.0,0.0006457709340989044,0.5172786983131811,0.016265004631540295,0.016004807378702822,0.040348560205617647,0.21144396877263538,0.050504746999749495,0.0707610754466215,0.41217633683788546,5109.029048256763,7658.872041350615,12114.439687726353,14121.763368378855,0.36607142857142855,0.5153484073327463,0.0,195.6325121681018,1.0,0.1665217534353756,405,False,False,False,False,False,False,0,6,False,True,underpowered,False,,,
us_stocks,1h,short,volmanaged,112,4.605126450752374,-0.18511690803355857,0.14998895593917375,-2.7597631275964076,5,0.7649745003130228,1.0,-0.11092521863246003,-0.12989555823172172,-2137.240402046774,0.0,0.128008273777388,0.3558979591094279,-0.37267293736196644,-0.4128859572108512,1.0589556594868443,4052.5,7.879963289232617e-05,0.5136477039813645,0.003062831916733689,0.003098555866543559,0.025431083474453282,0.20892130545677046,0.04480855666612793,0.04480855666612879,0.41217633683788546,4120.954515806738,7658.872041350615,12089.213054567705,14121.763368378855,0.19642857142857142,0.9815525861682449,0.01844741383175507,8.79147550442235,1.0,0.1886091607329082,405,False,False,False,False,False,False,0,6,False,True,underpowered,False,,,
us_stocks,1h,long,mc_chaikin_oscillator_spread,112,4.605126450752374,-0.189363165981378,0.1334407973442673,-3.17315933354716,5,0.5340507788067625,1.0,-0.08794283035780592,-0.1700334855245616,-1589.4015424132886,0.0,0.16180316250571347,0.3558979591094279,-0.34286821024577896,-0.4128859572108512,1.295231119720401,40.0,0.006450322388048874,0.49444444444444446,0.061129075163175214,0.04982506783729248,0.12945937994731666,0.26344622595062894,0.05324647993315834,0.06683567969093379,0.41217633683788546,3405.2839280726125,7658.872041350615,12634.46225950629,14121.763368378855,0.25892857142857145,0.5340507788067625,0.0,17.597111303807843,1.0,0.16780006659182956,405,False,False,False,False,False,False,0,6,False,True,underpowered,False,,,
us_stocks,1h,long,turn_of_month,112,4.605126450752374,-0.2107207947466993,0.5631503778464926,-0.8366966264467985,5,0.18992823558525118,1.0,-0.0526792064510205,-0.4944921088456298,-2106.543495914604,0.0,0.07958878004311425,0.3558979591094279,-0.20455627284832062,-0.4128859572108512,1.1060130768039054,56.0,0.0013265155918200688,0.5357142857142857,0.03145242884522562,0.030258962725974392,0.04383876618088377,0.19034602808747958,0.04146427969604305,0.051630758142528,0.41217633683788546,2201.983373547517,7658.872041350615,11903.460280874795,14121.763368378855,0.36607142857142855,0.18992823558525118,0.0,24.099132502183487,1.0,0.7081542735394564,405,False,False,False,False,False,False,0,6,False,True,underpowered,False,,,
us_stocks,1h,long,ibs,112,4.605126450752374,-0.2181758004517013,0.14738383403534094,-3.310104693968344,5,0.4827031547380508,1.0,-0.14410052742701415,-0.23515350266098448,-2407.9471304177914,0.0,0.08873086518861828,0.3558979591094279,-0.35258329299592467,-0.4128859572108512,1.0517921445664093,904.0,0.00024481321198344873,0.6252767040112095,0.007891715557989901,0.012218031375726036,0.020037042339719896,0.12226252319463804,0.0314258362156552,0.04381829611665359,0.41217633683788546,3131.6723896540802,7658.872041350615,11222.625231946382,14121.763368378855,0.25,0.4827031547380508,0.0,397.63568358901216,1.0,0.18533325383154886,405,False,False,False,False,False,False,0,6,False,True,underpowered,False,,,
us_stocks,1h,long,mc_normalized_range_momentum,112,4.605126450752374,-0.22952543868454378,0.0958437918268441,-5.354905870077984,5,0.5268630849220104,1.0,-0.06800567778760873,-0.18228443267036704,-1884.1244735434743,0.0,0.13304344607940022,0.3558979591094279,-0.35832007248267866,-0.4128859572108512,1.3195780274446152,31.0,0.007475734475591354,0.40625,0.08242098154821828,0.04874122398931258,0.15337601036097384,0.2108299624726555,0.043074087918918536,0.04838117350490195,0.41217633683788546,3741.9904251024336,7658.872041350615,12108.299624726555,14121.763368378855,0.2857142857142857,0.5268630849220104,0.0,13.68294680816187,1.0,0.120522321291786,405,False,False,False,False,False,False,0,6,False,True,underpowered,False,,,
us_stocks,1h,long,renko_delta,112,4.605126450752374,-0.23451875741115286,0.10621255441362999,-4.937268352740281,5,0.5664439888085382,1.0,-0.11807874403821741,-0.1984364564568255,-1672.408580110915,0.0,0.19582789559275257,0.3558979591094279,-0.33500482748393184,-0.4128859572108512,1.3462872003935327,25.0,0.009344007574681634,0.3856209150326797,0.09972621626434364,0.048199367888707774,0.1938616206805227,0.2599748049689269,0.05462736258703138,0.06584952557950965,0.41217633683788546,3834.4658925498666,7658.872041350615,12599.74804968927,14121.763368378855,0.29464285714285715,0.5664439888085382,0.0,13.779753713163803,1.0,0.13356090534677173,405,False,False,False,False,False,False,0,6,False,True,underpowered,False,,,
us_stocks,1h,long,supertrend_dual,112,4.605126450752374,-0.2433900706549621,0.17591585675134083,-3.0937332943343314,5,0.37821795011239634,1.0,-0.13103838350739144,-0.2586927967891127,-2550.890410993993,0.0,0.12265917882873026,0.3558979591094279,-0.27316632312377975,-0.4128859572108512,1.1444149258935077,86.0,0.001688401063980746,0.3796551724137931,0.04149408807520501,0.022847451677508866,0.07389887886896443,0.1884644469707657,0.04599840790175991,0.058590267105203375,0.41217633683788546,3537.714679354915,7658.872041350615,11884.644469707657,14121.763368378855,0.2857142857142857,0.37821795011239634,0.0,38.645173841814064,1.0,0.2212119011944879,405,False,False,False,False,False,False,0,6,False,True,underpowered,False,,,
us_stocks,1h,long,CDL3WHITESOLDIERS,112,4.605126450752374,-0.24660467707854633,0.2343852273457242,-2.3526432436104354,5,0.00532277033666154,1.0,-0.04742589839725874,-31.253243974369624,-2821.5855197169894,0.0,0.1086682679956282,0.3558979591094279,-0.025431918861557712,-0.4128859572108512,1.24317600409942,7.0,0.0013838473909078253,0.5,0.012289630769627302,0.010897405785116727,0.12698869971400284,0.19465186107606502,0.041166762249423394,0.4494762812827675,0.41217633683788546,1771.851379250525,7658.872041350615,11946.51861076065,14121.763368378855,0.33035714285714285,0.00532277033666154,0.0,3.044364087327824,1.0,0.29473637402874275,405,False,False,False,False,False,False,0,6,False,False,unrankable,False,,,
us_stocks,1h,long,mc_adaptive_slope_filter,112,4.605126450752374,-0.2533362999607898,0.14809397408781003,-3.8251197685107665,5,0.5090987868284229,1.0,-0.06233548308892627,-0.17014435324229804,-1916.9238713773893,0.0,0.20467272212485377,0.3558979591094279,-0.28754915075812654,-0.4128859572108512,1.7268162661768791,9.0,0.027682942770108403,0.5,0.12966368903456527,0.06609210649254352,0.41885399390669414,0.2625504299285194,0.06024979889816273,0.0811560133939935,0.41217633683788546,4439.955858756679,7658.872041350615,12625.504299285194,14121.763368378855,0.32142857142857145,0.5090987868284229,0.0,3.909469346732996,1.0,0.18622624570858637,405,False,False,False,False,False,False,0,6,False,True,underpowered,False,,,
us_stocks,1h,long,CDLMATCHINGLOW,112,4.605126450752374,-0.2549780440560331,0.2939581966176703,-1.9395555076859305,5,0.09770434018658303,1.0,-0.07027768051296489,-0.9965669079551674,-2537.3722072960427,0.0,0.14861106456753934,0.3558979591094279,-0.1474650644876579,-0.4128859572108512,1.1176822515993923,118.0,0.0006378851732778842,0.5170476559473073,0.014395454414079197,0.01345946996340899,0.04739303813686893,0.1876652273819046,0.048365569173727474,0.14060377427780746,0.41217633683788546,2384.892767178574,7658.872041350615,11876.652273819047,14121.763368378855,0.36607142857142855,0.09770434018658303,0.0,53.5312372694698,1.0,0.36964860784218245,405,False,False,False,False,False,False,0,6,False,False,unrankable,False,,,
us_stocks,1h,long,trend_factor,112,4.605126450752374,-0.2664667184001762,0.18149467046764187,-3.2829487199202254,5,0.49081017222288115,1.0,-0.11737793042451547,-0.17291109104944624,-1957.855661484392,0.0,0.1481562933941899,0.3558979591094279,-0.2960683382982358,-0.4128859572108512,1.1423704160608086,232.0,0.0009798495864813794,0.23592968120396574,0.03400222754871067,0.009049402944933968,0.10827781594474344,0.21399584172441055,0.048033306803282994,0.06368469047135483,0.41217633683788546,4406.300270601455,7658.872041350615,12139.958417244106,14121.763368378855,0.32142857142857145,0.49081017222288115,0.0,105.48049313912058,1.0,0.22822718686221058,405,False,False,False,False,False,False,0,6,False,True,underpowered,False,,,
us_stocks,1h,long,donchian_s1,112,4.605126450752374,-0.27732231810075986,0.13469923312938611,-4.603675466774691,5,0.41908258164983964,1.0,-0.0951409290272604,-0.24765116774355028,-2656.0305993920556,0.0,0.17936268009485468,0.3558979591094279,-0.27586922420047105,-0.4128859572108512,1.3664990553249785,22.0,0.011254448019832495,0.4037037037037037,0.08633953379007869,0.04603477445940536,0.24447709697713313,0.20795179296357214,0.0542182228865582,0.07966277429436372,0.41217633683788546,3387.7201711322464,7658.872041350615,12079.51792963572,14121.763368378855,0.26785714285714285,0.41908258164983964,0.0,9.70031963717272,1.0,0.16938253321933092,405,False,False,False,False,False,False,0,6,False,True,underpowered,False,,,
us_stocks,1h,short,monday_effect,112,4.605126450752374,-0.2906415122390322,0.18689247216660437,-3.477369478372933,5,1.0,1.0,-0.12965371072246545,-0.2796357874592271,-3114.961017711249,0.0,0.025273197433402856,0.3558979591094279,-0.4905954597132233,-0.4128859572108512,1.0479350885343417,431.0,0.00043512894545720586,0.5054775516061903,0.023227105907122937,0.022234851458169072,0.0195696807903495,-0.05319091667436515,-0.012852654286335696,-0.012852654286340283,0.41217633683788546,3703.8771784063297,7658.872041350615,9468.090833256349,14121.763368378855,0.19642857142857142,0.813714568634732,0.18628543136526798,186.2955992727899,1.0,0.2350148522731016,405,False,False,False,False,False,False,0,6,False,True,underpowered,False,,,
us_stocks,1h,short,mc_mid_percentile_crossover,112,4.605126450752374,-0.2929888011674928,0.3030515985862081,-2.161819568393787,5,1.0,1.0,-0.013234482939397607,-0.41907286317178394,-3453.0977012761496,0.0,0.023863120629774526,0.3558979591094279,-0.4941532211258293,-0.4128859572108512,1.1202626577908863,73.0,0.0024594722714727487,0.4864766081871345,0.05862134231420665,0.04952308230749957,0.04966315012868851,-0.011297861576140267,-0.0026802590482974398,-0.002680259048287917,0.41217633683788546,2072.3524411261683,7658.872041350615,9887.021384238597,14121.763368378855,0.30357142857142855,0.6786089662043988,0.32139103379560113,32.7482753585594,1.0,0.3810834425121993,405,False,False,False,False,False,False,0,6,False,True,underpowered,False,,,
us_stocks,1h,long,CDLUNIQUE3RIVER,112,4.605126450752374,-0.29399460018925516,0.29167786977155385,-2.253828552560143,5,0.0014855162168853676,1.0,-0.07970910172936702,-149.699556179367,-2721.965128754543,0.0,0.06534806658218481,0.3558979591094279,-0.00811715326279322,-0.4128859572108512,0.6347148511831593,2.0,0.001294194606584471,0.5,0.00793295393992065,0.006973724582569007,0.18558154846254493,0.193735385192353,0.03988218447843239,0.4019068793997422,0.41217633683788546,1680.3072294898159,7658.872041350615,11937.35385192353,14121.763368378855,0.20535714285714285,0.0014855162168853676,0.0,0.8684696964978168,1.0,0.3667811265003084,405,False,False,False,False,False,False,0,6,False,False,unrankable,False,,,
us_stocks,1h,long,CDLCOUNTERATTACK,112,4.605126450752374,-0.2942715080663045,0.2851522341585441,-2.3075782583971676,5,0.0014845054797936034,1.0,-0.08945578760241421,-396.7131743328922,-2180.104128479843,0.0,0.03278379622820616,0.3558979591094279,-0.00620962158682864,-0.4128859572108512,0.2738236923575781,1.0,0.000466299004059366,0.5,0.0035121478749454266,0.0030671531563186837,0.15202990535335253,0.19668250798511377,0.03988193631716763,0.14291850053642022,0.41217633683788546,1704.980134971365,7658.872041350615,11966.825079851138,14121.763368378855,0.30357142857142855,0.0007422527398968017,0.0007423904974016332,0.8674921325962233,1.0,0.35857522461565444,405,False,False,False,False,False,False,0,6,False,False,unrankable,False,,,
us_stocks,1h,long,dyn_breakout2,112,4.605126450752374,-0.29885146492585485,0.11901778721919386,-5.614725381500265,5,0.5269803528441055,1.0,-0.10910630682723654,-0.2365306938543404,-2106.683232644522,0.0,0.12570889878305933,0.3558979591094279,-0.33318405430785847,-0.4128859572108512,1.334914327069096,14.5,0.01224457133287289,0.424812030075188,0.11611923550139316,0.06677731987220917,0.18336422240822417,0.20127957192747092,0.04335816922179503,0.048814351619900095,0.41217633683788546,3185.3193967267807,7658.872041350615,12012.795719274709,14121.763368378855,0.24107142857142858,0.5269803528441055,0.0,6.296477883739227,1.0,0.14966331900332355,405,False,False,False,False,False,False,0,6,False,True,underpowered,False,,,
us_stocks,1h,long,CDLGRAVESTONEDOJI,112,4.605126450752374,-0.29926670750729434,0.3094565714864092,-2.162438167574173,5,0.11939373708244669,1.0,-0.11095630363509347,-0.8547284051882882,-2590.4354068626453,0.0,0.0841991450052359,0.3558979591094279,-0.15081783362686285,-0.4128859572108512,1.0754454860555533,144.0,0.00042416279627320184,0.5017006802721089,0.013998465462307784,0.013193554139105534,0.032149244381086704,0.18815312118116723,0.04348014018336732,0.08022254673053972,0.41217633683788546,2238.153447770894,7658.872041350615,11881.531211811673,14121.763368378855,0.32142857142857145,0.11939373708244669,0.0,64.92843185815164,1.0,0.3891376126053217,405,False,False,False,False,False,False,0,6,False,True,underpowered,False,,,
us_stocks,1h,long,CDLGAPSIDESIDEWHITE,112,4.605126450752374,-0.3077167460876905,0.2852722331069491,-2.411996269574395,5,0.011140682099989271,1.0,-0.07850759021107953,-22.70749009029165,-2462.875255214076,0.0,0.06941969116438969,0.3558979591094279,-0.03983709246136197,-0.4128859572108512,1.1984393736561678,13.0,0.0008743571161320327,0.5,0.013247947290047083,0.012654041667685474,0.06909706314345965,0.19274367313549634,0.0418142543265122,0.2428876706926919,0.41217633683788546,1850.8658764469253,7658.872041350615,11927.436731354963,14121.763368378855,0.3482142857142857,0.010129940739615187,0.0007428500680945896,6.507241393443068,1.0,0.358726121732084,405,False,False,False,False,False,False,0,6,False,False,unrankable,False,,,
us_stocks,1h,long,CDLTRISTAR,112,4.605126450752374,-0.32439664409270197,0.3307433691294172,-2.193159457054012,5,0.002228550204283769,1.0,-0.06391961317598802,-234.23073007499704,-3083.396104933333,0.0,0.09062626612590984,0.3558979591094279,-0.01553656511510021,-0.4128859572108512,0.9084861934085787,3.0,0.0013928889776249288,0.5,0.008288896891042051,0.007872093002396103,0.1769401069322939,0.19494981852228221,0.03989216711536281,0.504686793992636,0.41217633683788546,1693.0418921691053,7658.872041350615,11949.498185222823,14121.763368378855,0.2857142857142857,0.0011494253295395447,0.0007428500680945896,1.3029933268380336,1.0,0.4159054836995586,405,False,False,False,False,False,False,0,6,False,False,unrankable,False,,,
us_stocks,1h,long,CDLLADDERBOTTOM,112,4.605126450752374,-0.325917641280603,0.4243316563443488,-1.717463191995305,5,0.005943536404160475,1.0,-0.12803172606628233,-30.050336505213636,-2206.1275965639643,0.0,0.0678775126065008,0.3558979591094279,-0.017948448081379687,-0.4128859572108512,1.2008266513957289,7.5,0.0006522656060959763,0.5,0.008315927083034044,0.006718966507565757,0.0970782642481557,0.18745492914148876,0.0405724972343795,0.19116790755501337,0.41217633683788546,1768.0431356757883,7658.872041350615,11874.549291414889,14121.763368378855,0.33035714285714285,0.005943536404160475,0.0,3.4740887812109404,1.0,0.533591537286044,405,False,False,False,False,False,False,0,6,False,False,unrankable,False,,,
us_stocks,1h,long,atr_chandelier,112,4.605126450752374,-0.32863611548697325,0.08410520255708233,-8.737303659563722,5,0.5590964130216464,1.0,-0.13396030488651944,-0.2124822640822491,-2391.0808927531853,0.0,0.10720477874779599,0.3558979591094279,-0.3214546957601438,-0.4128859572108512,1.1003100715457887,187.5,0.001113181562578882,0.38103337612323496,0.03351555049582933,0.0187393775244144,0.05940333723084372,0.1753439647979833,0.03917184548047381,0.04501470699197853,0.41217633683788546,3656.1475366043337,7658.872041350615,11753.439647979834,14121.763368378855,0.25,0.5590964130216464,0.0,84.21999189431615,1.0,0.10576119800444242,405,False,False,False,False,False,False,0,6,False,True,underpowered,False,,,
us_stocks,1h,long,ichimoku,112,4.605126450752374,-0.3347013123641783,0.13316129790259199,-5.620363411838792,5,0.47765195730925114,1.0,-0.10472018225426116,-0.22549745652833814,-1970.3041204627862,0.0,0.1123644959974458,0.3558979591094279,-0.29851601388237287,-0.4128859572108512,1.3095004689644094,59.0,0.002928099251947377,0.16666666666666666,0.07721788201639959,0.012482433673672228,0.2345775934802908,0.15705542419678953,0.04228215418410364,0.04980550744567036,0.41217633683788546,3769.004959665327,7658.872041350615,11570.554241967895,14121.763368378855,0.3125,0.47765195730925114,0.0,27.131751346393024,1.0,0.16744859968021858,405,False,False,False,False,False,False,0,6,False,True,underpowered,False,,,
us_stocks,1h,long,CDLINVERTEDHAMMER,112,4.605126450752374,-0.337123391491102,0.25225829740438444,-2.988329136983528,5,0.05019378711507792,1.0,-0.08417848000872796,-2.5264010876851812,-2061.6095995494957,0.0,-0.0055144701021270365,0.3558979591094279,-0.10891188494209703,-0.4128859572108512,1.0253553007643108,59.5,0.00016225488555416507,0.5078144078144078,0.013664981377285534,0.014466914398042614,0.011215583440247513,0.1662204767365386,0.03668659046663936,0.00015294654104369503,0.41217633683788546,1906.9924161821905,7658.872041350615,11662.204767365387,14121.763368378855,0.3125,0.05019378711507792,0.0,28.207547693516965,1.0,0.3172115270983558,405,False,False,False,False,False,False,0,6,False,False,unrankable,False,,,
us_stocks,1h,long,three_lower_lows,112,4.605126450752374,-0.3394388375218641,0.13896613577782305,-5.46182212417481,5,0.12912409164552055,1.0,-0.1121261367119516,-0.83582241978519,-1888.1936278710955,0.0,0.09792118095328857,0.3558979591094279,-0.16697794305238284,-0.4128859572108512,1.0803463126865491,218.5,0.0003819463045119094,0.6717948717948717,0.007243464894868897,0.01325436361088399,0.02881664602880438,0.17102744850974905,0.04316288671439006,0.10088766957693734,0.41217633683788546,2475.901482157106,7658.872041350615,11710.27448509749,14121.763368378855,0.33035714285714285,0.12912409164552055,0.0,97.24284474195744,1.0,0.17474810778721497,405,False,False,False,False,False,False,0,6,False,True,underpowered,False,,,
us_stocks,1h,long,bb_outside_in,112,4.605126450752374,-0.34043365972699374,0.3470241542515019,-2.193601787231489,5,1.0,1.0,-0.11267738680492712,-0.9789020758466559,-3886.8687006732034,0.0,0.020948877031182582,0.3558979591094279,-0.46650841373599544,-0.4128859572108512,1.1785583566436006,29.0,0.005977732342785113,0.44427244582043346,0.07947461834992545,0.060168103313775034,0.09935051985287621,0.01259382056782199,0.0028350840137537636,0.0028350840137591734,0.41217633683788546,1377.0747556143665,7658.872041350615,10125.93820567822,14121.763368378855,0.32142857142857145,0.5051367361296665,0.4948632638703335,12.851236820411716,1.0,0.43637835917710044,405,False,False,False,False,False,False,0,6,False,True,underpowered,False,,,
us_stocks,1h,long,CDLTHRUSTING,112,4.605126450752374,-0.3435509054940888,0.17639125196951175,-4.355109280301317,5,0.011139992744013198,1.0,-0.026161438058336095,-15.59708407907155,-2709.8842251012793,0.0,0.07353462946972553,0.3558979591094279,-0.03353509157449375,-0.4128859572108512,1.1338796362670245,14.0,0.0007435153220321932,0.5,0.010859812529974323,0.009460624258706373,0.07859051387100115,0.1856999414859577,0.04123028971680798,0.2056180573212457,0.41217633683788546,1833.9366874522682,7658.872041350615,11856.999414859576,14121.763368378855,0.4107142857142857,0.0,0.011139992744013198,6.51376641138369,1.0,0.22180970449643242,405,False,False,False,False,False,False,0,6,False,False,unrankable,False,,,
us_stocks,1h,long,MACDEXT,112,4.605126450752374,-0.34418597204532314,0.5225433399552137,-1.4728409522187154,5,1.0,1.0,-0.16968566667486656,-17.36944079013162,-3465.6499125446717,0.0,0.07517755424303646,0.3558979591094279,-0.47060920211580554,-0.4128859572108512,1.0474267394126489,543.0,0.0004795638831097211,0.42870345920253494,0.023980296171678482,0.017097309113830644,0.028049085380446457,0.028182570420944963,0.00642354410028223,0.0064235441002818035,0.41217633683788546,2369.1472168261676,7658.872041350615,10281.825704209448,14121.763368378855,0.33035714285714285,0.4996596266466302,0.5003403733533698,238.40110400166944,1.0,0.6570914516898965,405,False,False,False,False,False,False,0,6,False,True,underpowered,False,,,
us_stocks,1h,long,CDLPIERCING,112,4.605126450752374,-0.3483726225615163,0.2481975008746578,-3.138568530312569,5,0.005199306759098787,1.0,-0.18437992536869863,-40.194897808992906,-2176.510915612089,0.0,-0.08609409769944143,0.3558979591094279,-0.02225464031082164,-0.4128859572108512,0.7664922352185434,6.0,-0.0007494029072590848,0.5,0.008201339771922608,0.009452997820733344,-0.07927674600912452,0.17437148380579715,0.03806471545218593,-0.2087755046029658,0.41217633683788546,1600.4637372233283,7658.872041350615,11743.714838057971,14121.763368378855,0.26785714285714285,0.005199306759098787,0.0,3.0399020832537973,1.0,0.31210512829330345,405,False,False,False,False,False,False,0,6,False,False,unrankable,False,,,
us_stocks,1h,long,MACDFIX,112,4.605126450752374,-0.3513003394351172,0.4903777748213698,-1.6018903788651886,5,1.0,1.0,-0.12954823431454948,-14.963831548248919,-4076.7419689956237,0.0,0.11355541109033304,0.3558979591094279,-0.4863598169156228,-0.4128859572108512,1.0530410057112023,587.5,0.0005754063871123115,0.3590824577333852,0.026945477424817028,0.014405697848596726,0.03994297209061361,0.028175570018921958,0.005287131019301006,0.005287131019295367,0.41217633683788546,3222.5038998050513,7658.872041350615,10281.75570018922,14121.763368378855,0.38392857142857145,0.5032497698020013,0.49675023019799863,257.54871060926496,1.0,0.6166436720090093,405,False,False,False,False,False,False,0,6,False,True,underpowered,False,,,
us_stocks,1h,long,CDLHOMINGPIGEON,112,4.605126450752374,-0.3551407159305439,0.31625930276323233,-2.510973670846154,5,0.008170844970955004,1.0,-0.13206881002649695,-22.964687993671973,-2651.931259590072,0.0,0.013628803208502772,0.3558979591094279,-0.029135310983240847,-0.4128859572108512,0.9970343047143391,10.0,0.00032577399763898495,0.5,0.01083734882285168,0.009879078843566367,0.032976151197653555,0.1826027749034893,0.03936397113715784,0.04930649631583331,0.41217633683788546,1750.5158664272312,7658.872041350615,11826.027749034893,14121.763368378855,0.3125,0.008170844970955004,0.0,4.775668491346801,1.0,0.3976919586821984,405,False,False,False,False,False,False,0,6,False,False,unrankable,False,,,
us_stocks,1h,long,CDLONNECK,112,4.605126450752374,-0.35637115199486213,0.3177343972316773,-2.5079756174443415,5,0.00226361820889635,1.0,-0.23192642156726848,-109.31957751180462,-2821.5796511469525,0.0,-0.06520132947404371,0.3558979591094279,-0.014429823160074295,-0.4128859572108512,0.5831136059377668,3.0,-0.0006831550912101276,0.5,0.006689097413197101,0.006695590201656999,-0.10203060083352518,0.18555817803310493,0.03896499017536181,-0.1840174569040592,0.41217633683788546,1664.8987538545127,7658.872041350615,11855.58178033105,14121.763368378855,0.2767857142857143,0.0,0.00226361820889635,1.3241286914392263,1.0,0.3995468707852468,405,False,False,False,False,False,False,0,6,False,False,unrankable,False,,,
us_stocks,1h,long,MACD,112,4.605126450752374,-0.3586540657348343,0.48790052993235694,-1.6437261740645257,5,1.0,1.0,-0.09116687451353599,-13.547398096008093,-3766.120120201379,0.0,0.10487110092904958,0.3558979591094279,-0.48072548362579975,-0.4128859572108512,1.0486515366166236,589.5,0.0005191757543459673,0.3600670016750419,0.026557428934081622,0.014543055723631269,0.035699220591058414,0.013037227048960598,0.0035752530029206087,0.0035752530029205935,0.41217633683788546,3062.4577275539204,7658.872041350615,10130.372270489606,14121.763368378855,0.4017857142857143,0.5034354669924164,0.49656453300758363,259.1294238284395,1.0,0.6135285687901024,405,False,False,False,False,False,False,0,6,False,True,underpowered,False,,,
us_stocks,1h,long,CDLBREAKAWAY,112,4.605126450752374,-0.36316598000000005,1.3220114133469292,-0.6142638484031175,5,0.0,1.0,-0.31460150239867135,-463.62018459088625,-2541.483364028625,0.0,-0.1545807621339344,0.3558979591094279,0.0,-0.4128859572108512,0.0,0.0,-0.007539032809695147,0.0,0.0,0.007539032809695147,-1.0,0.1973277363191842,0.039887812586706484,-0.8906101106615069,0.41217633683788546,1680.6032950820136,7658.872041350615,11973.277363191843,14121.763368378855,0.03571428571428571,0.0,0.0,0.0,1.0,1.6624121528774984,405,False,False,False,False,False,False,0,6,False,False,unrankable,False,,,
us_stocks,1h,short,mc_holt_winters_seasonal,112,4.605126450752374,-0.36736503380085817,0.3645919270093619,-2.253075636845173,5,1.0,1.0,-0.02001775682365757,-1.1116496233422672,-4715.2158194768635,0.0,-0.062082676672297235,0.3558979591094279,-0.5151681293498293,-0.4128859572108512,1.0585788266558003,22.5,0.0031213783294571037,0.5,0.10130343226119498,0.09208420995395644,0.03389699853012631,-0.1321404341588831,-0.03302532319042001,-0.033025323190417025,0.41217633683788546,1214.3201393005438,7658.872041350615,8678.59565841117,14121.763368378855,0.2857142857142857,0.5104618051256655,0.48953819487433453,9.983033673814036,1.0,0.4584696048628838,405,False,False,False,False,False,False,0,6,False,True,underpowered,False,,,
us_stocks,1h,long,CDLTASUKIGAP,112,4.605126450752374,-0.3705728011410552,0.32336174856202726,-2.562535543083767,5,0.008648051238477887,1.0,-0.20231112108716864,-117.90931284251312,-2748.3395334584566,0.0,-0.02849920450221835,0.3558979591094279,-0.03602107142723493,-0.4128859572108512,0.9262823055321094,10.5,-7.454023331475758e-05,0.5,0.012179745970478077,0.012727847345251751,-0.0058564682065082715,0.17801902840243589,0.03874453579919901,-0.05934452106965325,0.41217633683788546,1747.2644866887101,7658.872041350615,11780.19028402436,14121.763368378855,0.3125,0.004457100408567538,0.004455721286944884,5.065579284341032,1.0,0.4066231918711603,405,False,False,False,False,False,False,0,6,False,False,unrankable,False,,,
us_stocks,1h,long,HT_PHASOR,112,4.605126450752374,-0.3715906451650649,0.6755539492307484,-1.2299564577162707,5,1.0,1.0,-0.14894784812339615,-6.220686307558952,-3498.4628931647276,0.0,0.03447446744819307,0.3558979591094279,-0.4992177892439307,-0.4128859572108512,1.0256879002764125,1709.0,0.00012757394596664624,0.5116543201533392,0.010530853407485417,0.01070665039705336,0.011915392885318886,0.010123537850138975,0.0021875742640538043,0.0021875742640525588,0.41217633683788546,2081.3426854313243,7658.872041350615,10101.235378501391,14121.763368378855,0.35714285714285715,0.5111386165911715,0.4888613834088284,746.4900890957967,1.0,0.8495003021814824,405,False,False,False,False,False,False,0,6,False,True,underpowered,False,,,
us_stocks,1h,short,mc_cycle_adjusted_trend,112,4.605126450752374,-0.37392687341193226,0.34567931470101626,-2.4187906883760704,5,1.0,1.0,-0.0006035058847933469,-2.2019282347029323,-3665.1896971830674,0.0,-0.0010771887100735449,0.3558979591094279,-0.54132447533731,-0.4128859572108512,1.0885691855896469,70.5,0.00218551848907205,0.4610323886639676,0.06573397818108079,0.051390235460711885,0.04252789405378169,-0.02684313711824976,-0.01068605112148463,-0.010686051121466165,0.41217633683788546,1548.8555157270312,7658.872041350615,9731.568628817502,14121.763368378855,0.35714285714285715,0.5174546855558448,0.48254531444415516,31.273370987854165,1.0,0.4346872409387657,405,False,False,False,False,False,False,0,6,False,True,underpowered,False,,,
us_stocks,1h,long,tsmom12,112,4.605126450752374,-0.37622859756425686,0.18496720929953997,-4.548226263557421,5,0.6337260467288478,1.0,-0.12999606828177074,-0.21980019290544361,-1972.4518327983874,0.0,0.10397046331415713,0.3558979591094279,-0.327944967281352,-0.4128859572108512,1.5013942345122522,33.5,0.005629043628310241,0.32605042016806723,0.058472789142465745,0.01918090040042337,0.2934712923167045,0.17078642117140552,0.03700997857132304,0.037853038281396176,0.41217633683788546,5436.448397097022,7658.872041350615,11707.864211714055,14121.763368378855,0.1875,0.6337260467288478,0.0,14.87309361184242,1.0,0.232593859265493,405,False,False,False,False,False,False,0,6,False,True,underpowered,False,,,
us_stocks,1h,long,golden_cross,112,4.605126450752374,-0.37867551940242866,0.17393186048751572,-4.868252431874882,5,0.612352328073159,1.0,-0.12232518175701801,-0.2022150518001049,-2001.0204428055008,0.0,0.11655643562475192,0.3558979591094279,-0.32297561270922426,-0.4128859572108512,1.6085851918764362,4.0,0.046354217873346634,0.3333333333333333,0.26214793147462,0.10050047694621587,0.4612338098470288,0.16555126505672213,0.036069203901825886,0.042087671447952626,0.41217633683788546,5731.138991969664,7658.872041350615,11655.512650567221,14121.763368378855,0.29464285714285715,0.612352328073159,0.0,1.5198591449011043,1.0,0.2187170517045759,405,False,False,False,False,False,False,0,6,False,True,underpowered,False,,,
us_stocks,1h,long,CORREL,112,4.605126450752374,-0.38082002069941046,0.3251238204524349,-2.6191235458902273,5,1.0,1.0,-0.28480324156598336,-3.2100902814124206,-5424.376644761422,0.0,-0.04715406929678563,0.3558979591094279,-0.5359762009152593,-0.4128859572108512,1.0279094739899755,461.5,0.00025032655464223783,0.4935630008086451,0.022319974259783482,0.021404180340844264,0.0116952179740588,-0.11733657926175334,-0.03033092704519158,-0.030330927045201198,0.41217633683788546,1686.6874430382782,7658.872041350615,8826.634207382467,14121.763368378855,0.33035714285714285,0.5213163289008791,0.478683671099121,203.49589378491567,1.0,0.40883897434874217,405,False,False,False,False,False,False,0,6,False,True,underpowered,False,,,
us_stocks,1h,short,mc_adxr_persistence,112,4.605126450752374,-0.3843442405664976,0.38224908496705057,-2.248324149006928,5,1.0,1.0,-0.01704150035005338,-1.6760709945706922,-4181.250216448996,0.0,-0.0028203178036078982,0.3558979591094279,-0.5183996534598463,-0.4128859572108512,1.1128715924480477,24.0,0.003752338726626952,0.4821200510855683,0.09312615001254879,0.08938554449564698,0.04197925680040679,-0.03884344494700709,-0.009710657670163048,-0.009710657670187924,0.41217633683788546,1479.9575121039798,7658.872041350615,9611.56555052993,14121.763368378855,0.33035714285714285,0.4842802470596208,0.5157197529403792,10.421261490444635,1.0,0.48067325127454774,405,False,False,False,False,False,False,0,6,False,True,underpowered,False,,,
us_stocks,1h,long,TSF_50,112,4.605126450752374,-0.3887034732437512,0.5389560569894971,-1.6126869305788993,5,1.0,1.0,-0.10621249203143146,-12.510989710891817,-3007.960181651519,0.0,0.11623026828101315,0.3558979591094279,-0.5208915832960248,-0.4128859572108512,1.0567803645378064,781.5,0.0004109764096719815,0.30136568997579616,0.024779720197925216,0.010524234216510234,0.039050481129282444,0.0451069176795007,0.010845818279331731,0.010845818279334032,0.41217633683788546,3032.6516277199635,7658.872041350615,10451.069176795008,14121.763368378855,0.4107142857142857,0.49941114019874844,0.5005888598012516,345.9848828981286,1.0,0.6777302298305903,405,False,False,False,False,False,False,0,6,False,True,underpowered,False,,,
us_stocks,1h,long,CDLHARAMICROSS,112,4.605126450752374,-0.39508703446179455,0.2918292508305598,-3.027254682562007,5,0.10670934555544498,1.0,-0.1324084380152173,-32.939681135827016,-2563.17410270946,0.0,0.0006385603855312704,0.3558979591094279,-0.15612015883802255,-0.4128859572108512,1.025141416413629,134.0,0.00017088847804206482,0.5016556291390728,0.013606477316066621,0.013449124057792888,0.012706290558978532,0.14420444949877242,0.03274611758984303,-0.005450341943907778,0.41217633683788546,1501.2135625041385,7658.872041350615,11442.044494987724,14121.763368378855,0.3125,0.05280424691619177,0.053849948362618166,61.21841966522642,1.0,0.3669714862125365,405,False,False,False,False,False,False,0,6,False,True,underpowered,False,,,
us_stocks,1h,short,mc_ar1_online,112,4.605126450752374,-0.3965086401396845,0.41316196871638217,-2.1459387362609914,5,1.0,1.0,-0.03410324294205038,-0.9008866935173608,-4824.402904053803,0.0,-0.030584853343177988,0.3558979591094279,-0.5104068446356065,-0.4128859572108512,1.0123766178657951,19.5,0.0008355035350171677,0.5714285714285714,0.09337329163490812,0.11278793090299452,0.0074077388274438605,-0.09564850419555843,-0.02855006288564549,-0.02855006288566101,0.41217633683788546,771.8047372498282,7658.872041350615,9043.514958044416,14121.763368378855,0.2767857142857143,0.5174227908661684,0.4825772091338316,8.683571179157564,1.0,0.5195458004118313,405,False,False,False,False,False,False,0,6,False,True,underpowered,False,,,
us_stocks,1h,long,ssl_hybrid,112,4.605126450752374,-0.39945573414280694,0.27184022428225285,-3.2857910484137043,5,1.0,1.0,-0.37096922367671337,-0.703668932601494,-6039.780863705339,0.0,0.0059181631087492845,0.3558979591094279,-0.5027052868647388,-0.4128859572108512,1.1859184860262812,8.0,0.011037666785147905,0.2928571428571428,0.22568177801294576,0.10154080315852074,0.10870178727970486,-0.027454439130126518,-0.0060288080270675115,-0.0060288080270621295,0.41217633683788546,1777.8211592075847,7658.872041350615,9725.455608698736,14121.763368378855,0.19642857142857142,0.5961752692164872,0.4038247307835128,3.473123473464887,1.0,0.3418355453858471,405,False,False,False,False,False,False,0,6,False,True,underpowered,False,,,
us_stocks,1h,long,LINEARREG_50,112,4.605126450752374,-0.3995739225613903,0.5272397063375613,-1.6946266416275277,5,1.0,1.0,-0.1662877297497478,-14.486350695509467,-3439.23842968186,0.0,0.05377082981755853,0.3558979591094279,-0.511413743222433,-0.4128859572108512,1.0379778811794007,785.0,0.00028602544546773266,0.2947457817632292,0.024738307609370826,0.010294661826726881,0.027783860245429018,0.014811230437737355,0.0031942339574232426,0.0031942339574399883,0.41217633683788546,2690.64483808852,7658.872041350615,10148.112304377373,14121.763368378855,0.4107142857142857,0.5000000076623557,0.49999999233764425,352.14215632439846,1.0,0.6629970713158378,405,False,False,False,False,False,False,0,6,False,True,underpowered,False,,,
us_stocks,1h,short,mc_residual_atr_blend,112,4.605126450752374,-0.39961142994842436,0.35963579697465636,-2.484620078055082,5,1.0,1.0,-0.0097003864610085,-1.725552625340276,-4353.931229038815,0.0,-0.09983147405554746,0.3558979591094279,-0.5257591437596377,-0.4128859572108512,1.0006264355058585,81.0,1.265660235172571e-05,0.5,0.05278760523824218,0.0510073137616779,0.000248133089518521,-0.13057016306754915,-0.03654250645256063,-0.036542506452564995,0.41217633683788546,760.3451678137778,7658.872041350615,8694.298369324508,14121.763368378855,0.2767857142857143,0.482481119227436,0.5175188807725641,35.56912622114308,1.0,0.45223733582363496,405,False,False,False,False,False,False,0,6,False,True,underpowered,False,,,
us_stocks,1h,short,ssl_hybrid,112,4.605126450752374,-0.4000181526377048,0.27190600718381736,-3.2896212584487157,5,1.0,1.0,-0.15441498327887454,-0.6968933723015187,-6039.780863705339,0.0,0.0059181631087492845,0.3558979591094279,-0.5027052868647388,-0.4128859572108512,1.255800731159472,8.0,0.011037666785147905,0.2928571428571428,0.22568177801294576,0.10314634762158256,0.10700976854403287,-0.027454439130126518,-0.0060288080270675115,-0.0060288080270621295,0.41217633683788546,1763.7139091117847,7658.872041350615,9725.455608698736,14121.763368378855,0.19642857142857142,0.5961752692164872,0.4038247307835128,3.473123473464887,1.0,0.34191826652872703,405,False,False,False,False,False,False,0,6,False,True,underpowered,False,,,
us_stocks,1h,long,voltgt_tsmom,112,4.605126450752374,-0.40004580090002506,0.2041977962002227,-4.380701562756763,5,0.5794106277420575,1.0,-0.18169571307690507,-0.24428933079404275,-2569.744100571542,0.0,0.06702932910884296,0.3558979591094279,-0.29612232828611973,-0.4128859572108512,1.0463827461885469,2166.5,7.475924300442806e-05,0.5093199149551093,0.004084101676607473,0.00416327701770943,0.01795682648222131,0.16009910942301853,0.034072591462253166,0.03341617767612186,0.41217633683788546,4459.7936617834275,7658.872041350615,11600.991094230187,14121.763368378855,0.22321428571428573,0.6337260467288478,0.0,15.007276576240283,1.0,0.25677607210261644,405,False,False,False,False,False,False,0,6,False,True,underpowered,False,,,
us_stocks,1h,short,tsmom12,112,4.605126450752374,-0.4169756585803933,0.332287922907437,-2.8059578855299856,5,1.0,1.0,-0.2412812990983302,-0.6645633799602216,-5713.106606712234,0.0,-0.03703134040721316,0.3558979591094279,-0.5362342255352073,-0.4128859572108512,1.1074533169486127,67.0,0.0016042370692245511,0.29716350013379716,0.04882711017602183,0.02005425408320494,0.07999485109586148,-0.042536408871392095,-0.010493577203127102,-0.010493577203135051,0.41217633683788546,1200.257256984783,7658.872041350615,9574.63591128608,14121.763368378855,0.19642857142857142,0.6337260467288478,0.3662739532711522,29.74618722368484,1.0,0.41784773998072977,405,False,False,False,False,False,False,0,6,False,True,underpowered,False,,,
us_stocks,1h,long,faber_gtaa,112,4.605126450752374,-0.42130677685053897,0.15244441971830758,-6.179764363693553,5,0.6073220872179789,1.0,-0.17493077851893843,-0.23287782862860457,-1931.3533653263785,0.0,0.03772016959433511,0.3558979591094279,-0.3181500217217145,-0.4128859572108512,1.353572287987883,36.5,0.0032137876366850155,0.10869565217391304,0.1410689834653444,0.012609256985986106,0.25487525872910755,0.11657081314258366,0.026140740655968386,0.02316404052211795,0.41217633683788546,5377.728108396689,7658.872041350615,11165.708131425836,14121.763368378855,0.24107142857142858,0.6073220872179789,0.0,18.3414898342094,1.0,0.19169687448951508,405,False,False,False,False,False,False,0,6,False,True,underpowered,False,,,
us_stocks,1h,short,HT_TRENDMODE,112,4.605126450752374,-0.4214873513923426,0.34176706651029026,-2.757651224247617,5,1.0,1.0,-0.09528403663794689,-0.8429034898707204,-5664.514364706363,0.0,-0.08436622691051629,0.3558979591094279,-0.5341217766203609,-0.4128859572108512,1.006183328804763,815.0,4.064800884894231e-05,0.4901132713440406,0.015232433434299586,0.014341344146385635,0.0028343235078970327,-0.16085178783330867,-0.03930518593902749,-0.03930518593901358,0.41217633683788546,1474.8894343709737,7658.872041350615,8391.482121666913,14121.763368378855,0.25,0.5924137393311416,0.40758626066885845,358.6509011965585,1.0,0.4297676397373886,405,False,False,False,False,False,False,0,6,False,True,underpowered,False,,,
us_stocks,1h,long,CDLDARKCLOUDCOVER,112,4.605126450752374,-0.42364784134301575,0.3264869610439902,-2.9015105801924843,5,0.006684822975984155,1.0,-0.26172839596457476,-29.919596012543234,-2628.6892955347284,0.0,0.004521333636562411,0.3558979591094279,-0.021882703144390114,-0.4128859572108512,0.995196657019026,8.0,0.00021714407526986224,0.5,0.009597352730032219,0.009376467686987985,0.023158409170566416,0.1770333731644783,0.039207619229650326,0.04355527923024906,0.41217633683788546,1686.1171991726744,7658.872041350615,11770.333731644783,14121.763368378855,0.30357142857142855,0.0,0.006684822975984155,3.907483460486227,1.0,0.410553105908125,405,False,False,False,False,False,False,0,6,False,False,unrankable,False,,,
us_stocks,1h,long,HT_DCPHASE,112,4.605126450752374,-0.4253879399997415,0.26070350466030084,-3.648575234488857,5,1.0,1.0,-0.34856465660923663,-0.79459109089235,-4616.706516478017,0.0,-0.03549450548040724,0.3558979591094279,-0.5058970144601251,-0.4128859572108512,1.0261964434587298,638.0,0.0002117316684906906,0.4736483416628805,0.01907877526718028,0.016758283014880568,0.012634448785873996,-0.08080694447003461,-0.018128784879894,-0.01812878487988176,0.41217633683788546,1100.6526631727952,7658.872041350615,9191.930555299654,14121.763368378855,0.24107142857142858,0.5858457830548184,0.4141542169451816,281.79449839336974,1.0,0.32783126535028295,405,False,False,False,False,False,False,0,6,False,True,underpowered,False,,,
us_stocks,1h,short,HT_DCPHASE,112,4.605126450752374,-0.4253879399997415,0.26070350466030084,-3.648575234488857,5,1.0,1.0,-0.0035079206309552233,-0.79459109089235,-4616.706516478017,0.0,-0.03549450548040724,0.3558979591094279,-0.5058970144601251,-0.4128859572108512,1.0261964434587298,638.0,0.0002117316684906906,0.4736483416628805,0.01907877526718028,0.016758283014880568,0.012634448785873996,-0.08080694447003461,-0.018128784879894,-0.01812878487988176,0.41217633683788546,1100.6526631727952,7658.872041350615,9191.930555299654,14121.763368378855,0.24107142857142858,0.5858457830548184,0.4141542169451816,281.79449839336974,1.0,0.32783126535028295,405,False,False,False,False,False,False,0,6,False,True,underpowered,False,,,
us_stocks,1h,long,CDLHIKKAKE,112,4.605126450752374,-0.42677605909298055,0.42437357559097266,-2.248726909945879,5,0.6266947531936757,1.0,-0.19811570334007136,-6.276987772836781,-3291.5616003167365,0.0,-0.007029926660578006,0.3558979591094279,-0.4145542874488346,-0.4128859572108512,1.0286887694712628,707.0,0.0001958765619050199,0.5285999278019493,0.012786649757454076,0.014371389274533809,0.013629619110806106,0.028218644347872246,0.006056249810495795,-0.005704113988104019,0.41217633683788546,1133.6537092216681,7658.872041350615,10282.186443478724,14121.763368378855,0.33035714285714285,0.30314473195493374,0.3208668730650155,312.7995113125239,1.0,0.533644250193303,405,False,False,False,False,False,False,0,6,False,True,underpowered,False,,,
us_stocks,1h,long,CDL3LINESTRIKE,112,4.605126450752374,-0.429373211177832,0.3471723324393937,-2.7655074964207063,5,0.01857010220671592,1.0,-0.23839876834448542,-72.35776662692277,-2625.8309979259166,0.0,-0.023041956812073397,0.3558979591094279,-0.05308320788234777,-0.4128859572108512,0.9933640353700602,23.0,-2.1341120524104583e-05,0.5,0.011122516391244317,0.011913647884127805,-0.0017913170450955427,0.16265464697584042,0.0365021918160402,-0.05461215066107037,0.41217633683788546,1529.2851029338237,7658.872041350615,11626.546469758403,14121.763368378855,0.2767857142857143,0.010395181933372195,0.008709567428349116,10.857340058271078,1.0,0.43656469132057196,405,False,False,False,False,False,False,0,6,False,False,unrankable,False,,,
us_stocks,1h,long,supertrend_regime,112,4.605126450752374,-0.4303529497551481,0.11448391454008906,-8.405534120979876,5,0.3477496213385763,1.0,-0.1799037423564589,-0.3404273437701535,-2464.764817901714,0.0,-0.010629271594913343,0.3558979591094279,-0.2361741079440826,-0.4128859572108512,1.0588694185542507,94.0,0.000724793527048251,0.33064516129032256,0.03826128397213786,0.018000195792276987,0.040265869072336695,0.10864773921177018,0.025121301858536116,0.0014133707504258605,0.41217633683788546,3260.5133935058957,7658.872041350615,11086.4773921177,14121.763368378855,0.23214285714285715,0.3477496213385763,0.0,41.90538135403596,1.0,0.1439620330951624,405,False,False,False,False,False,False,0,6,False,True,underpowered,False,,,
us_stocks,1h,long,donchian_s2,112,4.605126450752374,-0.4307931873005531,0.17462527811022963,-5.516285279384224,5,0.35951723236515043,1.0,-0.12818797172755553,-0.3412141339542694,-2501.6944390582075,0.0,-0.0009834792163772956,0.3558979591094279,-0.255479699325175,-0.4128859572108512,1.0755185997424936,10.0,0.003941474538265107,0.4166666666666667,0.0942204076801392,0.06637111826868594,0.0593853869134627,0.11204927283267052,0.023997136943880948,-0.0037451871055159238,0.41217633683788546,2925.459676972024,7658.872041350615,11120.492728326706,14121.763368378855,0.20535714285714285,0.35951723236515043,0.0,4.667039503876103,1.0,0.21958901534375555,405,False,False,False,False,False,False,0,6,False,True,underpowered,False,,,
us_stocks,1h,long,CDLXSIDEGAP3METHODS,112,4.605126450752374,-0.43169334242604995,0.3958702402122692,-2.438414311167067,5,0.05375479401212421,1.0,-0.23416338692304253,-43.40583290836702,-3034.2774307798563,0.0,-0.05202287950118485,0.3558979591094279,-0.10166577229976714,-0.4128859572108512,0.981368683121997,66.0,-9.987912101362556e-05,0.48946317657497784,0.013320425617238715,0.01267570744904506,-0.007879569753019984,0.1315641127858057,0.033053649326071244,-0.07383418515978057,0.41217633683788546,1482.0249004785821,7658.872041350615,11315.641127858056,14121.763368378855,0.25892857142857145,0.026558530287635787,0.027037026432446536,31.26607919781498,1.0,0.49780167678379117,405,False,False,False,False,False,False,0,6,False,False,unrankable,False,,,
us_stocks,1h,long,CDLDOJISTAR,112,4.605126450752374,-0.4325050663735611,0.3046026176015819,-3.1749915238394806,5,0.0892677013236435,1.0,-0.21340430883184053,-34.19352974201231,-3098.2487587680534,0.0,-0.10429989725072705,0.3558979591094279,-0.15949413927475348,-0.4128859572108512,0.9706525402685433,109.0,-0.00019887510734312787,0.5047376419057835,0.0134910410164965,0.014238059743658254,-0.013967851724439382,0.11341772234906533,0.02478196325040105,-0.10196960226611387,0.41217633683788546,1538.6540387213777,7658.872041350615,11134.177223490653,14121.763368378855,0.26785714285714285,0.043012757422065555,0.04528870305289938,51.45944922362149,1.0,0.3830338287452301,405,False,False,False,False,False,False,0,6,False,False,unrankable,False,,,
us_stocks,1h,long,LINEARREG_INTERCEPT_50,112,4.605126450752374,-0.4329315505212946,0.30834477900368773,-3.1395517047441928,5,1.0,1.0,-0.31597329271262553,-2.189826215280486,-5084.583051349849,0.0,-0.07808845436534764,0.3558979591094279,-0.5128173186561809,-0.4128859572108512,1.014417104630403,287.5,0.00016766281533450906,0.24961059190031154,0.04513295007190841,0.014336103086177367,0.011695145767762146,-0.12133674944305212,-0.03443949852023204,-0.03443949852023273,0.41217633683788546,1207.040876041602,7658.872041350615,8786.63250556948,14121.763368378855,0.2857142857142857,0.532085650338646,0.4679143496613539,131.55271228232027,1.0,0.3877395480227514,405,False,False,False,False,False,False,0,6,False,True,underpowered,False,,,
us_stocks,1h,short,LINEARREG_INTERCEPT_50,112,4.605126450752374,-0.4329315505212946,0.30834477900368773,-3.1395517047441928,5,1.0,1.0,-0.06343186325311564,-2.189826215280486,-5084.583051349849,0.0,-0.07808845436534764,0.3558979591094279,-0.5128173186561809,-0.4128859572108512,1.014417104630403,287.5,0.00016766281533450906,0.24961059190031154,0.04513295007190841,0.014336103086177367,0.011695145767762146,-0.12133674944305212,-0.03443949852023204,-0.03443949852023273,0.41217633683788546,1207.040876041602,7658.872041350615,8786.63250556948,14121.763368378855,0.2857142857142857,0.532085650338646,0.4679143496613539,131.55271228232027,1.0,0.3877395480227514,405,False,False,False,False,False,False,0,6,False,True,underpowered,False,,,
us_stocks,1h,long,MAMA,112,4.605126450752374,-0.43961125902520914,0.3067032785562941,-3.205054290524025,5,1.0,1.0,-0.391677234362685,-2.5319662578333,-4920.810456186106,0.0,-0.06777134176712246,0.3558979591094279,-0.500105827031176,-0.4128859572108512,1.0183546470819467,338.0,0.00018253706935425436,0.3185999185999186,0.03744163543480199,0.01693880479325844,0.010776266187736173,-0.11908468979289727,-0.03360502443749863,-0.03360502443751609,0.41217633683788546,191.20473788642883,7658.872041350615,8809.153102071028,14121.763368378855,0.24107142857142858,0.5255635909513952,0.4744364090486049,149.3352434544231,1.0,0.38567538256612166,405,False,False,False,False,False,False,0,6,False,True,underpowered,False,,,
us_stocks,1h,short,MAMA,112,4.605126450752374,-0.43961125902520914,0.3067032785562941,-3.205054290524025,5,1.0,1.0,-0.038660424824256204,-2.5319662578333,-4920.810456186106,0.0,-0.06777134176712246,0.3558979591094279,-0.500105827031176,-0.4128859572108512,1.0183546470819467,338.0,0.00018253706935425436,0.3185999185999186,0.03744163543480199,0.01693880479325844,0.010776266187736173,-0.11908468979289727,-0.03360502443749863,-0.03360502443751609,0.41217633683788546,191.20473788642883,7658.872041350615,8809.153102071028,14121.763368378855,0.24107142857142858,0.5255635909513952,0.4744364090486049,149.3352434544231,1.0,0.38567538256612166,405,False,False,False,False,False,False,0,6,False,True,underpowered,False,,,
us_stocks,1h,long,CDLSTALLEDPATTERN,112,4.605126450752374,-0.4402784851748459,0.4251829768875252,-2.3154563456147477,5,0.023519217766644014,1.0,-0.25603782365576866,-6.2521349236404085,-3197.169039305065,0.0,-0.16025343153912142,0.3558979591094279,-0.06283785528259583,-0.4128859572108512,0.8662965410057699,29.0,-0.0007477558367161964,0.5,0.012733382418721718,0.013262200531266264,-0.056382486070341555,0.14267715449917495,0.03276286131291706,-0.23611941115177626,0.41217633683788546,1449.7254490009022,7658.872041350615,11426.771544991749,14121.763368378855,0.2767857142857143,0.0,0.023519217766644014,13.463934816145676,1.0,0.5346620617933838,405,False,False,False,False,False,False,0,6,False,False,unrankable,False,,,
us_stocks,1h,long,ADXR,112,4.605126450752374,-0.44138890324386193,0.2321430301349089,-4.251583997993721,5,1.0,1.0,-0.3069389091717176,-3.673060108513581,-4697.546586722752,0.0,-0.09508417568831701,0.3558979591094279,-0.5070279883584753,-0.4128859572108512,1.0125018118458589,401.0,9.639938020509833e-05,0.4910678761836556,0.023675058027767183,0.022359535562372048,0.004311331956613845,-0.1717701767770909,-0.045276701550371556,-0.04527670155035751,0.41217633683788546,382.9967623942133,7658.872041350615,8282.298232229092,14121.763368378855,0.26785714285714285,0.4826391204336479,0.517360879566352,175.98962440159835,1.0,0.2919168402071923,405,False,False,False,False,False,False,0,6,False,True,underpowered,False,,,
us_stocks,1h,short,ADXR,112,4.605126450752374,-0.44138890324386193,0.2321430301349089,-4.251583997993721,5,1.0,1.0,-0.01626389892977666,-3.673060108513581,-4697.546586722752,0.0,-0.09508417568831701,0.3558979591094279,-0.5070279883584753,-0.4128859572108512,1.0125018118458589,401.0,9.639938020509833e-05,0.4910678761836556,0.023675058027767183,0.022359535562372048,0.004311331956613845,-0.1717701767770909,-0.045276701550371556,-0.04527670155035751,0.41217633683788546,382.9967623942133,7658.872041350615,8282.298232229092,14121.763368378855,0.26785714285714285,0.4826391204336479,0.517360879566352,175.98962440159835,1.0,0.2919168402071923,405,False,False,False,False,False,False,0,6,False,True,underpowered,False,,,
us_stocks,1h,long,ULTOSC,112,4.605126450752374,-0.44460130470683107,0.4617932710571187,-2.152822058090589,5,1.0,1.0,-0.3375044633620305,-2.758397901207865,-4558.503371787466,0.0,-0.07678955826961795,0.3558979591094279,-0.5336451269622031,-0.4128859572108512,1.0170275063520382,1057.5,8.998735612134498e-05,0.35430021754894847,0.01712185075549487,0.009117654608020347,0.009869572822180343,-0.1022707305984647,-0.03268913050626976,-0.03268913050628494,0.41217633683788546,1398.0245733438585,7658.872041350615,8977.292694015352,14121.763368378855,0.3125,0.5263497367355996,0.4736502632644004,468.9541939469598,1.0,0.5806990304106744,405,False,False,False,False,False,False,0,6,False,True,underpowered,False,,,
us_stocks,1h,short,ULTOSC,112,4.605126450752374,-0.44460130470683107,0.4617932710571187,-2.152822058090589,5,1.0,1.0,-0.017503948823990752,-2.758397901207865,-4558.503371787466,0.0,-0.07678955826961795,0.3558979591094279,-0.5336451269622031,-0.4128859572108512,1.0170275063520382,1057.5,8.998735612134498e-05,0.35430021754894847,0.01712185075549487,0.009117654608020347,0.009869572822180343,-0.1022707305984647,-0.03268913050626976,-0.03268913050628494,0.41217633683788546,1398.0245733438585,7658.872041350615,8977.292694015352,14121.763368378855,0.3125,0.5263497367355996,0.4736502632644004,468.9541939469598,1.0,0.5806990304106744,405,False,False,False,False,False,False,0,6,False,True,underpowered,False,,,
us_stocks,1h,short,golden_cross,112,4.605126450752374,-0.4479248870076537,0.3833542188791806,-2.6127024220351447,5,1.0,1.0,-0.17514342490981122,-0.7517495894251407,-5711.848522007629,0.0,-0.09482708402836798,0.3558979591094279,-0.5456303990041479,-0.4128859572108512,1.0064534413131945,7.5,0.002181081836116365,0.3,0.26392839931524253,0.11445304150988578,0.019056565097293428,-0.09327282776997087,-0.021036101708236554,-0.021036101708236526,0.41217633683788546,1419.401271008653,7658.872041350615,9067.271722300291,14121.763368378855,0.19642857142857142,0.612352328073159,0.387647671926841,3.0397182898022086,1.0,0.4820629427912274,405,False,False,False,False,False,False,0,6,False,True,underpowered,False,,,
us_stocks,1h,long,CDLIDENTICAL3CROWS,112,4.605126450752374,-0.4484240944040897,0.5123731394895058,-1.9569854087889098,5,0.010400544830302543,1.0,-0.24961026092261468,-17.61690180872606,-2247.7782864151104,0.0,-0.11117071508472551,0.3558979591094279,-0.04420972051416716,-0.4128859572108512,0.8584751817492142,12.0,-0.0016993523271289805,0.46153846153846156,0.013566749667822071,0.013482658403652646,-0.1260398562548022,0.1547360170199057,0.034022686284130854,-0.3916186102981897,0.41217633683788546,1614.609948579507,7658.872041350615,11547.360170199056,14121.763368378855,0.25892857142857145,0.0,0.010400544830302543,5.847070952393118,1.0,0.6443025569188675,405,False,False,False,False,False,False,0,6,False,False,unrankable,False,,,
us_stocks,1h,long,SUM,112,4.605126450752374,-0.449634027936307,0.3550456416636921,-2.8317831103387348,5,1.0,1.0,-0.309937978194319,-2.2562270109268345,-5032.805918695176,0.0,-0.02499825909775705,0.3558979591094279,-0.5450255565427744,-0.4128859572108512,1.0209456993434909,185.0,0.0004521381613507658,0.3537186570335742,0.04733288972805777,0.02456436369688737,0.01840626392484401,-0.11471933508987003,-0.0310058778360065,-0.031005877836015258,0.41217633683788546,413.63223091624707,7658.872041350615,8852.8066491013,14121.763368378855,0.26785714285714285,0.531406791149245,0.46859320885075506,81.21185276480779,1.0,0.4464652752381492,405,False,False,False,False,False,False,0,6,False,True,underpowered,False,,,
us_stocks,1h,short,SUM,112,4.605126450752374,-0.449634027936307,0.3550456416636921,-2.8317831103387348,5,1.0,1.0,-0.034543576319624555,-2.2562270109268345,-5032.805918695176,0.0,-0.02499825909775705,0.3558979591094279,-0.5450255565427744,-0.4128859572108512,1.0209456993434909,185.0,0.0004521381613507658,0.3537186570335742,0.04733288972805777,0.02456436369688737,0.01840626392484401,-0.11471933508987003,-0.0310058778360065,-0.031005877836015258,0.41217633683788546,413.63223091624707,7658.872041350615,8852.8066491013,14121.763368378855,0.26785714285714285,0.531406791149245,0.46859320885075506,81.21185276480779,1.0,0.4464652752381492,405,False,False,False,False,False,False,0,6,False,True,underpowered,False,,,
us_stocks,1h,long,TSF_200,112,4.605126450752374,-0.4501065296799525,0.42499447390674727,-2.3681926690221884,5,1.0,1.0,-0.32716143576712686,-7.050021063703194,-4380.644816923939,0.0,-0.04852872548293248,0.3558979591094279,-0.49371032478452787,-0.4128859572108512,1.0199963643548067,372.5,0.00020382705192745936,0.21772584050465577,0.04412440612138212,0.011209881909582563,0.018182800993935672,-0.12786371375666905,-0.03789661280517731,-0.037896612805174854,0.41217633683788546,586.3227983066954,7658.872041350615,8721.36286243331,14121.763368378855,0.26785714285714285,0.5043946521416192,0.4956053478583808,170.39111315909167,1.0,0.5344250217474847,405,False,False,False,False,False,False,0,6,False,True,underpowered,False,,,
us_stocks,1h,long,TEMA_200,112,4.605126450752374,-0.4522133668328169,0.473815978092225,-2.1341193107156218,5,1.0,1.0,-0.30253076294566383,-6.03059780841418,-5049.054190900815,0.0,-0.09037026709348528,0.3558979591094279,-0.49264904565402723,-0.4128859572108512,1.0100891405122683,443.5,7.067968296063694e-05,0.21186573830911432,0.04065094166118534,0.010724855777095584,0.006590268851128348,-0.12835833465026225,-0.029387148994986567,-0.029387148994982973,0.41217633683788546,642.8088510885074,7658.872041350615,8716.416653497377,14121.763368378855,0.26785714285714285,0.5034956098115473,0.4965043901884526,198.3830543688599,1.0,0.5958174280915585,405,False,False,False,False,False,False,0,6,False,True,underpowered,False,,,
us_stocks,1h,long,MINMAXINDEX,112,4.605126450752374,-0.4540232576910094,0.45032606258722735,-2.2544261856182346,5,0.9936242687406798,1.0,-0.2984872084857869,-17.73219680914666,-5038.396367632856,0.0,-0.04176101864878055,0.3558979591094279,-0.537281790348291,-0.4128859572108512,1.0202315794459302,543.5,0.00020321295418696385,0.3827715083341669,0.026090929436712484,0.015668491174925595,0.01296952922385833,-0.11258700207565803,-0.031134935730678326,-0.031148796906496787,0.41217633683788546,549.3316843920561,7658.872041350615,8874.12997924342,14121.763368378855,0.26785714285714285,0.499040646218268,0.4947407721523655,239.01981235580467,1.0,0.5662791649484958,405,False,False,False,False,False,False,0,6,False,True,underpowered,False,,,
us_stocks,1h,long,CDLSEPARATINGLINES,112,4.605126450752374,-0.4548147507594649,0.19791968372513244,-5.138431310754194,5,0.032707484307842774,1.0,-0.29688234561144,-65.73765819473275,-3374.6040782276964,0.0,-0.13715573243259394,0.3558979591094279,-0.08107528240707718,-0.4128859572108512,0.9328816357254173,41.0,-0.0005095790530035507,0.4897959183673469,0.012824161685302263,0.013491579712629369,-0.03777015470816494,0.13135561533357876,0.029994829344833662,-0.18873202362955982,0.41217633683788546,1388.7901095633872,7658.872041350615,11313.556153335787,14121.763368378855,0.25892857142857145,0.01609371596374729,0.017074981440237565,18.988956732845097,1.0,0.24888142734361315,405,False,False,False,False,False,False,0,6,False,False,unrankable,False,,,
us_stocks,1h,short,mc_high_low_range_break,112,4.605126450752374,-0.46014114313745724,0.33683513741144866,-3.054630473551195,5,1.0,1.0,-0.06382075388619277,-1.4711422405357761,-5587.3199881051005,0.0,-0.11717053126017497,0.3558979591094279,-0.5179362959807283,-0.4128859572108512,1.010421727326675,74.0,0.00023923197814737347,0.5687607438662291,0.04864018667783939,0.059330277243424795,0.004032207319137145,-0.13836044678309406,-0.031832842225384406,-0.03183284222540807,0.41217633683788546,61.43813824051007,7658.872041350615,8616.39553216906,14121.763368378855,0.29464285714285715,0.4828824232193567,0.5171175767806433,32.17345886067551,1.0,0.42356580306013375,405,False,False,False,False,False,False,0,6,False,True,underpowered,False,,,
us_stocks,1h,short,mc_lag2_autocorr,112,4.605126450752374,-0.4601469458930965,0.4408307487958153,-2.3340473718462373,5,1.0,1.0,-0.01879623821759304,-2.069724486142227,-5137.924163343632,0.0,-0.08373155039053128,0.3558979591094279,-0.5654983130719897,-0.4128859572108512,1.0220533984851339,81.0,0.00040694597899963193,0.5220019342359767,0.05252869476850791,0.0543347697261497,0.007489605294191226,-0.18397867007552549,-0.04738456530532442,-0.04738456530531597,0.41217633683788546,-91.83522842642968,7658.872041350615,8160.213299244745,14121.763368378855,0.29464285714285715,0.4915873583497993,0.5084126416502007,35.61561179421308,1.0,0.5543389313900989,405,False,False,False,False,False,False,0,6,False,True,underpowered,False,,,
us_stocks,1h,short,T3_200,112,4.605126450752374,-0.46026828522378793,0.2828734139511729,-3.6383453618773154,5,1.0,1.0,-0.0697757005919951,-2.033786799986072,-5445.508177096353,0.0,-0.09318067193761456,0.3558979591094279,-0.5238616087871886,-0.4128859572108512,1.0165871326765585,173.5,0.00017519988480896174,0.1460860789302159,0.07566637640529666,0.012964970991697196,0.01351332640243933,-0.10276017271678128,-0.025151775256524567,-0.025151775256522707,0.41217633683788546,-237.08044170087982,7658.872041350615,8972.398272832186,14121.763368378855,0.22321428571428573,0.5336139431037724,0.4663860568962276,78.17869742413338,1.0,0.3557096378524012,405,False,False,False,False,False,False,0,6,False,True,underpowered,False,,,
us_stocks,1h,long,T3_200,112,4.605126450752374,-0.460904036244196,0.28270388583099804,-3.645555677866258,5,1.0,1.0,-0.3206374224362881,-2.033786799986072,-5445.508177096353,0.0,-0.09318067193761456,0.3558979591094279,-0.5238616087871886,-0.4128859572108512,1.0165871326765585,173.5,0.00017519988480896174,0.1460860789302159,0.07566637640529666,0.012964970991697196,0.01351332640243933,-0.10276017271678128,-0.025151775256524567,-0.025151775256522707,0.41217633683788546,-237.050049441352,7658.872041350615,8972.398272832186,14121.763368378855,0.22321428571428573,0.5336139431037724,0.46463300417758924,78.17869742413338,1.0,0.3554964584468469,405,False,False,False,False,False,False,0,6,False,True,underpowered,False,,,
us_stocks,1h,long,LINEARREG_200,112,4.605126450752374,-0.4617398357191666,0.42644579649956976,-2.421132226094492,5,1.0,1.0,-0.3037698420314815,-7.118196104401839,-4711.427986945754,0.0,-0.06173379576335282,0.3558979591094279,-0.4931638157953205,-0.4128859572108512,1.012455140152635,372.5,0.00011779734443116932,0.21697783600829784,0.04386120978241751,0.011472298639301892,0.010267980997950859,-0.1453369998426915,-0.03793191684064762,-0.03793191684066135,0.41217633683788546,483.3126564283465,7658.872041350615,8546.630001573085,14121.763368378855,0.25892857142857145,0.5048279277048775,0.49517207229512256,171.101092948985,1.0,0.5362500410262105,405,False,False,False,False,False,False,0,6,False,True,underpowered,False,,,
us_stocks,1h,long,TRIMA_100,112,4.605126450752374,-0.4640094728776167,0.36362890517901597,-2.8533395139404627,5,1.0,1.0,-0.3201789873836536,-1.982842003327049,-5375.850713582765,0.0,-0.10774195120708803,0.3558979591094279,-0.5385652740328205,-0.4128859572108512,1.0073206315084122,315.5,3.629629509562412e-05,0.18669046063104272,0.050131301468413034,0.011294862047439354,0.0032135226568661642,-0.10178497723290614,-0.033467663885419,-0.033467663885412564,0.41217633683788546,1264.3794227391768,7658.872041350615,8982.15022767094,14121.763368378855,0.24107142857142858,0.5380899137137694,0.4619100862862306,143.83727062543574,1.0,0.45725861744016527,405,False,False,False,False,False,False,0,6,False,True,underpowered,False,,,
us_stocks,1h,short,TRIMA_100,112,4.605126450752374,-0.4640094728776167,0.36362890517901597,-2.8533395139404627,5,1.0,1.0,-0.057264489025940835,-1.982842003327049,-5375.850713582765,0.0,-0.10774195120708803,0.3558979591094279,-0.5385652740328205,-0.4128859572108512,1.0073206315084122,315.5,3.629629509562412e-05,0.18669046063104272,0.050131301468413034,0.011294862047439354,0.0032135226568661642,-0.10178497723290614,-0.033467663885419,-0.033467663885412564,0.41217633683788546,1264.3794227391768,7658.872041350615,8982.15022767094,14121.763368378855,0.24107142857142858,0.5380899137137694,0.4619100862862306,143.83727062543574,1.0,0.45725861744016527,405,False,False,False,False,False,False,0,6,False,True,underpowered,False,,,
us_stocks,1h,long,CDLINNECK,112,4.605126450752374,-0.467941863165014,0.4595335386523906,-2.2769824779783416,5,0.0014867127865158536,1.0,-0.20501470988503934,-150.5846957261224,-2776.2833894248133,0.0,-0.03448764368049093,0.3558979591094279,-0.011755805719850243,-0.4128859572108512,0.49877516008106504,2.0,-0.00043432461388230603,0.5,0.005798746260279701,0.006210539188911193,-0.06993347931171337,0.19094449258839363,0.03963234030168994,-0.11966994762749728,0.41217633683788546,1668.578796981217,7658.872041350615,11909.444925883938,14121.763368378855,0.25,0.0,0.0014867127865158536,0.8688235430690134,1.0,0.577857446310912,405,False,False,False,False,False,False,0,6,False,False,unrankable,False,,,
us_stocks,1h,long,DEMA_100,112,4.605126450752374,-0.468373663412612,0.4545692389958016,-2.3039732133543676,5,1.0,1.0,-0.29657125932552586,-6.352582155640054,-5526.397290926885,0.0,-0.08943425427378399,0.3558979591094279,-0.5065049656341154,-0.4128859572108512,1.006583698365879,557.5,4.213463068717209e-05,0.2199630314232902,0.035322909510406765,0.009425508421852963,0.004470276700351071,-0.10741434516766024,-0.042953664326169205,-0.04295366432617187,0.41217633683788546,579.4813309507946,7658.872041350615,8925.856548323398,14121.763368378855,0.25,0.5096266966848246,0.49037330331517537,249.0837293920065,1.0,0.5716149040784316,405,False,False,False,False,False,False,0,6,False,True,underpowered,False,,,
us_stocks,1h,short,DEMA_100,112,4.605126450752374,-0.468373663412612,0.4545692389958016,-2.3039732133543676,5,1.0,1.0,-0.03207499240930467,-6.352582155640054,-5526.397290926885,0.0,-0.08943425427378399,0.3558979591094279,-0.5065049656341154,-0.4128859572108512,1.006583698365879,557.5,4.213463068717209e-05,0.2199630314232902,0.035322909510406765,0.009425508421852963,0.004470276700351071,-0.10741434516766024,-0.042953664326169205,-0.04295366432617187,0.41217633683788546,579.4813309507946,7658.872041350615,8925.856548323398,14121.763368378855,0.25,0.5096266966848246,0.49037330331517537,249.0837293920065,1.0,0.5716149040784316,405,False,False,False,False,False,False,0,6,False,True,underpowered,False,,,
us_stocks,1h,short,T3_1000,112,4.605126450752374,-0.4710109531813746,0.42458027669059684,-2.480596879510795,5,1.0,1.0,-0.03701968776673699,-0.7259579490074867,-5146.246506338914,0.0,-0.10871717267735642,0.3558979591094279,-0.5272413566720634,-0.4128859572108512,0.8828176495914484,58.0,-0.0008829380625519946,0.10241841491841491,0.1260185494053674,0.014968920226191368,-0.058984753022272324,-0.13896819500433633,-0.0319413882930038,-0.03194138829299673,0.41217633683788546,2130.923979145252,7658.872041350615,8610.318049956637,14121.763368378855,0.24107142857142858,0.4813414834825544,0.5186585165174455,27.691167486266185,1.0,0.5339041741368932,405,False,False,False,False,False,False,0,6,False,True,underpowered,False,,,
us_stocks,1h,long,T3_50,112,4.605126450752374,-0.47141846606926807,0.3608662523331511,-2.9210925908538443,5,1.0,1.0,-0.3253213465026106,-2.874288799198709,-5486.904902290688,0.0,-0.09815079773394285,0.3558979591094279,-0.5092377778700798,-0.4128859572108512,1.0042294744311953,394.0,5.300131619589174e-05,0.20443417004932923,0.04421529699263778,0.011330422415544487,0.004677788192890136,-0.19092716710616087,-0.051974537087789374,-0.0519745370877774,0.41217633683788546,670.2512305656284,7658.872041350615,8090.728328938391,14121.763368378855,0.25892857142857145,0.5238544308089632,0.4761455691910368,175.03452916467612,1.0,0.45378461742868276,405,False,False,False,False,False,False,0,6,False,True,underpowered,False,,,
us_stocks,1h,short,T3_50,112,4.605126450752374,-0.47141846606926807,0.3608662523331511,-2.9210925908538443,5,1.0,1.0,-0.0771203741850049,-2.874288799198709,-5486.904902290688,0.0,-0.09815079773394285,0.3558979591094279,-0.5092377778700798,-0.4128859572108512,1.0042294744311953,394.0,5.300131619589174e-05,0.20443417004932923,0.04421529699263778,0.011330422415544487,0.004677788192890136,-0.19092716710616087,-0.051974537087789374,-0.0519745370877774,0.41217633683788546,670.2512305656284,7658.872041350615,8090.728328938391,14121.763368378855,0.25892857142857145,0.5238544308089632,0.4761455691910368,175.03452916467612,1.0,0.45378461742868276,405,False,False,False,False,False,False,0,6,False,True,underpowered,False,,,
us_stocks,1h,long,ADX,112,4.605126450752374,-0.4716650429869064,0.4221122905916932,-2.498565244927361,5,1.0,1.0,-0.2879957194514935,-1.356863382271111,-5918.537552846926,0.0,-0.0675998079489141,0.3558979591094279,-0.5418734156282428,-0.4128859572108512,1.0069627152609866,458.0,8.27174817195496e-05,0.496220091239177,0.02259871259419996,0.021798904623617835,0.003794570559748679,-0.1272154348913267,-0.03450294646929669,-0.03450294646928755,0.41217633683788546,-217.3946253831647,7658.872041350615,8727.845651086733,14121.763368378855,0.23214285714285715,0.4655762691229499,0.5344237308770501,200.54517200216878,1.0,0.5308007137260915,405,False,False,False,False,False,False,0,6,False,True,underpowered,False,,,
us_stocks,1h,long,TSF_100,112,4.605126450752374,-0.47210468459363913,0.36483105030335,-2.8935535129746093,5,1.0,1.0,-0.26914961729728004,-10.844967831919464,-5269.296423385749,0.0,-0.056027570916898424,0.3558979591094279,-0.4945134749379383,-0.4128859572108512,1.013675911378475,538.0,0.00011727195186200429,0.25464071949915257,0.03355364152209313,0.010529078349935713,0.011137912357041233,-0.1460610618205362,-0.048943242105132456,-0.04894324210511675,0.41217633683788546,464.2781813741588,7658.872041350615,8539.389381794637,14121.763368378855,0.26785714285714285,0.5,0.5,239.84736321622637,1.0,0.458770299294073,405,False,False,False,False,False,False,0,6,False,True,underpowered,False,,,
us_stocks,1h,short,TSF_100,112,4.605126450752374,-0.47210468459363913,0.36483105030335,-2.8935535129746093,5,1.0,1.0,-0.013439605305884837,-10.844967831919464,-5269.296423385749,0.0,-0.056027570916898424,0.3558979591094279,-0.4945134749379383,-0.4128859572108512,1.013675911378475,538.0,0.00011727195186200429,0.25464071949915257,0.03355364152209313,0.010529078349935713,0.011137912357041233,-0.1460610618205362,-0.048943242105132456,-0.04894324210511675,0.41217633683788546,464.2781813741588,7658.872041350615,8539.389381794637,14121.763368378855,0.26785714285714285,0.5,0.5,239.84736321622637,1.0,0.458770299294073,405,False,False,False,False,False,False,0,6,False,True,underpowered,False,,,
us_stocks,1h,short,st_reversal,112,4.605126450752374,-0.4724432248156359,0.2795834150662079,-3.7785330218775988,5,1.0,1.0,-0.01584654780149526,-1.2364181827041203,-5306.455471755491,0.0,-0.16377012345753617,0.3558979591094279,-0.5415037022181056,-0.4128859572108512,0.9816083964354363,526.0,-0.00012744234129409316,0.6648446833930706,0.011310021203889737,0.023247834083846904,-0.005481901704668601,-0.17759553580155885,-0.05428203168101525,-0.05428203168101917,0.41217633683788546,-927.7310119135911,7658.872041350615,8224.044641984412,14121.763368378855,0.26785714285714285,0.47382737813983133,0.5261726218601687,237.74788117761673,1.0,0.3515725070575372,405,False,False,False,False,False,False,0,6,False,True,underpowered,False,,,
us_stocks,1h,long,TEMA_50,112,4.605126450752374,-0.4727106035846573,0.49996785763376067,-2.11416199493876,5,1.0,1.0,-0.2172297810844584,-14.05773518643166,-4578.549822678831,0.0,0.027502662218161673,0.3558979591094279,-0.5217835803127873,-0.4128859572108512,1.0392596741624003,922.5,0.00023397476819822483,0.28540889799536373,0.023066215603404855,0.00910490560869118,0.02569765994881724,0.007240396134994165,0.0015676303815430614,0.0015676303815386338,0.41217633683788546,2043.0235737902408,7658.872041350615,10072.40396134994,14121.763368378855,0.32142857142857145,0.4988756927207775,0.5011243072792225,410.61646609837095,1.0,0.6287030763783394,405,False,False,False,False,False,False,0,6,False,True,underpowered,False,,,
us_stocks,1h,long,CDLMORNINGDOJISTAR,112,4.605126450752374,-0.47289902051720845,0.23666125269432728,-4.468134704481315,5,0.007426661715558856,1.0,-0.20761436075386727,-25.06734055794643,-2815.746328129053,0.0,-0.04832995035758104,0.3558979591094279,-0.028620881281633093,-0.4128859572108512,0.8978349994234565,9.0,-0.0001436853574084311,0.5,0.012093636420966902,0.011014208273289066,-0.013045454910897897,0.1646964440208578,0.03945370731499509,-0.05076543399819685,0.41217633683788546,1655.1137192925676,7658.872041350615,11646.964440208578,14121.763368378855,0.3125,0.007426661715558856,0.0,4.337941090333244,1.0,0.2975984462934563,405,False,False,False,False,False,False,0,6,False,False,unrankable,False,,,
us_stocks,1h,short,voltgt_tsmom,112,4.605126450752374,-0.47333102314091813,0.32334856015075886,-3.2732489766125683,5,0.8822212737095835,1.0,-0.29509373170518927,-0.7603705639009466,-6038.380110526801,0.0,-0.10371646950810764,0.3558979591094279,-0.5142333539783674,-0.4128859572108512,0.9891814585621899,2216.0,-1.3298666162050953e-05,0.5084793060859241,0.00345262407237131,0.003666976865633035,-0.003626602143767598,-0.08963339753295996,-0.025594082461637024,-0.02559408246163137,0.41217633683788546,-363.82669394536254,7658.872041350615,9103.666024670401,14121.763368378855,0.16964285714285715,0.6182379354154655,0.3817620645845345,30.014553152480566,1.0,0.4066066076155719,405,False,False,False,False,False,False,0,6,False,True,underpowered,False,,,
us_stocks,1h,long,CDL2CROWS,112,4.605126450752374,-0.47372410265030396,0.1983614794772052,-5.340146176051765,5,0.0007428500680945896,1.0,-0.25076330976756284,-210.10137399379877,-2544.7087478207695,0.0,-0.15225281711974958,0.3558979591094279,-0.007487370383740477,-0.4128859572108512,0.23697874145384898,1.0,-0.0013605113699540448,0.5,0.003968082271316744,0.0072804619501013095,-0.1868715720621427,0.1909550980285274,0.03988045396603368,-0.3283538169927223,0.41217633683788546,1690.6447287639578,7658.872041350615,11909.550980285274,14121.763368378855,0.16964285714285715,0.0,0.0007428500680945896,0.4343579938417913,1.0,0.24943697975406925,405,False,False,False,False,False,False,0,6,False,False,unrankable,False,,,
us_stocks,1h,long,APO,112,4.605126450752374,-0.4758345440251828,0.3009648759097754,-3.535290898204,5,1.0,1.0,-0.36693937009097255,-2.8219457856043153,-4643.431384701671,0.0,-0.11798942196306,0.3558979591094279,-0.4899729643517308,-0.4128859572108512,1.0039694222757103,330.0,4.965362897456056e-05,0.3717520600744285,0.03290543541429804,0.019269919778179025,0.0025767429001332743,-0.12687903903432235,-0.033008872047052606,-0.03300887204704422,0.41217633683788546,-123.35640146325262,7658.872041350615,8731.209609656777,14121.763368378855,0.25892857142857145,0.5248761778793856,0.47512382212061455,145.92831882176048,1.0,0.3784594158949068,405,False,False,False,False,False,False,0,6,False,True,underpowered,False,,,
us_stocks,1h,long,PPO,112,4.605126450752374,-0.4758345440251828,0.3009648759097754,-3.535290898204,5,1.0,1.0,-0.36693937009097255,-2.8219457856043153,-4643.431384701671,0.0,-0.11798942196306,0.3558979591094279,-0.4899729643517308,-0.4128859572108512,1.0039694222757103,330.0,4.965362897456056e-05,0.3717520600744285,0.03290543541429804,0.019269919778179025,0.0025767429001332743,-0.12687903903432235,-0.033008872047052606,-0.03300887204704422,0.41217633683788546,-123.35640146325262,7658.872041350615,8731.209609656777,14121.763368378855,0.25892857142857145,0.5248761778793856,0.47512382212061455,145.92831882176048,1.0,0.3784594158949068,405,False,False,False,False,False,False,0,6,False,True,underpowered,False,,,
us_stocks,1h,short,APO,112,4.605126450752374,-0.4758345440251828,0.3009648759097754,-3.535290898204,5,1.0,1.0,-0.07599190291462701,-2.8219457856043153,-4643.431384701671,0.0,-0.11798942196306,0.3558979591094279,-0.4899729643517308,-0.4128859572108512,1.0039694222757103,330.0,4.965362897456056e-05,0.3717520600744285,0.03290543541429804,0.019269919778179025,0.0025767429001332743,-0.12687903903432235,-0.033008872047052606,-0.03300887204704422,0.41217633683788546,-123.35640146325262,7658.872041350615,8731.209609656777,14121.763368378855,0.25892857142857145,0.5248761778793856,0.47512382212061455,145.92831882176048,1.0,0.3784594158949068,405,False,False,False,False,False,False,0,6,False,True,underpowered,False,,,
us_stocks,1h,short,PPO,112,4.605126450752374,-0.4758345440251828,0.3009648759097754,-3.535290898204,5,1.0,1.0,-0.07599190291462701,-2.8219457856043153,-4643.431384701671,0.0,-0.11798942196306,0.3558979591094279,-0.4899729643517308,-0.4128859572108512,1.0039694222757103,330.0,4.965362897456056e-05,0.3717520600744285,0.03290543541429804,0.019269919778179025,0.0025767429001332743,-0.12687903903432235,-0.033008872047052606,-0.03300887204704422,0.41217633683788546,-123.35640146325262,7658.872041350615,8731.209609656777,14121.763368378855,0.25892857142857145,0.5248761778793856,0.47512382212061455,145.92831882176048,1.0,0.3784594158949068,405,False,False,False,False,False,False,0,6,False,True,underpowered,False,,,
us_stocks,1h,short,MIDPRICE_50,112,4.605126450752374,-0.4760850762940919,0.35554187780906094,-2.994186227025752,5,1.0,1.0,-0.12095315633186929,-2.179175237238212,-5045.723597250548,0.0,-0.11436356430724773,0.3558979591094279,-0.5157198799691306,-0.4128859572108512,0.9930367078126483,449.5,-4.242129073514614e-05,0.21530920060331826,0.039368862867156934,0.010227540654860843,-0.004147750878407369,-0.1418195108687933,-0.0361023521503584,-0.036102352150369874,0.41217633683788546,594.5082815691173,7658.872041350615,8581.804891312066,14121.763368378855,0.30357142857142855,0.5327681237129915,0.4672318762870085,204.56995231357126,1.0,0.4470892857349041,405,False,False,False,False,False,False,0,6,False,True,underpowered,False,,,
us_stocks,1h,short,faber_gtaa,112,4.605126450752374,-0.47647365768251754,0.31052287011773844,-3.4310757454422105,5,1.0,1.0,-0.22856512619528002,-0.784876740421121,-6074.59134698516,0.0,-0.11742465765378907,0.3558979591094279,-0.5393629456827741,-0.4128859572108512,0.8857166918949875,72.5,-0.001127846121130708,0.08571428571428572,0.13444532394391837,0.013915683220688424,-0.0810485624919904,-0.20308693995165134,-0.04813133855592128,-0.048131338555919195,0.41217633683788546,679.2616303379673,7658.872041350615,7969.130600483487,14121.763368378855,0.17857142857142858,0.6073220872179789,0.3926779127820211,36.6829796684188,1.0,0.39047846926164254,405,False,False,False,False,False,False,0,6,False,True,underpowered,False,,,
us_stocks,1h,long,MIDPRICE_50,112,4.605126450752374,-0.4767334106285367,0.3557815487817282,-2.996243950707867,5,1.0,1.0,-0.2983475794387725,-2.152177198993229,-5066.415071555042,0.0,-0.11463626631779397,0.3558979591094279,-0.5162305297306449,-0.4128859572108512,0.9902790468343796,449.5,-6.0163065649225266e-05,0.2153418445003572,0.03937620298731327,0.010253686468827437,-0.005867457117216227,-0.1412168168770045,-0.0361023521503584,-0.036102352150369874,0.41217633683788546,574.0808959614686,7658.872041350615,8587.831831229956,14121.763368378855,0.29464285714285715,0.5327681237129915,0.4671080832689347,204.56995231357126,1.0,0.44739066886490686,405,False,False,False,False,False,False,0,6,False,True,underpowered,False,,,
us_stocks,1h,long,LINEARREG_ANGLE,112,4.605126450752374,-0.47689536949537326,0.47905908130156394,-2.2259685829340583,5,1.0,1.0,-0.332384066806512,-3.0640001566360575,-5793.697246235596,0.0,-0.12499083692701152,0.3558979591094279,-0.5257788159443277,-0.4128859572108512,0.9949101365410826,576.5,-4.389219641903231e-05,0.3585287134589702,0.02592482228184844,0.014178078009823087,-0.003095779018046184,-0.15003934149745557,-0.045821696909412235,-0.045821696909411465,0.41217633683788546,378.59923367422886,7658.872041350615,8499.606585025445,14121.763368378855,0.29464285714285715,0.520363951473137,0.4796360485268631,252.20150251012265,1.0,0.6024105621643796,405,False,False,False,False,False,False,0,6,False,True,underpowered,False,,,
us_stocks,1h,long,LINEARREG_SLOPE,112,4.605126450752374,-0.47689536949537326,0.47905908130156394,-2.2259685829340583,5,1.0,1.0,-0.332384066806512,-3.0640001566360575,-5793.697246235596,0.0,-0.12499083692701152,0.3558979591094279,-0.5257788159443277,-0.4128859572108512,0.9949101365410826,576.5,-4.389219641903231e-05,0.3585287134589702,0.02592482228184844,0.014178078009823087,-0.003095779018046184,-0.15003934149745557,-0.045821696909412235,-0.045821696909411465,0.41217633683788546,378.59923367422886,7658.872041350615,8499.606585025445,14121.763368378855,0.29464285714285715,0.520363951473137,0.4796360485268631,252.20150251012265,1.0,0.6024105621643796,405,False,False,False,False,False,False,0,6,False,True,underpowered,False,,,
us_stocks,1h,short,LINEARREG_ANGLE,112,4.605126450752374,-0.47689536949537326,0.47905908130156394,-2.2259685829340583,5,1.0,1.0,-0.08665969742192639,-3.0640001566360575,-5793.697246235596,0.0,-0.12499083692701152,0.3558979591094279,-0.5257788159443277,-0.4128859572108512,0.9949101365410826,576.5,-4.389219641903231e-05,0.3585287134589702,0.02592482228184844,0.014178078009823087,-0.003095779018046184,-0.15003934149745557,-0.045821696909412235,-0.045821696909411465,0.41217633683788546,378.59923367422886,7658.872041350615,8499.606585025445,14121.763368378855,0.29464285714285715,0.520363951473137,0.4796360485268631,252.20150251012265,1.0,0.6024105621643796,405,False,False,False,False,False,False,0,6,False,True,underpowered,False,,,
us_stocks,1h,short,LINEARREG_SLOPE,112,4.605126450752374,-0.47689536949537326,0.47905908130156394,-2.2259685829340583,5,1.0,1.0,-0.08665969742192639,-3.0640001566360575,-5793.697246235596,0.0,-0.12499083692701152,0.3558979591094279,-0.5257788159443277,-0.4128859572108512,0.9949101365410826,576.5,-4.389219641903231e-05,0.3585287134589702,0.02592482228184844,0.014178078009823087,-0.003095779018046184,-0.15003934149745557,-0.045821696909412235,-0.045821696909411465,0.41217633683788546,378.59923367422886,7658.872041350615,8499.606585025445,14121.763368378855,0.29464285714285715,0.520363951473137,0.4796360485268631,252.20150251012265,1.0,0.6024105621643796,405,False,False,False,False,False,False,0,6,False,True,underpowered,False,,,
us_stocks,1h,short,mc_kalman_filter_price,112,4.605126450752374,-0.4781729093991619,0.383456996983877,-2.78838862982159,5,1.0,1.0,-0.0531392059973856,-0.8422723285819977,-5610.9643546637,0.0,-0.16343228654794276,0.3558979591094279,-0.5395569195785118,-0.4128859572108512,0.9302167983535203,19.0,-0.003767489578280979,0.47213622291021673,0.10120069611165684,0.10537001723748711,-0.035754853961821625,-0.2182441351059079,-0.06211920512938207,-0.06211920512938782,0.41217633683788546,112.37396193710018,7658.872041350615,7817.558648940922,14121.763368378855,0.24107142857142858,0.48440207972270366,0.5155979202772963,8.252493070872038,1.0,0.48219218492073707,405,False,False,False,False,False,False,0,6,False,True,underpowered,False,,,
us_stocks,1h,short,sell_in_may,112,4.605126450752374,-0.4792803583218751,0.5015772764253725,-2.136666694962653,5,1.0,1.0,-0.0893978274975733,-8.999489512696098,-4876.9095882736665,0.0,-0.14993826837863805,0.3558979591094279,-0.5155931725221543,-0.4128859572108512,0.9612785842693006,10.0,0.004390100152050578,0.4722222222222222,0.15583659736541772,0.15493713159786893,0.028334719423132534,-0.2360277733458397,-0.059489409927968084,-0.05948940992795786,0.41217633683788546,-1101.7258839607891,7658.872041350615,7639.722266541603,14121.763368378855,0.20535714285714285,0.4909045910159634,0.5090954089840366,3.9083104332999485,1.0,0.6307268995702068,405,False,False,False,False,False,False,0,6,False,True,underpowered,False,,,
us_stocks,1h,long,ema_cross_sniper,112,4.605126450752374,-0.48112733551550396,0.25508606388331617,-4.217531180135867,5,1.0,1.0,-0.4168459237814197,-1.593934460162714,-5557.007517963557,0.0,-0.08289322790030529,0.3558979591094279,-0.5252782987309395,-0.4128859572108512,1.0189890720516526,52.0,0.00037341533316649763,0.2898989898989899,0.09131702082927831,0.04226463671150468,0.008835171959844429,-0.13765388690587765,-0.03555006297093599,-0.03555006297091694,0.41217633683788546,-373.0028725987696,7658.872041350615,8623.461130941225,14121.763368378855,0.20535714285714285,0.5409812152837518,0.45901878471624824,23.017858477092688,1.0,0.3207674066562898,405,False,False,False,False,False,False,0,6,False,True,underpowered,False,,,
us_stocks,1h,short,ema_cross_sniper,112,4.605126450752374,-0.48112733551550396,0.25508606388331617,-4.217531180135867,5,1.0,1.0,-0.15635643731420207,-1.593934460162714,-5557.007517963557,0.0,-0.08289322790030529,0.3558979591094279,-0.5252782987309395,-0.4128859572108512,1.0189890720516526,52.0,0.00037341533316649763,0.2898989898989899,0.09131702082927831,0.04226463671150468,0.008835171959844429,-0.13765388690587765,-0.03555006297093599,-0.03555006297091694,0.41217633683788546,-373.0028725987696,7658.872041350615,8623.461130941225,14121.763368378855,0.20535714285714285,0.5409812152837518,0.45901878471624824,23.017858477092688,1.0,0.3207674066562898,405,False,False,False,False,False,False,0,6,False,True,underpowered,False,,,
us_stocks,1h,short,mc_realized_volatility_momentum,112,4.605126450752374,-0.4812797529703695,0.5336869297250073,-2.0164897881058708,5,1.0,1.0,-0.012669374092256491,-1.0877578153678416,-4713.758785504597,0.0,-0.0993023369475376,0.3558979591094279,-0.5239839222877748,-0.4128859572108512,1.01654863501206,87.0,0.0002857539690446192,0.5118055555555555,0.05280491291009307,0.05336863546982919,0.005354342799455011,-0.1165487298290539,-0.030758689340288525,-0.030758689340269707,0.41217633683788546,428.8501769712401,7658.872041350615,8834.51270170946,14121.763368378855,0.26785714285714285,0.46083406224809564,0.5391659377519044,38.219267115777484,1.0,0.6711043708469906,405,False,False,False,False,False,False,0,6,False,True,underpowered,False,,,
us_stocks,1h,short,AROON,112,4.605126450752374,-0.48362643953746726,0.4619807432291964,-2.340836951261099,5,1.0,1.0,-0.033996795297482355,-4.098825811826925,-5438.831369784419,0.0,-0.042793483373228386,0.3558979591094279,-0.5224563308305495,-0.4128859572108512,1.022424645321994,515.0,0.0001903191948965944,0.3793789295790785,0.025043052877604915,0.01562501228503143,0.012180418896624988,-0.08117397195750747,-0.019968493176398594,-0.0199684931764009,0.41217633683788546,342.31064049215956,7658.872041350615,9188.260280424925,14121.763368378855,0.29464285714285715,0.5129696986885606,0.48703030131143943,226.35801274150373,1.0,0.5809347742280437,405,False,False,False,False,False,False,0,6,False,True,underpowered,False,,,
us_stocks,1h,short,AROONOSC,112,4.605126450752374,-0.48362643953746726,0.4619807432291964,-2.340836951261099,5,1.0,1.0,-0.033996795297482355,-4.098825811826925,-5438.831369784419,0.0,-0.042793483373228386,0.3558979591094279,-0.5224563308305495,-0.4128859572108512,1.022424645321994,515.0,0.0001903191948965944,0.3793789295790785,0.025043052877604915,0.01562501228503143,0.012180418896624988,-0.08117397195750747,-0.019968493176398594,-0.0199684931764009,0.41217633683788546,342.31064049215956,7658.872041350615,9188.260280424925,14121.763368378855,0.29464285714285715,0.5129696986885606,0.48703030131143943,226.35801274150373,1.0,0.5809347742280437,405,False,False,False,False,False,False,0,6,False,True,underpowered,False,,,
us_stocks,1h,long,MIDPOINT_50,112,4.605126450752374,-0.4845583068614503,0.3406816876588621,-3.1804037388982347,5,1.0,1.0,-0.3204305557823089,-2.0427151081178927,-6217.480782611756,0.0,-0.1536811959495339,0.3558979591094279,-0.5292867740583398,-0.4128859572108512,0.987716296881462,444.5,-8.558188269046038e-05,0.21435935198821796,0.03994531198261202,0.010392530360451785,-0.008234941801674944,-0.20740414294819082,-0.05383520690687271,-0.053831486121347194,0.41217633683788546,689.4858147615804,7658.872041350615,7925.9585705180925,14121.763368378855,0.23214285714285715,0.5350039098184569,0.46480526048177506,201.754313669358,1.0,0.4284027899525275,405,False,False,False,False,False,False,0,6,False,True,underpowered,False,,,
us_stocks,1h,short,MIDPOINT_50,112,4.605126450752374,-0.4845684238819138,0.34068536269898686,-3.180435833714537,5,1.0,1.0,-0.11125893729549904,-2.0427151081178927,-6217.480782611756,0.0,-0.1536811959495339,0.3558979591094279,-0.5292867740583398,-0.4128859572108512,0.987716296881462,444.5,-8.558188269046038e-05,0.21435935198821796,0.0399621674411831,0.010400574735624831,-0.008228572445839832,-0.20740414294819082,-0.05322926286342444,-0.05322926286342256,0.41217633683788546,663.5579844311227,7658.872041350615,7925.9585705180925,14121.763368378855,0.23214285714285715,0.5350039098184569,0.4649960901815432,201.754313669358,1.0,0.428407411267672,405,False,False,False,False,False,False,0,6,False,True,underpowered,False,,,
us_stocks,1h,long,CDLHIKKAKEMOD,112,4.605126450752374,-0.4848442275176709,0.3833650268593578,-2.8279696249538646,5,0.012061061722545707,1.0,-0.024536364101680343,-97.91215350761523,-2905.90434117369,0.0,-0.04542602462630206,0.3558979591094279,-0.039785425858371415,-0.4128859572108512,0.9557620229622036,13.0,-0.0001934130234854128,0.47368421052631576,0.013001330049387845,0.012144881424303547,-0.015925476480846263,0.1745691621661971,0.03872971533353331,-0.061158213429646224,0.41217633683788546,1627.7596378610087,7658.872041350615,11745.691621661972,14121.763368378855,0.36607142857142855,0.005631532796799918,0.0068060887722972314,6.514722865327107,1.0,0.48207653368568815,405,False,False,False,False,False,False,0,6,False,False,unrankable,False,,,
us_stocks,1h,short,macd_cross,112,4.605126450752374,-0.4849771021248791,0.45293735555442527,-2.394242282257022,5,1.0,1.0,-0.06293907444741922,-4.4012149529219275,-5505.832574086839,0.0,-0.1091890657813793,0.3558979591094279,-0.5466916378448649,-0.4128859572108512,1.0233077481183335,91.0,0.0004774455814699218,0.3405424362871171,0.07361313033311186,0.038180053140326346,0.012505105210700626,-0.1424785557466342,-0.03722508432252686,-0.03722508432252253,0.41217633683788546,-44.955917599700115,7658.872041350615,8575.21444253366,14121.763368378855,0.3125,0.506403634997299,0.49359636500270093,40.37209767762981,1.0,0.569562831881751,405,False,False,False,False,False,False,0,6,False,True,underpowered,False,,,
us_stocks,1h,short,mc_adaptive_slope_filter,112,4.605126450752374,-0.4851902493469922,0.33505152574564434,-3.2380642862183757,5,1.0,1.0,-0.09151040804426121,-1.5079929401397871,-5656.154236336047,0.0,-0.1300860307124243,0.3558979591094279,-0.5365733962337202,-0.4128859572108512,0.8740262827841635,18.0,-0.004335758996423937,0.375,0.13098473878189495,0.07847456322791788,-0.05525050179421018,-0.17964611394503427,-0.04949331827096454,-0.04949331827098435,0.41217633683788546,-282.1439473891387,7658.872041350615,8203.538860549657,14121.763368378855,0.24107142857142858,0.5090987868284229,0.4909012131715771,7.818938693465992,1.0,0.4213229345952235,405,False,False,False,False,False,False,0,6,False,True,underpowered,False,,,
us_stocks,1h,long,WMA_200,112,4.605126450752374,-0.48522435082991916,0.39807688644903366,-2.7255906326850234,5,1.0,1.0,-0.3054987672894963,-1.8444391737661454,-5912.940265655856,0.0,-0.09148598203946282,0.3558979591094279,-0.52572760382162,-0.4128859572108512,1.0000144538005153,297.5,4.680301747339554e-06,0.1596656713716974,0.05282576650327461,0.009891092648996073,0.0004731834907859847,-0.14580140716822465,-0.04323820137513973,-0.04323820137513859,0.41217633683788546,442.1134564419638,7658.872041350615,8541.985928317754,14121.763368378855,0.23214285714285715,0.5424115274325898,0.4575884725674102,134.80245606246189,1.0,0.5005765057179918,405,False,False,False,False,False,False,0,6,False,True,underpowered,False,,,
us_stocks,1h,short,WMA_200,112,4.605126450752374,-0.48522435082991916,0.39807688644903366,-2.7255906326850234,5,1.0,1.0,-0.10275489169429969,-1.8444391737661454,-5912.940265655856,0.0,-0.09148598203946282,0.3558979591094279,-0.52572760382162,-0.4128859572108512,1.0000144538005153,297.5,4.680301747339554e-06,0.1596656713716974,0.05282576650327461,0.009891092648996073,0.0004731834907859847,-0.14580140716822465,-0.04323820137513973,-0.04323820137513859,0.41217633683788546,442.1134564419638,7658.872041350615,8541.985928317754,14121.763368378855,0.23214285714285715,0.5424115274325898,0.4575884725674102,134.80245606246189,1.0,0.5005765057179918,405,False,False,False,False,False,False,0,6,False,True,underpowered,False,,,
us_stocks,1h,long,LINEARREG_100,112,4.605126450752374,-0.48552368376861155,0.36313970529712,-2.9896592021091144,5,1.0,1.0,-0.25993910607875287,-12.03173908672459,-5475.119789324739,0.0,-0.07632905691304037,0.3558979591094279,-0.5134598374267623,-0.4128859572108512,1.0017596883249684,537.5,1.6412844029767198e-05,0.25021739130434784,0.03315760244944861,0.010541293148670774,0.0015570047999126947,-0.1904474846714097,-0.05971461961953106,-0.05971461961952419,0.41217633683788546,329.9033002600168,7658.872041350615,8095.525153285903,14121.763368378855,0.24107142857142858,0.5010523632816788,0.4989476367183213,244.48856707172746,1.0,0.4566434549531856,405,False,False,False,False,False,False,0,6,False,True,underpowered,False,,,
us_stocks,1h,short,LINEARREG_100,112,4.605126450752374,-0.48552368376861155,0.36313970529712,-2.9896592021091144,5,1.0,1.0,-0.014929274989021543,-12.03173908672459,-5475.119789324739,0.0,-0.07632905691304037,0.3558979591094279,-0.5134598374267623,-0.4128859572108512,1.0017596883249684,537.5,1.6412844029767198e-05,0.25021739130434784,0.03315760244944861,0.010541293148670774,0.0015570047999126947,-0.1904474846714097,-0.05971461961953106,-0.05971461961952419,0.41217633683788546,329.9033002600168,7658.872041350615,8095.525153285903,14121.763368378855,0.24107142857142858,0.5010523632816788,0.4989476367183213,244.48856707172746,1.0,0.4566434549531856,405,False,False,False,False,False,False,0,6,False,True,underpowered,False,,,
us_stocks,1h,long,AROON,112,4.605126450752374,-0.4874297222700389,0.4682962909010713,-2.327428199682025,5,0.9903483263876047,1.0,-0.3867542061908046,-3.5586676983366505,-5506.668564581612,0.0,-0.02866477599214648,0.3558979591094279,-0.5119766689716894,-0.4128859572108512,1.0269865289481563,516.0,0.0002305815129329511,0.3830409356725146,0.025066856309381068,0.015575277157413865,0.014804328077282002,-0.08090813942020059,-0.02195485334494557,-0.022495867780739823,0.41217633683788546,283.35791148193255,7658.872041350615,9190.918605797993,14121.763368378855,0.2767857142857143,0.5129696986885606,0.4773782241538367,226.24482888598143,1.0,0.5888764932599707,405,False,False,False,False,False,False,0,6,False,True,underpowered,False,,,
us_stocks,1h,long,AROONOSC,112,4.605126450752374,-0.4874297222700389,0.4682962909010713,-2.327428199682025,5,0.9903483263876047,1.0,-0.3867542061908046,-3.5586676983366505,-5506.668564581612,0.0,-0.02866477599214648,0.3558979591094279,-0.5119766689716894,-0.4128859572108512,1.0269865289481563,516.0,0.0002305815129329511,0.3830409356725146,0.025066856309381068,0.015575277157413865,0.014804328077282002,-0.08090813942020059,-0.02195485334494557,-0.022495867780739823,0.41217633683788546,283.35791148193255,7658.872041350615,9190.918605797993,14121.763368378855,0.2767857142857143,0.5129696986885606,0.4773782241538367,226.24482888598143,1.0,0.5888764932599707,405,False,False,False,False,False,False,0,6,False,True,underpowered,False,,,
us_stocks,1h,long,DEMA_200,112,4.605126450752374,-0.48780629524511393,0.4583205951969888,-2.3799236766822336,5,1.0,1.0,-0.2980299666573245,-4.512376329908434,-5435.670367013234,0.0,-0.036778893628835865,0.3558979591094279,-0.5199578040266783,-0.4128859572108512,1.0302011766244497,381.0,0.00030697452589155053,0.19098946764170016,0.045658287523932375,0.010212489244046413,0.03005873676395868,-0.15449540193067074,-0.036980394237751346,-0.036980394237741285,0.41217633683788546,1205.471546027117,7658.872041350615,8455.045980693292,14121.763368378855,0.2767857142857143,0.513649042782758,0.486350957217242,171.74251263865034,1.0,0.5763321856961732,405,False,False,False,False,False,False,0,6,False,True,underpowered,False,,,
us_stocks,1h,long,MIDPOINT_200,112,4.605126450752374,-0.4888477165075238,0.3001900104831426,-3.641349433970432,5,1.0,1.0,-0.38023957291516514,-1.5511507918810987,-5923.132498104606,0.0,-0.07352784666946921,0.3558979591094279,-0.4951392991996053,-0.4128859572108512,1.0200145063557784,207.0,0.0002350170441433645,0.14894038423450187,0.06641729244435533,0.01177981218659083,0.019950831169523106,-0.12894465469002275,-0.03017092867344201,-0.030170928673426384,0.41217633683788546,-501.0797944904607,7658.872041350615,8710.553453099772,14121.763368378855,0.23214285714285715,0.5370841413352809,0.46285394682717573,95.31580425658399,1.0,0.37748503270193734,405,False,False,False,False,False,False,0,6,False,True,underpowered,False,,,
us_stocks,1h,short,MIDPOINT_200,112,4.605126450752374,-0.4889370509875152,0.30001335479455943,-3.6441593857547545,5,1.0,1.0,-0.09353997049753962,-1.5511507918810987,-5923.132498104606,0.0,-0.07352784666946921,0.3558979591094279,-0.4951392991996053,-0.4128859572108512,1.0200145063557784,207.0,0.0002350170441433645,0.14894038423450187,0.06641729244435533,0.01177981218659083,0.019950831169523106,-0.12894465469002275,-0.03017092867344201,-0.030170928673426384,0.41217633683788546,-501.7470617290883,7658.872041350615,8710.553453099772,14121.763368378855,0.23214285714285715,0.5370841413352809,0.46291585866471907,95.53290606447405,1.0,0.37726289047183953,405,False,False,False,False,False,False,0,6,False,True,underpowered,False,,,
us_stocks,1h,long,CDLSHOOTINGSTAR,112,4.605126450752374,-0.48946656051551135,0.5086712516381323,-2.1516460749472612,5,0.05400892730292327,1.0,-0.21154362880125505,-1.540481496405108,-2221.004162040608,0.0,-0.042701697329495164,0.3558979591094279,-0.10866463487624434,-0.4128859572108512,0.9999523056395325,67.0,6.463977107661873e-08,0.4931506849315068,0.01355682967551768,0.012971009710250496,4.983403182987087e-06,0.13049618664512286,0.032914920268876546,-0.06022599667494183,0.41217633683788546,1299.9789859252594,7658.872041350615,11304.961866451229,14121.763368378855,0.2857142857142857,0.0,0.05400892730292327,30.401690022207262,1.0,0.639647481107432,405,False,False,False,False,False,False,0,6,False,False,unrankable,False,,,
us_stocks,1h,long,EMA_200,112,4.605126450752374,-0.49046555243123613,0.360451454875765,-3.042613092618062,5,1.0,1.0,-0.3886419261730539,-1.4870050606963856,-5719.015465269311,0.0,-0.0698880225482969,0.3558979591094279,-0.5158839268455245,-0.4128859572108512,1.027508741733287,256.0,0.0001592322330196114,0.1521952668128655,0.05578511430194793,0.010265779613715567,0.01551097325398157,-0.15597697841111668,-0.03615573499428054,-0.036155734994271785,0.41217633683788546,2.355106116388145,7658.872041350615,8440.230215888834,14121.763368378855,0.20535714285714285,0.5419084431988704,0.45809155680112956,120.19935610665095,1.0,0.4532630150225465,405,False,False,False,False,False,False,0,6,False,True,underpowered,False,,,
us_stocks,1h,short,EMA_200,112,4.605126450752374,-0.49046555243123613,0.360451454875765,-3.042613092618062,5,1.0,1.0,-0.1168789702543215,-1.4870050606963856,-5719.015465269311,0.0,-0.0698880225482969,0.3558979591094279,-0.5158839268455245,-0.4128859572108512,1.027508741733287,256.0,0.0001592322330196114,0.1521952668128655,0.05578511430194793,0.010265779613715567,0.01551097325398157,-0.15597697841111668,-0.03615573499428054,-0.036155734994271785,0.41217633683788546,2.355106116388145,7658.872041350615,8440.230215888834,14121.763368378855,0.20535714285714285,0.5419084431988704,0.45809155680112956,120.19935610665095,1.0,0.4532630150225465,405,False,False,False,False,False,False,0,6,False,True,underpowered,False,,,
us_stocks,1h,long,SAR,112,4.605126450752374,-0.4907116547763368,0.39027115659563894,-2.811544227359281,5,1.0,1.0,-0.31997043557787214,-3.9604580474715796,-5103.912172477605,0.0,-0.09058083002276054,0.3558979591094279,-0.5372403803780161,-0.4128859572108512,1.0059029484138566,636.0,4.729487022934853e-05,0.38600416704411633,0.023795706975726156,0.01465777609805489,0.0032266061313096896,-0.1563698361296788,-0.039372452797058644,-0.03937028840061989,0.41217633683788546,632.1019408304679,7658.872041350615,8436.301638703211,14121.763368378855,0.25,0.515384214435569,0.48455386605978706,278.6305783101728,1.0,0.49076090198011646,405,False,False,False,False,False,False,0,6,False,True,underpowered,False,,,
us_stocks,1h,long,SAREXT,112,4.605126450752374,-0.49088809389087207,0.39056940649667177,-2.8104073924557196,5,1.0,1.0,-0.3224180430529363,-3.9604580474715796,-5152.126582707917,0.0,-0.09058083002276054,0.3558979591094279,-0.5372403803780161,-0.4128859572108512,1.0059029484138566,636.0,4.729487022934853e-05,0.3858800586963238,0.023795706975726156,0.014654973153959059,0.003227223259468869,-0.1563698361296788,-0.03957302224092979,-0.0395730222409144,0.41217633683788546,629.8402064230596,7658.872041350615,8436.301638703211,14121.763368378855,0.25,0.515384214435569,0.484615785564431,278.87509125637774,1.0,0.49113594735042554,405,False,False,False,False,False,False,0,6,False,True,underpowered,False,,,
us_stocks,1h,short,SAREXT,112,4.605126450752374,-0.49088809389087207,0.39056940649667177,-2.8104073924557196,5,1.0,1.0,-0.049147492132981876,-3.9604580474715796,-5152.126582707917,0.0,-0.09058083002276054,0.3558979591094279,-0.5372403803780161,-0.4128859572108512,1.0059029484138566,636.0,4.729487022934853e-05,0.3858800586963238,0.023795706975726156,0.014654973153959059,0.003227223259468869,-0.1563698361296788,-0.03957302224092979,-0.0395730222409144,0.41217633683788546,629.8402064230596,7658.872041350615,8436.301638703211,14121.763368378855,0.25,0.515384214435569,0.484615785564431,278.87509125637774,1.0,0.49113594735042554,405,False,False,False,False,False,False,0,6,False,True,underpowered,False,,,
us_stocks,1h,short,SAR,112,4.605126450752374,-0.4909031568846925,0.3905363423550027,-2.810731576334576,5,1.0,1.0,-0.049147492132981876,-3.9604580474715796,-5138.936823858947,0.0,-0.09058083002276054,0.3558979591094279,-0.5372403803780161,-0.4128859572108512,1.0059029484138566,636.0,4.729487022934853e-05,0.3858800586963238,0.023795706975726156,0.01465777609805489,0.0032266061313096896,-0.1563698361296788,-0.03928078067288571,-0.03928078067286517,0.41217633683788546,627.8573152215386,7658.872041350615,8436.301638703211,14121.763368378855,0.25,0.515384214435569,0.484615785564431,278.87509125637774,1.0,0.491094369622442,405,False,False,False,False,False,False,0,6,False,True,underpowered,False,,,
us_stocks,1h,long,TRIMA_50,112,4.605126450752374,-0.4918548713449241,0.3446138371360225,-3.1914589864757916,5,1.0,1.0,-0.33808211599780447,-2.37635680019043,-5170.946649147928,0.0,-0.08025362937462217,0.3558979591094279,-0.5240418385057539,-0.4128859572108512,1.0094378166613116,474.5,7.255752009187219e-05,0.22039158287726443,0.03807435927506928,0.01073943468006988,0.006756176861573878,-0.1463668642046686,-0.04771819344850059,-0.04771819344850342,0.41217633683788546,48.677724243814154,7658.872041350615,8536.331357953313,14121.763368378855,0.25892857142857145,0.5294552941779785,0.47054470582202146,212.02796865375916,1.0,0.4333474167626796,405,False,False,False,False,False,False,0,6,False,True,underpowered,False,,,
us_stocks,1h,short,TRIMA_50,112,4.605126450752374,-0.4918548713449241,0.3446138371360225,-3.1914589864757916,5,1.0,1.0,-0.08760684562688906,-2.37635680019043,-5170.946649147928,0.0,-0.08025362937462217,0.3558979591094279,-0.5240418385057539,-0.4128859572108512,1.0094378166613116,474.5,7.255752009187219e-05,0.22039158287726443,0.03807435927506928,0.01073943468006988,0.006756176861573878,-0.1463668642046686,-0.04771819344850059,-0.04771819344850342,0.41217633683788546,48.677724243814154,7658.872041350615,8536.331357953313,14121.763368378855,0.25892857142857145,0.5294552941779785,0.47054470582202146,212.02796865375916,1.0,0.4333474167626796,405,False,False,False,False,False,False,0,6,False,True,underpowered,False,,,
us_stocks,1h,short,mc_rolling_window_z_score_reversion,112,4.605126450752374,-0.49238641476397876,0.18457456712997294,-5.96512028569114,5,1.0,1.0,-0.03823201694985816,-3.519044759828768,-5918.294638756176,0.0,-0.1661764558183946,0.3558979591094279,-0.5763282073402751,-0.4128859572108512,0.9874562699260123,63.5,-0.0002753596889389523,0.5538461538461539,0.05466081021172886,0.06665431673847463,-0.004131160627140708,-0.15574354252599615,-0.04582114700518719,-0.0458211470051948,0.41217633683788546,450.09187985928804,7658.872041350615,8442.564574740038,14121.763368378855,0.24107142857142858,0.506637141924078,0.49336285807592195,28.233230576437116,1.0,0.23210011684554832,405,False,False,False,False,False,False,0,6,False,True,underpowered,False,,,
us_stocks,1h,long,MIDPOINT_100,112,4.605126450752374,-0.4935740016996107,0.4090875146010967,-2.6978702119596965,5,1.0,1.0,-0.3292222714486173,-1.8260460409908639,-5576.989561219473,0.0,-0.07179479152445642,0.3558979591094279,-0.5241136287702418,-0.4128859572108512,1.015195021735058,310.0,0.00013321552263351378,0.17904109589041095,0.0507002880509376,0.010957152075735412,0.012157860154968484,-0.14282293031225818,-0.04263958593699463,-0.042632361164726115,0.41217633683788546,291.54385584189373,7658.872041350615,8571.770696877418,14121.763368378855,0.22321428571428573,0.5401586496158907,0.45984135038410934,140.56875063980934,1.0,0.5144222273706243,405,False,False,False,False,False,False,0,6,False,True,underpowered,False,,,
us_stocks,1h,short,MIDPOINT_100,112,4.605126450752374,-0.49372553412579157,0.4091986792614003,-2.6979653466266766,5,1.0,1.0,-0.07500479359558812,-1.8262882784544465,-5552.396454088488,0.0,-0.0718854051096271,0.3558979591094279,-0.5241136287702419,-0.4128859572108512,1.015195021735058,310.0,0.00013321552263351378,0.17895935202120114,0.05069236476358052,0.010957152075735412,0.012157860154968484,-0.14483700360060386,-0.04257607552229126,-0.0425760755222819,0.41217633683788546,290.38579387431184,7658.872041350615,8551.62996399396,14121.763368378855,0.22321428571428573,0.5401586496158907,0.45984135038410934,140.63923672356532,1.0,0.5145620154847007,405,False,False,False,False,False,False,0,6,False,True,underpowered,False,,,
us_stocks,1h,long,TEMA_1000,112,4.605126450752374,-0.4945196216608285,0.23053565322493044,-4.796566061572248,5,1.0,1.0,-0.3183524436949615,-2.583403907366227,-5205.738349286419,0.0,-0.13283336132674484,0.3558979591094279,-0.5394582290307051,-0.4128859572108512,0.9593059824659492,193.5,-0.0003899508322541663,0.1435310571415886,0.06662395937710551,0.011614217169684086,-0.033575300561111625,-0.17617164534230406,-0.04882746435819596,-0.057098372714271525,0.41217633683788546,-602.9024653646476,7658.872041350615,8238.28354657696,14121.763368378855,0.25892857142857145,0.5138949354419161,0.47067560388150276,86.65036570162246,1.0,0.2898955846549139,405,False,False,False,False,False,False,0,6,False,True,underpowered,False,,,
us_stocks,1h,long,momo_regime,112,4.605126450752374,-0.4948164118700519,0.19760768925775063,-5.59919068675903,5,0.5096958265308869,1.0,-0.14139100281599262,-0.2545237694884599,-1751.7222525315433,0.0,0.0767355117376196,0.3558979591094279,-0.2850237155445894,-0.4128859572108512,1.3480726972211394,35.5,0.0037810685317706313,0.21689895470383275,0.06944628380144441,0.013143209665824681,0.2876822806534286,0.11237363103604181,0.02858827511558626,0.024744706140247333,0.41217633683788546,5045.821299539559,7658.872041350615,11123.736310360418,14121.763368378855,0.16964285714285715,0.5096958265308869,0.0,17.689781425101025,1.0,0.24848909835993743,405,False,False,False,False,False,False,0,6,False,True,underpowered,False,,,
us_stocks,1h,long,T3_100,112,4.605126450752374,-0.49566960985523456,0.4516684717607015,-2.4539037176903498,5,1.0,1.0,-0.3606556616681823,-2.930775315889683,-5589.434176780776,0.0,-0.12538550950182942,0.3558979591094279,-0.5323123998263946,-0.4128859572108512,0.9923890590808175,265.0,-7.579569848153973e-05,0.17039418840061926,0.05879296419250315,0.012129382536668289,-0.006248932973496552,-0.1397840265749299,-0.04135112842880706,-0.04135112842880685,0.41217633683788546,44.988221207595316,7658.872041350615,8602.159734250701,14121.763368378855,0.23214285714285715,0.5242958703096707,0.47570412969032927,118.71808587089251,1.0,0.5679672270193579,405,False,False,False,False,False,False,0,6,False,True,underpowered,False,,,
us_stocks,1h,short,T3_100,112,4.605126450752374,-0.49566960985523456,0.4516684717607015,-2.4539037176903498,5,1.0,1.0,-0.06863378856467182,-2.930775315889683,-5589.434176780776,0.0,-0.12538550950182942,0.3558979591094279,-0.5323123998263946,-0.4128859572108512,0.9923890590808175,265.0,-7.579569848153973e-05,0.17039418840061926,0.05879296419250315,0.012129382536668289,-0.006248932973496552,-0.1397840265749299,-0.04135112842880706,-0.04135112842880685,0.41217633683788546,44.988221207595316,7658.872041350615,8602.159734250701,14121.763368378855,0.23214285714285715,0.5242958703096707,0.47570412969032927,118.71808587089251,1.0,0.5679672270193579,405,False,False,False,False,False,False,0,6,False,True,underpowered,False,,,
us_stocks,1h,long,CDLCLOSINGMARUBOZU,112,4.605126450752374,-0.4957038703798745,0.3470769768736742,-3.1936072535360904,5,0.5820904778965779,1.0,-0.32470248441473604,-5.427777077420747,-4201.230796957587,0.0,-0.09631274998751435,0.3558979591094279,-0.42672384608719266,-0.4128859572108512,1.0053902711507838,766.5,3.431594254577125e-05,0.4389374609441965,0.01478345470253975,0.011660296320441133,0.0029429734547666286,-0.06910510048615931,-0.01978159697851789,-0.0496970987018001,0.41217633683788546,1048.8355327596878,7658.872041350615,9308.948995138406,14121.763368378855,0.3482142857142857,0.3089627068080099,0.2770690402013789,338.3798168430866,1.0,0.4364447829372583,405,False,False,False,False,False,False,0,6,False,True,underpowered,False,,,
us_stocks,1h,long,HT_SINE,112,4.605126450752374,-0.49684852418800335,0.382014841345387,-2.9082301375834745,5,1.0,1.0,-0.3480864680807306,-2.9063625842981358,-4159.972704566374,0.0,-0.133996321190637,0.3558979591094279,-0.5109021321777302,-0.4128859572108512,0.9986403405256279,470.5,-8.371289827527078e-06,0.38289561170212766,0.025707353836199293,0.015686603716651946,-0.000533658526647207,-0.1619914433177787,-0.044243337197908905,-0.044243337197896096,0.41217633683788546,-93.5265948441097,7658.872041350615,8380.085566822214,14121.763368378855,0.2767857142857143,0.5231702153382797,0.4768297846617203,207.66912357981852,1.0,0.480378692967822,405,False,False,False,False,False,False,0,6,False,True,underpowered,False,,,
us_stocks,1h,short,HT_SINE,112,4.605126450752374,-0.49684852418800335,0.382014841345387,-2.9082301375834745,5,1.0,1.0,-0.07247031946128477,-2.9063625842981358,-4159.972704566374,0.0,-0.133996321190637,0.3558979591094279,-0.5109021321777302,-0.4128859572108512,0.9986403405256279,470.5,-8.371289827527078e-06,0.38289561170212766,0.025707353836199293,0.015686603716651946,-0.000533658526647207,-0.1619914433177787,-0.044243337197908905,-0.044243337197896096,0.41217633683788546,-93.5265948441097,7658.872041350615,8380.085566822214,14121.763368378855,0.2767857142857143,0.5231702153382797,0.4768297846617203,207.66912357981852,1.0,0.480378692967822,405,False,False,False,False,False,False,0,6,False,True,underpowered,False,,,
us_stocks,1h,long,T3_1000,112,4.605126450752374,-0.49768209709688466,0.27052045979961825,-4.113740606228466,5,0.9116063211593366,1.0,-0.3703467733932372,-1.0109139802974156,-4544.879235436607,0.0,-0.20907231777038968,0.3558979591094279,-0.469010292613546,-0.4128859572108512,0.9297683737720996,58.0,-0.0008314778613281009,0.09803921568627451,0.11771389278944504,0.013708735651696448,-0.06065313989953596,-0.1142453449508215,-0.025988022096402774,-0.04773937192944013,0.41217633683788546,1306.914889783223,7658.872041350615,8857.546550491785,14121.763368378855,0.1875,0.4813414834825544,0.34455502797244314,27.7549037473109,1.0,0.3401759587191077,405,False,False,False,False,False,False,0,6,False,True,underpowered,False,,,
us_stocks,1h,short,LINEARREG_INTERCEPT_1000,112,4.605126450752374,-0.4981663023921019,0.32926444140465383,-3.3830975233656426,5,1.0,1.0,-0.24345308920618153,-0.8561164353457638,-6110.978986939716,0.0,-0.1461663766146133,0.3558979591094279,-0.5617882983580231,-0.4128859572108512,0.830983294003529,52.0,-0.0016877700083800166,0.1094820205479452,0.1296940627615357,0.01897773442548211,-0.08893421999381469,-0.2233825562556101,-0.05714532780159892,-0.05714532780159335,0.41217633683788546,442.58632398180583,7658.872041350615,7766.174437443899,14121.763368378855,0.15178571428571427,0.5994923229321446,0.4005076770678554,25.880195013339804,1.0,0.4140457513265606,405,False,False,False,False,False,False,0,6,False,True,underpowered,False,,,
us_stocks,1h,long,LINEARREG_INTERCEPT_1000,112,4.605126450752374,-0.49831416769822445,0.32940906470700143,-3.3826159402005573,5,1.0,1.0,-0.43476081076973033,-0.8580729723593898,-6110.978986939716,0.0,-0.1461663766146133,0.3558979591094279,-0.5617882983580231,-0.4128859572108512,0.830983294003529,52.0,-0.0016877700083800166,0.1094820205479452,0.1296940627615357,0.01897773442548211,-0.08893421999381469,-0.2233825562556101,-0.05714532780159892,-0.05714532780159335,0.41217633683788546,441.95795401832737,7658.872041350615,7766.174437443899,14121.763368378855,0.15178571428571427,0.5994923229321446,0.4005076770678554,25.880195013339804,1.0,0.4142276132477094,405,False,False,False,False,False,False,0,6,False,True,underpowered,False,,,
us_stocks,1h,long,TRIMA_200,112,4.605126450752374,-0.49991092705181017,0.37116246889356375,-3.011712953939159,5,1.0,1.0,-0.4013222405984074,-1.6383554798641167,-5255.8010137443,0.0,-0.09761472158556403,0.3558979591094279,-0.5158388214299007,-0.4128859572108512,0.9908302937805735,217.0,-0.00010870721050808351,0.15672762008733626,0.06577296598950662,0.01261785952776032,-0.008615344803048312,-0.15829843249865594,-0.04705505050191239,-0.047055050501916995,0.41217633683788546,-306.7471183897725,7658.872041350615,8417.015675013441,14121.763368378855,0.21428571428571427,0.537343050663488,0.462656949336512,99.25119078840459,1.0,0.46673197579932996,405,False,False,False,False,False,False,0,6,False,True,underpowered,False,,,
us_stocks,1h,short,TRIMA_200,112,4.605126450752374,-0.49991092705181017,0.37116246889356375,-3.011712953939159,5,1.0,1.0,-0.11290774423031763,-1.6383554798641167,-5255.8010137443,0.0,-0.09761472158556403,0.3558979591094279,-0.5158388214299007,-0.4128859572108512,0.9908302937805735,217.0,-0.00010870721050808351,0.15672762008733626,0.06577296598950662,0.01261785952776032,-0.008615344803048312,-0.15829843249865594,-0.04705505050191239,-0.047055050501916995,0.41217633683788546,-306.7471183897725,7658.872041350615,8417.015675013441,14121.763368378855,0.21428571428571427,0.537343050663488,0.462656949336512,99.25119078840459,1.0,0.46673197579932996,405,False,False,False,False,False,False,0,6,False,True,underpowered,False,,,
us_stocks,1h,long,CDLSTICKSANDWICH,112,4.605126450752374,-0.5015582319717911,0.3117276592712715,-3.5977503696185202,5,0.001979748872413766,1.0,-0.17507041407730128,-123.53661502109048,-2513.704702898911,0.0,-0.11691111547678967,0.3558979591094279,-0.014491726568268581,-0.4128859572108512,0.2803826856810937,2.0,-0.001954151716406688,0.5,0.00717397897290628,0.009065827259757126,-0.21555139541220864,0.18120266992478196,0.03928223607401693,-0.4362650505947351,0.41217633683788546,1629.208417828255,7658.872041350615,11812.02669924782,14121.763368378855,0.26785714285714285,0.001979748872413766,0.0,1.1585373036834041,1.0,0.39199347594786904,405,False,False,False,False,False,False,0,6,False,False,unrankable,False,,,
us_stocks,1h,short,EMA_1000,112,4.605126450752374,-0.5017102262827395,0.291095362489534,-3.853919764920138,5,1.0,1.0,-0.3013872445287119,-0.8916654033174386,-6202.2382960973555,0.0,-0.1548356252953476,0.3558979591094279,-0.5408300356483672,-0.4128859572108512,0.8867188798731058,105.0,-0.001086282574394486,0.0993421052631579,0.09462934551884322,0.011649800900300156,-0.09324473299509334,-0.20176459682741915,-0.05999045040967321,-0.05999045040968483,0.41217633683788546,-264.1278889096506,7658.872041350615,7982.354031725808,14121.763368378855,0.16964285714285715,0.5837156563192201,0.4162843436807799,50.119060800329564,1.0,0.36604863117160485,405,False,False,False,False,False,False,0,6,False,True,underpowered,False,,,
us_stocks,1h,long,CDLMORNINGSTAR,112,4.605126450752374,-0.5017941575799325,0.1831933538010602,-6.124926607760357,5,0.02154398571991241,1.0,-0.30355481380861826,-6.420952838767362,-2979.86688200995,0.0,-0.1340225347042568,0.3558979591094279,-0.05366016693096903,-0.4128859572108512,0.8499297063760155,27.0,-0.0008960584941446401,0.5,0.011430380819746,0.013225544883913176,-0.06775210412952863,0.14895181097318766,0.033192149513568636,-0.24648593523144877,0.41217633683788546,1438.4809007090403,7658.872041350615,11489.518109731876,14121.763368378855,0.24107142857142858,0.02154398571991241,0.0,12.594387536832041,1.0,0.23036325905406538,405,False,False,False,False,False,False,0,6,False,False,unrankable,False,,,
us_stocks,1h,long,EMA_1000,112,4.605126450752374,-0.5020304283235558,0.2914339701947576,-3.85189881520888,5,1.0,1.0,-0.4348076958204927,-0.8916654033174386,-6202.2382960973555,0.0,-0.1548356252953476,0.3558979591094279,-0.5408300356483672,-0.4128859572108512,0.8867188798731058,105.0,-0.001086282574394486,0.0993421052631579,0.09462934551884322,0.011649800900300156,-0.09324473299509334,-0.20176459682741915,-0.05999045040967321,-0.05999045040968483,0.41217633683788546,-264.752787227961,7658.872041350615,7982.354031725808,14121.763368378855,0.16964285714285715,0.5837156563192201,0.4162843436807799,50.119060800329564,1.0,0.36647442595562757,405,False,False,False,False,False,False,0,6,False,True,underpowered,False,,,
us_stocks,1h,short,mc_pivot_point_trend,112,4.605126450752374,-0.5028420739621,0.31720051089947154,-3.5447265079676327,5,1.0,1.0,-0.14618087446974665,-2.347684872991276,-4671.2280729168015,0.0,-0.17996086516371135,0.3558979591094279,-0.5356633040567863,-0.4128859572108512,0.963411239121131,80.0,-0.0008989614757571795,0.475,0.05585714763054682,0.05185287143461948,-0.017336773275722382,-0.200633592327578,-0.05924440968440836,-0.05924440968441491,0.41217633683788546,436.7136648700636,7658.872041350615,7993.66407672422,14121.763368378855,0.24107142857142858,0.5024973741126526,0.4975026258873474,35.313269940587446,1.0,0.3988755156683745,405,False,False,False,False,False,False,0,6,False,True,underpowered,False,,,
us_stocks,1h,long,MA_200,112,4.605126450752374,-0.5043920281576956,0.3340270791671277,-3.376537210940561,5,1.0,1.0,-0.34857203952202376,-1.5833349322939347,-5169.710188947451,0.0,-0.07144823613409924,0.3558979591094279,-0.5271363778452791,-0.4128859572108512,0.9775858678534346,231.0,-0.0002162588316501808,0.14630956993413405,0.06182996630195352,0.011437929321024751,-0.01890716628687872,-0.16789066202223535,-0.04835838911424062,-0.048358389114221856,0.41217633683788546,-311.21547621480033,7658.872041350615,8321.093379777647,14121.763368378855,0.19642857142857142,0.5404467369622232,0.45955326303777677,103.30488273863382,1.0,0.4200347063508182,405,False,False,False,False,False,False,0,6,False,True,underpowered,False,,,
us_stocks,1h,long,SMA_200,112,4.605126450752374,-0.5043920281576956,0.3340270791671277,-3.376537210940561,5,1.0,1.0,-0.34857203952202376,-1.5833349322939347,-5169.710188947451,0.0,-0.07144823613409924,0.3558979591094279,-0.5271363778452791,-0.4128859572108512,0.9775858678534346,231.0,-0.0002162588316501808,0.14630956993413405,0.06182996630195352,0.011437929321024751,-0.01890716628687872,-0.16789066202223535,-0.04835838911424062,-0.048358389114221856,0.41217633683788546,-311.21547621480033,7658.872041350615,8321.093379777647,14121.763368378855,0.19642857142857142,0.5404467369622232,0.45955326303777677,103.30488273863382,1.0,0.4200347063508182,405,False,False,False,False,False,False,0,6,False,True,underpowered,False,,,
us_stocks,1h,short,MA_200,112,4.605126450752374,-0.5043920281576956,0.3340270791671277,-3.376537210940561,5,1.0,1.0,-0.11736415926383587,-1.5833349322939347,-5169.710188947451,0.0,-0.07144823613409924,0.3558979591094279,-0.5271363778452791,-0.4128859572108512,0.9775858678534346,231.0,-0.0002162588316501808,0.14630956993413405,0.06182996630195352,0.011437929321024751,-0.01890716628687872,-0.16789066202223535,-0.04835838911424062,-0.048358389114221856,0.41217633683788546,-311.21547621480033,7658.872041350615,8321.093379777647,14121.763368378855,0.19642857142857142,0.5404467369622232,0.45955326303777677,103.30488273863382,1.0,0.4200347063508182,405,False,False,False,False,False,False,0,6,False,True,underpowered,False,,,
us_stocks,1h,short,SMA_200,112,4.605126450752374,-0.5043920281576956,0.3340270791671277,-3.376537210940561,5,1.0,1.0,-0.11736415926383587,-1.5833349322939347,-5169.710188947451,0.0,-0.07144823613409924,0.3558979591094279,-0.5271363778452791,-0.4128859572108512,0.9775858678534346,231.0,-0.0002162588316501808,0.14630956993413405,0.06182996630195352,0.011437929321024751,-0.01890716628687872,-0.16789066202223535,-0.04835838911424062,-0.048358389114221856,0.41217633683788546,-311.21547621480033,7658.872041350615,8321.093379777647,14121.763368378855,0.19642857142857142,0.5404467369622232,0.45955326303777677,103.30488273863382,1.0,0.4200347063508182,405,False,False,False,False,False,False,0,6,False,True,underpowered,False,,,
us_stocks,1h,long,ema_fan_align,112,4.605126450752374,-0.5053736138649927,0.5386267541598522,-2.098020096308623,5,0.0,1.0,-0.16837470435860508,-2.6943945464958645,-3213.9327130799948,0.0,-0.032380243139015816,0.3558979591094279,0.0,-0.4128859572108512,0.060365845687830225,0.0,0.0015337454338823313,0.5,0.036353823663962795,0.058400717562904006,0.02626244159124104,0.19736656866920776,0.0398920048318564,-0.004766289160271667,0.41217633683788546,1893.294059132391,7658.872041350615,11973.665686692078,14121.763368378855,0.13392857142857142,0.0,0.0,0.0,1.0,0.677316135806551,405,False,False,False,False,False,False,0,6,False,False,unrankable,False,,,
us_stocks,1h,long,dual_thrust,112,4.605126450752374,-0.5057757590927788,0.5311069722717758,-2.129418436864893,5,0.004580341668729884,1.0,-0.2716557308700285,-45.5859524561922,-2563.215639210045,0.0,-0.06233452186693371,0.3558979591094279,-0.02045695491195587,-0.4128859572108512,0.9790484781986616,33.0,-5.7685716377290646e-05,0.4827586206896552,0.0057096436150942224,0.005414565406539871,-0.010653803591995794,0.17291635976368247,0.03809298802657002,-0.12770612357011774,0.41217633683788546,1624.9245385386623,7658.872041350615,11729.163597636825,14121.763368378855,0.23214285714285715,0.004580341668729884,0.0,16.060861668896692,1.0,0.6678601079148722,405,False,False,False,False,False,False,0,6,False,False,unrankable,False,,,
us_stocks,1h,long,T3_21,112,4.605126450752374,-0.5059862127544416,0.43135373550781153,-2.6229506649910843,5,1.0,1.0,-0.3278830652060476,-4.226574449869236,-5550.10558827129,0.0,-0.13679032203420907,0.3558979591094279,-0.4969584254995702,-0.4128859572108512,0.9926613555597388,661.5,-4.7282185265213556e-05,0.2540914444424912,0.030107128503375515,0.009994326951641864,-0.004730902390325149,-0.18767157139189206,-0.04827253000576737,-0.04827253000575264,0.41217633683788546,145.2525916449608,7658.872041350615,8123.28428608108,14121.763368378855,0.24107142857142858,0.5154741272592226,0.4845258727407774,294.60796516063255,1.0,0.5424217104766479,405,False,False,False,False,False,False,0,6,False,True,underpowered,False,,,
us_stocks,1h,short,T3_21,112,4.605126450752374,-0.5059862127544416,0.43135373550781153,-2.6229506649910843,5,1.0,1.0,-0.0665309116832091,-4.226574449869236,-5550.10558827129,0.0,-0.13679032203420907,0.3558979591094279,-0.4969584254995702,-0.4128859572108512,0.9926613555597388,661.5,-4.7282185265213556e-05,0.2540914444424912,0.030107128503375515,0.009994326951641864,-0.004730902390325149,-0.18767157139189206,-0.04827253000576737,-0.04827253000575264,0.41217633683788546,145.2525916449608,7658.872041350615,8123.28428608108,14121.763368378855,0.24107142857142858,0.5154741272592226,0.4845258727407774,294.60796516063255,1.0,0.5424217104766479,405,False,False,False,False,False,False,0,6,False,True,underpowered,False,,,
us_stocks,1h,short,renko_delta,112,4.605126450752374,-0.5077853035508364,0.28263518197505444,-4.017342953487122,5,1.0,1.0,-0.1770706318184755,-1.2009455921347678,-5726.654304748334,0.0,-0.1414145862304504,0.3558979591094279,-0.5222803350510876,-0.4128859572108512,1.0156114120815518,50.0,0.000500461748778243,0.3476469511078557,0.09157058612135757,0.048214302640246884,0.010379943738115639,-0.16784255386806668,-0.045817893894550765,-0.045817893894543854,0.41217633683788546,-211.90736529586547,7658.872041350615,8321.574461319333,14121.763368378855,0.24107142857142858,0.5664439888085382,0.4335560111914619,27.559507426327606,1.0,0.3554100642418371,405,False,False,False,False,False,False,0,6,False,True,underpowered,False,,,
us_stocks,1h,long,LINEARREG_INTERCEPT_100,112,4.605126450752374,-0.5082404623109447,0.3883925272423631,-2.926060989669925,5,1.0,1.0,-0.33772163088835494,-1.8583500985722055,-6387.987508637427,0.0,-0.08806391700067198,0.3558979591094279,-0.5264210548793851,-0.4128859572108512,0.9830865927246937,192.0,-0.00022096211121410878,0.20718271569609387,0.057746808465739555,0.01583294683922497,-0.013955842425156842,-0.19166931540767312,-0.05131776294540469,-0.05131776294539918,0.41217633683788546,173.73537081080937,7658.872041350615,8083.306845923269,14121.763368378855,0.25,0.5337335974251052,0.46626640257489477,87.93212520385762,1.0,0.4883985500093937,405,False,False,False,False,False,False,0,6,False,True,underpowered,False,,,
us_stocks,1h,short,LINEARREG_INTERCEPT_100,112,4.605126450752374,-0.5082404623109447,0.3883925272423631,-2.926060989669925,5,1.0,1.0,-0.13674665824342108,-1.8583500985722055,-6387.987508637427,0.0,-0.08806391700067198,0.3558979591094279,-0.5264210548793851,-0.4128859572108512,0.9830865927246937,192.0,-0.00022096211121410878,0.20718271569609387,0.057746808465739555,0.01583294683922497,-0.013955842425156842,-0.19166931540767312,-0.05131776294540469,-0.05131776294539918,0.41217633683788546,173.73537081080937,7658.872041350615,8083.306845923269,14121.763368378855,0.25,0.5337335974251052,0.46626640257489477,87.93212520385762,1.0,0.4883985500093937,405,False,False,False,False,False,False,0,6,False,True,underpowered,False,,,
us_stocks,1h,long,MA_100,112,4.605126450752374,-0.5098868778667934,0.397771991405881,-2.8663197620214,5,1.0,1.0,-0.36729122035886475,-1.9601782325073076,-5983.724190763362,0.0,-0.173812595126196,0.3558979591094279,-0.5343132971572025,-0.4128859572108512,0.9676179060460843,337.0,-0.0002474193368518421,0.17625721497537641,0.047768455990478326,0.010409899595106634,-0.023767696757435217,-0.201312343730304,-0.051916732494921125,-0.05191673249492701,0.41217633683788546,707.7210362726427,7658.872041350615,7986.87656269696,14121.763368378855,0.21428571428571427,0.5390230212437358,0.4609769787562642,153.4595568138185,1.0,0.5001931041679206,405,False,False,False,False,False,False,0,6,False,True,underpowered,False,,,
us_stocks,1h,long,SMA_100,112,4.605126450752374,-0.5098868778667934,0.397771991405881,-2.8663197620214,5,1.0,1.0,-0.36729122035886475,-1.9601782325073076,-5983.724190763362,0.0,-0.173812595126196,0.3558979591094279,-0.5343132971572025,-0.4128859572108512,0.9676179060460843,337.0,-0.0002474193368518421,0.17625721497537641,0.047768455990478326,0.010409899595106634,-0.023767696757435217,-0.201312343730304,-0.051916732494921125,-0.05191673249492701,0.41217633683788546,707.7210362726427,7658.872041350615,7986.87656269696,14121.763368378855,0.21428571428571427,0.5390230212437358,0.4609769787562642,153.4595568138185,1.0,0.5001931041679206,405,False,False,False,False,False,False,0,6,False,True,underpowered,False,,,
us_stocks,1h,short,MA_100,112,4.605126450752374,-0.5098868778667934,0.397771991405881,-2.8663197620214,5,1.0,1.0,-0.14211460805570997,-1.9601782325073076,-5983.724190763362,0.0,-0.173812595126196,0.3558979591094279,-0.5343132971572025,-0.4128859572108512,0.9676179060460843,337.0,-0.0002474193368518421,0.17625721497537641,0.047768455990478326,0.010409899595106634,-0.023767696757435217,-0.201312343730304,-0.051916732494921125,-0.05191673249492701,0.41217633683788546,707.7210362726427,7658.872041350615,7986.87656269696,14121.763368378855,0.21428571428571427,0.5390230212437358,0.4609769787562642,153.4595568138185,1.0,0.5001931041679206,405,False,False,False,False,False,False,0,6,False,True,underpowered,False,,,
us_stocks,1h,short,SMA_100,112,4.605126450752374,-0.5098868778667934,0.397771991405881,-2.8663197620214,5,1.0,1.0,-0.14211460805570997,-1.9601782325073076,-5983.724190763362,0.0,-0.173812595126196,0.3558979591094279,-0.5343132971572025,-0.4128859572108512,0.9676179060460843,337.0,-0.0002474193368518421,0.17625721497537641,0.047768455990478326,0.010409899595106634,-0.023767696757435217,-0.201312343730304,-0.051916732494921125,-0.05191673249492701,0.41217633683788546,707.7210362726427,7658.872041350615,7986.87656269696,14121.763368378855,0.21428571428571427,0.5390230212437358,0.4609769787562642,153.4595568138185,1.0,0.5001931041679206,405,False,False,False,False,False,False,0,6,False,True,underpowered,False,,,
us_stocks,1h,short,MIDPRICE_100,112,4.605126450752374,-0.5100467724279386,0.4152094399906985,-2.746804732760377,5,1.0,1.0,-0.15358048741518493,-1.7382832140578612,-5325.524928440674,0.0,-0.14652888421117122,0.3558979591094279,-0.5331812590973681,-0.4128859572108512,0.9714686538475678,313.0,-0.00022321388018083836,0.18053632529641123,0.04962776199239976,0.011167550581337213,-0.01998772054400765,-0.21630534198332002,-0.06378261029316873,-0.0637826102931608,0.41217633683788546,41.33571589715887,7658.872041350615,7836.946580166799,14121.763368378855,0.22321428571428573,0.5357378925998404,0.4642621074001596,140.71105407523964,1.0,0.5221204689016242,405,False,False,False,False,False,False,0,6,False,True,underpowered,False,,,
us_stocks,1h,long,MIDPRICE_100,112,4.605126450752374,-0.5101325830099734,0.4157343007679181,-2.743798457430244,5,1.0,1.0,-0.38648729839077445,-1.7382832140578612,-5306.5492049860495,0.0,-0.14652888421117122,0.3558979591094279,-0.5331812590973681,-0.4128859572108512,0.9714686538475678,312.5,-0.00022321388018083836,0.18079240314407694,0.04962776199239976,0.011167550581337213,-0.01998772054400765,-0.21769161366301926,-0.06426273613929623,-0.0642622961184518,0.41217633683788546,31.238353478322615,7658.872041350615,7823.083863369808,14121.763368378855,0.23214285714285715,0.5357378925998404,0.4642621074001596,140.71105407523964,1.0,0.5227804745005242,405,False,False,False,False,False,False,0,6,False,True,underpowered,False,,,
us_stocks,1h,long,CDLHARAMI,112,4.605126450752374,-0.5109876867731016,0.36094894791641446,-3.165553494159567,5,0.3567049480838659,1.0,-0.23957042610628065,-14.347947900661062,-4009.8499768867277,0.0,-0.09740686556614973,0.3558979591094279,-0.3561806047357552,-0.4128859572108512,1.0039356056340085,440.0,2.6045565037412315e-05,0.5193338998945024,0.013603850652799242,0.013838873147094224,0.001882058225447435,0.0182172267676054,0.004450156467305233,-0.040401663534906825,0.41217633683788546,447.9050296332192,7658.872041350615,10182.172267676055,14121.763368378855,0.25,0.17858051430143013,0.1784365856110187,197.936437902447,1.0,0.4538886060487645,405,False,False,False,False,False,False,0,6,False,True,underpowered,False,,,
us_stocks,1h,long,TRIMA_21,112,4.605126450752374,-0.5119950215141257,0.3974747733423711,-2.8803228507307383,5,1.0,1.0,-0.29760847510228294,-2.90016936895682,-5622.723767427213,0.0,-0.1034121454998346,0.3558979591094279,-0.5381407235092418,-0.4128859572108512,1.004492372444893,792.0,2.8582754044069906e-05,0.268397287741264,0.025671396014717997,0.009747109621999404,0.002932433834493675,-0.13292833659891323,-0.04954938969404615,-0.049549389694049886,0.41217633683788546,151.55892693210922,7658.872041350615,8670.716634010867,14121.763368378855,0.25892857142857145,0.519806882891805,0.4801931171081951,351.0443302428912,1.0,0.4998193563198724,405,False,False,False,False,False,False,0,6,False,True,underpowered,False,,,
us_stocks,1h,short,TRIMA_21,112,4.605126450752374,-0.5119950215141257,0.3974747733423711,-2.8803228507307383,5,1.0,1.0,-0.05860920493280686,-2.90016936895682,-5622.723767427213,0.0,-0.1034121454998346,0.3558979591094279,-0.5381407235092418,-0.4128859572108512,1.004492372444893,792.0,2.8582754044069906e-05,0.268397287741264,0.025671396014717997,0.009747109621999404,0.002932433834493675,-0.13292833659891323,-0.04954938969404615,-0.049549389694049886,0.41217633683788546,151.55892693210922,7658.872041350615,8670.716634010867,14121.763368378855,0.25892857142857145,0.519806882891805,0.4801931171081951,351.0443302428912,1.0,0.4998193563198724,405,False,False,False,False,False,False,0,6,False,True,underpowered,False,,,
us_stocks,1h,long,CDL3BLACKCROWS,112,4.605126450752374,-0.5120257339671016,0.60567851506269,-1.890316923758074,5,0.0014845973029815663,1.0,-0.282680375636878,-243.62226175940106,-2257.1618931774265,0.0,-0.16328723462056105,0.3558979591094279,-0.011858073148854675,-0.4128859572108512,0.25571053030546886,1.0,-0.0025223270319058287,0.5,0.005719567237484369,0.00877065985764753,-0.28758691738643805,0.18622029543252017,0.03901819257780437,-0.5329467773828003,0.41217633683788546,1664.1384352039338,7658.872041350615,11862.202954325203,14121.763368378855,0.17857142857142858,0.0,0.0014845973029815663,0.8672986495550193,1.0,0.761632852796544,405,False,False,False,False,False,False,0,6,False,False,unrankable,False,,,
us_stocks,1h,long,EMA_100,112,4.605126450752374,-0.5125272737798421,0.42104936520203495,-2.721879948552963,5,1.0,1.0,-0.3403456782839195,-1.6716045036520608,-6265.168108820059,0.0,-0.13116233278489797,0.3558979591094279,-0.5331948548562601,-0.4128859572108512,0.9864563881575035,385.5,-9.858294464646215e-05,0.17388793742658976,0.04473167961356494,0.009073263937980308,-0.010865212928921644,-0.1820459564842834,-0.04501818417413156,-0.045018184174127326,0.41217633683788546,26.71798602106339,7658.872041350615,8179.540435157166,14121.763368378855,0.1875,0.5410840114576217,0.4589159885423782,171.6692482590601,1.0,0.529464098877286,405,False,False,False,False,False,False,0,6,False,True,underpowered,False,,,
us_stocks,1h,short,EMA_100,112,4.605126450752374,-0.5125272737798421,0.42104936520203495,-2.721879948552963,5,1.0,1.0,-0.08499533474157558,-1.6716045036520608,-6265.168108820059,0.0,-0.13116233278489797,0.3558979591094279,-0.5331948548562601,-0.4128859572108512,0.9864563881575035,385.5,-9.858294464646215e-05,0.17388793742658976,0.04473167961356494,0.009073263937980308,-0.010865212928921644,-0.1820459564842834,-0.04501818417413156,-0.045018184174127326,0.41217633683788546,26.71798602106339,7658.872041350615,8179.540435157166,14121.763368378855,0.1875,0.5410840114576217,0.4589159885423782,171.6692482590601,1.0,0.529464098877286,405,False,False,False,False,False,False,0,6,False,True,underpowered,False,,,
us_stocks,1h,short,MIDPRICE_200,112,4.605126450752374,-0.5127284747382799,0.28915788122843644,-3.964947172264135,5,1.0,1.0,-0.10265461038388696,-1.5747291399716423,-5668.634546984397,0.0,-0.10643593374451843,0.3558979591094279,-0.5078015448245103,-0.4128859572108512,1.0048366550817271,205.0,4.9525211717255636e-05,0.14668098399062868,0.0666466906051677,0.012334425001339994,0.004015202306704633,-0.16033082119857167,-0.04932360509251338,-0.049323605092522996,0.41217633683788546,-572.3578945077141,7658.872041350615,8396.691788014283,14121.763368378855,0.21428571428571427,0.5363485019792027,0.4636514980207973,94.68418175023044,1.0,0.3636122736924612,405,False,False,False,False,False,False,0,6,False,True,underpowered,False,,,
us_stocks,1h,long,LINEARREG_INTERCEPT_21,112,4.605126450752374,-0.5127716078075681,0.3717748314776209,-3.084103803994606,5,1.0,1.0,-0.33007485825499355,-2.897299472590383,-5084.362136354968,0.0,-0.1657146925135464,0.3558979591094279,-0.5262623946308584,-0.4128859572108512,0.9865078425007305,542.0,-0.00010664877611950493,0.28885701949173453,0.0301819306385869,0.012307063171644607,-0.008665656024682071,-0.20981339933173088,-0.05783454539060723,-0.05783454539058593,0.41217633683788546,-479.3689739281154,7658.872041350615,7901.866006682691,14121.763368378855,0.24107142857142858,0.5237677108474157,0.4762322891525843,240.34908033693065,1.0,0.4675020137819272,405,False,False,False,False,False,False,0,6,False,True,underpowered,False,,,
us_stocks,1h,short,LINEARREG_INTERCEPT_21,112,4.605126450752374,-0.5127716078075681,0.3717748314776209,-3.084103803994606,5,1.0,1.0,-0.1163680894223122,-2.897299472590383,-5084.362136354968,0.0,-0.1657146925135464,0.3558979591094279,-0.5262623946308584,-0.4128859572108512,0.9865078425007305,542.0,-0.00010664877611950493,0.28885701949173453,0.0301819306385869,0.012307063171644607,-0.008665656024682071,-0.20981339933173088,-0.05783454539060723,-0.05783454539058593,0.41217633683788546,-479.3689739281154,7658.872041350615,7901.866006682691,14121.763368378855,0.24107142857142858,0.5237677108474157,0.4762322891525843,240.34908033693065,1.0,0.4675020137819272,405,False,False,False,False,False,False,0,6,False,True,underpowered,False,,,
us_stocks,1h,long,WMA_100,112,4.605126450752374,-0.512901963890955,0.38491156207666694,-2.9796030310590695,5,1.0,1.0,-0.3187517457526112,-2.026807443262943,-6190.515887892126,0.0,-0.10557043868963727,0.3558979591094279,-0.5413304171307014,-0.4128859572108512,0.9974994710294455,435.5,-2.5319510900843332e-05,0.18949490662139218,0.042204090948976355,0.009433127302167908,-0.0026841057148698118,-0.18547034819666097,-0.05211147803180488,-0.05211147803180549,0.41217633683788546,161.60999660525596,7658.872041350615,8145.29651803339,14121.763368378855,0.25,0.5369857539159488,0.4630142460840512,197.63772641889418,1.0,0.484021281600987,405,False,False,False,False,False,False,0,6,False,True,underpowered,False,,,
us_stocks,1h,short,WMA_100,112,4.605126450752374,-0.512901963890955,0.38491156207666694,-2.9796030310590695,5,1.0,1.0,-0.12198136330725201,-2.026807443262943,-6190.515887892126,0.0,-0.10557043868963727,0.3558979591094279,-0.5413304171307014,-0.4128859572108512,0.9974994710294455,435.5,-2.5319510900843332e-05,0.18949490662139218,0.042204090948976355,0.009433127302167908,-0.0026841057148698118,-0.18547034819666097,-0.05211147803180488,-0.05211147803180549,0.41217633683788546,161.60999660525596,7658.872041350615,8145.29651803339,14121.763368378855,0.25,0.5369857539159488,0.4630142460840512,197.63772641889418,1.0,0.484021281600987,405,False,False,False,False,False,False,0,6,False,True,underpowered,False,,,
us_stocks,1h,long,MIDPRICE_200,112,4.605126450752374,-0.5134163903429447,0.2889781556828779,-3.9727360943822814,5,1.0,1.0,-0.39996003562906635,-1.5747291399716423,-5668.634546984397,0.0,-0.10643593374451843,0.3558979591094279,-0.5077241778082195,-0.4128859572108512,1.00474674628695,205.0,4.9525211717255636e-05,0.14668098399062868,0.0666466906051677,0.012334425001339994,0.004015202306704633,-0.1601585424534946,-0.04932360509251338,-0.049323605092522996,0.41217633683788546,-579.8434147892391,7658.872041350615,8398.414575465054,14121.763368378855,0.21428571428571427,0.5363485019792027,0.4636514980207973,94.90134730470345,1.0,0.36338627115715577,405,False,False,False,False,False,False,0,6,False,True,underpowered,False,,,
us_stocks,1h,long,WMA_50,112,4.605126450752374,-0.5135727624315436,0.39202896680147403,-2.929333558075647,5,1.0,1.0,-0.3243242224426697,-2.6656857165080874,-6028.3567792618,0.0,-0.03601514887411085,0.3558979591094279,-0.538289318048438,-0.4128859572108512,1.0272695122810238,629.0,0.00017590929313847503,0.2233239700374532,0.03160630301108125,0.008934874819971007,0.01968794154175356,-0.13135943999205135,-0.03191865897956764,-0.03191865897956177,0.41217633683788546,6.4887430262531165,7658.872041350615,8686.405600079486,14121.763368378855,0.22321428571428573,0.5296484278286705,0.4703515721713295,280.7388197618369,1.0,0.49297132544479305,405,False,False,False,False,False,False,0,6,False,True,underpowered,False,,,
us_stocks,1h,short,WMA_50,112,4.605126450752374,-0.5135727624315436,0.39202896680147403,-2.929333558075647,5,1.0,1.0,-0.03104426901108652,-2.6656857165080874,-6028.3567792618,0.0,-0.03601514887411085,0.3558979591094279,-0.538289318048438,-0.4128859572108512,1.0272695122810238,629.0,0.00017590929313847503,0.2233239700374532,0.03160630301108125,0.008934874819971007,0.01968794154175356,-0.13135943999205135,-0.03191865897956764,-0.03191865897956177,0.41217633683788546,6.4887430262531165,7658.872041350615,8686.405600079486,14121.763368378855,0.22321428571428573,0.5296484278286705,0.4703515721713295,280.7388197618369,1.0,0.49297132544479305,405,False,False,False,False,False,False,0,6,False,True,underpowered,False,,,
us_stocks,1h,short,MA_1000,112,4.605126450752374,-0.514145845375402,0.31011933059164093,-3.7071699413744423,5,1.0,1.0,-0.28167897974431333,-0.9612141104822295,-6343.156571386475,0.0,-0.20421136873614631,0.3558979591094279,-0.549970887653043,-0.4128859572108512,0.8303508856611175,93.5,-0.0020390941976181085,0.09348516949152542,0.10823911036652115,0.013221328508529313,-0.15422763274527615,-0.24765265029943484,-0.07245440694142025,-0.07245440694143981,0.41217633683788546,348.6957155802772,7658.872041350615,7523.473497005652,14121.763368378855,0.17857142857142858,0.5729803553768833,0.4270196446231167,46.89027498431164,1.0,0.38997102355763563,405,False,False,False,False,False,False,0,6,False,True,underpowered,False,,,
us_stocks,1h,short,SMA_1000,112,4.605126450752374,-0.514145845375402,0.31011933059164093,-3.7071699413744423,5,1.0,1.0,-0.28167897974431333,-0.9612141104822295,-6343.156571386475,0.0,-0.20421136873614631,0.3558979591094279,-0.549970887653043,-0.4128859572108512,0.8303508856611175,93.5,-0.0020390941976181085,0.09348516949152542,0.10823911036652115,0.013221328508529313,-0.15422763274527615,-0.24765265029943484,-0.07245440694142025,-0.07245440694143981,0.41217633683788546,348.6957155802772,7658.872041350615,7523.473497005652,14121.763368378855,0.17857142857142858,0.5729803553768833,0.4270196446231167,46.89027498431164,1.0,0.38997102355763563,405,False,False,False,False,False,False,0,6,False,True,underpowered,False,,,
us_stocks,1h,long,MA_1000,112,4.605126450752374,-0.5144424168039735,0.31041714067508397,-3.705749663118708,5,1.0,1.0,-0.4815381830166147,-0.9612141104822295,-6343.156571386475,0.0,-0.20421136873614631,0.3558979591094279,-0.549970887653043,-0.4128859572108512,0.8303508856611175,93.5,-0.0020390941976181085,0.09348516949152542,0.10823911036652115,0.013221328508529313,-0.15422763274527615,-0.24765265029943484,-0.07245440694142025,-0.07245440694143981,0.41217633683788546,348.21094421576635,7658.872041350615,7523.473497005652,14121.763368378855,0.17857142857142858,0.5729803553768833,0.4270196446231167,46.89027498431164,1.0,0.39034551586304755,405,False,False,False,False,False,False,0,6,False,True,underpowered,False,,,
us_stocks,1h,long,SMA_1000,112,4.605126450752374,-0.5144424168039735,0.31041714067508397,-3.705749663118708,5,1.0,1.0,-0.4815381830166147,-0.9612141104822295,-6343.156571386475,0.0,-0.20421136873614631,0.3558979591094279,-0.549970887653043,-0.4128859572108512,0.8303508856611175,93.5,-0.0020390941976181085,0.09348516949152542,0.10823911036652115,0.013221328508529313,-0.15422763274527615,-0.24765265029943484,-0.07245440694142025,-0.07245440694143981,0.41217633683788546,348.21094421576635,7658.872041350615,7523.473497005652,14121.763368378855,0.17857142857142858,0.5729803553768833,0.4270196446231167,46.89027498431164,1.0,0.39034551586304755,405,False,False,False,False,False,False,0,6,False,True,underpowered,False,,,
us_stocks,1h,short,mc_trough_count_reversion,112,4.605126450752374,-0.5155214471517124,0.26419765783679616,-4.3631764532991495,5,1.0,1.0,-0.06371729417517749,-0.7950622472256819,-5782.217159759844,0.0,-0.1677747036349198,0.3558979591094279,-0.5780338332487664,-0.4128859572108512,0.9535994435962694,81.0,-0.001316255475659165,0.485479797979798,0.05405080518020672,0.05309258082031201,-0.024791702631935263,-0.24267726391680322,-0.061777772104959716,-0.061777772104956774,0.41217633683788546,-836.063712770256,7658.872041350615,7573.227360831968,14121.763368378855,0.21428571428571427,0.4473942771189876,0.5526057228810124,35.26435489474896,1.0,0.3322251175106931,405,False,False,False,False,False,False,0,6,False,True,underpowered,False,,,
us_stocks,1h,long,HT_TRENDLINE,112,4.605126450752374,-0.5158496622800672,0.4469512954238238,-2.5807619819845273,5,1.0,1.0,-0.38355382428085394,-2.6737589946630864,-5436.567640389219,0.0,-0.10681664954741421,0.3558979591094279,-0.5486337130436352,-0.4128859572108512,1.0040467333888263,719.0,2.491672417644701e-05,0.25398651495996627,0.027139325039912697,0.009372298989942419,0.002658549860945067,-0.16966661730379923,-0.04036639850675566,-0.04036639850673347,0.41217633683788546,386.8767285510063,7658.872041350615,8303.333826962007,14121.763368378855,0.22321428571428573,0.5231407035976174,0.47685929640238256,319.6635545159695,1.0,0.5620354391463331,405,False,False,False,False,False,False,0,6,False,True,underpowered,False,,,
us_stocks,1h,short,HT_TRENDLINE,112,4.605126450752374,-0.5158496622800672,0.4469512954238238,-2.5807619819845273,5,1.0,1.0,-0.10097666181954289,-2.6737589946630864,-5436.567640389219,0.0,-0.10681664954741421,0.3558979591094279,-0.5486337130436352,-0.4128859572108512,1.0040467333888263,719.0,2.491672417644701e-05,0.25398651495996627,0.027139325039912697,0.009372298989942419,0.002658549860945067,-0.16966661730379923,-0.04036639850675566,-0.04036639850673347,0.41217633683788546,386.8767285510063,7658.872041350615,8303.333826962007,14121.763368378855,0.22321428571428573,0.5231407035976174,0.47685929640238256,319.6635545159695,1.0,0.5620354391463331,405,False,False,False,False,False,False,0,6,False,True,underpowered,False,,,
us_stocks,1h,short,KAMA_1000,112,4.605126450752374,-0.5164292302479981,0.3469220164395418,-3.32861798813987,5,1.0,1.0,-0.07249953754255853,-1.5481972029086744,-6143.207672603499,0.0,-0.09529703834891994,0.3558979591094279,-0.5567233278056303,-0.4128859572108512,1.0155504362625756,239.0,0.0001249280414526432,0.14223629245265346,0.05884115640476212,0.010301506833806469,0.012127161925735628,-0.14375181026902667,-0.03922680948015722,-0.0392268094801366,0.41217633683788546,50.5745188328762,7658.872041350615,8562.481897309734,14121.763368378855,0.22321428571428573,0.527827666321477,0.47217233367852296,109.05204778737209,1.0,0.43624992220737646,405,False,False,False,False,False,False,0,6,False,True,underpowered,False,,,
us_stocks,1h,long,KAMA_1000,112,4.605126450752374,-0.5168746710643246,0.3470563352255021,-3.3301996910579557,5,1.0,1.0,-0.4002905209431017,-1.5481972029086744,-6143.207672603499,0.0,-0.09529703834891994,0.3558979591094279,-0.5567233278056303,-0.4128859572108512,1.0155504362625756,239.0,0.0001249280414526432,0.14223629245265346,0.05884115640476212,0.010301506833806469,0.012127161925735628,-0.14375181026902667,-0.03922680948015722,-0.0392268094801366,0.41217633683788546,50.32509429182125,7658.872041350615,8562.481897309734,14121.763368378855,0.22321428571428573,0.527827666321477,0.46653975135616593,109.05204778737209,1.0,0.4364188263332303,405,False,False,False,False,False,False,0,6,False,True,underpowered,False,,,
us_stocks,1h,long,KAMA_200,112,4.605126450752374,-0.5173967234773733,0.4199466704223564,-2.754955156252329,5,1.0,1.0,-0.38837341688360183,-2.188609362842177,-5656.558513475518,0.0,-0.13143805258029234,0.3558979591094279,-0.5274364705287053,-0.4128859572108512,0.9939341417301637,351.5,-4.4230324170268586e-05,0.15803584027091858,0.050566199136033295,0.009862816634416667,-0.004484553024733849,-0.1829569950348665,-0.04881366185285846,-0.04881366185286033,0.41217633683788546,107.57776125231145,7658.872041350615,8170.430049651335,14121.763368378855,0.24107142857142858,0.526052029740777,0.4739479702592229,155.38556028690624,1.0,0.5280774745379307,405,False,False,False,False,False,False,0,6,False,True,underpowered,False,,,
us_stocks,1h,short,KAMA_200,112,4.605126450752374,-0.5173967234773733,0.4199466704223564,-2.754955156252329,5,1.0,1.0,-0.13272330089746986,-2.188609362842177,-5656.558513475518,0.0,-0.13143805258029234,0.3558979591094279,-0.5274364705287053,-0.4128859572108512,0.9939341417301637,351.5,-4.4230324170268586e-05,0.15803584027091858,0.050566199136033295,0.009862816634416667,-0.004484553024733849,-0.1829569950348665,-0.04881366185285846,-0.04881366185286033,0.41217633683788546,107.57776125231145,7658.872041350615,8170.430049651335,14121.763368378855,0.24107142857142858,0.526052029740777,0.4739479702592229,155.38556028690624,1.0,0.5280774745379307,405,False,False,False,False,False,False,0,6,False,True,underpowered,False,,,
us_stocks,1h,long,MULT,112,4.605126450752374,-0.5178373437220278,0.39267954953372664,-2.9487644651352705,5,1.0,1.0,-0.34533245007912206,-3.0100588377341126,-6821.243559651225,0.0,-0.05255538306451,0.3558979591094279,-0.5260861182748628,-0.4128859572108512,1.0109002160741953,733.5,9.423507895773812e-05,0.30780298837852793,0.023705938455247395,0.010503606984987967,0.008971687449123085,-0.18553674857427244,-0.044898820399169315,-0.044898820399165304,0.41217633683788546,-175.67226054964877,7658.872041350615,8144.632514257276,14121.763368378855,0.2857142857142857,0.5212305025996534,0.47876949740034663,322.767997338457,1.0,0.4937894247665008,405,False,False,False,False,False,False,0,6,False,True,underpowered,False,,,
us_stocks,1h,short,MULT,112,4.605126450752374,-0.5178373437220278,0.39267954953372664,-2.9487644651352705,5,1.0,1.0,-0.05019729827429779,-3.0100588377341126,-6821.243559651225,0.0,-0.05255538306451,0.3558979591094279,-0.5260861182748628,-0.4128859572108512,1.0109002160741953,733.5,9.423507895773812e-05,0.30780298837852793,0.023705938455247395,0.010503606984987967,0.008971687449123085,-0.18553674857427244,-0.044898820399169315,-0.044898820399165304,0.41217633683788546,-175.67226054964877,7658.872041350615,8144.632514257276,14121.763368378855,0.2857142857142857,0.5212305025996534,0.47876949740034663,322.767997338457,1.0,0.4937894247665008,405,False,False,False,False,False,False,0,6,False,True,underpowered,False,,,
us_stocks,1h,short,ADD,112,4.605126450752374,-0.518007972973699,0.3938478716862542,-2.9409859078248037,5,1.0,1.0,-0.05461876571846315,-2.8346924153535182,-6695.422165304324,0.0,-0.058518970249100716,0.3558979591094279,-0.527273023813109,-0.4128859572108512,1.0127751474170308,734.0,9.477656717062251e-05,0.30803279297505665,0.023676982033505767,0.010443518010556083,0.009075157152486777,-0.17861921887331972,-0.044471177762649694,-0.04447117776265447,0.41217633683788546,-205.1685405951941,7658.872041350615,8213.807811266803,14121.763368378855,0.2857142857142857,0.5219113641990591,0.47808863580094085,322.69593926253594,1.0,0.4952585746733996,405,False,False,False,False,False,False,0,6,False,True,underpowered,False,,,
us_stocks,1h,long,supertrend,112,4.605126450752374,-0.5180367328177043,0.42147976099711887,-2.7483297102614648,5,1.0,1.0,-0.3975403840507793,-1.9703962622808306,-5983.572273143681,0.0,-0.14672232894707332,0.3558979591094279,-0.5423338821821225,-0.4128859572108512,0.9720920978746103,247.0,-0.0004859125998474878,0.3695958315730179,0.04026721792658711,0.0232827400911493,-0.020870077918028324,-0.22154442654659584,-0.06095668162939327,-0.06095668162938416,0.41217633683788546,-528.1551568706709,7658.872041350615,7784.555734534042,14121.763368378855,0.25892857142857145,0.5322520819484028,0.4677479180515972,109.49439360958448,1.0,0.5300053159901424,405,False,False,False,False,False,False,0,6,False,True,underpowered,False,,,
us_stocks,1h,short,supertrend,112,4.605126450752374,-0.5180367328177043,0.42147976099711887,-2.7483297102614648,5,1.0,1.0,-0.176297425516669,-1.9703962622808306,-5983.572273143681,0.0,-0.14672232894707332,0.3558979591094279,-0.5423338821821225,-0.4128859572108512,0.9720920978746103,247.0,-0.0004859125998474878,0.3695958315730179,0.04026721792658711,0.0232827400911493,-0.020870077918028324,-0.22154442654659584,-0.06095668162939327,-0.06095668162938416,0.41217633683788546,-528.1551568706709,7658.872041350615,7784.555734534042,14121.763368378855,0.25892857142857145,0.5322520819484028,0.4677479180515972,109.49439360958448,1.0,0.5300053159901424,405,False,False,False,False,False,False,0,6,False,True,underpowered,False,,,
us_stocks,1h,short,supertrend_lf,112,4.605126450752374,-0.5180367328177043,0.42147976099711887,-2.7483297102614648,5,1.0,1.0,-0.176297425516669,-1.9703962622808306,-5983.572273143681,0.0,-0.14672232894707332,0.3558979591094279,-0.5423338821821225,-0.4128859572108512,0.9720920978746103,247.0,-0.0004859125998474878,0.3695958315730179,0.04026721792658711,0.0232827400911493,-0.020870077918028324,-0.22154442654659584,-0.06095668162939327,-0.06095668162938416,0.41217633683788546,-528.1551568706709,7658.872041350615,7784.555734534042,14121.763368378855,0.25892857142857145,0.5322520819484028,0.4677479180515972,109.49439360958448,1.0,0.5300053159901424,405,False,False,False,False,False,False,0,6,False,True,underpowered,False,,,
us_stocks,1h,long,ADD,112,4.605126450752374,-0.5180382093373355,0.39378371459340916,-2.9416367617350327,5,1.0,1.0,-0.3663382912801761,-2.8346924153535182,-6695.422165304324,0.0,-0.06154786571548396,0.3558979591094279,-0.527273023813109,-0.4128859572108512,1.0127751474170308,734.0,8.808952307697815e-05,0.30803279297505665,0.023676982033505767,0.010443518010556083,0.008434851454073154,-0.17861921887331972,-0.044471177762649694,-0.04447117776265447,0.41217633683788546,-205.72391006293176,7658.872041350615,8213.807811266803,14121.763368378855,0.2857142857142857,0.5219113641990591,0.47808863580094085,322.69593926253594,1.0,0.4951778979638326,405,False,False,False,False,False,False,0,6,False,True,underpowered,False,,,
us_stocks,1h,short,mc_round_number_magnet,112,4.605126450752374,-0.5182185474160923,0.3779687915997212,-3.0657872421666763,5,1.0,1.0,-0.027413457452098965,-0.3501811159121902,-5152.269565561457,0.0,-0.1264971614159022,0.3558979591094279,-0.5562226068416956,-0.4128859572108512,0.9162383520192603,14.0,-0.005135931141920244,0.5,0.12967299981627017,0.1227013144302267,-0.04185718112124021,-0.19849383483028343,-0.05304518079927523,-0.053045180799277065,0.41217633683788546,-798.6214897179333,7658.872041350615,8015.061651697166,14121.763368378855,0.2767857142857143,0.43903216473207496,0.560967835267925,6.94296855191789,1.0,0.47529083805187006,405,False,False,False,False,False,False,0,6,False,True,underpowered,False,,,
us_stocks,1h,long,MA_50,112,4.605126450752374,-0.5189257084669556,0.35101738519843856,-3.305685724792165,5,1.0,1.0,-0.3699358834174204,-2.2392397469704832,-5398.872041452378,0.0,-0.16644945539185055,0.3558979591094279,-0.5593825329735188,-0.4128859572108512,0.9720636402975511,488.0,-0.0002169648541631457,0.21037121290456,0.038287053802887605,0.009769390832574602,-0.022208636943841797,-0.22668500512273165,-0.06483107481301675,-0.06483107481302425,0.41217633683788546,-273.4907000157871,7658.872041350615,7733.149948772683,14121.763368378855,0.25,0.5294882291544338,0.4705117708455662,219.55008087458728,1.0,0.44139979514082456,405,False,False,False,False,False,False,0,6,False,True,underpowered,False,,,
us_stocks,1h,long,SMA_50,112,4.605126450752374,-0.5189257084669556,0.35101738519843856,-3.305685724792165,5,1.0,1.0,-0.3699358834174204,-2.2392397469704832,-5398.872041452378,0.0,-0.16644945539185055,0.3558979591094279,-0.5593825329735188,-0.4128859572108512,0.9720636402975511,488.0,-0.0002169648541631457,0.21037121290456,0.038287053802887605,0.009769390832574602,-0.022208636943841797,-0.22668500512273165,-0.06483107481301675,-0.06483107481302425,0.41217633683788546,-273.4907000157871,7658.872041350615,7733.149948772683,14121.763368378855,0.25,0.5294882291544338,0.4705117708455662,219.55008087458728,1.0,0.44139979514082456,405,False,False,False,False,False,False,0,6,False,True,underpowered,False,,,
us_stocks,1h,short,MA_50,112,4.605126450752374,-0.5189257084669556,0.35101738519843856,-3.305685724792165,5,1.0,1.0,-0.1540800603421276,-2.2392397469704832,-5398.872041452378,0.0,-0.16644945539185055,0.3558979591094279,-0.5593825329735188,-0.4128859572108512,0.9720636402975511,488.0,-0.0002169648541631457,0.21037121290456,0.038287053802887605,0.009769390832574602,-0.022208636943841797,-0.22668500512273165,-0.06483107481301675,-0.06483107481302425,0.41217633683788546,-273.4907000157871,7658.872041350615,7733.149948772683,14121.763368378855,0.25,0.5294882291544338,0.4705117708455662,219.55008087458728,1.0,0.44139979514082456,405,False,False,False,False,False,False,0,6,False,True,underpowered,False,,,
us_stocks,1h,short,SMA_50,112,4.605126450752374,-0.5189257084669556,0.35101738519843856,-3.305685724792165,5,1.0,1.0,-0.1540800603421276,-2.2392397469704832,-5398.872041452378,0.0,-0.16644945539185055,0.3558979591094279,-0.5593825329735188,-0.4128859572108512,0.9720636402975511,488.0,-0.0002169648541631457,0.21037121290456,0.038287053802887605,0.009769390832574602,-0.022208636943841797,-0.22668500512273165,-0.06483107481301675,-0.06483107481302425,0.41217633683788546,-273.4907000157871,7658.872041350615,7733.149948772683,14121.763368378855,0.25,0.5294882291544338,0.4705117708455662,219.55008087458728,1.0,0.44139979514082456,405,False,False,False,False,False,False,0,6,False,True,underpowered,False,,,
us_stocks,1h,short,momo_regime,112,4.605126450752374,-0.5192958922063071,0.3621222493002343,-3.206599201384544,5,1.0,1.0,-0.18787093572611518,-0.7335877554989064,-6401.609036581023,0.0,-0.1390081958479663,0.3558979591094279,-0.5292730912525683,-0.4128859572108512,0.8900889074490091,70.0,-0.00039337565121731657,0.18257575757575756,0.06652307113548384,0.01503366790784039,-0.02616631241482742,-0.15638001333113755,-0.04203107455619243,-0.04203107455618369,0.41217633683788546,-41.00156339393305,7658.872041350615,8436.199866688625,14121.763368378855,0.16964285714285715,0.5096958265308869,0.49030417346911315,35.37956285020205,1.0,0.45536401727423337,405,False,False,False,False,False,False,0,6,False,True,underpowered,False,,,
us_stocks,1h,long,CDL3OUTSIDE,112,4.605126450752374,-0.5224475955205006,0.390551074068382,-2.991230637508393,5,0.24249360530493325,1.0,-0.3121309388700276,-19.528950761607376,-4197.112743895481,0.0,-0.1704487575392078,0.3558979591094279,-0.2729748088506104,-0.4128859572108512,0.9757753674870585,311.0,-0.00015370334278957465,0.47619047619047616,0.013796240645548768,0.01243347333340893,-0.012362059954443418,0.02706619952065359,0.006748851066872064,-0.10376491501808797,0.41217633683788546,638.9336038242584,7658.872041350615,10270.661995206536,14121.763368378855,0.25,0.12253970321076724,0.1203119363816571,139.98788646896622,1.0,0.49111289456035656,405,False,False,False,False,False,False,0,6,False,True,underpowered,False,,,
us_stocks,1h,short,LINEARREG_1000,112,4.605126450752374,-0.522500602594137,0.23728867381500254,-4.923736337268133,5,1.0,1.0,-0.09832581632234974,-3.2600375864482753,-5200.27696060659,0.0,-0.16691442238545934,0.3558979591094279,-0.5600370547358751,-0.4128859572108512,0.9395554375494659,162.5,-0.000591532731874749,0.13924050632911392,0.07366793428013188,0.013053213652123925,-0.04531701906055135,-0.23181519456951571,-0.06607079455235254,-0.06607079455237018,0.41217633683788546,-876.2416230292893,7658.872041350615,7681.848054304843,14121.763368378855,0.21428571428571427,0.520492818226845,0.47950718177315504,76.62185619107785,1.0,0.29838742018993875,405,False,False,False,False,False,False,0,6,False,True,underpowered,False,,,
us_stocks,1h,long,CDLADVANCEBLOCK,112,4.605126450752374,-0.5228378715273247,0.4204302105228835,-2.7807255346669892,5,0.07006684822975984,1.0,-0.3141711992216057,-1.0390119371692121,-3621.099257928071,0.0,-0.1720628032539407,0.3558979591094279,-0.12793405940395097,-0.4128859572108512,0.933097040864365,88.0,-0.00035372434475443065,0.49420386409060624,0.013998859436743425,0.013966706308133837,-0.025326253516795943,0.0955128167365552,0.024417822500143904,-0.12754970149283434,0.41217633683788546,1113.491336168197,7658.872041350615,10955.128167365552,14121.763368378855,0.30357142857142855,0.0,0.07006684822975984,39.09081275993351,1.0,0.528685519923473,405,False,False,False,False,False,False,0,6,False,False,unrankable,False,,,
us_stocks,1h,short,WMA_1000,112,4.605126450752374,-0.5230044458871836,0.30941078873334776,-3.7796791066203346,5,1.0,1.0,-0.20598701793127747,-1.0482738648289625,-6746.620269202822,0.0,-0.1839662771868167,0.3558979591094279,-0.5546804825834369,-0.4128859572108512,0.8584093825339876,123.0,-0.0015305738293147912,0.1048686498425678,0.08725522329026768,0.011688336443681493,-0.1309488169415411,-0.21491274519825082,-0.07295651311492812,-0.07295651311493774,0.41217633683788546,-538.360150974627,7658.872041350615,7850.872548017492,14121.763368378855,0.1875,0.5646944068719555,0.4353055931280445,57.10643750323251,1.0,0.38908004138898183,405,False,False,False,False,False,False,0,6,False,True,underpowered,False,,,
us_stocks,1h,long,LINEARREG_1000,112,4.605126450752374,-0.5230773781043412,0.23766795912466188,-4.921305249733591,5,1.0,1.0,-0.3764510359275066,-3.2600375864482753,-5200.27696060659,0.0,-0.16691442238545934,0.3558979591094279,-0.5600370547358751,-0.4128859572108512,0.9395554375494659,162.5,-0.000591532731874749,0.13924050632911392,0.07366793428013188,0.013053213652123925,-0.04531701906055135,-0.23181519456951571,-0.06607079455235254,-0.06607079455237018,0.41217633683788546,-876.776418831647,7658.872041350615,7681.848054304843,14121.763368378855,0.21428571428571427,0.520492818226845,0.47950718177315504,76.62185619107785,1.0,0.2988643665323226,405,False,False,False,False,False,False,0,6,False,True,underpowered,False,,,
us_stocks,1h,long,WMA_1000,112,4.605126450752374,-0.5234210948667755,0.30978326279010787,-3.7781419771941596,5,1.0,1.0,-0.3994090975011161,-1.0482738648289625,-6746.620269202822,0.0,-0.1839662771868167,0.3558979591094279,-0.5546804825834369,-0.4128859572108512,0.8584093825339876,123.0,-0.0015305738293147912,0.1048686498425678,0.08725522329026768,0.011753112367722859,-0.13022710763134962,-0.21491274519825082,-0.07295651311492812,-0.07295651311493774,0.41217633683788546,-538.9842781630058,7658.872041350615,7850.872548017492,14121.763368378855,0.1875,0.5646944068719555,0.4353055931280445,57.10643750323251,1.0,0.38954842266945955,405,False,False,False,False,False,False,0,6,False,True,underpowered,False,,,
us_stocks,1h,short,TSF_1000,112,4.605126450752374,-0.5238493138109515,0.2342097208416294,-5.001340983792779,5,1.0,1.0,-0.08421704793049561,-3.2543289942960616,-5149.514872903241,0.0,-0.1689189724713526,0.3558979591094279,-0.5584065711980037,-0.4128859572108512,0.9373726915798314,162.0,-0.0006196755419033354,0.13717105263157897,0.0729475270422688,0.012904386817717316,-0.04802053368801224,-0.2441726925649026,-0.06649242828965485,-0.06649242828965463,0.41217633683788546,-873.6958457306761,7658.872041350615,7558.273074350975,14121.763368378855,0.20535714285714285,0.5202451708766717,0.4797548291233284,76.44599740872653,1.0,0.29451567688318814,405,False,False,False,False,False,False,0,6,False,True,underpowered,False,,,
us_stocks,1h,short,MIDPOINT_1000,112,4.605126450752374,-0.5242224234825847,0.3013315185869863,-3.890057633975517,5,1.0,1.0,-0.30616491342435836,-0.8630542395004266,-6715.787370530369,0.0,-0.23037160664551826,0.3558979591094279,-0.5530736075001493,-0.4128859572108512,0.823899479133428,90.5,-0.0017182076818953566,0.09137291280148424,0.11571199415190682,0.013842673170541225,-0.124123979575845,-0.2619814098584969,-0.0736607257904412,-0.0736607257904344,0.41217633683788546,414.3086782419049,7658.872041350615,7380.185901415031,14121.763368378855,0.17857142857142858,0.5904926962119337,0.4095073037880663,41.95238159043448,1.0,0.3789204642914678,405,False,False,False,False,False,False,0,6,False,True,underpowered,False,,,
us_stocks,1h,long,MIDPOINT_1000,112,4.605126450752374,-0.5243666365817957,0.3015597065686469,-3.888183397813831,5,1.0,1.0,-0.4862765693836616,-0.8630542395004266,-6715.787370530369,0.0,-0.23037160664551826,0.3558979591094279,-0.5530736075001493,-0.4128859572108512,0.823899479133428,90.5,-0.0017182076818953566,0.09137291280148424,0.11571199415190682,0.013842673170541225,-0.124123979575845,-0.25910801637868536,-0.0736607257904412,-0.0736607257904344,0.41217633683788546,414.74548094211826,7658.872041350615,7408.9198362131465,14121.763368378855,0.17857142857142858,0.5904926962119337,0.4095073037880663,41.95238159043448,1.0,0.37920740770967376,405,False,False,False,False,False,False,0,6,False,True,underpowered,False,,,
us_stocks,1h,long,TSF_1000,112,4.605126450752374,-0.5244198852395228,0.23460328994235047,-4.998389035534695,5,1.0,1.0,-0.3736158214486377,-3.2543289942960616,-5149.514872903241,0.0,-0.1689189724713526,0.3558979591094279,-0.5584065711980037,-0.4128859572108512,0.9373726915798314,162.0,-0.0006196755419033354,0.13717105263157897,0.0729475270422688,0.012904386817717316,-0.04802053368801224,-0.2441726925649026,-0.06649242828965485,-0.06649242828965463,0.41217633683788546,-874.2370155965881,7658.872041350615,7558.273074350975,14121.763368378855,0.20535714285714285,0.5202451708766717,0.4797548291233284,76.44599740872653,1.0,0.29501058490699966,405,False,False,False,False,False,False,0,6,False,True,underpowered,False,,,
us_stocks,1h,short,IMI,112,4.605126450752374,-0.5244742396452603,0.5672126012502995,-2.0675846229600987,5,1.0,1.0,-0.04871274848368917,-3.9219686524282626,-5816.943443313357,0.0,-0.11422824770998656,0.3558979591094279,-0.5631384878491685,-0.4128859572108512,0.9981151013850615,873.5,-2.4630317907493207e-05,0.34607041548473216,0.018854073892686018,0.01018742324967364,-0.002417718131842834,-0.1987097993024296,-0.055252061974943034,-0.055252061974929476,0.41217633683788546,-221.31780164211153,7658.872041350615,8012.902006975704,14121.763368378855,0.25,0.5155959457904179,0.4844040542095821,384.31535587742474,1.0,0.713262466620101,405,False,False,False,False,False,False,0,6,False,True,underpowered,False,,,
us_stocks,1h,short,mc_normalized_range_momentum,112,4.605126450752374,-0.5245920621563704,0.2969613994095522,-3.950087498815536,5,1.0,1.0,-0.08823705741227147,-2.2399090451917045,-6426.303600105863,0.0,-0.12166563520096399,0.3558979591094279,-0.555413914202609,-0.4128859572108512,0.9842824215350541,61.5,-0.0005204187269088743,0.3651515151515151,0.07501630890045856,0.04839525901843386,-0.010753506386041774,-0.19871166580170152,-0.051325005367142074,-0.051325005367132685,0.41217633683788546,-853.8893014494375,7658.872041350615,8012.883341982984,14121.763368378855,0.19642857142857142,0.5268630849220104,0.4731369150779896,27.36589361632374,1.0,0.3734250962812197,405,False,False,False,False,False,False,0,6,False,True,underpowered,False,,,
us_stocks,1h,long,IMI,112,4.605126450752374,-0.5246474794335031,0.566912563929228,-2.069362196008217,5,1.0,1.0,-0.33848253534412903,-3.9219686524282626,-5816.943443313357,0.0,-0.12071270407490964,0.3558979591094279,-0.5631384878491685,-0.4128859572108512,0.995197969094067,873.5,-5.153002234200589e-05,0.34607041548473216,0.018854073892686018,0.01018742324967364,-0.005058199809618854,-0.1987097993024296,-0.055252061974943034,-0.055252061974929476,0.41217633683788546,-223.9017017620159,7658.872041350615,8012.902006975704,14121.763368378855,0.25,0.5155959457904179,0.4844040542095821,384.31535587742474,1.0,0.7128851735923476,405,False,False,False,False,False,False,0,6,False,True,underpowered,False,,,
us_stocks,1h,short,mc_chaikin_oscillator_spread,112,4.605126450752374,-0.524649943137592,0.3732162619095847,-3.143359646882865,5,1.0,1.0,-0.11975348176215553,-1.8484414476450752,-5746.307053423059,0.0,-0.12445292996626306,0.3558979591094279,-0.5591138081390945,-0.4128859572108512,0.9920395853012582,80.0,-0.00017217018507552112,0.44913793103448274,0.059108010594055786,0.050840784532277375,-0.003386458070217527,-0.19231859089446346,-0.05067960442215985,-0.05067960442216171,0.41217633683788546,-756.6430319587549,7658.872041350615,8076.814091055366,14121.763368378855,0.23214285714285715,0.5340507788067625,0.4659492211932374,35.194222607615686,1.0,0.46931459379707047,405,False,False,False,False,False,False,0,6,False,True,underpowered,False,,,
us_stocks,1h,long,LINEARREG_INTERCEPT_200,112,4.605126450752374,-0.5256238379366904,0.28519976077829534,-4.121078604741309,5,1.0,1.0,-0.4294115693909175,-1.7014352228470655,-6280.505632264827,0.0,-0.17841526828404752,0.3558979591094279,-0.5373490054652283,-0.4128859572108512,0.9512191682927267,131.5,-0.0005974385352262392,0.17331937554048518,0.07401291641496907,0.01682944990619973,-0.03549958783894365,-0.26091105667705716,-0.06354368545472494,-0.06354368545471523,0.41217633683788546,-982.8536885331869,7658.872041350615,7390.889433229428,14121.763368378855,0.16071428571428573,0.5340383917693576,0.46596160823064237,59.93159355311114,1.0,0.358634988721669,405,False,False,False,False,False,False,0,6,False,True,underpowered,False,,,
us_stocks,1h,short,LINEARREG_INTERCEPT_200,112,4.605126450752374,-0.5256238379366904,0.28519976077829534,-4.121078604741309,5,1.0,1.0,-0.19182404297945338,-1.7014352228470655,-6280.505632264827,0.0,-0.17841526828404752,0.3558979591094279,-0.5373490054652283,-0.4128859572108512,0.9512191682927267,131.5,-0.0005974385352262392,0.17331937554048518,0.07401291641496907,0.01682944990619973,-0.03549958783894365,-0.26091105667705716,-0.06354368545472494,-0.06354368545471523,0.41217633683788546,-982.8536885331869,7658.872041350615,7390.889433229428,14121.763368378855,0.16071428571428573,0.5340383917693576,0.46596160823064237,59.93159355311114,1.0,0.358634988721669,405,False,False,False,False,False,False,0,6,False,True,underpowered,False,,,
us_stocks,1h,long,DEMA_1000,112,4.605126450752374,-0.5290594629455219,0.3142799552394849,-3.7642010047514765,5,1.0,1.0,-0.4020833234242136,-2.1405142626952287,-5351.888375946646,0.0,-0.19793520229743497,0.3558979591094279,-0.5406276443759369,-0.4128859572108512,0.9014199426866547,161.5,-0.000963992928595991,0.12964836832785226,0.06908451844838981,0.011285846399655616,-0.08541609503257168,-0.23429921707128903,-0.06773957296669719,-0.06773957296667801,0.41217633683788546,-228.2875345176317,7658.872041350615,7657.007829287109,14121.763368378855,0.23214285714285715,0.513919850734507,0.4742152404152393,76.0061658879871,1.0,0.3952029549224539,405,False,False,False,False,False,False,0,6,False,True,underpowered,False,,,
us_stocks,1h,short,TEMA_1000,112,4.605126450752374,-0.5292793281856103,0.2445476633704205,-4.839565999515484,5,1.0,1.0,-0.0440771190759045,-2.198349114233059,-6625.79704027747,0.0,-0.1483227397093332,0.3558979591094279,-0.5510358957777559,-0.4128859572108512,0.9475981643550444,193.5,-0.0006697010529798716,0.14285714285714285,0.06422023189014997,0.01192270364367089,-0.05617023394986246,-0.21393866442204118,-0.060260756855478825,-0.06026075685546933,0.41217633683788546,-906.3280427223141,7658.872041350615,7860.613355779587,14121.763368378855,0.25,0.5138949354419161,0.4861050645580839,86.65036570162246,1.0,0.3075155051162152,405,False,False,False,False,False,False,0,6,False,True,underpowered,False,,,
us_stocks,1h,short,DEMA_1000,112,4.605126450752374,-0.529406086998375,0.3166435332594265,-3.7385510010105114,5,1.0,1.0,-0.08591316209789918,-2.1003029996445357,-5351.888375946646,0.0,-0.18713032128008006,0.3558979591094279,-0.5441643154555382,-0.4128859572108512,0.9014199426866547,161.5,-0.0008923173204809741,0.12964836832785226,0.06864594865020139,0.011221140884784144,-0.07952108699490223,-0.23429921707128903,-0.06773957296669719,-0.06773957296667801,0.41217633683788546,-199.38681425906717,7658.872041350615,7657.007829287109,14121.763368378855,0.23214285714285715,0.513919850734507,0.48608014926549303,76.0061658879871,1.0,0.3981751235323129,405,False,False,False,False,False,False,0,6,False,True,underpowered,False,,,
us_stocks,1h,long,CDL3INSIDE,112,4.605126450752374,-0.5295389898960858,0.346181282509164,-3.420419410205627,5,0.04404577042998245,1.0,-0.3536449243082067,-76.08832002704318,-3472.0026957998116,0.0,-0.17545935746748725,0.3558979591094279,-0.09639233617489068,-0.4128859572108512,0.9115940460173662,56.0,-0.0005606492925682557,0.47559523809523807,0.012189240243559645,0.011907624779352637,-0.04708321793447842,0.12639427143281634,0.02750372774955312,-0.18408141959269492,0.41217633683788546,1330.7964953845815,7658.872041350615,11263.942714328165,14121.763368378855,0.24107142857142858,0.022468432780391186,0.021988886984267045,25.408044220998352,1.0,0.435318458926896,405,False,False,False,False,False,False,0,6,False,False,unrankable,False,,,
us_stocks,1h,long,CDLRISEFALL3METHODS,112,4.605126450752374,-0.5295557526533574,0.3808065826588767,-3.109512058696997,5,0.0022300691797737804,1.0,-0.26176202305039414,-236.6015792868695,-3094.669229965428,0.0,-0.12481272568538423,0.3558979591094279,-0.014275073257359439,-0.4128859572108512,0.4345001216198596,3.0,-0.0010193984040201905,0.5,0.00574109340688033,0.008719329860019179,-0.11691247153000223,0.18635388780633189,0.03889008707027797,-0.26250565944811555,0.41217633683788546,1615.8508157381038,7658.872041350615,11863.538878063318,14121.763368378855,0.22321428571428573,0.0014855162168853676,0.0008621930040329008,1.3033675827071358,1.0,0.47885932338901527,405,False,False,False,False,False,False,0,6,False,False,unrankable,False,,,
us_stocks,1h,long,CDLHIGHWAVE,112,4.605126450752374,-0.5305105551190522,0.35014172616643136,-3.387935728241344,5,0.5473644788438661,1.0,-0.298414349553934,-6.221460262651591,-4848.489651263133,0.0,-0.1775088789293532,0.3558979591094279,-0.41515275737595525,-0.4128859572108512,0.9950764704779833,719.0,-3.0597318959363945e-05,0.471886752690961,0.012601761940878824,0.011620883133957956,-0.0026329598711782934,-0.10232115543568543,-0.025238005016167853,-0.06451282296075443,0.41217633683788546,-10.892748556289982,7658.872041350615,8976.788445643146,14121.763368378855,0.22321428571428573,0.28406982802896824,0.2630829633349847,315.4175187870829,1.0,0.44029866530042455,405,False,False,False,False,False,False,0,6,False,True,underpowered,False,,,
us_stocks,1h,long,MAX,112,4.605126450752374,-0.5311814080299881,0.20912238350288048,-5.679725512131731,5,0.8538533026482358,1.0,-0.4137929774537603,-1.6240401405775802,-5142.788080507854,0.0,-0.1756671430849155,0.3558979591094279,-0.5026372187014609,-0.4128859572108512,0.9853917846298084,209.0,-0.0002387118883976066,0.40186915887850466,0.03782661734264302,0.02453245043712925,-0.009730454322505107,-0.15546156994702115,-0.04954730491335935,-0.06176662488515276,0.41217633683788546,-546.5751522764791,7658.872041350615,8445.38430052979,14121.763368378855,0.20535714285714285,0.4753003191640298,0.3804859097365674,91.85203738059099,1.0,0.26296867656668704,405,False,False,False,False,False,False,0,6,False,True,underpowered,False,,,
us_stocks,1h,long,TRIX,112,4.605126450752374,-0.5316765903309902,0.2924897791248545,-4.064637751043989,5,1.0,1.0,-0.4643646950530069,-1.9243219814062134,-6542.639939396342,0.0,-0.24176061853276382,0.3558979591094279,-0.5542015523032633,-0.4128859572108512,0.9395434681195631,95.0,-0.0012496330654997389,0.32037735849056603,0.06726056658929722,0.03562287319872766,-0.03507951361835608,-0.2255341257774628,-0.07058859374384069,-0.07058859374384976,0.41217633683788546,-967.6065772873519,7658.872041350615,7744.658742225372,14121.763368378855,0.24107142857142858,0.5383519355019213,0.4616480644980787,42.39198816370625,1.0,0.36780209194912006,405,False,False,False,False,False,False,0,6,False,True,underpowered,False,,,
us_stocks,1h,short,TRIX,112,4.605126450752374,-0.5316765903309902,0.2924897791248545,-4.064637751043989,5,1.0,1.0,-0.20196761360338283,-1.9243219814062134,-6542.639939396342,0.0,-0.24176061853276382,0.3558979591094279,-0.5542015523032633,-0.4128859572108512,0.9395434681195631,95.0,-0.0012496330654997389,0.32037735849056603,0.06726056658929722,0.03562287319872766,-0.03507951361835608,-0.2255341257774628,-0.07058859374384069,-0.07058859374384976,0.41217633683788546,-967.6065772873519,7658.872041350615,7744.658742225372,14121.763368378855,0.24107142857142858,0.5383519355019213,0.4616480644980787,42.39198816370625,1.0,0.36780209194912006,405,False,False,False,False,False,False,0,6,False,True,underpowered,False,,,
us_stocks,1h,long,KAMA_100,112,4.605126450752374,-0.5329213834294086,0.4386990962718044,-2.7163229879850928,5,1.0,1.0,-0.3641157197548669,-2.558896861210946,-5694.7336669425895,0.0,-0.13336562716978675,0.3558979591094279,-0.528874946136974,-0.4128859572108512,0.9699018138529212,438.0,-0.00018728030892606394,0.17054353172651254,0.04663200273547086,0.009661083139121207,-0.01938502197209115,-0.19574894161317186,-0.046163501063186285,-0.04616350106317044,0.41217633683788546,1.5674106728038169,7658.872041350615,8042.510583868281,14121.763368378855,0.21428571428571427,0.5261466618148256,0.47385333818517433,194.19082146690624,1.0,0.5516584060740155,405,False,False,False,False,False,False,0,6,False,True,underpowered,False,,,
us_stocks,1h,short,KAMA_100,112,4.605126450752374,-0.5329213834294086,0.4386990962718044,-2.7163229879850928,5,1.0,1.0,-0.08762004978990096,-2.558896861210946,-5694.7336669425895,0.0,-0.13336562716978675,0.3558979591094279,-0.528874946136974,-0.4128859572108512,0.9699018138529212,438.0,-0.00018728030892606394,0.17054353172651254,0.04663200273547086,0.009661083139121207,-0.01938502197209115,-0.19574894161317186,-0.046163501063186285,-0.04616350106317044,0.41217633683788546,1.5674106728038169,7658.872041350615,8042.510583868281,14121.763368378855,0.21428571428571427,0.5261466618148256,0.47385333818517433,194.19082146690624,1.0,0.5516584060740155,405,False,False,False,False,False,False,0,6,False,True,underpowered,False,,,
us_stocks,1h,long,MIDPOINT_21,112,4.605126450752374,-0.5336515129124201,0.45545466350321895,-2.6199776943536435,5,1.0,1.0,-0.348934837524042,-2.624590164458854,-5882.793764892169,0.0,-0.09073578654236614,0.3558979591094279,-0.538162857996677,-0.4128859572108512,1.0071568111965639,763.5,3.682559522005002e-05,0.2629206444661605,0.027016768246073856,0.009265785653279925,0.003974362951836082,-0.1718756737323523,-0.049891738448705925,-0.04988883292382925,0.41217633683788546,-332.311773667562,7658.872041350615,8281.243262676477,14121.763368378855,0.25,0.5227160188165387,0.47716018816538747,336.5691180428255,1.0,0.5727283138771109,405,False,False,False,False,False,False,0,6,False,True,underpowered,False,,,
us_stocks,1h,short,MIDPOINT_21,112,4.605126450752374,-0.5341469397904265,0.45428669190402643,-2.6291522261832183,5,1.0,1.0,-0.0842665835143582,-2.6579992538272106,-5867.82866992626,0.0,-0.09279542006496824,0.3558979591094279,-0.538162857996677,-0.4128859572108512,1.006697429550371,763.5,3.409003532082123e-05,0.26305480604995424,0.027016768246073856,0.009264668005160227,0.0036795744112831453,-0.1725218844900402,-0.05301015840330231,-0.05301015840330056,0.41217633683788546,-338.3837512772303,7658.872041350615,8274.781155099598,14121.763368378855,0.24107142857142858,0.5227160188165387,0.47728398118346127,336.5483002325036,1.0,0.5712596047864701,405,False,False,False,False,False,False,0,6,False,True,underpowered,False,,,
us_stocks,1h,short,TRIMA_1000,112,4.605126450752374,-0.5351358954049337,0.3127545238090954,-3.826004576215342,5,1.0,1.0,-0.26885135688369655,-0.9886343506345898,-6373.9134214991045,0.0,-0.20206350092085099,0.3558979591094279,-0.5428882348113416,-0.4128859572108512,0.8620812961035687,85.0,-0.0017091634725641123,0.09868527836390197,0.1142542860720667,0.01377126303453581,-0.12411087263948431,-0.19063186763006806,-0.06069774536120376,-0.06069774536121113,0.41217633683788546,-72.2355765723969,7658.872041350615,8093.681323699319,14121.763368378855,0.1875,0.5728535696482717,0.4271464303517283,41.89240964088482,1.0,0.3932847447446456,405,False,False,False,False,False,False,0,6,False,True,underpowered,False,,,
us_stocks,1h,long,TRIMA_1000,112,4.605126450752374,-0.535546921935546,0.31317078409176274,-3.8238538951250534,5,1.0,1.0,-0.4899712934821178,-0.9942914353835439,-6373.9134214991045,0.0,-0.20206350092085099,0.3558979591094279,-0.5428882348113416,-0.4128859572108512,0.8620812961035687,85.0,-0.0017091634725641123,0.09868527836390197,0.1142542860720667,0.01377126303453581,-0.12411087263948431,-0.19063186763006806,-0.06069774536120376,-0.06069774536121113,0.41217633683788546,-72.65373125062264,7658.872041350615,8093.681323699319,14121.763368378855,0.1875,0.5728535696482717,0.4271464303517283,41.89240964088482,1.0,0.3938081866345416,405,False,False,False,False,False,False,0,6,False,True,underpowered,False,,,
us_stocks,1h,short,CDLRICKSHAWMAN,112,4.605126450752374,-0.5379485275428963,0.3196306232178362,-3.7633736838852117,5,1.0,1.0,-0.13627613658898002,-4.768074833260911,-6537.2635938180965,0.0,-0.15968856625000344,0.3558979591094279,-0.5447789691445654,-0.4128859572108512,0.9881331066523139,893.5,-9.821592833384788e-05,0.49487939552455684,0.014939063022783531,0.014558601980594213,-0.0067462472334063476,-0.1585948852646058,-0.0535721843350232,-0.0535721843350242,0.41217633683788546,3540.972289075671,7658.872041350615,8414.05114735394,14121.763368378855,0.29464285714285715,0.5153484073327463,0.48465159266725366,391.2650243362036,1.0,0.4019313502928873,405,False,False,False,False,False,False,0,6,False,True,underpowered,False,,,
us_stocks,1h,long,CMO,112,4.605126450752374,-0.538207048703392,0.41823812779531205,-2.877469716150097,5,1.0,1.0,-0.3603187261966843,-2.577499445554369,-5816.5427998986115,0.0,-0.10798811658992996,0.3558979591094279,-0.5505660671151755,-0.4128859572108512,0.9986520434684376,760.0,-1.7483994277755928e-05,0.23196800268040374,0.027281280404725487,0.008137670771247062,-0.002148525637032694,-0.20537056143043464,-0.05070055007220131,-0.050700550072204684,0.41217633683788546,-7.703485023804693,7658.872041350615,7946.294385695654,14121.763368378855,0.21428571428571427,0.5278534290666006,0.4721465709333994,336.6011166088475,1.0,0.5259290044126109,405,False,False,False,False,False,False,0,6,False,True,underpowered,False,,,
us_stocks,1h,long,RSI,112,4.605126450752374,-0.538207048703392,0.41823812779531205,-2.877469716150097,5,1.0,1.0,-0.3603187261966843,-2.577499445554369,-5816.5427998986115,0.0,-0.10798811658992996,0.3558979591094279,-0.5505660671151755,-0.4128859572108512,0.9986520434684376,760.0,-1.7483994277755928e-05,0.23196800268040374,0.027281280404725487,0.008137670771247062,-0.002148525637032694,-0.20537056143043464,-0.05070055007220131,-0.050700550072204684,0.41217633683788546,-7.703485023804693,7658.872041350615,7946.294385695654,14121.763368378855,0.21428571428571427,0.5278534290666006,0.4721465709333994,336.6011166088475,1.0,0.5259290044126109,405,False,False,False,False,False,False,0,6,False,True,underpowered,False,,,
us_stocks,1h,short,CMO,112,4.605126450752374,-0.538207048703392,0.41823812779531205,-2.877469716150097,5,1.0,1.0,-0.09471295652717296,-2.577499445554369,-5816.5427998986115,0.0,-0.10798811658992996,0.3558979591094279,-0.5505660671151755,-0.4128859572108512,0.9986520434684376,760.0,-1.7483994277755928e-05,0.23196800268040374,0.027281280404725487,0.008137670771247062,-0.002148525637032694,-0.20537056143043464,-0.05070055007220131,-0.050700550072204684,0.41217633683788546,-7.703485023804693,7658.872041350615,7946.294385695654,14121.763368378855,0.21428571428571427,0.5278534290666006,0.4721465709333994,336.6011166088475,1.0,0.5259290044126109,405,False,False,False,False,False,False,0,6,False,True,underpowered,False,,,
us_stocks,1h,short,RSI,112,4.605126450752374,-0.538207048703392,0.41823812779531205,-2.877469716150097,5,1.0,1.0,-0.09471295652717296,-2.577499445554369,-5816.5427998986115,0.0,-0.10798811658992996,0.3558979591094279,-0.5505660671151755,-0.4128859572108512,0.9986520434684376,760.0,-1.7483994277755928e-05,0.23196800268040374,0.027281280404725487,0.008137670771247062,-0.002148525637032694,-0.20537056143043464,-0.05070055007220131,-0.050700550072204684,0.41217633683788546,-7.703485023804693,7658.872041350615,7946.294385695654,14121.763368378855,0.21428571428571427,0.5278534290666006,0.4721465709333994,336.6011166088475,1.0,0.5259290044126109,405,False,False,False,False,False,False,0,6,False,True,underpowered,False,,,
us_stocks,1h,long,TEMA_100,112,4.605126450752374,-0.5393760149725271,0.42385520325777076,-2.845503430514754,5,1.0,1.0,-0.40496492422924724,-12.18431436371693,-5819.247576262243,0.0,-0.11889029092963779,0.3558979591094279,-0.5120750089027167,-0.4128859572108512,0.9986947428547797,639.5,-8.402695959414453e-06,0.24777543767276555,0.02976162723819589,0.009729157109306556,-0.0008636612468079832,-0.15777491009445543,-0.03957836038995288,-0.03957836038995126,0.41217633683788546,-390.4420113961836,7658.872041350615,8422.250899055445,14121.763368378855,0.23214285714285715,0.501887533604578,0.4981124663954219,282.28597572835633,1.0,0.5329924037283404,405,False,False,False,False,False,False,0,6,False,True,underpowered,False,,,
us_stocks,1h,short,TEMA_100,112,4.605126450752374,-0.5393760149725271,0.42385520325777076,-2.845503430514754,5,1.0,1.0,-0.07145931818505474,-12.18431436371693,-5819.247576262243,0.0,-0.11889029092963779,0.3558979591094279,-0.5120750089027167,-0.4128859572108512,0.9986947428547797,639.5,-8.402695959414453e-06,0.24777543767276555,0.02976162723819589,0.009729157109306556,-0.0008636612468079832,-0.15777491009445543,-0.03957836038995288,-0.03957836038995126,0.41217633683788546,-390.4420113961836,7658.872041350615,8422.250899055445,14121.763368378855,0.23214285714285715,0.501887533604578,0.4981124663954219,282.28597572835633,1.0,0.5329924037283404,405,False,False,False,False,False,False,0,6,False,True,underpowered,False,,,
us_stocks,1h,long,range_filter,112,4.605126450752374,-0.5404625952919554,0.3903720011729076,-3.095793496300171,5,1.0,1.0,-0.43616614109586826,-1.8057180845328429,-6927.405551352178,0.0,-0.16211022050523197,0.3558979591094279,-0.5393701975172966,-0.4128859572108512,0.9766853903429265,206.0,-0.00039027099967455913,0.36383572567783096,0.04564846433780613,0.026165369519972954,-0.014915554675299023,-0.2209896721770646,-0.056205654792706394,-0.05620565479272032,0.41217633683788546,-600.2256472640745,7658.872041350615,7790.103278229354,14121.763368378855,0.30357142857142855,0.5347570754354087,0.46524292456459126,89.95401943097656,1.0,0.49088771272404097,405,False,False,False,False,False,False,0,6,False,True,underpowered,False,,,
us_stocks,1h,short,range_filter,112,4.605126450752374,-0.5404625952919554,0.3903720011729076,-3.095793496300171,5,1.0,1.0,-0.14544084859512418,-1.8057180845328429,-6927.405551352178,0.0,-0.16211022050523197,0.3558979591094279,-0.5393701975172966,-0.4128859572108512,0.9766853903429265,206.0,-0.00039027099967455913,0.36383572567783096,0.04564846433780613,0.026165369519972954,-0.014915554675299023,-0.2209896721770646,-0.056205654792706394,-0.05620565479272032,0.41217633683788546,-600.2256472640745,7658.872041350615,7790.103278229354,14121.763368378855,0.30357142857142855,0.5347570754354087,0.46524292456459126,89.95401943097656,1.0,0.49088771272404097,405,False,False,False,False,False,False,0,6,False,True,underpowered,False,,,
us_stocks,1h,long,EMA_50,112,4.605126450752374,-0.5410644180950459,0.3971065540620805,-3.0466805614035533,5,1.0,1.0,-0.38574456445482086,-1.9809737703657264,-6521.904243225502,0.0,-0.1680965517217724,0.3558979591094279,-0.5424319183589569,-0.4128859572108512,0.9714783263850943,547.5,-0.0001751775204045497,0.2077985739750446,0.034476498584777825,0.008785572590104485,-0.01993922634045032,-0.2751059668109305,-0.07042331659888523,-0.0704233165988718,0.41217633683788546,-211.70618668225728,7658.872041350615,7248.940331890695,14121.763368378855,0.21428571428571427,0.5346606899817178,0.4653393100182822,245.75550151572196,1.0,0.4993563253654504,405,False,False,False,False,False,False,0,6,False,True,underpowered,False,,,
us_stocks,1h,short,EMA_50,112,4.605126450752374,-0.5410644180950459,0.3971065540620805,-3.0466805614035533,5,1.0,1.0,-0.15397764842425687,-1.9809737703657264,-6521.904243225502,0.0,-0.1680965517217724,0.3558979591094279,-0.5424319183589569,-0.4128859572108512,0.9714783263850943,547.5,-0.0001751775204045497,0.2077985739750446,0.034476498584777825,0.008785572590104485,-0.01993922634045032,-0.2751059668109305,-0.07042331659888523,-0.0704233165988718,0.41217633683788546,-211.70618668225728,7658.872041350615,7248.940331890695,14121.763368378855,0.21428571428571427,0.5346606899817178,0.4653393100182822,245.75550151572196,1.0,0.4993563253654504,405,False,False,False,False,False,False,0,6,False,True,underpowered,False,,,
us_stocks,1h,long,DEMA_50,112,4.605126450752374,-0.5414440936968702,0.3965648163321597,-3.0529833955513825,5,1.0,1.0,-0.39728658176569787,-12.55687252457425,-6101.445723203516,0.0,-0.14248715590114097,0.3558979591094279,-0.5218267721183472,-0.4128859572108512,0.9907731945780263,793.0,-7.270664182364678e-05,0.25283320439029777,0.02637235044577934,0.008808522921366649,-0.008254124155967603,-0.20032415842299695,-0.05330614817814272,-0.053306148178136836,0.41217633683788546,-271.2460841237697,7658.872041350615,7996.758415770031,14121.763368378855,0.23214285714285715,0.5039306697179288,0.49606933028207123,352.6345592294796,1.0,0.4986750972180983,405,False,False,False,False,False,False,0,6,False,True,underpowered,False,,,
us_stocks,1h,short,DEMA_50,112,4.605126450752374,-0.5414440936968702,0.3965648163321597,-3.0529833955513825,5,1.0,1.0,-0.10662987277478428,-12.55687252457425,-6101.445723203516,0.0,-0.14248715590114097,0.3558979591094279,-0.5218267721183472,-0.4128859572108512,0.9907731945780263,793.0,-7.270664182364678e-05,0.25283320439029777,0.02637235044577934,0.008808522921366649,-0.008254124155967603,-0.20032415842299695,-0.05330614817814272,-0.053306148178136836,0.41217633683788546,-271.2460841237697,7658.872041350615,7996.758415770031,14121.763368378855,0.23214285714285715,0.5039306697179288,0.49606933028207123,352.6345592294796,1.0,0.4986750972180983,405,False,False,False,False,False,False,0,6,False,True,underpowered,False,,,
us_stocks,1h,short,MIDPRICE_1000,112,4.605126450752374,-0.5455313950015332,0.31354046171702976,-3.890551402531988,5,1.0,1.0,-0.2830560875920295,-0.868727185733666,-6724.920595632115,0.0,-0.2136718940691153,0.3558979591094279,-0.561722167328276,-0.4128859572108512,0.8414164132341947,88.0,-0.0020602343492038865,0.0949874686716792,0.11554418213911985,0.01381775349192342,-0.14910052856335212,-0.2621781408926865,-0.07052001368179639,-0.07052001368180491,0.41217633683788546,198.62026127611355,7658.872041350615,7378.218591073135,14121.763368378855,0.17857142857142858,0.5922029453119146,0.4077970546880854,41.47352054678858,1.0,0.3942730514387984,405,False,False,False,False,False,False,0,6,False,True,underpowered,False,,,
us_stocks,1h,long,MIDPRICE_1000,112,4.605126450752374,-0.5457831332941424,0.3139357094870037,-3.8874462195230253,5,1.0,1.0,-0.4953039863635636,-0.875323361266299,-6724.920595632115,0.0,-0.2136718940691153,0.3558979591094279,-0.5621099393434517,-0.4128859572108512,0.8429215807784616,88.0,-0.0020602343492038865,0.0949874686716792,0.11554418213911985,0.01381775349192342,-0.14910052856335212,-0.26273086351236274,-0.07052001368179639,-0.07052001368180491,0.41217633683788546,198.18142628936752,7658.872041350615,7372.691364876373,14121.763368378855,0.17857142857142858,0.5922029453119146,0.4077970546880854,41.47352054678858,1.0,0.39477007036735584,405,False,False,False,False,False,False,0,6,False,True,underpowered,False,,,
us_stocks,1h,long,MA_21,112,4.605126450752374,-0.5460280232428902,0.41860102316914544,-2.916752970041314,5,1.0,1.0,-0.37305352071621706,-2.9894975062911273,-6598.2903145834935,0.0,-0.1407724661928883,0.3558979591094279,-0.5711209374992616,-0.4128859572108512,0.9913207254479297,798.0,-4.096951971766061e-05,0.2532815977014732,0.026004828487712406,0.009072385849039171,-0.004515848465814488,-0.20512719965269166,-0.048618409009396124,-0.048618409009379054,0.41217633683788546,-533.7711636020272,7658.872041350615,7948.728003473083,14121.763368378855,0.30357142857142855,0.5215590219291916,0.47844097807080843,352.2842377570649,1.0,0.5263853406239272,405,False,False,False,False,False,False,0,6,False,True,underpowered,False,,,
us_stocks,1h,long,SMA_21,112,4.605126450752374,-0.5460280232428902,0.41860102316914544,-2.916752970041314,5,1.0,1.0,-0.37305352071621706,-2.9894975062911273,-6598.2903145834935,0.0,-0.1407724661928883,0.3558979591094279,-0.5711209374992616,-0.4128859572108512,0.9913207254479297,798.0,-4.096951971766061e-05,0.2532815977014732,0.026004828487712406,0.009072385849039171,-0.004515848465814488,-0.20512719965269166,-0.048618409009396124,-0.048618409009379054,0.41217633683788546,-533.7711636020272,7658.872041350615,7948.728003473083,14121.763368378855,0.30357142857142855,0.5215590219291916,0.47844097807080843,352.2842377570649,1.0,0.5263853406239272,405,False,False,False,False,False,False,0,6,False,True,underpowered,False,,,
us_stocks,1h,short,MA_21,112,4.605126450752374,-0.5460280232428902,0.41860102316914544,-2.916752970041314,5,1.0,1.0,-0.09328628034988289,-2.9894975062911273,-6598.2903145834935,0.0,-0.1407724661928883,0.3558979591094279,-0.5711209374992616,-0.4128859572108512,0.9913207254479297,798.0,-4.096951971766061e-05,0.2532815977014732,0.026004828487712406,0.009072385849039171,-0.004515848465814488,-0.20512719965269166,-0.048618409009396124,-0.048618409009379054,0.41217633683788546,-533.7711636020272,7658.872041350615,7948.728003473083,14121.763368378855,0.30357142857142855,0.5215590219291916,0.47844097807080843,352.2842377570649,1.0,0.5263853406239272,405,False,False,False,False,False,False,0,6,False,True,underpowered,False,,,
us_stocks,1h,short,SMA_21,112,4.605126450752374,-0.5460280232428902,0.41860102316914544,-2.916752970041314,5,1.0,1.0,-0.09328628034988289,-2.9894975062911273,-6598.2903145834935,0.0,-0.1407724661928883,0.3558979591094279,-0.5711209374992616,-0.4128859572108512,0.9913207254479297,798.0,-4.096951971766061e-05,0.2532815977014732,0.026004828487712406,0.009072385849039171,-0.004515848465814488,-0.20512719965269166,-0.048618409009396124,-0.048618409009379054,0.41217633683788546,-533.7711636020272,7658.872041350615,7948.728003473083,14121.763368378855,0.30357142857142855,0.5215590219291916,0.47844097807080843,352.2842377570649,1.0,0.5263853406239272,405,False,False,False,False,False,False,0,6,False,True,underpowered,False,,,
us_stocks,1h,long,MIN,112,4.605126450752374,-0.5472019571809893,0.37701885921390843,-3.2454099941546977,5,0.8520512377156537,1.0,-0.32383062355157916,-3.054740374957672,-5201.952289916499,0.0,-0.16701954226760043,0.3558979591094279,-0.5148295586924769,-0.4128859572108512,0.9758770488339965,211.5,-0.00029522788327189314,0.3942174033917153,0.03731153877150457,0.02489613780948662,-0.011858380827222011,-0.14116570253398086,-0.03774241456000005,-0.048353490474408144,0.41217633683788546,-493.41320811935645,7658.872041350615,8588.34297466019,14121.763368378855,0.25,0.436076402201494,0.41606351710559764,92.89835239420034,1.0,0.47409631043535794,405,False,False,False,False,False,False,0,6,False,True,underpowered,False,,,
us_stocks,1h,long,ATAN,112,4.605126450752374,-0.547836422127902,0.41518876921314485,-2.9504639124749126,5,1.0,1.0,-0.3276045032365754,-2.6648398469630976,-6685.485502676251,0.0,-0.1495701578340966,0.3558979591094279,-0.5650216974345548,-0.4128859572108512,0.9974843355913606,818.5,-2.308181664815591e-05,0.25620743806504637,0.025430345407841448,0.008918412466030262,-0.0025881082239774477,-0.24103754718093467,-0.06712235250287385,-0.06712235250287442,0.41217633683788546,-469.7393380893186,7658.872041350615,7589.624528190653,14121.763368378855,0.25892857142857145,0.5251125955960746,0.4748874044039254,361.0751988412268,1.0,0.522094475667778,405,False,False,False,False,False,False,0,6,False,True,underpowered,False,,,
us_stocks,1h,short,ATAN,112,4.605126450752374,-0.547836422127902,0.41518876921314485,-2.9504639124749126,5,1.0,1.0,-0.008866860045647488,-2.6648398469630976,-6685.485502676251,0.0,-0.1495701578340966,0.3558979591094279,-0.5650216974345548,-0.4128859572108512,0.9974843355913606,818.5,-2.308181664815591e-05,0.25620743806504637,0.025430345407841448,0.008918412466030262,-0.0025881082239774477,-0.24103754718093467,-0.06712235250287385,-0.06712235250287442,0.41217633683788546,-469.7393380893186,7658.872041350615,7589.624528190653,14121.763368378855,0.25892857142857145,0.5251125955960746,0.4748874044039254,361.0751988412268,1.0,0.522094475667778,405,False,False,False,False,False,False,0,6,False,True,underpowered,False,,,
us_stocks,1h,short,MOM,112,4.605126450752374,-0.5498092096050965,0.4194774626527018,-2.9308148274709405,5,1.0,1.0,-0.0657570127266796,-3.523081466577553,-5801.499111042366,0.0,-0.052741160379632786,0.3558979591094279,-0.5381184060427429,-0.4128859572108512,1.0096721896185445,1045.5,7.443710357757773e-05,0.33764915677195667,0.018266451629742143,0.00900936778409536,0.008262189463392189,-0.17714286198034224,-0.04195224164518313,-0.04195224164516872,0.41217633683788546,-326.09910712955144,7658.872041350615,8228.571380196578,14121.763368378855,0.25,0.5185023691612568,0.4814976308387432,459.10818620943763,1.0,0.5274874518719966,405,False,False,False,False,False,False,0,6,False,True,underpowered,False,,,
us_stocks,1h,short,ROC,112,4.605126450752374,-0.5498092096050965,0.4194774626527018,-2.9308148274709405,5,1.0,1.0,-0.0657570127266796,-3.523081466577553,-5801.499111042366,0.0,-0.052741160379632786,0.3558979591094279,-0.5381184060427429,-0.4128859572108512,1.0096721896185445,1045.5,7.443710357757773e-05,0.33764915677195667,0.018266451629742143,0.00900936778409536,0.008262189463392189,-0.17714286198034224,-0.04195224164518313,-0.04195224164516872,0.41217633683788546,-326.09910712955144,7658.872041350615,8228.571380196578,14121.763368378855,0.25,0.5185023691612568,0.4814976308387432,459.10818620943763,1.0,0.5274874518719966,405,False,False,False,False,False,False,0,6,False,True,underpowered,False,,,
us_stocks,1h,short,ROCP,112,4.605126450752374,-0.5498092096050965,0.4194774626527018,-2.9308148274709405,5,1.0,1.0,-0.0657570127266796,-3.523081466577553,-5801.499111042366,0.0,-0.052741160379632786,0.3558979591094279,-0.5381184060427429,-0.4128859572108512,1.0096721896185445,1045.5,7.443710357757773e-05,0.33764915677195667,0.018266451629742143,0.00900936778409536,0.008262189463392189,-0.17714286198034224,-0.04195224164518313,-0.04195224164516872,0.41217633683788546,-326.09910712955144,7658.872041350615,8228.571380196578,14121.763368378855,0.25,0.5185023691612568,0.4814976308387432,459.10818620943763,1.0,0.5274874518719966,405,False,False,False,False,False,False,0,6,False,True,underpowered,False,,,
us_stocks,1h,short,ROCR,112,4.605126450752374,-0.5498092096050965,0.4194774626527018,-2.9308148274709405,5,1.0,1.0,-0.0657570127266796,-3.523081466577553,-5801.499111042366,0.0,-0.052741160379632786,0.3558979591094279,-0.5381184060427429,-0.4128859572108512,1.0096721896185445,1045.5,7.443710357757773e-05,0.33764915677195667,0.018266451629742143,0.00900936778409536,0.008262189463392189,-0.17714286198034224,-0.04195224164518313,-0.04195224164516872,0.41217633683788546,-326.09910712955144,7658.872041350615,8228.571380196578,14121.763368378855,0.25,0.5185023691612568,0.4814976308387432,459.10818620943763,1.0,0.5274874518719966,405,False,False,False,False,False,False,0,6,False,True,underpowered,False,,,
us_stocks,1h,short,ROCR100,112,4.605126450752374,-0.5498092096050965,0.4194774626527018,-2.9308148274709405,5,1.0,1.0,-0.0657570127266796,-3.523081466577553,-5801.499111042366,0.0,-0.052741160379632786,0.3558979591094279,-0.5381184060427429,-0.4128859572108512,1.0096721896185445,1045.5,7.443710357757773e-05,0.33764915677195667,0.018266451629742143,0.00900936778409536,0.008262189463392189,-0.17714286198034224,-0.04195224164518313,-0.04195224164516872,0.41217633683788546,-326.09910712955144,7658.872041350615,8228.571380196578,14121.763368378855,0.25,0.5185023691612568,0.4814976308387432,459.10818620943763,1.0,0.5274874518719966,405,False,False,False,False,False,False,0,6,False,True,underpowered,False,,,
us_stocks,1h,long,MOM,112,4.605126450752374,-0.5498236535466764,0.4169650297838951,-2.94855198193685,5,0.9992571499319054,1.0,-0.36193870701347086,-3.5259860780320533,-5799.613784508937,0.0,-0.05498273942252754,0.3558979591094279,-0.5370882624147825,-0.4128859572108512,1.01029513413644,1046.5,9.458425551564829e-05,0.3375631160011465,0.018271432015699612,0.009018815495277485,0.010487436578026832,-0.18647199552127514,-0.044251525523274826,-0.04424343498311766,0.41217633683788546,-322.5039195460204,7658.872041350615,8135.280044787249,14121.763368378855,0.24107142857142858,0.5185023691612568,0.4805692444716967,459.04151217091345,1.0,0.5243281002262956,405,False,False,False,False,False,False,0,6,False,True,underpowered,False,,,
us_stocks,1h,long,ROC,112,4.605126450752374,-0.5498236535466764,0.4169650297838951,-2.94855198193685,5,0.9992571499319054,1.0,-0.36193870701347086,-3.5259860780320533,-5799.613784508937,0.0,-0.05498273942252754,0.3558979591094279,-0.5370882624147825,-0.4128859572108512,1.01029513413644,1046.5,9.458425551564829e-05,0.3375631160011465,0.018271432015699612,0.009018815495277485,0.010487436578026832,-0.18647199552127514,-0.044251525523274826,-0.04424343498311766,0.41217633683788546,-322.5039195460204,7658.872041350615,8135.280044787249,14121.763368378855,0.24107142857142858,0.5185023691612568,0.4805692444716967,459.04151217091345,1.0,0.5243281002262956,405,False,False,False,False,False,False,0,6,False,True,underpowered,False,,,
us_stocks,1h,long,ROCP,112,4.605126450752374,-0.5498236535466764,0.4169650297838951,-2.94855198193685,5,0.9992571499319054,1.0,-0.36193870701347086,-3.5259860780320533,-5799.613784508937,0.0,-0.05498273942252754,0.3558979591094279,-0.5370882624147825,-0.4128859572108512,1.01029513413644,1046.5,9.458425551564829e-05,0.3375631160011465,0.018271432015699612,0.009018815495277485,0.010487436578026832,-0.18647199552127514,-0.044251525523274826,-0.04424343498311766,0.41217633683788546,-322.5039195460204,7658.872041350615,8135.280044787249,14121.763368378855,0.24107142857142858,0.5185023691612568,0.4805692444716967,459.04151217091345,1.0,0.5243281002262956,405,False,False,False,False,False,False,0,6,False,True,underpowered,False,,,
us_stocks,1h,long,ROCR,112,4.605126450752374,-0.5498236535466764,0.4169650297838951,-2.94855198193685,5,0.9992571499319054,1.0,-0.36193870701347086,-3.5259860780320533,-5799.613784508937,0.0,-0.05498273942252754,0.3558979591094279,-0.5370882624147825,-0.4128859572108512,1.01029513413644,1046.5,9.458425551564829e-05,0.3375631160011465,0.018271432015699612,0.009018815495277485,0.010487436578026832,-0.18647199552127514,-0.044251525523274826,-0.04424343498311766,0.41217633683788546,-322.5039195460204,7658.872041350615,8135.280044787249,14121.763368378855,0.24107142857142858,0.5185023691612568,0.4805692444716967,459.04151217091345,1.0,0.5243281002262956,405,False,False,False,False,False,False,0,6,False,True,underpowered,False,,,
us_stocks,1h,long,ROCR100,112,4.605126450752374,-0.5498236535466764,0.4169650297838951,-2.94855198193685,5,0.9992571499319054,1.0,-0.36193870701347086,-3.5259860780320533,-5799.613784508937,0.0,-0.05498273942252754,0.3558979591094279,-0.5370882624147825,-0.4128859572108512,1.01029513413644,1046.5,9.458425551564829e-05,0.3375631160011465,0.018271432015699612,0.009018815495277485,0.010487436578026832,-0.18647199552127514,-0.044251525523274826,-0.04424343498311766,0.41217633683788546,-322.5039195460204,7658.872041350615,8135.280044787249,14121.763368378855,0.24107142857142858,0.5185023691612568,0.4805692444716967,459.04151217091345,1.0,0.5243281002262956,405,False,False,False,False,False,False,0,6,False,True,underpowered,False,,,
us_stocks,1h,short,dyn_breakout2,112,4.605126450752374,-0.5504417608605622,0.24279100556243227,-5.069484316717824,5,1.0,1.0,-0.20069036278102836,-1.5341984540911793,-5732.86330154972,0.0,-0.17648038682741995,0.3558979591094279,-0.5556361752992875,-0.4128859572108512,0.8690669050681445,28.5,-0.005693307468156328,0.34807692307692306,0.102726458947036,0.06700364596182501,-0.08497011448302472,-0.2599677912203652,-0.06632576762132336,-0.0663257676213376,0.41217633683788546,-1668.894748780326,7658.872041350615,7400.322087796349,14121.763368378855,0.14285714285714285,0.5269803528441055,0.47301964715589445,12.592955767478454,1.0,0.30530653077683834,405,False,False,False,False,False,False,0,6,False,True,underpowered,False,,,
us_stocks,1h,long,TSF_21,112,4.605126450752374,-0.5506748440978704,0.27493449666675845,-4.478690014641643,5,1.0,1.0,-0.4884958556706985,-11.110320564781933,-6705.080775412234,0.0,-0.18663610449029527,0.3558979591094279,-0.5639356154532356,-0.4128859572108512,0.9845488277922745,1276.5,-9.97195431649802e-05,0.3678874420215238,0.016532758912447407,0.009637791192326732,-0.010346721689132813,-0.2796079834877939,-0.08115593222892131,-0.08115593222893244,0.41217633683788546,-787.1579337393335,7658.872041350615,7203.920165122061,14121.763368378855,0.26785714285714285,0.4938169815001807,0.5061830184998193,563.3201622507511,1.0,0.34572655265279073,405,False,False,False,False,False,False,0,6,False,True,underpowered,False,,,
us_stocks,1h,short,TSF_21,112,4.605126450752374,-0.5506748440978704,0.27493449666675845,-4.478690014641643,5,1.0,1.0,-0.1130622997130242,-11.110320564781933,-6705.080775412234,0.0,-0.18663610449029527,0.3558979591094279,-0.5639356154532356,-0.4128859572108512,0.9845488277922745,1276.5,-9.97195431649802e-05,0.3678874420215238,0.016532758912447407,0.009637791192326732,-0.010346721689132813,-0.2796079834877939,-0.08115593222892131,-0.08115593222893244,0.41217633683788546,-787.1579337393335,7658.872041350615,7203.920165122061,14121.763368378855,0.26785714285714285,0.4938169815001807,0.5061830184998193,563.3201622507511,1.0,0.34572655265279073,405,False,False,False,False,False,False,0,6,False,True,underpowered,False,,,
us_stocks,1h,long,MAVP,112,4.605126450752374,-0.5514758759389554,0.4127828743607817,-2.9873757443555045,5,1.0,1.0,-0.3446986115073287,-2.8707893073854223,-6549.781540720677,0.0,-0.14216767515899636,0.3558979591094279,-0.5631581342260159,-0.4128859572108512,1.0031031413294622,818.5,1.5929541169885613e-05,0.25667188636703697,0.02531795895861683,0.008910766216823126,0.001787673560530783,-0.25220511280043106,-0.0643531358009597,-0.06435313580093971,0.41217633683788546,-468.1486024154113,7658.872041350615,7477.948871995689,14121.763368378855,0.25892857142857145,0.5235013234643304,0.4764986765356696,359.7167858378614,1.0,0.5190690941916921,405,False,False,False,False,False,False,0,6,False,True,underpowered,False,,,
us_stocks,1h,short,MAVP,112,4.605126450752374,-0.5514758759389554,0.4127828743607817,-2.9873757443555045,5,1.0,1.0,-0.04937738726365311,-2.8707893073854223,-6549.781540720677,0.0,-0.14216767515899636,0.3558979591094279,-0.5631581342260159,-0.4128859572108512,1.0031031413294622,818.5,1.5929541169885613e-05,0.25667188636703697,0.02531795895861683,0.008910766216823126,0.001787673560530783,-0.25220511280043106,-0.0643531358009597,-0.06435313580093971,0.41217633683788546,-468.1486024154113,7658.872041350615,7477.948871995689,14121.763368378855,0.25892857142857145,0.5235013234643304,0.4764986765356696,359.7167858378614,1.0,0.5190690941916921,405,False,False,False,False,False,False,0,6,False,True,underpowered,False,,,
us_stocks,1h,long,LN,112,4.605126450752374,-0.5529430228278602,0.4174081314597535,-2.9621324874609662,5,1.0,1.0,-0.34984772217594406,-2.740909416766317,-6647.685176494762,0.0,-0.1478867997039305,0.3558979591094279,-0.5620043557106276,-0.4128859572108512,0.9980396457982998,817.5,-1.6685711317562415e-05,0.25584255842558423,0.02518379036060918,0.008903025109518084,-0.0018741619968839563,-0.25154397537812845,-0.07021767934481365,-0.0702176793448152,0.41217633683788546,-522.5368626245494,7658.872041350615,7484.560246218715,14121.763368378855,0.26785714285714285,0.524408223019506,0.47559177698049404,361.37703619186755,1.0,0.524885294818922,405,False,False,False,False,False,False,0,6,False,True,underpowered,False,,,
us_stocks,1h,long,LOG10,112,4.605126450752374,-0.5529430228278602,0.4174081314597535,-2.9621324874609662,5,1.0,1.0,-0.34984772217594406,-2.740909416766317,-6647.685176494762,0.0,-0.1478867997039305,0.3558979591094279,-0.5620043557106276,-0.4128859572108512,0.9980396457982998,817.5,-1.6685711317562415e-05,0.25584255842558423,0.02518379036060918,0.008903025109518084,-0.0018741619968839563,-0.25154397537812845,-0.07021767934481365,-0.0702176793448152,0.41217633683788546,-522.5368626245494,7658.872041350615,7484.560246218715,14121.763368378855,0.26785714285714285,0.524408223019506,0.47559177698049404,361.37703619186755,1.0,0.524885294818922,405,False,False,False,False,False,False,0,6,False,True,underpowered,False,,,
us_stocks,1h,short,LN,112,4.605126450752374,-0.5529430228278602,0.4174081314597535,-2.9621324874609662,5,1.0,1.0,-0.032299171712812595,-2.740909416766317,-6647.685176494762,0.0,-0.1478867997039305,0.3558979591094279,-0.5620043557106276,-0.4128859572108512,0.9980396457982998,817.5,-1.6685711317562415e-05,0.25584255842558423,0.02518379036060918,0.008903025109518084,-0.0018741619968839563,-0.25154397537812845,-0.07021767934481365,-0.0702176793448152,0.41217633683788546,-522.5368626245494,7658.872041350615,7484.560246218715,14121.763368378855,0.26785714285714285,0.524408223019506,0.47559177698049404,361.37703619186755,1.0,0.524885294818922,405,False,False,False,False,False,False,0,6,False,True,underpowered,False,,,
us_stocks,1h,short,LOG10,112,4.605126450752374,-0.5529430228278602,0.4174081314597535,-2.9621324874609662,5,1.0,1.0,-0.032299171712812595,-2.740909416766317,-6647.685176494762,0.0,-0.1478867997039305,0.3558979591094279,-0.5620043557106276,-0.4128859572108512,0.9980396457982998,817.5,-1.6685711317562415e-05,0.25584255842558423,0.02518379036060918,0.008903025109518084,-0.0018741619968839563,-0.25154397537812845,-0.07021767934481365,-0.0702176793448152,0.41217633683788546,-522.5368626245494,7658.872041350615,7484.560246218715,14121.763368378855,0.26785714285714285,0.524408223019506,0.47559177698049404,361.37703619186755,1.0,0.524885294818922,405,False,False,False,False,False,False,0,6,False,True,underpowered,False,,,
us_stocks,1h,long,MINMAX,112,4.605126450752374,-0.5536440360438359,0.3676430993411851,-3.3673573695516827,5,0.9950473596046179,1.0,-0.42878773057940517,-9.911982168321227,-6737.704029048507,0.0,-0.21108158232873653,0.3558979591094279,-0.5829659071928528,-0.4128859572108512,0.9741982884446329,470.0,-0.00037608421406046233,0.4844344070650138,0.022454074390564648,0.021968820618891327,-0.017118998811299944,-0.28970244410103835,-0.09581473362930665,-0.09618996412947003,0.41217633683788546,-1233.3550609185625,7658.872041350615,7102.975558989617,14121.763368378855,0.1875,0.4974000247218152,0.497640851276327,206.31471063166248,1.0,0.46230641437431225,405,False,False,False,False,False,False,0,6,False,True,underpowered,False,,,
us_stocks,1h,long,SQRT,112,4.605126450752374,-0.5543097008623808,0.41511377081198525,-2.985866186253899,5,1.0,1.0,-0.3485579782537994,-2.826311543174581,-6653.757139498783,0.0,-0.14135052929446962,0.3558979591094279,-0.5622490963434834,-0.4128859572108512,1.0036661967533096,817.5,1.4433683910937365e-05,0.2566075190294892,0.025354787895579246,0.008918995069106681,0.001618308318269205,-0.2443649235308114,-0.06905952185799641,-0.06905952185797669,0.41217633683788546,-526.2877854181643,7658.872041350615,7556.350764691886,14121.763368378855,0.26785714285714285,0.5239569687130468,0.4760430312869532,360.50830896894536,1.0,0.5220001661540511,405,False,False,False,False,False,False,0,6,False,True,underpowered,False,,,
us_stocks,1h,short,SQRT,112,4.605126450752374,-0.5543097008623808,0.41511377081198525,-2.985866186253899,5,1.0,1.0,-0.03718789020626079,-2.826311543174581,-6653.757139498783,0.0,-0.14135052929446962,0.3558979591094279,-0.5622490963434834,-0.4128859572108512,1.0036661967533096,817.5,1.4433683910937365e-05,0.2566075190294892,0.025354787895579246,0.008918995069106681,0.001618308318269205,-0.2443649235308114,-0.06905952185799641,-0.06905952185797669,0.41217633683788546,-526.2877854181643,7658.872041350615,7556.350764691886,14121.763368378855,0.26785714285714285,0.5239569687130468,0.4760430312869532,360.50830896894536,1.0,0.5220001661540511,405,False,False,False,False,False,False,0,6,False,True,underpowered,False,,,
us_stocks,1h,long,CDLEVENINGSTAR,112,4.605126450752374,-0.5550233913364438,0.3371852511656444,-3.680677099132882,5,0.021770409397087406,1.0,-0.3010736533279106,-6.254200800308377,-2978.1189397512353,0.0,-0.17676638222941837,0.3558979591094279,-0.05697901906547309,-0.4128859572108512,0.8466540695072744,26.5,-0.0009561126267801667,0.472953216374269,0.011701408704307237,0.012733154911165034,-0.07508843122153504,0.13290369830134274,0.031135425640858028,-0.25694778378697225,0.41217633683788546,1373.0402230357872,7658.872041350615,11329.036983013428,14121.763368378855,0.22321428571428573,0.0,0.021770409397087406,12.592937638836613,1.0,0.42400606655104495,405,False,False,False,False,False,False,0,6,False,False,unrankable,False,,,
us_stocks,1h,long,CDLEVENINGDOJISTAR,112,4.605126450752374,-0.5555974377353424,0.31572220087718333,-3.9349581228347357,5,0.007425283117347746,1.0,-0.27044654717786615,-25.262972643757116,-3240.1841803118978,0.0,-0.11874519338867594,0.3558979591094279,-0.031727513119030715,-0.4128859572108512,0.7621289680761731,9.0,-0.0012275342095939786,0.48333333333333334,0.011082969249343263,0.011421503981122622,-0.10747570649389417,0.16345365899385722,0.036486818744794425,-0.3182815148483764,0.41217633683788546,1592.1973450265625,7658.872041350615,11634.536589938572,14121.763368378855,0.2767857142857143,0.0,0.007425283117347746,4.339404005392559,1.0,0.3970165600482027,405,False,False,False,False,False,False,0,6,False,False,unrankable,False,,,
us_stocks,1h,short,MINMAX,112,4.605126450752374,-0.5558266579796032,0.37034237464428404,-3.355992389860055,5,1.0,1.0,-0.17115734337379565,-8.812882327001972,-6629.0700793908145,0.0,-0.22383020866240833,0.3558979591094279,-0.5739966922398385,-0.4128859572108512,0.9655134577742843,471.5,-0.0003864062606461253,0.48506088506088507,0.022487650326370272,0.022080557490809342,-0.017499841695888356,-0.3144509657669432,-0.08468876811444204,-0.0846887681144293,0.41217633683788546,-1314.0708522193938,7658.872041350615,6855.490342330568,14121.763368378855,0.19642857142857142,0.4974000247218152,0.5025999752781848,206.43473539537135,1.0,0.4657007179503103,405,False,False,False,False,False,False,0,6,False,True,underpowered,False,,,
us_stocks,1h,long,KAMA_21,112,4.605126450752374,-0.5597689406751656,0.3557182628722843,-3.5187437185144357,5,1.0,1.0,-0.41560974531840605,-3.138585954858881,-6569.935649436193,0.0,-0.17122348060708847,0.3558979591094279,-0.5360097149082641,-0.4128859572108512,0.9873797032595186,769.0,-7.129087759024589e-05,0.2206837280366692,0.030689994300133857,0.008895387027246088,-0.008014364903054336,-0.23379851097951926,-0.06208093620133753,-0.0620809362013279,0.41217633683788546,-534.9850042866228,7658.872041350615,7662.014890204808,14121.763368378855,0.26785714285714285,0.521693606015713,0.478306393984287,338.49982891944467,1.0,0.44731108765713273,405,False,False,False,False,False,False,0,6,False,True,underpowered,False,,,
us_stocks,1h,short,KAMA_21,112,4.605126450752374,-0.5597689406751656,0.3557182628722843,-3.5187437185144357,5,1.0,1.0,-0.1252919232235173,-3.138585954858881,-6569.935649436193,0.0,-0.17122348060708847,0.3558979591094279,-0.5360097149082641,-0.4128859572108512,0.9873797032595186,769.0,-7.129087759024589e-05,0.2206837280366692,0.030689994300133857,0.008895387027246088,-0.008014364903054336,-0.23379851097951926,-0.06208093620133753,-0.0620809362013279,0.41217633683788546,-534.9850042866228,7658.872041350615,7662.014890204808,14121.763368378855,0.26785714285714285,0.521693606015713,0.478306393984287,338.49982891944467,1.0,0.44731108765713273,405,False,False,False,False,False,False,0,6,False,True,underpowered,False,,,
us_stocks,1h,long,ACCBANDS,112,4.605126450752374,-0.5624128802524356,0.33707509854216416,-3.7308998413259675,5,1.0,1.0,-0.4409549755428884,-2.6936280839212046,-5480.954987425568,0.0,-0.1539362762301142,0.3558979591094279,-0.5451379104290639,-0.4128859572108512,0.969055251909191,142.0,-0.0005140398841481852,0.36391694725028056,0.05391202602318017,0.03137596920158498,-0.01638323523476107,-0.2109835101684263,-0.057214057223176906,-0.05721405722316586,0.41217633683788546,-714.931911009426,7658.872041350615,7890.164898315737,14121.763368378855,0.1875,0.5203882950339718,0.47961170496602823,62.53368861416179,1.0,0.4238675510601073,405,False,False,False,False,False,False,0,6,False,True,underpowered,False,,,
us_stocks,1h,short,ACCBANDS,112,4.605126450752374,-0.5624128802524356,0.33707509854216416,-3.7308998413259675,5,1.0,1.0,-0.11974953182742182,-2.6936280839212046,-5480.954987425568,0.0,-0.1539362762301142,0.3558979591094279,-0.5451379104290639,-0.4128859572108512,0.969055251909191,142.0,-0.0005140398841481852,0.36391694725028056,0.05391202602318017,0.03137596920158498,-0.01638323523476107,-0.2109835101684263,-0.057214057223176906,-0.05721405722316586,0.41217633683788546,-714.931911009426,7658.872041350615,7890.164898315737,14121.763368378855,0.1875,0.5203882950339718,0.47961170496602823,62.53368861416179,1.0,0.4238675510601073,405,False,False,False,False,False,False,0,6,False,True,underpowered,False,,,
us_stocks,1h,short,ichimoku,112,4.605126450752374,-0.5630077407265035,0.2814449518501952,-4.473072165078755,5,1.0,1.0,-0.16479161449710317,-1.1066761387729178,-6546.820797748406,0.0,-0.18692030878859123,0.3558979591094279,-0.5559572535230497,-0.4128859572108512,0.872729325982321,118.0,-0.0013561615760590237,0.14608739837398374,0.07448866210912536,0.01431749927615478,-0.09472056187337521,-0.22766109435714393,-0.06879282592152508,-0.06879282592151512,0.41217633683788546,-1230.4214156386213,7658.872041350615,7723.389056428561,14121.763368378855,0.1875,0.47765195730925114,0.5223480426907489,54.26350269278605,1.0,0.3539133653447545,405,False,False,False,False,False,False,0,6,False,True,underpowered,False,,,
us_stocks,1h,short,WILLR,112,4.605126450752374,-0.5643103613051491,0.44280181523067363,-2.8496638561168455,5,1.0,1.0,-0.09994003446703151,-3.2454375577147387,-6087.142176933676,0.0,-0.09660375588627595,0.3558979591094279,-0.5667283653683983,-0.4128859572108512,1.0001962239331168,951.5,-2.254045600494005e-06,0.28125,0.022736527591448098,0.009084393155454347,-0.0002481228588329708,-0.16917174014623387,-0.048169871964843625,-0.0481698719648308,0.41217633683788546,-530.1299114196937,7658.872041350615,8308.282598537662,14121.763368378855,0.24107142857142858,0.519187917801436,0.480812082198564,421.38664737693836,1.0,0.5568175217883027,405,False,False,False,False,False,False,0,6,False,True,underpowered,False,,,
us_stocks,1h,short,MIDPRICE_21,112,4.605126450752374,-0.5643291927709975,0.4594257879197368,-2.7466425914776633,5,1.0,1.0,-0.1481302910028931,-2.7402184227482653,-6262.356112168886,0.0,-0.16374472280101043,0.3558979591094279,-0.5289465441282493,-0.4128859572108512,0.9915626180210595,758.0,-5.0927179236587075e-05,0.26067334680071563,0.026789471377142753,0.009562434828126014,-0.005325754387030679,-0.23204788678415056,-0.058957378295155294,-0.058957378295162864,0.41217633683788546,-419.17715003217035,7658.872041350615,7679.521132158494,14121.763368378855,0.26785714285714285,0.5223178645261988,0.4776821354738012,335.40173127875175,1.0,0.5777219511664399,405,False,False,False,False,False,False,0,6,False,True,underpowered,False,,,
us_stocks,1h,long,MIDPRICE_21,112,4.605126450752374,-0.5643464509489802,0.4586207940735885,-2.751547778664803,5,0.9999381494309747,1.0,-0.40850088361776427,-2.7208389372028123,-6270.64709048405,0.0,-0.16087261978418893,0.3558979591094279,-0.527872068312103,-0.4128859572108512,0.9910750494693064,758.0,-5.265887012936786e-05,0.26084082141552406,0.026789471377142753,0.009559513363940297,-0.0055085304162033845,-0.2338103926927863,-0.057746809180855396,-0.057746861450950565,0.41217633683788546,-418.47118139089486,7658.872041350615,7661.896073072137,14121.763368378855,0.26785714285714285,0.5223178645261988,0.47762023130146,335.6189018478525,1.0,0.5767096818779013,405,False,False,False,False,False,False,0,6,False,True,underpowered,False,,,
us_stocks,1h,long,WILLR,112,4.605126450752374,-0.5644526080129463,0.44150528195676536,-2.8587526654269735,5,1.0,1.0,-0.4297046691884738,-3.237006130471951,-6083.11715260598,0.0,-0.10328385548850297,0.3558979591094279,-0.5673220785655505,-0.4128859572108512,0.9994648030928478,952.0,-8.760291538698306e-06,0.2811734818805093,0.022736527591448098,0.009063298582779423,-0.000966567686001558,-0.1694676656236268,-0.04878948480637507,-0.0487881027298374,0.41217633683788546,-541.4122158232806,7658.872041350615,8305.323343763732,14121.763368378855,0.24107142857142858,0.519187917801436,0.4805920065736775,421.38664737693836,1.0,0.5551871480642979,405,False,False,False,False,False,False,0,6,False,True,underpowered,False,,,
us_stocks,1h,short,MAX,112,4.605126450752374,-0.5656983220369921,0.24978047433489486,-5.064206504533677,5,1.0,1.0,-0.12537164551054877,-2.3619816262629767,-5754.556153622172,0.0,-0.22166970182687318,0.3558979591094279,-0.5269454281297058,-0.4128859572108512,0.9725828649584326,212.0,-0.0003475390902749495,0.3711086330266704,0.04171851108468737,0.02422115929871399,-0.014348573740374265,-0.21930699067667253,-0.0545890436751279,-0.05458904367513577,0.41217633683788546,-1083.7888057253945,7658.872041350615,7806.930093233275,14121.763368378855,0.22321428571428573,0.4753003191640298,0.5246996808359702,92.91729269229792,1.0,0.3140956968250216,405,False,False,False,False,False,False,0,6,False,True,underpowered,False,,,
us_stocks,1h,long,CCI,112,4.605126450752374,-0.5663403367493884,0.34552146800233946,-3.6651137733739323,5,1.0,1.0,-0.3744251578007119,-3.2178597346120004,-6719.427326704905,0.0,-0.08377378086454512,0.3558979591094279,-0.5718611698036089,-0.4128859572108512,1.0071934791482204,886.0,4.868617014839833e-05,0.3020263493800146,0.022138332653325814,0.009880385708741807,0.004927557646390522,-0.14703699861098257,-0.0443387203723995,-0.04433872037240597,0.41217633683788546,-639.0055913813105,7658.872041350615,8529.630013890175,14121.763368378855,0.26785714285714285,0.5178261946026244,0.4821738053973756,386.0860135402612,1.0,0.43448875076876975,405,False,False,False,False,False,False,0,6,False,True,underpowered,False,,,
us_stocks,1h,short,CCI,112,4.605126450752374,-0.5663403367493884,0.34552146800233946,-3.6651137733739323,5,1.0,1.0,-0.033748129925087696,-3.2178597346120004,-6719.427326704905,0.0,-0.08377378086454512,0.3558979591094279,-0.5718611698036089,-0.4128859572108512,1.0071934791482204,886.0,4.868617014839833e-05,0.3020263493800146,0.022138332653325814,0.009880385708741807,0.004927557646390522,-0.14703699861098257,-0.0443387203723995,-0.04433872037240597,0.41217633683788546,-639.0055913813105,7658.872041350615,8529.630013890175,14121.763368378855,0.26785714285714285,0.5178261946026244,0.4821738053973756,386.0860135402612,1.0,0.43448875076876975,405,False,False,False,False,False,False,0,6,False,True,underpowered,False,,,
us_stocks,1h,long,KAMA_50,112,4.605126450752374,-0.5690529428871165,0.34429573319694945,-3.695779355952739,5,1.0,1.0,-0.37925835146710607,-2.3911825730218035,-6429.665438653253,0.0,-0.193682789772805,0.3558979591094279,-0.5468568743606528,-0.4128859572108512,0.9653400364364388,558.0,-0.0002667947751754638,0.18635389232559563,0.04006379325070372,0.009421083754627564,-0.028318904929002065,-0.26434620946581144,-0.07056622729345297,-0.07056622729344836,0.41217633683788546,-730.1567808258204,7658.872041350615,7356.537905341886,14121.763368378855,0.21428571428571427,0.5269463070553286,0.47305369294467137,248.437579602073,1.0,0.4329474051978366,405,False,False,False,False,False,False,0,6,False,True,underpowered,False,,,
us_stocks,1h,short,KAMA_50,112,4.605126450752374,-0.5690529428871165,0.34429573319694945,-3.695779355952739,5,1.0,1.0,-0.17592154173738744,-2.3911825730218035,-6429.665438653253,0.0,-0.193682789772805,0.3558979591094279,-0.5468568743606528,-0.4128859572108512,0.9653400364364388,558.0,-0.0002667947751754638,0.18635389232559563,0.04006379325070372,0.009421083754627564,-0.028318904929002065,-0.26434620946581144,-0.07056622729345297,-0.07056622729344836,0.41217633683788546,-730.1567808258204,7658.872041350615,7356.537905341886,14121.763368378855,0.21428571428571427,0.5269463070553286,0.47305369294467137,248.437579602073,1.0,0.4329474051978366,405,False,False,False,False,False,False,0,6,False,True,underpowered,False,,,
us_stocks,1h,long,HT_DCPERIOD,112,4.605126450752374,-0.5697680172384876,0.29935920479334555,-4.255890574101534,5,1.0,1.0,-0.52966785604404,-1.2417293528509288,-6042.668273485204,0.0,-0.2430040004666894,0.3558979591094279,-0.5782289596927812,-0.4128859572108512,0.9697605837761634,448.0,-0.00027810079389591194,0.4903939373250495,0.022564552461342428,0.021806547554492784,-0.012753086805738539,-0.2690786098261532,-0.0763962279426793,-0.0763962279426815,0.41217633683788546,-1142.6758188092253,7658.872041350615,7309.213901738468,14121.763368378855,0.19642857142857142,0.4630523557008074,0.5369476442991926,196.19995787087458,1.0,0.37644030535582335,405,False,False,False,False,False,False,0,6,False,True,underpowered,False,,,
us_stocks,1h,short,HT_DCPERIOD,112,4.605126450752374,-0.5697680172384876,0.29935920479334555,-4.255890574101534,5,1.0,1.0,-0.13325094104894625,-1.2417293528509288,-6042.668273485204,0.0,-0.2430040004666894,0.3558979591094279,-0.5782289596927812,-0.4128859572108512,0.9697605837761634,448.0,-0.00027810079389591194,0.4903939373250495,0.022564552461342428,0.021806547554492784,-0.012753086805738539,-0.2690786098261532,-0.0763962279426793,-0.0763962279426815,0.41217633683788546,-1142.6758188092253,7658.872041350615,7309.213901738468,14121.763368378855,0.19642857142857142,0.4630523557008074,0.5369476442991926,196.19995787087458,1.0,0.37644030535582335,405,False,False,False,False,False,False,0,6,False,True,underpowered,False,,,
us_stocks,1h,long,CDLMARUBOZU,112,4.605126450752374,-0.570406888566636,0.39881220423909247,-3.1981683712579865,5,0.28782688650220956,1.0,-0.30844962273986454,-10.551079777303656,-4015.592176050816,0.0,-0.10497489183220463,0.3558979591094279,-0.3165821124421022,-0.4128859572108512,0.9914702957987457,368.5,-5.5688639897962674e-05,0.46676272814601344,0.01406112220411402,0.012689107554372511,-0.0043886963412783945,0.0019386217260864425,0.0010011191825242682,-0.08111432139770944,0.41217633683788546,537.7997551664674,7658.872041350615,10019.386217260864,14121.763368378855,0.26785714285714285,0.1479956599601483,0.13528063023927792,166.13591265757822,1.0,0.5015011582724854,405,False,False,False,False,False,False,0,6,False,True,underpowered,False,,,
us_stocks,1h,long,FLOOR,112,4.605126450752374,-0.5713710228242945,0.4159402234500425,-3.071653991074414,5,0.9901568058586923,1.0,-0.3776185374054199,-3.2950118909328037,-6087.4506761954535,0.0,-0.1302524337037714,0.3558979591094279,-0.5337473456826664,-0.4128859572108512,0.9994563849930933,839.5,-1.4053760864806556e-06,0.26474678461338597,0.024733866180726517,0.009085130374897709,-0.00015468969937555563,-0.18832510421699356,-0.059389078295363995,-0.06372339178212443,0.41217633683788546,-532.9173441106911,7658.872041350615,8116.748957830065,14121.763368378855,0.25,0.5116667526276558,0.4671371782468921,371.4632589227806,1.0,0.5230394195942356,405,False,False,False,False,False,False,0,6,False,True,underpowered,False,,,
us_stocks,1h,long,CEIL,112,4.605126450752374,-0.5729333689795679,0.4160044202347191,-3.0795777575955743,5,0.990344175091695,1.0,-0.3724674334189074,-3.270521049237524,-6083.456472397111,0.0,-0.1362769310454906,0.3558979591094279,-0.5337473456826664,-0.4128859572108512,0.986008465572983,841.5,-0.00010175925000599804,0.26404687930645687,0.024792491876502842,0.009103654819020895,-0.011177845824446836,-0.2188290542535321,-0.057584246277320006,-0.06137997428113543,0.41217633683788546,-528.0893797383345,7658.872041350615,7811.709457464679,14121.763368378855,0.25,0.5117905456457297,0.46722804872349444,371.14500638351115,1.0,0.5231201462157645,405,False,False,False,False,False,False,0,6,False,True,underpowered,False,,,
us_stocks,1h,long,WMA_21,112,4.605126450752374,-0.574928088836032,0.36127696160276346,-3.5584286446278943,5,1.0,1.0,-0.3730316089703419,-3.0645895932493525,-6521.22517407775,0.0,-0.13705930652057885,0.3558979591094279,-0.547611078225558,-0.4128859572108512,0.9890616215685175,1017.0,-6.50723708612624e-05,0.2626582333318893,0.022810863546291162,0.008203910741336126,-0.00793187211720741,-0.22502059170887806,-0.05835405403309046,-0.058354054033080194,0.41217633683788546,-599.8033747337867,7658.872041350615,7749.794082911219,14121.763368378855,0.21428571428571427,0.5201707737241263,0.47982922627587354,447.0932214901743,1.0,0.454301078991881,405,False,False,False,False,False,False,0,6,False,True,underpowered,False,,,
us_stocks,1h,short,WMA_21,112,4.605126450752374,-0.574928088836032,0.36127696160276346,-3.5584286446278943,5,1.0,1.0,-0.06472028642387334,-3.0645895932493525,-6521.22517407775,0.0,-0.13705930652057885,0.3558979591094279,-0.547611078225558,-0.4128859572108512,0.9890616215685175,1017.0,-6.50723708612624e-05,0.2626582333318893,0.022810863546291162,0.008203910741336126,-0.00793187211720741,-0.22502059170887806,-0.05835405403309046,-0.058354054033080194,0.41217633683788546,-599.8033747337867,7658.872041350615,7749.794082911219,14121.763368378855,0.21428571428571427,0.5201707737241263,0.47982922627587354,447.0932214901743,1.0,0.454301078991881,405,False,False,False,False,False,False,0,6,False,True,underpowered,False,,,
us_stocks,1h,long,MINUS_DI,112,4.605126450752374,-0.5762217245931908,0.32770474304549974,-3.931804386864309,5,1.0,1.0,-0.44647967509982567,-3.2264425364465317,-6982.502774703993,0.0,-0.1342808095174009,0.3558979591094279,-0.569554284280087,-0.4128859572108512,0.993870981148647,619.5,-3.9496177142398903e-05,0.30661800486618007,0.02566347520517427,0.010996192237662253,-0.0035918048983468514,-0.21015649374396705,-0.05432668091807713,-0.05432668091806346,0.41217633683788546,-973.5459097638235,7658.872041350615,7898.435062560329,14121.763368378855,0.20535714285714285,0.517282487448762,0.48271751255123796,275.5495379011175,1.0,0.41208445093164453,405,False,False,False,False,False,False,0,6,False,True,underpowered,False,,,
us_stocks,1h,long,MINUS_DM,112,4.605126450752374,-0.5762217245931908,0.32770474304549974,-3.931804386864309,5,1.0,1.0,-0.44647967509982567,-3.2264425364465317,-6982.502774703993,0.0,-0.1342808095174009,0.3558979591094279,-0.569554284280087,-0.4128859572108512,0.993870981148647,619.5,-3.9496177142398903e-05,0.30661800486618007,0.02566347520517427,0.010996192237662253,-0.0035918048983468514,-0.21015649374396705,-0.05432668091807713,-0.05432668091806346,0.41217633683788546,-973.5459097638235,7658.872041350615,7898.435062560329,14121.763368378855,0.20535714285714285,0.517282487448762,0.48271751255123796,275.5495379011175,1.0,0.41208445093164453,405,False,False,False,False,False,False,0,6,False,True,underpowered,False,,,
us_stocks,1h,long,PLUS_DI,112,4.605126450752374,-0.5762217245931908,0.32770474304549974,-3.931804386864309,5,1.0,1.0,-0.44647967509982567,-3.2264425364465317,-6982.502774703993,0.0,-0.1342808095174009,0.3558979591094279,-0.569554284280087,-0.4128859572108512,0.993870981148647,619.5,-3.9496177142398903e-05,0.30661800486618007,0.02566347520517427,0.010996192237662253,-0.0035918048983468514,-0.21015649374396705,-0.05432668091807713,-0.05432668091806346,0.41217633683788546,-973.5459097638235,7658.872041350615,7898.435062560329,14121.763368378855,0.20535714285714285,0.517282487448762,0.48271751255123796,275.5495379011175,1.0,0.41208445093164453,405,False,False,False,False,False,False,0,6,False,True,underpowered,False,,,
us_stocks,1h,long,PLUS_DM,112,4.605126450752374,-0.5762217245931908,0.32770474304549974,-3.931804386864309,5,1.0,1.0,-0.44647967509982567,-3.2264425364465317,-6982.502774703993,0.0,-0.1342808095174009,0.3558979591094279,-0.569554284280087,-0.4128859572108512,0.993870981148647,619.5,-3.9496177142398903e-05,0.30661800486618007,0.02566347520517427,0.010996192237662253,-0.0035918048983468514,-0.21015649374396705,-0.05432668091807713,-0.05432668091806346,0.41217633683788546,-973.5459097638235,7658.872041350615,7898.435062560329,14121.763368378855,0.20535714285714285,0.517282487448762,0.48271751255123796,275.5495379011175,1.0,0.41208445093164453,405,False,False,False,False,False,False,0,6,False,True,underpowered,False,,,
us_stocks,1h,short,MINUS_DI,112,4.605126450752374,-0.5762217245931908,0.32770474304549974,-3.931804386864309,5,1.0,1.0,-0.14574044349423698,-3.2264425364465317,-6982.502774703993,0.0,-0.1342808095174009,0.3558979591094279,-0.569554284280087,-0.4128859572108512,0.993870981148647,619.5,-3.9496177142398903e-05,0.30661800486618007,0.02566347520517427,0.010996192237662253,-0.0035918048983468514,-0.21015649374396705,-0.05432668091807713,-0.05432668091806346,0.41217633683788546,-973.5459097638235,7658.872041350615,7898.435062560329,14121.763368378855,0.20535714285714285,0.517282487448762,0.48271751255123796,275.5495379011175,1.0,0.41208445093164453,405,False,False,False,False,False,False,0,6,False,True,underpowered,False,,,
us_stocks,1h,short,MINUS_DM,112,4.605126450752374,-0.5762217245931908,0.32770474304549974,-3.931804386864309,5,1.0,1.0,-0.14574044349423698,-3.2264425364465317,-6982.502774703993,0.0,-0.1342808095174009,0.3558979591094279,-0.569554284280087,-0.4128859572108512,0.993870981148647,619.5,-3.9496177142398903e-05,0.30661800486618007,0.02566347520517427,0.010996192237662253,-0.0035918048983468514,-0.21015649374396705,-0.05432668091807713,-0.05432668091806346,0.41217633683788546,-973.5459097638235,7658.872041350615,7898.435062560329,14121.763368378855,0.20535714285714285,0.517282487448762,0.48271751255123796,275.5495379011175,1.0,0.41208445093164453,405,False,False,False,False,False,False,0,6,False,True,underpowered,False,,,
us_stocks,1h,short,PLUS_DI,112,4.605126450752374,-0.5762217245931908,0.32770474304549974,-3.931804386864309,5,1.0,1.0,-0.14574044349423698,-3.2264425364465317,-6982.502774703993,0.0,-0.1342808095174009,0.3558979591094279,-0.569554284280087,-0.4128859572108512,0.993870981148647,619.5,-3.9496177142398903e-05,0.30661800486618007,0.02566347520517427,0.010996192237662253,-0.0035918048983468514,-0.21015649374396705,-0.05432668091807713,-0.05432668091806346,0.41217633683788546,-973.5459097638235,7658.872041350615,7898.435062560329,14121.763368378855,0.20535714285714285,0.517282487448762,0.48271751255123796,275.5495379011175,1.0,0.41208445093164453,405,False,False,False,False,False,False,0,6,False,True,underpowered,False,,,
us_stocks,1h,short,PLUS_DM,112,4.605126450752374,-0.5762217245931908,0.32770474304549974,-3.931804386864309,5,1.0,1.0,-0.14574044349423698,-3.2264425364465317,-6982.502774703993,0.0,-0.1342808095174009,0.3558979591094279,-0.569554284280087,-0.4128859572108512,0.993870981148647,619.5,-3.9496177142398903e-05,0.30661800486618007,0.02566347520517427,0.010996192237662253,-0.0035918048983468514,-0.21015649374396705,-0.05432668091807713,-0.05432668091806346,0.41217633683788546,-973.5459097638235,7658.872041350615,7898.435062560329,14121.763368378855,0.20535714285714285,0.517282487448762,0.48271751255123796,275.5495379011175,1.0,0.41208445093164453,405,False,False,False,False,False,False,0,6,False,True,underpowered,False,,,
us_stocks,1h,long,CDLENGULFING,112,4.605126450752374,-0.5771199800123397,0.3055581862947241,-4.223351114004153,5,0.5569441143944529,1.0,-0.386836794806306,-10.926418972136565,-6246.986507029098,0.0,-0.22099346954967852,0.3558979591094279,-0.4434854774097801,-0.4128859572108512,0.9731674799355907,740.0,-0.0001691972456615497,0.4344419121577896,0.014220647228315945,0.011215709832964521,-0.015085736719423287,-0.20496313238007885,-0.05097276639012366,-0.10283753174871524,0.41217633683788546,-895.5257890125057,7658.872041350615,7950.368676199212,14121.763368378855,0.23214285714285715,0.2779330542813967,0.28228455912352773,330.78221936764623,1.0,0.38423544394488035,405,False,False,False,False,False,False,0,6,False,True,underpowered,False,,,
us_stocks,1h,short,trend_factor,112,4.605126450752374,-0.5782785057738096,0.43230352722801507,-2.991116119566666,5,1.0,1.0,-0.15790522958849218,-1.8428847031995816,-6179.9688788092035,0.0,-0.1514821752752404,0.3558979591094279,-0.555089279686805,-0.4128859572108512,0.9790550356593174,465.0,-0.0001292308785179733,0.21407828282828284,0.03379371773940733,0.009247705607908482,-0.013974372022337868,-0.2031626437701704,-0.05514829325653592,-0.05514829325652282,0.41217633683788546,-768.9303531643678,7658.872041350615,7968.373562298296,14121.763368378855,0.19642857142857142,0.49081017222288115,0.509189827777119,210.96098627824117,1.0,0.5436160612079864,405,False,False,False,False,False,False,0,6,False,True,underpowered,False,,,
us_stocks,1h,long,DEMA_21,112,4.605126450752374,-0.5785100903863271,0.5094098616427831,-2.5393852478664543,5,1.0,1.0,-0.41732505788876484,-18.111038642558213,-6599.204410819839,0.0,-0.10341067665785875,0.3558979591094279,-0.5515955807676549,-0.4128859572108512,1.0023764105042283,1273.0,1.4186029971193676e-05,0.2989881786654448,0.01878402750479328,0.007891013656394094,0.0017977449525383505,-0.1698984748950919,-0.042706786607627,-0.0427067866076276,0.41217633683788546,807.4876060256726,7658.872041350615,8301.01525104908,14121.763368378855,0.2767857142857143,0.5017326045791075,0.49826739542089254,561.4866646612741,1.0,0.6405762735789431,405,False,False,False,False,False,False,0,6,False,True,underpowered,False,,,
us_stocks,1h,short,DEMA_21,112,4.605126450752374,-0.5785100903863271,0.5094098616427831,-2.5393852478664543,5,1.0,1.0,-0.026337396610548763,-18.111038642558213,-6599.204410819839,0.0,-0.10341067665785875,0.3558979591094279,-0.5515955807676549,-0.4128859572108512,1.0023764105042283,1273.0,1.4186029971193676e-05,0.2989881786654448,0.01878402750479328,0.007891013656394094,0.0017977449525383505,-0.1698984748950919,-0.042706786607627,-0.0427067866076276,0.41217633683788546,807.4876060256726,7658.872041350615,8301.01525104908,14121.763368378855,0.2767857142857143,0.5017326045791075,0.49826739542089254,561.4866646612741,1.0,0.6405762735789431,405,False,False,False,False,False,False,0,6,False,True,underpowered,False,,,
us_stocks,1h,long,ADOSC,112,4.605126450752374,-0.5786590969405191,0.4035656544120313,-3.206221992411122,5,1.0,1.0,-0.39813844849077207,-2.2821931523411614,-6874.574497215826,0.0,-0.20559217516057632,0.3558979591094279,-0.5688105719343566,-0.4128859572108512,0.9852321733139326,842.0,-0.00010851806792203335,0.3492815499347877,0.02010459576072373,0.010979631989757516,-0.009883579706793976,-0.2733612796483293,-0.0737833383870165,-0.07378333838699623,0.41217633683788546,-783.3788173619571,7658.872041350615,7266.387203516707,14121.763368378855,0.21428571428571427,0.5314183307182219,0.46858166928177825,369.5928986187547,1.0,0.5074785600224334,405,False,False,False,False,False,False,0,6,False,True,underpowered,False,,,
us_stocks,1h,short,ADOSC,112,4.605126450752374,-0.5786590969405191,0.4035656544120313,-3.206221992411122,5,1.0,1.0,-0.1613507136373078,-2.2821931523411614,-6874.574497215826,0.0,-0.20559217516057632,0.3558979591094279,-0.5688105719343566,-0.4128859572108512,0.9852321733139326,842.0,-0.00010851806792203335,0.3492815499347877,0.02010459576072373,0.010979631989757516,-0.009883579706793976,-0.2733612796483293,-0.0737833383870165,-0.07378333838699623,0.41217633683788546,-783.3788173619571,7658.872041350615,7266.387203516707,14121.763368378855,0.21428571428571427,0.5314183307182219,0.46858166928177825,369.5928986187547,1.0,0.5074785600224334,405,False,False,False,False,False,False,0,6,False,True,underpowered,False,,,
us_stocks,1h,long,EMA_21,112,4.605126450752374,-0.5793813012539526,0.4222125773678009,-3.068444769156049,5,1.0,1.0,-0.4091936534066091,-2.761339869911334,-6063.356720165184,0.0,-0.1432046736627216,0.3558979591094279,-0.5418859928563973,-0.4128859572108512,0.9947886211950837,872.5,-2.539442922500795e-05,0.24141229141229142,0.024611763157745006,0.00811826411465007,-0.0031280614755045512,-0.22605060710214864,-0.05787279754940344,-0.05787279754940076,0.41217633683788546,-598.2182762208082,7658.872041350615,7739.493928978513,14121.763368378855,0.20535714285714285,0.5257783746794523,0.4742216253205477,386.7623909212359,1.0,0.5309268230423131,405,False,False,False,False,False,False,0,6,False,True,underpowered,False,,,
us_stocks,1h,short,EMA_21,112,4.605126450752374,-0.5793813012539526,0.4222125773678009,-3.068444769156049,5,1.0,1.0,-0.12794487762457515,-2.761339869911334,-6063.356720165184,0.0,-0.1432046736627216,0.3558979591094279,-0.5418859928563973,-0.4128859572108512,0.9947886211950837,872.5,-2.539442922500795e-05,0.24141229141229142,0.024611763157745006,0.00811826411465007,-0.0031280614755045512,-0.22605060710214864,-0.05787279754940344,-0.05787279754940076,0.41217633683788546,-598.2182762208082,7658.872041350615,7739.493928978513,14121.763368378855,0.20535714285714285,0.5257783746794523,0.4742216253205477,386.7623909212359,1.0,0.5309268230423131,405,False,False,False,False,False,False,0,6,False,True,underpowered,False,,,
us_stocks,1h,long,CDLSPINNINGTOP,112,4.605126450752374,-0.5815178020786613,0.33792155775556554,-3.8479739032060594,5,0.7567145603401773,1.0,-0.44215194560735643,-6.568158072429654,-5834.303734056284,0.0,-0.21915380673597368,0.3558979591094279,-0.49483250770210163,-0.4128859572108512,0.9797922780334062,1046.5,-0.00012742671341274612,0.45115960004711847,0.012763114397156196,0.010724327339122899,-0.011882023868097247,-0.22156213844318678,-0.05673281609459396,-0.08002929936728426,0.41217633683788546,-868.993617003223,7658.872041350615,7784.378615568132,14121.763368378855,0.24107142857142858,0.3903465279351612,0.3687794008417925,457.7116082562376,1.0,0.42493196250850096,405,False,False,False,False,False,False,0,6,False,True,underpowered,False,,,
us_stocks,1h,short,FLOOR,112,4.605126450752374,-0.5866032775991661,0.4251378196574086,-3.085316675879173,5,1.0,1.0,-0.09586065274854971,-3.014671644058561,-6536.520797467766,0.0,-0.13888571609859665,0.3558979591094279,-0.5541473919233705,-0.4128859572108512,0.9966373859941071,840.5,-2.9563839560308754e-05,0.26372410361174403,0.025749054785914122,0.0092630812434177,-0.003191577271473968,-0.2287411539250951,-0.06087555458489269,-0.06087555458490196,0.41217633683788546,-822.6567909557896,7658.872041350615,7712.58846074905,14121.763368378855,0.25,0.5116667526276558,0.4883332473723442,372.4710978129368,1.0,0.5346052771640091,405,False,False,False,False,False,False,0,6,False,True,underpowered,False,,,
us_stocks,1h,short,atr_chandelier,112,4.605126450752374,-0.5873132092939206,0.2564132047992964,-5.1217029212388345,5,1.0,1.0,-0.19226826536071098,-1.4877604579710764,-6214.572352611681,0.0,-0.1890976997426487,0.3558979591094279,-0.5624246576850729,-0.4128859572108512,0.9736835598739865,375.0,-0.00019281052096080257,0.38345385531820575,0.021829952747588352,0.014511569997422329,-0.013286675459309451,-0.22337460672289522,-0.05635955471135029,-0.05635955471135687,0.41217633683788546,-1324.8949461258776,7658.872041350615,7766.253932771047,14121.763368378855,0.16071428571428573,0.5590964130216464,0.44090358697835363,168.4399837886323,1.0,0.32243626909199363,405,False,False,False,False,False,False,0,6,False,True,underpowered,False,,,
us_stocks,1h,short,CEIL,112,4.605126450752374,-0.5881539847457568,0.425733884844584,-3.0891416867346337,5,1.0,1.0,-0.09029468734550314,-2.937164642805989,-6607.592942902832,0.0,-0.13988273567212833,0.3558979591094279,-0.5541473919233705,-0.4128859572108512,0.9913462720091619,841.5,-6.289525547750471e-05,0.26422312167297846,0.025749054785914122,0.0092630812434177,-0.0067898849016570775,-0.24268352748984234,-0.06675659453118166,-0.06675659453118085,0.41217633683788546,-821.6897942994323,7658.872041350615,7573.164725101577,14121.763368378855,0.25,0.5117905456457297,0.48820945435427043,371.4338444448391,1.0,0.535354821382057,405,False,False,False,False,False,False,0,6,False,True,underpowered,False,,,
us_stocks,1h,long,LINEARREG_21,112,4.605126450752374,-0.5941311236227265,0.3041480772760826,-4.367995983623529,5,1.0,1.0,-0.5349770020713887,-29.019116714740562,-6642.3993448752935,0.0,-0.17913691283108257,0.3558979591094279,-0.6037944687761831,-0.4128859572108512,0.9858445506834006,1339.5,-0.00010796356096813186,0.3512300809643897,0.01671649993202467,0.009043283906299248,-0.011938534948894844,-0.27712586033141856,-0.0854731385766499,-0.08547313857664689,0.41217633683788546,-1096.7389619726448,7658.872041350615,7228.741396685815,14121.763368378855,0.25892857142857145,0.498631695687487,0.501368304312513,587.2443949432517,1.0,0.38246225019949737,405,False,False,False,False,False,False,0,6,False,True,underpowered,False,,,
us_stocks,1h,short,LINEARREG_21,112,4.605126450752374,-0.5941311236227265,0.3041480772760826,-4.367995983623529,5,1.0,1.0,-0.18505167829418914,-29.019116714740562,-6642.3993448752935,0.0,-0.17913691283108257,0.3558979591094279,-0.6037944687761831,-0.4128859572108512,0.9858445506834006,1339.5,-0.00010796356096813186,0.3512300809643897,0.01671649993202467,0.009043283906299248,-0.011938534948894844,-0.27712586033141856,-0.0854731385766499,-0.08547313857664689,0.41217633683788546,-1096.7389619726448,7658.872041350615,7228.741396685815,14121.763368378855,0.25892857142857145,0.498631695687487,0.501368304312513,587.2443949432517,1.0,0.38246225019949737,405,False,False,False,False,False,False,0,6,False,True,underpowered,False,,,
us_stocks,1h,short,MIN,112,4.605126450752374,-0.5977714002129633,0.38049355436064364,-3.512956975388058,5,1.0,1.0,-0.12101682549211956,-0.7143073204793997,-6028.729862618027,0.0,-0.1913154251866721,0.3558979591094279,-0.5496720495611894,-0.4128859572108512,0.9663427792825994,215.5,-0.0005829576658952786,0.3971229293809939,0.03808659162123383,0.026236789555391285,-0.02221909295207535,-0.2717019122008284,-0.07343408063834916,-0.07343408063835397,0.41217633683788546,-1307.4440959748922,7658.872041350615,7282.980877991717,14121.763368378855,0.24107142857142858,0.436076402201494,0.563923597798506,94.5403281118966,1.0,0.47846569437649433,405,False,False,False,False,False,False,0,6,False,True,underpowered,False,,,
us_stocks,1h,long,preholiday,112,4.605126450752374,-0.5983376966735977,0.4113549051237496,-3.252480392473553,5,0.03925210500247647,1.0,-0.4097073099359131,-3.1075660559656604,-2938.4299583122574,0.0,-0.21229738506433993,0.3558979591094279,-0.07488301261595653,-0.4128859572108512,0.8532340209315119,47.0,-0.0008622669890312203,0.47058823529411764,0.011999291696055646,0.012799554322821531,-0.06736695413634858,0.10278384166068133,0.025749211268659034,-0.2366399388119178,0.41217633683788546,1183.8073533316287,7658.872041350615,11027.838416606814,14121.763368378855,0.16071428571428573,0.03925210500247647,0.0,20.40856802035611,1.0,0.5172734414540449,405,False,False,False,False,False,False,0,6,False,False,unrankable,False,,,
us_stocks,1h,long,CDLHANGINGMAN,112,4.605126450752374,-0.602519952639226,0.48166177491817386,-2.7971403214011374,5,0.10400933458088019,1.0,-0.29579486778081326,-0.5129336722117399,-2829.125140666758,0.0,-0.17806032088962118,0.3558979591094279,-0.17744862813476014,-0.4128859572108512,0.937360448460979,126.0,-0.00040053683513986433,0.48105951902657407,0.01335328569727725,0.013667501734367824,-0.029305782645901435,0.07494782684986201,0.018131135239135454,-0.14935112854373103,0.41217633683788546,885.2170761848057,7658.872041350615,10749.47826849862,14121.763368378855,0.30357142857142855,0.0,0.10400933458088019,56.89876827853725,1.0,0.6056834155261482,405,False,False,False,False,False,False,0,6,False,True,underpowered,False,,,
us_stocks,1h,short,MIDPRICE_9,112,4.605126450752374,-0.6048929973201944,0.29300887580073076,-4.616180507929104,5,1.0,1.0,-0.17245678994501273,-4.129332850044122,-7076.697051876339,0.0,-0.20326865267249208,0.3558979591094279,-0.5485820001936321,-0.4128859572108512,0.9864255492695546,1229.0,-6.149386175014409e-05,0.3053992163156715,0.018596133819381314,0.008430844984027698,-0.007293914413874849,-0.21183056383959964,-0.06836722001079643,-0.0683672200108001,0.41217633683788546,-661.014576166488,7658.872041350615,7881.6943616040035,14121.763368378855,0.24107142857142858,0.5165583315551914,0.48344166844480874,540.1356810550366,1.0,0.36845484926557187,405,False,False,False,False,False,False,0,6,False,True,underpowered,False,,,
us_stocks,1h,long,MIDPRICE_9,112,4.605126450752374,-0.6054237819511936,0.2932127479612786,-4.617018670063611,5,0.9998761993186219,1.0,-0.38718231401247594,-4.139003889253223,-7076.697051876339,0.0,-0.208489195454872,0.3558979591094279,-0.547397453500047,-0.4128859572108512,0.9858721443746922,1229.0,-6.448012355023712e-05,0.30531530492609893,0.01858269597709195,0.008433350873414,-0.007645848550367998,-0.21370593265455812,-0.06842152843553562,-0.06842374832065813,0.41217633683788546,-682.1763038063491,7658.872041350615,7862.940673454419,14121.763368378855,0.24107142857142858,0.5165583315551914,0.48344166844480874,539.9589486293169,1.0,0.36871121585507816,405,False,False,False,False,False,False,0,6,False,True,underpowered,False,,,
us_stocks,1h,long,TAN,112,4.605126450752374,-0.6070341905319088,0.36316506638479806,-3.737610911225921,5,1.0,1.0,-0.40776877663524236,-9.402387997715888,-6057.050621181028,0.0,-0.24574915869530142,0.3558979591094279,-0.5690460197570494,-0.4128859572108512,0.9842681308472705,1830.5,-7.197865925032842e-05,0.47209385910864654,0.010548468340974315,0.009080672883393115,-0.007926577707910191,-0.23885296888137003,-0.07316810599933737,-0.07316810599935396,0.41217633683788546,-1722.3036409039134,7658.872041350615,7611.4703111863,14121.763368378855,0.20535714285714285,0.5010702152005297,0.49892978479947026,931.3429362397483,1.0,0.4566753461909923,405,False,False,False,False,False,False,0,6,False,True,underpowered,False,,,
us_stocks,1h,short,TAN,112,4.605126450752374,-0.6070341905319088,0.36316506638479806,-3.737610911225921,5,1.0,1.0,-0.14831883793716572,-9.402387997715888,-6057.050621181028,0.0,-0.24574915869530142,0.3558979591094279,-0.5690460197570494,-0.4128859572108512,0.9842681308472705,1830.5,-7.197865925032842e-05,0.47209385910864654,0.010548468340974315,0.009080672883393115,-0.007926577707910191,-0.23885296888137003,-0.07316810599933737,-0.07316810599935396,0.41217633683788546,-1722.3036409039134,7658.872041350615,7611.4703111863,14121.763368378855,0.20535714285714285,0.5010702152005297,0.49892978479947026,931.3429362397483,1.0,0.4566753461909923,405,False,False,False,False,False,False,0,6,False,True,underpowered,False,,,
us_stocks,1h,short,donchian_s1,112,4.605126450752374,-0.6083805789663125,0.404079634165876,-3.3666144386799584,5,1.0,1.0,-0.13446376816607705,-0.42275843028802806,-7615.222040761113,0.0,-0.23411543904365334,0.3558979591094279,-0.562166785622566,-0.4128859572108512,0.857850844660122,44.0,-0.00415849960552425,0.3503445305770887,0.08626733242810251,0.05473723524951127,-0.07597204328220761,-0.2723901935987038,-0.07312405251822779,-0.07312405251822887,0.41217633683788546,-1893.3725807657158,7658.872041350615,7276.098064012962,14121.763368378855,0.19642857142857142,0.41908258164983964,0.5809174183501604,19.40063927434544,1.0,0.5081248828760018,405,False,False,False,False,False,False,0,6,False,True,underpowered,False,,,
us_stocks,1h,long,COS,112,4.605126450752374,-0.6126609320600603,0.37017061237472515,-3.7008650753125374,5,1.0,1.0,-0.3877032952592976,-21.1896658171039,-6017.3485162416855,0.0,-0.19227369029635705,0.3558979591094279,-0.5532692354586761,-0.4128859572108512,0.9867164563870562,1538.0,-6.438333082773283e-05,0.4970329239505924,0.010752289262196069,0.010786467580518561,-0.005968898561751167,-0.2892688965349222,-0.07797542849762257,-0.07797542849761203,0.41217633683788546,-1351.1366393952383,7658.872041350615,7107.311034650778,14121.763368378855,0.1875,0.5011756967849548,0.49882430321504523,793.9665140242814,1.0,0.46548472913097205,405,False,False,False,False,False,False,0,6,False,True,underpowered,False,,,
us_stocks,1h,short,COS,112,4.605126450752374,-0.6126609320600603,0.37017061237472515,-3.7008650753125374,5,1.0,1.0,-0.16207142946572378,-21.1896658171039,-6017.3485162416855,0.0,-0.19227369029635705,0.3558979591094279,-0.5532692354586761,-0.4128859572108512,0.9867164563870562,1538.0,-6.438333082773283e-05,0.4970329239505924,0.010752289262196069,0.010786467580518561,-0.005968898561751167,-0.2892688965349222,-0.07797542849762257,-0.07797542849761203,0.41217633683788546,-1351.1366393952383,7658.872041350615,7107.311034650778,14121.763368378855,0.1875,0.5011756967849548,0.49882430321504523,793.9665140242814,1.0,0.46548472913097205,405,False,False,False,False,False,False,0,6,False,True,underpowered,False,,,
us_stocks,1h,short,ibs,112,4.605126450752374,-0.6158950220376085,0.3516738737432744,-3.9160803207268726,5,1.0,1.0,-0.18962840617180146,-3.2501541163212178,-6550.130069282011,0.0,-0.2674087257287662,0.3558979591094279,-0.5886584964352662,-0.4128859572108512,0.973887901468963,1808.0,-9.453364687192213e-05,0.6084201771568551,0.007953830400675986,0.012489667309722917,-0.007568948357682024,-0.3033620070252455,-0.07931361614662896,-0.07931361614662377,0.41217633683788546,-1281.3635620874975,7658.872041350615,6966.379929747545,14121.763368378855,0.17857142857142858,0.4827031547380508,0.5172968452619491,795.2713671780243,1.0,0.44222532094502087,405,False,False,False,False,False,False,0,6,False,True,underpowered,False,,,
us_stocks,1h,long,range_filter_macd,112,4.605126450752374,-0.6175480332102155,0.33501368000099335,-4.121859685327611,5,0.4345484984086184,1.0,-0.3668009545972133,-2.8014889435146673,-4360.904536827653,0.0,-0.2168525784270191,0.3558979591094279,-0.3909510759595995,-0.4128859572108512,0.9100784790077373,91.5,-0.0013524514389619503,0.3623249299719888,0.04178693021766382,0.02721873713820934,-0.04968825085802365,-0.11100459864800793,-0.03122733354229107,-0.11134831931684477,0.41217633683788546,-352.3829047806501,7658.872041350615,8889.95401351992,14121.763368378855,0.19642857142857142,0.2379149629609199,0.20158494613187083,40.394304498930026,1.0,0.42127534406369915,405,False,False,False,False,False,False,0,6,False,True,underpowered,False,,,
us_stocks,1h,long,pivot_center,112,4.605126450752374,-0.6192355875848523,0.39410872801025,-3.5133778308272907,5,1.0,1.0,-0.43112560708089415,-3.270693936210672,-6473.238493063163,0.0,-0.21169687904197737,0.3558979591094279,-0.5530657534875415,-0.4128859572108512,0.974646310791959,859.5,-0.00014903787645592788,0.2732380952380952,0.022932103669825905,0.00878383025874016,-0.016967299238009634,-0.3004999136567869,-0.07462545840931101,-0.07462545840930493,0.41217633683788546,-659.4678591333002,7658.872041350615,6995.000863432131,14121.763368378855,0.21428571428571427,0.5130465839324133,0.4869534160675867,382.2571719162304,1.0,0.49558659810707606,405,False,False,False,False,False,False,0,6,False,True,underpowered,False,,,
us_stocks,1h,short,pivot_center,112,4.605126450752374,-0.6192355875848523,0.39410872801025,-3.5133778308272907,5,1.0,1.0,-0.18905403874945442,-3.270693936210672,-6473.238493063163,0.0,-0.21169687904197737,0.3558979591094279,-0.5530657534875415,-0.4128859572108512,0.974646310791959,859.5,-0.00014903787645592788,0.2732380952380952,0.022932103669825905,0.00878383025874016,-0.016967299238009634,-0.3004999136567869,-0.07462545840931101,-0.07462545840930493,0.41217633683788546,-659.4678591333002,7658.872041350615,6995.000863432131,14121.763368378855,0.21428571428571427,0.5130465839324133,0.4869534160675867,382.2571719162304,1.0,0.49558659810707606,405,False,False,False,False,False,False,0,6,False,True,underpowered,False,,,
us_stocks,1h,long,CDLBELTHOLD,112,4.605126450752374,-0.6195214282742396,0.32584327925912526,-4.251405860782887,5,0.6326442055740789,1.0,-0.42130055261262755,-10.123045852378233,-5902.629104443279,0.0,-0.20859233696817647,0.3558979591094279,-0.4868599476840453,-0.4128859572108512,0.9866048628931345,844.0,-6.089960540525086e-05,0.4299882360630024,0.014398977488501608,0.011203239582698404,-0.005435892444833589,-0.16065888673537226,-0.04493893800064658,-0.07843847874222451,0.41217633683788546,-714.4764119323881,7658.872041350615,8393.411132646277,14121.763368378855,0.25892857142857145,0.3223150263731094,0.3113394404555583,371.2879642015439,1.0,0.40974368443797576,405,False,False,False,False,False,False,0,6,False,True,underpowered,False,,,
us_stocks,1h,long,LINEARREG_INTERCEPT_9,112,4.605126450752374,-0.620153426737429,0.3285143455555322,-4.2211405298582845,5,1.0,1.0,-0.4517425937373975,-4.010147049282187,-7239.385751761888,0.0,-0.1740400376130024,0.3558979591094279,-0.5724867791187779,-0.4128859572108512,0.9908711300800535,1014.0,-5.1425602530547926e-05,0.3129973063581575,0.020361963684044228,0.009579837940125537,-0.00536810777509604,-0.20257133686005013,-0.06749743744322989,-0.06749743744322739,0.41217633683788546,-1005.3242898506347,7658.872041350615,7974.286631399498,14121.763368378855,0.21428571428571427,0.51711115626478,0.48288884373522,448.06205490722084,1.0,0.41310251555505867,405,False,False,False,False,False,False,0,6,False,True,underpowered,False,,,
us_stocks,1h,short,LINEARREG_INTERCEPT_9,112,4.605126450752374,-0.620153426737429,0.3285143455555322,-4.2211405298582845,5,1.0,1.0,-0.16974967937001556,-4.010147049282187,-7239.385751761888,0.0,-0.1740400376130024,0.3558979591094279,-0.5724867791187779,-0.4128859572108512,0.9908711300800535,1014.0,-5.1425602530547926e-05,0.3129973063581575,0.020361963684044228,0.009579837940125537,-0.00536810777509604,-0.20257133686005013,-0.06749743744322989,-0.06749743744322739,0.41217633683788546,-1005.3242898506347,7658.872041350615,7974.286631399498,14121.763368378855,0.21428571428571427,0.51711115626478,0.48288884373522,448.06205490722084,1.0,0.41310251555505867,405,False,False,False,False,False,False,0,6,False,True,underpowered,False,,,
us_stocks,1h,long,SIN,112,4.605126450752374,-0.625464352517556,0.38220180842864143,-3.659273135002101,5,1.0,1.0,-0.40230988612017204,-28.60307565573883,-5734.529098032211,0.0,-0.2795814633038111,0.3558979591094279,-0.5649001687480131,-0.4128859572108512,0.9818547618441293,1551.5,-9.989928820956778e-05,0.4961157333073842,0.011125784953513145,0.010720709581496034,-0.009318346649553324,-0.3191142006244975,-0.09194910067649442,-0.09194910067649399,0.41217633683788546,-1477.3159800173248,7658.872041350615,6808.857993755025,14121.763368378855,0.23214285714285715,0.5005077163465712,0.4994922836534288,792.3993766456379,1.0,0.48061380164256734,405,False,False,False,False,False,False,0,6,False,True,underpowered,False,,,
us_stocks,1h,short,SIN,112,4.605126450752374,-0.625464352517556,0.38220180842864143,-3.659273135002101,5,1.0,1.0,-0.19163042233683056,-28.60307565573883,-5734.529098032211,0.0,-0.2795814633038111,0.3558979591094279,-0.5649001687480131,-0.4128859572108512,0.9818547618441293,1551.5,-9.989928820956778e-05,0.4961157333073842,0.011125784953513145,0.010720709581496034,-0.009318346649553324,-0.3191142006244975,-0.09194910067649442,-0.09194910067649399,0.41217633683788546,-1477.3159800173248,7658.872041350615,6808.857993755025,14121.763368378855,0.23214285714285715,0.5005077163465712,0.4994922836534288,792.3993766456379,1.0,0.48061380164256734,405,False,False,False,False,False,False,0,6,False,True,underpowered,False,,,
us_stocks,1h,long,AD,112,4.605126450752374,-0.6343513110863157,0.34475224906018936,-4.114411601583125,5,0.9930710219181719,1.0,-0.5111145212903092,-2.3154130552321224,-7258.841555207875,0.0,-0.27156131519649673,0.3558979591094279,-0.5634799705246212,-0.4128859572108512,0.9588398273612451,931.0,-0.00028102121001025854,0.330227544939041,0.01849528981713073,0.009587117592180859,-0.029312377501185146,-0.32430114967318235,-0.09368441497081226,-0.09415783762003271,0.41217633683788546,-1562.278532563051,7658.872041350615,6756.988503268176,14121.763368378855,0.19642857142857142,0.5312035661218425,0.462214602594496,410.7573921316416,1.0,0.43352146795657637,405,False,False,False,False,False,False,0,6,False,True,underpowered,False,,,
us_stocks,1h,long,AVGDEV,112,4.605126450752374,-0.6349609938933984,0.3052507559495119,-4.651310169535842,5,1.0,1.0,-0.4879886153795605,-0.984899268015903,-6247.348773763664,0.0,-0.2970111120378741,0.3558979591094279,-0.6078180436634341,-0.4128859572108512,0.9639411043744659,684.0,-0.0003522943038899646,0.4954156954156954,0.018085966993249485,0.018896461422269542,-0.018643400794329915,-0.32353897006110693,-0.10455863179092034,-0.1045586317909257,0.41217633683788546,-2422.096611111237,7658.872041350615,6764.610299388931,14121.763368378855,0.16964285714285715,0.45493934142114384,0.5450606585788561,299.24680930078614,1.0,0.38384885428545357,405,False,False,False,False,False,False,0,6,False,True,underpowered,False,,,
us_stocks,1h,short,AVGDEV,112,4.605126450752374,-0.6349609938933984,0.3052507559495119,-4.651310169535842,5,1.0,1.0,-0.1885567902098345,-0.984899268015903,-6247.348773763664,0.0,-0.2970111120378741,0.3558979591094279,-0.6078180436634341,-0.4128859572108512,0.9639411043744659,684.0,-0.0003522943038899646,0.4954156954156954,0.018085966993249485,0.018896461422269542,-0.018643400794329915,-0.32353897006110693,-0.10455863179092034,-0.1045586317909257,0.41217633683788546,-2422.096611111237,7658.872041350615,6764.610299388931,14121.763368378855,0.16964285714285715,0.45493934142114384,0.5450606585788561,299.24680930078614,1.0,0.38384885428545357,405,False,False,False,False,False,False,0,6,False,True,underpowered,False,,,
us_stocks,1h,long,KAMA_9,112,4.605126450752374,-0.6356970344593722,0.3289329719828184,-4.321432945981565,5,1.0,1.0,-0.5199672064310603,-3.569070246726388,-6701.410524329136,0.0,-0.16953080100550305,0.3558979591094279,-0.5751494901290249,-0.4128859572108512,0.9816945255428413,1096.5,-0.00011282040240738069,0.2603708265266933,0.022566954036380753,0.008241226831216678,-0.013689758177754786,-0.273286717994838,-0.06819179987359669,-0.06819179987360688,0.41217633683788546,-1001.8139484949991,7658.872041350615,7267.13282005162,14121.763368378855,0.25,0.5177897520087228,0.4822102479912772,480.22229286011935,1.0,0.4136289328410292,405,False,False,False,False,False,False,0,6,False,True,underpowered,False,,,
us_stocks,1h,short,KAMA_9,112,4.605126450752374,-0.6356970344593722,0.3289329719828184,-4.321432945981565,5,1.0,1.0,-0.1929780075842734,-3.569070246726388,-6701.410524329136,0.0,-0.16953080100550305,0.3558979591094279,-0.5751494901290249,-0.4128859572108512,0.9816945255428413,1096.5,-0.00011282040240738069,0.2603708265266933,0.022566954036380753,0.008241226831216678,-0.013689758177754786,-0.273286717994838,-0.06819179987359669,-0.06819179987360688,0.41217633683788546,-1001.8139484949991,7658.872041350615,7267.13282005162,14121.763368378855,0.25,0.5177897520087228,0.4822102479912772,480.22229286011935,1.0,0.4136289328410292,405,False,False,False,False,False,False,0,6,False,True,underpowered,False,,,
us_stocks,1h,long,CDLLONGLINE,112,4.605126450752374,-0.6357071289996676,0.2799083964520517,-5.0783912602921335,5,0.7198558005806108,1.0,-0.4698615160622766,-6.802441713521569,-6004.22819332996,0.0,-0.22996590003796502,0.3558979591094279,-0.508123518425643,-0.4128859572108512,0.9817259329004366,979.5,-0.00011501184921736818,0.4146633705457235,0.014671036808987358,0.01072382284686968,-0.01072489268609473,-0.18106438554452542,-0.057790896112010326,-0.0851669907372457,0.41217633683788546,-685.4649518685428,7658.872041350615,8189.356144554746,14121.763368378855,0.26785714285714285,0.3721607246171219,0.3471131022574911,428.8739236532929,1.0,0.3519811669222186,405,False,False,False,False,False,False,0,6,False,True,underpowered,False,,,
us_stocks,1h,short,COSH,112,4.605126450752374,-0.6358175712911485,0.39486375753965997,-3.6005616710797486,5,1.0,1.0,-0.08595378965901998,-0.36650788308093646,-7310.85445539706,0.0,-0.26124443588322477,0.3558979591094279,-0.5808594028128671,-0.4128859572108512,0.9483472801743429,768.5,-0.000305401788713667,0.25578842570137594,0.02369747051407218,0.008338452719965946,-0.036625714502451986,-0.3101730232961942,-0.08942026712449769,-0.08942026712448091,0.41217633683788546,-1264.4007650320523,7658.872041350615,6898.2697670380585,14121.763368378855,0.25892857142857145,0.4314524183211604,0.5685475816788397,359.4827725332457,1.0,0.49653603791735335,405,False,False,False,False,False,False,0,6,False,True,underpowered,False,,,
us_stocks,1h,short,SINH,112,4.605126450752374,-0.6358175712911485,0.39486375753965997,-3.6005616710797486,5,1.0,1.0,-0.08595378965901998,-0.36650788308093646,-7310.85445539706,0.0,-0.26124443588322477,0.3558979591094279,-0.5808594028128671,-0.4128859572108512,0.9483472801743429,768.5,-0.000305401788713667,0.25578842570137594,0.02369747051407218,0.008338452719965946,-0.036625714502451986,-0.3101730232961942,-0.08942026712449769,-0.08942026712448091,0.41217633683788546,-1264.4007650320523,7658.872041350615,6898.2697670380585,14121.763368378855,0.25892857142857145,0.4314524183211604,0.5685475816788397,359.4827725332457,1.0,0.49653603791735335,405,False,False,False,False,False,False,0,6,False,True,underpowered,False,,,
us_stocks,1h,long,T3_9,112,4.605126450752374,-0.6370621294530067,0.39245748336857533,-3.6297287928380904,5,1.0,1.0,-0.5081127156091434,-5.002307454618474,-7064.065473085696,0.0,-0.1893235715294489,0.3558979591094279,-0.6054488865362088,-0.4128859572108512,0.9803197961365802,1183.0,-0.00012483768482916856,0.2967405899104363,0.019649921848275402,0.00853896342331225,-0.014619770414796347,-0.2524283280267232,-0.07054036221323995,-0.0705403622132402,0.41217633683788546,-794.0066263974826,7658.872041350615,7475.716719732768,14121.763368378855,0.23214285714285715,0.5129888864420765,0.4870111135579235,518.0343175475758,1.0,0.4935101794529102,405,False,False,False,False,False,False,0,6,False,True,underpowered,False,,,
us_stocks,1h,short,T3_9,112,4.605126450752374,-0.6370621294530067,0.39245748336857533,-3.6297287928380904,5,1.0,1.0,-0.16775277689258167,-5.002307454618474,-7064.065473085696,0.0,-0.1893235715294489,0.3558979591094279,-0.6054488865362088,-0.4128859572108512,0.9803197961365802,1183.0,-0.00012483768482916856,0.2967405899104363,0.019649921848275402,0.00853896342331225,-0.014619770414796347,-0.2524283280267232,-0.07054036221323995,-0.0705403622132402,0.41217633683788546,-794.0066263974826,7658.872041350615,7475.716719732768,14121.763368378855,0.23214285714285715,0.5129888864420765,0.4870111135579235,518.0343175475758,1.0,0.4935101794529102,405,False,False,False,False,False,False,0,6,False,True,underpowered,False,,,
us_stocks,1h,long,MIDPOINT_9,112,4.605126450752374,-0.639733783419639,0.25684182825715773,-5.569529842301205,5,0.9998762376237624,1.0,-0.5079360396130153,-3.936434549428733,-6987.601383613603,0.0,-0.2009971468865687,0.3558979591094279,-0.5766582200149212,-0.4128859572108512,0.9822090326087451,1275.5,-8.86635206431932e-05,0.29898865568611527,0.01834998137748987,0.008106806982232645,-0.010936922617932485,-0.28547845945719164,-0.08477268720132541,-0.08478772422992205,0.41217633683788546,-856.4364742327759,7658.872041350615,7145.215405428084,14121.763368378855,0.22321428571428573,0.5160904117326797,0.4836952664631313,562.0152994475816,1.0,0.32297525751385087,405,False,False,False,False,False,False,0,6,False,True,underpowered,False,,,
us_stocks,1h,short,supertrend_dual,112,4.605126450752374,-0.6403297379706608,0.46630521966574195,-3.07056571904425,5,1.0,1.0,-0.15934830691060037,-0.23536693491917615,-6897.972617728413,0.0,-0.2587613809617004,0.3558979591094279,-0.5894818798714379,-0.4128859572108512,0.9168099974733228,172.0,-0.0014263826596969248,0.32377587906671046,0.0488062670933795,0.02520288321110123,-0.056596011168620564,-0.32008889401185914,-0.09629472320332177,-0.09629472320331312,0.41217633683788546,-1994.0303114091455,7658.872041350615,6799.111059881408,14121.763368378855,0.1875,0.37821795011239634,0.6217820498876037,77.29034768362813,1.0,0.5863727470854377,405,False,False,False,False,False,False,0,6,False,True,underpowered,False,,,
us_stocks,1h,short,MIDPOINT_9,112,4.605126450752374,-0.6411044534038985,0.2567414550799593,-5.583644986519607,5,1.0,1.0,-0.21262151044902833,-3.9599199780633363,-6978.96371692769,0.0,-0.2009971468865687,0.3558979591094279,-0.5775339301326385,-0.4128859572108512,0.9818427369320926,1275.5,-8.868713293728646e-05,0.2988668918630008,0.018349885385417937,0.008106806982232645,-0.010939835268270035,-0.28864677982413767,-0.08634639803352279,-0.0863463980335154,0.41217633683788546,-864.9188938146284,7658.872041350615,7113.532201758623,14121.763368378855,0.21428571428571427,0.5160904117326797,0.48390958826732033,562.3639690505727,1.0,0.3228490395493817,405,False,False,False,False,False,False,0,6,False,True,underpowered,False,,,
us_stocks,1h,short,EXP,112,4.605126450752374,-0.6446152636833843,0.39127049324702257,-3.6839055686726447,5,1.0,1.0,-0.08595378965901998,-0.36650788308093646,-7310.85445539706,0.0,-0.272695853630357,0.3558979591094279,-0.5808594028128671,-0.4128859572108512,0.9418112067880066,768.5,-0.0003167823858165934,0.25575030141620625,0.02369747051407218,0.008338452719965946,-0.037990547701742816,-0.33389254787040573,-0.09085363965909815,-0.09085363965907854,0.41217633683788546,-1330.0722655239679,7658.872041350615,6661.074521295943,14121.763368378855,0.25892857142857145,0.4314524183211604,0.5685475816788397,359.4827725332457,1.0,0.49201755481783294,405,False,False,False,False,False,False,0,6,False,True,underpowered,False,,,
us_stocks,1h,long,COSH,112,4.605126450752374,-0.6578210879377243,0.3952098819521811,-3.721902555664324,5,1.0,1.0,-0.47394648566444936,-0.4642958440659513,-6523.689444986519,0.0,-0.2695126347029176,0.3558979591094279,-0.5741622365028225,-0.4128859572108512,0.9513873997936715,768.5,-0.0003039550478082497,0.25573770491803277,0.023632237544591542,0.008313749445553301,-0.036560525404193335,-0.30420218069007143,-0.08754888492122725,-0.09007263816571262,0.41217633683788546,-1141.6487711199738,7658.872041350615,6957.978193099286,14121.763368378855,0.25,0.4314524183211604,0.5527249732884303,359.4827725332457,1.0,0.49697128486301023,405,False,False,False,False,False,False,0,6,False,True,underpowered,False,,,
us_stocks,1h,long,SINH,112,4.605126450752374,-0.6578210879377243,0.3952098819521811,-3.721902555664324,5,1.0,1.0,-0.47394648566444936,-0.4642958440659513,-6523.689444986519,0.0,-0.2695126347029176,0.3558979591094279,-0.5741622365028225,-0.4128859572108512,0.9513873997936715,768.5,-0.0003039550478082497,0.25573770491803277,0.023632237544591542,0.008313749445553301,-0.036560525404193335,-0.30420218069007143,-0.08754888492122725,-0.09007263816571262,0.41217633683788546,-1141.6487711199738,7658.872041350615,6957.978193099286,14121.763368378855,0.25,0.4314524183211604,0.5527249732884303,359.4827725332457,1.0,0.49697128486301023,405,False,False,False,False,False,False,0,6,False,True,underpowered,False,,,
us_stocks,1h,short,donchian_s2,112,4.605126450752374,-0.6626677890010075,0.37479573414440354,-3.953540789594033,5,1.0,1.0,-0.1783590442921307,-0.26796971520391416,-6863.1458280510105,0.0,-0.2706497045023829,0.3558979591094279,-0.5977470200401604,-0.4128859572108512,0.7441817261038873,21.0,-0.010753629029415868,0.3181818181818182,0.10743053805304811,0.07710569312058013,-0.13946608342653802,-0.314224196251907,-0.08722652792274382,-0.08722652792271723,0.41217633683788546,-2681.2179190789284,7658.872041350615,6857.7580374809295,14121.763368378855,0.17857142857142858,0.35951723236515043,0.6404827676348496,9.334079007752205,1.0,0.47130075958337625,405,False,False,False,False,False,False,0,6,False,True,underpowered,False,,,
us_stocks,1h,long,EXP,112,4.605126450752374,-0.6648486442470072,0.39112496281383297,-3.800950858747654,5,1.0,1.0,-0.4893991419353321,-0.4642958440659513,-6523.689444986519,0.0,-0.2695126347029176,0.3558979591094279,-0.5741622365028225,-0.4128859572108512,0.945390736365326,768.5,-0.00030555785461434097,0.2554660529344074,0.023632237544591542,0.008313749445553301,-0.036753315289982894,-0.30635580604298907,-0.08830348724292714,-0.09091724225956208,0.41217633683788546,-1238.087229550744,7658.872041350615,6936.44193957011,14121.763368378855,0.25,0.4314524183211604,0.5531967666042078,359.4827725332457,1.0,0.4918345521914521,405,False,False,False,False,False,False,0,6,False,True,underpowered,False,,,
us_stocks,1h,long,MFI,112,4.605126450752374,-0.6652652476703363,0.1324602482254354,-11.230375428010534,5,1.0,1.0,-0.569376245093945,-3.563301479832507,-7116.583482351348,0.0,-0.3108720221488276,0.3558979591094279,-0.6043672899935411,-0.4128859572108512,0.9565091987823128,783.0,-0.0002843660520903049,0.35613020594479183,0.01892609498459382,0.011090197964241487,-0.02564120613601275,-0.3711779121847926,-0.10518116862000071,-0.10518116861999345,0.41217633683788546,-2157.5247462098555,7658.872041350615,6288.220878152073,14121.763368378855,0.15178571428571427,0.5241131629154444,0.4758868370845556,346.7750935973683,1.0,0.1665670388318705,405,False,False,False,False,False,False,0,6,False,True,underpowered,False,,,
us_stocks,1h,short,MFI,112,4.605126450752374,-0.6652652476703363,0.1324602482254354,-11.230375428010534,5,1.0,1.0,-0.2593650942803738,-3.563301479832507,-7116.583482351348,0.0,-0.3108720221488276,0.3558979591094279,-0.6043672899935411,-0.4128859572108512,0.9565091987823128,783.0,-0.0002843660520903049,0.35613020594479183,0.01892609498459382,0.011090197964241487,-0.02564120613601275,-0.3711779121847926,-0.10518116862000071,-0.10518116861999345,0.41217633683788546,-2157.5247462098555,7658.872041350615,6288.220878152073,14121.763368378855,0.15178571428571427,0.5241131629154444,0.4758868370845556,346.7750935973683,1.0,0.1665670388318705,405,False,False,False,False,False,False,0,6,False,True,underpowered,False,,,
us_stocks,1h,short,AD,112,4.605126450752374,-0.6704162040156086,0.29786865517988853,-5.032742382681843,5,1.0,1.0,-0.2963586416049266,-2.4052724312707108,-7669.3786562952555,0.0,-0.3254129203944135,0.3558979591094279,-0.5956745729266312,-0.4128859572108512,0.9397413438755381,930.5,-0.0003302877673085057,0.3298253500417415,0.018470612480958697,0.00965940823404475,-0.03419337492584699,-0.35246326915047466,-0.09455539165332372,-0.09455539165331844,0.41217633683788546,-2101.6031362453264,7658.872041350615,6475.367308495253,14121.763368378855,0.19642857142857142,0.5312035661218425,0.4687964338781575,410.9746340840527,1.0,0.37456595860899417,405,False,False,False,False,False,False,0,6,False,True,underpowered,False,,,
us_stocks,1h,short,CDLHIKKAKE,112,4.605126450752374,-0.6717379241891189,0.551447111954547,-2.723836300869551,5,1.0,1.0,-0.03818915143869933,-0.06569101653618509,-6240.0287424984435,0.0,-0.16365163869933083,0.3558979591094279,-0.5695126389178535,-0.4128859572108512,0.982955568878622,689.0,-0.00014442057340426057,0.5354644170219424,0.015229180649367062,0.0180926773766829,-0.007982266548917955,-0.2512023442612765,-0.08172566472591836,-0.08172566472592618,0.41217633683788546,-1794.706567393265,7658.872041350615,7487.976557387235,14121.763368378855,0.2857142857142857,0.30314473195493374,0.6968552680450661,306.9930593108072,1.0,0.6934375689401584,405,False,False,False,False,False,False,0,6,False,True,underpowered,False,,,
us_stocks,1h,short,CDLSPINNINGTOP,112,4.605126450752374,-0.6852124404390418,0.41427863607294835,-3.6984325582756554,5,1.0,1.0,-0.18994081512185196,-0.18768113781618018,-7483.615948689176,0.0,-0.31082536530098703,0.3558979591094279,-0.6057829217554364,-0.4128859572108512,0.9550177514053202,1048.0,-0.00025646865951727547,0.44728349673202616,0.014347595437585316,0.011955620717557737,-0.021451722631233336,-0.36036850041845764,-0.09868960418419298,-0.09868960418418794,0.41217633683788546,-2029.20892776111,7658.872041350615,6396.314995815424,14121.763368378855,0.25,0.3903465279351612,0.6096534720648388,461.665312351294,1.0,0.520949995084839,405,False,False,False,False,False,False,0,6,False,True,underpowered,False,,,
us_stocks,1h,long,TEMA_21,112,4.605126450752374,-0.69088924998494,0.3551431035252441,-4.350007961735232,5,1.0,1.0,-0.6286343146399131,-25.778851717580295,-7045.147234088861,0.0,-0.3142521038027995,0.3558979591094279,-0.5867471750736917,-0.4128859572108512,0.9649490688198796,1484.5,-0.00018681275850125905,0.33733737344587933,0.015560049635320424,0.008254177015865899,-0.022632511774605017,-0.337434537184235,-0.10354185218149892,-0.10354185218149152,0.41217633683788546,-1659.3706045646104,7658.872041350615,6625.65462815765,14121.763368378855,0.22321428571428573,0.4979884973459964,0.5020115026540036,656.64432039353,1.0,0.44658783226106924,405,False,False,False,False,False,False,0,6,False,True,underpowered,False,,,
us_stocks,1h,short,TEMA_21,112,4.605126450752374,-0.69088924998494,0.3551431035252441,-4.350007961735232,5,1.0,1.0,-0.29697336166953486,-25.778851717580295,-7045.147234088861,0.0,-0.3142521038027995,0.3558979591094279,-0.5867471750736917,-0.4128859572108512,0.9649490688198796,1484.5,-0.00018681275850125905,0.33733737344587933,0.015560049635320424,0.008254177015865899,-0.022632511774605017,-0.337434537184235,-0.10354185218149892,-0.10354185218149152,0.41217633683788546,-1659.3706045646104,7658.872041350615,6625.65462815765,14121.763368378855,0.22321428571428573,0.4979884973459964,0.5020115026540036,656.64432039353,1.0,0.44658783226106924,405,False,False,False,False,False,False,0,6,False,True,underpowered,False,,,
us_stocks,1h,short,supertrend_regime,112,4.605126450752374,-0.6924210302101911,0.4125256667961571,-3.753222204633125,5,1.0,1.0,-0.22594868975172344,-0.21639692718458658,-7286.5464103380045,0.0,-0.27405029699525313,0.3558979591094279,-0.583052266857855,-0.4128859572108512,0.8553660190143156,189.0,-0.0018293834380000012,0.3052019347755126,0.03783155176977709,0.018720818742199503,-0.09771920038284969,-0.32638669547210647,-0.09240984854659279,-0.092409848546578,0.41217633683788546,-2499.773050158951,7658.872041350615,6736.133045278935,14121.763368378855,0.15178571428571427,0.3477496213385763,0.6522503786614238,83.81076270807192,1.0,0.5187456590254544,405,False,False,False,False,False,False,0,6,False,True,underpowered,False,,,
us_stocks,1h,long,OBV,112,4.605126450752374,-0.6980457865584956,0.2861482074783571,-5.454788076106199,5,0.9930710219181719,1.0,-0.5964187198914662,-3.2308667478036392,-7160.841818428517,0.0,-0.2769386899862436,0.3558979591094279,-0.5987911202222934,-0.4128859572108512,0.9668714169076625,1030.5,-0.00021127999122192733,0.2686059844209397,0.020314383015103632,0.007899031155638198,-0.026747582970491155,-0.3475379895867364,-0.11515877890761644,-0.11580243754029405,0.41217633683788546,-1864.1444639021788,7658.872041350615,6524.620104132637,14121.763368378855,0.21428571428571427,0.5213883226807745,0.47103243377073534,450.568556240828,1.0,0.3598276481076779,405,False,False,False,False,False,False,0,6,False,True,underpowered,False,,,
us_stocks,1h,long,EMA_9,112,4.605126450752374,-0.7055327335943827,0.3583392700674452,-4.402585160067319,5,1.0,1.0,-0.5460239740918487,-3.455296922879247,-7352.770774842373,0.0,-0.32329027896037865,0.3558979591094279,-0.6018810084894392,-0.4128859572108512,0.9552764682728557,1383.0,-0.00019019581737273914,0.27655118970489223,0.017966297658579846,0.007046615781384489,-0.026991086682374824,-0.33896140180687906,-0.08908874036980868,-0.0890887403697868,0.41217633683788546,-2076.6032717865173,7658.872041350615,6610.385981931209,14121.763368378855,0.16071428571428573,0.5197104756452939,0.480289524354706,611.5426833048768,1.0,0.450606970105669,405,False,False,False,False,False,False,0,6,False,True,underpowered,False,,,
us_stocks,1h,short,EMA_9,112,4.605126450752374,-0.7055327335943827,0.3583392700674452,-4.402585160067319,5,1.0,1.0,-0.22642016816145036,-3.455296922879247,-7352.770774842373,0.0,-0.32329027896037865,0.3558979591094279,-0.6018810084894392,-0.4128859572108512,0.9552764682728557,1383.0,-0.00019019581737273914,0.27655118970489223,0.017966297658579846,0.007046615781384489,-0.026991086682374824,-0.33896140180687906,-0.08908874036980868,-0.0890887403697868,0.41217633683788546,-2076.6032717865173,7658.872041350615,6610.385981931209,14121.763368378855,0.16071428571428573,0.5197104756452939,0.480289524354706,611.5426833048768,1.0,0.450606970105669,405,False,False,False,False,False,False,0,6,False,True,underpowered,False,,,
us_stocks,1h,long,CDLSHORTLINE,112,4.605126450752374,-0.7174329830365404,0.37095816424113537,-4.324554825884232,5,0.7304358593363051,1.0,-0.45612385255664084,-5.4350948362024605,-5798.451831319515,0.0,-0.2840004108055769,0.3558979591094279,-0.5308938174572673,-0.4128859572108512,0.9713121164763168,1023.0,-0.0001845258516560345,0.4176122716053473,0.013859645497686401,0.010066263343580843,-0.018331117054840893,-0.2835321754019839,-0.07787042762655122,-0.11340578463567536,0.41217633683788546,-1566.6701779537796,7658.872041350615,7164.678245980162,14121.763368378855,0.19642857142857142,0.37995054896275793,0.3488026736349742,455.8215958906074,1.0,0.4664750653569107,405,False,False,False,False,False,False,0,6,False,True,underpowered,False,,,
us_stocks,1h,long,DX,112,4.605126450752374,-0.7181566928814475,0.41660206921297477,-3.8546308394796207,5,1.0,1.0,-0.5925441628367552,-8.815825844724591,-7243.723214843561,0.0,-0.352194151809635,0.3558979591094279,-0.5795775776069519,-0.4128859572108512,0.9587640572861005,1149.0,-0.0002747934293281961,0.4882223501938947,0.013103874656051832,0.012661230540695356,-0.021703532563044574,-0.33363192507071343,-0.09651739376219681,-0.09651739376219785,0.41217633683788546,-2905.700560551755,7658.872041350615,6663.680749292866,14121.763368378855,0.15178571428571427,0.49114989424659206,0.5088501057534079,507.6643859093904,1.0,0.5238716820304907,405,False,False,False,False,False,False,0,6,False,True,underpowered,False,,,
us_stocks,1h,short,DX,112,4.605126450752374,-0.7181566928814475,0.41660206921297477,-3.8546308394796207,5,1.0,1.0,-0.2947936007234907,-8.815825844724591,-7243.723214843561,0.0,-0.352194151809635,0.3558979591094279,-0.5795775776069519,-0.4128859572108512,0.9587640572861005,1149.0,-0.0002747934293281961,0.4882223501938947,0.013103874656051832,0.012661230540695356,-0.021703532563044574,-0.33363192507071343,-0.09651739376219681,-0.09651739376219785,0.41217633683788546,-2905.700560551755,7658.872041350615,6663.680749292866,14121.763368378855,0.15178571428571427,0.49114989424659206,0.5088501057534079,507.6643859093904,1.0,0.5238716820304907,405,False,False,False,False,False,False,0,6,False,True,underpowered,False,,,
us_stocks,1h,short,CDLHIGHWAVE,112,4.605126450752374,-0.7213858946920705,0.5151360802018135,-3.1313432712945035,5,1.0,1.0,-0.07865348174508946,-0.07585695507437731,-8357.311874823496,0.0,-0.3224714866918704,0.3558979591094279,-0.6130250671721077,-0.4128859572108512,0.9502348439460517,728.0,-0.000366062487560006,0.46475344524727913,0.016322262389209842,0.015190716831499546,-0.024097775741625107,-0.3745618788559029,-0.10464690350440609,-0.10464690350440944,0.41217633683788546,-2454.7172952883943,7658.872041350615,6254.38121144097,14121.763368378855,0.21428571428571427,0.28406982802896824,0.7159301719710318,322.7150566252045,1.0,0.6477769189186567,405,False,False,False,False,False,False,0,6,False,True,underpowered,False,,,
us_stocks,1h,long,supertrend_adx,112,4.605126450752374,-0.7260603522222221,0.5995693356664384,-2.707810768093635,5,0.00018575084683126398,1.0,-0.24342399965945988,-24.988233407028762,-2952.7384120570377,0.0,-0.07055463219229803,0.3558979591094279,-0.00340903400352055,-0.4128859572108512,0.27509106908595876,1.0,-0.0021132454731283127,0.3333333333333333,0.012851557220576564,0.013831499220717669,-0.15278499021732683,0.19731354600453077,0.039886473369601494,-0.09714809121906527,0.41217633683788546,1760.5053513253984,7658.872041350615,11973.135460045309,14121.763368378855,0.13392857142857142,0.00018575084683126398,0.0,0.4338110687048127,1.0,0.7539506391863563,405,False,False,False,False,False,False,0,6,False,False,unrankable,False,,,
us_stocks,1h,long,MA_9,112,4.605126450752374,-0.7321077434239481,0.29671985511592147,-5.517132247555084,5,1.0,1.0,-0.6017343609243608,-4.155566569950297,-7732.35363748627,0.0,-0.313032365364274,0.3558979591094279,-0.629447101553883,-0.4128859572108512,0.9612566841013843,1338.5,-0.00018541036330890163,0.29357942002809556,0.018360757859020985,0.007793856310938003,-0.023789297096572622,-0.3648408969745497,-0.10216142748407508,-0.10216142748406337,0.41217633683788546,-1867.3679898576022,7658.872041350615,6351.5910302545035,14121.763368378855,0.19642857142857142,0.5174227908661684,0.4825772091338316,586.3394401759629,1.0,0.3731213574744773,405,False,False,False,False,False,False,0,6,False,True,underpowered,False,,,
us_stocks,1h,long,SMA_9,112,4.605126450752374,-0.7321077434239481,0.29671985511592147,-5.517132247555084,5,1.0,1.0,-0.6017343609243608,-4.155566569950297,-7732.35363748627,0.0,-0.313032365364274,0.3558979591094279,-0.629447101553883,-0.4128859572108512,0.9612566841013843,1338.5,-0.00018541036330890163,0.29357942002809556,0.018360757859020985,0.007793856310938003,-0.023789297096572622,-0.3648408969745497,-0.10216142748407508,-0.10216142748406337,0.41217633683788546,-1867.3679898576022,7658.872041350615,6351.5910302545035,14121.763368378855,0.19642857142857142,0.5174227908661684,0.4825772091338316,586.3394401759629,1.0,0.3731213574744773,405,False,False,False,False,False,False,0,6,False,True,underpowered,False,,,
us_stocks,1h,short,MA_9,112,4.605126450752374,-0.7321077434239481,0.29671985511592147,-5.517132247555084,5,1.0,1.0,-0.26137216718706313,-4.155566569950297,-7732.35363748627,0.0,-0.313032365364274,0.3558979591094279,-0.629447101553883,-0.4128859572108512,0.9612566841013843,1338.5,-0.00018541036330890163,0.29357942002809556,0.018360757859020985,0.007793856310938003,-0.023789297096572622,-0.3648408969745497,-0.10216142748407508,-0.10216142748406337,0.41217633683788546,-1867.3679898576022,7658.872041350615,6351.5910302545035,14121.763368378855,0.19642857142857142,0.5174227908661684,0.4825772091338316,586.3394401759629,1.0,0.3731213574744773,405,False,False,False,False,False,False,0,6,False,True,underpowered,False,,,
us_stocks,1h,short,SMA_9,112,4.605126450752374,-0.7321077434239481,0.29671985511592147,-5.517132247555084,5,1.0,1.0,-0.26137216718706313,-4.155566569950297,-7732.35363748627,0.0,-0.313032365364274,0.3558979591094279,-0.629447101553883,-0.4128859572108512,0.9612566841013843,1338.5,-0.00018541036330890163,0.29357942002809556,0.018360757859020985,0.007793856310938003,-0.023789297096572622,-0.3648408969745497,-0.10216142748407508,-0.10216142748406337,0.41217633683788546,-1867.3679898576022,7658.872041350615,6351.5910302545035,14121.763368378855,0.19642857142857142,0.5174227908661684,0.4825772091338316,586.3394401759629,1.0,0.3731213574744773,405,False,False,False,False,False,False,0,6,False,True,underpowered,False,,,
us_stocks,1h,short,turn_of_month,112,4.605126450752374,-0.734149611636889,0.8051806889694756,-2.0388075121078666,5,1.0,1.0,-0.019186326616095956,-0.03764705872216134,-7283.291994203146,0.0,-0.30255671932930567,0.3558979591094279,-0.6321501958579848,-0.4128859572108512,0.8975610736909158,112.0,-0.002458911625002335,0.49107142857142855,0.04431599605977041,0.0483690012141872,-0.050836518498982505,-0.35759734974088264,-0.10368844136093253,-0.10368844136089994,0.41217633683788546,-2922.188326450462,7658.872041350615,6424.026502591174,14121.763368378855,0.20535714285714285,0.18992823558525118,0.8100717644147488,48.198265004366974,1.0,1.0125042409553435,405,False,False,False,False,False,False,0,6,False,True,underpowered,False,,,
us_stocks,1h,short,OBV,112,4.605126450752374,-0.7341880936292027,0.2268310423049,-7.237521235824316,5,1.0,1.0,-0.3355783278775405,-3.4975463464186074,-7265.832062452593,0.0,-0.31216700365458483,0.3558979591094279,-0.6070406126861261,-0.4128859572108512,0.95187899082318,1030.5,-0.0002607819285657271,0.26836587912114346,0.020338795905805986,0.007947701791004581,-0.032812243768492545,-0.365761283903194,-0.11801595229168071,-0.11801595229167265,0.41217633683788546,-2378.518622284299,7658.872041350615,6342.387160968059,14121.763368378855,0.19642857142857142,0.5213883226807745,0.4786116773192255,451.0028392254586,1.0,0.2852370846200695,405,False,False,False,False,False,False,0,6,False,True,underpowered,False,,,
us_stocks,1h,short,CDLCLOSINGMARUBOZU,112,4.605126450752374,-0.739436980472506,0.4957980328832463,-3.334888893766685,5,1.0,1.0,-0.11565237152778594,-0.09316807338990686,-7778.674548017756,0.0,-0.3076426199790042,0.3558979591094279,-0.6009413453238304,-0.4128859572108512,0.95554834742854,788.5,-0.00037325906894705415,0.41998921874398365,0.017633957780260397,0.013777097746827113,-0.027092721254229055,-0.3825541436630647,-0.11068268095900458,-0.11068268095901532,0.41217633683788546,-2056.676604424541,7658.872041350615,6174.458563369353,14121.763368378855,0.22321428571428573,0.3089627068080099,0.6910372931919901,346.8520487907663,1.0,0.6234595760041067,405,False,False,False,False,False,False,0,6,False,True,underpowered,False,,,
us_stocks,1h,short,three_lower_lows,112,4.605126450752374,-0.7432728429909548,0.5071128462478419,-3.2773940061952747,5,1.0,1.0,-0.0342274726901777,-0.01969208301785695,-7581.005438332704,0.0,-0.33384107671594215,0.3558979591094279,-0.5982164364714467,-0.4128859572108512,0.8480347731847371,438.0,-0.001037758661161989,0.6038486386709737,0.01144591041809944,0.018989919720589346,-0.05464786983995647,-0.3866222574383727,-0.12370752166064936,-0.12370752166066132,0.41217633683788546,-3000.018677088374,7658.872041350615,6133.777425616273,14121.763368378855,0.19642857142857142,0.12912409164552055,0.8708759083544795,194.48568948391488,1.0,0.6376878066040406,405,False,False,False,False,False,False,0,6,False,True,underpowered,False,,,
us_stocks,1h,short,CDLHARAMI,112,4.605126450752374,-0.7509287052442638,0.5071256633260764,-3.3110681486107625,5,1.0,1.0,-0.025855657629881817,-0.03227860869204421,-8217.128323931203,0.0,-0.3813339657626935,0.3558979591094279,-0.6091922985914251,-0.4128859572108512,0.9249748101917982,439.5,-0.0007086611080249583,0.5161907111577129,0.01872564475341877,0.021037690690656176,-0.033685308831910336,-0.36963830024579764,-0.10942945077055627,-0.10942945077054003,0.41217633683788546,-2750.1322470525747,7658.872041350615,6303.6169975420235,14121.763368378855,0.1875,0.17858051430143013,0.8214194856985699,199.3228978133967,1.0,0.6377039239131699,405,False,False,False,False,False,False,0,6,False,True,underpowered,False,,,
us_stocks,1h,long,STOCHF,112,4.605126450752374,-0.7668456507612144,0.5106027109742161,-3.3582254196819705,5,1.0,1.0,-0.6222835588653404,-34.415499198001854,-7314.083585810884,0.0,-0.32562047189898524,0.3558979591094279,-0.6195570256488111,-0.4128859572108512,0.9764832836690324,3292.0,-8.461043657687024e-05,0.3875074654969005,0.009321803530831785,0.006080806535315966,-0.013914344435309974,-0.35661609356868584,-0.11202364216529942,-0.11202364216527874,0.41217633683788546,-2970.7648081886623,7658.872041350615,6433.8390643131415,14121.763368378855,0.16071428571428573,0.5015477806300119,0.498452219369988,1434.1188475437966,1.0,0.6420762660942162,405,False,False,False,False,False,False,0,6,False,True,underpowered,False,,,
us_stocks,1h,short,STOCHF,112,4.605126450752374,-0.7668456507612144,0.5106027109742161,-3.3582254196819705,5,1.0,1.0,-0.2653554554233066,-34.415499198001854,-7314.083585810884,0.0,-0.32562047189898524,0.3558979591094279,-0.6195570256488111,-0.4128859572108512,0.9764832836690324,3292.0,-8.461043657687024e-05,0.3875074654969005,0.009321803530831785,0.006080806535315966,-0.013914344435309974,-0.35661609356868584,-0.11202364216529942,-0.11202364216527874,0.41217633683788546,-2970.7648081886623,7658.872041350615,6433.8390643131415,14121.763368378855,0.16071428571428573,0.5015477806300119,0.498452219369988,1434.1188475437966,1.0,0.6420762660942162,405,False,False,False,False,False,False,0,6,False,True,underpowered,False,,,
us_stocks,1h,short,CDLSHORTLINE,112,4.605126450752374,-0.7835252638283245,0.5098296851393325,-3.4364726163989032,5,1.0,1.0,-0.18348905125081677,-0.22113244834834572,-6813.86864741215,0.0,-0.3151223409294537,0.3558979591094279,-0.6338506496033756,-0.4128859572108512,0.9580677600575614,1038.0,-0.00028142698088473,0.41060468518649085,0.01526105635334455,0.011056680934925116,-0.025453115861901826,-0.3491336791381497,-0.1162408546960812,-0.1162408546960701,0.41217633683788546,-2594.5434575104214,7658.872041350615,6508.663208618504,14121.763368378855,0.20535714285714285,0.37995054896275793,0.6200494510372421,462.5477419946,1.0,0.6411041961639382,405,False,False,False,False,False,False,0,6,False,True,underpowered,False,,,
us_stocks,1h,short,CDLLONGLINE,112,4.605126450752374,-0.7848942937175911,0.4161319528548949,-4.217597288224138,5,1.0,1.0,-0.24053531291528418,-0.2134667837733532,-7792.41959780893,0.0,-0.4298672959971178,0.3558979591094279,-0.620830985551406,-0.4128859572108512,0.9357327428670131,995.5,-0.0004095252905023406,0.4064060312806551,0.01630231813182209,0.01188501808914344,-0.034457271114835576,-0.3822714726304258,-0.12046950947160245,-0.12046950947159893,0.41217633683788546,-2597.118188983271,7658.872041350615,6177.285273695742,14121.763368378855,0.23214285714285715,0.3721607246171219,0.6278392753828781,435.1426163112653,1.0,0.5232805168264325,405,False,False,False,False,False,False,0,6,False,True,underpowered,False,,,
us_stocks,1h,long,STOCH,112,4.605126450752374,-0.7892559749853593,0.3261694211773829,-5.410777029142035,5,1.0,1.0,-0.6614087141012504,-41.13220147306997,-7848.6133981733965,0.0,-0.44016809823125536,0.3558979591094279,-0.6005690181387409,-0.4128859572108512,0.9549511807863242,2068.0,-0.0002080874056288885,0.4106335496260248,0.011557754609499624,0.008578314658661206,-0.02425737617572589,-0.4167951006583763,-0.12974758468557257,-0.12974758468556616,0.41217633683788546,-3073.7630873156636,7658.872041350615,5832.048993416236,14121.763368378855,0.17857142857142858,0.4991955292250075,0.5008044707749925,901.6062060841587,1.0,0.41015380365706905,405,False,False,False,False,False,False,0,6,False,True,underpowered,False,,,
us_stocks,1h,short,STOCH,112,4.605126450752374,-0.7892559749853593,0.3261694211773829,-5.410777029142035,5,1.0,1.0,-0.36537122714261144,-41.13220147306997,-7848.6133981733965,0.0,-0.44016809823125536,0.3558979591094279,-0.6005690181387409,-0.4128859572108512,0.9549511807863242,2068.0,-0.0002080874056288885,0.4106335496260248,0.011557754609499624,0.008578314658661206,-0.02425737617572589,-0.4167951006583763,-0.12974758468557257,-0.12974758468556616,0.41217633683788546,-3073.7630873156636,7658.872041350615,5832.048993416236,14121.763368378855,0.17857142857142858,0.4991955292250075,0.5008044707749925,901.6062060841587,1.0,0.41015380365706905,405,False,False,False,False,False,False,0,6,False,True,underpowered,False,,,
us_stocks,1h,long,TRIMA_9,112,4.605126450752374,-0.790427007319734,0.31262865847911286,-5.6535076733431815,5,1.0,1.0,-0.6224533011752504,-4.063758990394033,-7608.593618623995,0.0,-0.3973594103646285,0.3558979591094279,-0.6260538885436095,-0.4128859572108512,0.9538576383942261,1420.5,-0.00024190908431858852,0.3037548366905656,0.017330131596545575,0.007941083897458675,-0.030462980550552406,-0.37560876189496395,-0.11667192388075476,-0.11667192388074157,0.41217633683788546,-2551.400453419557,7658.872041350615,6243.912381050361,14121.763368378855,0.16071428571428573,0.5167739082319187,0.4832260917680814,619.0470227048581,1.0,0.3931264707297041,405,False,False,False,False,False,False,0,6,False,True,underpowered,False,,,
us_stocks,1h,short,TRIMA_9,112,4.605126450752374,-0.790427007319734,0.31262865847911286,-5.6535076733431815,5,1.0,1.0,-0.3874240381999595,-4.063758990394033,-7608.593618623995,0.0,-0.3973594103646285,0.3558979591094279,-0.6260538885436095,-0.4128859572108512,0.9538576383942261,1420.5,-0.00024190908431858852,0.3037548366905656,0.017330131596545575,0.007941083897458675,-0.030462980550552406,-0.37560876189496395,-0.11667192388075476,-0.11667192388074157,0.41217633683788546,-2551.400453419557,7658.872041350615,6243.912381050361,14121.763368378855,0.16071428571428573,0.5167739082319187,0.4832260917680814,619.0470227048581,1.0,0.3931264707297041,405,False,False,False,False,False,False,0,6,False,True,underpowered,False,,,
us_stocks,1h,short,range_filter_macd,112,4.605126450752374,-0.7906216297414781,0.517959168356869,-3.4131719575346127,5,1.0,1.0,-0.12504596968213866,-0.08157528462207231,-6761.43935059314,0.0,-0.4049593534117417,0.3558979591094279,-0.5837868830700068,-0.4128859572108512,0.7552660222682349,92.5,-0.004192091902395934,0.3320802005012531,0.048540296138265604,0.030410356099570657,-0.13785079953256843,-0.37241543902681234,-0.10888522487139252,-0.10888522487139297,0.41217633683788546,-2516.1731927047426,7658.872041350615,6275.845609731876,14121.763368378855,0.21428571428571427,0.2379149629609199,0.7620850370390801,42.340509930426805,1.0,0.6513269155451815,405,False,False,False,False,False,False,0,6,False,True,underpowered,False,,,
us_stocks,1h,long,DEMA_9,112,4.605126450752374,-0.7928158248745264,0.29499085129290237,-6.00964426621072,5,1.0,1.0,-0.620434468396518,-25.469681052922645,-8613.617192891932,0.0,-0.4143462038170242,0.3558979591094279,-0.6413307743847926,-0.4128859572108512,0.9501601632179419,2032.5,-0.00021629427708460533,0.34645076892231774,0.013172434035313324,0.007157588316668609,-0.03021887645883442,-0.42469585304972973,-0.14974165541113782,-0.1497416554111234,0.41217633683788546,-2876.5803585270464,7658.872041350615,5753.041469502703,14121.763368378855,0.22321428571428573,0.49832880947827324,0.5016711905217268,888.4357930150691,1.0,0.37094715766141984,405,False,False,False,False,False,False,0,6,False,True,underpowered,False,,,
us_stocks,1h,short,DEMA_9,112,4.605126450752374,-0.7928158248745264,0.29499085129290237,-6.00964426621072,5,1.0,1.0,-0.2670369836295062,-25.469681052922645,-8613.617192891932,0.0,-0.4143462038170242,0.3558979591094279,-0.6413307743847926,-0.4128859572108512,0.9501601632179419,2032.5,-0.00021629427708460533,0.34645076892231774,0.013172434035313324,0.007157588316668609,-0.03021887645883442,-0.42469585304972973,-0.14974165541113782,-0.1497416554111234,0.41217633683788546,-2876.5803585270464,7658.872041350615,5753.041469502703,14121.763368378855,0.22321428571428573,0.49832880947827324,0.5016711905217268,888.4357930150691,1.0,0.37094715766141984,405,False,False,False,False,False,False,0,6,False,True,underpowered,False,,,
us_stocks,1h,short,CDLENGULFING,112,4.605126450752374,-0.8087134967792297,0.35904567545553673,-5.036513392970401,5,1.0,1.0,-0.18740634842672899,-0.10825968800431242,-9338.809365832087,0.0,-0.39865250041098577,0.3558979591094279,-0.6372824227223733,-0.4128859572108512,0.932683243168006,731.0,-0.0005948665336504722,0.42390569463761396,0.017581001430084432,0.013981797011280769,-0.04254578529287208,-0.438020497747037,-0.14415053428213975,-0.14415053428214952,0.41217633683788546,-3442.283288067042,7658.872041350615,5619.79502252963,14121.763368378855,0.16964285714285715,0.2779330542813967,0.7220669457186033,329.4266625139476,1.0,0.45149526569083986,405,False,False,False,False,False,False,0,6,False,True,underpowered,False,,,
us_stocks,1h,short,CDLBELTHOLD,112,4.605126450752374,-0.8090554433605932,0.48204935485369693,-3.7529413756182377,5,1.0,1.0,-0.21409755835267816,-0.14593474544531246,-7804.764857060038,0.0,-0.4038284032150059,0.3558979591094279,-0.6540537735332186,-0.4128859572108512,0.93464959157182,852.0,-0.00040220112198609183,0.41499676793794443,0.017112089472713466,0.013176201697205462,-0.03052481521069874,-0.3866888106625575,-0.12474744473753463,-0.12474744473754273,0.41217633683788546,-2996.378774368815,7658.872041350615,6133.111893374425,14121.763368378855,0.21428571428571427,0.3223150263731094,0.6776849736268906,372.46630368523233,1.0,0.6061707922526425,405,False,False,False,False,False,False,0,6,False,True,underpowered,False,,,
us_stocks,1h,long,bar_updn,112,4.605126450752374,-0.8155388195172334,0.37109435456486767,-4.914114742782213,5,1.0,1.0,-0.5768154334017292,-4.38356687725148,-7647.859512339641,0.0,-0.37776890717121964,0.3558979591094279,-0.6217048658593747,-0.4128859572108512,0.9539362645495202,1384.0,-0.00030786092812629096,0.3649841612541815,0.015421021766142191,0.009350752449628257,-0.03292365291293003,-0.3980341843215155,-0.13316792605352556,-0.13316792605351732,0.41217633683788546,-2781.4447559646064,7658.872041350615,6019.658156784845,14121.763368378855,0.19642857142857142,0.516675997726852,0.483324002273148,605.4201049409054,1.0,0.466646322917164,405,False,False,False,False,False,False,0,6,False,True,underpowered,False,,,
us_stocks,1h,short,bar_updn,112,4.605126450752374,-0.8155388195172334,0.37109435456486767,-4.914114742782213,5,1.0,1.0,-0.3840875135245868,-4.38356687725148,-7647.859512339641,0.0,-0.37776890717121964,0.3558979591094279,-0.6217048658593747,-0.4128859572108512,0.9539362645495202,1384.0,-0.00030786092812629096,0.3649841612541815,0.015421021766142191,0.009350752449628257,-0.03292365291293003,-0.3980341843215155,-0.13316792605352556,-0.13316792605351732,0.41217633683788546,-2781.4447559646064,7658.872041350615,6019.658156784845,14121.763368378855,0.19642857142857142,0.516675997726852,0.483324002273148,605.4201049409054,1.0,0.466646322917164,405,False,False,False,False,False,False,0,6,False,True,underpowered,False,,,
us_stocks,1h,short,CDLGRAVESTONEDOJI,112,4.605126450752374,-0.8177618704890447,0.6207198515639225,-2.945887951245224,5,1.0,1.0,-0.002546273809376276,-0.020733164340165103,-7947.326451481953,0.0,-0.4367709167507866,0.3558979591094279,-0.612572757939015,-0.4128859572108512,0.8807447982291219,289.0,-0.0013336219582362069,0.4800082340404921,0.023944900820804478,0.02412563173776617,-0.05527821914601143,-0.4076742366462068,-0.12634603775483577,-0.12634603775486253,0.41217633683788546,-2871.280315706069,7658.872041350615,5923.257633537933,14121.763368378855,0.24107142857142858,0.11939373708244669,0.8806062629175533,129.85686371630328,1.0,0.7805471377586264,405,False,False,False,False,False,False,0,6,False,True,underpowered,False,,,
us_stocks,1h,short,CDL3OUTSIDE,112,4.605126450752374,-0.8253448757589249,0.6414903282471823,-2.876936979113653,5,1.0,1.0,-0.004445444496773525,-0.023610814638933178,-8841.58450657129,0.0,-0.3527907493651597,0.3558979591094279,-0.614416387959527,-0.4128859572108512,0.8941497112933463,306.0,-0.0011605487232332985,0.444642151047845,0.024723770781441844,0.0212887790601842,-0.05451457408395204,-0.41925208285598964,-0.12694333057268276,-0.12694333057266116,0.41217633683788546,-3085.858967139666,7658.872041350615,5807.4791714401035,14121.763368378855,0.19642857142857142,0.12253970321076724,0.8774602967892328,141.47247536050705,1.0,0.8066657419633304,405,False,False,False,False,False,False,0,6,False,True,underpowered,False,,,
us_stocks,1h,short,STOCHRSI,112,4.605126450752374,-0.8265166444516412,0.44515122494417164,-4.1517293404296,5,1.0,1.0,-0.33194378869479124,-1.215966100106483,-8040.949521296192,0.0,-0.39437981744138656,0.3558979591094279,-0.6706864486872588,-0.4128859572108512,0.9666260964536142,3188.0,-0.0001355100434914028,0.38307677479287894,0.009329299352088743,0.006174476492671941,-0.021946806932090564,-0.4446654556670046,-0.136266489105629,-0.13626648910561132,0.41217633683788546,-3324.7631678563193,7658.872041350615,5553.345443329954,14121.763368378855,0.16071428571428573,0.4967219198416626,0.5032780801583374,1386.5931176233923,1.0,0.5597718739371389,405,False,False,False,False,False,False,0,6,False,True,underpowered,False,,,
us_stocks,1h,long,WMA_9,112,4.605126450752374,-0.8294321558343365,0.3051211398494659,-6.078460129261416,5,1.0,1.0,-0.6574427416738239,-4.128683902907982,-8389.84072042749,0.0,-0.417878355111715,0.3558979591094279,-0.6500595824942924,-0.4128859572108512,0.9497572188627297,1670.5,-0.00023467554129423155,0.29767117004419985,0.015565835382956474,0.007059693622647833,-0.033241604216559945,-0.42810053722039154,-0.12583062578363752,-0.1258306257836206,0.41217633683788546,-3214.9216384641654,7658.872041350615,5718.994627796084,14121.763368378855,0.16964285714285715,0.5164224971370308,0.4835775028629692,733.3466763047625,1.0,0.383685863725955,405,False,False,False,False,False,False,0,6,False,True,underpowered,False,,,
us_stocks,1h,short,WMA_9,112,4.605126450752374,-0.8294321558343365,0.3051211398494659,-6.078460129261416,5,1.0,1.0,-0.36858834319007394,-4.128683902907982,-8389.84072042749,0.0,-0.417878355111715,0.3558979591094279,-0.6500595824942924,-0.4128859572108512,0.9497572188627297,1670.5,-0.00023467554129423155,0.29767117004419985,0.015565835382956474,0.007059693622647833,-0.033241604216559945,-0.42810053722039154,-0.12583062578363752,-0.1258306257836206,0.41217633683788546,-3214.9216384641654,7658.872041350615,5718.994627796084,14121.763368378855,0.16964285714285715,0.5164224971370308,0.4835775028629692,733.3466763047625,1.0,0.383685863725955,405,False,False,False,False,False,False,0,6,False,True,underpowered,False,,,
us_stocks,1h,long,STOCHRSI,112,4.605126450752374,-0.8294784425568842,0.43637108482969866,-4.250442451180522,5,0.9983466877747442,1.0,-0.5959456798259386,-1.2081043658522657,-7860.185830382802,0.0,-0.3861373009910001,0.3558979591094279,-0.6757981895023231,-0.4128859572108512,0.9654636451171523,3188.0,-0.00013591840283793907,0.38308218844068503,0.009319294861141515,0.00616014255187188,-0.02206416518667049,-0.4434666667831406,-0.1377211690378079,-0.13878598279725002,0.41217633683788546,-3312.114404031932,7658.872041350615,5565.333332168593,14121.763368378855,0.16071428571428573,0.4967219198416626,0.4913022182329102,1386.5298274779584,1.0,0.5487309619730629,405,False,False,False,False,False,False,0,6,False,True,underpowered,False,,,
us_stocks,1h,long,TSF_9,112,4.605126450752374,-0.8349958835691386,0.39850967328542675,-4.6852251821144755,5,1.0,1.0,-0.6664551302101096,-7.835560451840682,-7863.18567743946,0.0,-0.4597182207778784,0.3558979591094279,-0.6219131713054002,-0.4128859572108512,0.9526050379732243,2038.0,-0.0002104612505494447,0.43494986399684077,0.011005974839624608,0.008936284256281055,-0.02355131557073261,-0.45831789206304646,-0.13212956996286696,-0.13212956996286107,0.41217633683788546,-3717.5713534425026,7658.872041350615,5416.821079369535,14121.763368378855,0.16071428571428573,0.4913995551046765,0.5086004448953236,890.5977926853632,1.0,0.5011207295341871,405,False,False,False,False,False,False,0,6,False,True,underpowered,False,,,
us_stocks,1h,short,TSF_9,112,4.605126450752374,-0.835014937177386,0.39852972563993233,-4.685096346974387,5,1.0,1.0,-0.3331084063082114,-7.835560451840682,-7863.18567743946,0.0,-0.4597182207778784,0.3558979591094279,-0.6219131713054002,-0.4128859572108512,0.9526050379732243,2038.0,-0.0002104612505494447,0.43494986399684077,0.011005974839624608,0.008932901861379003,-0.02356023314880066,-0.45831789206304646,-0.13212956996286696,-0.13212956996286107,0.41217633683788546,-3717.692836599306,7658.872041350615,5416.821079369535,14121.763368378855,0.16071428571428573,0.4913995551046765,0.5086004448953236,890.5977926853632,1.0,0.5011459451090962,405,False,False,False,False,False,False,0,6,False,True,underpowered,False,,,
us_stocks,1h,short,CDLDOJISTAR,112,4.605126450752374,-0.8519920194512913,0.6106175580598991,-3.1199759106722684,5,1.0,1.0,-0.0207703628785601,-0.017015398106932728,-9101.743949591611,0.0,-0.4508885786158856,0.3558979591094279,-0.622356650092072,-0.4128859572108512,0.7971448508778709,107.0,-0.0041919518293467364,0.49586663933866226,0.034116920714806154,0.04214886132040305,-0.0994558737300344,-0.44706104492951265,-0.14622553958823475,-0.1462255395882281,0.41217633683788546,-3433.7901824308383,7658.872041350615,5529.389550704874,14121.763368378855,0.1875,0.043012757422065555,0.9569872425779344,50.33848393488316,1.0,0.7678436351084441,405,False,False,False,False,False,False,0,6,False,True,underpowered,False,,,
us_stocks,1h,short,CDLINVERTEDHAMMER,112,4.605126450752374,-0.8560944035320457,0.6231026021678808,-3.072183096001627,5,1.0,1.0,-0.039540795877133814,-0.019096963773362452,-8428.493990076104,0.0,-0.4082336573204619,0.3558979591094279,-0.6280624103563321,-0.4128859572108512,0.8296010528278308,120.0,-0.0032116621948348697,0.49842767295597484,0.0309042863182669,0.038118538763365684,-0.08425459891766574,-0.4417976888670898,-0.13748764113500694,-0.1374876411349853,0.41217633683788546,-3405.2393813466974,7658.872041350615,5582.023111329102,14121.763368378855,0.20535714285714285,0.05019378711507792,0.9498062128849221,56.41509538703393,1.0,0.7835434156434505,405,False,False,False,False,False,False,0,6,False,True,underpowered,False,,,
us_stocks,1h,long,AVGPRICE,112,4.605126450752374,-0.8562548648596773,0.5529517599917997,-3.462587918916342,5,0.9996286439300004,1.0,-0.603349526555718,-8.478643745746783,-7606.71630142504,0.0,-0.4251082742064709,0.3558979591094279,-0.649541312061922,-0.4128859572108512,0.9657020907810444,4021.5,-0.00010389725682260516,0.3714144310277516,0.008041637657454175,0.00506173286305639,-0.020526025302700316,-0.42619806306640773,-0.13614986806983154,-0.13617341967350322,0.41217633683788546,-3460.468853989461,7658.872041350615,5738.019369335923,14121.763368378855,0.15178571428571427,0.5089468163898077,0.4905648528325553,1753.2960547287362,1.0,0.6953296442714898,405,False,False,False,False,False,False,0,6,False,True,underpowered,False,,,
us_stocks,1h,long,BOP,112,4.605126450752374,-0.8568489826668685,0.553472628797384,-3.4617295815653764,5,0.9958541974011461,1.0,-0.6324200648259874,-11.009980379244661,-8099.25396388698,0.0,-0.42550972030988876,0.3558979591094279,-0.6675595419032019,-0.4128859572108512,0.96307976768979,4007.5,-0.00012042707048516346,0.34558089539580816,0.008566417284571151,0.004782612885989591,-0.025180183584991404,-0.4940039276224566,-0.15315011912244753,-0.15353651061912899,0.41217633683788546,-3357.9353842007795,7658.872041350615,5059.960723775434,14121.763368378855,0.16964285714285715,0.5046404924573239,0.48896529273147255,1752.700696696105,1.0,0.695984630017994,405,False,False,False,False,False,False,0,6,False,True,underpowered,False,,,
us_stocks,1h,short,AVGPRICE,112,4.605126450752374,-0.8570330877215342,0.5518250693110824,-3.4728111310788607,5,1.0,1.0,-0.3580483580701196,-8.25536590207768,-7752.795418007224,0.0,-0.4237049098546024,0.3558979591094279,-0.6605278348789139,-0.4128859572108512,0.965986474987311,4020.5,-0.00010279652220791585,0.3712755486830922,0.008035672079235345,0.005061640464863971,-0.020308934014869516,-0.42207658622297317,-0.13325028892731922,-0.13325028892729573,0.41217633683788546,-3478.849343277296,7658.872041350615,5779.234137770269,14121.763368378855,0.15178571428571427,0.5089468163898077,0.49105318361019235,1753.2960547287362,1.0,0.6939128453987657,405,False,False,False,False,False,False,0,6,False,True,underpowered,False,,,
us_stocks,1h,short,BOP,112,4.605126450752374,-0.8607691962403962,0.5554268852301982,-3.4653317779777066,5,1.0,1.0,-0.39962060744543443,-12.80408090181808,-7952.946900460851,0.0,-0.4192928648659713,0.3558979591094279,-0.6706522246457012,-0.4128859572108512,0.9632513270027648,4009.5,-0.00013094348605424894,0.3441059836809186,0.008605270332574709,0.004806124169128508,-0.02724513172076302,-0.4850198352280147,-0.15457164900738546,-0.15457164900737363,0.41217633683788546,-3379.6101954384308,7658.872041350615,5149.8016477198535,14121.763368378855,0.1875,0.5046404924573239,0.4953595075426761,1751.6221312094467,1.0,0.6984420820573258,405,False,False,False,False,False,False,0,6,False,True,underpowered,False,,,
us_stocks,1h,long,MEDPRICE,112,4.605126450752374,-0.8627962669913923,0.4969050920760967,-3.882574629423118,5,0.9991333952037891,1.0,-0.6745473710148626,-7.591166884635996,-8311.47976568646,0.0,-0.3594290699077788,0.3558979591094279,-0.6364647912835171,-0.4128859572108512,0.971639217417722,4025.0,-9.792773412515367e-05,0.3942835459189921,0.007626856496435298,0.0052991151853957995,-0.01848001613458781,-0.4861665043771952,-0.14662208538989507,-0.14675757673024886,0.41217633683788546,-3406.6648885699897,7658.872041350615,5138.334956228047,14121.763368378855,0.16071428571428573,0.5094995262438481,0.48883114519002024,1755.4395869854177,1.0,0.6248516885362443,405,False,False,False,False,False,False,0,6,False,True,underpowered,False,,,
us_stocks,1h,long,WCLPRICE,112,4.605126450752374,-0.8627962669913923,0.4969050920760967,-3.882574629423118,5,0.9991333952037891,1.0,-0.6745473710148626,-7.591166884635996,-8311.47976568646,0.0,-0.3594290699077788,0.3558979591094279,-0.6364647912835171,-0.4128859572108512,0.971639217417722,4025.0,-9.792773412515367e-05,0.3942835459189921,0.007626856496435298,0.0052991151853957995,-0.01848001613458781,-0.4861665043771952,-0.14662208538989507,-0.14675757673024886,0.41217633683788546,-3406.6648885699897,7658.872041350615,5138.334956228047,14121.763368378855,0.16071428571428573,0.5094995262438481,0.48883114519002024,1755.4395869854177,1.0,0.6248516885362443,405,False,False,False,False,False,False,0,6,False,True,underpowered,False,,,
us_stocks,1h,long,TYPPRICE,112,4.605126450752374,-0.8629583600569031,0.49800447678931836,-3.8747313423355214,5,0.9991084292946703,1.0,-0.6799475720098,-7.5598913051280014,-8307.501722707588,0.0,-0.3650019206667553,0.3558979591094279,-0.63997271951051,-0.4128859572108512,0.9698060920668881,4025.5,-9.536665502603018e-05,0.3943318865349639,0.007629172705441363,0.00529765105850063,-0.01800168678022017,-0.47903241719287903,-0.14621941527112287,-0.1463659162333314,0.41217633683788546,-3406.2917153541994,7658.872041350615,5209.675828071209,14121.763368378855,0.16071428571428573,0.5094995262438481,0.48883114519002024,1754.788345393145,1.0,0.6262341505100941,405,False,False,False,False,False,False,0,6,False,True,underpowered,False,,,
us_stocks,1h,short,TYPPRICE,112,4.605126450752374,-0.8650311667831817,0.4948869274360697,-3.908505932060661,5,1.0,1.0,-0.36627529847867946,-7.8676735847253525,-8302.19132653876,0.0,-0.37639030692070274,0.3558979591094279,-0.6433308978562526,-0.4128859572108512,0.9683213097807002,4024.0,-0.00010318876913150942,0.3940803393621641,0.007638968416977934,0.005301074462920517,-0.019465632836000515,-0.4875650938472322,-0.1524515864129593,-0.15245158641294515,0.41217633683788546,-3454.5190207432574,7658.872041350615,5124.349061527679,14121.763368378855,0.16071428571428573,0.5094995262438481,0.4905004737561519,1755.785874035423,1.0,0.62231387275779,405,False,False,False,False,False,False,0,6,False,True,underpowered,False,,,
us_stocks,1h,short,MEDPRICE,112,4.605126450752374,-0.8651100106564268,0.4944115838116433,-3.912620284763203,5,1.0,1.0,-0.38884944729603016,-7.866848907552876,-8303.467540458718,0.0,-0.3768408733898194,0.3558979591094279,-0.6411665067482952,-0.4128859572108512,0.9701344477887246,4026.0,-0.00010165551177463848,0.3940803393621641,0.007631797367055378,0.0053034669826431315,-0.019167746703680922,-0.48692537498971866,-0.15346933219444475,-0.15346933219443099,0.41217633683788546,-3446.6409720310007,7658.872041350615,5130.746250102813,14121.763368378855,0.16071428571428573,0.5094995262438481,0.4905004737561519,1756.2490237902944,1.0,0.621716134334308,405,False,False,False,False,False,False,0,6,False,True,underpowered,False,,,
us_stocks,1h,short,WCLPRICE,112,4.605126450752374,-0.8651100106564268,0.4944115838116433,-3.912620284763203,5,1.0,1.0,-0.38884944729603016,-7.866848907552876,-8303.467540458718,0.0,-0.3768408733898194,0.3558979591094279,-0.6411665067482952,-0.4128859572108512,0.9701344477887246,4026.0,-0.00010165551177463848,0.3940803393621641,0.007631797367055378,0.0053034669826431315,-0.019167746703680922,-0.48692537498971866,-0.15346933219444475,-0.15346933219443099,0.41217633683788546,-3446.6409720310007,7658.872041350615,5130.746250102813,14121.763368378855,0.16071428571428573,0.5094995262438481,0.4905004737561519,1756.2490237902944,1.0,0.621716134334308,405,False,False,False,False,False,False,0,6,False,True,underpowered,False,,,
us_stocks,1h,short,CDLHOMINGPIGEON,112,4.605126450752374,-0.8732820227887167,0.6345428675510764,-3.0773617770227486,5,1.0,1.0,-0.003541442753853652,-0.00188132359005809,-8789.271702834343,0.0,-0.4568926041379013,0.3558979591094279,-0.6183015136787924,-0.4128859572108512,0.522846111022223,21.0,-0.017783618360328234,0.4646766169154229,0.044056508965865826,0.07771873717483571,-0.22882021770789054,-0.4487958404938655,-0.13401685249548484,-0.1340168524954807,0.41217633683788546,-3601.2451027841867,7658.872041350615,5512.041595061345,14121.763368378855,0.20535714285714285,0.008170844970955004,0.991829155029045,9.551336982693602,1.0,0.7979294005246393,405,False,False,False,False,False,False,0,6,False,True,underpowered,False,,,
us_stocks,1h,short,CDLHIKKAKEMOD,112,4.605126450752374,-0.8802241994969517,0.640537443338209,-3.072796393069364,5,1.0,1.0,-0.0009457453685332018,-0.0022927278764086623,-8471.56970042807,0.0,-0.48789830791749217,0.3558979591094279,-0.6491412731151371,-0.4128859572108512,0.36151853029412817,13.0,-0.03280743892174867,0.4444444444444444,0.05609727112688345,0.11175977723284321,-0.2935531882226,-0.4357259497290979,-0.13868927018184435,-0.13868927018182498,0.41217633683788546,-3712.227285615579,7658.872041350615,5642.740502709021,14121.763368378855,0.17857142857142858,0.005631532796799918,0.9943684672032,6.07958534001945,1.0,0.8054675015873562,405,False,False,False,False,False,False,0,6,False,True,underpowered,False,,,
us_stocks,1h,short,CDLTASUKIGAP,112,4.605126450752374,-0.8851139345237531,0.6475118924774952,-3.056584671911949,5,1.0,1.0,-0.000895691518096764,-0.0002581900636129397,-8559.580192945356,0.0,-0.4913083894500735,0.3558979591094279,-0.6382051740599163,-0.4128859572108512,0.31650417344967036,13.0,-0.037617389118850174,0.4117647058823529,0.05596613098980644,0.1084202023512614,-0.3469592225716088,-0.45368733136392914,-0.13199903346440311,-0.13199903346438868,0.41217633683788546,-3671.9907421931907,7658.872041350615,5463.126686360709,14121.763368378855,0.19642857142857142,0.004457100408567538,0.9955428995914325,5.211148035625482,1.0,0.8142377806422261,405,False,False,False,False,False,False,0,6,False,True,underpowered,False,,,
us_stocks,1h,short,CDLMORNINGDOJISTAR,112,4.605126450752374,-0.8911008581064415,0.6313696483523458,-3.155935827346609,5,1.0,1.0,-0.006899730613064786,-0.002332733120860353,-8316.126258888307,0.0,-0.46656815547168545,0.3558979591094279,-0.6240696871946708,-0.4128859572108512,0.43301262196916696,19.0,-0.02365122048753618,0.4422222222222222,0.04578737512251474,0.08072580083442141,-0.2929821722803067,-0.4324930613335279,-0.1367822592864097,-0.13678225928638554,0.41217633683788546,-3729.3925287365005,7658.872041350615,5675.069386664722,14121.763368378855,0.19642857142857142,0.007426661715558856,0.9925733382844412,8.675882180666488,1.0,0.7939391186659079,405,False,False,False,False,False,False,0,6,False,True,underpowered,False,,,
us_stocks,1h,short,CDLSEPARATINGLINES,112,4.605126450752374,-0.8914883719779038,0.6277913742813428,-3.1753042213667984,5,1.0,1.0,-0.018382754442303306,-0.007813048201537998,-8701.857120335166,0.0,-0.4825514810461965,0.3558979591094279,-0.6346826402204169,-0.4128859572108512,0.6194647121802503,39.0,-0.011505827643260743,0.4518338488731772,0.04447250606491154,0.05950678022031909,-0.19335322127430415,-0.441645508817553,-0.13908892459014305,-0.13908892459014136,0.41217633683788546,-3767.6247269572546,7658.872041350615,5583.544911824471,14121.763368378855,0.17857142857142858,0.01609371596374729,0.9839062840362527,18.69289618287648,1.0,0.7894394855750697,405,False,False,False,False,False,False,0,6,False,True,underpowered,False,,,
us_stocks,1h,long,LINEARREG_9,112,4.605126450752374,-0.8916054655368411,0.3975918785676183,-5.014414371926504,5,1.0,1.0,-0.6465439278087521,-32.33665514773379,-8826.396173604644,0.0,-0.43141457175360876,0.3558979591094279,-0.6383025149746966,-0.4128859572108512,0.9539627070777648,2286.0,-0.00019116450233895409,0.3929488581435522,0.01141741402171976,0.007716182341863491,-0.024774492601322723,-0.4573568893417752,-0.1358423359001949,-0.13584233590018568,0.41217633683788546,-3938.370017003355,7658.872041350615,5426.431106582248,14121.763368378855,0.125,0.49780236095926605,0.5021976390407339,1000.3477562905464,1.0,0.4999666146170785,405,False,False,False,False,False,False,0,6,False,True,underpowered,False,,,
us_stocks,1h,short,LINEARREG_9,112,4.605126450752374,-0.8916054655368411,0.3975918785676183,-5.014414371926504,5,1.0,1.0,-0.37143571711679435,-32.33665514773379,-8826.396173604644,0.0,-0.43141457175360876,0.3558979591094279,-0.6383025149746966,-0.4128859572108512,0.9539627070777648,2286.0,-0.00019116450233895409,0.3929488581435522,0.01141741402171976,0.007716182341863491,-0.024774492601322723,-0.4573568893417752,-0.1358423359001949,-0.13584233590018568,0.41217633683788546,-3938.370017003355,7658.872041350615,5426.431106582248,14121.763368378855,0.125,0.49780236095926605,0.5021976390407339,1000.3477562905464,1.0,0.4999666146170785,405,False,False,False,False,False,False,0,6,False,True,underpowered,False,,,
us_stocks,1h,short,CDLPIERCING,112,4.605126450752374,-0.8965524648597045,0.6439148711929116,-3.113380893203014,5,1.0,1.0,-0.006357840352970837,-0.004817520339732047,-8494.066734999647,0.0,-0.46231616316198904,0.3558979591094279,-0.6345230536520589,-0.4128859572108512,0.3900034415809146,13.0,-0.03892979952553079,0.42105263157894735,0.04838217459323256,0.0956510941235934,-0.40699795315700754,-0.4529706920215144,-0.1391846194060536,-0.1391846194060445,0.41217633683788546,-3744.292999878265,7658.872041350615,5470.293079784857,14121.763368378855,0.21428571428571427,0.005199306759098787,0.9948006932409013,6.079804166507595,1.0,0.8097145731742119,405,False,False,False,False,False,False,0,6,False,True,underpowered,False,,,
us_stocks,1h,short,CDL3INSIDE,112,4.605126450752374,-0.898142102106917,0.640418988806444,-3.13592636831167,5,1.0,1.0,-0.02681386466898561,-0.011988116499221657,-9073.41153370347,0.0,-0.49108196043220587,0.3558979591094279,-0.6410365296441503,-0.4128859572108512,0.6576064263010606,57.0,-0.008650187244849873,0.4480185280494081,0.0401672141069605,0.05068072868395285,-0.17068000933437252,-0.4419766272479127,-0.14380683478245138,-0.14380683478242934,0.41217633683788546,-3472.8586802048117,7658.872041350615,5580.233727520873,14121.763368378855,0.1875,0.022468432780391186,0.9775315672196088,26.053453582281467,1.0,0.8053185465547585,405,False,False,False,False,False,False,0,6,False,True,underpowered,False,,,
us_stocks,1h,long,ATR,112,4.605126450752374,-0.8986934880043634,0.4606413827591457,-4.362481976928398,5,1.0,1.0,-0.7913945892902117,-0.6615348402860981,-8404.039356487478,0.0,-0.5478079011576216,0.3558979591094279,-0.6846163065932958,-0.4128859572108512,0.9192046704667536,1057.5,-0.000538916762704295,0.49214267394274525,0.012922117792400309,0.013810959290895267,-0.03902095077925328,-0.4844147732538306,-0.15108054514115704,-0.15108054514115793,0.41217633683788546,-3989.315445747174,7658.872041350615,5155.852267461694,14121.763368378855,0.14285714285714285,0.43999504644053933,0.5600049535594607,468.2709642536923,1.0,0.5792505458620729,405,False,False,False,False,False,False,0,6,False,True,underpowered,False,,,
us_stocks,1h,short,ATR,112,4.605126450752374,-0.8986934880043634,0.4606413827591457,-4.362481976928398,5,1.0,1.0,-0.43523118430026647,-0.6615348402860981,-8404.039356487478,0.0,-0.5478079011576216,0.3558979591094279,-0.6846163065932958,-0.4128859572108512,0.9192046704667536,1057.5,-0.000538916762704295,0.49214267394274525,0.012922117792400309,0.013810959290895267,-0.03902095077925328,-0.4844147732538306,-0.15108054514115704,-0.15108054514115793,0.41217633683788546,-3989.315445747174,7658.872041350615,5155.852267461694,14121.763368378855,0.14285714285714285,0.43999504644053933,0.5600049535594607,468.2709642536923,1.0,0.5792505458620729,405,False,False,False,False,False,False,0,6,False,True,underpowered,False,,,
us_stocks,1h,short,dual_thrust,112,4.605126450752374,-0.8991326659893548,0.6616830710050516,-3.038496600629309,5,1.0,1.0,-0.011071063715223706,-0.0037560829438747154,-8652.121363504526,0.0,-0.44534659648346253,0.3558979591094279,-0.6330427193715336,-0.4128859572108512,0.6689089272161808,67.0,-0.007881664042952995,0.41136180499597097,0.03589069812683879,0.03840720515414152,-0.20521316277300383,-0.4646650407978962,-0.14758105318250925,-0.14758105318249443,0.41217633683788546,-3682.2139011185945,7658.872041350615,5353.349592021038,14121.763368378855,0.16964285714285715,0.004580341668729884,0.9954196583312701,32.121723337793384,1.0,0.8320578532731907,405,False,False,False,False,False,False,0,6,False,True,underpowered,False,,,
us_stocks,1h,short,CDL3LINESTRIKE,112,4.605126450752374,-0.9009580914021968,0.6318193637305616,-3.1885751733827927,5,1.0,1.0,-0.016318015699321245,-0.004474317205214004,-8646.133330273035,0.0,-0.4603123194165388,0.3558979591094279,-0.6402603063131654,-0.4128859572108512,0.481991261767104,25.0,-0.018181507668930827,0.4336075205640423,0.05124616871648297,0.07427779132612061,-0.2447771715384474,-0.46342717934181954,-0.13894476791565014,-0.13894476791566202,0.41217633683788546,-3756.386432695141,7658.872041350615,5365.728206581804,14121.763368378855,0.1875,0.010395181933372195,0.9896048180666278,12.158435796441857,1.0,0.7945046299032045,405,False,False,False,False,False,False,0,6,False,True,underpowered,False,,,
us_stocks,1h,short,CDLMARUBOZU,112,4.605126450752374,-0.9089274620402907,0.6544877911475051,-3.105365171403774,5,1.0,1.0,-0.14957625000385794,-0.057937884684194016,-8654.94099710123,0.0,-0.5002681264554316,0.3558979591094279,-0.647490867400598,-0.4128859572108512,0.8700793700598838,381.5,-0.0014054212919339306,0.4395745642532275,0.021669772393458284,0.019919697138441907,-0.0705543504083547,-0.4718884113543104,-0.14477463254064704,-0.14477463254065526,0.41217633683788546,-3700.9515055119928,7658.872041350615,5281.115886456895,14121.763368378855,0.20535714285714285,0.1479956599601483,0.8520043400398518,169.7240593461716,1.0,0.8230098824631226,405,False,False,False,False,False,False,0,6,False,True,underpowered,False,,,
us_stocks,1h,long,NATR,112,4.605126450752374,-0.9094850773250458,0.4176527439651957,-4.869285517228464,5,1.0,1.0,-0.827088672194031,-0.6430107545301713,-8273.033377760647,0.0,-0.5879361957928839,0.3558979591094279,-0.6761594301026799,-0.4128859572108512,0.9087812232495469,1038.0,-0.0005722068057807052,0.5126696936341955,0.012445293683797085,0.014525417862041225,-0.03939348328670348,-0.5098193105063777,-0.16170233240805854,-0.1617023324080646,0.41217633683788546,-4186.764127579279,7658.872041350615,4901.806894936223,14121.763368378855,0.125,0.43676520201192126,0.5632347979880787,460.3582982307786,1.0,0.5251928918620999,405,False,False,False,False,False,False,0,6,False,True,underpowered,False,,,
us_stocks,1h,short,NATR,112,4.605126450752374,-0.9094850773250458,0.4176527439651957,-4.869285517228464,5,1.0,1.0,-0.46801395844412985,-0.6430107545301713,-8273.033377760647,0.0,-0.5879361957928839,0.3558979591094279,-0.6761594301026799,-0.4128859572108512,0.9087812232495469,1038.0,-0.0005722068057807052,0.5126696936341955,0.012445293683797085,0.014525417862041225,-0.03939348328670348,-0.5098193105063777,-0.16170233240805854,-0.1617023324080646,0.41217633683788546,-4186.764127579279,7658.872041350615,4901.806894936223,14121.763368378855,0.125,0.43676520201192126,0.5632347979880787,460.3582982307786,1.0,0.5251928918620999,405,False,False,False,False,False,False,0,6,False,True,underpowered,False,,,
us_stocks,1h,long,TEMA_9,112,4.605126450752374,-0.9164032021060405,0.31042555411480555,-6.601066914580576,5,1.0,1.0,-0.7340036251069593,-23.592995833823796,-8864.47860779615,0.0,-0.48748030165297246,0.3558979591094279,-0.668592884567538,-0.4128859572108512,0.9488005121477134,2337.5,-0.00023093821659668777,0.37989308340490147,0.01134403042900032,0.007441321317794474,-0.03103457124535718,-0.5011950346315979,-0.15440899218274567,-0.1544089921827404,0.41217633683788546,-4217.172082372744,7658.872041350615,4988.04965368402,14121.763368378855,0.11607142857142858,0.49607080036244416,0.5039291996375559,1023.9080842226857,1.0,0.3903560956540384,405,False,False,False,False,False,False,0,6,False,True,underpowered,False,,,
us_stocks,1h,short,TEMA_9,112,4.605126450752374,-0.9164032021060405,0.31042555411480555,-6.601066914580576,5,1.0,1.0,-0.4338901714998668,-23.592995833823796,-8864.47860779615,0.0,-0.48748030165297246,0.3558979591094279,-0.668592884567538,-0.4128859572108512,0.9488005121477134,2337.5,-0.00023093821659668777,0.37989308340490147,0.01134403042900032,0.007441321317794474,-0.03103457124535718,-0.5011950346315979,-0.15440899218274567,-0.1544089921827404,0.41217633683788546,-4217.172082372744,7658.872041350615,4988.04965368402,14121.763368378855,0.11607142857142858,0.49607080036244416,0.5039291996375559,1023.9080842226857,1.0,0.3903560956540384,405,False,False,False,False,False,False,0,6,False,True,underpowered,False,,,
us_stocks,1h,short,CDLMORNINGSTAR,112,4.605126450752374,-0.9175568962305587,0.5861890297213269,-3.5000989257179267,5,1.0,1.0,-0.054434933993314394,-0.015045486620146487,-8853.17477774742,0.0,-0.5060523625282352,0.3558979591094279,-0.6217091604239416,-0.4128859572108512,0.6142734486560104,55.0,-0.009684526107245999,0.4508423087544877,0.03925514988189214,0.052341700685641035,-0.1850250561289608,-0.4821790345230059,-0.14947406460128804,-0.14947406460127763,0.41217633683788546,-3890.8275968010953,7658.872041350615,5178.209654769941,14121.763368378855,0.17857142857142858,0.02154398571991241,0.9784560142800875,25.188775073664083,1.0,0.7371250785385413,405,False,False,False,False,False,False,0,6,False,True,underpowered,False,,,
us_stocks,1h,long,BETA,112,4.605126450752374,-0.9515313518455415,0.6309867041055806,-3.372002566147389,5,1.0,1.0,-0.7013403328297694,-0.03007235709727179,-9414.595727272002,0.0,-0.504727283156312,0.3558979591094279,-0.6456813086271013,-0.4128859572108512,0.844017284967756,399.0,-0.001226815062305636,0.48295909761754163,0.016022624025948118,0.01851603080312581,-0.066256914095138,-0.4856353129091386,-0.15631473076235403,-0.15631473076232294,0.41217633683788546,-4106.694530427454,7658.872041350615,5143.646870908614,14121.763368378855,0.16964285714285715,0.060665908671987956,0.939334091328012,179.66725481368783,1.0,0.7934575712577163,405,False,False,False,False,False,False,0,6,False,True,underpowered,False,,,
us_stocks,1h,short,BETA,112,4.605126450752374,-0.9515313518455415,0.6309867041055806,-3.372002566147389,5,1.0,1.0,-0.10447502100737044,-0.03007235709727179,-9414.595727272002,0.0,-0.504727283156312,0.3558979591094279,-0.6456813086271013,-0.4128859572108512,0.844017284967756,399.0,-0.001226815062305636,0.48295909761754163,0.016022624025948118,0.01851603080312581,-0.066256914095138,-0.4856353129091386,-0.15631473076235403,-0.15631473076232294,0.41217633683788546,-4106.694530427454,7658.872041350615,5143.646870908614,14121.763368378855,0.16964285714285715,0.060665908671987956,0.939334091328012,179.66725481368783,1.0,0.7934575712577163,405,False,False,False,False,False,False,0,6,False,True,underpowered,False,,,
us_stocks,1h,long,CDLKICKING,112,4.605126450752374,-0.9548924333333334,1.2856039156316856,-1.6608571008313864,5,0.0,1.0,-0.27643801441430516,-563.2553963186479,-2482.3428826910986,0.0,-0.13815477523100927,0.3558979591094279,0.0,-0.4128859572108512,0.0,0.0,-0.0022528625702690186,0.0,0.0,0.0022528625702690186,-1.0,0.19733410958738606,0.0398897599033704,-0.42226135156921213,0.41217633683788546,1693.8134306809818,7658.872041350615,11973.34109587386,14121.763368378855,0.017857142857142856,0.0,0.0,0.0,1.0,1.6166301981631657,405,False,False,False,False,False,False,0,6,False,False,unrankable,False,,,
us_stocks,1h,long,CDLKICKINGBYLENGTH,112,4.605126450752374,-0.9548924333333334,1.2856039156316856,-1.6608571008313864,5,0.0,1.0,-0.27643801441430516,-563.2553963186479,-2482.3428826910986,0.0,-0.13815477523100927,0.3558979591094279,0.0,-0.4128859572108512,0.0,0.0,-0.0022528625702690186,0.0,0.0,0.0022528625702690186,-1.0,0.19733410958738606,0.0398897599033704,-0.42226135156921213,0.41217633683788546,1693.8134306809818,7658.872041350615,11973.34109587386,14121.763368378855,0.017857142857142856,0.0,0.0,0.0,1.0,1.6166301981631657,405,False,False,False,False,False,False,0,6,False,False,unrankable,False,,,
us_stocks,1h,short,preholiday,112,4.605126450752374,-0.9683888263622353,0.6599526331270581,-3.281119182958553,5,1.0,1.0,-0.09428709453544432,-0.03333670816651843,-9052.062970317535,0.0,-0.5184855578890828,0.3558979591094279,-0.6476101125570645,-0.4128859572108512,0.7153043355188519,95.0,-0.0059819082435895714,0.4595827900912647,0.03727131525702107,0.042349010407696966,-0.14125260982491233,-0.46684885954117983,-0.16255446020505732,-0.1625544602050828,0.41217633683788546,-4261.606161178402,7658.872041350615,5331.511404588202,14121.763368378855,0.15178571428571427,0.03925210500247647,0.9607478949975236,40.81713604071222,1.0,0.8298818501546601,405,False,False,False,False,False,False,0,6,False,True,underpowered,False,,,
us_stocks,1h,long,VAR,112,4.605126450752374,-0.9789248878326587,0.44478296174671755,-4.921372404788022,5,1.0,1.0,-0.8217909589443837,-0.21717494662725856,-8850.6680792994,0.0,-0.6196160994500002,0.3558979591094279,-0.6740379506052009,-0.4128859572108512,0.9205687245130825,1443.0,-0.00047696889868022234,0.4888125514553681,0.011924964558050482,0.012521828074774595,-0.038090995646321256,-0.5523439332378479,-0.17520088963280717,-0.17520088963280955,0.41217633683788546,-4406.358248238102,7658.872041350615,4476.560667621521,14121.763368378855,0.15178571428571427,0.33430285382046765,0.6656971461795324,633.3031557241816,1.0,0.5593087877574551,405,False,False,False,False,False,False,0,6,False,True,underpowered,False,,,
us_stocks,1h,short,VAR,112,4.605126450752374,-0.9789248878326587,0.44478296174671755,-4.921372404788022,5,1.0,1.0,-0.4426324512272376,-0.21717494662725856,-8850.6680792994,0.0,-0.6196160994500002,0.3558979591094279,-0.6740379506052009,-0.4128859572108512,0.9205687245130825,1443.0,-0.00047696889868022234,0.4888125514553681,0.011924964558050482,0.012521828074774595,-0.038090995646321256,-0.5523439332378479,-0.17520088963280717,-0.17520088963280955,0.41217633683788546,-4406.358248238102,7658.872041350615,4476.560667621521,14121.763368378855,0.15178571428571427,0.33430285382046765,0.6656971461795324,633.3031557241816,1.0,0.5593087877574551,405,False,False,False,False,False,False,0,6,False,True,underpowered,False,,,
us_stocks,1h,long,STDDEV,112,4.605126450752374,-1.0043895335626525,0.4619708485258828,-4.86152596013765,5,1.0,1.0,-0.8528386048198808,-0.32197179152507693,-9271.856248823824,0.0,-0.5997921073142691,0.3558979591094279,-0.6959609439139907,-0.4128859572108512,0.9281638425306169,1606.5,-0.0004269537133528708,0.4886188595754215,0.011626609437385964,0.011891539278843715,-0.03590399050461582,-0.5585842698499867,-0.17393135656964442,-0.17393135656965886,0.41217633683788546,-4672.29166540302,7658.872041350615,4414.157301500132,14121.763368378855,0.11607142857142858,0.3984897251794999,0.6015102748205001,704.7873483518842,1.0,0.5809223317673573,405,False,False,False,False,False,False,0,6,False,True,underpowered,False,,,
us_stocks,1h,short,STDDEV,112,4.605126450752374,-1.0043895335626525,0.4619708485258828,-4.86152596013765,5,1.0,1.0,-0.4826616385829152,-0.32197179152507693,-9271.856248823824,0.0,-0.5997921073142691,0.3558979591094279,-0.6959609439139907,-0.4128859572108512,0.9281638425306169,1606.5,-0.0004269537133528708,0.4886188595754215,0.011626609437385964,0.011891539278843715,-0.03590399050461582,-0.5585842698499867,-0.17393135656964442,-0.17393135656965886,0.41217633683788546,-4672.29166540302,7658.872041350615,4414.157301500132,14121.763368378855,0.11607142857142858,0.3984897251794999,0.6015102748205001,704.7873483518842,1.0,0.5809223317673573,405,False,False,False,False,False,False,0,6,False,True,underpowered,False,,,
us_stocks,1h,long,DIV,112,4.605126450752374,-1.022747390479282,0.551966074780339,-4.1432486404754245,5,1.0,1.0,-0.7896709986269359,-0.2203637492850992,-9463.40948336759,0.0,-0.6125684670521517,0.3558979591094279,-0.7276603821686425,-0.4128859572108512,0.9440276841341962,3128.0,-0.00021539509234673855,0.4926447073872722,0.007618078195988978,0.0077890862600601555,-0.02765344806247852,-0.5444240493659315,-0.18692431252517083,-0.1869243125251896,0.41217633683788546,-4417.876706002185,7658.872041350615,4555.759506340685,14121.763368378855,0.13392857142857142,0.3470056976009328,0.6529943023990672,1362.698566184415,1.0,0.6940901579418707,405,False,False,False,False,False,False,0,6,False,True,underpowered,False,,,
us_stocks,1h,short,DIV,112,4.605126450752374,-1.022747390479282,0.551966074780339,-4.1432486404754245,5,1.0,1.0,-0.464746703143099,-0.2203637492850992,-9463.40948336759,0.0,-0.6125684670521517,0.3558979591094279,-0.7276603821686425,-0.4128859572108512,0.9440276841341962,3128.0,-0.00021539509234673855,0.4926447073872722,0.007618078195988978,0.0077890862600601555,-0.02765344806247852,-0.5444240493659315,-0.18692431252517083,-0.1869243125251896,0.41217633683788546,-4417.876706002185,7658.872041350615,4555.759506340685,14121.763368378855,0.13392857142857142,0.3470056976009328,0.6529943023990672,1362.698566184415,1.0,0.6940901579418707,405,False,False,False,False,False,False,0,6,False,True,underpowered,False,,,
us_stocks,1h,short,SUB,112,4.605126450752374,-1.0292019849336114,0.5389111139623434,-4.270399220325002,5,1.0,1.0,-0.46651573777089084,-0.2257533371101251,-9601.442858264727,0.0,-0.6506749605106392,0.3558979591094279,-0.7131283718132085,-0.4128859572108512,0.9405017435778845,3129.0,-0.00023138694912758803,0.4924081226949395,0.007607717451019055,0.0077819405530720615,-0.029733836637475194,-0.5502383662893475,-0.19163713939785387,-0.1916371393978446,0.41217633683788546,-4446.309780161037,7658.872041350615,4497.616337106525,14121.763368378855,0.13392857142857142,0.3471722937281001,0.6528277062718999,1367.6492406972275,1.0,0.6776737145586544,405,False,False,False,False,False,False,0,6,False,True,underpowered,False,,,
us_stocks,1h,long,SUB,112,4.605126450752374,-1.0292166777171166,0.5389272439987173,-4.270332369683362,5,1.0,1.0,-0.8067601728072578,-0.2257533371101251,-9601.442858264727,0.0,-0.6506749605106392,0.3558979591094279,-0.7134450140462079,-0.4128859572108512,0.9405017435778845,3129.0,-0.00023138694912758803,0.4924081226949395,0.007607717451019055,0.0077819405530720615,-0.029733836637475194,-0.5502383662893475,-0.19163713939785387,-0.1916371393978446,0.41217633683788546,-4446.388988006595,7658.872041350615,4497.616337106525,14121.763368378855,0.13392857142857142,0.3471722937281001,0.6528277062718999,1367.6492406972275,1.0,0.6776939978695424,405,False,False,False,False,False,False,0,6,False,True,underpowered,False,,,
us_stocks,1h,long,TRANGE,112,4.605126450752374,-1.0531802496711744,0.570022684350442,-4.131384058002043,5,1.0,1.0,-0.8071473104417952,-0.19632644297286117,-9828.789413075468,0.0,-0.6285641576738663,0.3558979591094279,-0.7185490247113872,-0.4128859572108512,0.943990603159309,3054.0,-0.0002251458173827749,0.49238499361646765,0.007785372327280464,0.00794418822546415,-0.028340946990794702,-0.5388712649348948,-0.19244497994986398,-0.19244497994985743,0.41217633683788546,-4838.380067809633,7658.872041350615,4611.287350651052,14121.763368378855,0.125,0.3214299998861301,0.6785700001138699,1334.6341553542645,1.0,0.7167961095592686,405,False,False,False,False,False,False,0,6,False,True,underpowered,False,,,
us_stocks,1h,short,TRANGE,112,4.605126450752374,-1.0531802496711744,0.570022684350442,-4.131384058002043,5,1.0,1.0,-0.4125982451990255,-0.19632644297286117,-9828.789413075468,0.0,-0.6285641576738663,0.3558979591094279,-0.7185490247113872,-0.4128859572108512,0.943990603159309,3054.0,-0.0002251458173827749,0.49238499361646765,0.007785372327280464,0.00794418822546415,-0.028340946990794702,-0.5388712649348948,-0.19244497994986398,-0.19244497994985743,0.41217633683788546,-4838.380067809633,7658.872041350615,4611.287350651052,14121.763368378855,0.125,0.3214299998861301,0.6785700001138699,1334.6341553542645,1.0,0.7167961095592686,405,False,False,False,False,False,False,0,6,False,True,underpowered,False,,,
us_stocks,1h,long,CDLUPSIDEGAP2CROWS,112,4.605126450752374,-1.0660413333333332,2.0079320055836885,-1.0618301121441054,4,0.0,0.8,-0.25548253778903873,-441.76146379370255,-2482.3428826910986,0.0,-0.05111135151428289,0.3558979591094279,0.0,-0.4128859572108512,0.0,0.0,-0.0015055031048539622,0.0,0.0,0.0015055031048539622,-1.0,0.1973355842967668,0.03988975990337562,-0.3557330782480357,0.41217633683788546,1702.270849815109,7658.872041350615,11973.355842967669,14121.763368378855,0.017857142857142856,0.0,0.0,0.0,1.0,2.8229781017122004,405,False,False,False,False,False,False,0,6,False,False,unrankable,False,,,
us_stocks,1h,long,ACOS,112,4.605126450752374,,,,0,0.0,0.0,,,-2482.3428826910986,0.0,,0.3558979591094279,0.0,-0.4128859572108512,,0.0,,,,,,0.19733775104226858,0.03988993831175636,,0.41217633683788546,1696.6777423051312,7658.872041350615,11973.377510422686,14121.763368378855,0.0,0.0,0.0,0.0,1.0,,405,False,False,False,False,False,False,0,6,False,False,unrankable,False,,,
us_stocks,1h,long,ASIN,112,4.605126450752374,,,,0,0.0,0.0,,,-2482.3428826910986,0.0,,0.3558979591094279,0.0,-0.4128859572108512,,0.0,,,,,,0.19733775104226858,0.03988993831175636,,0.41217633683788546,1696.6777423051312,7658.872041350615,11973.377510422686,14121.763368378855,0.0,0.0,0.0,0.0,1.0,,405,False,False,False,False,False,False,0,6,False,False,unrankable,False,,,
us_stocks,1h,long,connors_rsi,112,4.605126450752374,,,,0,0.0,0.0,,,-2482.3428826910986,0.0,,0.3558979591094279,0.0,-0.4128859572108512,,0.0,,,,,,0.19733775104226858,0.03988993831175636,,0.41217633683788546,1696.6777423051312,7658.872041350615,11973.377510422686,14121.763368378855,0.0,0.0,0.0,0.0,1.0,,405,False,False,False,False,False,False,0,6,False,False,unrankable,False,,,
us_stocks,1h,long,mc_current_run_reversion,112,4.605126450752374,,,,0,0.0,0.0,,,-2482.3428826910986,0.0,,0.3558979591094279,0.0,-0.4128859572108512,,0.0,,,,,,0.19733775104226858,0.03988993831175636,,0.41217633683788546,1696.6777423051312,7658.872041350615,11973.377510422686,14121.763368378855,0.0,0.0,0.0,0.0,1.0,,405,False,False,False,False,False,False,0,6,False,False,unrankable,False,,,
