ir_net,ir_hit_rate,ir_gross,headroom,t_stat,loo_retention,loo_dropped,n_assets,n_ir,years,gate_ir,gate_breadth,gate_headroom,gate_t,gates_passed,gate_loo,net_return_pct,bench_return_pct,excess_return_pct,class,timeframe,rule,scenario,wf_mode,n_folds,n_switches,is_baseline,generic_fallback,rankable,op,exposure,long_frac,short_frac
-0.08491624081575141,0.4,-0.04271075666514264,0.0,-0.20670283144506368,,SOL/USD,10,10,5.925313475391181,False,False,False,False,0,False,776.178493820157,683.3769123629057,92.80158145725125,crypto,1d,TRIMA_50~ADD|gate,binance,fixed_combo,6.0,0.0,False,False,True,gate,1.0,0.4752094773757592,0.5247905226242409
-0.08491624081575141,0.4,-0.04271075666514264,0.0,-0.20670283144506368,,SOL/USD,10,10,5.925313475391181,False,False,False,False,0,False,776.178493820157,683.3769123629057,92.80158145725125,crypto,1d,TRIMA_50~ATAN|gate,binance,fixed_combo,6.0,0.0,False,False,True,gate,1.0,0.4752094773757592,0.5247905226242409
-0.08491624081575141,0.4,-0.04271075666514264,0.0,-0.20670283144506368,,SOL/USD,10,10,5.925313475391181,False,False,False,False,0,False,776.178493820157,683.3769123629057,92.80158145725125,crypto,1d,TRIMA_50~LINEARREG_ANGLE|gate,binance,fixed_combo,6.0,0.0,False,False,True,gate,1.0,0.4752094773757592,0.5247905226242409
-0.08491624081575141,0.4,-0.04271075666514264,0.0,-0.20670283144506368,,SOL/USD,10,10,5.925313475391181,False,False,False,False,0,False,776.178493820157,683.3769123629057,92.80158145725125,crypto,1d,TRIMA_50~LINEARREG_SLOPE|gate,binance,fixed_combo,6.0,0.0,False,False,True,gate,1.0,0.4752094773757592,0.5247905226242409
-0.08491624081575141,0.4,-0.04271075666514264,0.0,-0.20670283144506368,,SOL/USD,10,10,5.925313475391181,False,False,False,False,0,False,776.178493820157,683.3769123629057,92.80158145725125,crypto,1d,TRIMA_50~MULT|gate,binance,fixed_combo,6.0,0.0,False,False,True,gate,1.0,0.4752094773757592,0.5247905226242409
-0.08577934339922447,0.4,-0.043516605724500765,0.0,-0.20880379288798162,,SOL/USD,10,10,5.925313475391181,False,False,False,False,0,False,775.9981094151401,683.3769123629057,92.62119705223438,crypto,1d,TRIMA_50~IMI|gate,binance,fixed_combo,6.0,0.0,False,False,True,gate,0.999898255068001,0.4752094773757592,0.5246887776922419
-0.11580131838135162,0.3,-0.07079625978383015,0.0,-0.2818831847070722,,SOL/USD,10,10,5.925313475391181,False,False,False,False,0,False,455.7352452644682,683.3769123629057,-227.64166709843755,crypto,1d,TRIMA_50~MAXINDEX|gate,binance,fixed_combo,6.0,0.0,False,False,True,gate,0.8564834060388332,0.4331330724488923,0.42335033358994095
-0.12130723681079267,0.3,-0.0701414983552451,0.0,-0.29528567306663595,,SOL/USD,10,10,5.925313475391181,False,False,False,False,0,False,1266.8880727478668,683.3769123629057,583.511160384961,crypto,1d,MAXINDEX~TRIMA_50|vote,binance,fixed_combo,6.0,0.0,False,False,True,vote,0.5766496664100591,0.4752094773757592,0.1014401890342999
-0.1439263989860094,0.2,-0.10640329959644663,0.0,-0.350345162530813,,SOL/USD,10,10,5.925313475391181,False,False,False,False,0,False,914.3293295179708,683.3769123629057,230.95241715506506,crypto,1d,MAXINDEX~TRIMA_50|and,binance,fixed_combo,6.0,0.0,False,False,True,and,0.4331330724488923,0.4331330724488923,0.0
-0.1487348688012518,0.4,-0.06836944401439504,0.0,-0.3620499237894433,,AVAX/USD,10,10,5.925313475391181,False,False,False,False,0,False,707.4194725091502,683.3769123629057,24.042560146244455,crypto,1d,IMI~MAXINDEX|gate,binance,fixed_combo,6.0,0.0,False,False,True,gate,0.8563816611068343,0.44266226156872807,0.4137193995381062
-0.1551525106639225,0.3,-0.10462564801301008,0.0,-0.37767172630296597,,SOL/USD,10,10,5.925313475391181,False,False,False,False,0,False,355.61941469488676,683.3769123629057,-327.75749766801897,crypto,1d,MAXINDEX~TRIMA_50|or,binance,fixed_combo,6.0,0.0,False,False,True,or,1.0,0.8985598109657001,0.1014401890342999
-0.1635450925487902,0.2,-0.11180378682940151,0.0,-0.39810092126109836,,AVAX/USD,10,10,5.925313475391181,False,False,False,False,0,False,295.637314355699,683.3769123629057,-387.7395980072067,crypto,1d,ADD~TRIMA_50|and,binance,fixed_combo,6.0,0.0,False,False,True,and,0.8147928962449746,0.3863267898383372,0.4284661064066376
-0.1635450925487902,0.2,-0.11180378682940151,0.0,-0.39810092126109836,,AVAX/USD,10,10,5.925313475391181,False,False,False,False,0,False,295.637314355699,683.3769123629057,-387.7395980072067,crypto,1d,ADD~TRIMA_50|vote,binance,fixed_combo,6.0,0.0,False,False,True,vote,0.8147928962449746,0.3863267898383372,0.4284661064066376
-0.1671771782156633,0.2,-0.11556300123382257,0.0,-0.4069421321317336,,AVAX/USD,10,10,5.925313475391181,False,False,False,False,0,False,291.9891785677497,683.3769123629057,-391.387733795156,crypto,1d,MULT~TRIMA_50|and,binance,fixed_combo,6.0,0.0,False,False,True,and,0.8146457103755026,0.383747733299119,0.43089797707638355
-0.1671771782156633,0.2,-0.11556300123382257,0.0,-0.4069421321317336,,AVAX/USD,10,10,5.925313475391181,False,False,False,False,0,False,291.9891785677497,683.3769123629057,-391.387733795156,crypto,1d,MULT~TRIMA_50|vote,binance,fixed_combo,6.0,0.0,False,False,True,vote,0.8146457103755026,0.383747733299119,0.43089797707638355
-0.17176964886739252,0.4,-0.10258437879923385,0.0,-0.4181211089437253,,AVAX/USD,10,10,5.925313475391181,False,False,False,False,0,False,1264.6396001756405,683.3769123629057,581.2626878127347,crypto,1d,MAXINDEX~IMI|and,binance,fixed_combo,6.0,0.0,False,False,True,and,0.44266226156872807,0.44266226156872807,0.0
-0.17200762256727384,0.3,-0.10854493671719267,0.0,-0.41870038373382884,,AVAX/USD,10,10,5.925313475391181,False,False,False,False,0,False,411.1642312871674,683.3769123629057,-272.2126810757383,crypto,1d,IMI~TRIMA_50|vote,binance,fixed_combo,6.0,0.0,False,False,True,vote,0.7944231246257806,0.37987644341801385,0.4145466812077666
-0.17288586184131657,0.3,-0.10938892748496576,0.0,-0.4208381908586729,,AVAX/USD,10,10,5.925313475391181,False,False,False,False,0,False,410.88134239312967,683.3769123629057,-272.49556996977606,crypto,1d,IMI~TRIMA_50|and,binance,fixed_combo,6.0,0.0,False,False,True,and,0.7943213796937816,0.37987644341801385,0.41444493627576773
-0.17805415692938603,0.2,-0.13189901245695526,0.0,-0.4334188376016857,,AVAX/USD,10,10,5.925313475391181,False,False,False,False,0,False,813.4351763584893,683.3769123629057,130.05826399558362,crypto,1d,LINEARREG_ANGLE~TRIMA_50|and,binance,fixed_combo,6.0,0.0,False,False,True,and,0.759663373535198,0.3646706227012232,0.39499275083397484
-0.17805415692938603,0.2,-0.13189901245695526,0.0,-0.4334188376016857,,AVAX/USD,10,10,5.925313475391181,False,False,False,False,0,False,813.4351763584893,683.3769123629057,130.05826399558362,crypto,1d,LINEARREG_ANGLE~TRIMA_50|vote,binance,fixed_combo,6.0,0.0,False,False,True,vote,0.759663373535198,0.3646706227012232,0.39499275083397484
-0.17805415692938603,0.2,-0.13189901245695526,0.0,-0.4334188376016857,,AVAX/USD,10,10,5.925313475391181,False,False,False,False,0,False,813.4351763584893,683.3769123629057,130.05826399558362,crypto,1d,LINEARREG_SLOPE~TRIMA_50|and,binance,fixed_combo,6.0,0.0,False,False,True,and,0.759663373535198,0.3646706227012232,0.39499275083397484
-0.17805415692938603,0.2,-0.13189901245695526,0.0,-0.4334188376016857,,AVAX/USD,10,10,5.925313475391181,False,False,False,False,0,False,813.4351763584893,683.3769123629057,130.05826399558362,crypto,1d,LINEARREG_SLOPE~TRIMA_50|vote,binance,fixed_combo,6.0,0.0,False,False,True,vote,0.759663373535198,0.3646706227012232,0.39499275083397484
-0.18492457495297426,0.3,-0.1349315524459028,0.0,-0.45014278634275456,,AVAX/USD,10,10,5.925313475391181,False,False,False,False,0,False,288.6764615955011,683.3769123629057,-394.7004507674046,crypto,1d,MAXINDEX~MULT|or,binance,fixed_combo,6.0,0.0,False,False,True,or,1.0,0.9021467368060903,0.09785326319390984
-0.1931760308585777,0.4,-0.15224304096702895,0.0,-0.47022845291074455,,XRP/USD,10,10,5.925313475391181,False,False,False,False,0,False,473.80663835094253,683.3769123629057,-209.5702740119632,crypto,1d,MAXINDEX~IMI|gate,binance,fixed_combo,6.0,0.0,False,False,True,gate,0.8563816611068343,0.8563816611068343,0.0
-0.19501004630236196,0.2,-0.13184504854068677,0.0,-0.4746928072144958,,AVAX/USD,10,10,5.925313475391181,False,False,False,False,0,False,211.7235864353767,683.3769123629057,-471.65332592752907,crypto,1d,ADD~MAXINDEX|gate,binance,fixed_combo,6.0,0.0,False,False,True,gate,0.8564834060388332,0.43617412967239755,0.4203092763664357
-0.19624070082200282,0.2,-0.13601829340564234,0.0,-0.47768846236004536,,AVAX/USD,10,10,5.925313475391181,False,False,False,False,0,False,342.598257560841,683.3769123629057,-340.77865480206475,crypto,1d,ATAN~TRIMA_50|and,binance,fixed_combo,6.0,0.0,False,False,True,and,0.8092447181592679,0.3859131169275511,0.4233316012317167
-0.19624070082200282,0.2,-0.13601829340564234,0.0,-0.47768846236004536,,AVAX/USD,10,10,5.925313475391181,False,False,False,False,0,False,342.598257560841,683.3769123629057,-340.77865480206475,crypto,1d,ATAN~TRIMA_50|vote,binance,fixed_combo,6.0,0.0,False,False,True,vote,0.8092447181592679,0.3859131169275511,0.4233316012317167
-0.19626611720184411,0.4,-0.15556422156846544,0.0,-0.47775033082746465,,XRP/USD,10,10,5.925313475391181,False,False,False,False,0,False,473.23370359411473,683.3769123629057,-210.143208768791,crypto,1d,MAXINDEX~ADD|gate,binance,fixed_combo,6.0,0.0,False,False,True,gate,0.8564834060388332,0.8564834060388332,0.0
-0.19626611720184411,0.4,-0.15556422156846544,0.0,-0.47775033082746465,,XRP/USD,10,10,5.925313475391181,False,False,False,False,0,False,473.23370359411473,683.3769123629057,-210.143208768791,crypto,1d,MAXINDEX~ATAN|gate,binance,fixed_combo,6.0,0.0,False,False,True,gate,0.8564834060388332,0.8564834060388332,0.0
-0.19626611720184411,0.4,-0.15556422156846544,0.0,-0.47775033082746465,,XRP/USD,10,10,5.925313475391181,False,False,False,False,0,False,473.23370359411473,683.3769123629057,-210.143208768791,crypto,1d,MAXINDEX~LINEARREG_ANGLE|gate,binance,fixed_combo,6.0,0.0,False,False,True,gate,0.8564834060388332,0.8564834060388332,0.0
-0.19626611720184411,0.4,-0.15556422156846544,0.0,-0.47775033082746465,,XRP/USD,10,10,5.925313475391181,False,False,False,False,0,False,473.23370359411473,683.3769123629057,-210.143208768791,crypto,1d,MAXINDEX~LINEARREG_SLOPE|gate,binance,fixed_combo,6.0,0.0,False,False,True,gate,0.8564834060388332,0.8564834060388332,0.0
-0.19626611720184411,0.4,-0.15556422156846544,0.0,-0.47775033082746465,,XRP/USD,10,10,5.925313475391181,False,False,False,False,0,False,473.23370359411473,683.3769123629057,-210.143208768791,crypto,1d,MAXINDEX~MULT|gate,binance,fixed_combo,6.0,0.0,False,False,True,gate,0.8564834060388332,0.8564834060388332,0.0
-0.19626611720184411,0.4,-0.15556422156846544,0.0,-0.47775033082746465,,XRP/USD,10,10,5.925313475391181,False,False,False,False,0,False,473.23370359411473,683.3769123629057,-210.143208768791,crypto,1d,MAXINDEX~TRIMA_50|gate,binance,fixed_combo,6.0,0.0,False,False,True,gate,0.8564834060388332,0.8564834060388332,0.0
-0.1979449822681461,0.2,-0.13875060421810073,0.0,-0.4818370185974967,,AVAX/USD,10,10,5.925313475391181,False,False,False,False,0,False,17.84493028427077,683.3769123629057,-665.531982078635,crypto,1d,ADD~ATAN|gate,binance,fixed_combo,6.0,0.0,False,False,True,gate,1.0,0.4826512060559405,0.5173487939440595
-0.1979449822681461,0.2,-0.13875060421810073,0.0,-0.4818370185974967,,AVAX/USD,10,10,5.925313475391181,False,False,False,False,0,False,17.84493028427077,683.3769123629057,-665.531982078635,crypto,1d,ADD~ATAN|or,binance,fixed_combo,6.0,0.0,False,False,True,or,1.0,0.4826512060559405,0.5173487939440595
-0.1979449822681461,0.2,-0.13875060421810073,0.0,-0.4818370185974967,,AVAX/USD,10,10,5.925313475391181,False,False,False,False,0,False,17.84493028427077,683.3769123629057,-665.531982078635,crypto,1d,ADD~IMI|or,binance,fixed_combo,6.0,0.0,False,False,True,or,1.0,0.4826512060559405,0.5173487939440595
-0.1979449822681461,0.2,-0.13875060421810073,0.0,-0.4818370185974967,,AVAX/USD,10,10,5.925313475391181,False,False,False,False,0,False,17.84493028427077,683.3769123629057,-665.531982078635,crypto,1d,ADD~LINEARREG_ANGLE|gate,binance,fixed_combo,6.0,0.0,False,False,True,gate,1.0,0.4826512060559405,0.5173487939440595
-0.1979449822681461,0.2,-0.13875060421810073,0.0,-0.4818370185974967,,AVAX/USD,10,10,5.925313475391181,False,False,False,False,0,False,17.84493028427077,683.3769123629057,-665.531982078635,crypto,1d,ADD~LINEARREG_ANGLE|or,binance,fixed_combo,6.0,0.0,False,False,True,or,1.0,0.4826512060559405,0.5173487939440595
-0.1979449822681461,0.2,-0.13875060421810073,0.0,-0.4818370185974967,,AVAX/USD,10,10,5.925313475391181,False,False,False,False,0,False,17.84493028427077,683.3769123629057,-665.531982078635,crypto,1d,ADD~LINEARREG_SLOPE|gate,binance,fixed_combo,6.0,0.0,False,False,True,gate,1.0,0.4826512060559405,0.5173487939440595
-0.1979449822681461,0.2,-0.13875060421810073,0.0,-0.4818370185974967,,AVAX/USD,10,10,5.925313475391181,False,False,False,False,0,False,17.84493028427077,683.3769123629057,-665.531982078635,crypto,1d,ADD~LINEARREG_SLOPE|or,binance,fixed_combo,6.0,0.0,False,False,True,or,1.0,0.4826512060559405,0.5173487939440595
-0.1979449822681461,0.2,-0.13875060421810073,0.0,-0.4818370185974967,,AVAX/USD,10,10,5.925313475391181,False,False,False,False,0,False,17.84493028427077,683.3769123629057,-665.531982078635,crypto,1d,ADD~MAXINDEX|or,binance,fixed_combo,6.0,0.0,False,False,True,or,1.0,0.4826512060559405,0.5173487939440595
-0.1979449822681461,0.2,-0.13875060421810073,0.0,-0.4818370185974967,,AVAX/USD,10,10,5.925313475391181,False,False,False,False,0,False,17.84493028427077,683.3769123629057,-665.531982078635,crypto,1d,ADD~MULT|gate,binance,fixed_combo,6.0,0.0,False,False,True,gate,1.0,0.4826512060559405,0.5173487939440595
-0.1979449822681461,0.2,-0.13875060421810073,0.0,-0.4818370185974967,,AVAX/USD,10,10,5.925313475391181,False,False,False,False,0,False,17.84493028427077,683.3769123629057,-665.531982078635,crypto,1d,ADD~MULT|or,binance,fixed_combo,6.0,0.0,False,False,True,or,1.0,0.4826512060559405,0.5173487939440595
-0.1979449822681461,0.2,-0.13875060421810073,0.0,-0.4818370185974967,,AVAX/USD,10,10,5.925313475391181,False,False,False,False,0,False,17.84493028427077,683.3769123629057,-665.531982078635,crypto,1d,ADD~TRIMA_50|gate,binance,fixed_combo,6.0,0.0,False,False,True,gate,1.0,0.4826512060559405,0.5173487939440595
-0.1979449822681461,0.2,-0.13875060421810073,0.0,-0.4818370185974967,,AVAX/USD,10,10,5.925313475391181,False,False,False,False,0,False,17.84493028427077,683.3769123629057,-665.531982078635,crypto,1d,ADD~TRIMA_50|or,binance,fixed_combo,6.0,0.0,False,False,True,or,1.0,0.4826512060559405,0.5173487939440595
-0.19875865547341495,0.2,-0.13953234525446204,0.0,-0.48381765921211106,,AVAX/USD,10,10,5.925313475391181,False,False,False,False,0,False,17.12042022033483,683.3769123629057,-666.2564921425709,crypto,1d,ADD~IMI|gate,binance,fixed_combo,6.0,0.0,False,False,True,gate,0.999898255068001,0.4826512060559405,0.5172470490120606
-0.20140701532180763,0.2,-0.14222258337327198,0.0,-0.49026428796168053,,AVAX/USD,10,10,5.925313475391181,False,False,False,False,0,False,18.158942246246728,683.3769123629057,-665.217970116659,crypto,1d,ADD~MULT|and,binance,fixed_combo,6.0,0.0,False,False,True,and,0.9949890727910358,0.47764027884697635,0.5173487939440595
-0.20140701532180763,0.2,-0.14222258337327198,0.0,-0.49026428796168053,,AVAX/USD,10,10,5.925313475391181,False,False,False,False,0,False,18.158942246246728,683.3769123629057,-665.217970116659,crypto,1d,ADD~MULT|vote,binance,fixed_combo,6.0,0.0,False,False,True,vote,0.9949890727910358,0.47764027884697635,0.5173487939440595
-0.20425788427690206,0.2,-0.14522422726455314,0.0,-0.4972038637063894,,AVAX/USD,10,10,5.925313475391181,False,False,False,False,0,False,17.688002250011106,683.3769123629057,-665.6889101128946,crypto,1d,MULT~ADD|gate,binance,fixed_combo,6.0,0.0,False,False,True,gate,1.0,0.47764027884697635,0.5223597211530236
-0.20425788427690206,0.2,-0.14522422726455314,0.0,-0.4972038637063894,,AVAX/USD,10,10,5.925313475391181,False,False,False,False,0,False,17.688002250011106,683.3769123629057,-665.6889101128946,crypto,1d,MULT~ATAN|gate,binance,fixed_combo,6.0,0.0,False,False,True,gate,1.0,0.47764027884697635,0.5223597211530236
-0.20425788427690206,0.2,-0.14522422726455314,0.0,-0.4972038637063894,,AVAX/USD,10,10,5.925313475391181,False,False,False,False,0,False,17.688002250011106,683.3769123629057,-665.6889101128946,crypto,1d,MULT~ATAN|or,binance,fixed_combo,6.0,0.0,False,False,True,or,1.0,0.47764027884697635,0.5223597211530236
-0.20425788427690206,0.2,-0.14522422726455314,0.0,-0.4972038637063894,,AVAX/USD,10,10,5.925313475391181,False,False,False,False,0,False,17.688002250011106,683.3769123629057,-665.6889101128946,crypto,1d,MULT~IMI|or,binance,fixed_combo,6.0,0.0,False,False,True,or,1.0,0.47764027884697635,0.5223597211530236
-0.20425788427690206,0.2,-0.14522422726455314,0.0,-0.4972038637063894,,AVAX/USD,10,10,5.925313475391181,False,False,False,False,0,False,17.688002250011106,683.3769123629057,-665.6889101128946,crypto,1d,MULT~LINEARREG_ANGLE|gate,binance,fixed_combo,6.0,0.0,False,False,True,gate,1.0,0.47764027884697635,0.5223597211530236
-0.20425788427690206,0.2,-0.14522422726455314,0.0,-0.4972038637063894,,AVAX/USD,10,10,5.925313475391181,False,False,False,False,0,False,17.688002250011106,683.3769123629057,-665.6889101128946,crypto,1d,MULT~LINEARREG_ANGLE|or,binance,fixed_combo,6.0,0.0,False,False,True,or,1.0,0.47764027884697635,0.5223597211530236
-0.20425788427690206,0.2,-0.14522422726455314,0.0,-0.4972038637063894,,AVAX/USD,10,10,5.925313475391181,False,False,False,False,0,False,17.688002250011106,683.3769123629057,-665.6889101128946,crypto,1d,MULT~LINEARREG_SLOPE|gate,binance,fixed_combo,6.0,0.0,False,False,True,gate,1.0,0.47764027884697635,0.5223597211530236
-0.20425788427690206,0.2,-0.14522422726455314,0.0,-0.4972038637063894,,AVAX/USD,10,10,5.925313475391181,False,False,False,False,0,False,17.688002250011106,683.3769123629057,-665.6889101128946,crypto,1d,MULT~LINEARREG_SLOPE|or,binance,fixed_combo,6.0,0.0,False,False,True,or,1.0,0.47764027884697635,0.5223597211530236
-0.20425788427690206,0.2,-0.14522422726455314,0.0,-0.4972038637063894,,AVAX/USD,10,10,5.925313475391181,False,False,False,False,0,False,17.688002250011106,683.3769123629057,-665.6889101128946,crypto,1d,MULT~TRIMA_50|gate,binance,fixed_combo,6.0,0.0,False,False,True,gate,1.0,0.47764027884697635,0.5223597211530236
-0.20425788427690206,0.2,-0.14522422726455314,0.0,-0.4972038637063894,,AVAX/USD,10,10,5.925313475391181,False,False,False,False,0,False,17.688002250011106,683.3769123629057,-665.6889101128946,crypto,1d,MULT~TRIMA_50|or,binance,fixed_combo,6.0,0.0,False,False,True,or,1.0,0.47764027884697635,0.5223597211530236
-0.20504551231489448,0.2,-0.13753821581324344,0.0,-0.49912110526129766,,AVAX/USD,10,10,5.925313475391181,False,False,False,False,0,False,27.714780724395656,683.3769123629057,-655.6621316385101,crypto,1d,ADD~IMI|vote,binance,fixed_combo,6.0,0.0,False,False,True,vote,0.8845798477461295,0.428675669318279,0.45590417842785047
-0.2050698871064233,0.2,-0.14600432237312072,0.0,-0.4991804382979051,,AVAX/USD,10,10,5.925313475391181,False,False,False,False,0,False,16.850558793917013,683.3769123629057,-666.5263535689887,crypto,1d,MULT~IMI|gate,binance,fixed_combo,6.0,0.0,False,False,True,gate,0.999898255068001,0.47764027884697635,0.5222579762210248
-0.20550851169358447,0.1,-0.14255179668293524,0.0,-0.5002481368116012,,AVAX/USD,10,10,5.925313475391181,False,False,False,False,0,False,205.33955562265024,683.3769123629057,-478.0373567402555,crypto,1d,MULT~MAXINDEX|gate,binance,fixed_combo,6.0,0.0,False,False,True,gate,0.8564834060388332,0.4319769480797195,0.4245064579591139
-0.2058899312713248,0.2,-0.13834937200969383,0.0,-0.5011765870813036,,AVAX/USD,10,10,5.925313475391181,False,False,False,False,0,False,27.216741722601604,683.3769123629057,-656.1601706403042,crypto,1d,ADD~IMI|and,binance,fixed_combo,6.0,0.0,False,False,True,and,0.8844781028141305,0.428675669318279,0.4558024334958515
-0.2067982313702407,0.1,-0.154649754595848,0.0,-0.5033875681662426,,AVAX/USD,10,10,5.925313475391181,False,False,False,False,0,False,2149.5963073062935,683.3769123629057,1466.2193949433877,crypto,1d,LINEARREG_ANGLE~MAXINDEX|gate,binance,fixed_combo,6.0,0.0,False,False,True,gate,0.8564834060388332,0.4428697074672825,0.4136136985715508
-0.2067982313702407,0.1,-0.154649754595848,0.0,-0.5033875681662426,,AVAX/USD,10,10,5.925313475391181,False,False,False,False,0,False,2149.5963073062935,683.3769123629057,1466.2193949433877,crypto,1d,LINEARREG_SLOPE~MAXINDEX|gate,binance,fixed_combo,6.0,0.0,False,False,True,gate,0.8564834060388332,0.4428697074672825,0.4136136985715508
-0.20714704379125984,0.1,-0.12602594297150752,0.0,-0.5042366462033204,,AVAX/USD,10,10,5.925313475391181,False,False,False,False,0,False,26.22386671974299,683.3769123629057,-657.1530456431627,crypto,1d,IMI~TRIMA_50|or,binance,fixed_combo,6.0,0.0,False,False,True,or,1.0,0.4901202848344881,0.5098797151655119
-0.2079858014707375,0.1,-0.12683210529744116,0.0,-0.5062783473617656,,AVAX/USD,10,10,5.925313475391181,False,False,False,False,0,False,26.00673852154599,683.3769123629057,-657.3701738413597,crypto,1d,IMI~ADD|gate,binance,fixed_combo,6.0,0.0,False,False,True,gate,0.999898255068001,0.4901202848344881,0.509777970233513
-0.2079858014707375,0.1,-0.12683210529744116,0.0,-0.5062783473617656,,AVAX/USD,10,10,5.925313475391181,False,False,False,False,0,False,26.00673852154599,683.3769123629057,-657.3701738413597,crypto,1d,IMI~ATAN|gate,binance,fixed_combo,6.0,0.0,False,False,True,gate,0.999898255068001,0.4901202848344881,0.509777970233513
-0.2079858014707375,0.1,-0.12683210529744116,0.0,-0.5062783473617656,,AVAX/USD,10,10,5.925313475391181,False,False,False,False,0,False,26.00673852154599,683.3769123629057,-657.3701738413597,crypto,1d,IMI~LINEARREG_ANGLE|gate,binance,fixed_combo,6.0,0.0,False,False,True,gate,0.999898255068001,0.4901202848344881,0.509777970233513
-0.2079858014707375,0.1,-0.12683210529744116,0.0,-0.5062783473617656,,AVAX/USD,10,10,5.925313475391181,False,False,False,False,0,False,26.00673852154599,683.3769123629057,-657.3701738413597,crypto,1d,IMI~LINEARREG_SLOPE|gate,binance,fixed_combo,6.0,0.0,False,False,True,gate,0.999898255068001,0.4901202848344881,0.509777970233513
-0.2079858014707375,0.1,-0.12683210529744116,0.0,-0.5062783473617656,,AVAX/USD,10,10,5.925313475391181,False,False,False,False,0,False,26.00673852154599,683.3769123629057,-657.3701738413597,crypto,1d,IMI~MULT|gate,binance,fixed_combo,6.0,0.0,False,False,True,gate,0.999898255068001,0.4901202848344881,0.509777970233513
-0.2079858014707375,0.1,-0.12683210529744116,0.0,-0.5062783473617656,,AVAX/USD,10,10,5.925313475391181,False,False,False,False,0,False,26.00673852154599,683.3769123629057,-657.3701738413597,crypto,1d,IMI~TRIMA_50|gate,binance,fixed_combo,6.0,0.0,False,False,True,gate,0.999898255068001,0.4901202848344881,0.509777970233513
-0.20822848819496903,0.2,-0.14075083257246362,0.0,-0.5068690945800937,,AVAX/USD,10,10,5.925313475391181,False,False,False,False,0,False,27.188256832603457,683.3769123629057,-656.1886555303023,crypto,1d,MULT~IMI|vote,binance,fixed_combo,6.0,0.0,False,False,True,vote,0.8845058805919083,0.42613322213668636,0.45837265845522196
-0.20829975973820974,0.1,-0.12717794165752982,0.0,-0.5070425835340062,,AVAX/USD,10,10,5.925313475391181,False,False,False,False,0,False,26.215692562983584,683.3769123629057,-657.1612197999222,crypto,1d,IMI~ATAN|or,binance,fixed_combo,6.0,0.0,False,False,True,or,1.0,0.49016647421093146,0.5098335257890685
-0.2090723647374054,0.2,-0.1415614568935127,0.0,-0.5089232560577567,,AVAX/USD,10,10,5.925313475391181,False,False,False,False,0,False,26.656528005975836,683.3769123629057,-656.7203843569299,crypto,1d,MULT~IMI|and,binance,fixed_combo,6.0,0.0,False,False,True,and,0.8844041356599094,0.42613322213668636,0.458270913523223
-0.21492692310687495,0.2,-0.16085704857289668,0.0,-0.5231744026017435,,AVAX/USD,10,10,5.925313475391181,False,False,False,False,0,False,723.9976681610391,683.3769123629057,40.62075579813336,crypto,1d,ADD~MAXINDEX|and,binance,fixed_combo,6.0,0.0,False,False,True,and,0.43617412967239755,0.43617412967239755,0.0
-0.2150304316238662,0.2,-0.16167082700032553,0.0,-0.5234263626901228,,AVAX/USD,10,10,5.925313475391181,False,False,False,False,0,False,48.03598742004756,683.3769123629057,-635.3409249428581,crypto,1d,ADD~LINEARREG_ANGLE|and,binance,fixed_combo,6.0,0.0,False,False,True,and,0.866075635103926,0.42159761782567784,0.4444780172782482
-0.2150304316238662,0.2,-0.16167082700032553,0.0,-0.5234263626901228,,AVAX/USD,10,10,5.925313475391181,False,False,False,False,0,False,48.03598742004756,683.3769123629057,-635.3409249428581,crypto,1d,ADD~LINEARREG_ANGLE|vote,binance,fixed_combo,6.0,0.0,False,False,True,vote,0.866075635103926,0.42159761782567784,0.4444780172782482
-0.2150304316238662,0.2,-0.16167082700032553,0.0,-0.5234263626901228,,AVAX/USD,10,10,5.925313475391181,False,False,False,False,0,False,48.03598742004756,683.3769123629057,-635.3409249428581,crypto,1d,ADD~LINEARREG_SLOPE|and,binance,fixed_combo,6.0,0.0,False,False,True,and,0.866075635103926,0.42159761782567784,0.4444780172782482
-0.2150304316238662,0.2,-0.16167082700032553,0.0,-0.5234263626901228,,AVAX/USD,10,10,5.925313475391181,False,False,False,False,0,False,48.03598742004756,683.3769123629057,-635.3409249428581,crypto,1d,ADD~LINEARREG_SLOPE|vote,binance,fixed_combo,6.0,0.0,False,False,True,vote,0.866075635103926,0.42159761782567784,0.4444780172782482
-0.21842003621011452,0.2,-0.16508754894165414,0.0,-0.5316773269194146,,AVAX/USD,10,10,5.925313475391181,False,False,False,False,0,False,51.09986407505001,683.3769123629057,-632.2770482878557,crypto,1d,MULT~LINEARREG_ANGLE|and,binance,fixed_combo,6.0,0.0,False,False,True,and,0.8654644170729622,0.4187865452057138,0.4466778718672483
-0.21842003621011452,0.2,-0.16508754894165414,0.0,-0.5316773269194146,,AVAX/USD,10,10,5.925313475391181,False,False,False,False,0,False,51.09986407505001,683.3769123629057,-632.2770482878557,crypto,1d,MULT~LINEARREG_ANGLE|vote,binance,fixed_combo,6.0,0.0,False,False,True,vote,0.8654644170729622,0.4187865452057138,0.4466778718672483
-0.21842003621011452,0.2,-0.16508754894165414,0.0,-0.5316773269194146,,AVAX/USD,10,10,5.925313475391181,False,False,False,False,0,False,51.09986407505001,683.3769123629057,-632.2770482878557,crypto,1d,MULT~LINEARREG_SLOPE|and,binance,fixed_combo,6.0,0.0,False,False,True,and,0.8654644170729622,0.4187865452057138,0.4466778718672483
-0.21842003621011452,0.2,-0.16508754894165414,0.0,-0.5316773269194146,,AVAX/USD,10,10,5.925313475391181,False,False,False,False,0,False,51.09986407505001,683.3769123629057,-632.2770482878557,crypto,1d,MULT~LINEARREG_SLOPE|vote,binance,fixed_combo,6.0,0.0,False,False,True,vote,0.8654644170729622,0.4187865452057138,0.4466778718672483
-0.21938223991449907,0.1,-0.1581134994252144,0.0,-0.5340195199818084,,AVAX/USD,10,10,5.925313475391181,False,False,False,False,0,False,34.394387553710914,683.3769123629057,-648.9825248091948,crypto,1d,LINEARREG_ANGLE~IMI|and,binance,fixed_combo,6.0,0.0,False,False,True,and,0.8584752159781027,0.4215597254298178,0.43691549054828493
-0.21938223991449907,0.1,-0.1581134994252144,0.0,-0.5340195199818084,,AVAX/USD,10,10,5.925313475391181,False,False,False,False,0,False,34.394387553710914,683.3769123629057,-648.9825248091948,crypto,1d,LINEARREG_SLOPE~IMI|and,binance,fixed_combo,6.0,0.0,False,False,True,and,0.8584752159781027,0.4215597254298178,0.43691549054828493
-0.2197284930765532,0.1,-0.15846603874526594,0.0,-0.5348623682792112,,AVAX/USD,10,10,5.925313475391181,False,False,False,False,0,False,35.06576399278624,683.3769123629057,-648.3111483701194,crypto,1d,LINEARREG_ANGLE~IMI|vote,binance,fixed_combo,6.0,0.0,False,False,True,vote,0.8585769609101017,0.42160591480626125,0.4369710461038405
-0.2197284930765532,0.1,-0.15846603874526594,0.0,-0.5348623682792112,,AVAX/USD,10,10,5.925313475391181,False,False,False,False,0,False,35.06576399278624,683.3769123629057,-648.3111483701194,crypto,1d,LINEARREG_SLOPE~IMI|vote,binance,fixed_combo,6.0,0.0,False,False,True,vote,0.8585769609101017,0.42160591480626125,0.4369710461038405
-0.2225232734044814,0.2,-0.1581862895511863,0.0,-0.5416654132739039,,AVAX/USD,10,10,5.925313475391181,False,False,False,False,0,False,232.1504452836811,683.3769123629057,-451.2264670792246,crypto,1d,ADD~MAXINDEX|vote,binance,fixed_combo,6.0,0.0,False,False,True,vote,0.5796907236335642,0.4826512060559405,0.09703951757762382
-0.2231310640539353,0.1,-0.14755518518652833,0.0,-0.5431448952547484,,AVAX/USD,10,10,5.925313475391181,False,False,False,False,0,False,209.26616901444558,683.3769123629057,-474.1107433484601,crypto,1d,ATAN~MAXINDEX|gate,binance,fixed_combo,6.0,0.0,False,False,True,gate,0.8564834060388332,0.4395255538448379,0.4169578521939954
-0.22395194172525512,0.1,-0.17591265093270136,0.0,-0.545143072956703,,AVAX/USD,10,10,5.925313475391181,False,False,False,False,0,False,38.54771183715866,683.3769123629057,-644.8292005257471,crypto,1d,LINEARREG_ANGLE~IMI|gate,binance,fixed_combo,6.0,0.0,False,False,True,gate,0.999898255068001,0.4944222051150457,0.5054760499529553
-0.22395194172525512,0.1,-0.17591265093270136,0.0,-0.545143072956703,,AVAX/USD,10,10,5.925313475391181,False,False,False,False,0,False,38.54771183715866,683.3769123629057,-644.8292005257471,crypto,1d,LINEARREG_SLOPE~IMI|gate,binance,fixed_combo,6.0,0.0,False,False,True,gate,0.999898255068001,0.4944222051150457,0.5054760499529553
-0.22421788660468941,0.2,-0.1703839481434311,0.0,-0.5457904350992012,,AVAX/USD,10,10,5.925313475391181,False,False,False,False,0,False,713.3211340299711,683.3769123629057,29.944221667065335,crypto,1d,MAXINDEX~MULT|and,binance,fixed_combo,6.0,0.0,False,False,True,and,0.4319769480797195,0.4319769480797195,0.0
-0.2242601648621884,0.1,-0.1762529092284064,0.0,-0.5458933486932281,,AVAX/USD,10,10,5.925313475391181,False,False,False,False,0,False,39.73394649809731,683.3769123629057,-643.6429658648084,crypto,1d,LINEARREG_ANGLE~ADD|gate,binance,fixed_combo,6.0,0.0,False,False,True,gate,1.0,0.49446839449148916,0.5055316055085108
-0.2242601648621884,0.1,-0.1762529092284064,0.0,-0.5458933486932281,,AVAX/USD,10,10,5.925313475391181,False,False,False,False,0,False,39.73394649809731,683.3769123629057,-643.6429658648084,crypto,1d,LINEARREG_ANGLE~ATAN|gate,binance,fixed_combo,6.0,0.0,False,False,True,gate,1.0,0.49446839449148916,0.5055316055085108
-0.2242601648621884,0.1,-0.1762529092284064,0.0,-0.5458933486932281,,AVAX/USD,10,10,5.925313475391181,False,False,False,False,0,False,39.73394649809731,683.3769123629057,-643.6429658648084,crypto,1d,LINEARREG_ANGLE~ATAN|or,binance,fixed_combo,6.0,0.0,False,False,True,or,1.0,0.49446839449148916,0.5055316055085108
-0.2242601648621884,0.1,-0.1762529092284064,0.0,-0.5458933486932281,,AVAX/USD,10,10,5.925313475391181,False,False,False,False,0,False,39.73394649809731,683.3769123629057,-643.6429658648084,crypto,1d,LINEARREG_ANGLE~IMI|or,binance,fixed_combo,6.0,0.0,False,False,True,or,1.0,0.49446839449148916,0.5055316055085108
-0.2242601648621884,0.1,-0.1762529092284064,0.0,-0.5458933486932281,,AVAX/USD,10,10,5.925313475391181,False,False,False,False,0,False,39.73394649809731,683.3769123629057,-643.6429658648084,crypto,1d,LINEARREG_ANGLE~LINEARREG_SLOPE|and,binance,fixed_combo,6.0,0.0,False,False,True,and,1.0,0.49446839449148916,0.5055316055085108
-0.2242601648621884,0.1,-0.1762529092284064,0.0,-0.5458933486932281,,AVAX/USD,10,10,5.925313475391181,False,False,False,False,0,False,39.73394649809731,683.3769123629057,-643.6429658648084,crypto,1d,LINEARREG_ANGLE~LINEARREG_SLOPE|gate,binance,fixed_combo,6.0,0.0,False,False,True,gate,1.0,0.49446839449148916,0.5055316055085108
-0.2242601648621884,0.1,-0.1762529092284064,0.0,-0.5458933486932281,,AVAX/USD,10,10,5.925313475391181,False,False,False,False,0,False,39.73394649809731,683.3769123629057,-643.6429658648084,crypto,1d,LINEARREG_ANGLE~LINEARREG_SLOPE|or,binance,fixed_combo,6.0,0.0,False,False,True,or,1.0,0.49446839449148916,0.5055316055085108
-0.2242601648621884,0.1,-0.1762529092284064,0.0,-0.5458933486932281,,AVAX/USD,10,10,5.925313475391181,False,False,False,False,0,False,39.73394649809731,683.3769123629057,-643.6429658648084,crypto,1d,LINEARREG_ANGLE~LINEARREG_SLOPE|vote,binance,fixed_combo,6.0,0.0,False,False,True,vote,1.0,0.49446839449148916,0.5055316055085108
-0.2242601648621884,0.1,-0.1762529092284064,0.0,-0.5458933486932281,,AVAX/USD,10,10,5.925313475391181,False,False,False,False,0,False,39.73394649809731,683.3769123629057,-643.6429658648084,crypto,1d,LINEARREG_ANGLE~MULT|gate,binance,fixed_combo,6.0,0.0,False,False,True,gate,1.0,0.49446839449148916,0.5055316055085108
-0.2242601648621884,0.1,-0.1762529092284064,0.0,-0.5458933486932281,,AVAX/USD,10,10,5.925313475391181,False,False,False,False,0,False,39.73394649809731,683.3769123629057,-643.6429658648084,crypto,1d,LINEARREG_ANGLE~TRIMA_50|gate,binance,fixed_combo,6.0,0.0,False,False,True,gate,1.0,0.49446839449148916,0.5055316055085108
-0.2242601648621884,0.1,-0.1762529092284064,0.0,-0.5458933486932281,,AVAX/USD,10,10,5.925313475391181,False,False,False,False,0,False,39.73394649809731,683.3769123629057,-643.6429658648084,crypto,1d,LINEARREG_ANGLE~TRIMA_50|or,binance,fixed_combo,6.0,0.0,False,False,True,or,1.0,0.49446839449148916,0.5055316055085108
-0.2242601648621884,0.1,-0.1762529092284064,0.0,-0.5458933486932281,,AVAX/USD,10,10,5.925313475391181,False,False,False,False,0,False,39.73394649809731,683.3769123629057,-643.6429658648084,crypto,1d,LINEARREG_SLOPE~ADD|gate,binance,fixed_combo,6.0,0.0,False,False,True,gate,1.0,0.49446839449148916,0.5055316055085108
-0.2242601648621884,0.1,-0.1762529092284064,0.0,-0.5458933486932281,,AVAX/USD,10,10,5.925313475391181,False,False,False,False,0,False,39.73394649809731,683.3769123629057,-643.6429658648084,crypto,1d,LINEARREG_SLOPE~ATAN|gate,binance,fixed_combo,6.0,0.0,False,False,True,gate,1.0,0.49446839449148916,0.5055316055085108
-0.2242601648621884,0.1,-0.1762529092284064,0.0,-0.5458933486932281,,AVAX/USD,10,10,5.925313475391181,False,False,False,False,0,False,39.73394649809731,683.3769123629057,-643.6429658648084,crypto,1d,LINEARREG_SLOPE~ATAN|or,binance,fixed_combo,6.0,0.0,False,False,True,or,1.0,0.49446839449148916,0.5055316055085108
-0.2242601648621884,0.1,-0.1762529092284064,0.0,-0.5458933486932281,,AVAX/USD,10,10,5.925313475391181,False,False,False,False,0,False,39.73394649809731,683.3769123629057,-643.6429658648084,crypto,1d,LINEARREG_SLOPE~IMI|or,binance,fixed_combo,6.0,0.0,False,False,True,or,1.0,0.49446839449148916,0.5055316055085108
-0.2242601648621884,0.1,-0.1762529092284064,0.0,-0.5458933486932281,,AVAX/USD,10,10,5.925313475391181,False,False,False,False,0,False,39.73394649809731,683.3769123629057,-643.6429658648084,crypto,1d,LINEARREG_SLOPE~LINEARREG_ANGLE|gate,binance,fixed_combo,6.0,0.0,False,False,True,gate,1.0,0.49446839449148916,0.5055316055085108
-0.2242601648621884,0.1,-0.1762529092284064,0.0,-0.5458933486932281,,AVAX/USD,10,10,5.925313475391181,False,False,False,False,0,False,39.73394649809731,683.3769123629057,-643.6429658648084,crypto,1d,LINEARREG_SLOPE~MULT|gate,binance,fixed_combo,6.0,0.0,False,False,True,gate,1.0,0.49446839449148916,0.5055316055085108
-0.2242601648621884,0.1,-0.1762529092284064,0.0,-0.5458933486932281,,AVAX/USD,10,10,5.925313475391181,False,False,False,False,0,False,39.73394649809731,683.3769123629057,-643.6429658648084,crypto,1d,LINEARREG_SLOPE~TRIMA_50|gate,binance,fixed_combo,6.0,0.0,False,False,True,gate,1.0,0.49446839449148916,0.5055316055085108
-0.2242601648621884,0.1,-0.1762529092284064,0.0,-0.5458933486932281,,AVAX/USD,10,10,5.925313475391181,False,False,False,False,0,False,39.73394649809731,683.3769123629057,-643.6429658648084,crypto,1d,LINEARREG_SLOPE~TRIMA_50|or,binance,fixed_combo,6.0,0.0,False,False,True,or,1.0,0.49446839449148916,0.5055316055085108
-0.22464795952743732,0.2,-0.16037184765192897,0.0,-0.5468373171797768,,AVAX/USD,10,10,5.925313475391181,False,False,False,False,0,False,237.58734996420458,683.3769123629057,-445.78956239870115,crypto,1d,MAXINDEX~MULT|vote,binance,fixed_combo,6.0,0.0,False,False,True,vote,0.5754935420408861,0.47764027884697635,0.09785326319390984
-0.2260002092735321,0.2,-0.16325199446210448,0.0,-0.550128959021826,,AVAX/USD,10,10,5.925313475391181,False,False,False,False,0,False,17.646488628311293,683.3769123629057,-665.7304237345944,crypto,1d,ADD~ATAN|and,binance,fixed_combo,6.0,0.0,False,False,True,and,0.940801749208793,0.45541249679240436,0.48538925241638864
-0.2260002092735321,0.2,-0.16325199446210448,0.0,-0.550128959021826,,AVAX/USD,10,10,5.925313475391181,False,False,False,False,0,False,17.646488628311293,683.3769123629057,-665.7304237345944,crypto,1d,ADD~ATAN|vote,binance,fixed_combo,6.0,0.0,False,False,True,vote,0.940801749208793,0.45541249679240436,0.48538925241638864
-0.22921334107541108,0.2,-0.16650321156255166,0.0,-0.5579503537853513,,AVAX/USD,10,10,5.925313475391181,False,False,False,False,0,False,16.05958350423539,683.3769123629057,-667.3173288586703,crypto,1d,MULT~ATAN|and,binance,fixed_combo,6.0,0.0,False,False,True,and,0.9401922418954751,0.45260227953126336,0.4875899623642118
-0.22921334107541108,0.2,-0.16650321156255166,0.0,-0.5579503537853513,,AVAX/USD,10,10,5.925313475391181,False,False,False,False,0,False,16.05958350423539,683.3769123629057,-667.3173288586703,crypto,1d,MULT~ATAN|vote,binance,fixed_combo,6.0,0.0,False,False,True,vote,0.9401922418954751,0.45260227953126336,0.4875899623642118
-0.23377988057086485,0.1,-0.18859380737479123,0.0,-0.5690662090628369,,AVAX/USD,10,10,5.925313475391181,False,False,False,False,0,False,1672.454156806912,683.3769123629057,989.0772444440062,crypto,1d,MAXINDEX~LINEARREG_ANGLE|and,binance,fixed_combo,6.0,0.0,False,False,True,and,0.4428697074672825,0.4428697074672825,0.0
-0.23377988057086485,0.1,-0.18859380737479123,0.0,-0.5690662090628369,,AVAX/USD,10,10,5.925313475391181,False,False,False,False,0,False,1672.454156806912,683.3769123629057,989.0772444440062,crypto,1d,MAXINDEX~LINEARREG_SLOPE|and,binance,fixed_combo,6.0,0.0,False,False,True,and,0.4428697074672825,0.4428697074672825,0.0
-0.23779142720570184,0.1,-0.1606832326914664,0.0,-0.57883110256176,,AVAX/USD,10,10,5.925313475391181,False,False,False,False,0,False,10.40642349454011,683.3769123629057,-672.9704888683656,crypto,1d,IMI~ATAN|and,binance,fixed_combo,6.0,0.0,False,False,True,and,0.885430309639894,0.43148909417500636,0.4539412154648875
-0.23813658087093645,0.1,-0.16103480340992712,0.0,-0.5796712744676553,,AVAX/USD,10,10,5.925313475391181,False,False,False,False,0,False,10.817247590175928,683.3769123629057,-672.5596647727298,crypto,1d,IMI~ATAN|vote,binance,fixed_combo,6.0,0.0,False,False,True,vote,0.8855320545718929,0.4315352835514498,0.4539967710204431
-0.23989976690465725,0.2,-0.17489099451251355,0.0,-0.5839632160566061,,AVAX/USD,10,10,5.925313475391181,False,False,False,False,0,False,789.022943374832,683.3769123629057,105.64603101192631,crypto,1d,MAXINDEX~ATAN|and,binance,fixed_combo,6.0,0.0,False,False,True,and,0.4395255538448379,0.4395255538448379,0.0
-0.2448897098366427,0.3,-0.19656656588120394,0.0,-0.5961097185734644,,AVAX/USD,10,10,5.925313475391181,False,False,False,False,0,False,195.95061338052307,683.3769123629057,-487.42629898238266,crypto,1d,MAXINDEX~LINEARREG_ANGLE|or,binance,fixed_combo,6.0,0.0,False,False,True,or,1.0,0.9080820930630399,0.09191790693696006
-0.2448897098366427,0.3,-0.19656656588120394,0.0,-0.5961097185734644,,AVAX/USD,10,10,5.925313475391181,False,False,False,False,0,False,195.95061338052307,683.3769123629057,-487.42629898238266,crypto,1d,MAXINDEX~LINEARREG_SLOPE|or,binance,fixed_combo,6.0,0.0,False,False,True,or,1.0,0.9080820930630399,0.09191790693696006
-0.24676996105210947,0.1,-0.18666437951209852,0.0,-0.600686619839128,,AVAX/USD,10,10,5.925313475391181,False,False,False,False,0,False,47.27041460663521,683.3769123629057,-636.1064977562705,crypto,1d,LINEARREG_ANGLE~ATAN|and,binance,fixed_combo,6.0,0.0,False,False,True,and,0.8476972029766486,0.4147688178941066,0.4329283850825421
-0.24676996105210947,0.1,-0.18666437951209852,0.0,-0.600686619839128,,AVAX/USD,10,10,5.925313475391181,False,False,False,False,0,False,47.27041460663521,683.3769123629057,-636.1064977562705,crypto,1d,LINEARREG_ANGLE~ATAN|vote,binance,fixed_combo,6.0,0.0,False,False,True,vote,0.8476972029766486,0.4147688178941066,0.4329283850825421
-0.24676996105210947,0.1,-0.18666437951209852,0.0,-0.600686619839128,,AVAX/USD,10,10,5.925313475391181,False,False,False,False,0,False,47.27041460663521,683.3769123629057,-636.1064977562705,crypto,1d,LINEARREG_SLOPE~ATAN|and,binance,fixed_combo,6.0,0.0,False,False,True,and,0.8476972029766486,0.4147688178941066,0.4329283850825421
-0.24676996105210947,0.1,-0.18666437951209852,0.0,-0.600686619839128,,AVAX/USD,10,10,5.925313475391181,False,False,False,False,0,False,47.27041460663521,683.3769123629057,-636.1064977562705,crypto,1d,LINEARREG_SLOPE~ATAN|vote,binance,fixed_combo,6.0,0.0,False,False,True,vote,0.8476972029766486,0.4147688178941066,0.4329283850825421
-0.2568973269017918,0.1,-0.18321270234528347,0.0,-0.6253386201643835,,AVAX/USD,10,10,5.925313475391181,False,False,False,False,0,False,17.123098811501034,683.3769123629057,-666.2538135514047,crypto,1d,ATAN~IMI|gate,binance,fixed_combo,6.0,0.0,False,False,True,gate,0.999898255068001,0.4873258489436319,0.5125724061243692
-0.2572289248405515,0.1,-0.1835511980298741,0.0,-0.6261457947659028,,AVAX/USD,10,10,5.925313475391181,False,False,False,False,0,False,17.646086566818408,683.3769123629057,-665.7308257960873,crypto,1d,ATAN~ADD|gate,binance,fixed_combo,6.0,0.0,False,False,True,gate,1.0,0.48737203832007525,0.5126279616799247
-0.2572289248405515,0.1,-0.1835511980298741,0.0,-0.6261457947659028,,AVAX/USD,10,10,5.925313475391181,False,False,False,False,0,False,17.646086566818408,683.3769123629057,-665.7308257960873,crypto,1d,ATAN~LINEARREG_ANGLE|gate,binance,fixed_combo,6.0,0.0,False,False,True,gate,1.0,0.48737203832007525,0.5126279616799247
-0.2572289248405515,0.1,-0.1835511980298741,0.0,-0.6261457947659028,,AVAX/USD,10,10,5.925313475391181,False,False,False,False,0,False,17.646086566818408,683.3769123629057,-665.7308257960873,crypto,1d,ATAN~LINEARREG_SLOPE|gate,binance,fixed_combo,6.0,0.0,False,False,True,gate,1.0,0.48737203832007525,0.5126279616799247
-0.2572289248405515,0.1,-0.1835511980298741,0.0,-0.6261457947659028,,AVAX/USD,10,10,5.925313475391181,False,False,False,False,0,False,17.646086566818408,683.3769123629057,-665.7308257960873,crypto,1d,ATAN~MULT|gate,binance,fixed_combo,6.0,0.0,False,False,True,gate,1.0,0.48737203832007525,0.5126279616799247
-0.2572289248405515,0.1,-0.1835511980298741,0.0,-0.6261457947659028,,AVAX/USD,10,10,5.925313475391181,False,False,False,False,0,False,17.646086566818408,683.3769123629057,-665.7308257960873,crypto,1d,ATAN~TRIMA_50|gate,binance,fixed_combo,6.0,0.0,False,False,True,gate,1.0,0.48737203832007525,0.5126279616799247
-0.2572289248405515,0.1,-0.1835511980298741,0.0,-0.6261457947659028,,AVAX/USD,10,10,5.925313475391181,False,False,False,False,0,False,17.646086566818408,683.3769123629057,-665.7308257960873,crypto,1d,ATAN~TRIMA_50|or,binance,fixed_combo,6.0,0.0,False,False,True,or,1.0,0.48737203832007525,0.5126279616799247
-0.25844495718937255,0.2,-0.1855042546068953,0.0,-0.6291058566717931,,AVAX/USD,10,10,5.925313475391181,False,False,False,False,0,False,267.55211692589626,683.3769123629057,-415.82479543700947,crypto,1d,IS#1[combo],binance,wf_combo,6.0,4.0,False,False,True,,,,
-0.26504097727080383,0.2,-0.21018477238042524,0.0,-0.6451618668531509,,AVAX/USD,10,10,5.925313475391181,False,False,False,False,0,False,207.72903157018578,683.3769123629057,-475.64788079271995,crypto,1d,MAXINDEX~LINEARREG_ANGLE|vote,binance,fixed_combo,6.0,0.0,False,False,True,vote,0.5863863014284492,0.49446839449148916,0.09191790693696006
-0.26504097727080383,0.2,-0.21018477238042524,0.0,-0.6451618668531509,,AVAX/USD,10,10,5.925313475391181,False,False,False,False,0,False,207.72903157018578,683.3769123629057,-475.64788079271995,crypto,1d,MAXINDEX~LINEARREG_SLOPE|vote,binance,fixed_combo,6.0,0.0,False,False,True,vote,0.5863863014284492,0.49446839449148916,0.09191790693696006
-0.2736149288177,0.2,-0.21861160689255757,0.0,-0.6660325512403886,,AVAX/USD,10,10,5.925313475391181,False,False,False,False,0,False,209.85601693532234,683.3769123629057,-473.52089542758335,crypto,1d,MAXINDEX~ATAN|or,binance,fixed_combo,6.0,0.0,False,False,True,or,1.0,0.9043298905140708,0.09567010948592934
-0.2754137780846903,0.2,-0.18957357455787052,0.0,-0.6704113041533509,,AVAX/USD,10,10,5.925313475391181,False,False,False,False,0,False,226.0891634299196,683.3769123629057,-457.2877489329861,crypto,1d,MAXINDEX~IMI|vote,binance,fixed_combo,6.0,0.0,False,False,True,vote,0.5862806004618937,0.49022202976648704,0.09605857069540671
-0.29850253481090255,0.1,-0.22083232116056664,0.0,-0.7266138791143596,,AVAX/USD,10,10,5.925313475391181,False,False,False,False,0,False,244.5199084712421,683.3769123629057,-438.8570038916636,crypto,1d,MAXINDEX~ATAN|vote,binance,fixed_combo,6.0,0.0,False,False,True,vote,0.5830421478060046,0.48737203832007525,0.09567010948592934
-0.32707553477001056,0.4,-0.265920675175766,0.0,-0.7961661807434699,,AVAX/USD,10,10,5.925313475391181,False,False,False,False,0,False,147.63107940404396,683.3769123629057,-535.7458329588618,crypto,1d,MAXINDEX~IMI|or,binance,fixed_combo,6.0,0.0,False,False,True,or,1.0,0.9039414293045933,0.09605857069540671
-0.27826011854447097,0.2,-0.04271075666514264,0.0,-0.6773398566498031,,SOL/USD,10,10,5.925313475391181,False,False,False,False,0,False,163.93953601147774,683.3769123629057,-519.4373763514279,crypto,1d,TRIMA_50~ADD|gate,coinbase,fixed_combo,6.0,0.0,False,False,True,gate,1.0,0.4752094773757592,0.5247905226242409
-0.27826011854447097,0.2,-0.04271075666514264,0.0,-0.6773398566498031,,SOL/USD,10,10,5.925313475391181,False,False,False,False,0,False,163.93953601147774,683.3769123629057,-519.4373763514279,crypto,1d,TRIMA_50~ATAN|gate,coinbase,fixed_combo,6.0,0.0,False,False,True,gate,1.0,0.4752094773757592,0.5247905226242409
-0.27826011854447097,0.2,-0.04271075666514264,0.0,-0.6773398566498031,,SOL/USD,10,10,5.925313475391181,False,False,False,False,0,False,163.93953601147774,683.3769123629057,-519.4373763514279,crypto,1d,TRIMA_50~LINEARREG_ANGLE|gate,coinbase,fixed_combo,6.0,0.0,False,False,True,gate,1.0,0.4752094773757592,0.5247905226242409
-0.27826011854447097,0.2,-0.04271075666514264,0.0,-0.6773398566498031,,SOL/USD,10,10,5.925313475391181,False,False,False,False,0,False,163.93953601147774,683.3769123629057,-519.4373763514279,crypto,1d,TRIMA_50~LINEARREG_SLOPE|gate,coinbase,fixed_combo,6.0,0.0,False,False,True,gate,1.0,0.4752094773757592,0.5247905226242409
-0.27826011854447097,0.2,-0.04271075666514264,0.0,-0.6773398566498031,,SOL/USD,10,10,5.925313475391181,False,False,False,False,0,False,163.93953601147774,683.3769123629057,-519.4373763514279,crypto,1d,TRIMA_50~MULT|gate,coinbase,fixed_combo,6.0,0.0,False,False,True,gate,1.0,0.4752094773757592,0.5247905226242409
-0.279385291165417,0.2,-0.043516605724500765,0.0,-0.6800787481077828,,SOL/USD,10,10,5.925313475391181,False,False,False,False,0,False,163.86187303522595,683.3769123629057,-519.5150393276798,crypto,1d,TRIMA_50~IMI|gate,coinbase,fixed_combo,6.0,0.0,False,False,True,gate,0.999898255068001,0.4752094773757592,0.5246887776922419
-0.31609246370747723,0.2,-0.10640329959644663,0.0,-0.769431225630303,,SOL/USD,10,10,5.925313475391181,False,False,False,False,0,False,444.6084055942184,683.3769123629057,-238.7685067686873,crypto,1d,MAXINDEX~TRIMA_50|and,coinbase,fixed_combo,6.0,0.0,False,False,True,and,0.4331330724488923,0.4331330724488923,0.0
-0.3222246715436012,0.2,-0.07079625978383015,0.0,-0.7843582255841364,,SOL/USD,10,10,5.925313475391181,False,False,False,False,0,False,48.709841544168924,683.3769123629057,-634.6670708187368,crypto,1d,TRIMA_50~MAXINDEX|gate,coinbase,fixed_combo,6.0,0.0,False,False,True,gate,0.8564834060388332,0.4331330724488923,0.42335033358994095
-0.3554329750634677,0.2,-0.0701414983552451,0.0,-0.8651937677501789,,SOL/USD,10,10,5.925313475391181,False,False,False,False,0,False,447.6931889241285,683.3769123629057,-235.68372343877724,crypto,1d,MAXINDEX~TRIMA_50|vote,coinbase,fixed_combo,6.0,0.0,False,False,True,vote,0.5766496664100591,0.4752094773757592,0.1014401890342999
-0.38090666145353735,0.4,-0.15224304096702895,0.0,-0.9272017305802323,,XRP/USD,10,10,5.925313475391181,False,False,False,False,0,False,307.6062927126176,683.3769123629057,-375.77061965028815,crypto,1d,MAXINDEX~IMI|gate,coinbase,fixed_combo,6.0,0.0,False,False,True,gate,0.8563816611068343,0.8563816611068343,0.0
-0.3829149312753784,0.4,-0.15556422156846544,0.0,-0.9320902543124701,,XRP/USD,10,10,5.925313475391181,False,False,False,False,0,False,307.301270284282,683.3769123629057,-376.07564207862373,crypto,1d,MAXINDEX~ADD|gate,coinbase,fixed_combo,6.0,0.0,False,False,True,gate,0.8564834060388332,0.8564834060388332,0.0
-0.3829149312753784,0.4,-0.15556422156846544,0.0,-0.9320902543124701,,XRP/USD,10,10,5.925313475391181,False,False,False,False,0,False,307.301270284282,683.3769123629057,-376.07564207862373,crypto,1d,MAXINDEX~ATAN|gate,coinbase,fixed_combo,6.0,0.0,False,False,True,gate,0.8564834060388332,0.8564834060388332,0.0
-0.3829149312753784,0.4,-0.15556422156846544,0.0,-0.9320902543124701,,XRP/USD,10,10,5.925313475391181,False,False,False,False,0,False,307.301270284282,683.3769123629057,-376.07564207862373,crypto,1d,MAXINDEX~LINEARREG_ANGLE|gate,coinbase,fixed_combo,6.0,0.0,False,False,True,gate,0.8564834060388332,0.8564834060388332,0.0
-0.3829149312753784,0.4,-0.15556422156846544,0.0,-0.9320902543124701,,XRP/USD,10,10,5.925313475391181,False,False,False,False,0,False,307.301270284282,683.3769123629057,-376.07564207862373,crypto,1d,MAXINDEX~LINEARREG_SLOPE|gate,coinbase,fixed_combo,6.0,0.0,False,False,True,gate,0.8564834060388332,0.8564834060388332,0.0
-0.3829149312753784,0.4,-0.15556422156846544,0.0,-0.9320902543124701,,XRP/USD,10,10,5.925313475391181,False,False,False,False,0,False,307.301270284282,683.3769123629057,-376.07564207862373,crypto,1d,MAXINDEX~MULT|gate,coinbase,fixed_combo,6.0,0.0,False,False,True,gate,0.8564834060388332,0.8564834060388332,0.0
-0.3829149312753784,0.4,-0.15556422156846544,0.0,-0.9320902543124701,,XRP/USD,10,10,5.925313475391181,False,False,False,False,0,False,307.301270284282,683.3769123629057,-376.07564207862373,crypto,1d,MAXINDEX~TRIMA_50|gate,coinbase,fixed_combo,6.0,0.0,False,False,True,gate,0.8564834060388332,0.8564834060388332,0.0
-0.38490549927688283,0.2,-0.10462564801301008,0.0,-0.93693568833242,,SOL/USD,10,10,5.925313475391181,False,False,False,False,0,False,129.02985496540254,683.3769123629057,-554.3470573975032,crypto,1d,MAXINDEX~TRIMA_50|or,coinbase,fixed_combo,6.0,0.0,False,False,True,or,1.0,0.8985598109657001,0.1014401890342999
-0.3907726077176394,0.1,-0.13189901245695526,0.0,-0.9512173842182635,,AVAX/USD,10,10,5.925313475391181,False,False,False,False,0,False,145.5231961276558,683.3769123629057,-537.85371623525,crypto,1d,LINEARREG_ANGLE~TRIMA_50|and,coinbase,fixed_combo,6.0,0.0,False,False,True,and,0.759663373535198,0.3646706227012232,0.39499275083397484
-0.3907726077176394,0.1,-0.13189901245695526,0.0,-0.9512173842182635,,AVAX/USD,10,10,5.925313475391181,False,False,False,False,0,False,145.5231961276558,683.3769123629057,-537.85371623525,crypto,1d,LINEARREG_ANGLE~TRIMA_50|vote,coinbase,fixed_combo,6.0,0.0,False,False,True,vote,0.759663373535198,0.3646706227012232,0.39499275083397484
-0.3907726077176394,0.1,-0.13189901245695526,0.0,-0.9512173842182635,,AVAX/USD,10,10,5.925313475391181,False,False,False,False,0,False,145.5231961276558,683.3769123629057,-537.85371623525,crypto,1d,LINEARREG_SLOPE~TRIMA_50|and,coinbase,fixed_combo,6.0,0.0,False,False,True,and,0.759663373535198,0.3646706227012232,0.39499275083397484
-0.3907726077176394,0.1,-0.13189901245695526,0.0,-0.9512173842182635,,AVAX/USD,10,10,5.925313475391181,False,False,False,False,0,False,145.5231961276558,683.3769123629057,-537.85371623525,crypto,1d,LINEARREG_SLOPE~TRIMA_50|vote,coinbase,fixed_combo,6.0,0.0,False,False,True,vote,0.759663373535198,0.3646706227012232,0.39499275083397484
-0.4015670691525669,0.2,-0.11180378682940151,0.0,-0.9774932264021556,,AVAX/USD,10,10,5.925313475391181,False,False,False,False,0,False,-15.262454358500952,683.3769123629057,-698.6393667214066,crypto,1d,ADD~TRIMA_50|and,coinbase,fixed_combo,6.0,0.0,False,False,True,and,0.8147928962449746,0.3863267898383372,0.4284661064066376
-0.4015670691525669,0.2,-0.11180378682940151,0.0,-0.9774932264021556,,AVAX/USD,10,10,5.925313475391181,False,False,False,False,0,False,-15.262454358500952,683.3769123629057,-698.6393667214066,crypto,1d,ADD~TRIMA_50|vote,coinbase,fixed_combo,6.0,0.0,False,False,True,vote,0.8147928962449746,0.3863267898383372,0.4284661064066376
-0.40463886493914575,0.2,-0.11556300123382257,0.0,-0.9849705815065173,,AVAX/USD,10,10,5.925313475391181,False,False,False,False,0,False,-15.639420376545266,683.3769123629057,-699.016332739451,crypto,1d,MULT~TRIMA_50|and,coinbase,fixed_combo,6.0,0.0,False,False,True,and,0.8146457103755026,0.383747733299119,0.43089797707638355
-0.40463886493914575,0.2,-0.11556300123382257,0.0,-0.9849705815065173,,AVAX/USD,10,10,5.925313475391181,False,False,False,False,0,False,-15.639420376545266,683.3769123629057,-699.016332739451,crypto,1d,MULT~TRIMA_50|vote,coinbase,fixed_combo,6.0,0.0,False,False,True,vote,0.8146457103755026,0.383747733299119,0.43089797707638355
-0.41163765837250443,0.3,-0.1349315524459028,0.0,-1.0020070212438026,,AVAX/USD,10,10,5.925313475391181,False,False,False,False,0,False,81.42833076463657,683.3769123629057,-601.9485815982691,crypto,1d,MAXINDEX~MULT|or,coinbase,fixed_combo,6.0,0.0,False,False,True,or,1.0,0.9021467368060903,0.09785326319390984
-0.44176905258393456,0.1,-0.18859380737479123,0.0,-1.0753527609875562,,AVAX/USD,10,10,5.925313475391181,False,False,False,False,0,False,726.746142390364,683.3769123629057,43.36923002745823,crypto,1d,MAXINDEX~LINEARREG_ANGLE|and,coinbase,fixed_combo,6.0,0.0,False,False,True,and,0.4428697074672825,0.4428697074672825,0.0
-0.44176905258393456,0.1,-0.18859380737479123,0.0,-1.0753527609875562,,AVAX/USD,10,10,5.925313475391181,False,False,False,False,0,False,726.746142390364,683.3769123629057,43.36923002745823,crypto,1d,MAXINDEX~LINEARREG_SLOPE|and,coinbase,fixed_combo,6.0,0.0,False,False,True,and,0.4428697074672825,0.4428697074672825,0.0
-0.444983561191199,0.1,-0.17591265093270136,0.0,-1.0831775071661793,,AVAX/USD,10,10,5.925313475391181,False,False,False,False,0,False,-67.63638450878469,683.3769123629057,-751.0132968716904,crypto,1d,LINEARREG_ANGLE~IMI|gate,coinbase,fixed_combo,6.0,0.0,False,False,True,gate,0.999898255068001,0.4944222051150457,0.5054760499529553
-0.444983561191199,0.1,-0.17591265093270136,0.0,-1.0831775071661793,,AVAX/USD,10,10,5.925313475391181,False,False,False,False,0,False,-67.63638450878469,683.3769123629057,-751.0132968716904,crypto,1d,LINEARREG_SLOPE~IMI|gate,coinbase,fixed_combo,6.0,0.0,False,False,True,gate,0.999898255068001,0.4944222051150457,0.5054760499529553
-0.4451424907930754,0.1,-0.1762529092284064,0.0,-1.0835643730753706,,AVAX/USD,10,10,5.925313475391181,False,False,False,False,0,False,-67.11670212945337,683.3769123629057,-750.4936144923591,crypto,1d,LINEARREG_ANGLE~ADD|gate,coinbase,fixed_combo,6.0,0.0,False,False,True,gate,1.0,0.49446839449148916,0.5055316055085108
-0.4451424907930754,0.1,-0.1762529092284064,0.0,-1.0835643730753706,,AVAX/USD,10,10,5.925313475391181,False,False,False,False,0,False,-67.11670212945337,683.3769123629057,-750.4936144923591,crypto,1d,LINEARREG_ANGLE~ATAN|gate,coinbase,fixed_combo,6.0,0.0,False,False,True,gate,1.0,0.49446839449148916,0.5055316055085108
-0.4451424907930754,0.1,-0.1762529092284064,0.0,-1.0835643730753706,,AVAX/USD,10,10,5.925313475391181,False,False,False,False,0,False,-67.11670212945337,683.3769123629057,-750.4936144923591,crypto,1d,LINEARREG_ANGLE~ATAN|or,coinbase,fixed_combo,6.0,0.0,False,False,True,or,1.0,0.49446839449148916,0.5055316055085108
-0.4451424907930754,0.1,-0.1762529092284064,0.0,-1.0835643730753706,,AVAX/USD,10,10,5.925313475391181,False,False,False,False,0,False,-67.11670212945337,683.3769123629057,-750.4936144923591,crypto,1d,LINEARREG_ANGLE~IMI|or,coinbase,fixed_combo,6.0,0.0,False,False,True,or,1.0,0.49446839449148916,0.5055316055085108
-0.4451424907930754,0.1,-0.1762529092284064,0.0,-1.0835643730753706,,AVAX/USD,10,10,5.925313475391181,False,False,False,False,0,False,-67.11670212945337,683.3769123629057,-750.4936144923591,crypto,1d,LINEARREG_ANGLE~LINEARREG_SLOPE|and,coinbase,fixed_combo,6.0,0.0,False,False,True,and,1.0,0.49446839449148916,0.5055316055085108
-0.4451424907930754,0.1,-0.1762529092284064,0.0,-1.0835643730753706,,AVAX/USD,10,10,5.925313475391181,False,False,False,False,0,False,-67.11670212945337,683.3769123629057,-750.4936144923591,crypto,1d,LINEARREG_ANGLE~LINEARREG_SLOPE|gate,coinbase,fixed_combo,6.0,0.0,False,False,True,gate,1.0,0.49446839449148916,0.5055316055085108
-0.4451424907930754,0.1,-0.1762529092284064,0.0,-1.0835643730753706,,AVAX/USD,10,10,5.925313475391181,False,False,False,False,0,False,-67.11670212945337,683.3769123629057,-750.4936144923591,crypto,1d,LINEARREG_ANGLE~LINEARREG_SLOPE|or,coinbase,fixed_combo,6.0,0.0,False,False,True,or,1.0,0.49446839449148916,0.5055316055085108
-0.4451424907930754,0.1,-0.1762529092284064,0.0,-1.0835643730753706,,AVAX/USD,10,10,5.925313475391181,False,False,False,False,0,False,-67.11670212945337,683.3769123629057,-750.4936144923591,crypto,1d,LINEARREG_ANGLE~LINEARREG_SLOPE|vote,coinbase,fixed_combo,6.0,0.0,False,False,True,vote,1.0,0.49446839449148916,0.5055316055085108
-0.4451424907930754,0.1,-0.1762529092284064,0.0,-1.0835643730753706,,AVAX/USD,10,10,5.925313475391181,False,False,False,False,0,False,-67.11670212945337,683.3769123629057,-750.4936144923591,crypto,1d,LINEARREG_ANGLE~MULT|gate,coinbase,fixed_combo,6.0,0.0,False,False,True,gate,1.0,0.49446839449148916,0.5055316055085108
-0.4451424907930754,0.1,-0.1762529092284064,0.0,-1.0835643730753706,,AVAX/USD,10,10,5.925313475391181,False,False,False,False,0,False,-67.11670212945337,683.3769123629057,-750.4936144923591,crypto,1d,LINEARREG_ANGLE~TRIMA_50|gate,coinbase,fixed_combo,6.0,0.0,False,False,True,gate,1.0,0.49446839449148916,0.5055316055085108
-0.4451424907930754,0.1,-0.1762529092284064,0.0,-1.0835643730753706,,AVAX/USD,10,10,5.925313475391181,False,False,False,False,0,False,-67.11670212945337,683.3769123629057,-750.4936144923591,crypto,1d,LINEARREG_ANGLE~TRIMA_50|or,coinbase,fixed_combo,6.0,0.0,False,False,True,or,1.0,0.49446839449148916,0.5055316055085108
-0.4451424907930754,0.1,-0.1762529092284064,0.0,-1.0835643730753706,,AVAX/USD,10,10,5.925313475391181,False,False,False,False,0,False,-67.11670212945337,683.3769123629057,-750.4936144923591,crypto,1d,LINEARREG_SLOPE~ADD|gate,coinbase,fixed_combo,6.0,0.0,False,False,True,gate,1.0,0.49446839449148916,0.5055316055085108
-0.4451424907930754,0.1,-0.1762529092284064,0.0,-1.0835643730753706,,AVAX/USD,10,10,5.925313475391181,False,False,False,False,0,False,-67.11670212945337,683.3769123629057,-750.4936144923591,crypto,1d,LINEARREG_SLOPE~ATAN|gate,coinbase,fixed_combo,6.0,0.0,False,False,True,gate,1.0,0.49446839449148916,0.5055316055085108
-0.4451424907930754,0.1,-0.1762529092284064,0.0,-1.0835643730753706,,AVAX/USD,10,10,5.925313475391181,False,False,False,False,0,False,-67.11670212945337,683.3769123629057,-750.4936144923591,crypto,1d,LINEARREG_SLOPE~ATAN|or,coinbase,fixed_combo,6.0,0.0,False,False,True,or,1.0,0.49446839449148916,0.5055316055085108
-0.4451424907930754,0.1,-0.1762529092284064,0.0,-1.0835643730753706,,AVAX/USD,10,10,5.925313475391181,False,False,False,False,0,False,-67.11670212945337,683.3769123629057,-750.4936144923591,crypto,1d,LINEARREG_SLOPE~IMI|or,coinbase,fixed_combo,6.0,0.0,False,False,True,or,1.0,0.49446839449148916,0.5055316055085108
-0.4451424907930754,0.1,-0.1762529092284064,0.0,-1.0835643730753706,,AVAX/USD,10,10,5.925313475391181,False,False,False,False,0,False,-67.11670212945337,683.3769123629057,-750.4936144923591,crypto,1d,LINEARREG_SLOPE~LINEARREG_ANGLE|gate,coinbase,fixed_combo,6.0,0.0,False,False,True,gate,1.0,0.49446839449148916,0.5055316055085108
-0.4451424907930754,0.1,-0.1762529092284064,0.0,-1.0835643730753706,,AVAX/USD,10,10,5.925313475391181,False,False,False,False,0,False,-67.11670212945337,683.3769123629057,-750.4936144923591,crypto,1d,LINEARREG_SLOPE~MULT|gate,coinbase,fixed_combo,6.0,0.0,False,False,True,gate,1.0,0.49446839449148916,0.5055316055085108
-0.4451424907930754,0.1,-0.1762529092284064,0.0,-1.0835643730753706,,AVAX/USD,10,10,5.925313475391181,False,False,False,False,0,False,-67.11670212945337,683.3769123629057,-750.4936144923591,crypto,1d,LINEARREG_SLOPE~TRIMA_50|gate,coinbase,fixed_combo,6.0,0.0,False,False,True,gate,1.0,0.49446839449148916,0.5055316055085108
-0.4451424907930754,0.1,-0.1762529092284064,0.0,-1.0835643730753706,,AVAX/USD,10,10,5.925313475391181,False,False,False,False,0,False,-67.11670212945337,683.3769123629057,-750.4936144923591,crypto,1d,LINEARREG_SLOPE~TRIMA_50|or,coinbase,fixed_combo,6.0,0.0,False,False,True,or,1.0,0.49446839449148916,0.5055316055085108
-0.446852521010078,0.1,-0.154649754595848,0.0,-1.0877269229517599,,AVAX/USD,10,10,5.925313475391181,False,False,False,False,0,False,329.72485034269545,683.3769123629057,-353.6520620202103,crypto,1d,LINEARREG_ANGLE~MAXINDEX|gate,coinbase,fixed_combo,6.0,0.0,False,False,True,gate,0.8564834060388332,0.4428697074672825,0.4136136985715508
-0.446852521010078,0.1,-0.154649754595848,0.0,-1.0877269229517599,,AVAX/USD,10,10,5.925313475391181,False,False,False,False,0,False,329.72485034269545,683.3769123629057,-353.6520620202103,crypto,1d,LINEARREG_SLOPE~MAXINDEX|gate,coinbase,fixed_combo,6.0,0.0,False,False,True,gate,0.8564834060388332,0.4428697074672825,0.4136136985715508
-0.4608181247158303,0.1,-0.16167082700032553,0.0,-1.1217219491221035,,AVAX/USD,10,10,5.925313475391181,False,False,False,False,0,False,-69.61909683140279,683.3769123629057,-752.9960091943085,crypto,1d,ADD~LINEARREG_ANGLE|and,coinbase,fixed_combo,6.0,0.0,False,False,True,and,0.866075635103926,0.42159761782567784,0.4444780172782482
-0.4608181247158303,0.1,-0.16167082700032553,0.0,-1.1217219491221035,,AVAX/USD,10,10,5.925313475391181,False,False,False,False,0,False,-69.61909683140279,683.3769123629057,-752.9960091943085,crypto,1d,ADD~LINEARREG_ANGLE|vote,coinbase,fixed_combo,6.0,0.0,False,False,True,vote,0.866075635103926,0.42159761782567784,0.4444780172782482
-0.4608181247158303,0.1,-0.16167082700032553,0.0,-1.1217219491221035,,AVAX/USD,10,10,5.925313475391181,False,False,False,False,0,False,-69.61909683140279,683.3769123629057,-752.9960091943085,crypto,1d,ADD~LINEARREG_SLOPE|and,coinbase,fixed_combo,6.0,0.0,False,False,True,and,0.866075635103926,0.42159761782567784,0.4444780172782482
-0.4608181247158303,0.1,-0.16167082700032553,0.0,-1.1217219491221035,,AVAX/USD,10,10,5.925313475391181,False,False,False,False,0,False,-69.61909683140279,683.3769123629057,-752.9960091943085,crypto,1d,ADD~LINEARREG_SLOPE|vote,coinbase,fixed_combo,6.0,0.0,False,False,True,vote,0.866075635103926,0.42159761782567784,0.4444780172782482
-0.4630831161413685,0.1,-0.16085704857289668,0.0,-1.1272353837296645,,AVAX/USD,10,10,5.925313475391181,False,False,False,False,0,False,219.44573437871387,683.3769123629057,-463.9311779841919,crypto,1d,ADD~MAXINDEX|and,coinbase,fixed_combo,6.0,0.0,False,False,True,and,0.43617412967239755,0.43617412967239755,0.0
-0.46356596993681726,0.1,-0.10854493671719267,0.0,-1.1284107448353193,,AVAX/USD,10,10,5.925313475391181,False,False,False,False,0,False,-24.940322133895783,683.3769123629057,-708.3172344968015,crypto,1d,IMI~TRIMA_50|vote,coinbase,fixed_combo,6.0,0.0,False,False,True,vote,0.7944231246257806,0.37987644341801385,0.4145466812077666
-0.4640984652193829,0.1,-0.16508754894165414,0.0,-1.1297069430840887,,AVAX/USD,10,10,5.925313475391181,False,False,False,False,0,False,-68.51022397584038,683.3769123629057,-751.8871363387461,crypto,1d,MULT~LINEARREG_ANGLE|and,coinbase,fixed_combo,6.0,0.0,False,False,True,and,0.8654644170729622,0.4187865452057138,0.4466778718672483
-0.4640984652193829,0.1,-0.16508754894165414,0.0,-1.1297069430840887,,AVAX/USD,10,10,5.925313475391181,False,False,False,False,0,False,-68.51022397584038,683.3769123629057,-751.8871363387461,crypto,1d,MULT~LINEARREG_ANGLE|vote,coinbase,fixed_combo,6.0,0.0,False,False,True,vote,0.8654644170729622,0.4187865452057138,0.4466778718672483
-0.4640984652193829,0.1,-0.16508754894165414,0.0,-1.1297069430840887,,AVAX/USD,10,10,5.925313475391181,False,False,False,False,0,False,-68.51022397584038,683.3769123629057,-751.8871363387461,crypto,1d,MULT~LINEARREG_SLOPE|and,coinbase,fixed_combo,6.0,0.0,False,False,True,and,0.8654644170729622,0.4187865452057138,0.4466778718672483
-0.4640984652193829,0.1,-0.16508754894165414,0.0,-1.1297069430840887,,AVAX/USD,10,10,5.925313475391181,False,False,False,False,0,False,-68.51022397584038,683.3769123629057,-751.8871363387461,crypto,1d,MULT~LINEARREG_SLOPE|vote,coinbase,fixed_combo,6.0,0.0,False,False,True,vote,0.8654644170729622,0.4187865452057138,0.4466778718672483
-0.46460252046898975,0.1,-0.10938892748496576,0.0,-1.1309339126990596,,AVAX/USD,10,10,5.925313475391181,False,False,False,False,0,False,-25.020851855097526,683.3769123629057,-708.3977642180032,crypto,1d,IMI~TRIMA_50|and,coinbase,fixed_combo,6.0,0.0,False,False,True,and,0.7943213796937816,0.37987644341801385,0.41444493627576773
-0.4649984940585304,0.1,-0.19656656588120394,0.0,-1.1318977902959626,,AVAX/USD,10,10,5.925313475391181,False,False,False,False,0,False,48.45315509717791,683.3769123629057,-634.9237572657278,crypto,1d,MAXINDEX~LINEARREG_ANGLE|or,coinbase,fixed_combo,6.0,0.0,False,False,True,or,1.0,0.9080820930630399,0.09191790693696006
-0.4649984940585304,0.1,-0.19656656588120394,0.0,-1.1318977902959626,,AVAX/USD,10,10,5.925313475391181,False,False,False,False,0,False,48.45315509717791,683.3769123629057,-634.9237572657278,crypto,1d,MAXINDEX~LINEARREG_SLOPE|or,coinbase,fixed_combo,6.0,0.0,False,False,True,or,1.0,0.9080820930630399,0.09191790693696006
-0.4691337727374266,0.1,-0.13875060421810073,0.0,-1.1419638719257055,,AVAX/USD,10,10,5.925313475391181,False,False,False,False,0,False,-81.2479885037938,683.3769123629057,-764.6249008666996,crypto,1d,ADD~ATAN|gate,coinbase,fixed_combo,6.0,0.0,False,False,True,gate,1.0,0.4826512060559405,0.5173487939440595
-0.4691337727374266,0.1,-0.13875060421810073,0.0,-1.1419638719257055,,AVAX/USD,10,10,5.925313475391181,False,False,False,False,0,False,-81.2479885037938,683.3769123629057,-764.6249008666996,crypto,1d,ADD~ATAN|or,coinbase,fixed_combo,6.0,0.0,False,False,True,or,1.0,0.4826512060559405,0.5173487939440595
-0.4691337727374266,0.1,-0.13875060421810073,0.0,-1.1419638719257055,,AVAX/USD,10,10,5.925313475391181,False,False,False,False,0,False,-81.2479885037938,683.3769123629057,-764.6249008666996,crypto,1d,ADD~IMI|or,coinbase,fixed_combo,6.0,0.0,False,False,True,or,1.0,0.4826512060559405,0.5173487939440595
-0.4691337727374266,0.1,-0.13875060421810073,0.0,-1.1419638719257055,,AVAX/USD,10,10,5.925313475391181,False,False,False,False,0,False,-81.2479885037938,683.3769123629057,-764.6249008666996,crypto,1d,ADD~LINEARREG_ANGLE|gate,coinbase,fixed_combo,6.0,0.0,False,False,True,gate,1.0,0.4826512060559405,0.5173487939440595
-0.4691337727374266,0.1,-0.13875060421810073,0.0,-1.1419638719257055,,AVAX/USD,10,10,5.925313475391181,False,False,False,False,0,False,-81.2479885037938,683.3769123629057,-764.6249008666996,crypto,1d,ADD~LINEARREG_ANGLE|or,coinbase,fixed_combo,6.0,0.0,False,False,True,or,1.0,0.4826512060559405,0.5173487939440595
-0.4691337727374266,0.1,-0.13875060421810073,0.0,-1.1419638719257055,,AVAX/USD,10,10,5.925313475391181,False,False,False,False,0,False,-81.2479885037938,683.3769123629057,-764.6249008666996,crypto,1d,ADD~LINEARREG_SLOPE|gate,coinbase,fixed_combo,6.0,0.0,False,False,True,gate,1.0,0.4826512060559405,0.5173487939440595
-0.4691337727374266,0.1,-0.13875060421810073,0.0,-1.1419638719257055,,AVAX/USD,10,10,5.925313475391181,False,False,False,False,0,False,-81.2479885037938,683.3769123629057,-764.6249008666996,crypto,1d,ADD~LINEARREG_SLOPE|or,coinbase,fixed_combo,6.0,0.0,False,False,True,or,1.0,0.4826512060559405,0.5173487939440595
-0.4691337727374266,0.1,-0.13875060421810073,0.0,-1.1419638719257055,,AVAX/USD,10,10,5.925313475391181,False,False,False,False,0,False,-81.2479885037938,683.3769123629057,-764.6249008666996,crypto,1d,ADD~MAXINDEX|or,coinbase,fixed_combo,6.0,0.0,False,False,True,or,1.0,0.4826512060559405,0.5173487939440595
-0.4691337727374266,0.1,-0.13875060421810073,0.0,-1.1419638719257055,,AVAX/USD,10,10,5.925313475391181,False,False,False,False,0,False,-81.2479885037938,683.3769123629057,-764.6249008666996,crypto,1d,ADD~MULT|gate,coinbase,fixed_combo,6.0,0.0,False,False,True,gate,1.0,0.4826512060559405,0.5173487939440595
-0.4691337727374266,0.1,-0.13875060421810073,0.0,-1.1419638719257055,,AVAX/USD,10,10,5.925313475391181,False,False,False,False,0,False,-81.2479885037938,683.3769123629057,-764.6249008666996,crypto,1d,ADD~MULT|or,coinbase,fixed_combo,6.0,0.0,False,False,True,or,1.0,0.4826512060559405,0.5173487939440595
-0.4691337727374266,0.1,-0.13875060421810073,0.0,-1.1419638719257055,,AVAX/USD,10,10,5.925313475391181,False,False,False,False,0,False,-81.2479885037938,683.3769123629057,-764.6249008666996,crypto,1d,ADD~TRIMA_50|gate,coinbase,fixed_combo,6.0,0.0,False,False,True,gate,1.0,0.4826512060559405,0.5173487939440595
-0.4691337727374266,0.1,-0.13875060421810073,0.0,-1.1419638719257055,,AVAX/USD,10,10,5.925313475391181,False,False,False,False,0,False,-81.2479885037938,683.3769123629057,-764.6249008666996,crypto,1d,ADD~TRIMA_50|or,coinbase,fixed_combo,6.0,0.0,False,False,True,or,1.0,0.4826512060559405,0.5173487939440595
-0.4700941530061799,0.1,-0.13953234525446204,0.0,-1.14430162638714,,AVAX/USD,10,10,5.925313475391181,False,False,False,False,0,False,-81.48004241911465,683.3769123629057,-764.8569547820204,crypto,1d,ADD~IMI|gate,coinbase,fixed_combo,6.0,0.0,False,False,True,gate,0.999898255068001,0.4826512060559405,0.5172470490120606
-0.4713032112460137,0.1,-0.1703839481434311,0.0,-1.1472447119400895,,AVAX/USD,10,10,5.925313475391181,False,False,False,False,0,False,216.49045214295705,683.3769123629057,-466.8864602199487,crypto,1d,MAXINDEX~MULT|and,coinbase,fixed_combo,6.0,0.0,False,False,True,and,0.4319769480797195,0.4319769480797195,0.0
-0.4723215475372693,0.1,-0.13601829340564234,0.0,-1.149723542759067,,AVAX/USD,10,10,5.925313475391181,False,False,False,False,0,False,-26.635407814070913,683.3769123629057,-710.0123201769767,crypto,1d,ATAN~TRIMA_50|and,coinbase,fixed_combo,6.0,0.0,False,False,True,and,0.8092447181592679,0.3859131169275511,0.4233316012317167
-0.4723215475372693,0.1,-0.13601829340564234,0.0,-1.149723542759067,,AVAX/USD,10,10,5.925313475391181,False,False,False,False,0,False,-26.635407814070913,683.3769123629057,-710.0123201769767,crypto,1d,ATAN~TRIMA_50|vote,coinbase,fixed_combo,6.0,0.0,False,False,True,vote,0.8092447181592679,0.3859131169275511,0.4233316012317167
-0.4726140676494038,0.1,-0.14222258337327198,0.0,-1.150435594244766,,AVAX/USD,10,10,5.925313475391181,False,False,False,False,0,False,-80.83331446350535,683.3769123629057,-764.210226826411,crypto,1d,ADD~MULT|and,coinbase,fixed_combo,6.0,0.0,False,False,True,and,0.9949890727910358,0.47764027884697635,0.5173487939440595
-0.4726140676494038,0.1,-0.14222258337327198,0.0,-1.150435594244766,,AVAX/USD,10,10,5.925313475391181,False,False,False,False,0,False,-80.83331446350535,683.3769123629057,-764.210226826411,crypto,1d,ADD~MULT|vote,coinbase,fixed_combo,6.0,0.0,False,False,True,vote,0.9949890727910358,0.47764027884697635,0.5173487939440595
-0.47475235289831136,0.1,-0.14522422726455314,0.0,-1.155640601097877,,AVAX/USD,10,10,5.925313475391181,False,False,False,False,0,False,-80.58646365179223,683.3769123629057,-763.9633760146979,crypto,1d,MULT~ADD|gate,coinbase,fixed_combo,6.0,0.0,False,False,True,gate,1.0,0.47764027884697635,0.5223597211530236
-0.47475235289831136,0.1,-0.14522422726455314,0.0,-1.155640601097877,,AVAX/USD,10,10,5.925313475391181,False,False,False,False,0,False,-80.58646365179223,683.3769123629057,-763.9633760146979,crypto,1d,MULT~ATAN|gate,coinbase,fixed_combo,6.0,0.0,False,False,True,gate,1.0,0.47764027884697635,0.5223597211530236
-0.47475235289831136,0.1,-0.14522422726455314,0.0,-1.155640601097877,,AVAX/USD,10,10,5.925313475391181,False,False,False,False,0,False,-80.58646365179223,683.3769123629057,-763.9633760146979,crypto,1d,MULT~ATAN|or,coinbase,fixed_combo,6.0,0.0,False,False,True,or,1.0,0.47764027884697635,0.5223597211530236
-0.47475235289831136,0.1,-0.14522422726455314,0.0,-1.155640601097877,,AVAX/USD,10,10,5.925313475391181,False,False,False,False,0,False,-80.58646365179223,683.3769123629057,-763.9633760146979,crypto,1d,MULT~IMI|or,coinbase,fixed_combo,6.0,0.0,False,False,True,or,1.0,0.47764027884697635,0.5223597211530236
-0.47475235289831136,0.1,-0.14522422726455314,0.0,-1.155640601097877,,AVAX/USD,10,10,5.925313475391181,False,False,False,False,0,False,-80.58646365179223,683.3769123629057,-763.9633760146979,crypto,1d,MULT~LINEARREG_ANGLE|gate,coinbase,fixed_combo,6.0,0.0,False,False,True,gate,1.0,0.47764027884697635,0.5223597211530236
-0.47475235289831136,0.1,-0.14522422726455314,0.0,-1.155640601097877,,AVAX/USD,10,10,5.925313475391181,False,False,False,False,0,False,-80.58646365179223,683.3769123629057,-763.9633760146979,crypto,1d,MULT~LINEARREG_ANGLE|or,coinbase,fixed_combo,6.0,0.0,False,False,True,or,1.0,0.47764027884697635,0.5223597211530236
-0.47475235289831136,0.1,-0.14522422726455314,0.0,-1.155640601097877,,AVAX/USD,10,10,5.925313475391181,False,False,False,False,0,False,-80.58646365179223,683.3769123629057,-763.9633760146979,crypto,1d,MULT~LINEARREG_SLOPE|gate,coinbase,fixed_combo,6.0,0.0,False,False,True,gate,1.0,0.47764027884697635,0.5223597211530236
-0.47475235289831136,0.1,-0.14522422726455314,0.0,-1.155640601097877,,AVAX/USD,10,10,5.925313475391181,False,False,False,False,0,False,-80.58646365179223,683.3769123629057,-763.9633760146979,crypto,1d,MULT~LINEARREG_SLOPE|or,coinbase,fixed_combo,6.0,0.0,False,False,True,or,1.0,0.47764027884697635,0.5223597211530236
-0.47475235289831136,0.1,-0.14522422726455314,0.0,-1.155640601097877,,AVAX/USD,10,10,5.925313475391181,False,False,False,False,0,False,-80.58646365179223,683.3769123629057,-763.9633760146979,crypto,1d,MULT~TRIMA_50|gate,coinbase,fixed_combo,6.0,0.0,False,False,True,gate,1.0,0.47764027884697635,0.5223597211530236
-0.47475235289831136,0.1,-0.14522422726455314,0.0,-1.155640601097877,,AVAX/USD,10,10,5.925313475391181,False,False,False,False,0,False,-80.58646365179223,683.3769123629057,-763.9633760146979,crypto,1d,MULT~TRIMA_50|or,coinbase,fixed_combo,6.0,0.0,False,False,True,or,1.0,0.47764027884697635,0.5223597211530236
-0.47571104179763735,0.1,-0.14600432237312072,0.0,-1.1579742384334675,,AVAX/USD,10,10,5.925313475391181,False,False,False,False,0,False,-80.86279580843068,683.3769123629057,-764.2397081713364,crypto,1d,MULT~IMI|gate,coinbase,fixed_combo,6.0,0.0,False,False,True,gate,0.999898255068001,0.47764027884697635,0.5222579762210248
-0.48478188001620104,0.1,-0.13184504854068677,0.0,-1.1800544427070583,,AVAX/USD,10,10,5.925313475391181,False,False,False,False,0,False,-57.993690493919964,683.3769123629057,-741.3706028568257,crypto,1d,ADD~MAXINDEX|gate,coinbase,fixed_combo,6.0,0.0,False,False,True,gate,0.8564834060388332,0.43617412967239755,0.4203092763664357
-0.4885618170006463,0.0,-0.10258437879923385,0.0,-1.1892555527640147,,AVAX/USD,10,10,5.925313475391181,False,False,False,False,0,False,302.85174801355504,683.3769123629057,-380.5251643493507,crypto,1d,MAXINDEX~IMI|and,coinbase,fixed_combo,6.0,0.0,False,False,True,and,0.44266226156872807,0.44266226156872807,0.0
-0.4943338751012372,0.1,-0.14255179668293524,0.0,-1.2033058774274241,,AVAX/USD,10,10,5.925313475391181,False,False,False,False,0,False,-58.75485310687545,683.3769123629057,-742.1317654697812,crypto,1d,MULT~MAXINDEX|gate,coinbase,fixed_combo,6.0,0.0,False,False,True,gate,0.8564834060388332,0.4319769480797195,0.4245064579591139
-0.5012991962448956,0.1,-0.1581134994252144,0.0,-1.2202608390282594,,AVAX/USD,10,10,5.925313475391181,False,False,False,False,0,False,-79.42390408885021,683.3769123629057,-762.800816451756,crypto,1d,LINEARREG_ANGLE~IMI|and,coinbase,fixed_combo,6.0,0.0,False,False,True,and,0.8584752159781027,0.4215597254298178,0.43691549054828493
-0.5012991962448956,0.1,-0.1581134994252144,0.0,-1.2202608390282594,,AVAX/USD,10,10,5.925313475391181,False,False,False,False,0,False,-79.42390408885021,683.3769123629057,-762.800816451756,crypto,1d,LINEARREG_SLOPE~IMI|and,coinbase,fixed_combo,6.0,0.0,False,False,True,and,0.8584752159781027,0.4215597254298178,0.43691549054828493
-0.5016159548912626,0.1,-0.15846603874526594,0.0,-1.2210318918735077,,AVAX/USD,10,10,5.925313475391181,False,False,False,False,0,False,-79.21233678474067,683.3769123629057,-762.5892491476463,crypto,1d,LINEARREG_ANGLE~IMI|vote,coinbase,fixed_combo,6.0,0.0,False,False,True,vote,0.8585769609101017,0.42160591480626125,0.4369710461038405
-0.5016159548912626,0.1,-0.15846603874526594,0.0,-1.2210318918735077,,AVAX/USD,10,10,5.925313475391181,False,False,False,False,0,False,-79.21233678474067,683.3769123629057,-762.5892491476463,crypto,1d,LINEARREG_SLOPE~IMI|vote,coinbase,fixed_combo,6.0,0.0,False,False,True,vote,0.8585769609101017,0.42160591480626125,0.4369710461038405
-0.5130973602662531,0.1,-0.16325199446210448,0.0,-1.248979890715431,,AVAX/USD,10,10,5.925313475391181,False,False,False,False,0,False,-82.77334335092,683.3769123629057,-766.1502557138257,crypto,1d,ADD~ATAN|and,coinbase,fixed_combo,6.0,0.0,False,False,True,and,0.940801749208793,0.45541249679240436,0.48538925241638864
-0.5130973602662531,0.1,-0.16325199446210448,0.0,-1.248979890715431,,AVAX/USD,10,10,5.925313475391181,False,False,False,False,0,False,-82.77334335092,683.3769123629057,-766.1502557138257,crypto,1d,ADD~ATAN|vote,coinbase,fixed_combo,6.0,0.0,False,False,True,vote,0.940801749208793,0.45541249679240436,0.48538925241638864
-0.5149942081372321,0.1,-0.13753821581324344,0.0,-1.2535971915048363,,AVAX/USD,10,10,5.925313475391181,False,False,False,False,0,False,-84.32157172971141,683.3769123629057,-767.6984840926172,crypto,1d,ADD~IMI|vote,coinbase,fixed_combo,6.0,0.0,False,False,True,vote,0.8845798477461295,0.428675669318279,0.45590417842785047
-0.5159918461971772,0.1,-0.13834937200969383,0.0,-1.2560256387578823,,AVAX/USD,10,10,5.925313475391181,False,False,False,False,0,False,-84.45248639524712,683.3769123629057,-767.8293987581528,crypto,1d,ADD~IMI|and,coinbase,fixed_combo,6.0,0.0,False,False,True,and,0.8844781028141305,0.428675669318279,0.4558024334958515
-0.5161569499185933,0.1,-0.16650321156255166,0.0,-1.2564275336883572,,AVAX/USD,10,10,5.925313475391181,False,False,False,False,0,False,-82.78219199337654,683.3769123629057,-766.1591043562822,crypto,1d,MULT~ATAN|and,coinbase,fixed_combo,6.0,0.0,False,False,True,and,0.9401922418954751,0.45260227953126336,0.4875899623642118
-0.5161569499185933,0.1,-0.16650321156255166,0.0,-1.2564275336883572,,AVAX/USD,10,10,5.925313475391181,False,False,False,False,0,False,-82.78219199337654,683.3769123629057,-766.1591043562822,crypto,1d,MULT~ATAN|vote,coinbase,fixed_combo,6.0,0.0,False,False,True,vote,0.9401922418954751,0.45260227953126336,0.4875899623642118
-0.5164274747960556,0.0,-0.06836944401439504,0.0,-1.2570860444468481,,AVAX/USD,10,10,5.925313475391181,False,False,False,False,0,False,-39.964148049991,683.3769123629057,-723.3410604128967,crypto,1d,IMI~MAXINDEX|gate,coinbase,fixed_combo,6.0,0.0,False,False,True,gate,0.8563816611068343,0.44266226156872807,0.4137193995381062
-0.5166668572765121,0.1,-0.1581862895511863,0.0,-1.2576687484859501,,AVAX/USD,10,10,5.925313475391181,False,False,False,False,0,False,-10.523537207504372,683.3769123629057,-693.90044957041,crypto,1d,ADD~MAXINDEX|vote,coinbase,fixed_combo,6.0,0.0,False,False,True,vote,0.5796907236335642,0.4826512060559405,0.09703951757762382
-0.5170903780114098,0.1,-0.21018477238042524,0.0,-1.258699681252616,,AVAX/USD,10,10,5.925313475391181,False,False,False,False,0,False,1.2367305246126492,683.3769123629057,-682.1401818382931,crypto,1d,MAXINDEX~LINEARREG_ANGLE|vote,coinbase,fixed_combo,6.0,0.0,False,False,True,vote,0.5863863014284492,0.49446839449148916,0.09191790693696006
-0.5170903780114098,0.1,-0.21018477238042524,0.0,-1.258699681252616,,AVAX/USD,10,10,5.925313475391181,False,False,False,False,0,False,1.2367305246126492,683.3769123629057,-682.1401818382931,crypto,1d,MAXINDEX~LINEARREG_SLOPE|vote,coinbase,fixed_combo,6.0,0.0,False,False,True,vote,0.5863863014284492,0.49446839449148916,0.09191790693696006
-0.518062596998098,0.1,-0.14075083257246362,0.0,-1.2610662534819397,,AVAX/USD,10,10,5.925313475391181,False,False,False,False,0,False,-84.31003454096181,683.3769123629057,-767.6869469038676,crypto,1d,MULT~IMI|vote,coinbase,fixed_combo,6.0,0.0,False,False,True,vote,0.8845058805919083,0.42613322213668636,0.45837265845522196
-0.5185944494735266,0.1,-0.16037184765192897,0.0,-1.2623608870117105,,AVAX/USD,10,10,5.925313475391181,False,False,False,False,0,False,-9.409650304916068,683.3769123629057,-692.7865626678218,crypto,1d,MAXINDEX~MULT|vote,coinbase,fixed_combo,6.0,0.0,False,False,True,vote,0.5754935420408861,0.47764027884697635,0.09785326319390984
-0.5190596872840708,0.1,-0.1415614568935127,0.0,-1.2634933673454012,,AVAX/USD,10,10,5.925313475391181,False,False,False,False,0,False,-84.4503200148944,683.3769123629057,-767.8272323778001,crypto,1d,MULT~IMI|and,coinbase,fixed_combo,6.0,0.0,False,False,True,and,0.8844041356599094,0.42613322213668636,0.458270913523223
-0.5211298265268078,0.1,-0.21861160689255757,0.0,-1.268532493416558,,AVAX/USD,10,10,5.925313475391181,False,False,False,False,0,False,39.172126079011505,683.3769123629057,-644.2047862838942,crypto,1d,MAXINDEX~ATAN|or,coinbase,fixed_combo,6.0,0.0,False,False,True,or,1.0,0.9043298905140708,0.09567010948592934
-0.5227658880736062,0.1,-0.18666437951209852,0.0,-1.2725149890015355,,AVAX/USD,10,10,5.925313475391181,False,False,False,False,0,False,-74.91231066435267,683.3769123629057,-758.2892230272585,crypto,1d,LINEARREG_ANGLE~ATAN|and,coinbase,fixed_combo,6.0,0.0,False,False,True,and,0.8476972029766486,0.4147688178941066,0.4329283850825421
-0.5227658880736062,0.1,-0.18666437951209852,0.0,-1.2725149890015355,,AVAX/USD,10,10,5.925313475391181,False,False,False,False,0,False,-74.91231066435267,683.3769123629057,-758.2892230272585,crypto,1d,LINEARREG_ANGLE~ATAN|vote,coinbase,fixed_combo,6.0,0.0,False,False,True,vote,0.8476972029766486,0.4147688178941066,0.4329283850825421
-0.5227658880736062,0.1,-0.18666437951209852,0.0,-1.2725149890015355,,AVAX/USD,10,10,5.925313475391181,False,False,False,False,0,False,-74.91231066435267,683.3769123629057,-758.2892230272585,crypto,1d,LINEARREG_SLOPE~ATAN|and,coinbase,fixed_combo,6.0,0.0,False,False,True,and,0.8476972029766486,0.4147688178941066,0.4329283850825421
-0.5227658880736062,0.1,-0.18666437951209852,0.0,-1.2725149890015355,,AVAX/USD,10,10,5.925313475391181,False,False,False,False,0,False,-74.91231066435267,683.3769123629057,-758.2892230272585,crypto,1d,LINEARREG_SLOPE~ATAN|vote,coinbase,fixed_combo,6.0,0.0,False,False,True,vote,0.8476972029766486,0.4147688178941066,0.4329283850825421
-0.5253165640587845,0.2,-0.1855042546068953,0.0,-1.2787238360156095,,AVAX/USD,10,10,5.925313475391181,False,False,False,False,0,False,79.27890147374549,683.3769123629057,-604.0980108891603,crypto,1d,IS#1[combo],coinbase,wf_combo,6.0,3.5,False,False,True,,,,
-0.5362310955588965,0.1,-0.17489099451251355,0.0,-1.3052919523535034,,AVAX/USD,10,10,5.925313475391181,False,False,False,False,0,False,187.73912470473982,683.3769123629057,-495.6377876581659,crypto,1d,MAXINDEX~ATAN|and,coinbase,fixed_combo,6.0,0.0,False,False,True,and,0.4395255538448379,0.4395255538448379,0.0
-0.5671249096432486,0.1,-0.14755518518652833,0.0,-1.3804935720204496,,AVAX/USD,10,10,5.925313475391181,False,False,False,False,0,False,-72.24692104413586,683.3769123629057,-755.6238334070416,crypto,1d,ATAN~MAXINDEX|gate,coinbase,fixed_combo,6.0,0.0,False,False,True,gate,0.8564834060388332,0.4395255538448379,0.4169578521939954
-0.577503819088414,0.1,-0.12602594297150752,0.0,-1.4057578789306262,,AVAX/USD,10,10,5.925313475391181,False,False,False,False,0,False,-91.88386641086342,683.3769123629057,-775.2607787737692,crypto,1d,IMI~TRIMA_50|or,coinbase,fixed_combo,6.0,0.0,False,False,True,or,1.0,0.4901202848344881,0.5098797151655119
-0.57849155771455,0.1,-0.12683210529744116,0.0,-1.4081622290147635,,AVAX/USD,10,10,5.925313475391181,False,False,False,False,0,False,-91.91936164043419,683.3769123629057,-775.2962740033399,crypto,1d,IMI~ADD|gate,coinbase,fixed_combo,6.0,0.0,False,False,True,gate,0.999898255068001,0.4901202848344881,0.509777970233513
-0.57849155771455,0.1,-0.12683210529744116,0.0,-1.4081622290147635,,AVAX/USD,10,10,5.925313475391181,False,False,False,False,0,False,-91.91936164043419,683.3769123629057,-775.2962740033399,crypto,1d,IMI~ATAN|gate,coinbase,fixed_combo,6.0,0.0,False,False,True,gate,0.999898255068001,0.4901202848344881,0.509777970233513
-0.57849155771455,0.1,-0.12683210529744116,0.0,-1.4081622290147635,,AVAX/USD,10,10,5.925313475391181,False,False,False,False,0,False,-91.91936164043419,683.3769123629057,-775.2962740033399,crypto,1d,IMI~LINEARREG_ANGLE|gate,coinbase,fixed_combo,6.0,0.0,False,False,True,gate,0.999898255068001,0.4901202848344881,0.509777970233513
-0.57849155771455,0.1,-0.12683210529744116,0.0,-1.4081622290147635,,AVAX/USD,10,10,5.925313475391181,False,False,False,False,0,False,-91.91936164043419,683.3769123629057,-775.2962740033399,crypto,1d,IMI~LINEARREG_SLOPE|gate,coinbase,fixed_combo,6.0,0.0,False,False,True,gate,0.999898255068001,0.4901202848344881,0.509777970233513
-0.57849155771455,0.1,-0.12683210529744116,0.0,-1.4081622290147635,,AVAX/USD,10,10,5.925313475391181,False,False,False,False,0,False,-91.91936164043419,683.3769123629057,-775.2962740033399,crypto,1d,IMI~MULT|gate,coinbase,fixed_combo,6.0,0.0,False,False,True,gate,0.999898255068001,0.4901202848344881,0.509777970233513
-0.57849155771455,0.1,-0.12683210529744116,0.0,-1.4081622290147635,,AVAX/USD,10,10,5.925313475391181,False,False,False,False,0,False,-91.91936164043419,683.3769123629057,-775.2962740033399,crypto,1d,IMI~TRIMA_50|gate,coinbase,fixed_combo,6.0,0.0,False,False,True,gate,0.999898255068001,0.4901202848344881,0.509777970233513
-0.5786585235962886,0.1,-0.12717794165752982,0.0,-1.4085686568097122,,AVAX/USD,10,10,5.925313475391181,False,False,False,False,0,False,-91.8842774649997,683.3769123629057,-775.2611898279055,crypto,1d,IMI~ATAN|or,coinbase,fixed_combo,6.0,0.0,False,False,True,or,1.0,0.49016647421093146,0.5098335257890685
-0.5905627849036784,0.1,-0.1606832326914664,0.0,-1.4375459701582673,,AVAX/USD,10,10,5.925313475391181,False,False,False,False,0,False,-90.22538645109792,683.3769123629057,-773.6022988140037,crypto,1d,IMI~ATAN|and,coinbase,fixed_combo,6.0,0.0,False,False,True,and,0.885430309639894,0.43148909417500636,0.4539412154648875
-0.5908770925967859,0.1,-0.16103480340992712,0.0,-1.4383110569012292,,AVAX/USD,10,10,5.925313475391181,False,False,False,False,0,False,-90.13863814399294,683.3769123629057,-773.5155505068986,crypto,1d,IMI~ATAN|vote,coinbase,fixed_combo,6.0,0.0,False,False,True,vote,0.8855320545718929,0.4315352835514498,0.4539967710204431
-0.5915997769541688,0.1,-0.18321270234528347,0.0,-1.4400702127644311,,AVAX/USD,10,10,5.925313475391181,False,False,False,False,0,False,-88.7502452974476,683.3769123629057,-772.1271576603533,crypto,1d,ATAN~IMI|gate,coinbase,fixed_combo,6.0,0.0,False,False,True,gate,0.999898255068001,0.4873258489436319,0.5125724061243692
-0.5918977376320431,0.1,-0.1835511980298741,0.0,-1.4407955076571897,,AVAX/USD,10,10,5.925313475391181,False,False,False,False,0,False,-88.63307354182464,683.3769123629057,-772.0099859047303,crypto,1d,ATAN~ADD|gate,coinbase,fixed_combo,6.0,0.0,False,False,True,gate,1.0,0.48737203832007525,0.5126279616799247
-0.5918977376320431,0.1,-0.1835511980298741,0.0,-1.4407955076571897,,AVAX/USD,10,10,5.925313475391181,False,False,False,False,0,False,-88.63307354182464,683.3769123629057,-772.0099859047303,crypto,1d,ATAN~LINEARREG_ANGLE|gate,coinbase,fixed_combo,6.0,0.0,False,False,True,gate,1.0,0.48737203832007525,0.5126279616799247
-0.5918977376320431,0.1,-0.1835511980298741,0.0,-1.4407955076571897,,AVAX/USD,10,10,5.925313475391181,False,False,False,False,0,False,-88.63307354182464,683.3769123629057,-772.0099859047303,crypto,1d,ATAN~LINEARREG_SLOPE|gate,coinbase,fixed_combo,6.0,0.0,False,False,True,gate,1.0,0.48737203832007525,0.5126279616799247
-0.5918977376320431,0.1,-0.1835511980298741,0.0,-1.4407955076571897,,AVAX/USD,10,10,5.925313475391181,False,False,False,False,0,False,-88.63307354182464,683.3769123629057,-772.0099859047303,crypto,1d,ATAN~MULT|gate,coinbase,fixed_combo,6.0,0.0,False,False,True,gate,1.0,0.48737203832007525,0.5126279616799247
-0.5918977376320431,0.1,-0.1835511980298741,0.0,-1.4407955076571897,,AVAX/USD,10,10,5.925313475391181,False,False,False,False,0,False,-88.63307354182464,683.3769123629057,-772.0099859047303,crypto,1d,ATAN~TRIMA_50|gate,coinbase,fixed_combo,6.0,0.0,False,False,True,gate,1.0,0.48737203832007525,0.5126279616799247
-0.5918977376320431,0.1,-0.1835511980298741,0.0,-1.4407955076571897,,AVAX/USD,10,10,5.925313475391181,False,False,False,False,0,False,-88.63307354182464,683.3769123629057,-772.0099859047303,crypto,1d,ATAN~TRIMA_50|or,coinbase,fixed_combo,6.0,0.0,False,False,True,or,1.0,0.48737203832007525,0.5126279616799247
-0.6021216726859239,0.1,-0.265920675175766,0.0,-1.465682576418665,,AVAX/USD,10,10,5.925313475391181,False,False,False,False,0,False,-3.5761848105152736,683.3769123629057,-686.953097173421,crypto,1d,MAXINDEX~IMI|or,coinbase,fixed_combo,6.0,0.0,False,False,True,or,1.0,0.9039414293045933,0.09605857069540671
-0.6508053819207691,0.1,-0.22083232116056664,0.0,-1.584188299792892,,AVAX/USD,10,10,5.925313475391181,False,False,False,False,0,False,-29.609388111311965,683.3769123629057,-712.9863004742177,crypto,1d,MAXINDEX~ATAN|vote,coinbase,fixed_combo,6.0,0.0,False,False,True,vote,0.5830421478060046,0.48737203832007525,0.09567010948592934
-0.6662945423475227,0.1,-0.18957357455787052,0.0,-1.6218919626748096,,AVAX/USD,10,10,5.925313475391181,False,False,False,False,0,False,-48.562778743279594,683.3769123629057,-731.9396911061854,crypto,1d,MAXINDEX~IMI|vote,coinbase,fixed_combo,6.0,0.0,False,False,True,vote,0.5862806004618937,0.49022202976648704,0.09605857069540671
-0.04271075666514264,0.4,-0.04271075666514264,0.0,-0.10396638206113913,,SOL/USD,10,10,5.925313475391181,False,False,False,False,0,False,1035.325121622302,683.3769123629057,351.9482092593963,crypto,1d,TRIMA_50~ADD|gate,gross,fixed_combo,6.0,0.0,False,False,True,gate,1.0,0.4752094773757592,0.5247905226242409
-0.04271075666514264,0.4,-0.04271075666514264,0.0,-0.10396638206113913,,SOL/USD,10,10,5.925313475391181,False,False,False,False,0,False,1035.325121622302,683.3769123629057,351.9482092593963,crypto,1d,TRIMA_50~ATAN|gate,gross,fixed_combo,6.0,0.0,False,False,True,gate,1.0,0.4752094773757592,0.5247905226242409
-0.04271075666514264,0.4,-0.04271075666514264,0.0,-0.10396638206113913,,SOL/USD,10,10,5.925313475391181,False,False,False,False,0,False,1035.325121622302,683.3769123629057,351.9482092593963,crypto,1d,TRIMA_50~LINEARREG_ANGLE|gate,gross,fixed_combo,6.0,0.0,False,False,True,gate,1.0,0.4752094773757592,0.5247905226242409
-0.04271075666514264,0.4,-0.04271075666514264,0.0,-0.10396638206113913,,SOL/USD,10,10,5.925313475391181,False,False,False,False,0,False,1035.325121622302,683.3769123629057,351.9482092593963,crypto,1d,TRIMA_50~LINEARREG_SLOPE|gate,gross,fixed_combo,6.0,0.0,False,False,True,gate,1.0,0.4752094773757592,0.5247905226242409
-0.04271075666514264,0.4,-0.04271075666514264,0.0,-0.10396638206113913,,SOL/USD,10,10,5.925313475391181,False,False,False,False,0,False,1035.325121622302,683.3769123629057,351.9482092593963,crypto,1d,TRIMA_50~MULT|gate,gross,fixed_combo,6.0,0.0,False,False,True,gate,1.0,0.4752094773757592,0.5247905226242409
-0.04351660572450076,0.4,-0.043516605724500765,0.0,-0.10592797716575623,,SOL/USD,10,10,5.925313475391181,False,False,False,False,0,False,1035.11500888865,683.3769123629057,351.73809652574425,crypto,1d,TRIMA_50~IMI|gate,gross,fixed_combo,6.0,0.0,False,False,True,gate,0.999898255068001,0.4752094773757592,0.5246887776922419
-0.06836944401439504,0.5,-0.06836944401439504,0.0,-0.16642467361177382,,AVAX/USD,10,10,5.925313475391181,False,False,False,False,0,False,1313.295747532602,683.3769123629057,629.9188351696963,crypto,1d,IMI~MAXINDEX|gate,gross,fixed_combo,6.0,0.0,False,False,True,gate,0.8563816611068343,0.44266226156872807,0.4137193995381062
-0.0701414983552451,0.3,-0.0701414983552451,0.0,-0.17073820240449303,,SOL/USD,10,10,5.925313475391181,False,False,False,False,0,False,1565.2405733088867,683.3769123629057,881.863660945981,crypto,1d,MAXINDEX~TRIMA_50|vote,gross,fixed_combo,6.0,0.0,False,False,True,vote,0.5766496664100591,0.4752094773757592,0.1014401890342999
-0.07079625978383015,0.3,-0.07079625978383015,0.0,-0.1723320204999408,,SOL/USD,10,10,5.925313475391181,False,False,False,False,0,False,639.5521043849775,683.3769123629057,-43.82480797792823,crypto,1d,TRIMA_50~MAXINDEX|gate,gross,fixed_combo,6.0,0.0,False,False,True,gate,0.8564834060388332,0.4331330724488923,0.42335033358994095
-0.10258437879923385,0.4,-0.10258437879923385,0.0,-0.24971055426067923,,AVAX/USD,10,10,5.925313475391181,False,False,False,False,0,False,1674.910668666346,683.3769123629057,991.5337563034403,crypto,1d,MAXINDEX~IMI|and,gross,fixed_combo,6.0,0.0,False,False,True,and,0.44266226156872807,0.44266226156872807,0.0
-0.10462564801301008,0.5,-0.10462564801301008,0.0,-0.25467940500319725,,SOL/USD,10,10,5.925313475391181,False,False,False,False,0,False,428.6170106120364,683.3769123629057,-254.75990175086935,crypto,1d,MAXINDEX~TRIMA_50|or,gross,fixed_combo,6.0,0.0,False,False,True,or,1.0,0.8985598109657001,0.1014401890342999
-0.10640329959644665,0.3,-0.10640329959644663,0.0,-0.25900655858523597,,SOL/USD,10,10,5.925313475391181,False,False,False,False,0,False,1060.651903563761,683.3769123629057,377.2749912008552,crypto,1d,MAXINDEX~TRIMA_50|and,gross,fixed_combo,6.0,0.0,False,False,True,and,0.4331330724488923,0.4331330724488923,0.0
-0.10854493671719267,0.3,-0.10854493671719267,0.0,-0.26421972455364684,,AVAX/USD,10,10,5.925313475391181,False,False,False,False,0,False,673.6397403394801,683.3769123629057,-9.737172023425614,crypto,1d,IMI~TRIMA_50|vote,gross,fixed_combo,6.0,0.0,False,False,True,vote,0.7944231246257806,0.37987644341801385,0.4145466812077666
-0.10938892748496576,0.3,-0.10938892748496576,0.0,-0.26627416407824517,,AVAX/USD,10,10,5.925313475391181,False,False,False,False,0,False,673.2790363667104,683.3769123629057,-10.097875996195285,crypto,1d,IMI~TRIMA_50|and,gross,fixed_combo,6.0,0.0,False,False,True,and,0.7943213796937816,0.37987644341801385,0.41444493627576773
-0.11180378682940151,0.2,-0.11180378682940151,0.0,-0.2721524066763778,,AVAX/USD,10,10,5.925313475391181,False,False,False,False,0,False,452.17346952089326,683.3769123629057,-231.20344284201246,crypto,1d,ADD~TRIMA_50|and,gross,fixed_combo,6.0,0.0,False,False,True,and,0.8147928962449746,0.3863267898383372,0.4284661064066376
-0.11180378682940151,0.2,-0.11180378682940151,0.0,-0.2721524066763778,,AVAX/USD,10,10,5.925313475391181,False,False,False,False,0,False,452.17346952089326,683.3769123629057,-231.20344284201246,crypto,1d,ADD~TRIMA_50|vote,gross,fixed_combo,6.0,0.0,False,False,True,vote,0.8147928962449746,0.3863267898383372,0.4284661064066376
-0.11556300123382254,0.2,-0.11556300123382257,0.0,-0.2813030738978448,,AVAX/USD,10,10,5.925313475391181,False,False,False,False,0,False,446.5387664647866,683.3769123629057,-236.83814589811914,crypto,1d,MULT~TRIMA_50|and,gross,fixed_combo,6.0,0.0,False,False,True,and,0.8146457103755026,0.383747733299119,0.43089797707638355
-0.11556300123382254,0.2,-0.11556300123382257,0.0,-0.2813030738978448,,AVAX/USD,10,10,5.925313475391181,False,False,False,False,0,False,446.5387664647866,683.3769123629057,-236.83814589811914,crypto,1d,MULT~TRIMA_50|vote,gross,fixed_combo,6.0,0.0,False,False,True,vote,0.8146457103755026,0.383747733299119,0.43089797707638355
-0.1260259429715075,0.4,-0.12602594297150752,0.0,-0.30677193193545876,,AVAX/USD,10,10,5.925313475391181,False,False,False,False,0,False,128.9243861392666,683.3769123629057,-554.4525262236391,crypto,1d,IMI~TRIMA_50|or,gross,fixed_combo,6.0,0.0,False,False,True,or,1.0,0.4901202848344881,0.5098797151655119
-0.12683210529744113,0.4,-0.12683210529744116,0.0,-0.30873428959253385,,AVAX/USD,10,10,5.925313475391181,False,False,False,False,0,False,128.61409081396963,683.3769123629057,-554.7628215489361,crypto,1d,IMI~ADD|gate,gross,fixed_combo,6.0,0.0,False,False,True,gate,0.999898255068001,0.4901202848344881,0.509777970233513
-0.12683210529744113,0.4,-0.12683210529744116,0.0,-0.30873428959253385,,AVAX/USD,10,10,5.925313475391181,False,False,False,False,0,False,128.61409081396963,683.3769123629057,-554.7628215489361,crypto,1d,IMI~ATAN|gate,gross,fixed_combo,6.0,0.0,False,False,True,gate,0.999898255068001,0.4901202848344881,0.509777970233513
-0.12683210529744113,0.4,-0.12683210529744116,0.0,-0.30873428959253385,,AVAX/USD,10,10,5.925313475391181,False,False,False,False,0,False,128.61409081396963,683.3769123629057,-554.7628215489361,crypto,1d,IMI~LINEARREG_ANGLE|gate,gross,fixed_combo,6.0,0.0,False,False,True,gate,0.999898255068001,0.4901202848344881,0.509777970233513
-0.12683210529744113,0.4,-0.12683210529744116,0.0,-0.30873428959253385,,AVAX/USD,10,10,5.925313475391181,False,False,False,False,0,False,128.61409081396963,683.3769123629057,-554.7628215489361,crypto,1d,IMI~LINEARREG_SLOPE|gate,gross,fixed_combo,6.0,0.0,False,False,True,gate,0.999898255068001,0.4901202848344881,0.509777970233513
-0.12683210529744113,0.4,-0.12683210529744116,0.0,-0.30873428959253385,,AVAX/USD,10,10,5.925313475391181,False,False,False,False,0,False,128.61409081396963,683.3769123629057,-554.7628215489361,crypto,1d,IMI~MULT|gate,gross,fixed_combo,6.0,0.0,False,False,True,gate,0.999898255068001,0.4901202848344881,0.509777970233513
-0.12683210529744113,0.4,-0.12683210529744116,0.0,-0.30873428959253385,,AVAX/USD,10,10,5.925313475391181,False,False,False,False,0,False,128.61409081396963,683.3769123629057,-554.7628215489361,crypto,1d,IMI~TRIMA_50|gate,gross,fixed_combo,6.0,0.0,False,False,True,gate,0.999898255068001,0.4901202848344881,0.509777970233513
-0.12717794165752982,0.4,-0.12717794165752982,0.0,-0.30957612331197626,,AVAX/USD,10,10,5.925313475391181,False,False,False,False,0,False,128.908872895574,683.3769123629057,-554.4680394673317,crypto,1d,IMI~ATAN|or,gross,fixed_combo,6.0,0.0,False,False,True,or,1.0,0.49016647421093146,0.5098335257890685
-0.1318450485406868,0.3,-0.13184504854068677,0.0,-0.3209367793906936,,AVAX/USD,10,10,5.925313475391181,False,False,False,False,0,False,379.7657710965956,683.3769123629057,-303.61114126631014,crypto,1d,ADD~MAXINDEX|gate,gross,fixed_combo,6.0,0.0,False,False,True,gate,0.8564834060388332,0.43617412967239755,0.4203092763664357
-0.13189901245695526,0.2,-0.13189901245695526,0.0,-0.3210681381764971,,AVAX/USD,10,10,5.925313475391181,False,False,False,False,0,False,1112.783593819859,683.3769123629057,429.4066814569534,crypto,1d,LINEARREG_ANGLE~TRIMA_50|and,gross,fixed_combo,6.0,0.0,False,False,True,and,0.759663373535198,0.3646706227012232,0.39499275083397484
-0.13189901245695526,0.2,-0.13189901245695526,0.0,-0.3210681381764971,,AVAX/USD,10,10,5.925313475391181,False,False,False,False,0,False,1112.783593819859,683.3769123629057,429.4066814569534,crypto,1d,LINEARREG_ANGLE~TRIMA_50|vote,gross,fixed_combo,6.0,0.0,False,False,True,vote,0.759663373535198,0.3646706227012232,0.39499275083397484
-0.13189901245695526,0.2,-0.13189901245695526,0.0,-0.3210681381764971,,AVAX/USD,10,10,5.925313475391181,False,False,False,False,0,False,1112.783593819859,683.3769123629057,429.4066814569534,crypto,1d,LINEARREG_SLOPE~TRIMA_50|and,gross,fixed_combo,6.0,0.0,False,False,True,and,0.759663373535198,0.3646706227012232,0.39499275083397484
-0.13189901245695526,0.2,-0.13189901245695526,0.0,-0.3210681381764971,,AVAX/USD,10,10,5.925313475391181,False,False,False,False,0,False,1112.783593819859,683.3769123629057,429.4066814569534,crypto,1d,LINEARREG_SLOPE~TRIMA_50|vote,gross,fixed_combo,6.0,0.0,False,False,True,vote,0.759663373535198,0.3646706227012232,0.39499275083397484
-0.13493155244590277,0.4,-0.1349315524459028,0.0,-0.32844993694860614,,AVAX/USD,10,10,5.925313475391181,False,False,False,False,0,False,358.32160035250934,683.3769123629057,-325.0553120103964,crypto,1d,MAXINDEX~MULT|or,gross,fixed_combo,6.0,0.0,False,False,True,or,1.0,0.9021467368060903,0.09785326319390984
-0.13601829340564234,0.2,-0.13601829340564234,0.0,-0.3310952781844823,,AVAX/USD,10,10,5.925313475391181,False,False,False,False,0,False,552.7405280818459,683.3769123629057,-130.6363842810598,crypto,1d,ATAN~TRIMA_50|and,gross,fixed_combo,6.0,0.0,False,False,True,and,0.8092447181592679,0.3859131169275511,0.4233316012317167
-0.13601829340564234,0.2,-0.13601829340564234,0.0,-0.3310952781844823,,AVAX/USD,10,10,5.925313475391181,False,False,False,False,0,False,552.7405280818459,683.3769123629057,-130.6363842810598,crypto,1d,ATAN~TRIMA_50|vote,gross,fixed_combo,6.0,0.0,False,False,True,vote,0.8092447181592679,0.3859131169275511,0.4233316012317167
-0.13753821581324344,0.3,-0.13753821581324344,0.0,-0.33479506826244426,,AVAX/USD,10,10,5.925313475391181,False,False,False,False,0,False,101.83971096447863,683.3769123629057,-581.5372013984271,crypto,1d,ADD~IMI|vote,gross,fixed_combo,6.0,0.0,False,False,True,vote,0.8845798477461295,0.428675669318279,0.45590417842785047
-0.13834937200969386,0.3,-0.13834937200969383,0.0,-0.33676958198255,,AVAX/USD,10,10,5.925313475391181,False,False,False,False,0,False,101.1958141581719,683.3769123629057,-582.1810982047339,crypto,1d,ADD~IMI|and,gross,fixed_combo,6.0,0.0,False,False,True,and,0.8844781028141305,0.428675669318279,0.4558024334958515
-0.13875060421810076,0.2,-0.13875060421810073,0.0,-0.33774626009203695,,AVAX/USD,10,10,5.925313475391181,False,False,False,False,0,False,76.10607396829285,683.3769123629057,-607.2708383946128,crypto,1d,ADD~ATAN|gate,gross,fixed_combo,6.0,0.0,False,False,True,gate,1.0,0.4826512060559405,0.5173487939440595
-0.13875060421810076,0.2,-0.13875060421810073,0.0,-0.33774626009203695,,AVAX/USD,10,10,5.925313475391181,False,False,False,False,0,False,76.10607396829285,683.3769123629057,-607.2708383946128,crypto,1d,ADD~ATAN|or,gross,fixed_combo,6.0,0.0,False,False,True,or,1.0,0.4826512060559405,0.5173487939440595
-0.13875060421810076,0.2,-0.13875060421810073,0.0,-0.33774626009203695,,AVAX/USD,10,10,5.925313475391181,False,False,False,False,0,False,76.10607396829285,683.3769123629057,-607.2708383946128,crypto,1d,ADD~IMI|or,gross,fixed_combo,6.0,0.0,False,False,True,or,1.0,0.4826512060559405,0.5173487939440595
-0.13875060421810076,0.2,-0.13875060421810073,0.0,-0.33774626009203695,,AVAX/USD,10,10,5.925313475391181,False,False,False,False,0,False,76.10607396829285,683.3769123629057,-607.2708383946128,crypto,1d,ADD~LINEARREG_ANGLE|gate,gross,fixed_combo,6.0,0.0,False,False,True,gate,1.0,0.4826512060559405,0.5173487939440595
-0.13875060421810076,0.2,-0.13875060421810073,0.0,-0.33774626009203695,,AVAX/USD,10,10,5.925313475391181,False,False,False,False,0,False,76.10607396829285,683.3769123629057,-607.2708383946128,crypto,1d,ADD~LINEARREG_ANGLE|or,gross,fixed_combo,6.0,0.0,False,False,True,or,1.0,0.4826512060559405,0.5173487939440595
-0.13875060421810076,0.2,-0.13875060421810073,0.0,-0.33774626009203695,,AVAX/USD,10,10,5.925313475391181,False,False,False,False,0,False,76.10607396829285,683.3769123629057,-607.2708383946128,crypto,1d,ADD~LINEARREG_SLOPE|gate,gross,fixed_combo,6.0,0.0,False,False,True,gate,1.0,0.4826512060559405,0.5173487939440595
-0.13875060421810076,0.2,-0.13875060421810073,0.0,-0.33774626009203695,,AVAX/USD,10,10,5.925313475391181,False,False,False,False,0,False,76.10607396829285,683.3769123629057,-607.2708383946128,crypto,1d,ADD~LINEARREG_SLOPE|or,gross,fixed_combo,6.0,0.0,False,False,True,or,1.0,0.4826512060559405,0.5173487939440595
-0.13875060421810076,0.2,-0.13875060421810073,0.0,-0.33774626009203695,,AVAX/USD,10,10,5.925313475391181,False,False,False,False,0,False,76.10607396829285,683.3769123629057,-607.2708383946128,crypto,1d,ADD~MAXINDEX|or,gross,fixed_combo,6.0,0.0,False,False,True,or,1.0,0.4826512060559405,0.5173487939440595
-0.13875060421810076,0.2,-0.13875060421810073,0.0,-0.33774626009203695,,AVAX/USD,10,10,5.925313475391181,False,False,False,False,0,False,76.10607396829285,683.3769123629057,-607.2708383946128,crypto,1d,ADD~MULT|gate,gross,fixed_combo,6.0,0.0,False,False,True,gate,1.0,0.4826512060559405,0.5173487939440595
-0.13875060421810076,0.2,-0.13875060421810073,0.0,-0.33774626009203695,,AVAX/USD,10,10,5.925313475391181,False,False,False,False,0,False,76.10607396829285,683.3769123629057,-607.2708383946128,crypto,1d,ADD~MULT|or,gross,fixed_combo,6.0,0.0,False,False,True,or,1.0,0.4826512060559405,0.5173487939440595
-0.13875060421810076,0.2,-0.13875060421810073,0.0,-0.33774626009203695,,AVAX/USD,10,10,5.925313475391181,False,False,False,False,0,False,76.10607396829285,683.3769123629057,-607.2708383946128,crypto,1d,ADD~TRIMA_50|gate,gross,fixed_combo,6.0,0.0,False,False,True,gate,1.0,0.4826512060559405,0.5173487939440595
-0.13875060421810076,0.2,-0.13875060421810073,0.0,-0.33774626009203695,,AVAX/USD,10,10,5.925313475391181,False,False,False,False,0,False,76.10607396829285,683.3769123629057,-607.2708383946128,crypto,1d,ADD~TRIMA_50|or,gross,fixed_combo,6.0,0.0,False,False,True,or,1.0,0.4826512060559405,0.5173487939440595
-0.13953234525446204,0.2,-0.13953234525446204,0.0,-0.3396491715271214,,AVAX/USD,10,10,5.925313475391181,False,False,False,False,0,False,75.20862944288562,683.3769123629057,-608.1682829200201,crypto,1d,ADD~IMI|gate,gross,fixed_combo,6.0,0.0,False,False,True,gate,0.999898255068001,0.4826512060559405,0.5172470490120606
-0.14075083257246362,0.2,-0.14075083257246362,0.0,-0.34261520931083955,,AVAX/USD,10,10,5.925313475391181,False,False,False,False,0,False,100.85421538927582,683.3769123629057,-582.5226969736299,crypto,1d,MULT~IMI|vote,gross,fixed_combo,6.0,0.0,False,False,True,vote,0.8845058805919083,0.42613322213668636,0.45837265845522196
-0.1415614568935127,0.2,-0.1415614568935127,0.0,-0.3445884283416094,,AVAX/USD,10,10,5.925313475391181,False,False,False,False,0,False,100.16782067884847,683.3769123629057,-583.2090916840573,crypto,1d,MULT~IMI|and,gross,fixed_combo,6.0,0.0,False,False,True,and,0.8844041356599094,0.42613322213668636,0.458270913523223
-0.142222583373272,0.2,-0.14222258337327198,0.0,-0.3461977402234916,,AVAX/USD,10,10,5.925313475391181,False,False,False,False,0,False,75.94353168448734,683.3769123629057,-607.4333806784184,crypto,1d,ADD~MULT|and,gross,fixed_combo,6.0,0.0,False,False,True,and,0.9949890727910358,0.47764027884697635,0.5173487939440595
-0.142222583373272,0.2,-0.14222258337327198,0.0,-0.3461977402234916,,AVAX/USD,10,10,5.925313475391181,False,False,False,False,0,False,75.94353168448734,683.3769123629057,-607.4333806784184,crypto,1d,ADD~MULT|vote,gross,fixed_combo,6.0,0.0,False,False,True,vote,0.9949890727910358,0.47764027884697635,0.5173487939440595
-0.14255179668293524,0.3,-0.14255179668293524,0.0,-0.34699911016878204,,AVAX/USD,10,10,5.925313475391181,False,False,False,False,0,False,369.7741628184952,683.3769123629057,-313.6027495444105,crypto,1d,MULT~MAXINDEX|gate,gross,fixed_combo,6.0,0.0,False,False,True,gate,0.8564834060388332,0.4319769480797195,0.4245064579591139
-0.14522422726455314,0.2,-0.14522422726455314,0.0,-0.3535043318172459,,AVAX/USD,10,10,5.925313475391181,False,False,False,False,0,False,74.67196019844755,683.3769123629057,-608.7049521644582,crypto,1d,MULT~ADD|gate,gross,fixed_combo,6.0,0.0,False,False,True,gate,1.0,0.47764027884697635,0.5223597211530236
-0.14522422726455314,0.2,-0.14522422726455314,0.0,-0.3535043318172459,,AVAX/USD,10,10,5.925313475391181,False,False,False,False,0,False,74.67196019844755,683.3769123629057,-608.7049521644582,crypto,1d,MULT~ATAN|gate,gross,fixed_combo,6.0,0.0,False,False,True,gate,1.0,0.47764027884697635,0.5223597211530236
-0.14522422726455314,0.2,-0.14522422726455314,0.0,-0.3535043318172459,,AVAX/USD,10,10,5.925313475391181,False,False,False,False,0,False,74.67196019844755,683.3769123629057,-608.7049521644582,crypto,1d,MULT~ATAN|or,gross,fixed_combo,6.0,0.0,False,False,True,or,1.0,0.47764027884697635,0.5223597211530236
-0.14522422726455314,0.2,-0.14522422726455314,0.0,-0.3535043318172459,,AVAX/USD,10,10,5.925313475391181,False,False,False,False,0,False,74.67196019844755,683.3769123629057,-608.7049521644582,crypto,1d,MULT~IMI|or,gross,fixed_combo,6.0,0.0,False,False,True,or,1.0,0.47764027884697635,0.5223597211530236
-0.14522422726455314,0.2,-0.14522422726455314,0.0,-0.3535043318172459,,AVAX/USD,10,10,5.925313475391181,False,False,False,False,0,False,74.67196019844755,683.3769123629057,-608.7049521644582,crypto,1d,MULT~LINEARREG_ANGLE|gate,gross,fixed_combo,6.0,0.0,False,False,True,gate,1.0,0.47764027884697635,0.5223597211530236
-0.14522422726455314,0.2,-0.14522422726455314,0.0,-0.3535043318172459,,AVAX/USD,10,10,5.925313475391181,False,False,False,False,0,False,74.67196019844755,683.3769123629057,-608.7049521644582,crypto,1d,MULT~LINEARREG_ANGLE|or,gross,fixed_combo,6.0,0.0,False,False,True,or,1.0,0.47764027884697635,0.5223597211530236
-0.14522422726455314,0.2,-0.14522422726455314,0.0,-0.3535043318172459,,AVAX/USD,10,10,5.925313475391181,False,False,False,False,0,False,74.67196019844755,683.3769123629057,-608.7049521644582,crypto,1d,MULT~LINEARREG_SLOPE|gate,gross,fixed_combo,6.0,0.0,False,False,True,gate,1.0,0.47764027884697635,0.5223597211530236
-0.14522422726455314,0.2,-0.14522422726455314,0.0,-0.3535043318172459,,AVAX/USD,10,10,5.925313475391181,False,False,False,False,0,False,74.67196019844755,683.3769123629057,-608.7049521644582,crypto,1d,MULT~LINEARREG_SLOPE|or,gross,fixed_combo,6.0,0.0,False,False,True,or,1.0,0.47764027884697635,0.5223597211530236
-0.14522422726455314,0.2,-0.14522422726455314,0.0,-0.3535043318172459,,AVAX/USD,10,10,5.925313475391181,False,False,False,False,0,False,74.67196019844755,683.3769123629057,-608.7049521644582,crypto,1d,MULT~TRIMA_50|gate,gross,fixed_combo,6.0,0.0,False,False,True,gate,1.0,0.47764027884697635,0.5223597211530236
-0.14522422726455314,0.2,-0.14522422726455314,0.0,-0.3535043318172459,,AVAX/USD,10,10,5.925313475391181,False,False,False,False,0,False,74.67196019844755,683.3769123629057,-608.7049521644582,crypto,1d,MULT~TRIMA_50|or,gross,fixed_combo,6.0,0.0,False,False,True,or,1.0,0.47764027884697635,0.5223597211530236
-0.14600432237312072,0.2,-0.14600432237312072,0.0,-0.3554032367403599,,AVAX/USD,10,10,5.925313475391181,False,False,False,False,0,False,73.642847546735,683.3769123629057,-609.7340648161708,crypto,1d,MULT~IMI|gate,gross,fixed_combo,6.0,0.0,False,False,True,gate,0.999898255068001,0.47764027884697635,0.5222579762210248
-0.14755518518652833,0.2,-0.14755518518652833,0.0,-0.3591783418514042,,AVAX/USD,10,10,5.925313475391181,False,False,False,False,0,False,419.6601108613947,683.3769123629057,-263.71680150151104,crypto,1d,ATAN~MAXINDEX|gate,gross,fixed_combo,6.0,0.0,False,False,True,gate,0.8564834060388332,0.4395255538448379,0.4169578521939954
-0.15224304096702895,0.4,-0.15224304096702895,0.0,-0.3705895048271426,,XRP/USD,10,10,5.925313475391181,False,False,False,False,0,False,517.6024439636175,683.3769123629057,-165.77446839928825,crypto,1d,MAXINDEX~IMI|gate,gross,fixed_combo,6.0,0.0,False,False,True,gate,0.8563816611068343,0.8563816611068343,0.0
-0.15464975459584804,0.1,-0.154649754595848,0.0,-0.37644791915136744,,AVAX/USD,10,10,5.925313475391181,False,False,False,False,0,False,3108.9370648358954,683.3769123629057,2425.5601524729896,crypto,1d,LINEARREG_ANGLE~MAXINDEX|gate,gross,fixed_combo,6.0,0.0,False,False,True,gate,0.8564834060388332,0.4428697074672825,0.4136136985715508
-0.15464975459584804,0.1,-0.154649754595848,0.0,-0.37644791915136744,,AVAX/USD,10,10,5.925313475391181,False,False,False,False,0,False,3108.9370648358954,683.3769123629057,2425.5601524729896,crypto,1d,LINEARREG_SLOPE~MAXINDEX|gate,gross,fixed_combo,6.0,0.0,False,False,True,gate,0.8564834060388332,0.4428697074672825,0.4136136985715508
-0.15556422156846544,0.4,-0.15556422156846544,0.0,-0.3786739116197947,,XRP/USD,10,10,5.925313475391181,False,False,False,False,0,False,516.9524963679993,683.3769123629057,-166.42441599490644,crypto,1d,MAXINDEX~ADD|gate,gross,fixed_combo,6.0,0.0,False,False,True,gate,0.8564834060388332,0.8564834060388332,0.0
-0.15556422156846544,0.4,-0.15556422156846544,0.0,-0.3786739116197947,,XRP/USD,10,10,5.925313475391181,False,False,False,False,0,False,516.9524963679993,683.3769123629057,-166.42441599490644,crypto,1d,MAXINDEX~ATAN|gate,gross,fixed_combo,6.0,0.0,False,False,True,gate,0.8564834060388332,0.8564834060388332,0.0
-0.15556422156846544,0.4,-0.15556422156846544,0.0,-0.3786739116197947,,XRP/USD,10,10,5.925313475391181,False,False,False,False,0,False,516.9524963679993,683.3769123629057,-166.42441599490644,crypto,1d,MAXINDEX~LINEARREG_ANGLE|gate,gross,fixed_combo,6.0,0.0,False,False,True,gate,0.8564834060388332,0.8564834060388332,0.0
-0.15556422156846544,0.4,-0.15556422156846544,0.0,-0.3786739116197947,,XRP/USD,10,10,5.925313475391181,False,False,False,False,0,False,516.9524963679993,683.3769123629057,-166.42441599490644,crypto,1d,MAXINDEX~LINEARREG_SLOPE|gate,gross,fixed_combo,6.0,0.0,False,False,True,gate,0.8564834060388332,0.8564834060388332,0.0
-0.15556422156846544,0.4,-0.15556422156846544,0.0,-0.3786739116197947,,XRP/USD,10,10,5.925313475391181,False,False,False,False,0,False,516.9524963679993,683.3769123629057,-166.42441599490644,crypto,1d,MAXINDEX~MULT|gate,gross,fixed_combo,6.0,0.0,False,False,True,gate,0.8564834060388332,0.8564834060388332,0.0
-0.15556422156846544,0.4,-0.15556422156846544,0.0,-0.3786739116197947,,XRP/USD,10,10,5.925313475391181,False,False,False,False,0,False,516.9524963679993,683.3769123629057,-166.42441599490644,crypto,1d,MAXINDEX~TRIMA_50|gate,gross,fixed_combo,6.0,0.0,False,False,True,gate,0.8564834060388332,0.8564834060388332,0.0
-0.1581134994252144,0.2,-0.1581134994252144,0.0,-0.3848793553142884,,AVAX/USD,10,10,5.925313475391181,False,False,False,False,0,False,102.269300099429,683.3769123629057,-581.1076122634768,crypto,1d,LINEARREG_ANGLE~IMI|and,gross,fixed_combo,6.0,0.0,False,False,True,and,0.8584752159781027,0.4215597254298178,0.43691549054828493
-0.1581134994252144,0.2,-0.1581134994252144,0.0,-0.3848793553142884,,AVAX/USD,10,10,5.925313475391181,False,False,False,False,0,False,102.269300099429,683.3769123629057,-581.1076122634768,crypto,1d,LINEARREG_SLOPE~IMI|and,gross,fixed_combo,6.0,0.0,False,False,True,and,0.8584752159781027,0.4215597254298178,0.43691549054828493
-0.15818628955118633,0.2,-0.1581862895511863,0.0,-0.3850565407972431,,AVAX/USD,10,10,5.925313475391181,False,False,False,False,0,False,341.97484180771005,683.3769123629057,-341.4020705551957,crypto,1d,ADD~MAXINDEX|vote,gross,fixed_combo,6.0,0.0,False,False,True,vote,0.5796907236335642,0.4826512060559405,0.09703951757762382
-0.15846603874526594,0.2,-0.15846603874526594,0.0,-0.38573750535661633,,AVAX/USD,10,10,5.925313475391181,False,False,False,False,0,False,103.09995632474806,683.3769123629057,-580.2769560381577,crypto,1d,LINEARREG_ANGLE~IMI|vote,gross,fixed_combo,6.0,0.0,False,False,True,vote,0.8585769609101017,0.42160591480626125,0.4369710461038405
-0.15846603874526594,0.2,-0.15846603874526594,0.0,-0.38573750535661633,,AVAX/USD,10,10,5.925313475391181,False,False,False,False,0,False,103.09995632474806,683.3769123629057,-580.2769560381577,crypto,1d,LINEARREG_SLOPE~IMI|vote,gross,fixed_combo,6.0,0.0,False,False,True,vote,0.8585769609101017,0.42160591480626125,0.4369710461038405
-0.16037184765192897,0.2,-0.16037184765192897,0.0,-0.39037661906933024,,AVAX/USD,10,10,5.925313475391181,False,False,False,False,0,False,349.7707726347786,683.3769123629057,-333.6061397281271,crypto,1d,MAXINDEX~MULT|vote,gross,fixed_combo,6.0,0.0,False,False,True,vote,0.5754935420408861,0.47764027884697635,0.09785326319390984
-0.16068323269146637,0.2,-0.1606832326914664,0.0,-0.39113459149867585,,AVAX/USD,10,10,5.925313475391181,False,False,False,False,0,False,87.47188591639913,683.3769123629057,-595.9050264465066,crypto,1d,IMI~ATAN|and,gross,fixed_combo,6.0,0.0,False,False,True,and,0.885430309639894,0.43148909417500636,0.4539412154648875
-0.1608570485728967,0.2,-0.16085704857289668,0.0,-0.3915576935401302,,AVAX/USD,10,10,5.925313475391181,False,False,False,False,0,False,910.7262457086481,683.3769123629057,227.34933334574237,crypto,1d,ADD~MAXINDEX|and,gross,fixed_combo,6.0,0.0,False,False,True,and,0.43617412967239755,0.43617412967239755,0.0
-0.1610348034099271,0.2,-0.16103480340992712,0.0,-0.39199038377422757,,AVAX/USD,10,10,5.925313475391181,False,False,False,False,0,False,88.02402910015962,683.3769123629057,-595.3528832627461,crypto,1d,IMI~ATAN|vote,gross,fixed_combo,6.0,0.0,False,False,True,vote,0.8855320545718929,0.4315352835514498,0.4539967710204431
-0.16167082700032553,0.2,-0.16167082700032553,0.0,-0.393538590286177,,AVAX/USD,10,10,5.925313475391181,False,False,False,False,0,False,109.23143261117907,683.3769123629057,-574.1454797517266,crypto,1d,ADD~LINEARREG_ANGLE|and,gross,fixed_combo,6.0,0.0,False,False,True,and,0.866075635103926,0.42159761782567784,0.4444780172782482
-0.16167082700032553,0.2,-0.16167082700032553,0.0,-0.393538590286177,,AVAX/USD,10,10,5.925313475391181,False,False,False,False,0,False,109.23143261117907,683.3769123629057,-574.1454797517266,crypto,1d,ADD~LINEARREG_ANGLE|vote,gross,fixed_combo,6.0,0.0,False,False,True,vote,0.866075635103926,0.42159761782567784,0.4444780172782482
-0.16167082700032553,0.2,-0.16167082700032553,0.0,-0.393538590286177,,AVAX/USD,10,10,5.925313475391181,False,False,False,False,0,False,109.23143261117907,683.3769123629057,-574.1454797517266,crypto,1d,ADD~LINEARREG_SLOPE|and,gross,fixed_combo,6.0,0.0,False,False,True,and,0.866075635103926,0.42159761782567784,0.4444780172782482
-0.16167082700032553,0.2,-0.16167082700032553,0.0,-0.393538590286177,,AVAX/USD,10,10,5.925313475391181,False,False,False,False,0,False,109.23143261117907,683.3769123629057,-574.1454797517266,crypto,1d,ADD~LINEARREG_SLOPE|vote,gross,fixed_combo,6.0,0.0,False,False,True,vote,0.866075635103926,0.42159761782567784,0.4444780172782482
-0.16325199446210453,0.2,-0.16325199446210448,0.0,-0.397387462871666,,AVAX/USD,10,10,5.925313475391181,False,False,False,False,0,False,79.41126476889336,683.3769123629057,-603.9656475940124,crypto,1d,ADD~ATAN|and,gross,fixed_combo,6.0,0.0,False,False,True,and,0.940801749208793,0.45541249679240436,0.48538925241638864
-0.16325199446210453,0.2,-0.16325199446210448,0.0,-0.397387462871666,,AVAX/USD,10,10,5.925313475391181,False,False,False,False,0,False,79.41126476889336,683.3769123629057,-603.9656475940124,crypto,1d,ADD~ATAN|vote,gross,fixed_combo,6.0,0.0,False,False,True,vote,0.940801749208793,0.45541249679240436,0.48538925241638864
-0.16508754894165414,0.2,-0.16508754894165414,0.0,-0.4018555634911672,,AVAX/USD,10,10,5.925313475391181,False,False,False,False,0,False,112.93128197731922,683.3769123629057,-570.4456303855865,crypto,1d,MULT~LINEARREG_ANGLE|and,gross,fixed_combo,6.0,0.0,False,False,True,and,0.8654644170729622,0.4187865452057138,0.4466778718672483
-0.16508754894165414,0.2,-0.16508754894165414,0.0,-0.4018555634911672,,AVAX/USD,10,10,5.925313475391181,False,False,False,False,0,False,112.93128197731922,683.3769123629057,-570.4456303855865,crypto,1d,MULT~LINEARREG_ANGLE|vote,gross,fixed_combo,6.0,0.0,False,False,True,vote,0.8654644170729622,0.4187865452057138,0.4466778718672483
-0.16508754894165414,0.2,-0.16508754894165414,0.0,-0.4018555634911672,,AVAX/USD,10,10,5.925313475391181,False,False,False,False,0,False,112.93128197731922,683.3769123629057,-570.4456303855865,crypto,1d,MULT~LINEARREG_SLOPE|and,gross,fixed_combo,6.0,0.0,False,False,True,and,0.8654644170729622,0.4187865452057138,0.4466778718672483
-0.16508754894165414,0.2,-0.16508754894165414,0.0,-0.4018555634911672,,AVAX/USD,10,10,5.925313475391181,False,False,False,False,0,False,112.93128197731922,683.3769123629057,-570.4456303855865,crypto,1d,MULT~LINEARREG_SLOPE|vote,gross,fixed_combo,6.0,0.0,False,False,True,vote,0.8654644170729622,0.4187865452057138,0.4466778718672483
-0.16650321156255163,0.2,-0.16650321156255166,0.0,-0.4053015647425105,,AVAX/USD,10,10,5.925313475391181,False,False,False,False,0,False,76.55248478691189,683.3769123629057,-606.8244275759938,crypto,1d,MULT~ATAN|and,gross,fixed_combo,6.0,0.0,False,False,True,and,0.9401922418954751,0.45260227953126336,0.4875899623642118
-0.16650321156255163,0.2,-0.16650321156255166,0.0,-0.4053015647425105,,AVAX/USD,10,10,5.925313475391181,False,False,False,False,0,False,76.55248478691189,683.3769123629057,-606.8244275759938,crypto,1d,MULT~ATAN|vote,gross,fixed_combo,6.0,0.0,False,False,True,vote,0.9401922418954751,0.45260227953126336,0.4875899623642118
-0.17038394814343114,0.2,-0.1703839481434311,0.0,-0.4147480408424209,,AVAX/USD,10,10,5.925313475391181,False,False,False,False,0,False,896.8202227895366,683.3769123629057,213.4433104266309,crypto,1d,MAXINDEX~MULT|and,gross,fixed_combo,6.0,0.0,False,False,True,and,0.4319769480797195,0.4319769480797195,0.0
-0.17489099451251358,0.2,-0.17489099451251355,0.0,-0.42571907814922927,,AVAX/USD,10,10,5.925313475391181,False,False,False,False,0,False,1033.7757478252329,683.3769123629057,350.39883546232716,crypto,1d,MAXINDEX~ATAN|and,gross,fixed_combo,6.0,0.0,False,False,True,and,0.4395255538448379,0.4395255538448379,0.0
-0.17591265093270136,0.1,-0.17591265093270136,0.0,-0.42820599081502964,,AVAX/USD,10,10,5.925313475391181,False,False,False,False,0,False,90.08626212255635,683.3769123629057,-593.2906502403494,crypto,1d,LINEARREG_ANGLE~IMI|gate,gross,fixed_combo,6.0,0.0,False,False,True,gate,0.999898255068001,0.4944222051150457,0.5054760499529553
-0.17591265093270136,0.1,-0.17591265093270136,0.0,-0.42820599081502964,,AVAX/USD,10,10,5.925313475391181,False,False,False,False,0,False,90.08626212255635,683.3769123629057,-593.2906502403494,crypto,1d,LINEARREG_SLOPE~IMI|gate,gross,fixed_combo,6.0,0.0,False,False,True,gate,0.999898255068001,0.4944222051150457,0.5054760499529553
-0.17625290922840642,0.1,-0.1762529092284064,0.0,-0.4290342464286703,,AVAX/USD,10,10,5.925313475391181,False,False,False,False,0,False,91.45337041111699,683.3769123629057,-591.9235419517887,crypto,1d,LINEARREG_ANGLE~ADD|gate,gross,fixed_combo,6.0,0.0,False,False,True,gate,1.0,0.49446839449148916,0.5055316055085108
-0.17625290922840642,0.1,-0.1762529092284064,0.0,-0.4290342464286703,,AVAX/USD,10,10,5.925313475391181,False,False,False,False,0,False,91.45337041111699,683.3769123629057,-591.9235419517887,crypto,1d,LINEARREG_ANGLE~ATAN|gate,gross,fixed_combo,6.0,0.0,False,False,True,gate,1.0,0.49446839449148916,0.5055316055085108
-0.17625290922840642,0.1,-0.1762529092284064,0.0,-0.4290342464286703,,AVAX/USD,10,10,5.925313475391181,False,False,False,False,0,False,91.45337041111699,683.3769123629057,-591.9235419517887,crypto,1d,LINEARREG_ANGLE~ATAN|or,gross,fixed_combo,6.0,0.0,False,False,True,or,1.0,0.49446839449148916,0.5055316055085108
-0.17625290922840642,0.1,-0.1762529092284064,0.0,-0.4290342464286703,,AVAX/USD,10,10,5.925313475391181,False,False,False,False,0,False,91.45337041111699,683.3769123629057,-591.9235419517887,crypto,1d,LINEARREG_ANGLE~IMI|or,gross,fixed_combo,6.0,0.0,False,False,True,or,1.0,0.49446839449148916,0.5055316055085108
-0.17625290922840642,0.1,-0.1762529092284064,0.0,-0.4290342464286703,,AVAX/USD,10,10,5.925313475391181,False,False,False,False,0,False,91.45337041111699,683.3769123629057,-591.9235419517887,crypto,1d,LINEARREG_ANGLE~LINEARREG_SLOPE|and,gross,fixed_combo,6.0,0.0,False,False,True,and,1.0,0.49446839449148916,0.5055316055085108
-0.17625290922840642,0.1,-0.1762529092284064,0.0,-0.4290342464286703,,AVAX/USD,10,10,5.925313475391181,False,False,False,False,0,False,91.45337041111699,683.3769123629057,-591.9235419517887,crypto,1d,LINEARREG_ANGLE~LINEARREG_SLOPE|gate,gross,fixed_combo,6.0,0.0,False,False,True,gate,1.0,0.49446839449148916,0.5055316055085108
-0.17625290922840642,0.1,-0.1762529092284064,0.0,-0.4290342464286703,,AVAX/USD,10,10,5.925313475391181,False,False,False,False,0,False,91.45337041111699,683.3769123629057,-591.9235419517887,crypto,1d,LINEARREG_ANGLE~LINEARREG_SLOPE|or,gross,fixed_combo,6.0,0.0,False,False,True,or,1.0,0.49446839449148916,0.5055316055085108
-0.17625290922840642,0.1,-0.1762529092284064,0.0,-0.4290342464286703,,AVAX/USD,10,10,5.925313475391181,False,False,False,False,0,False,91.45337041111699,683.3769123629057,-591.9235419517887,crypto,1d,LINEARREG_ANGLE~LINEARREG_SLOPE|vote,gross,fixed_combo,6.0,0.0,False,False,True,vote,1.0,0.49446839449148916,0.5055316055085108
-0.17625290922840642,0.1,-0.1762529092284064,0.0,-0.4290342464286703,,AVAX/USD,10,10,5.925313475391181,False,False,False,False,0,False,91.45337041111699,683.3769123629057,-591.9235419517887,crypto,1d,LINEARREG_ANGLE~MULT|gate,gross,fixed_combo,6.0,0.0,False,False,True,gate,1.0,0.49446839449148916,0.5055316055085108
-0.17625290922840642,0.1,-0.1762529092284064,0.0,-0.4290342464286703,,AVAX/USD,10,10,5.925313475391181,False,False,False,False,0,False,91.45337041111699,683.3769123629057,-591.9235419517887,crypto,1d,LINEARREG_ANGLE~TRIMA_50|gate,gross,fixed_combo,6.0,0.0,False,False,True,gate,1.0,0.49446839449148916,0.5055316055085108
-0.17625290922840642,0.1,-0.1762529092284064,0.0,-0.4290342464286703,,AVAX/USD,10,10,5.925313475391181,False,False,False,False,0,False,91.45337041111699,683.3769123629057,-591.9235419517887,crypto,1d,LINEARREG_ANGLE~TRIMA_50|or,gross,fixed_combo,6.0,0.0,False,False,True,or,1.0,0.49446839449148916,0.5055316055085108
-0.17625290922840642,0.1,-0.1762529092284064,0.0,-0.4290342464286703,,AVAX/USD,10,10,5.925313475391181,False,False,False,False,0,False,91.45337041111699,683.3769123629057,-591.9235419517887,crypto,1d,LINEARREG_SLOPE~ADD|gate,gross,fixed_combo,6.0,0.0,False,False,True,gate,1.0,0.49446839449148916,0.5055316055085108
-0.17625290922840642,0.1,-0.1762529092284064,0.0,-0.4290342464286703,,AVAX/USD,10,10,5.925313475391181,False,False,False,False,0,False,91.45337041111699,683.3769123629057,-591.9235419517887,crypto,1d,LINEARREG_SLOPE~ATAN|gate,gross,fixed_combo,6.0,0.0,False,False,True,gate,1.0,0.49446839449148916,0.5055316055085108
-0.17625290922840642,0.1,-0.1762529092284064,0.0,-0.4290342464286703,,AVAX/USD,10,10,5.925313475391181,False,False,False,False,0,False,91.45337041111699,683.3769123629057,-591.9235419517887,crypto,1d,LINEARREG_SLOPE~ATAN|or,gross,fixed_combo,6.0,0.0,False,False,True,or,1.0,0.49446839449148916,0.5055316055085108
-0.17625290922840642,0.1,-0.1762529092284064,0.0,-0.4290342464286703,,AVAX/USD,10,10,5.925313475391181,False,False,False,False,0,False,91.45337041111699,683.3769123629057,-591.9235419517887,crypto,1d,LINEARREG_SLOPE~IMI|or,gross,fixed_combo,6.0,0.0,False,False,True,or,1.0,0.49446839449148916,0.5055316055085108
-0.17625290922840642,0.1,-0.1762529092284064,0.0,-0.4290342464286703,,AVAX/USD,10,10,5.925313475391181,False,False,False,False,0,False,91.45337041111699,683.3769123629057,-591.9235419517887,crypto,1d,LINEARREG_SLOPE~LINEARREG_ANGLE|gate,gross,fixed_combo,6.0,0.0,False,False,True,gate,1.0,0.49446839449148916,0.5055316055085108
-0.17625290922840642,0.1,-0.1762529092284064,0.0,-0.4290342464286703,,AVAX/USD,10,10,5.925313475391181,False,False,False,False,0,False,91.45337041111699,683.3769123629057,-591.9235419517887,crypto,1d,LINEARREG_SLOPE~MULT|gate,gross,fixed_combo,6.0,0.0,False,False,True,gate,1.0,0.49446839449148916,0.5055316055085108
-0.17625290922840642,0.1,-0.1762529092284064,0.0,-0.4290342464286703,,AVAX/USD,10,10,5.925313475391181,False,False,False,False,0,False,91.45337041111699,683.3769123629057,-591.9235419517887,crypto,1d,LINEARREG_SLOPE~TRIMA_50|gate,gross,fixed_combo,6.0,0.0,False,False,True,gate,1.0,0.49446839449148916,0.5055316055085108
-0.17625290922840642,0.1,-0.1762529092284064,0.0,-0.4290342464286703,,AVAX/USD,10,10,5.925313475391181,False,False,False,False,0,False,91.45337041111699,683.3769123629057,-591.9235419517887,crypto,1d,LINEARREG_SLOPE~TRIMA_50|or,gross,fixed_combo,6.0,0.0,False,False,True,or,1.0,0.49446839449148916,0.5055316055085108
-0.18321270234528347,0.1,-0.18321270234528347,0.0,-0.4459757517250693,,AVAX/USD,10,10,5.925313475391181,False,False,False,False,0,False,95.16962830504072,683.3769123629057,-588.207284057865,crypto,1d,ATAN~IMI|gate,gross,fixed_combo,6.0,0.0,False,False,True,gate,0.999898255068001,0.4873258489436319,0.5125724061243692
-0.1835511980298741,0.1,-0.1835511980298741,0.0,-0.44679971679658764,,AVAX/USD,10,10,5.925313475391181,False,False,False,False,0,False,95.86238941445743,683.3769123629057,-587.5145229484483,crypto,1d,ATAN~ADD|gate,gross,fixed_combo,6.0,0.0,False,False,True,gate,1.0,0.48737203832007525,0.5126279616799247
-0.1835511980298741,0.1,-0.1835511980298741,0.0,-0.44679971679658764,,AVAX/USD,10,10,5.925313475391181,False,False,False,False,0,False,95.86238941445743,683.3769123629057,-587.5145229484483,crypto,1d,ATAN~LINEARREG_ANGLE|gate,gross,fixed_combo,6.0,0.0,False,False,True,gate,1.0,0.48737203832007525,0.5126279616799247
-0.1835511980298741,0.1,-0.1835511980298741,0.0,-0.44679971679658764,,AVAX/USD,10,10,5.925313475391181,False,False,False,False,0,False,95.86238941445743,683.3769123629057,-587.5145229484483,crypto,1d,ATAN~LINEARREG_SLOPE|gate,gross,fixed_combo,6.0,0.0,False,False,True,gate,1.0,0.48737203832007525,0.5126279616799247
-0.1835511980298741,0.1,-0.1835511980298741,0.0,-0.44679971679658764,,AVAX/USD,10,10,5.925313475391181,False,False,False,False,0,False,95.86238941445743,683.3769123629057,-587.5145229484483,crypto,1d,ATAN~MULT|gate,gross,fixed_combo,6.0,0.0,False,False,True,gate,1.0,0.48737203832007525,0.5126279616799247
-0.1835511980298741,0.1,-0.1835511980298741,0.0,-0.44679971679658764,,AVAX/USD,10,10,5.925313475391181,False,False,False,False,0,False,95.86238941445743,683.3769123629057,-587.5145229484483,crypto,1d,ATAN~TRIMA_50|gate,gross,fixed_combo,6.0,0.0,False,False,True,gate,1.0,0.48737203832007525,0.5126279616799247
-0.1835511980298741,0.1,-0.1835511980298741,0.0,-0.44679971679658764,,AVAX/USD,10,10,5.925313475391181,False,False,False,False,0,False,95.86238941445743,683.3769123629057,-587.5145229484483,crypto,1d,ATAN~TRIMA_50|or,gross,fixed_combo,6.0,0.0,False,False,True,or,1.0,0.48737203832007525,0.5126279616799247
-0.18550425460689535,0.2,-0.1855042546068953,0.0,-0.4515538406316104,,AVAX/USD,10,10,5.925313475391181,False,False,False,False,0,False,347.0949940720345,683.3769123629057,-336.2819182908712,crypto,1d,IS#1[combo],gross,wf_combo,6.0,4.0,False,False,True,,,,
-0.18666437951209852,0.1,-0.18666437951209852,0.0,-0.45437781282387624,,AVAX/USD,10,10,5.925313475391181,False,False,False,False,0,False,116.92693036772944,683.3769123629057,-566.4499819951762,crypto,1d,LINEARREG_ANGLE~ATAN|and,gross,fixed_combo,6.0,0.0,False,False,True,and,0.8476972029766486,0.4147688178941066,0.4329283850825421
-0.18666437951209852,0.1,-0.18666437951209852,0.0,-0.45437781282387624,,AVAX/USD,10,10,5.925313475391181,False,False,False,False,0,False,116.92693036772944,683.3769123629057,-566.4499819951762,crypto,1d,LINEARREG_ANGLE~ATAN|vote,gross,fixed_combo,6.0,0.0,False,False,True,vote,0.8476972029766486,0.4147688178941066,0.4329283850825421
-0.18666437951209852,0.1,-0.18666437951209852,0.0,-0.45437781282387624,,AVAX/USD,10,10,5.925313475391181,False,False,False,False,0,False,116.92693036772944,683.3769123629057,-566.4499819951762,crypto,1d,LINEARREG_SLOPE~ATAN|and,gross,fixed_combo,6.0,0.0,False,False,True,and,0.8476972029766486,0.4147688178941066,0.4329283850825421
-0.18666437951209852,0.1,-0.18666437951209852,0.0,-0.45437781282387624,,AVAX/USD,10,10,5.925313475391181,False,False,False,False,0,False,116.92693036772944,683.3769123629057,-566.4499819951762,crypto,1d,LINEARREG_SLOPE~ATAN|vote,gross,fixed_combo,6.0,0.0,False,False,True,vote,0.8476972029766486,0.4147688178941066,0.4329283850825421
-0.18859380737479123,0.2,-0.18859380737479123,0.0,-0.45907441972093527,,AVAX/USD,10,10,5.925313475391181,False,False,False,False,0,False,1988.5835686765276,683.3769123629057,1305.2066563136218,crypto,1d,MAXINDEX~LINEARREG_ANGLE|and,gross,fixed_combo,6.0,0.0,False,False,True,and,0.4428697074672825,0.4428697074672825,0.0
-0.18859380737479123,0.2,-0.18859380737479123,0.0,-0.45907441972093527,,AVAX/USD,10,10,5.925313475391181,False,False,False,False,0,False,1988.5835686765276,683.3769123629057,1305.2066563136218,crypto,1d,MAXINDEX~LINEARREG_SLOPE|and,gross,fixed_combo,6.0,0.0,False,False,True,and,0.4428697074672825,0.4428697074672825,0.0
-0.18957357455787052,0.3,-0.18957357455787052,0.0,-0.4614593657448515,,AVAX/USD,10,10,5.925313475391181,False,False,False,False,0,False,386.7215634482203,683.3769123629057,-296.6553489146854,crypto,1d,MAXINDEX~IMI|vote,gross,fixed_combo,6.0,0.0,False,False,True,vote,0.5862806004618937,0.49022202976648704,0.09605857069540671
-0.19656656588120394,0.3,-0.19656656588120394,0.0,-0.4784816820051782,,AVAX/USD,10,10,5.925313475391181,False,False,False,False,0,False,243.3029509960194,683.3769123629057,-440.07396136688635,crypto,1d,MAXINDEX~LINEARREG_ANGLE|or,gross,fixed_combo,6.0,0.0,False,False,True,or,1.0,0.9080820930630399,0.09191790693696006
-0.19656656588120394,0.3,-0.19656656588120394,0.0,-0.4784816820051782,,AVAX/USD,10,10,5.925313475391181,False,False,False,False,0,False,243.3029509960194,683.3769123629057,-440.07396136688635,crypto,1d,MAXINDEX~LINEARREG_SLOPE|or,gross,fixed_combo,6.0,0.0,False,False,True,or,1.0,0.9080820930630399,0.09191790693696006
-0.21018477238042527,0.2,-0.21018477238042524,0.0,-0.5116310750488522,,AVAX/USD,10,10,5.925313475391181,False,False,False,False,0,False,291.45279919299065,683.3769123629057,-391.9241131699151,crypto,1d,MAXINDEX~LINEARREG_ANGLE|vote,gross,fixed_combo,6.0,0.0,False,False,True,vote,0.5863863014284492,0.49446839449148916,0.09191790693696006
-0.21018477238042527,0.2,-0.21018477238042524,0.0,-0.5116310750488522,,AVAX/USD,10,10,5.925313475391181,False,False,False,False,0,False,291.45279919299065,683.3769123629057,-391.9241131699151,crypto,1d,MAXINDEX~LINEARREG_SLOPE|vote,gross,fixed_combo,6.0,0.0,False,False,True,vote,0.5863863014284492,0.49446839449148916,0.09191790693696006
-0.21861160689255757,0.3,-0.21861160689255757,0.0,-0.5321436476385426,,AVAX/USD,10,10,5.925313475391181,False,False,False,False,0,False,269.2575592174211,683.3769123629057,-414.11935314548464,crypto,1d,MAXINDEX~ATAN|or,gross,fixed_combo,6.0,0.0,False,False,True,or,1.0,0.9043298905140708,0.09567010948592934
-0.22083232116056659,0.1,-0.22083232116056664,0.0,-0.53754930293626,,AVAX/USD,10,10,5.925313475391181,False,False,False,False,0,False,386.385681460175,683.3769123629057,-296.9912309027307,crypto,1d,MAXINDEX~ATAN|vote,gross,fixed_combo,6.0,0.0,False,False,True,vote,0.5830421478060046,0.48737203832007525,0.09567010948592934
-0.265920675175766,0.4,-0.265920675175766,0.0,-0.6473032245725361,,AVAX/USD,10,10,5.925313475391181,False,False,False,False,0,False,203.54230614688282,683.3769123629057,-479.8346062160229,crypto,1d,MAXINDEX~IMI|or,gross,fixed_combo,6.0,0.0,False,False,True,or,1.0,0.9039414293045933,0.09605857069540671
-0.14790780641512855,0.3,-0.04271075666514264,0.0,-0.3600366912752494,,SOL/USD,10,10,5.925313475391181,False,False,False,False,0,False,494.19915461882664,683.3769123629057,-189.1777577440791,crypto,1d,TRIMA_50~ADD|gate,kraken,fixed_combo,6.0,0.0,False,False,True,gate,1.0,0.4752094773757592,0.5247905226242409
-0.14790780641512855,0.3,-0.04271075666514264,0.0,-0.3600366912752494,,SOL/USD,10,10,5.925313475391181,False,False,False,False,0,False,494.19915461882664,683.3769123629057,-189.1777577440791,crypto,1d,TRIMA_50~ATAN|gate,kraken,fixed_combo,6.0,0.0,False,False,True,gate,1.0,0.4752094773757592,0.5247905226242409
-0.14790780641512855,0.3,-0.04271075666514264,0.0,-0.3600366912752494,,SOL/USD,10,10,5.925313475391181,False,False,False,False,0,False,494.19915461882664,683.3769123629057,-189.1777577440791,crypto,1d,TRIMA_50~LINEARREG_ANGLE|gate,kraken,fixed_combo,6.0,0.0,False,False,True,gate,1.0,0.4752094773757592,0.5247905226242409
-0.14790780641512855,0.3,-0.04271075666514264,0.0,-0.3600366912752494,,SOL/USD,10,10,5.925313475391181,False,False,False,False,0,False,494.19915461882664,683.3769123629057,-189.1777577440791,crypto,1d,TRIMA_50~LINEARREG_SLOPE|gate,kraken,fixed_combo,6.0,0.0,False,False,True,gate,1.0,0.4752094773757592,0.5247905226242409
-0.14790780641512855,0.3,-0.04271075666514264,0.0,-0.3600366912752494,,SOL/USD,10,10,5.925313475391181,False,False,False,False,0,False,494.19915461882664,683.3769123629057,-189.1777577440791,crypto,1d,TRIMA_50~MULT|gate,kraken,fixed_combo,6.0,0.0,False,False,True,gate,1.0,0.4752094773757592,0.5247905226242409
-0.14885632569066604,0.3,-0.043516605724500765,0.0,-0.3623455737463803,,SOL/USD,10,10,5.925313475391181,False,False,False,False,0,False,494.05894426697694,683.3769123629057,-189.3179680959288,crypto,1d,TRIMA_50~IMI|gate,kraken,fixed_combo,6.0,0.0,False,False,True,gate,0.999898255068001,0.4752094773757592,0.5246887776922419
-0.18300894427377107,0.2,-0.07079625978383015,0.0,-0.4454797645039347,,SOL/USD,10,10,5.925313475391181,False,False,False,False,0,False,262.36842540420065,683.3769123629057,-421.0084869587051,crypto,1d,TRIMA_50~MAXINDEX|gate,kraken,fixed_combo,6.0,0.0,False,False,True,gate,0.8564834060388332,0.4331330724488923,0.42335033358994095
-0.19763757371486435,0.3,-0.0701414983552451,0.0,-0.4810887257177914,,SOL/USD,10,10,5.925313475391181,False,False,False,False,0,False,916.6582218930083,683.3769123629057,233.2813095301026,crypto,1d,MAXINDEX~TRIMA_50|vote,kraken,fixed_combo,6.0,0.0,False,False,True,vote,0.5766496664100591,0.4752094773757592,0.1014401890342999
-0.19996777374783037,0.2,-0.10640329959644663,0.0,-0.48676089090103997,,SOL/USD,10,10,5.925313475391181,False,False,False,False,0,False,729.0423504322008,683.3769123629057,45.66543806929508,crypto,1d,MAXINDEX~TRIMA_50|and,kraken,fixed_combo,6.0,0.0,False,False,True,and,0.4331330724488923,0.4331330724488923,0.0
-0.2303555740974172,0.3,-0.10462564801301008,0.0,-0.5607307736149455,,SOL/USD,10,10,5.925313475391181,False,False,False,False,0,False,264.6491739917709,683.3769123629057,-418.7277383711348,crypto,1d,MAXINDEX~TRIMA_50|or,kraken,fixed_combo,6.0,0.0,False,False,True,or,1.0,0.8985598109657001,0.1014401890342999
-0.24090546790048614,0.2,-0.11180378682940151,0.0,-0.586411290081409,,AVAX/USD,10,10,5.925313475391181,False,False,False,False,0,False,140.1251375786005,683.3769123629057,-543.2517747843052,crypto,1d,ADD~TRIMA_50|and,kraken,fixed_combo,6.0,0.0,False,False,True,and,0.8147928962449746,0.3863267898383372,0.4284661064066376
-0.24090546790048614,0.2,-0.11180378682940151,0.0,-0.586411290081409,,AVAX/USD,10,10,5.925313475391181,False,False,False,False,0,False,140.1251375786005,683.3769123629057,-543.2517747843052,crypto,1d,ADD~TRIMA_50|vote,kraken,fixed_combo,6.0,0.0,False,False,True,vote,0.8147928962449746,0.3863267898383372,0.4284661064066376
-0.24435102049955648,0.2,-0.11556300123382257,0.0,-0.5947984427777472,,AVAX/USD,10,10,5.925313475391181,False,False,False,False,0,False,138.27269433238277,683.3769123629057,-545.1042180305229,crypto,1d,MULT~TRIMA_50|and,kraken,fixed_combo,6.0,0.0,False,False,True,and,0.8146457103755026,0.383747733299119,0.43089797707638355
-0.24435102049955648,0.2,-0.11556300123382257,0.0,-0.5947984427777472,,AVAX/USD,10,10,5.925313475391181,False,False,False,False,0,False,138.27269433238277,683.3769123629057,-545.1042180305229,crypto,1d,MULT~TRIMA_50|vote,kraken,fixed_combo,6.0,0.0,False,False,True,vote,0.8146457103755026,0.383747733299119,0.43089797707638355
-0.24711780569980127,0.2,-0.13189901245695526,0.0,-0.6015333421255856,,AVAX/USD,10,10,5.925313475391181,False,False,False,False,0,False,497.1157697839488,683.3769123629057,-186.26114257895694,crypto,1d,LINEARREG_ANGLE~TRIMA_50|and,kraken,fixed_combo,6.0,0.0,False,False,True,and,0.759663373535198,0.3646706227012232,0.39499275083397484
-0.24711780569980127,0.2,-0.13189901245695526,0.0,-0.6015333421255856,,AVAX/USD,10,10,5.925313475391181,False,False,False,False,0,False,497.1157697839488,683.3769123629057,-186.26114257895694,crypto,1d,LINEARREG_ANGLE~TRIMA_50|vote,kraken,fixed_combo,6.0,0.0,False,False,True,vote,0.759663373535198,0.3646706227012232,0.39499275083397484
-0.24711780569980127,0.2,-0.13189901245695526,0.0,-0.6015333421255856,,AVAX/USD,10,10,5.925313475391181,False,False,False,False,0,False,497.1157697839488,683.3769123629057,-186.26114257895694,crypto,1d,LINEARREG_SLOPE~TRIMA_50|and,kraken,fixed_combo,6.0,0.0,False,False,True,and,0.759663373535198,0.3646706227012232,0.39499275083397484
-0.24711780569980127,0.2,-0.13189901245695526,0.0,-0.6015333421255856,,AVAX/USD,10,10,5.925313475391181,False,False,False,False,0,False,497.1157697839488,683.3769123629057,-186.26114257895694,crypto,1d,LINEARREG_SLOPE~TRIMA_50|vote,kraken,fixed_combo,6.0,0.0,False,False,True,vote,0.759663373535198,0.3646706227012232,0.39499275083397484
-0.25432213766207423,0.4,-0.15224304096702895,0.0,-0.6190701030675015,,XRP/USD,10,10,5.925313475391181,False,False,False,False,0,False,413.79490706004225,683.3769123629057,-269.5820053028635,crypto,1d,MAXINDEX~IMI|gate,kraken,fixed_combo,6.0,0.0,False,False,True,gate,0.8563816611068343,0.8563816611068343,0.0
-0.2570637743703035,0.4,-0.15556422156846544,0.0,-0.6257437860395767,,XRP/USD,10,10,5.925313475391181,False,False,False,False,0,False,413.32344597898464,683.3769123629057,-270.0534663839211,crypto,1d,MAXINDEX~ADD|gate,kraken,fixed_combo,6.0,0.0,False,False,True,gate,0.8564834060388332,0.8564834060388332,0.0
-0.2570637743703035,0.4,-0.15556422156846544,0.0,-0.6257437860395767,,XRP/USD,10,10,5.925313475391181,False,False,False,False,0,False,413.32344597898464,683.3769123629057,-270.0534663839211,crypto,1d,MAXINDEX~ATAN|gate,kraken,fixed_combo,6.0,0.0,False,False,True,gate,0.8564834060388332,0.8564834060388332,0.0
-0.2570637743703035,0.4,-0.15556422156846544,0.0,-0.6257437860395767,,XRP/USD,10,10,5.925313475391181,False,False,False,False,0,False,413.32344597898464,683.3769123629057,-270.0534663839211,crypto,1d,MAXINDEX~LINEARREG_ANGLE|gate,kraken,fixed_combo,6.0,0.0,False,False,True,gate,0.8564834060388332,0.8564834060388332,0.0
-0.2570637743703035,0.4,-0.15556422156846544,0.0,-0.6257437860395767,,XRP/USD,10,10,5.925313475391181,False,False,False,False,0,False,413.32344597898464,683.3769123629057,-270.0534663839211,crypto,1d,MAXINDEX~LINEARREG_SLOPE|gate,kraken,fixed_combo,6.0,0.0,False,False,True,gate,0.8564834060388332,0.8564834060388332,0.0
-0.2570637743703035,0.4,-0.15556422156846544,0.0,-0.6257437860395767,,XRP/USD,10,10,5.925313475391181,False,False,False,False,0,False,413.32344597898464,683.3769123629057,-270.0534663839211,crypto,1d,MAXINDEX~MULT|gate,kraken,fixed_combo,6.0,0.0,False,False,True,gate,0.8564834060388332,0.8564834060388332,0.0
-0.2570637743703035,0.4,-0.15556422156846544,0.0,-0.6257437860395767,,XRP/USD,10,10,5.925313475391181,False,False,False,False,0,False,413.32344597898464,683.3769123629057,-270.0534663839211,crypto,1d,MAXINDEX~TRIMA_50|gate,kraken,fixed_combo,6.0,0.0,False,False,True,gate,0.8564834060388332,0.8564834060388332,0.0
-0.25924801523498847,0.3,-0.1349315524459028,0.0,-0.631060657900026,,AVAX/USD,10,10,5.925313475391181,False,False,False,False,0,False,203.6374232199696,683.3769123629057,-479.7394891429361,crypto,1d,MAXINDEX~MULT|or,kraken,fixed_combo,6.0,0.0,False,False,True,or,1.0,0.9021467368060903,0.09785326319390984
-0.26684176272888854,0.2,-0.10854493671719267,0.0,-0.6495453328360464,,AVAX/USD,10,10,5.925313475391181,False,False,False,False,0,False,174.64771404619682,683.3769123629057,-508.7291983167089,crypto,1d,IMI~TRIMA_50|vote,kraken,fixed_combo,6.0,0.0,False,False,True,vote,0.7944231246257806,0.37987644341801385,0.4145466812077666
-0.26777132103251333,0.2,-0.10938892748496576,0.0,-0.6518080605723038,,AVAX/USD,10,10,5.925313475391181,False,False,False,False,0,False,174.45550764302843,683.3769123629057,-508.9214047198773,crypto,1d,IMI~TRIMA_50|and,kraken,fixed_combo,6.0,0.0,False,False,True,and,0.7943213796937816,0.37987644341801385,0.41444493627576773
-0.2686403540746377,0.1,-0.06836944401439504,0.0,-0.6539234579179799,,AVAX/USD,10,10,5.925313475391181,False,False,False,False,0,False,248.4666123590076,683.3769123629057,-434.9103000038981,crypto,1d,IMI~MAXINDEX|gate,kraken,fixed_combo,6.0,0.0,False,False,True,gate,0.8563816611068343,0.44266226156872807,0.4137193995381062
-0.2750239926848611,0.2,-0.10258437879923385,0.0,-0.6694624898272968,,AVAX/USD,10,10,5.925313475391181,False,False,False,False,0,False,819.8008111361872,683.3769123629057,136.4238987732815,crypto,1d,MAXINDEX~IMI|and,kraken,fixed_combo,6.0,0.0,False,False,True,and,0.44266226156872807,0.44266226156872807,0.0
-0.28480258164167205,0.1,-0.154649754595848,0.0,-0.6932654985979738,,AVAX/USD,10,10,5.925313475391181,False,False,False,False,0,False,1218.8183359403056,683.3769123629057,535.4414235773999,crypto,1d,LINEARREG_ANGLE~MAXINDEX|gate,kraken,fixed_combo,6.0,0.0,False,False,True,gate,0.8564834060388332,0.4428697074672825,0.4136136985715508
-0.28480258164167205,0.1,-0.154649754595848,0.0,-0.6932654985979738,,AVAX/USD,10,10,5.925313475391181,False,False,False,False,0,False,1218.8183359403056,683.3769123629057,535.4414235773999,crypto,1d,LINEARREG_SLOPE~MAXINDEX|gate,kraken,fixed_combo,6.0,0.0,False,False,True,gate,0.8564834060388332,0.4428697074672825,0.4136136985715508
-0.2861464229328938,0.2,-0.13601829340564234,0.0,-0.6965366726070898,,AVAX/USD,10,10,5.925313475391181,False,False,False,False,0,False,147.27535114794276,683.3769123629057,-536.101561214963,crypto,1d,ATAN~TRIMA_50|and,kraken,fixed_combo,6.0,0.0,False,False,True,and,0.8092447181592679,0.3859131169275511,0.4233316012317167
-0.2861464229328938,0.2,-0.13601829340564234,0.0,-0.6965366726070898,,AVAX/USD,10,10,5.925313475391181,False,False,False,False,0,False,147.27535114794276,683.3769123629057,-536.101561214963,crypto,1d,ATAN~TRIMA_50|vote,kraken,fixed_combo,6.0,0.0,False,False,True,vote,0.8092447181592679,0.3859131169275511,0.4233316012317167
-0.2863052535031505,0.2,-0.13875060421810073,0.0,-0.6969232974538413,,AVAX/USD,10,10,5.925313475391181,False,False,False,False,0,False,-35.26561287486818,683.3769123629057,-718.642525237774,crypto,1d,ADD~ATAN|gate,kraken,fixed_combo,6.0,0.0,False,False,True,gate,1.0,0.4826512060559405,0.5173487939440595
-0.2863052535031505,0.2,-0.13875060421810073,0.0,-0.6969232974538413,,AVAX/USD,10,10,5.925313475391181,False,False,False,False,0,False,-35.26561287486818,683.3769123629057,-718.642525237774,crypto,1d,ADD~ATAN|or,kraken,fixed_combo,6.0,0.0,False,False,True,or,1.0,0.4826512060559405,0.5173487939440595
-0.2863052535031505,0.2,-0.13875060421810073,0.0,-0.6969232974538413,,AVAX/USD,10,10,5.925313475391181,False,False,False,False,0,False,-35.26561287486818,683.3769123629057,-718.642525237774,crypto,1d,ADD~IMI|or,kraken,fixed_combo,6.0,0.0,False,False,True,or,1.0,0.4826512060559405,0.5173487939440595
-0.2863052535031505,0.2,-0.13875060421810073,0.0,-0.6969232974538413,,AVAX/USD,10,10,5.925313475391181,False,False,False,False,0,False,-35.26561287486818,683.3769123629057,-718.642525237774,crypto,1d,ADD~LINEARREG_ANGLE|gate,kraken,fixed_combo,6.0,0.0,False,False,True,gate,1.0,0.4826512060559405,0.5173487939440595
-0.2863052535031505,0.2,-0.13875060421810073,0.0,-0.6969232974538413,,AVAX/USD,10,10,5.925313475391181,False,False,False,False,0,False,-35.26561287486818,683.3769123629057,-718.642525237774,crypto,1d,ADD~LINEARREG_ANGLE|or,kraken,fixed_combo,6.0,0.0,False,False,True,or,1.0,0.4826512060559405,0.5173487939440595
-0.2863052535031505,0.2,-0.13875060421810073,0.0,-0.6969232974538413,,AVAX/USD,10,10,5.925313475391181,False,False,False,False,0,False,-35.26561287486818,683.3769123629057,-718.642525237774,crypto,1d,ADD~LINEARREG_SLOPE|gate,kraken,fixed_combo,6.0,0.0,False,False,True,gate,1.0,0.4826512060559405,0.5173487939440595
-0.2863052535031505,0.2,-0.13875060421810073,0.0,-0.6969232974538413,,AVAX/USD,10,10,5.925313475391181,False,False,False,False,0,False,-35.26561287486818,683.3769123629057,-718.642525237774,crypto,1d,ADD~LINEARREG_SLOPE|or,kraken,fixed_combo,6.0,0.0,False,False,True,or,1.0,0.4826512060559405,0.5173487939440595
-0.2863052535031505,0.2,-0.13875060421810073,0.0,-0.6969232974538413,,AVAX/USD,10,10,5.925313475391181,False,False,False,False,0,False,-35.26561287486818,683.3769123629057,-718.642525237774,crypto,1d,ADD~MAXINDEX|or,kraken,fixed_combo,6.0,0.0,False,False,True,or,1.0,0.4826512060559405,0.5173487939440595
-0.2863052535031505,0.2,-0.13875060421810073,0.0,-0.6969232974538413,,AVAX/USD,10,10,5.925313475391181,False,False,False,False,0,False,-35.26561287486818,683.3769123629057,-718.642525237774,crypto,1d,ADD~MULT|gate,kraken,fixed_combo,6.0,0.0,False,False,True,gate,1.0,0.4826512060559405,0.5173487939440595
-0.2863052535031505,0.2,-0.13875060421810073,0.0,-0.6969232974538413,,AVAX/USD,10,10,5.925313475391181,False,False,False,False,0,False,-35.26561287486818,683.3769123629057,-718.642525237774,crypto,1d,ADD~MULT|or,kraken,fixed_combo,6.0,0.0,False,False,True,or,1.0,0.4826512060559405,0.5173487939440595
-0.2863052535031505,0.2,-0.13875060421810073,0.0,-0.6969232974538413,,AVAX/USD,10,10,5.925313475391181,False,False,False,False,0,False,-35.26561287486818,683.3769123629057,-718.642525237774,crypto,1d,ADD~TRIMA_50|gate,kraken,fixed_combo,6.0,0.0,False,False,True,gate,1.0,0.4826512060559405,0.5173487939440595
-0.2863052535031505,0.2,-0.13875060421810073,0.0,-0.6969232974538413,,AVAX/USD,10,10,5.925313475391181,False,False,False,False,0,False,-35.26561287486818,683.3769123629057,-718.642525237774,crypto,1d,ADD~TRIMA_50|or,kraken,fixed_combo,6.0,0.0,False,False,True,or,1.0,0.4826512060559405,0.5173487939440595
-0.2871666438610014,0.2,-0.13953234525446204,0.0,-0.6990200910028349,,AVAX/USD,10,10,5.925313475391181,False,False,False,False,0,False,-35.7782323960927,683.3769123629057,-719.1551447589984,crypto,1d,ADD~IMI|gate,kraken,fixed_combo,6.0,0.0,False,False,True,gate,0.999898255068001,0.4826512060559405,0.5172470490120606
-0.2893550426564307,0.1,-0.13184504854068677,0.0,-0.7043470840844963,,AVAX/USD,10,10,5.925313475391181,False,False,False,False,0,False,63.13665706750133,683.3769123629057,-620.2402552954044,crypto,1d,ADD~MAXINDEX|gate,kraken,fixed_combo,6.0,0.0,False,False,True,gate,0.8564834060388332,0.43617412967239755,0.4203092763664357
-0.2897608061452174,0.2,-0.14222258337327198,0.0,-0.7053347922216384,,AVAX/USD,10,10,5.925313475391181,False,False,False,False,0,False,-34.71773334034265,683.3769123629057,-718.0946457032484,crypto,1d,ADD~MULT|and,kraken,fixed_combo,6.0,0.0,False,False,True,and,0.9949890727910358,0.47764027884697635,0.5173487939440595
-0.2897608061452174,0.2,-0.14222258337327198,0.0,-0.7053347922216384,,AVAX/USD,10,10,5.925313475391181,False,False,False,False,0,False,-34.71773334034265,683.3769123629057,-718.0946457032484,crypto,1d,ADD~MULT|vote,kraken,fixed_combo,6.0,0.0,False,False,True,vote,0.9949890727910358,0.47764027884697635,0.5173487939440595
-0.29238417820261475,0.1,-0.14522422726455314,0.0,-0.7117205957733345,,AVAX/USD,10,10,5.925313475391181,False,False,False,False,0,False,-34.641991640376425,683.3769123629057,-718.0189040032822,crypto,1d,MULT~ADD|gate,kraken,fixed_combo,6.0,0.0,False,False,True,gate,1.0,0.47764027884697635,0.5223597211530236
-0.29238417820261475,0.1,-0.14522422726455314,0.0,-0.7117205957733345,,AVAX/USD,10,10,5.925313475391181,False,False,False,False,0,False,-34.641991640376425,683.3769123629057,-718.0189040032822,crypto,1d,MULT~ATAN|gate,kraken,fixed_combo,6.0,0.0,False,False,True,gate,1.0,0.47764027884697635,0.5223597211530236
-0.29238417820261475,0.1,-0.14522422726455314,0.0,-0.7117205957733345,,AVAX/USD,10,10,5.925313475391181,False,False,False,False,0,False,-34.641991640376425,683.3769123629057,-718.0189040032822,crypto,1d,MULT~ATAN|or,kraken,fixed_combo,6.0,0.0,False,False,True,or,1.0,0.47764027884697635,0.5223597211530236
-0.29238417820261475,0.1,-0.14522422726455314,0.0,-0.7117205957733345,,AVAX/USD,10,10,5.925313475391181,False,False,False,False,0,False,-34.641991640376425,683.3769123629057,-718.0189040032822,crypto,1d,MULT~IMI|or,kraken,fixed_combo,6.0,0.0,False,False,True,or,1.0,0.47764027884697635,0.5223597211530236
-0.29238417820261475,0.1,-0.14522422726455314,0.0,-0.7117205957733345,,AVAX/USD,10,10,5.925313475391181,False,False,False,False,0,False,-34.641991640376425,683.3769123629057,-718.0189040032822,crypto,1d,MULT~LINEARREG_ANGLE|gate,kraken,fixed_combo,6.0,0.0,False,False,True,gate,1.0,0.47764027884697635,0.5223597211530236
-0.29238417820261475,0.1,-0.14522422726455314,0.0,-0.7117205957733345,,AVAX/USD,10,10,5.925313475391181,False,False,False,False,0,False,-34.641991640376425,683.3769123629057,-718.0189040032822,crypto,1d,MULT~LINEARREG_ANGLE|or,kraken,fixed_combo,6.0,0.0,False,False,True,or,1.0,0.47764027884697635,0.5223597211530236
-0.29238417820261475,0.1,-0.14522422726455314,0.0,-0.7117205957733345,,AVAX/USD,10,10,5.925313475391181,False,False,False,False,0,False,-34.641991640376425,683.3769123629057,-718.0189040032822,crypto,1d,MULT~LINEARREG_SLOPE|gate,kraken,fixed_combo,6.0,0.0,False,False,True,gate,1.0,0.47764027884697635,0.5223597211530236
-0.29238417820261475,0.1,-0.14522422726455314,0.0,-0.7117205957733345,,AVAX/USD,10,10,5.925313475391181,False,False,False,False,0,False,-34.641991640376425,683.3769123629057,-718.0189040032822,crypto,1d,MULT~LINEARREG_SLOPE|or,kraken,fixed_combo,6.0,0.0,False,False,True,or,1.0,0.47764027884697635,0.5223597211530236
-0.29238417820261475,0.1,-0.14522422726455314,0.0,-0.7117205957733345,,AVAX/USD,10,10,5.925313475391181,False,False,False,False,0,False,-34.641991640376425,683.3769123629057,-718.0189040032822,crypto,1d,MULT~TRIMA_50|gate,kraken,fixed_combo,6.0,0.0,False,False,True,gate,1.0,0.47764027884697635,0.5223597211530236
-0.29238417820261475,0.1,-0.14522422726455314,0.0,-0.7117205957733345,,AVAX/USD,10,10,5.925313475391181,False,False,False,False,0,False,-34.641991640376425,683.3769123629057,-718.0189040032822,crypto,1d,MULT~TRIMA_50|or,kraken,fixed_combo,6.0,0.0,False,False,True,or,1.0,0.47764027884697635,0.5223597211530236
-0.2932438746744132,0.1,-0.14600432237312072,0.0,-0.7138132660705234,,AVAX/USD,10,10,5.925313475391181,False,False,False,False,0,False,-35.2408168958202,683.3769123629057,-718.617729258726,crypto,1d,MULT~IMI|gate,kraken,fixed_combo,6.0,0.0,False,False,True,gate,0.999898255068001,0.47764027884697635,0.5222579762210248
-0.29485728556560115,0.1,-0.16167082700032553,0.0,-0.7177406255048213,,AVAX/USD,10,10,5.925313475391181,False,False,False,False,0,False,-11.637281424733576,683.3769123629057,-695.0141937876393,crypto,1d,ADD~LINEARREG_ANGLE|and,kraken,fixed_combo,6.0,0.0,False,False,True,and,0.866075635103926,0.42159761782567784,0.4444780172782482
-0.29485728556560115,0.1,-0.16167082700032553,0.0,-0.7177406255048213,,AVAX/USD,10,10,5.925313475391181,False,False,False,False,0,False,-11.637281424733576,683.3769123629057,-695.0141937876393,crypto,1d,ADD~LINEARREG_ANGLE|vote,kraken,fixed_combo,6.0,0.0,False,False,True,vote,0.866075635103926,0.42159761782567784,0.4444780172782482
-0.29485728556560115,0.1,-0.16167082700032553,0.0,-0.7177406255048213,,AVAX/USD,10,10,5.925313475391181,False,False,False,False,0,False,-11.637281424733576,683.3769123629057,-695.0141937876393,crypto,1d,ADD~LINEARREG_SLOPE|and,kraken,fixed_combo,6.0,0.0,False,False,True,and,0.866075635103926,0.42159761782567784,0.4444780172782482
-0.29485728556560115,0.1,-0.16167082700032553,0.0,-0.7177406255048213,,AVAX/USD,10,10,5.925313475391181,False,False,False,False,0,False,-11.637281424733576,683.3769123629057,-695.0141937876393,crypto,1d,ADD~LINEARREG_SLOPE|vote,kraken,fixed_combo,6.0,0.0,False,False,True,vote,0.866075635103926,0.42159761782567784,0.4444780172782482
-0.295699202612557,0.1,-0.16085704857289668,0.0,-0.7197900171850917,,AVAX/USD,10,10,5.925313475391181,False,False,False,False,0,False,506.498313547119,683.3769123629057,-176.87859881578675,crypto,1d,ADD~MAXINDEX|and,kraken,fixed_combo,6.0,0.0,False,False,True,and,0.43617412967239755,0.43617412967239755,0.0
-0.2957944273733343,0.1,-0.17591265093270136,0.0,-0.7200218129815996,,AVAX/USD,10,10,5.925313475391181,False,False,False,False,0,False,-13.634276028175389,683.3769123629057,-697.0111883910811,crypto,1d,LINEARREG_ANGLE~IMI|gate,kraken,fixed_combo,6.0,0.0,False,False,True,gate,0.999898255068001,0.4944222051150457,0.5054760499529553
-0.2957944273733343,0.1,-0.17591265093270136,0.0,-0.7200218129815996,,AVAX/USD,10,10,5.925313475391181,False,False,False,False,0,False,-13.634276028175389,683.3769123629057,-697.0111883910811,crypto,1d,LINEARREG_SLOPE~IMI|gate,kraken,fixed_combo,6.0,0.0,False,False,True,gate,0.999898255068001,0.4944222051150457,0.5054760499529553
-0.2960544764053469,0.1,-0.1762529092284064,0.0,-0.7206548234718801,,AVAX/USD,10,10,5.925313475391181,False,False,False,False,0,False,-12.702977078256275,683.3769123629057,-696.079889441162,crypto,1d,LINEARREG_ANGLE~ADD|gate,kraken,fixed_combo,6.0,0.0,False,False,True,gate,1.0,0.49446839449148916,0.5055316055085108
-0.2960544764053469,0.1,-0.1762529092284064,0.0,-0.7206548234718801,,AVAX/USD,10,10,5.925313475391181,False,False,False,False,0,False,-12.702977078256275,683.3769123629057,-696.079889441162,crypto,1d,LINEARREG_ANGLE~ATAN|gate,kraken,fixed_combo,6.0,0.0,False,False,True,gate,1.0,0.49446839449148916,0.5055316055085108
-0.2960544764053469,0.1,-0.1762529092284064,0.0,-0.7206548234718801,,AVAX/USD,10,10,5.925313475391181,False,False,False,False,0,False,-12.702977078256275,683.3769123629057,-696.079889441162,crypto,1d,LINEARREG_ANGLE~ATAN|or,kraken,fixed_combo,6.0,0.0,False,False,True,or,1.0,0.49446839449148916,0.5055316055085108
-0.2960544764053469,0.1,-0.1762529092284064,0.0,-0.7206548234718801,,AVAX/USD,10,10,5.925313475391181,False,False,False,False,0,False,-12.702977078256275,683.3769123629057,-696.079889441162,crypto,1d,LINEARREG_ANGLE~IMI|or,kraken,fixed_combo,6.0,0.0,False,False,True,or,1.0,0.49446839449148916,0.5055316055085108
-0.2960544764053469,0.1,-0.1762529092284064,0.0,-0.7206548234718801,,AVAX/USD,10,10,5.925313475391181,False,False,False,False,0,False,-12.702977078256275,683.3769123629057,-696.079889441162,crypto,1d,LINEARREG_ANGLE~LINEARREG_SLOPE|and,kraken,fixed_combo,6.0,0.0,False,False,True,and,1.0,0.49446839449148916,0.5055316055085108
-0.2960544764053469,0.1,-0.1762529092284064,0.0,-0.7206548234718801,,AVAX/USD,10,10,5.925313475391181,False,False,False,False,0,False,-12.702977078256275,683.3769123629057,-696.079889441162,crypto,1d,LINEARREG_ANGLE~LINEARREG_SLOPE|gate,kraken,fixed_combo,6.0,0.0,False,False,True,gate,1.0,0.49446839449148916,0.5055316055085108
-0.2960544764053469,0.1,-0.1762529092284064,0.0,-0.7206548234718801,,AVAX/USD,10,10,5.925313475391181,False,False,False,False,0,False,-12.702977078256275,683.3769123629057,-696.079889441162,crypto,1d,LINEARREG_ANGLE~LINEARREG_SLOPE|or,kraken,fixed_combo,6.0,0.0,False,False,True,or,1.0,0.49446839449148916,0.5055316055085108
-0.2960544764053469,0.1,-0.1762529092284064,0.0,-0.7206548234718801,,AVAX/USD,10,10,5.925313475391181,False,False,False,False,0,False,-12.702977078256275,683.3769123629057,-696.079889441162,crypto,1d,LINEARREG_ANGLE~LINEARREG_SLOPE|vote,kraken,fixed_combo,6.0,0.0,False,False,True,vote,1.0,0.49446839449148916,0.5055316055085108
-0.2960544764053469,0.1,-0.1762529092284064,0.0,-0.7206548234718801,,AVAX/USD,10,10,5.925313475391181,False,False,False,False,0,False,-12.702977078256275,683.3769123629057,-696.079889441162,crypto,1d,LINEARREG_ANGLE~MULT|gate,kraken,fixed_combo,6.0,0.0,False,False,True,gate,1.0,0.49446839449148916,0.5055316055085108
-0.2960544764053469,0.1,-0.1762529092284064,0.0,-0.7206548234718801,,AVAX/USD,10,10,5.925313475391181,False,False,False,False,0,False,-12.702977078256275,683.3769123629057,-696.079889441162,crypto,1d,LINEARREG_ANGLE~TRIMA_50|gate,kraken,fixed_combo,6.0,0.0,False,False,True,gate,1.0,0.49446839449148916,0.5055316055085108
-0.2960544764053469,0.1,-0.1762529092284064,0.0,-0.7206548234718801,,AVAX/USD,10,10,5.925313475391181,False,False,False,False,0,False,-12.702977078256275,683.3769123629057,-696.079889441162,crypto,1d,LINEARREG_ANGLE~TRIMA_50|or,kraken,fixed_combo,6.0,0.0,False,False,True,or,1.0,0.49446839449148916,0.5055316055085108
-0.2960544764053469,0.1,-0.1762529092284064,0.0,-0.7206548234718801,,AVAX/USD,10,10,5.925313475391181,False,False,False,False,0,False,-12.702977078256275,683.3769123629057,-696.079889441162,crypto,1d,LINEARREG_SLOPE~ADD|gate,kraken,fixed_combo,6.0,0.0,False,False,True,gate,1.0,0.49446839449148916,0.5055316055085108
-0.2960544764053469,0.1,-0.1762529092284064,0.0,-0.7206548234718801,,AVAX/USD,10,10,5.925313475391181,False,False,False,False,0,False,-12.702977078256275,683.3769123629057,-696.079889441162,crypto,1d,LINEARREG_SLOPE~ATAN|gate,kraken,fixed_combo,6.0,0.0,False,False,True,gate,1.0,0.49446839449148916,0.5055316055085108
-0.2960544764053469,0.1,-0.1762529092284064,0.0,-0.7206548234718801,,AVAX/USD,10,10,5.925313475391181,False,False,False,False,0,False,-12.702977078256275,683.3769123629057,-696.079889441162,crypto,1d,LINEARREG_SLOPE~ATAN|or,kraken,fixed_combo,6.0,0.0,False,False,True,or,1.0,0.49446839449148916,0.5055316055085108
-0.2960544764053469,0.1,-0.1762529092284064,0.0,-0.7206548234718801,,AVAX/USD,10,10,5.925313475391181,False,False,False,False,0,False,-12.702977078256275,683.3769123629057,-696.079889441162,crypto,1d,LINEARREG_SLOPE~IMI|or,kraken,fixed_combo,6.0,0.0,False,False,True,or,1.0,0.49446839449148916,0.5055316055085108
-0.2960544764053469,0.1,-0.1762529092284064,0.0,-0.7206548234718801,,AVAX/USD,10,10,5.925313475391181,False,False,False,False,0,False,-12.702977078256275,683.3769123629057,-696.079889441162,crypto,1d,LINEARREG_SLOPE~LINEARREG_ANGLE|gate,kraken,fixed_combo,6.0,0.0,False,False,True,gate,1.0,0.49446839449148916,0.5055316055085108
-0.2960544764053469,0.1,-0.1762529092284064,0.0,-0.7206548234718801,,AVAX/USD,10,10,5.925313475391181,False,False,False,False,0,False,-12.702977078256275,683.3769123629057,-696.079889441162,crypto,1d,LINEARREG_SLOPE~MULT|gate,kraken,fixed_combo,6.0,0.0,False,False,True,gate,1.0,0.49446839449148916,0.5055316055085108
-0.2960544764053469,0.1,-0.1762529092284064,0.0,-0.7206548234718801,,AVAX/USD,10,10,5.925313475391181,False,False,False,False,0,False,-12.702977078256275,683.3769123629057,-696.079889441162,crypto,1d,LINEARREG_SLOPE~TRIMA_50|gate,kraken,fixed_combo,6.0,0.0,False,False,True,gate,1.0,0.49446839449148916,0.5055316055085108
-0.2960544764053469,0.1,-0.1762529092284064,0.0,-0.7206548234718801,,AVAX/USD,10,10,5.925313475391181,False,False,False,False,0,False,-12.702977078256275,683.3769123629057,-696.079889441162,crypto,1d,LINEARREG_SLOPE~TRIMA_50|or,kraken,fixed_combo,6.0,0.0,False,False,True,or,1.0,0.49446839449148916,0.5055316055085108
-0.2982085206042818,0.1,-0.16508754894165414,0.0,-0.725898190708823,,AVAX/USD,10,10,5.925313475391181,False,False,False,False,0,False,-9.38448339031,683.3769123629057,-692.7613957532158,crypto,1d,MULT~LINEARREG_ANGLE|and,kraken,fixed_combo,6.0,0.0,False,False,True,and,0.8654644170729622,0.4187865452057138,0.4466778718672483
-0.2982085206042818,0.1,-0.16508754894165414,0.0,-0.725898190708823,,AVAX/USD,10,10,5.925313475391181,False,False,False,False,0,False,-9.38448339031,683.3769123629057,-692.7613957532158,crypto,1d,MULT~LINEARREG_ANGLE|vote,kraken,fixed_combo,6.0,0.0,False,False,True,vote,0.8654644170729622,0.4187865452057138,0.4466778718672483
-0.2982085206042818,0.1,-0.16508754894165414,0.0,-0.725898190708823,,AVAX/USD,10,10,5.925313475391181,False,False,False,False,0,False,-9.38448339031,683.3769123629057,-692.7613957532158,crypto,1d,MULT~LINEARREG_SLOPE|and,kraken,fixed_combo,6.0,0.0,False,False,True,and,0.8654644170729622,0.4187865452057138,0.4466778718672483
-0.2982085206042818,0.1,-0.16508754894165414,0.0,-0.725898190708823,,AVAX/USD,10,10,5.925313475391181,False,False,False,False,0,False,-9.38448339031,683.3769123629057,-692.7613957532158,crypto,1d,MULT~LINEARREG_SLOPE|vote,kraken,fixed_combo,6.0,0.0,False,False,True,vote,0.8654644170729622,0.4187865452057138,0.4466778718672483
-0.29954344411757544,0.1,-0.14255179668293524,0.0,-0.7291476570925163,,AVAX/USD,10,10,5.925313475391181,False,False,False,False,0,False,59.89653352950769,683.3769123629057,-623.480378833398,crypto,1d,MULT~MAXINDEX|gate,kraken,fixed_combo,6.0,0.0,False,False,True,gate,0.8564834060388332,0.4319769480797195,0.4245064579591139
-0.30136551681483914,0.1,-0.18859380737479123,0.0,-0.7335829404023408,,AVAX/USD,10,10,5.925313475391181,False,False,False,False,0,False,1285.3338356346117,683.3769123629057,601.9569232717059,crypto,1d,MAXINDEX~LINEARREG_ANGLE|and,kraken,fixed_combo,6.0,0.0,False,False,True,and,0.4428697074672825,0.4428697074672825,0.0
-0.30136551681483914,0.1,-0.18859380737479123,0.0,-0.7335829404023408,,AVAX/USD,10,10,5.925313475391181,False,False,False,False,0,False,1285.3338356346117,683.3769123629057,601.9569232717059,crypto,1d,MAXINDEX~LINEARREG_SLOPE|and,kraken,fixed_combo,6.0,0.0,False,False,True,and,0.4428697074672825,0.4428697074672825,0.0
-0.3046392513522959,0.1,-0.1703839481434311,0.0,-0.7415518541435894,,AVAX/USD,10,10,5.925313475391181,False,False,False,False,0,False,499.3683012046907,683.3769123629057,-184.00861115821505,crypto,1d,MAXINDEX~MULT|and,kraken,fixed_combo,6.0,0.0,False,False,True,and,0.4319769480797195,0.4319769480797195,0.0
-0.3058990021558766,0.1,-0.13753821581324344,0.0,-0.7446183353668965,,AVAX/USD,10,10,5.925313475391181,False,False,False,False,0,False,-35.498501669864524,683.3769123629057,-718.8754140327702,crypto,1d,ADD~IMI|vote,kraken,fixed_combo,6.0,0.0,False,False,True,vote,0.8845798477461295,0.428675669318279,0.45590417842785047
-0.3067931795309637,0.1,-0.13834937200969383,0.0,-0.7467949389643832,,AVAX/USD,10,10,5.925313475391181,False,False,False,False,0,False,-35.82897635913581,683.3769123629057,-719.2058887220415,crypto,1d,ADD~IMI|and,kraken,fixed_combo,6.0,0.0,False,False,True,and,0.8844781028141305,0.428675669318279,0.4558024334958515
-0.30904078208829977,0.1,-0.14075083257246362,0.0,-0.7522660456467031,,AVAX/USD,10,10,5.925313475391181,False,False,False,False,0,False,-35.678482367338106,683.3769123629057,-719.0553947302438,crypto,1d,MULT~IMI|vote,kraken,fixed_combo,6.0,0.0,False,False,True,vote,0.8845058805919083,0.42613322213668636,0.45837265845522196
-0.3099344075413307,0.1,-0.1415614568935127,0.0,-0.7544413057573532,,AVAX/USD,10,10,5.925313475391181,False,False,False,False,0,False,-36.0318970090818,683.3769123629057,-719.4088093719876,crypto,1d,MULT~IMI|and,kraken,fixed_combo,6.0,0.0,False,False,True,and,0.8844041356599094,0.42613322213668636,0.458270913523223
-0.3109999743967638,0.1,-0.1581134994252144,0.0,-0.7570351050588312,,AVAX/USD,10,10,5.925313475391181,False,False,False,False,0,False,-27.019681178069977,683.3769123629057,-710.3965935409757,crypto,1d,LINEARREG_ANGLE~IMI|and,kraken,fixed_combo,6.0,0.0,False,False,True,and,0.8584752159781027,0.4215597254298178,0.43691549054828493
-0.3109999743967638,0.1,-0.1581134994252144,0.0,-0.7570351050588312,,AVAX/USD,10,10,5.925313475391181,False,False,False,False,0,False,-27.019681178069977,683.3769123629057,-710.3965935409757,crypto,1d,LINEARREG_SLOPE~IMI|and,kraken,fixed_combo,6.0,0.0,False,False,True,and,0.8584752159781027,0.4215597254298178,0.43691549054828493
-0.31133674565390573,0.1,-0.15846603874526594,0.0,-0.7578548725347796,,AVAX/USD,10,10,5.925313475391181,False,False,False,False,0,False,-26.545907645744308,683.3769123629057,-709.92282000865,crypto,1d,LINEARREG_ANGLE~IMI|vote,kraken,fixed_combo,6.0,0.0,False,False,True,vote,0.8585769609101017,0.42160591480626125,0.4369710461038405
-0.31133674565390573,0.1,-0.15846603874526594,0.0,-0.7578548725347796,,AVAX/USD,10,10,5.925313475391181,False,False,False,False,0,False,-26.545907645744308,683.3769123629057,-709.92282000865,crypto,1d,LINEARREG_SLOPE~IMI|vote,kraken,fixed_combo,6.0,0.0,False,False,True,vote,0.8585769609101017,0.42160591480626125,0.4369710461038405
-0.31688199818944984,0.3,-0.19656656588120394,0.0,-0.7713531078448178,,AVAX/USD,10,10,5.925313475391181,False,False,False,False,0,False,136.82006576262674,683.3769123629057,-546.556846600279,crypto,1d,MAXINDEX~LINEARREG_ANGLE|or,kraken,fixed_combo,6.0,0.0,False,False,True,or,1.0,0.9080820930630399,0.09191790693696006
-0.31688199818944984,0.3,-0.19656656588120394,0.0,-0.7713531078448178,,AVAX/USD,10,10,5.925313475391181,False,False,False,False,0,False,136.82006576262674,683.3769123629057,-546.556846600279,crypto,1d,MAXINDEX~LINEARREG_SLOPE|or,kraken,fixed_combo,6.0,0.0,False,False,True,or,1.0,0.9080820930630399,0.09191790693696006
-0.3184749459577363,0.2,-0.1581862895511863,0.0,-0.7752306560132929,,AVAX/USD,10,10,5.925313475391181,False,False,False,False,0,False,116.78498256254173,683.3769123629057,-566.591929800364,crypto,1d,ADD~MAXINDEX|vote,kraken,fixed_combo,6.0,0.0,False,False,True,vote,0.5796907236335642,0.4826512060559405,0.09703951757762382
-0.3196000062196973,0.1,-0.16325199446210448,0.0,-0.7779692739674043,,AVAX/USD,10,10,5.925313475391181,False,False,False,False,0,False,-37.218034478293376,683.3769123629057,-720.5949468411991,crypto,1d,ADD~ATAN|and,kraken,fixed_combo,6.0,0.0,False,False,True,and,0.940801749208793,0.45541249679240436,0.48538925241638864
-0.3196000062196973,0.1,-0.16325199446210448,0.0,-0.7779692739674043,,AVAX/USD,10,10,5.925313475391181,False,False,False,False,0,False,-37.218034478293376,683.3769123629057,-720.5949468411991,crypto,1d,ADD~ATAN|vote,kraken,fixed_combo,6.0,0.0,False,False,True,vote,0.940801749208793,0.45541249679240436,0.48538925241638864
-0.3205207003566073,0.2,-0.16037184765192897,0.0,-0.7802104245784763,,AVAX/USD,10,10,5.925313475391181,False,False,False,False,0,False,119.97583574840026,683.3769123629057,-563.4010766145054,crypto,1d,MAXINDEX~MULT|vote,kraken,fixed_combo,6.0,0.0,False,False,True,vote,0.5754935420408861,0.47764027884697635,0.09785326319390984
-0.3227592783876015,0.1,-0.16650321156255166,0.0,-0.785659563788739,,AVAX/USD,10,10,5.925313475391181,False,False,False,False,0,False,-37.81804394259875,683.3769123629057,-721.1949563055044,crypto,1d,MULT~ATAN|and,kraken,fixed_combo,6.0,0.0,False,False,True,and,0.9401922418954751,0.45260227953126336,0.4875899623642118
-0.3227592783876015,0.1,-0.16650321156255166,0.0,-0.785659563788739,,AVAX/USD,10,10,5.925313475391181,False,False,False,False,0,False,-37.81804394259875,683.3769123629057,-721.1949563055044,crypto,1d,MULT~ATAN|vote,kraken,fixed_combo,6.0,0.0,False,False,True,vote,0.9401922418954751,0.45260227953126336,0.4875899623642118
-0.32806774159158214,0.1,-0.12602594297150752,0.0,-0.7985814072941005,,AVAX/USD,10,10,5.925313475391181,False,False,False,False,0,False,-48.22186899019399,683.3769123629057,-731.5987813530998,crypto,1d,IMI~TRIMA_50|or,kraken,fixed_combo,6.0,0.0,False,False,True,or,1.0,0.4901202848344881,0.5098797151655119
-0.3289550991504701,0.1,-0.12683210529744116,0.0,-0.8007414101176393,,AVAX/USD,10,10,5.925313475391181,False,False,False,False,0,False,-48.34564183849308,683.3769123629057,-731.7225542013988,crypto,1d,IMI~ADD|gate,kraken,fixed_combo,6.0,0.0,False,False,True,gate,0.999898255068001,0.4901202848344881,0.509777970233513
-0.3289550991504701,0.1,-0.12683210529744116,0.0,-0.8007414101176393,,AVAX/USD,10,10,5.925313475391181,False,False,False,False,0,False,-48.34564183849308,683.3769123629057,-731.7225542013988,crypto,1d,IMI~ATAN|gate,kraken,fixed_combo,6.0,0.0,False,False,True,gate,0.999898255068001,0.4901202848344881,0.509777970233513
-0.3289550991504701,0.1,-0.12683210529744116,0.0,-0.8007414101176393,,AVAX/USD,10,10,5.925313475391181,False,False,False,False,0,False,-48.34564183849308,683.3769123629057,-731.7225542013988,crypto,1d,IMI~LINEARREG_ANGLE|gate,kraken,fixed_combo,6.0,0.0,False,False,True,gate,0.999898255068001,0.4901202848344881,0.509777970233513
-0.3289550991504701,0.1,-0.12683210529744116,0.0,-0.8007414101176393,,AVAX/USD,10,10,5.925313475391181,False,False,False,False,0,False,-48.34564183849308,683.3769123629057,-731.7225542013988,crypto,1d,IMI~LINEARREG_SLOPE|gate,kraken,fixed_combo,6.0,0.0,False,False,True,gate,0.999898255068001,0.4901202848344881,0.509777970233513
-0.3289550991504701,0.1,-0.12683210529744116,0.0,-0.8007414101176393,,AVAX/USD,10,10,5.925313475391181,False,False,False,False,0,False,-48.34564183849308,683.3769123629057,-731.7225542013988,crypto,1d,IMI~MULT|gate,kraken,fixed_combo,6.0,0.0,False,False,True,gate,0.999898255068001,0.4901202848344881,0.509777970233513
-0.3289550991504701,0.1,-0.12683210529744116,0.0,-0.8007414101176393,,AVAX/USD,10,10,5.925313475391181,False,False,False,False,0,False,-48.34564183849308,683.3769123629057,-731.7225542013988,crypto,1d,IMI~TRIMA_50|gate,kraken,fixed_combo,6.0,0.0,False,False,True,gate,0.999898255068001,0.4901202848344881,0.509777970233513
-0.3292213426951922,0.1,-0.12717794165752982,0.0,-0.8013894992701895,,AVAX/USD,10,10,5.925313475391181,False,False,False,False,0,False,-48.22498679905901,683.3769123629057,-731.6018991619648,crypto,1d,IMI~ATAN|or,kraken,fixed_combo,6.0,0.0,False,False,True,or,1.0,0.49016647421093146,0.5098335257890685
-0.3356253532269914,0.1,-0.14755518518652833,0.0,-0.8169781204433652,,AVAX/USD,10,10,5.925313475391181,False,False,False,False,0,False,41.88031360201707,683.3769123629057,-641.4965987608887,crypto,1d,ATAN~MAXINDEX|gate,kraken,fixed_combo,6.0,0.0,False,False,True,gate,0.8564834060388332,0.4395255538448379,0.4169578521939954
-0.3365649978719242,0.1,-0.18666437951209852,0.0,-0.8192654003181447,,AVAX/USD,10,10,5.925313475391181,False,False,False,False,0,False,-17.316256904263536,683.3769123629057,-700.6931692671693,crypto,1d,LINEARREG_ANGLE~ATAN|and,kraken,fixed_combo,6.0,0.0,False,False,True,and,0.8476972029766486,0.4147688178941066,0.4329283850825421
-0.3365649978719242,0.1,-0.18666437951209852,0.0,-0.8192654003181447,,AVAX/USD,10,10,5.925313475391181,False,False,False,False,0,False,-17.316256904263536,683.3769123629057,-700.6931692671693,crypto,1d,LINEARREG_ANGLE~ATAN|vote,kraken,fixed_combo,6.0,0.0,False,False,True,vote,0.8476972029766486,0.4147688178941066,0.4329283850825421
-0.3365649978719242,0.1,-0.18666437951209852,0.0,-0.8192654003181447,,AVAX/USD,10,10,5.925313475391181,False,False,False,False,0,False,-17.316256904263536,683.3769123629057,-700.6931692671693,crypto,1d,LINEARREG_SLOPE~ATAN|and,kraken,fixed_combo,6.0,0.0,False,False,True,and,0.8476972029766486,0.4147688178941066,0.4329283850825421
-0.3365649978719242,0.1,-0.18666437951209852,0.0,-0.8192654003181447,,AVAX/USD,10,10,5.925313475391181,False,False,False,False,0,False,-17.316256904263536,683.3769123629057,-700.6931692671693,crypto,1d,LINEARREG_SLOPE~ATAN|vote,kraken,fixed_combo,6.0,0.0,False,False,True,vote,0.8476972029766486,0.4147688178941066,0.4329283850825421
-0.33672321009568684,0.1,-0.17489099451251355,0.0,-0.8196505199879134,,AVAX/USD,10,10,5.925313475391181,False,False,False,False,0,False,517.2423268745454,683.3769123629057,-166.13458548836036,crypto,1d,MAXINDEX~ATAN|and,kraken,fixed_combo,6.0,0.0,False,False,True,and,0.4395255538448379,0.4395255538448379,0.0
-0.3470338096957791,0.1,-0.21018477238042524,0.0,-0.8447485473000231,,AVAX/USD,10,10,5.925313475391181,False,False,False,False,0,False,114.60405831504013,683.3769123629057,-568.7728540478656,crypto,1d,MAXINDEX~LINEARREG_ANGLE|vote,kraken,fixed_combo,6.0,0.0,False,False,True,vote,0.5863863014284492,0.49446839449148916,0.09191790693696006
-0.3470338096957791,0.1,-0.21018477238042524,0.0,-0.8447485473000231,,AVAX/USD,10,10,5.925313475391181,False,False,False,False,0,False,114.60405831504013,683.3769123629057,-568.7728540478656,crypto,1d,MAXINDEX~LINEARREG_SLOPE|vote,kraken,fixed_combo,6.0,0.0,False,False,True,vote,0.5863863014284492,0.49446839449148916,0.09191790693696006
-0.35281098047684767,0.1,-0.1606832326914664,0.0,-0.8588113172332754,,AVAX/USD,10,10,5.925313475391181,False,False,False,False,0,False,-49.89471802352444,683.3769123629057,-733.2716303864302,crypto,1d,IMI~ATAN|and,kraken,fixed_combo,6.0,0.0,False,False,True,and,0.885430309639894,0.43148909417500636,0.4539412154648875
-0.35314635483228873,0.1,-0.16103480340992712,0.0,-0.8596276843757417,,AVAX/USD,10,10,5.925313475391181,False,False,False,False,0,False,-49.63944368271614,683.3769123629057,-733.0163560456218,crypto,1d,IMI~ATAN|vote,kraken,fixed_combo,6.0,0.0,False,False,True,vote,0.8855320545718929,0.4315352835514498,0.4539967710204431
-0.3551067237999233,0.2,-0.21861160689255757,0.0,-0.8643996080077159,,AVAX/USD,10,10,5.925313475391181,False,False,False,False,0,False,138.635882762522,683.3769123629057,-544.7410296003837,crypto,1d,MAXINDEX~ATAN|or,kraken,fixed_combo,6.0,0.0,False,False,True,or,1.0,0.9043298905140708,0.09567010948592934
-0.3664749320701196,0.1,-0.18321270234528347,0.0,-0.8920720628329992,,AVAX/USD,10,10,5.925313475391181,False,False,False,False,0,False,-45.36926722078518,683.3769123629057,-728.746179583691,crypto,1d,ATAN~IMI|gate,kraken,fixed_combo,6.0,0.0,False,False,True,gate,0.999898255068001,0.4873258489436319,0.5125724061243692
-0.36679595088068134,0.1,-0.1835511980298741,0.0,-0.8928534857557852,,AVAX/USD,10,10,5.925313475391181,False,False,False,False,0,False,-45.03760195605637,683.3769123629057,-728.4145143189621,crypto,1d,ATAN~ADD|gate,kraken,fixed_combo,6.0,0.0,False,False,True,gate,1.0,0.48737203832007525,0.5126279616799247
-0.36679595088068134,0.1,-0.1835511980298741,0.0,-0.8928534857557852,,AVAX/USD,10,10,5.925313475391181,False,False,False,False,0,False,-45.03760195605637,683.3769123629057,-728.4145143189621,crypto,1d,ATAN~LINEARREG_ANGLE|gate,kraken,fixed_combo,6.0,0.0,False,False,True,gate,1.0,0.48737203832007525,0.5126279616799247
-0.36679595088068134,0.1,-0.1835511980298741,0.0,-0.8928534857557852,,AVAX/USD,10,10,5.925313475391181,False,False,False,False,0,False,-45.03760195605637,683.3769123629057,-728.4145143189621,crypto,1d,ATAN~LINEARREG_SLOPE|gate,kraken,fixed_combo,6.0,0.0,False,False,True,gate,1.0,0.48737203832007525,0.5126279616799247
-0.36679595088068134,0.1,-0.1835511980298741,0.0,-0.8928534857557852,,AVAX/USD,10,10,5.925313475391181,False,False,False,False,0,False,-45.03760195605637,683.3769123629057,-728.4145143189621,crypto,1d,ATAN~MULT|gate,kraken,fixed_combo,6.0,0.0,False,False,True,gate,1.0,0.48737203832007525,0.5126279616799247
-0.36679595088068134,0.1,-0.1835511980298741,0.0,-0.8928534857557852,,AVAX/USD,10,10,5.925313475391181,False,False,False,False,0,False,-45.03760195605637,683.3769123629057,-728.4145143189621,crypto,1d,ATAN~TRIMA_50|gate,kraken,fixed_combo,6.0,0.0,False,False,True,gate,1.0,0.48737203832007525,0.5126279616799247
-0.36679595088068134,0.1,-0.1835511980298741,0.0,-0.8928534857557852,,AVAX/USD,10,10,5.925313475391181,False,False,False,False,0,False,-45.03760195605637,683.3769123629057,-728.4145143189621,crypto,1d,ATAN~TRIMA_50|or,kraken,fixed_combo,6.0,0.0,False,False,True,or,1.0,0.48737203832007525,0.5126279616799247
-0.3858522896465805,0.2,-0.1855042546068953,0.0,-0.9392403623066962,,AVAX/USD,10,10,5.925313475391181,False,False,False,False,0,False,149.93150575029352,683.3769123629057,-533.4454066126123,crypto,1d,IS#1[combo],kraken,wf_combo,6.0,4.0,False,False,True,,,,
-0.4032295063666277,0.1,-0.18957357455787052,0.0,-0.9815399255488078,,AVAX/USD,10,10,5.925313475391181,False,False,False,False,0,False,79.05604509512294,683.3769123629057,-604.3208672677828,crypto,1d,MAXINDEX~IMI|vote,kraken,fixed_combo,6.0,0.0,False,False,True,vote,0.5862806004618937,0.49022202976648704,0.09605857069540671
-0.4139361700326451,0.1,-0.22083232116056664,0.0,-1.007602050695135,,AVAX/USD,10,10,5.925313475391181,False,False,False,False,0,False,105.70208282843251,683.3769123629057,-577.6748295344732,crypto,1d,MAXINDEX~ATAN|vote,kraken,fixed_combo,6.0,0.0,False,False,True,vote,0.5830421478060046,0.48737203832007525,0.09567010948592934
-0.4176846003348113,0.2,-0.265920675175766,0.0,-1.0167264672907,,AVAX/USD,10,10,5.925313475391181,False,False,False,False,0,False,82.48246506702176,683.3769123629057,-600.894447295884,crypto,1d,MAXINDEX~IMI|or,kraken,fixed_combo,6.0,0.0,False,False,True,or,1.0,0.9039414293045933,0.09605857069540671
