date,symbol,rank,median_dollar_volume,eligible
2000-01-01,MSFT,1,1919389349.6009998,296
2000-01-01,INTC,2,1259477851.234,296
2000-01-01,CSCO,3,944543485.088,296
2000-01-01,AMAT,4,465002267.44200003,296
2000-01-01,EBAY,5,451032846.306895,296
2000-01-01,IBM,6,433085333.3663575,296
2000-01-01,ORCL,7,401640231.08599997,296
2000-01-01,QCOM,8,382177406.604,296
2000-01-01,MU,9,315795639.88600004,296
2000-01-01,C,10,268829369.597265,296
2000-01-01,GE,11,238793069.98499,296
2000-01-01,AMGN,12,223475109.86663997,296
2000-01-01,TXN,13,197671663.97,296
2000-01-01,WMT,14,187314344.226,296
2000-01-01,JCI,15,180120743.68058002,296
2000-01-01,AAPL,16,171378177.69766402,296
2000-01-01,BAC,17,165008693.56,296
2000-01-01,AIG,18,156064080.71944827,296
2000-01-01,AXP,19,151050121.59699,296
2000-01-01,MRK,20,140496195.288531,296
2000-01-01,MSI,21,140377883.036544,296
2000-01-01,PFE,22,135347416.55993998,296
2000-01-01,DIS,23,135308669.91057,296
2000-01-01,HD,24,128016479.99399999,296
2000-01-01,XOM,25,127590632.851,296
2000-01-01,SCHW,26,125309848.012,296
2000-01-01,COST,27,123576012.92000002,296
2000-01-01,MS,28,118615116.074,296
2000-01-01,JPM,29,113483098.8993,296
2000-01-01,CIEN,30,112310292.5,296
2000-01-01,KO,31,111136186.40810001,296
2000-01-01,BKNG,32,108129729.68296999,296
2000-01-01,JNJ,33,107377468.25099999,296
2000-01-01,PG,34,107051392.13,296
2000-01-01,VRSN,35,102058248.83,296
2000-01-01,LLY,36,96142093.7665,296
2000-01-01,SLB,37,94148211.063,296
2000-01-01,MDT,38,87810508.6408,296
2000-01-01,BMY,39,84967910.29541,296
2000-01-01,BA,40,75784643.64500001,296
2000-01-01,ADBE,41,70482426.52000001,296
2000-01-01,ABT,42,67995969.01717749,296
2000-01-01,MCD,43,67680266.16350001,296
2000-01-01,WFC,44,64997903.574,296
2000-01-01,TER,45,63613642.257,296
2000-01-01,GPS,46,61926042.42375,296
2000-01-01,TGT,47,61288081.8,296
2000-01-01,F,48,59688844.60392,296
2000-01-01,HAL,49,58924239.900000006,296
2000-01-01,BBY,50,57259974.945264004,296
2000-01-01,FDX,51,56944815.802039996,296
2000-01-01,PEP,52,55427417.2782,296
2000-01-01,MO,53,54256846.575,296
2000-01-01,LOW,54,53433845.533999994,296
2000-01-01,RTX,55,52524608.716005,296
2000-01-01,MCK,56,51616948.017000005,296
2000-01-01,AA,57,50396695.49434,296
2000-01-01,KR,58,47713025.143999994,296
2000-01-01,ALL,59,46693947.0415,296
2000-01-01,DD,60,46653051.439899996,296
2000-01-01,CI,61,46203406.635000005,296
2000-01-01,HPQ,62,45672569.778,296
2000-01-01,VZ,63,45419846.848005,296
2000-01-01,BSX,64,43779343.75,296
2000-01-01,CAH,65,43574767.9974,296
2000-01-01,MMM,66,43175996.237875,296
2000-01-01,EA,67,42580959.6812,296
2000-01-01,CVS,68,42576179.374,296
2000-01-01,COF,69,42325372.116000004,296
2000-01-01,CL,70,42224607.75,296
2000-01-01,CVX,71,41670846.885000005,296
2000-01-01,T,72,40452474.355655,296
2000-01-01,KMB,73,38015429.590560004,296
2000-01-01,CAT,74,37960983.68799999,296
2000-01-01,NKE,75,37216665.256,296
2000-01-01,WM,76,36355249.1255,296
2000-01-01,GS,77,35886499.328999996,296
2000-01-01,IP,78,35744146.921409994,296
2000-01-01,UNH,79,35635871.335999995,296
2000-01-01,GLW,80,35188109.20575,296
2000-01-01,AMD,81,33422846.875,296
2000-01-01,BIIB,82,33356899.6332,296
2000-01-01,NTAP,83,33205350.584,296
2000-01-01,BAX,84,33122769.622505,296
2000-01-01,BNY,85,32976103.088188,296
2000-01-01,LUV,86,31626191.9593125,296
2000-01-01,PAYX,87,30992929.129499998,296
2000-01-01,BRK.B,88,30923250.0,296
2000-01-01,ADI,89,30798263.228,296
2000-01-01,CCL,90,28798895.8459,296
2000-01-01,GT,91,28472127.09375,296
2000-01-01,LMT,92,28026488.293,296
2000-01-01,ANF,93,27973103.634,296
2000-01-01,MAT,94,27754655.91,296
2000-01-01,EMR,95,26626047.912,296
2000-01-01,CLX,96,25769860.538499996,296
2000-01-01,TJX,97,25326853.568000004,296
2000-01-01,ADP,98,25197465.10453,296
2000-01-01,MRSH,99,25008407.9112,296
2000-01-01,M,100,24441049.487999998,296
2001-01-01,MSFT,1,2195946848.101,302
2001-01-01,CSCO,2,1993543248.105,302
2001-01-01,INTC,3,1902512819.6935,302
2001-01-01,ORCL,4,1278394536.7200003,302
2001-01-01,QCOM,5,1008518667.5739999,302
2001-01-01,CIEN,6,878160109.96875,302
2001-01-01,AMAT,7,873335245.804,302
2001-01-01,VRSN,8,612828198.683,302
2001-01-01,MU,9,427616515.56,302
2001-01-01,GLW,10,407204065.26750004,302
2001-01-01,NTAP,11,378429260.3685,302
2001-01-01,IBM,12,378358743.41778004,302
2001-01-01,AMGN,13,351959377.62899995,302
2001-01-01,TXN,14,350260349.0,302
2001-01-01,GE,15,347464936.7570255,302
2001-01-01,C,16,309068732.52470005,302
2001-01-01,MSI,17,260612002.84498,302
2001-01-01,AAPL,18,255845025.818368,302
2001-01-01,WMT,19,248493857.9895,302
2001-01-01,AMD,20,237907993.75,302
2001-01-01,EBAY,21,229330998.31972,302
2001-01-01,AIG,22,224734805.71394998,302
2001-01-01,ADBE,23,216298569.116,302
2001-01-01,JCI,24,206817140.247552,302
2001-01-01,XOM,25,188405315.561,302
2001-01-01,HD,26,174618628.1815,302
2001-01-01,PFE,27,169335242.18231,302
2001-01-01,MS,28,167802404.751,302
2001-01-01,MRK,29,164008511.65625,302
2001-01-01,BAC,30,159577398.411,302
2001-01-01,JPM,31,157887653.72158,302
2001-01-01,AXP,32,156898559.477755,302
2001-01-01,COST,33,153626287.0245,302
2001-01-01,ADI,34,147370082.99,302
2001-01-01,JNJ,35,141844852.0714,302
2001-01-01,AKAM,36,133035143.75,302
2001-01-01,BIIB,37,131127591.27900001,302
2001-01-01,DIS,38,131024469.407045,302
2001-01-01,SLB,39,129905366.66600001,302
2001-01-01,PG,40,125760849.426,302
2001-01-01,TER,41,125421137.9875,302
2001-01-01,KO,42,119187033.9816,302
2001-01-01,INTU,43,119134038.434,302
2001-01-01,LLY,44,115528669.58450001,302
2001-01-01,GS,45,114851425.1805,302
2001-01-01,BA,46,109449014.653,302
2001-01-01,BMY,47,106708658.01822,302
2001-01-01,A,48,96799235.99454299,302
2001-01-01,MDT,49,95047269.6255,302
2001-01-01,SCHW,50,93406724.30250001,302
2001-01-01,HAL,51,83428808.64700001,302
2001-01-01,WFC,52,78284960.61000001,302
2001-01-01,ABT,53,77271363.41822499,302
2001-01-01,EA,54,74380385.0582,302
2001-01-01,MCD,55,73661346.3775,302
2001-01-01,NVDA,56,73092721.42284,302
2001-01-01,TGT,57,69478142.221,302
2001-01-01,T,58,68886016.738723,302
2001-01-01,GPS,59,67380645.0719,302
2001-01-01,HPQ,60,67364803.34200001,302
2001-01-01,F,61,67188787.60108,302
2001-01-01,AA,62,65602101.15031999,302
2001-01-01,MMM,63,65064193.93163,302
2001-01-01,PEP,64,64886088.756,302
2001-01-01,VZ,65,64222217.629115,302
2001-01-01,UNH,66,63807574.1548,302
2001-01-01,AES,67,62803546.3646,302
2001-01-01,LOW,68,61827155.401999995,302
2001-01-01,CI,69,59547077.099999994,302
2001-01-01,RTX,70,59331833.82594499,302
2001-01-01,BKNG,71,58800716.325124994,302
2001-01-01,SBUX,72,55577189.6,302
2001-01-01,CVS,73,55470617.805999994,302
2001-01-01,BBY,74,55137067.872375,302
2001-01-01,CVX,75,54343772.465,302
2001-01-01,BAX,76,54192158.19298,302
2001-01-01,PAYX,77,54143586.087,302
2001-01-01,MO,78,53938059.416,302
2001-01-01,CL,79,53072720.16,302
2001-01-01,WAT,80,50476996.875,302
2001-01-01,MRSH,81,48933113.998,302
2001-01-01,DD,82,48713323.415535,302
2001-01-01,JBL,83,47453413.789,302
2001-01-01,KMB,84,47201143.56945,302
2001-01-01,ADP,85,46071534.445030004,302
2001-01-01,CAH,86,45522748.5855,302
2001-01-01,BNY,87,44639483.758489996,302
2001-01-01,APA,88,43939031.610704996,302
2001-01-01,KR,89,43684555.2852,302
2001-01-01,IP,90,41805909.046435,302
2001-01-01,COF,91,41413580.139,302
2001-01-01,EMR,92,41373049.165,302
2001-01-01,ALL,93,39000432.20990001,302
2001-01-01,FDX,94,33228503.680335,302
2001-01-01,BSX,95,32482634.375,302
2001-01-01,CAT,96,32478049.614,302
2001-01-01,LUV,97,29966313.051,302
2001-01-01,NKE,98,27798015.672,302
2001-01-01,CCL,99,27302338.328,302
2001-01-01,TJX,100,24724781.576,302
2002-01-01,MSFT,1,1807774190.5560002,305
2002-01-01,INTC,2,1054042788.5925,305
2002-01-01,CSCO,3,939094705.4931,305
2002-01-01,CIEN,4,802017255.8016,305
2002-01-01,AMAT,5,675997612.163,305
2002-01-01,QCOM,6,581629914.425,305
2002-01-01,ORCL,7,559894286.622,305
2002-01-01,IBM,8,444560449.43641496,305
2002-01-01,GE,9,401718768.88593,305
2002-01-01,VRSN,10,401508793.8285,305
2002-01-01,AMGN,11,357941613.235,305
2002-01-01,C,12,343902571.97335005,305
2002-01-01,NVDA,13,342895963.40748,305
2002-01-01,JCI,14,310729815.11800504,305
2002-01-01,AIG,15,294926828.507375,305
2002-01-01,EBAY,16,290463087.38473,305
2002-01-01,MU,17,272869139.157,305
2002-01-01,WMT,18,235545067.3365,305
2002-01-01,JNJ,19,212576467.087,305
2002-01-01,XOM,20,203735373.927,305
2002-01-01,TXN,21,203590281.57475,305
2002-01-01,BAC,22,190076360.53530002,305
2002-01-01,BIIB,23,189949510.59885,305
2002-01-01,PFE,24,189535183.74623,305
2002-01-01,HD,25,178568256.488,305
2002-01-01,MS,26,175627375.43299997,305
2002-01-01,GS,27,174913591.935,305
2002-01-01,JPM,28,157523605.5175,305
2002-01-01,MRK,29,154676436.94031,305
2002-01-01,ADBE,30,146983964.2608,305
2002-01-01,AXP,31,144945004.2291395,305
2002-01-01,EA,32,142076748.10000002,305
2002-01-01,COST,33,138761709.91799998,305
2002-01-01,AMD,34,134202364.75,305
2002-01-01,NTAP,35,130945466.61500001,305
2002-01-01,LLY,36,125436666.4535,305
2002-01-01,SLB,37,124538846.929,305
2002-01-01,DIS,38,115169535.7159,305
2002-01-01,LOW,39,114927268.688,305
2002-01-01,BA,40,114043957.977,305
2002-01-01,PG,41,113959709.05000001,305
2002-01-01,GLW,42,109484282.94049999,305
2002-01-01,BMY,43,107479030.02125001,305
2002-01-01,INTU,44,106000730.001,305
2002-01-01,MDT,45,104584666.7335,305
2002-01-01,MMM,46,101260030.11904001,305
2002-01-01,AAPL,47,100207335.762912,305
2002-01-01,KO,48,98749356.069,305
2002-01-01,MSI,49,98168403.42288,305
2002-01-01,ADI,50,96022733.28944999,305
2002-01-01,WFC,51,95084335.528,305
2002-01-01,ABT,52,92705580.49099499,305
2002-01-01,CVX,53,89507714.30700001,305
2002-01-01,UNH,54,87345808.418,305
2002-01-01,RTX,55,86578755.90456,305
2002-01-01,THC,56,86338650.15675,305
2002-01-01,HAL,57,80980452.134,305
2002-01-01,BAX,58,80952882.27648,305
2002-01-01,PEP,59,80635121.193,305
2002-01-01,TGT,60,80179146.421,305
2002-01-01,BBY,61,75957453.10497001,305
2002-01-01,MO,62,74596323.531,305
2002-01-01,COF,63,72926897.85299999,305
2002-01-01,VZ,64,72417345.51951,305
2002-01-01,CAH,65,71899460.593,305
2002-01-01,CVS,66,71141972.046,305
2002-01-01,TER,67,70855849.352,305
2002-01-01,NBR,68,70400099.008396,305
2002-01-01,AA,69,68942548.71460399,305
2002-01-01,CI,70,67912122.627,305
2002-01-01,APA,71,67911930.04134,305
2002-01-01,MCD,72,67218033.1635,305
2002-01-01,T,73,66414245.798140004,305
2002-01-01,AES,74,63648951.133,305
2002-01-01,PAYX,75,62486327.0685,305
2002-01-01,FITB,76,61354488.5185,305
2002-01-01,SBUX,77,61085327.112,305
2002-01-01,GILD,78,58158915.936000004,305
2002-01-01,GPS,79,57617825.246,305
2002-01-01,BNY,80,57029708.67093,305
2002-01-01,F,81,56763638.501499996,305
2002-01-01,KSS,82,54915463.298250005,305
2002-01-01,MRSH,83,54326088.120000005,305
2002-01-01,CAT,84,51848560.974,305
2002-01-01,SCHW,85,51537759.8045,305
2002-01-01,CL,86,50218815.925,305
2002-01-01,ALL,87,49790078.8522,305
2002-01-01,EMR,88,49381895.3558,305
2002-01-01,KR,89,47963262.878,305
2002-01-01,DD,90,46423350.95977,305
2002-01-01,KMB,91,45910729.543400005,305
2002-01-01,ADP,92,44192221.7431,305
2002-01-01,A,93,43931701.81918,305
2002-01-01,JBL,94,43141484.501499996,305
2002-01-01,NKE,95,40626660.576000005,305
2002-01-01,IP,96,38956670.34408,305
2002-01-01,WAT,97,38090855.0,305
2002-01-01,LUV,98,36495420.111,305
2002-01-01,TJX,99,33210294.48,305
2002-01-01,FDX,100,32992961.471545,305
2003-01-01,MSFT,1,1615083965.091,309
2003-01-01,INTC,2,886580800.973,309
2003-01-01,CSCO,3,711803793.9389999,309
2003-01-01,AMAT,4,509216875.9275,309
2003-01-01,AMGN,5,441176231.63740003,309
2003-01-01,ORCL,6,384145790.56,309
2003-01-01,IBM,7,373510675.47161,309
2003-01-01,C,8,365075341.404,309
2003-01-01,GE,9,355762231.806605,309
2003-01-01,QCOM,10,346291820.244,309
2003-01-01,EBAY,11,315465542.05778,309
2003-01-01,WMT,12,294139660.389,309
2003-01-01,AIG,13,280148560.7412575,309
2003-01-01,BAC,14,259786528.459,309
2003-01-01,JCI,15,226558821.7704,309
2003-01-01,JNJ,16,224950478.23000002,309
2003-01-01,NVDA,17,220502745.133728,309
2003-01-01,BIIB,18,208243529.5,309
2003-01-01,GS,19,207587373.8529,309
2003-01-01,HD,20,206816256.4695,309
2003-01-01,EA,21,202943519.25199997,309
2003-01-01,PFE,22,190109667.24021,309
2003-01-01,XOM,23,189565096.429,309
2003-01-01,MU,24,174068160.15500003,309
2003-01-01,PG,25,169882528.435,309
2003-01-01,TXN,26,161106572.561,309
2003-01-01,MRK,27,153503343.152091,309
2003-01-01,JPM,28,147337934.1825,309
2003-01-01,MS,29,141533408.21649998,309
2003-01-01,LOW,30,135032425.51319999,309
2003-01-01,COST,31,134960802.524,309
2003-01-01,UNH,32,133805375.012,309
2003-01-01,MMM,33,132476865.87318501,309
2003-01-01,THC,34,129596140.56652,309
2003-01-01,AXP,35,127463305.69782501,309
2003-01-01,KO,36,123173240.42,309
2003-01-01,INTU,37,119606753.24399999,309
2003-01-01,WFC,38,115890106.359,309
2003-01-01,LLY,39,111876735.616,309
2003-01-01,COF,40,108502026.199,309
2003-01-01,ABT,41,106620481.649022,309
2003-01-01,DIS,42,105580511.04988499,309
2003-01-01,ADBE,43,105113031.036,309
2003-01-01,MDT,44,103090997.39299999,309
2003-01-01,NOC,45,102923086.08182,309
2003-01-01,PEP,46,96041791.345,309
2003-01-01,RTX,47,95161460.65119001,309
2003-01-01,TGT,48,93792083.0815,309
2003-01-01,SLB,49,90488319.482,309
2003-01-01,BAX,50,87641041.992195,309
2003-01-01,GILD,51,86978346.0,309
2003-01-01,BA,52,86746379.803,309
2003-01-01,CVX,53,86696024.00799999,309
2003-01-01,CAH,54,86679000.4625,309
2003-01-01,FITB,55,86664321.8325,309
2003-01-01,BMY,56,84195742.49000001,309
2003-01-01,NEM,57,84112549.31240499,309
2003-01-01,MO,58,82948236.50400001,309
2003-01-01,AAPL,59,81340028.172256,309
2003-01-01,AZO,60,81126701.0,309
2003-01-01,VZ,61,79309226.47249499,309
2003-01-01,LMT,62,79167130.125,309
2003-01-01,BBY,63,77870219.48651001,309
2003-01-01,GD,64,76711788.12900001,309
2003-01-01,KSS,65,75713306.96149999,309
2003-01-01,MSI,66,75398269.8687,309
2003-01-01,MCHP,67,71167218.342,309
2003-01-01,OMC,68,70930886.021,309
2003-01-01,NTAP,69,70884128.343,309
2003-01-01,AA,70,67205025.124325,309
2003-01-01,ADI,71,67175482.122,309
2003-01-01,MCD,72,66149580.6305,309
2003-01-01,FISV,73,63869316.0,309
2003-01-01,SBUX,74,61920367.86312,309
2003-01-01,GEN,75,61379455.704,309
2003-01-01,T,76,60328250.026905,309
2003-01-01,CL,77,60011960.0434,309
2003-01-01,FDX,78,59159949.68877,309
2003-01-01,NBR,79,58684500.7174,309
2003-01-01,APA,80,56359181.160450004,309
2003-01-01,AMD,81,55220211.0,309
2003-01-01,CI,82,55138038.49065,309
2003-01-01,F,83,55068345.535,309
2003-01-01,TER,84,54244025.3065,309
2003-01-01,CAT,85,54010834.725,309
2003-01-01,PAYX,86,53899370.65,309
2003-01-01,NKE,87,53299435.624,309
2003-01-01,MRSH,88,53188902.934,309
2003-01-01,CIEN,89,51505981.205,309
2003-01-01,ADP,90,49409082.288825005,309
2003-01-01,IP,91,48150367.49419999,309
2003-01-01,ALL,92,46866411.457,309
2003-01-01,BNY,93,46822643.01638,309
2003-01-01,DD,94,46043565.27675,309
2003-01-01,KR,95,46037117.599999994,309
2003-01-01,VRSN,96,41864340.739,309
2003-01-01,GPS,97,41846341.422,309
2003-01-01,EMR,98,41839553.382,309
2003-01-01,HAL,99,39946019.582,309
2003-01-01,KMB,100,39221982.35101999,309
2004-01-01,MSFT,1,1337256025.9178,312
2004-01-01,INTC,2,930001055.7550001,312
2004-01-01,CSCO,3,617621719.016,312
2004-01-01,EBAY,4,473599875.0965636,312
2004-01-01,AMGN,5,403980605.14,312
2004-01-01,AMAT,6,402525460.3635,312
2004-01-01,ORCL,7,383349498.1695,312
2004-01-01,C,8,317294588.3828,312
2004-01-01,IBM,9,313779974.360355,312
2004-01-01,QCOM,10,301256435.691,312
2004-01-01,GE,11,267965245.16759002,312
2004-01-01,WMT,12,263958206.118,312
2004-01-01,BAC,13,251981610.00800002,312
2004-01-01,AIG,14,237041706.55165,312
2004-01-01,PFE,15,225554071.197983,312
2004-01-01,EA,16,217521929.80299997,312
2004-01-01,JNJ,17,215373643.2575,312
2004-01-01,GS,18,207623260.412,312
2004-01-01,XOM,19,194466415.89499998,312
2004-01-01,CMCSA,20,163459299.986565,312
2004-01-01,HD,21,163388265.864,312
2004-01-01,PG,22,155544250.352,312
2004-01-01,MRK,23,147987330.16007,312
2004-01-01,BSX,24,146517709.0,312
2004-01-01,JPM,25,142306230.5665,312
2004-01-01,TXN,26,141457909.26,312
2004-01-01,MMM,27,135153509.71616,312
2004-01-01,MS,28,133350766.575,312
2004-01-01,LOW,29,132807742.99199998,312
2004-01-01,AXP,30,129082077.954407,312
2004-01-01,JCI,31,123178288.63413,312
2004-01-01,UNH,32,122673438.25400001,312
2004-01-01,WFC,33,117982730.514,312
2004-01-01,GILD,34,117584462.104,312
2004-01-01,MU,35,117189385.428,312
2004-01-01,INTU,36,115977612.474,312
2004-01-01,BIIB,37,115953660.0,312
2004-01-01,DIS,38,113224888.738675,312
2004-01-01,KSS,39,107083003.7052,312
2004-01-01,NEM,40,106696182.69999999,312
2004-01-01,KO,41,106304853.44226399,312
2004-01-01,LLY,42,105850842.46700001,312
2004-01-01,MDT,43,105587663.8569,312
2004-01-01,NVDA,44,105101909.88216001,312
2004-01-01,ADBE,45,105020736.5,312
2004-01-01,COST,46,102862782.2074,312
2004-01-01,RTX,47,94390147.243875,312
2004-01-01,COF,48,94171933.6765,312
2004-01-01,CAH,49,89529336.53799999,312
2004-01-01,AZO,50,88509095.5,312
2004-01-01,ABT,51,88354436.81174201,312
2004-01-01,SLB,52,84713885.176,312
2004-01-01,CVX,53,83072572.602,312
2004-01-01,VZ,54,80300004.058195,312
2004-01-01,GEN,55,79749959.526,312
2004-01-01,ADI,56,79269250.08049999,312
2004-01-01,TGT,57,77977747.557,312
2004-01-01,BA,58,77314444.114,312
2004-01-01,PEP,59,77090460.4935,312
2004-01-01,BBY,60,76848173.96024999,312
2004-01-01,MO,61,76227218.33595,312
2004-01-01,CAT,62,74765263.74599999,312
2004-01-01,NTAP,63,72353387.9905,312
2004-01-01,LEN,64,71589818.78565,312
2004-01-01,MSI,65,71208982.95779249,312
2004-01-01,FDX,66,70560641.34682,312
2004-01-01,FITB,67,70304095.6805,312
2004-01-01,AAPL,68,69905630.003132,312
2004-01-01,AMD,69,68574590.0,312
2004-01-01,APA,70,66452863.2892,312
2004-01-01,SBUX,71,66192003.089999996,312
2004-01-01,MCHP,72,64100827.522999994,312
2004-01-01,MCD,73,63359991.518199995,312
2004-01-01,LMT,74,61260112.368,312
2004-01-01,CIEN,75,60934199.795,312
2004-01-01,NOC,76,60645527.555345,312
2004-01-01,T,77,58832055.71448,312
2004-01-01,BAX,78,57901306.30923,312
2004-01-01,BMY,79,57794410.0131,312
2004-01-01,CL,80,56664379.533,312
2004-01-01,HAL,81,56546939.05,312
2004-01-01,FISV,82,56289444.0,312
2004-01-01,GPS,83,56077323.120000005,312
2004-01-01,AA,84,55379682.744210005,312
2004-01-01,GD,85,54747590.980000004,312
2004-01-01,DD,86,54731874.052279994,312
2004-01-01,NBR,87,53995751.70538,312
2004-01-01,OMC,88,53171430.308,312
2004-01-01,NKE,89,51496474.480000004,312
2004-01-01,THC,90,50502824.0,312
2004-01-01,MRSH,91,50348959.49475,312
2004-01-01,PAYX,92,49694475.404,312
2004-01-01,ALL,93,48825555.379999995,312
2004-01-01,F,94,48494358.815799996,312
2004-01-01,CI,95,44364640.6275,312
2004-01-01,ADP,96,43205063.425593,312
2004-01-01,TER,97,41729066.623050004,312
2004-01-01,VRSN,98,41524636.302,312
2004-01-01,IP,99,40859049.316495,312
2004-01-01,KMB,100,39192327.077755004,312
2005-01-01,MSFT,1,1334858161.659,316
2005-01-01,INTC,2,1144925570.437,316
2005-01-01,CSCO,3,730546580.748,316
2005-01-01,EBAY,4,628673893.3332,316
2005-01-01,AMAT,5,475725252.6385,316
2005-01-01,ORCL,6,394043960.82000005,316
2005-01-01,QCOM,7,377720872.77199996,316
2005-01-01,C,8,361576115.50905,316
2005-01-01,WMT,9,330348114.75960004,316
2005-01-01,AMGN,10,325586975.1189,316
2005-01-01,GE,11,304657294.97174,316
2005-01-01,BAC,12,263390282.82999998,316
2005-01-01,AIG,13,251411631.038468,316
2005-01-01,XOM,14,248163692.72749996,316
2005-01-01,PFE,15,241881200.293455,316
2005-01-01,IBM,16,237442973.537595,316
2005-01-01,GS,17,233312493.9235,316
2005-01-01,BIIB,18,195043427.0,316
2005-01-01,JPM,19,193301641.953,316
2005-01-01,TXN,20,187802300.51700002,316
2005-01-01,JNJ,21,186576654.63975,316
2005-01-01,AAPL,22,177365731.96014398,316
2005-01-01,EA,23,174128683.9695,316
2005-01-01,BSX,24,167502175.0,316
2005-01-01,PG,25,160672155.7635,316
2005-01-01,JCI,26,153690436.818856,316
2005-01-01,CMCSA,27,149243965.260875,316
2005-01-01,HD,28,147283352.2635,316
2005-01-01,MS,29,146852543.384,316
2005-01-01,NEM,30,145689974.3125,316
2005-01-01,AMD,31,144917757.5,316
2005-01-01,UNH,32,142993264.515,316
2005-01-01,MSI,33,142952050.58218,316
2005-01-01,SLB,34,138580521.825,316
2005-01-01,AXP,35,137789726.36616,316
2005-01-01,MRK,36,136278380.85702,316
2005-01-01,LOW,37,128230606.629,316
2005-01-01,KO,38,127810524.266,316
2005-01-01,DIS,39,127512935.718375,316
2005-01-01,MMM,40,123203492.02948499,316
2005-01-01,LLY,41,121163266.71689999,316
2005-01-01,CVX,42,118329315.395,316
2005-01-01,ADBE,43,116256100.57800001,316
2005-01-01,WFC,44,114072122.994,316
2005-01-01,RTX,45,113813413.893225,316
2005-01-01,MDT,46,113773018.059,316
2005-01-01,ELV,47,111399925.282,316
2005-01-01,MU,48,110607339.127,316
2005-01-01,COST,49,106779320.01699999,316
2005-01-01,GILD,50,105956186.26640001,316
2005-01-01,CAT,51,105740369.537,316
2005-01-01,ADI,52,103887144.90450001,316
2005-01-01,AA,53,98742650.511085,316
2005-01-01,BA,54,98492169.83749999,316
2005-01-01,SBUX,55,97683920.46599999,316
2005-01-01,COP,56,97145700.81812,316
2005-01-01,TGT,57,96203458.255,316
2005-01-01,GEN,58,94551376.5735,316
2005-01-01,ABT,59,94345828.995114,316
2005-01-01,BBY,60,92552642.508,316
2005-01-01,PEP,61,92289412.5715,316
2005-01-01,NVDA,62,85228392.49842,316
2005-01-01,HAL,63,84525953.54800001,316
2005-01-01,COF,64,83205464.968,316
2005-01-01,ZBH,65,82974029.187112,316
2005-01-01,MO,66,82594920.839,316
2005-01-01,FDX,67,81167556.17273,316
2005-01-01,VZ,68,80400056.0644215,316
2005-01-01,KSS,69,77983846.062,316
2005-01-01,UPS,70,75517838.2345,316
2005-01-01,DE,71,73905284.625,316
2005-01-01,INTU,72,73410943.030129,316
2005-01-01,DD,73,72282120.18564501,316
2005-01-01,CAH,74,71290620.594,316
2005-01-01,AZO,75,69685074.0,316
2005-01-01,CCL,76,68675483.22440001,316
2005-01-01,NTAP,77,67997687.643,316
2005-01-01,VLO,78,67204005.95453,316
2005-01-01,APA,79,66938312.556,316
2005-01-01,ALL,80,65837888.613,316
2005-01-01,F,81,63875648.418,316
2005-01-01,MCD,82,63521667.93000001,316
2005-01-01,CL,83,63429750.9452,316
2005-01-01,LEN,84,62296380.96289,316
2005-01-01,NBR,85,61267069.639864,316
2005-01-01,NKE,86,61223142.708000004,316
2005-01-01,FITB,87,61183356.953,316
2005-01-01,GPS,88,60770377.2425,316
2005-01-01,T,89,60319672.287425,316
2005-01-01,BMY,90,58232960.0115,316
2005-01-01,CI,91,56699898.10349999,316
2005-01-01,LMT,92,55329725.198750004,316
2005-01-01,FISV,93,53434450.5,316
2005-01-01,MRSH,94,51708128.979949996,316
2005-01-01,VRSN,95,51020652.5652,316
2005-01-01,TER,96,50895823.171500005,316
2005-01-01,MCHP,97,50807231.982,316
2005-01-01,NOC,98,50299676.968825,316
2005-01-01,GD,99,46351103.52,316
2005-01-01,KMB,100,45185875.195429996,316
2006-01-01,GOOG,1,2514534144.61088,319
2006-01-01,MSFT,2,1343379935.8265,319
2006-01-01,INTC,3,1006442715.1399999,319
2006-01-01,AAPL,4,861043699.2360001,319
2006-01-01,CSCO,5,631967314.69375,319
2006-01-01,EBAY,6,590293544.6844305,319
2006-01-01,XOM,7,510467973.2481,319
2006-01-01,C,8,401609131.42455006,319
2006-01-01,ORCL,9,388314247.40900004,319
2006-01-01,QCOM,10,360398069.46440005,319
2006-01-01,WMT,11,358663588.7595,319
2006-01-01,AMGN,12,341032917.232,319
2006-01-01,GE,13,336445512.53474,319
2006-01-01,AMAT,14,333422084.4915,319
2006-01-01,AIG,15,315039253.89437497,319
2006-01-01,VLO,16,306062503.383605,319
2006-01-01,BAC,17,299271734.78849995,319
2006-01-01,GS,18,281510397.7437,319
2006-01-01,PFE,19,256209656.09683,319
2006-01-01,IBM,20,242431351.028645,319
2006-01-01,JNJ,21,237818322.64499998,319
2006-01-01,PG,22,224742043.504,319
2006-01-01,AMZN,23,217476353.0,319
2006-01-01,HAL,24,215105952.388,319
2006-01-01,SLB,25,212458853.1928,319
2006-01-01,TXN,26,211074357.1415,319
2006-01-01,JPM,27,208698848.40800002,319
2006-01-01,COP,28,203331825.08943498,319
2006-01-01,CVX,29,202573550.692,319
2006-01-01,UNH,30,202070214.32450002,319
2006-01-01,EA,31,201103926.41000003,319
2006-01-01,CMCSA,32,192272530.28931,319
2006-01-01,AXP,33,179890019.690855,319
2006-01-01,HD,34,173963935.1835,319
2006-01-01,MSI,35,172870126.60661602,319
2006-01-01,MS,36,168584081.1633,319
2006-01-01,AMD,37,167414453.09320003,319
2006-01-01,JCI,38,164411200.328745,319
2006-01-01,ADBE,39,159118596.0,319
2006-01-01,BA,40,153264658.892,319
2006-01-01,ELV,41,148822460.01200002,319
2006-01-01,DIS,42,143513108.40396,319
2006-01-01,BIIB,43,143219184.5,319
2006-01-01,LOW,44,141449594.491,319
2006-01-01,GEN,45,137202707.19779998,319
2006-01-01,NEM,46,131093249.739,319
2006-01-01,WFC,47,130830036.095,319
2006-01-01,CAT,48,129117228.8058,319
2006-01-01,MO,49,126668844.14750001,319
2006-01-01,KO,50,126268070.31600001,319
2006-01-01,APA,51,121969634.11,319
2006-01-01,SBUX,52,121057414.16800001,319
2006-01-01,KBH,53,120482658.927,319
2006-01-01,MDT,54,119080337.535,319
2006-01-01,MRK,55,118966123.085665,319
2006-01-01,MMM,56,117333424.11265,319
2006-01-01,RTX,57,116446282.48257801,319
2006-01-01,TGT,58,116180397.90900001,319
2006-01-01,CME,59,115178689.88999999,319
2006-01-01,NVDA,60,114968320.49304,319
2006-01-01,OXY,61,113880627.30584002,319
2006-01-01,FDX,62,111010294.1425,319
2006-01-01,DD,63,110303937.24557999,319
2006-01-01,BSX,64,109754424.0,319
2006-01-01,LLY,65,108596764.4835,319
2006-01-01,DVN,66,108158011.2855,319
2006-01-01,ZBH,67,107237819.291345,319
2006-01-01,COF,68,106289758.8206,319
2006-01-01,ABT,69,105306359.25505999,319
2006-01-01,PHM,70,103252036.79800001,319
2006-01-01,VRSN,71,102597587.38999999,319
2006-01-01,BBY,72,102049443.945,319
2006-01-01,NBR,73,100269947.1643,319
2006-01-01,VZ,74,98695662.35007,319
2006-01-01,GILD,75,98301336.88,319
2006-01-01,COST,76,96965904.2105,319
2006-01-01,MCD,77,96629723.78999999,319
2006-01-01,EOG,78,95335658.54100001,319
2006-01-01,LEN,79,94848417.576117,319
2006-01-01,CCL,80,93852419.61794999,319
2006-01-01,UPS,81,91634163.1485,319
2006-01-01,AA,82,91176540.64457999,319
2006-01-01,PEP,83,89532406.5485,319
2006-01-01,CI,84,88933267.029,319
2006-01-01,NKE,85,86490664.788,319
2006-01-01,NTAP,86,85316564.67228001,319
2006-01-01,ALL,87,81206165.8425,319
2006-01-01,T,88,79385794.19152,319
2006-01-01,DE,89,78251292.08399999,319
2006-01-01,MU,90,76591641.561,319
2006-01-01,KSS,91,70611450.316,319
2006-01-01,AZO,92,69503380.0,319
2006-01-01,ADI,93,67279248.3655,319
2006-01-01,LMT,94,64261881.433,319
2006-01-01,INTU,95,64019665.283999994,319
2006-01-01,F,96,63066770.192,319
2006-01-01,CAH,97,62083313.357999995,319
2006-01-01,FITB,98,61061966.1314,319
2006-01-01,BMY,99,58885259.2535,319
2006-01-01,CL,100,58795205.69140001,319
2007-01-01,GOOG,1,2927112315.97921,324
2007-01-01,AAPL,2,1624861166.796,324
2007-01-01,MSFT,3,1221971165.624,324
2007-01-01,INTC,4,948532449.118,324
2007-01-01,CSCO,5,674063771.366,324
2007-01-01,XOM,6,664015630.497,324
2007-01-01,GS,7,501576065.05499995,324
2007-01-01,ORCL,8,472003894.9525,324
2007-01-01,AMD,9,454329439.5,324
2007-01-01,C,10,441733998.71025,324
2007-01-01,QCOM,11,427752164.21,324
2007-01-01,EBAY,12,424465525.5429599,324
2007-01-01,GE,13,421049920.88587,324
2007-01-01,SLB,14,400499931.88600004,324
2007-01-01,BAC,15,390856278.456,324
2007-01-01,AMGN,16,382802941.87049997,324
2007-01-01,WMT,17,374282743.7214,324
2007-01-01,AMAT,18,365970239.82,324
2007-01-01,HAL,19,353204030.6435,324
2007-01-01,VLO,20,341984747.966195,324
2007-01-01,COP,21,326472719.64142,324
2007-01-01,AIG,22,293180979.495955,324
2007-01-01,PFE,23,291892784.792704,324
2007-01-01,JNJ,24,272989373.292,324
2007-01-01,TXN,25,268790764.736,324
2007-01-01,JPM,26,265869264.86299998,324
2007-01-01,CVX,27,264482445.07,324
2007-01-01,MSI,28,261956971.694665,324
2007-01-01,PG,29,258242764.23300004,324
2007-01-01,UNH,30,255159475.8998,324
2007-01-01,HD,31,248157350.622,324
2007-01-01,NVDA,32,238385347.26144,324
2007-01-01,IBM,33,236552447.94103998,324
2007-01-01,NEM,34,235859430.2095,324
2007-01-01,CMCSA,35,219393182.61264,324
2007-01-01,DIS,36,218884236.3010725,324
2007-01-01,BA,37,212246540.68019998,324
2007-01-01,AMZN,38,211008494.5,324
2007-01-01,CAT,39,206966569.2785,324
2007-01-01,BSX,40,196767390.3883,324
2007-01-01,NBR,41,185237371.38678,324
2007-01-01,AXP,42,184374596.0845,324
2007-01-01,OXY,43,178108168.79033875,324
2007-01-01,DVN,44,174016413.225,324
2007-01-01,GLW,45,173962733.83999997,324
2007-01-01,ADBE,46,173495187.667465,324
2007-01-01,MRK,47,171687089.93942,324
2007-01-01,MO,48,171551259.7665,324
2007-01-01,FCX,49,169747456.194,324
2007-01-01,LOW,50,167722531.548,324
2007-01-01,MS,51,165069554.8085,324
2007-01-01,SBUX,52,161926275.37199998,324
2007-01-01,EA,53,160458283.49400002,324
2007-01-01,MDT,54,159764050.69699,324
2007-01-01,APA,55,159625912.95,324
2007-01-01,GILD,56,157046140.42000002,324
2007-01-01,EOG,57,156540190.7104,324
2007-01-01,CME,58,154611661.1875,324
2007-01-01,T,59,153042069.56405252,324
2007-01-01,MU,60,152446082.89850003,324
2007-01-01,KO,61,149193507.85819998,324
2007-01-01,ELV,62,148879398.1005,324
2007-01-01,WFC,63,148744539.423,324
2007-01-01,ATI,64,144476210.137,324
2007-01-01,NUE,65,139033803.504,324
2007-01-01,ABT,66,134979915.444175,324
2007-01-01,TGT,67,134774845.0635,324
2007-01-01,FDX,68,133738118.50169201,324
2007-01-01,BIIB,69,133338660.5,324
2007-01-01,COST,70,130660100.75404999,324
2007-01-01,VZ,71,128033850.937095,324
2007-01-01,RTX,72,125777840.54948,324
2007-01-01,MMM,73,124540417.01167,324
2007-01-01,COF,74,123654254.7093,324
2007-01-01,JCI,75,123278164.21682,324
2007-01-01,AA,76,122708196.7305,324
2007-01-01,AKAM,77,122568004.0,324
2007-01-01,DE,78,119627743.276,324
2007-01-01,MCD,79,117092124.179,324
2007-01-01,LLY,80,115438858.19155,324
2007-01-01,PEP,81,114346599.47,324
2007-01-01,BBY,82,111816376.804,324
2007-01-01,DD,83,110003542.70874,324
2007-01-01,GEN,84,108663041.5425,324
2007-01-01,F,85,108150743.9979,324
2007-01-01,UPS,86,107872784.658,324
2007-01-01,CI,87,106133648.112,324
2007-01-01,KSS,88,98365590.19399999,324
2007-01-01,NKE,89,96755889.912,324
2007-01-01,CCL,90,92737424.269,324
2007-01-01,KBH,91,88848931.1135,324
2007-01-01,NTAP,92,87855453.693,324
2007-01-01,LEN,93,87618931.29669,324
2007-01-01,ZBH,94,86286442.970575,324
2007-01-01,ALL,95,83510564.00985,324
2007-01-01,LMT,96,83506540.22199999,324
2007-01-01,BMY,97,81760380.21149999,324
2007-01-01,PHM,98,75737672.843,324
2007-01-01,ADI,99,74183613.32365,324
2007-01-01,INTU,100,71519854.8573,324
2008-01-01,AAPL,1,3543190293.16,332
2008-01-01,GOOG,2,2568989412.23111,332
2008-01-01,MSFT,3,1392039057.02,332
2008-01-01,GS,4,1228380503.391,332
2008-01-01,INTC,5,1017176957.7385,332
2008-01-01,XOM,6,978524749.827,332
2008-01-01,CSCO,7,929091729.628,332
2008-01-01,C,8,907369452.0543499,332
2008-01-01,GE,9,735506751.00807,332
2008-01-01,BAC,10,677587703.3299999,332
2008-01-01,FCX,11,585961143.13,332
2008-01-01,AIG,12,546494816.0343001,332
2008-01-01,AMZN,13,536130367.0,332
2008-01-01,WMT,14,505092705.7758,332
2008-01-01,QCOM,15,501502232.948,332
2008-01-01,SLB,16,480821150.14400005,332
2008-01-01,ORCL,17,473947444.9855,332
2008-01-01,JPM,18,467765548.095,332
2008-01-01,COP,19,453543920.270065,332
2008-01-01,AMGN,20,445430191.6265,332
2008-01-01,EBAY,21,425470699.64147997,332
2008-01-01,IBM,22,415944212.918323,332
2008-01-01,JNJ,23,413772276.0635,332
2008-01-01,PFE,24,399628043.058795,332
2008-01-01,HAL,25,391186740.0015,332
2008-01-01,PG,26,385886311.116,332
2008-01-01,CVX,27,384147579.21936,332
2008-01-01,VLO,28,375851640.949605,332
2008-01-01,MS,29,374027474.38699996,332
2008-01-01,AMAT,30,373933457.13224995,332
2008-01-01,MA,31,371191866.33000004,332
2008-01-01,CMCSA,32,359094940.03368,332
2008-01-01,NVDA,33,358537506.88934004,332
2008-01-01,HD,34,338502559.936,332
2008-01-01,AMD,35,326245158.5,332
2008-01-01,BA,36,322942183.321,332
2008-01-01,ICE,37,319249586.1575,332
2008-01-01,WFC,38,309216440.3679,332
2008-01-01,T,39,302696708.36727,332
2008-01-01,TXN,40,300483831.826,332
2008-01-01,AXP,41,299699164.30275,332
2008-01-01,UNH,42,286658777.9965,332
2008-01-01,MSI,43,284452370.03276,332
2008-01-01,CVS,44,283837248.25967,332
2008-01-01,TGT,45,281190564.46449995,332
2008-01-01,MRK,46,280380564.10230005,332
2008-01-01,AA,47,278519307.67679,332
2008-01-01,DIS,48,272632754.28958,332
2008-01-01,KO,49,266835713.15352,332
2008-01-01,CAT,50,255728256.30300003,332
2008-01-01,ADBE,51,253235997.5,332
2008-01-01,MO,52,243875972.139,332
2008-01-01,SBUX,53,238313163.31599998,332
2008-01-01,NOV,54,228920750.78776002,332
2008-01-01,DE,55,220286490.546,332
2008-01-01,NEM,56,216204064.1642,332
2008-01-01,MCD,57,212978040.2235,332
2008-01-01,ABT,58,206953001.87525,332
2008-01-01,GILD,59,205855868.96100003,332
2008-01-01,CME,60,202468263.7375,332
2008-01-01,GLW,61,201367949.2245,332
2008-01-01,RTX,62,198198140.61128,332
2008-01-01,OXY,63,197029392.44188,332
2008-01-01,BIIB,64,196991392.5,332
2008-01-01,COF,65,195800759.13,332
2008-01-01,MDT,66,193187373.615,332
2008-01-01,MU,67,192188493.212,332
2008-01-01,APA,68,187711955.116,332
2008-01-01,ELV,69,186815679.20003998,332
2008-01-01,FSLR,70,185835356.0,332
2008-01-01,DVN,71,184295873.7499,332
2008-01-01,LOW,72,183750610.45349997,332
2008-01-01,F,73,182146247.272,332
2008-01-01,ATI,74,181494513.16599998,332
2008-01-01,COST,75,181035196.565,332
2008-01-01,VZ,76,180923903.28234,332
2008-01-01,PEP,77,180414794.23000002,332
2008-01-01,CSX,78,175872729.12300003,332
2008-01-01,EA,79,174579576.462,332
2008-01-01,AKAM,80,171933296.8304,332
2008-01-01,UNP,81,170648265.7944,332
2008-01-01,MMM,82,168907474.41195,332
2008-01-01,LLY,83,166077282.6505,332
2008-01-01,FDX,84,165440717.93581003,332
2008-01-01,NUE,85,148440042.647,332
2008-01-01,BSX,86,148076275.5,332
2008-01-01,DD,87,146550547.09623998,332
2008-01-01,BBY,88,141651327.92146,332
2008-01-01,NBR,89,140530464.83903998,332
2008-01-01,BMY,90,139881113.752,332
2008-01-01,NTAP,91,138886651.94175,332
2008-01-01,UPS,92,137335594.7435,332
2008-01-01,NKE,93,136811949.39200002,332
2008-01-01,JCI,94,134541898.73845,332
2008-01-01,EOG,95,128490393.972,332
2008-01-01,KSS,96,127751366.743,332
2008-01-01,ALL,97,121232002.281,332
2008-01-01,LMT,98,112535658.15349999,332
2008-01-01,GEN,99,111733647.92750001,332
2008-01-01,ZBH,100,106137644.53902,332
2009-01-01,AAPL,1,4491006113.384,337
2009-01-01,GOOG,2,2621368954.02388,337
2009-01-01,MSFT,3,1682991884.4415002,337
2009-01-01,GS,4,1459401569.1475,337
2009-01-01,C,5,1409968025.5977,337
2009-01-01,BAC,6,1386220696.937,337
2009-01-01,XOM,7,1278943096.7165,337
2009-01-01,JPM,8,1064792660.4185001,337
2009-01-01,GE,9,993428620.7061601,337
2009-01-01,INTC,10,939544055.973,337
2009-01-01,CSCO,11,878508492.0999999,337
2009-01-01,WMT,12,873908333.7435,337
2009-01-01,FSLR,13,815559687.0,337
2009-01-01,WFC,14,795021539.7214999,337
2009-01-01,FCX,15,767404361.875,337
2009-01-01,AIG,16,651871328.5133,337
2009-01-01,QCOM,17,632750237.7030001,337
2009-01-01,ORCL,18,628710263.6651499,337
2009-01-01,MA,19,615259753.22,337
2009-01-01,CVX,20,614726440.106134,337
2009-01-01,AMZN,21,597891145.0,337
2009-01-01,SLB,22,576502846.557,337
2009-01-01,COP,23,555056690.39076,337
2009-01-01,PG,24,537330187.098,337
2009-01-01,IBM,25,526661124.15373003,337
2009-01-01,JNJ,26,500451615.576,337
2009-01-01,MS,27,469842447.706,337
2009-01-01,HAL,28,421398717.7595,337
2009-01-01,PFE,29,409718525.51175,337
2009-01-01,APA,30,377188147.1455,337
2009-01-01,OXY,31,365534868.14811194,337
2009-01-01,KO,32,365476807.30212,337
2009-01-01,AXP,33,364749061.22249997,337
2009-01-01,AMGN,34,352185986.45149994,337
2009-01-01,TGT,35,346234564.9524,337
2009-01-01,DVN,36,339538101.577,337
2009-01-01,T,37,338728076.33017004,337
2009-01-01,AMAT,38,335755662.88100004,337
2009-01-01,DIS,39,335059312.821,337
2009-01-01,BA,40,332418342.6958,337
2009-01-01,MCD,41,330117578.406,337
2009-01-01,NOV,42,325685820.71310496,337
2009-01-01,EBAY,43,321332086.58605003,337
2009-01-01,AA,44,319747470.34875,337
2009-01-01,HD,45,311060532.264,337
2009-01-01,CAT,46,309589572.71599996,337
2009-01-01,MRK,47,307030596.021515,337
2009-01-01,CMCSA,48,304596417.45467,337
2009-01-01,COF,49,300687118.079,337
2009-01-01,COST,50,299886437.89900005,337
2009-01-01,GILD,51,293506783.344,337
2009-01-01,USB,52,292805465.8925,337
2009-01-01,NVDA,53,284492149.2291,337
2009-01-01,CNX,54,274059116.1504,337
2009-01-01,ABT,55,271749132.9967,337
2009-01-01,UNP,56,264305112.9,337
2009-01-01,DE,57,261159487.19072002,337
2009-01-01,RTX,58,260929170.97127,337
2009-01-01,TXN,59,257982116.4955,337
2009-01-01,EOG,60,257373719.68199998,337
2009-01-01,ADBE,61,254532807.5,337
2009-01-01,CVS,62,250723057.88201,337
2009-01-01,CF,63,249638771.235,337
2009-01-01,VLO,64,246509281.15301752,337
2009-01-01,UNH,65,244518103.8545,337
2009-01-01,CME,66,237481909.5,337
2009-01-01,PEP,67,236965964.467,337
2009-01-01,NUE,68,236776480.8135,337
2009-01-01,NEM,69,234859871.52899998,337
2009-01-01,LOW,70,221547067.2235,337
2009-01-01,VZ,71,218333992.702198,337
2009-01-01,STT,72,214779414.229,337
2009-01-01,ISRG,73,212364185.35499996,337
2009-01-01,FLR,74,209715968.812,337
2009-01-01,BNY,75,209034510.76200002,337
2009-01-01,GLW,76,207849503.897,337
2009-01-01,MMM,77,200983740.40636003,337
2009-01-01,MDT,78,200978076.81699997,337
2009-01-01,CSX,79,199696219.21800002,337
2009-01-01,UPS,80,198461291.5956,337
2009-01-01,SCHW,81,197034613.543796,337
2009-01-01,BIIB,82,191214437.0,337
2009-01-01,NBR,83,189436210.77684,337
2009-01-01,EA,84,185919537.7755,337
2009-01-01,FDX,85,183842701.23115,337
2009-01-01,ELV,86,176355270.08628,337
2009-01-01,NKE,87,175696156.996,337
2009-01-01,DD,88,173677735.094033,337
2009-01-01,ICE,89,172273019.29514998,337
2009-01-01,LLY,90,164633998.958,337
2009-01-01,BMY,91,160103474.609,337
2009-01-01,F,92,159871830.231,337
2009-01-01,SBUX,93,157143995.589,337
2009-01-01,BBY,94,154040697.50813502,337
2009-01-01,LMT,95,142882635.78149998,337
2009-01-01,MSI,96,140600616.28569,337
2009-01-01,KSS,97,140451283.55449998,337
2009-01-01,ALL,98,135276034.44099998,337
2009-01-01,MO,99,132690715.7,337
2009-01-01,AKAM,100,131917698.5,337
2010-01-01,BAC,1,2439022469.0542,340
2010-01-01,AAPL,2,2175673101.0,340
2010-01-01,GS,3,1348925099.342,340
2010-01-01,GOOG,4,1309784737.420233,340
2010-01-01,JPM,5,1224913837.7902,340
2010-01-01,MSFT,6,1053457070.71,340
2010-01-01,WFC,7,1035747429.5182,340
2010-01-01,XOM,8,982243342.94,340
2010-01-01,C,9,924659986.7853,340
2010-01-01,GE,10,813833605.8399074,340
2010-01-01,INTC,11,720388976.5819001,340
2010-01-01,FCX,12,668868601.0899999,340
2010-01-01,WMT,13,629528831.628,340
2010-01-01,CSCO,14,622210006.713,340
2010-01-01,AMZN,15,597782816.0,340
2010-01-01,QCOM,16,496551406.939,340
2010-01-01,ORCL,17,474962935.9505,340
2010-01-01,MS,18,470872140.77,340
2010-01-01,FSLR,19,468116560.393,340
2010-01-01,IBM,20,455438852.666904,340
2010-01-01,JNJ,21,437117059.829,340
2010-01-01,PG,22,419771707.9546,340
2010-01-01,CVX,23,403988580.979185,340
2010-01-01,PFE,24,391476756.40554,340
2010-01-01,V,25,386189632.5648,340
2010-01-01,SLB,26,357467177.2975,340
2010-01-01,MA,27,350891575.53999996,340
2010-01-01,MCD,28,328440489.6225,340
2010-01-01,COP,29,324331133.29902005,340
2010-01-01,AXP,30,317372792.352,340
2010-01-01,CAT,31,306360203.7855,340
2010-01-01,KO,32,296345349.90547997,340
2010-01-01,AMGN,33,283890485.749,340
2010-01-01,HD,34,282355943.666,340
2010-01-01,AA,35,278215699.7628,340
2010-01-01,ABT,36,274384883.77326,340
2010-01-01,MRK,37,274213861.217679,340
2010-01-01,T,38,272486586.051018,340
2010-01-01,OXY,39,265729720.874445,340
2010-01-01,HAL,40,249697462.0485,340
2010-01-01,DIS,41,249289278.447,340
2010-01-01,EBAY,42,243850306.188205,340
2010-01-01,USB,43,243729354.3595,340
2010-01-01,GILD,44,240021239.99199998,340
2010-01-01,CMCSA,45,239562847.781631,340
2010-01-01,APA,46,233269132.065,340
2010-01-01,NEM,47,232750686.90600002,340
2010-01-01,TGT,48,229143105.5625,340
2010-01-01,CVS,49,219467922.47362,340
2010-01-01,UNH,50,218943304.449,340
2010-01-01,BA,51,215021268.21475,340
2010-01-01,F,52,214355831.8495,340
2010-01-01,TXN,53,209715186.448,340
2010-01-01,LOW,54,209199699.40240002,340
2010-01-01,VZ,55,206661348.44647,340
2010-01-01,PEP,56,205439397.051,340
2010-01-01,RTX,57,204584680.41621,340
2010-01-01,DVN,58,203962557.371,340
2010-01-01,COF,59,203317312.353,340
2010-01-01,BNY,60,203036093.8843,340
2010-01-01,AMAT,61,198011852.833,340
2010-01-01,NVDA,62,192275981.00132,340
2010-01-01,ADBE,63,191777370.0,340
2010-01-01,STT,64,191359653.59849998,340
2010-01-01,DD,65,180967673.49,340
2010-01-01,SCHW,66,180938095.40180498,340
2010-01-01,COST,67,180454372.70049998,340
2010-01-01,NOV,68,180350224.07445902,340
2010-01-01,PNC,69,178919138.7905,340
2010-01-01,UNP,70,171180345.75599998,340
2010-01-01,ELV,71,170472896.42856002,340
2010-01-01,EOG,72,168482147.48000002,340
2010-01-01,HIG,73,166233994.865,340
2010-01-01,PM,74,166168102.7938,340
2010-01-01,TRV,75,164214577.77600002,340
2010-01-01,MMM,76,163057556.22763,340
2010-01-01,CME,77,161981829.12875,340
2010-01-01,BAX,78,161856850.84518498,340
2010-01-01,DE,79,160637847.70866,340
2010-01-01,BMY,80,156003851.73939997,340
2010-01-01,AIG,81,155942821.137,340
2010-01-01,NUE,82,155302663.888,340
2010-01-01,FDX,83,154713503.26204002,340
2010-01-01,MDT,84,153545012.521,340
2010-01-01,GLW,85,146830196.706,340
2010-01-01,CSX,86,146345188.257,340
2010-01-01,BIIB,87,145634395.0,340
2010-01-01,ISRG,88,143599236.6645,340
2010-01-01,UPS,89,140614502.85000002,340
2010-01-01,NKE,90,140457057.36400002,340
2010-01-01,BBY,91,138065153.814775,340
2010-01-01,LMT,92,136632832.7315,340
2010-01-01,LLY,93,136345783.55675,340
2010-01-01,SBUX,94,134615706.079,340
2010-01-01,EA,95,129491092.1525,340
2010-01-01,FLR,96,127536304.50385001,340
2010-01-01,VLO,97,126519024.25546001,340
2010-01-01,ICE,98,123233543.25865,340
2010-01-01,CNX,99,123018011.4156,340
2010-01-01,KSS,100,117238055.80649999,340
2011-01-01,AAPL,1,4165143612.868,344
2011-01-01,BAC,2,1846127429.6582499,344
2011-01-01,GOOG,3,1444144553.6460881,344
2011-01-01,C,4,1433834824.7940001,344
2011-01-01,MSFT,5,1270726333.3425002,344
2011-01-01,JPM,6,975459604.125,344
2011-01-01,GS,7,962713501.2815,344
2011-01-01,INTC,8,901028823.237,344
2011-01-01,XOM,9,856165044.3230001,344
2011-01-01,AMZN,10,854808201.0,344
2011-01-01,CSCO,11,818729457.9089999,344
2011-01-01,FCX,12,764359530.365,344
2011-01-01,GE,13,695357644.45197,344
2011-01-01,WFC,14,676578011.456,344
2011-01-01,ORCL,15,577020187.1735001,344
2011-01-01,F,16,534476414.81149995,344
2011-01-01,QCOM,17,502710190.364,344
2011-01-01,WMT,18,471961900.857,344
2011-01-01,SLB,19,451581060.8135,344
2011-01-01,IBM,20,447959377.131976,344
2011-01-01,PG,21,437526445.91850007,344
2011-01-01,PFE,22,432944318.906225,344
2011-01-01,JNJ,23,430163698.745,344
2011-01-01,NFLX,24,419769751.275,344
2011-01-01,CVX,25,404374425.007621,344
2011-01-01,BRK.B,26,401543443.5,344
2011-01-01,V,27,359187117.906,344
2011-01-01,CAT,28,356397153.58950007,344
2011-01-01,HAL,29,332583729.88,344
2011-01-01,KO,30,324860494.34177995,344
2011-01-01,AXP,31,318628321.2565,344
2011-01-01,DIS,32,311502569.37,344
2011-01-01,EBAY,33,311028497.116535,344
2011-01-01,COP,34,310230359.52204,344
2011-01-01,HD,35,295152732.54200006,344
2011-01-01,AA,36,289669925.72274,344
2011-01-01,T,37,286087157.79832995,344
2011-01-01,MS,38,285756422.803,344
2011-01-01,MRK,39,282840747.85696,344
2011-01-01,MCD,40,280449793.768,344
2011-01-01,NEM,41,278452349.484,344
2011-01-01,BA,42,270467260.0475,344
2011-01-01,GILD,43,268866408.824,344
2011-01-01,ABT,44,265795632.556985,344
2011-01-01,CMCSA,45,262961987.43906003,344
2011-01-01,MA,46,261168212.41000003,344
2011-01-01,OXY,47,256644478.70812,344
2011-01-01,MU,48,255301836.18400002,344
2011-01-01,CLF,49,247749307.77600002,344
2011-01-01,APA,50,245853599.5415,344
2011-01-01,TXN,51,236948838.638295,344
2011-01-01,VZ,52,233345523.64545,344
2011-01-01,RTX,53,227428760.46296,344
2011-01-01,AMGN,54,227166030.322,344
2011-01-01,FSLR,55,225685915.47680002,344
2011-01-01,UNH,56,225437415.4345,344
2011-01-01,PEP,57,221677340.9745,344
2011-01-01,ADBE,58,220279739.5,344
2011-01-01,LOW,59,219287783.24510002,344
2011-01-01,AMAT,60,215295987.49,344
2011-01-01,CVS,61,213500483.67402,344
2011-01-01,CRM,62,209526873.364,344
2011-01-01,NVDA,63,205122650.74692002,344
2011-01-01,ELV,64,201995673.53469402,344
2011-01-01,MMM,65,197673795.96574503,344
2011-01-01,DE,66,196346848.64955,344
2011-01-01,USB,67,188813124.447,344
2011-01-01,DD,68,187789407.57963997,344
2011-01-01,AMD,69,187675879.5,344
2011-01-01,TGT,70,183358389.4467,344
2011-01-01,BKNG,71,181459615.675,344
2011-01-01,NTAP,72,180780328.7573,344
2011-01-01,NOV,73,180766797.02304,344
2011-01-01,PM,74,180760518.044,344
2011-01-01,FDX,75,178726152.8874,344
2011-01-01,GLW,76,177505866.4615,344
2011-01-01,UNP,77,177232655.09899998,344
2011-01-01,EOG,78,175234655.134,344
2011-01-01,COF,79,172227249.527,344
2011-01-01,UPS,80,169448045.9895,344
2011-01-01,DVN,81,168978106.79,344
2011-01-01,COST,82,168215347.5,344
2011-01-01,BMY,83,167743496.06800002,344
2011-01-01,PNC,84,165678236.1631,344
2011-01-01,MDT,85,158368961.75199997,344
2011-01-01,TRV,86,155721145.81842,344
2011-01-01,SBUX,87,154720374.86789998,344
2011-01-01,ISRG,88,153700397.10315,344
2011-01-01,LLY,89,153406422.359,344
2011-01-01,NKE,90,152166762.796,344
2011-01-01,CNX,91,148107891.7806,344
2011-01-01,SCHW,92,146247888.27953,344
2011-01-01,AIG,93,142683823.3795,344
2011-01-01,BAX,94,141648814.501985,344
2011-01-01,CSX,95,135514011.64185,344
2011-01-01,BIIB,96,135443411.0,344
2011-01-01,BNY,97,133444078.9565,344
2011-01-01,BBY,98,130115824.936685,344
2011-01-01,STT,99,126733445.817,344
2011-01-01,NUE,100,120137424.861,344
2012-01-01,AAPL,1,4803278860.926,353
2012-01-01,GOOG,2,1502872438.849505,353
2012-01-01,BAC,3,1304620536.2055001,353
2012-01-01,C,4,1198310003.81475,353
2012-01-01,MSFT,5,1182959478.586,353
2012-01-01,AMZN,6,989774527.5,353
2012-01-01,NFLX,7,967953836.0799999,353
2012-01-01,XOM,8,897297462.993,353
2012-01-01,JPM,9,895846346.7165,353
2012-01-01,INTC,10,883347892.1034999,353
2012-01-01,FCX,11,717418196.5239999,353
2012-01-01,ORCL,12,687642009.3715,353
2012-01-01,GE,13,687287966.280005,353
2012-01-01,CSCO,14,679105005.026,353
2012-01-01,WFC,15,636006969.881,353
2012-01-01,GS,16,570804512.1370001,353
2012-01-01,CAT,17,537664396.9445,353
2012-01-01,QCOM,18,536712579.32570004,353
2012-01-01,IBM,19,514472864.94682,353
2012-01-01,SLB,20,500450766.928,353
2012-01-01,CVX,21,463765871.5344,353
2012-01-01,HAL,22,456554438.29499996,353
2012-01-01,JNJ,23,454005172.717,353
2012-01-01,PFE,24,451409485.23363006,353
2012-01-01,WMT,25,441305958.852,353
2012-01-01,F,26,435763854.8225,353
2012-01-01,PG,27,405914693.64250004,353
2012-01-01,BRK.B,28,374374330.5,353
2012-01-01,COP,29,370822774.06276,353
2012-01-01,V,30,358859550.136,353
2012-01-01,KO,31,347434799.72520006,353
2012-01-01,MCD,32,345954557.593,353
2012-01-01,BKNG,33,339757214.4,353
2012-01-01,DIS,34,321226356.11099994,353
2012-01-01,CRM,35,317406990.494,353
2012-01-01,EBAY,36,313971831.22404504,353
2012-01-01,T,37,309510355.08129,353
2012-01-01,MOS,38,302202713.8864,353
2012-01-01,MRK,39,301837362.42430997,353
2012-01-01,BA,40,291754562.0385,353
2012-01-01,AA,41,288011992.44559145,353
2012-01-01,NVDA,42,287207184.62024,353
2012-01-01,CMCSA,43,286824971.047315,353
2012-01-01,AXP,44,285150336.1315,353
2012-01-01,NEM,45,284595879.04755,353
2012-01-01,DE,46,284267669.61792,353
2012-01-01,MS,47,280290822.6495,353
2012-01-01,OXY,48,277483850.12144,353
2012-01-01,ABT,49,274989224.37178004,353
2012-01-01,HD,50,274838496.39100003,353
2012-01-01,MU,51,273772912.34949994,353
2012-01-01,MA,52,273134912.08,353
2012-01-01,CLF,53,254076308.273,353
2012-01-01,NOV,54,251608209.620865,353
2012-01-01,VZ,55,249383388.663,353
2012-01-01,LOW,56,248767543.03350002,353
2012-01-01,RTX,57,247018557.86211002,353
2012-01-01,UNH,58,245201953.6692,353
2012-01-01,FFIV,59,243863764.0,353
2012-01-01,PEP,60,240327200.061,353
2012-01-01,APA,61,236695202.458,353
2012-01-01,AMGN,62,229749067.44450003,353
2012-01-01,CMG,63,228928461.5,353
2012-01-01,WYNN,64,228712995.2155,353
2012-01-01,CVS,65,221563859.4096,353
2012-01-01,TXN,66,217960540.8,353
2012-01-01,PM,67,217800630.3795,353
2012-01-01,DD,68,217409737.23750502,353
2012-01-01,MMM,69,209638658.02252,353
2012-01-01,GILD,70,207431170.85,353
2012-01-01,TGT,71,206061714.495,353
2012-01-01,USB,72,205830378.89200002,353
2012-01-01,UNP,73,198198088.329,353
2012-01-01,SBUX,74,194959318.36,353
2012-01-01,BMY,75,192845730.0435,353
2012-01-01,NTAP,76,192053922.183,353
2012-01-01,FSLR,77,191345084.46749997,353
2012-01-01,GLW,78,187308323.2945,353
2012-01-01,NKE,79,187220249.968,353
2012-01-01,LLY,80,183181729.7122,353
2012-01-01,UPS,81,181067726.79900002,353
2012-01-01,AMAT,82,177388040.756,353
2012-01-01,FDX,83,174285054.184495,353
2012-01-01,COF,84,173201057.45999998,353
2012-01-01,ADBE,85,167126949.5,353
2012-01-01,EOG,86,164545447.439,353
2012-01-01,DVN,87,164199421.97946,353
2012-01-01,BIIB,88,160790725.5,353
2012-01-01,CSX,89,160447233.69,353
2012-01-01,ELV,90,158163662.88654,353
2012-01-01,CNX,91,155096375.9154,353
2012-01-01,MDT,92,152606381.432,353
2012-01-01,TRV,93,152226883.0235,353
2012-01-01,PNC,94,150018318.68199998,353
2012-01-01,BAX,95,149454273.55497,353
2012-01-01,COST,96,144731525.9375,353
2012-01-01,SCHW,97,142293884.480985,353
2012-01-01,BNY,98,138927908.3035,353
2012-01-01,AMD,99,138004233.0,353
2012-01-01,AIG,100,129398675.05600001,353
2013-01-01,AAPL,1,8610410618.81,371
2013-01-01,GOOG,2,1409155133.9883633,371
2013-01-01,BAC,3,1157996926.691,371
2013-01-01,MSFT,4,1084218359.9555998,371
2013-01-01,META,5,964912732.052,371
2013-01-01,C,6,874088827.547,371
2013-01-01,AMZN,7,804786651.5,371
2013-01-01,JPM,8,774809831.0685,371
2013-01-01,INTC,9,715881353.4100001,371
2013-01-01,XOM,10,693479038.1700001,371
2013-01-01,ORCL,11,594514088.9925001,371
2013-01-01,GE,12,590033066.255015,371
2013-01-01,WFC,13,572244841.152,371
2013-01-01,CSCO,14,477651459.53849995,371
2013-01-01,FCX,15,472694015.957,371
2013-01-01,QCOM,16,470848942.7565,371
2013-01-01,JNJ,17,469861834.901,371
2013-01-01,CAT,18,434893151.3765,371
2013-01-01,IBM,19,428291914.98812497,371
2013-01-01,WMT,20,410588379.40050006,371
2013-01-01,PG,21,407338345.0545,371
2013-01-01,GS,22,389863281.453,371
2013-01-01,PFE,23,384192538.54677,371
2013-01-01,T,24,378891365.74875,371
2013-01-01,EBAY,25,374075198.24907005,371
2013-01-01,CVX,26,367999343.25720406,371
2013-01-01,BKNG,27,352444543.4375,371
2013-01-01,NFLX,28,346299727.515,371
2013-01-01,MCD,29,346060334.981,371
2013-01-01,V,30,343835623.40999997,371
2013-01-01,SLB,31,343150912.48,371
2013-01-01,HD,32,342437823.98399997,371
2013-01-01,HAL,33,342125473.86,371
2013-01-01,BRK.B,34,328961773.5,371
2013-01-01,DIS,35,327848754.58640003,371
2013-01-01,KO,36,325286108.83855,371
2013-01-01,MRK,37,308869083.3769965,371
2013-01-01,MA,38,300763144.30499995,371
2013-01-01,ABT,39,297715802.04473996,371
2013-01-01,LOW,40,294094998.792,371
2013-01-01,AIG,41,292145830.77375007,371
2013-01-01,COP,42,288873352.75949997,371
2013-01-01,SBUX,43,287675172.46099997,371
2013-01-01,CMCSA,44,287203488.10203505,371
2013-01-01,CRM,45,281706393.98399997,371
2013-01-01,MS,46,263843565.575,371
2013-01-01,APC,47,254033694.96754003,371
2013-01-01,BA,48,252256440.2975,371
2013-01-01,F,49,248852832.9425,371
2013-01-01,VZ,50,247755563.88525,371
2013-01-01,OXY,51,245420447.172305,371
2013-01-01,UNH,52,245309368.08600003,371
2013-01-01,AXP,53,243015348.85500002,371
2013-01-01,MDLZ,54,242179892.25,371
2013-01-01,GILD,55,230413314.17399997,371
2013-01-01,RTX,56,222618846.7824235,371
2013-01-01,AMGN,57,218667350.574,371
2013-01-01,PM,58,214390547.1975,371
2013-01-01,NEM,59,214194836.6595,371
2013-01-01,PEP,60,211952099.117,371
2013-01-01,NOV,61,210815577.026295,371
2013-01-01,CVS,62,207484373.6138,371
2013-01-01,DE,63,207010032.38792002,371
2013-01-01,PSKY,64,200242419.9285,371
2013-01-01,CMG,65,195850533.0,371
2013-01-01,CLF,66,194526817.92705,371
2013-01-01,USB,67,193255694.2212,371
2013-01-01,NKE,68,192448033.276,371
2013-01-01,DD,69,192263452.02586502,371
2013-01-01,APA,70,189600492.648,371
2013-01-01,BMY,71,185284141.88050002,371
2013-01-01,LLY,72,185240255.12800002,371
2013-01-01,UNP,73,183626307.45,371
2013-01-01,CF,74,177672804.22500002,371
2013-01-01,COF,75,175111015.521,371
2013-01-01,TGT,76,171529201.003,371
2013-01-01,YUM,77,171462629.914265,371
2013-01-01,MET,78,167787962.91908002,371
2013-01-01,TXN,79,166693438.25349998,371
2013-01-01,MU,80,165432934.81849998,371
2013-01-01,FFIV,81,164193501.12195003,371
2013-01-01,WYNN,82,162474710.67900002,371
2013-01-01,MMM,83,161466191.32032,371
2013-01-01,UPS,84,160802992.11,371
2013-01-01,AA,85,158604904.87569,371
2013-01-01,EOG,86,153714576.24199998,371
2013-01-01,NTAP,87,152173825.2485,371
2013-01-01,BIIB,88,150199865.0603,371
2013-01-01,MOS,89,147875957.03750002,371
2013-01-01,DVN,90,146633338.7055,371
2013-01-01,COST,91,144934532.0871,371
2013-01-01,FDX,92,137619837.70942,371
2013-01-01,CSX,93,136646360.763,371
2013-01-01,NVDA,94,136069609.893,371
2013-01-01,ELV,95,133177536.773815,371
2013-01-01,MDT,96,127746141.22420001,371
2013-01-01,PNC,97,126442631.0765,371
2013-01-01,GLW,98,119868959.383,371
2013-01-01,FSLR,99,119468968.5,371
2013-01-01,AMAT,100,118229580.1358,371
2014-01-01,AAPL,1,5228847855.966,378
2014-01-01,META,2,1748837971.1175003,378
2014-01-01,GOOG,3,1654739068.11849,378
2014-01-01,MSFT,4,1128728001.871,378
2014-01-01,BAC,5,1118988318.619,378
2014-01-01,C,6,885709626.9129999,378
2014-01-01,NFLX,7,770036127.294,378
2014-01-01,AMZN,8,769522538.964,378
2014-01-01,JPM,9,723803260.026,378
2014-01-01,XOM,10,626834996.931,378
2014-01-01,GE,11,619662162.914895,378
2014-01-01,INTC,12,556587794.204,378
2014-01-01,ORCL,13,530257930.803,378
2014-01-01,CSCO,14,527960933.73450005,378
2014-01-01,WFC,15,525338959.58720005,378
2014-01-01,JNJ,16,507837088.959,378
2014-01-01,QCOM,17,496954743.371,378
2014-01-01,V,18,480956904.48800004,378
2014-01-01,PFE,19,468620878.28724,378
2014-01-01,EBAY,20,448870414.37234503,378
2014-01-01,IBM,21,441558817.223105,378
2014-01-01,PG,22,428111464.074,378
2014-01-01,MU,23,414359811.9175,378
2014-01-01,GS,24,408439003.0685,378
2014-01-01,MRK,25,401906668.47615004,378
2014-01-01,AIG,26,401187233.8125,378
2014-01-01,BRK.B,27,394996086.0,378
2014-01-01,DIS,28,391180101.2845,378
2014-01-01,BA,29,382858444.01699996,378
2014-01-01,WMT,30,376315547.35949993,378
2014-01-01,CVX,31,369983206.45018494,378
2014-01-01,T,32,367845890.38575494,378
2014-01-01,KO,33,361298151.221537,378
2014-01-01,HD,34,359213967.0205,378
2014-01-01,GILD,35,348001695.246,378
2014-01-01,FCX,36,347016532.7909,378
2014-01-01,SLB,37,336496067.3655,378
2014-01-01,CMCSA,38,336378684.687715,378
2014-01-01,CAT,39,336038618.999,378
2014-01-01,F,40,318421068.03,378
2014-01-01,HAL,41,315018358.73450005,378
2014-01-01,MA,42,309044876.6,378
2014-01-01,MCD,43,305300690.706,378
2014-01-01,BKNG,44,303274309.425,378
2014-01-01,VZ,45,287739171.21165,378
2014-01-01,MS,46,278176313.38831997,378
2014-01-01,AXP,47,259477892.01600003,378
2014-01-01,BIIB,48,254081476.1375,378
2014-01-01,UNH,49,251841190.1005,378
2014-01-01,APC,50,249097572.70902997,378
2014-01-01,AMGN,51,242672464.95700002,378
2014-01-01,LOW,52,241309646.764,378
2014-01-01,OXY,53,240365392.6824475,378
2014-01-01,PSKY,54,237493003.35575,378
2014-01-01,COP,55,228286751.5635,378
2014-01-01,RTX,56,225863867.25963,378
2014-01-01,PEP,57,224411710.72250003,378
2014-01-01,CRM,58,222317311.8955,378
2014-01-01,SBUX,59,221096827.462,378
2014-01-01,MDLZ,60,218998462.64999998,378
2014-01-01,CPRI,61,217310656.19419998,378
2014-01-01,PM,62,214261038.3625,378
2014-01-01,BMY,63,212526526.025,378
2014-01-01,VLO,64,205977317.003115,378
2014-01-01,CVS,65,205198357.17733002,378
2014-01-01,FSLR,66,201922371.0,378
2014-01-01,NEM,67,197108328.7615,378
2014-01-01,UNP,68,196472030.64499998,378
2014-01-01,DD,69,193389422.0349695,378
2014-01-01,USB,70,192499247.61399996,378
2014-01-01,DE,71,191912984.34701002,378
2014-01-01,ABT,72,191208787.0,378
2014-01-01,DAL,73,191133779.55,378
2014-01-01,LLY,74,186457282.778,378
2014-01-01,MMM,75,185458046.05085,378
2014-01-01,TGT,76,184810550.7055,378
2014-01-01,TXN,77,182138580.65850002,378
2014-01-01,NOV,78,181134701.18049002,378
2014-01-01,FDX,79,175637741.8537175,378
2014-01-01,APA,80,175473123.489,378
2014-01-01,UPS,81,173752063.842,378
2014-01-01,CLF,82,172394449.547,378
2014-01-01,EOG,83,172180681.91,378
2014-01-01,MET,84,170933198.48282,378
2014-01-01,NKE,85,170480185.13700002,378
2014-01-01,COF,86,169836816.22899997,378
2014-01-01,ACN,87,166667599.4572,378
2014-01-01,MPC,88,162957600.86900002,378
2014-01-01,YUM,89,161925259.385615,378
2014-01-01,REGN,90,160819975.73549998,378
2014-01-01,ISRG,91,158704829.973,378
2014-01-01,MDT,92,151937536.99,378
2014-01-01,COST,93,149238306.86949998,378
2014-01-01,NTAP,94,145781029.22500002,378
2014-01-01,AMAT,95,144887745.73979998,378
2014-01-01,AA,96,137270875.940655,378
2014-01-01,MOS,97,133764017.394,378
2014-01-01,CMG,98,132969441.0,378
2014-01-01,WYNN,99,127321861.3845,378
2014-01-01,FFIV,100,126516370.5,378
2015-01-01,AAPL,1,4541362854.342,384
2015-01-01,META,2,2817974172.6662197,384
2015-01-01,GOOGL,3,1158380082.51,384
2015-01-01,AMZN,4,1144092238.0,384
2015-01-01,MSFT,5,1076940896.4524999,384
2015-01-01,GOOG,6,1002907354.837374,384
2015-01-01,BAC,7,994601031.615,384
2015-01-01,NFLX,8,958135050.425,384
2015-01-01,GILD,9,832073928.8275,384
2015-01-01,MU,10,674332249.15,384
2015-01-01,INTC,11,661067300.679,384
2015-01-01,C,12,650498115.5891349,384
2015-01-01,JPM,13,622066261.109,384
2015-01-01,XOM,14,616264816.5320001,384
2015-01-01,GE,15,582193939.321295,384
2015-01-01,BKNG,16,544215496.2125,384
2015-01-01,CMCSA,17,529297173.31941,384
2015-01-01,V,18,526227928.008,384
2015-01-01,WFC,19,510427186.09215,384
2015-01-01,CSCO,20,502108634.40749997,384
2015-01-01,EBAY,21,495875975.372575,384
2015-01-01,JNJ,22,494134084.23025,384
2015-01-01,QCOM,23,468471564.094,384
2015-01-01,DIS,24,457429596.04649997,384
2015-01-01,IBM,25,452011729.27042997,384
2015-01-01,ORCL,26,441739272.0075,384
2015-01-01,SLB,27,440257596.7185,384
2015-01-01,PG,28,433844434.88199997,384
2015-01-01,PFE,29,430497614.932285,384
2015-01-01,BA,30,429964773.10649997,384
2015-01-01,CVX,31,422136181.15262496,384
2015-01-01,BRK.B,32,415096710.5,384
2015-01-01,BIIB,33,402749683.4575,384
2015-01-01,VZ,34,391147325.98800004,384
2015-01-01,T,35,385021718.79038,384
2015-01-01,KO,36,384096256.06274,384
2015-01-01,APC,37,382826707.04711,384
2015-01-01,PSKY,38,381503719.911,384
2015-01-01,HAL,39,378701243.4055,384
2015-01-01,MRK,40,378026153.28288996,384
2015-01-01,HD,41,376947315.94299996,384
2015-01-01,GS,42,370017398.559,384
2015-01-01,WMT,43,364899461.51699996,384
2015-01-01,DAL,44,363978878.229,384
2015-01-01,MCD,45,349213867.1365,384
2015-01-01,MA,46,345944427.472,384
2015-01-01,CAT,47,342518916.8635,384
2015-01-01,DD,48,326164340.969845,384
2015-01-01,AIG,49,312078671.12100005,384
2015-01-01,AMGN,50,289942599.48300004,384
2015-01-01,RTX,51,289475024.43605006,384
2015-01-01,FCX,52,287641361.579,384
2015-01-01,COP,53,281094677.8025,384
2015-01-01,MDT,54,277911230.4285,384
2015-01-01,WYNN,55,275649873.631,384
2015-01-01,CRM,56,275156343.3225,384
2015-01-01,AXP,57,268494405.032,384
2015-01-01,OXY,58,266487177.231645,384
2015-01-01,UNP,59,265618642.73499998,384
2015-01-01,EOG,60,265306488.54299998,384
2015-01-01,REGN,61,262658455.1095,384
2015-01-01,UNH,62,261339653.57099998,384
2015-01-01,F,63,257623325.009,384
2015-01-01,ABBV,64,248954403.21,384
2015-01-01,SBUX,65,246864621.555,384
2015-01-01,CVS,66,243721571.87786,384
2015-01-01,BMY,67,241891569.3815,384
2015-01-01,PEP,68,240005116.35760003,384
2015-01-01,VLO,69,235503978.63,384
2015-01-01,CMG,70,233896037.5,384
2015-01-01,NOV,71,232582838.60245502,384
2015-01-01,MS,72,232399709.5365,384
2015-01-01,MMM,73,228279350.738335,384
2015-01-01,AA,74,225646925.477885,384
2015-01-01,CPRI,75,220530185.5,384
2015-01-01,NKE,76,219920448.597,384
2015-01-01,AMAT,77,217188921.097,384
2015-01-01,LOW,78,210034275.286,384
2015-01-01,MDLZ,79,208666680.10799998,384
2015-01-01,LLY,80,207145228.195,384
2015-01-01,PM,81,206866217.176,384
2015-01-01,DE,82,204209410.620323,384
2015-01-01,FDX,83,204133401.7975,384
2015-01-01,TMO,84,203038632.0895,384
2015-01-01,DG,85,201859267.30400002,384
2015-01-01,RIG,86,199874914.13050002,384
2015-01-01,TGT,87,196873621.1925,384
2015-01-01,APA,88,196706917.40399998,384
2015-01-01,MPC,89,188159566.438,384
2015-01-01,UPS,90,187322415.82608002,384
2015-01-01,COST,91,185206884.01200002,384
2015-01-01,TXN,92,181420756.46710002,384
2015-01-01,COF,93,174205985.03100002,384
2015-01-01,MET,94,173381549.94750398,384
2015-01-01,USB,95,171414345.3305,384
2015-01-01,ABT,96,171338035.77099997,384
2015-01-01,ACN,97,161286996.9845,384
2015-01-01,FSLR,98,159095533.5,384
2015-01-01,YUM,99,158494588.527308,384
2015-01-01,ISRG,100,155147672.37150002,384
2016-01-01,AAPL,1,5127182962.924,399
2016-01-01,META,2,2125312282.663,399
2016-01-01,AMZN,3,1514715223.5,399
2016-01-01,NFLX,4,1362217906.0,399
2016-01-01,MSFT,5,1260824282.761,399
2016-01-01,GOOGL,6,1196763683.02,399
2016-01-01,GOOG,7,1057493636.4300001,399
2016-01-01,BAC,8,982820285.473,399
2016-01-01,GE,9,772982065.11663,399
2016-01-01,GILD,10,732130691.8025,399
2016-01-01,XOM,11,691162870.59534,399
2016-01-01,INTC,12,688783423.9375,399
2016-01-01,JPM,13,686721413.178,399
2016-01-01,C,14,667723075.29,399
2016-01-01,DIS,15,660498866.799,399
2016-01-01,BIIB,16,623286383.814,399
2016-01-01,WFC,17,600954209.921,399
2016-01-01,JNJ,18,578901516.8025,399
2016-01-01,CMCSA,19,541126619.3700199,399
2016-01-01,MU,20,528763810.1455,399
2016-01-01,QCOM,21,523257500.8035,399
2016-01-01,PFE,22,521750281.0295379,399
2016-01-01,V,23,514887568.45019996,399
2016-01-01,CSCO,24,502822166.1035,399
2016-01-01,CVX,25,493634942.138137,399
2016-01-01,PG,26,471923310.957,399
2016-01-01,T,27,470191334.86165,399
2016-01-01,ORCL,28,466018269.222,399
2016-01-01,SLB,29,462478176.68,399
2016-01-01,BKNG,30,453797526.8375,399
2016-01-01,BRK.B,31,453600109.46180004,399
2016-01-01,MCD,32,449544039.70350003,399
2016-01-01,WMT,33,447030359.379,399
2016-01-01,BA,34,443583906.3635,399
2016-01-01,HAL,35,434987322.6995,399
2016-01-01,AAL,36,421115267.8855001,399
2016-01-01,HD,37,419965656.5025,399
2016-01-01,MRK,38,411806574.37175995,399
2016-01-01,DAL,39,396974518.157895,399
2016-01-01,GS,40,396785446.8365,399
2016-01-01,KO,41,384629263.41294503,399
2016-01-01,IBM,42,382930523.73345006,399
2016-01-01,AMGN,43,381789760.64250004,399
2016-01-01,UNP,44,374846596.21,399
2016-01-01,REGN,45,372016218.23300004,399
2016-01-01,VZ,46,369165552.4866,399
2016-01-01,UNH,47,368673494.81015,399
2016-01-01,AXP,48,359967925.43,399
2016-01-01,DD,49,354670761.39566004,399
2016-01-01,ABBV,50,354666465.6395,399
2016-01-01,MA,51,350082558.1215,399
2016-01-01,RTX,52,334968597.88926005,399
2016-01-01,EBAY,53,334202540.4187,399
2016-01-01,APC,54,329677169.629135,399
2016-01-01,CAT,55,328495594.88199997,399
2016-01-01,AIG,56,327979985.8135,399
2016-01-01,SBUX,57,325065603.173,399
2016-01-01,CVS,58,321192028.179105,399
2016-01-01,COP,59,318928824.345,399
2016-01-01,FCX,60,318453519.5355,399
2016-01-01,MDT,61,312925716.761,399
2016-01-01,UAL,62,309824519.0,399
2016-01-01,CMG,63,309049660.0,399
2016-01-01,NKE,64,297711018.973,399
2016-01-01,PYPL,65,291851170.365,399
2016-01-01,PEP,66,276761803.5065,399
2016-01-01,VTRS,67,269882931.54649997,399
2016-01-01,LLY,68,268983719.1445,399
2016-01-01,BMY,69,265779149.766,399
2016-01-01,MDLZ,70,264776014.76450002,399
2016-01-01,MS,71,264493458.759,399
2016-01-01,EOG,72,263910825.48875,399
2016-01-01,AVGO,73,261137275.125,399
2016-01-01,LOW,74,259655027.313,399
2016-01-01,VLO,75,256882915.75800002,399
2016-01-01,OXY,76,251826475.876975,399
2016-01-01,KMI,77,251699035.7628,399
2016-01-01,MMM,78,249437455.05127499,399
2016-01-01,AMAT,79,249428412.3145,399
2016-01-01,TGT,80,248133387.261,399
2016-01-01,PSKY,81,239428407.547,399
2016-01-01,CRM,82,236926136.474,399
2016-01-01,F,83,232987790.3125,399
2016-01-01,AA,84,231454688.82999998,399
2016-01-01,COST,85,222539668.517,399
2016-01-01,TXN,86,220595126.33100003,399
2016-01-01,WYNN,87,220233011.152,399
2016-01-01,YUM,88,212876326.401615,399
2016-01-01,FDX,89,211360007.65196496,399
2016-01-01,NOV,90,209720116.076,399
2016-01-01,TMO,91,203685783.326,399
2016-01-01,ABT,92,202747990.708,399
2016-01-01,DG,93,201992679.201,399
2016-01-01,PM,94,200975268.996,399
2016-01-01,MET,95,196212692.04644,399
2016-01-01,UPS,96,195656248.67545,399
2016-01-01,DE,97,194750510.88600498,399
2016-01-01,ACN,98,189323740.1695,399
2016-01-01,USB,99,183280701.5225,399
2016-01-01,MPC,100,181331601.621,399
2017-01-01,AAPL,1,3133492994.592,419
2017-01-01,AMZN,2,2529515467.5,419
2017-01-01,META,3,2402680301.057,419
2017-01-01,MSFT,4,1308727457.502,419
2017-01-01,GOOGL,5,1269361961.07,419
2017-01-01,GOOG,6,1164092837.13,419
2017-01-01,BAC,7,1118517501.8115,419
2017-01-01,NFLX,8,1016280532.0,419
2017-01-01,GE,9,822099626.32743,419
2017-01-01,JPM,10,761631196.347,419
2017-01-01,WFC,11,702968184.70245,419
2017-01-01,C,12,676275318.948,419
2017-01-01,DIS,13,626852691.95355,419
2017-01-01,V,14,611492785.8375,419
2017-01-01,XOM,15,604360899.3870001,419
2017-01-01,JNJ,16,603046159.6015,419
2017-01-01,GILD,17,571619431.2775,419
2017-01-01,PFE,18,560644629.78199,419
2017-01-01,INTC,19,559884732.8783,419
2017-01-01,PG,20,534364626.4927499,419
2017-01-01,WMT,21,479490364.71335995,419
2017-01-01,CSCO,22,477390654.0165,419
2017-01-01,T,23,469777042.82270503,419
2017-01-01,BRK.B,24,468165969.693,419
2017-01-01,CVX,25,466277526.72989,419
2017-01-01,MCD,26,464403256.97150004,419
2017-01-01,BA,27,464105301.934,419
2017-01-01,CMG,28,453652342.5,419
2017-01-01,HD,29,452986192.38600004,419
2017-01-01,BIIB,30,451935138.2715,419
2017-01-01,NVDA,31,441281187.24,419
2017-01-01,CMCSA,32,437373559.78920496,419
2017-01-01,GS,33,427270181.14900005,419
2017-01-01,NKE,34,425144580.074,419
2017-01-01,ORCL,35,408129962.27750003,419
2017-01-01,BKNG,36,406678749.08750004,419
2017-01-01,CHTR,37,402556041.5,419
2017-01-01,VZ,38,401326215.682,419
2017-01-01,KO,39,387886629.76878,419
2017-01-01,SBUX,40,387685178.73950005,419
2017-01-01,MRK,41,382759997.08475,419
2017-01-01,SLB,42,382354653.555,419
2017-01-01,QCOM,43,376533563.50399995,419
2017-01-01,DAL,44,370900187.881,419
2017-01-01,UNH,45,364366107.2262,419
2017-01-01,IBM,46,357926799.628585,419
2017-01-01,FCX,47,347516983.4685,419
2017-01-01,AMGN,48,346661652.58599997,419
2017-01-01,CVS,49,343719211.093089,419
2017-01-01,MU,50,342032779.969,419
2017-01-01,MA,51,339403359.03400004,419
2017-01-01,CRM,52,327322734.95675004,419
2017-01-01,BMY,53,323231645.63804996,419
2017-01-01,AVGO,54,318369651.115,419
2017-01-01,REGN,55,316691053.28349996,419
2017-01-01,HAL,56,310348202.99670005,419
2017-01-01,LOW,57,310247814.55550003,419
2017-01-01,MDT,58,302482346.019,419
2017-01-01,RTX,59,302374509.38084,419
2017-01-01,PEP,60,301482843.37899995,419
2017-01-01,AAL,61,294628359.2135,419
2017-01-01,CAT,62,293552830.70949996,419
2017-01-01,MS,63,291684027.0765,419
2017-01-01,UNP,64,291547767.806,419
2017-01-01,DD,65,291297786.72609,419
2017-01-01,ABBV,66,286153308.542,419
2017-01-01,PYPL,67,284589500.62549996,419
2017-01-01,AIG,68,282145686.692,419
2017-01-01,COST,69,280416002.27400005,419
2017-01-01,COP,70,274111896.97720003,419
2017-01-01,APC,71,269397208.99388,419
2017-01-01,TGT,72,264138882.708,419
2017-01-01,LLY,73,263242857.3245,419
2017-01-01,ABT,74,261928847.30999997,419
2017-01-01,AMAT,75,257472148.47,419
2017-01-01,MDLZ,76,257312704.8725,419
2017-01-01,UAL,77,254791563.0,419
2017-01-01,F,78,251695571.22750002,419
2017-01-01,PM,79,248891893.5514,419
2017-01-01,LMT,80,246475856.865,419
2017-01-01,KR,81,244785129.8496,419
2017-01-01,AXP,82,242391922.811,419
2017-01-01,MCK,83,240593137.3565,419
2017-01-01,WYNN,84,238956649.06849998,419
2017-01-01,OXY,85,236264306.01999998,419
2017-01-01,TXN,86,234729238.83600003,419
2017-01-01,MMM,87,234326797.275135,419
2017-01-01,LUV,88,232653071.9095,419
2017-01-01,EBAY,89,229039198.987,419
2017-01-01,VLO,90,219824836.306,419
2017-01-01,TMO,91,219673231.19,419
2017-01-01,PSKY,92,217497698.45775002,419
2017-01-01,ACN,93,215434789.8225,419
2017-01-01,EOG,94,207316392.6775,419
2017-01-01,USB,95,200780496.37199998,419
2017-01-01,FDX,96,197591567.63204783,419
2017-01-01,DE,97,195462558.255144,419
2017-01-01,KMI,98,192167260.38805002,419
2017-01-01,DG,99,190154881.23940003,419
2017-01-01,YUM,100,189516103.72268003,419
2018-01-01,AAPL,1,3343083553.0720005,432
2018-01-01,AMZN,2,2983135901.5,432
2018-01-01,META,3,2251091243.788405,432
2018-01-01,NVDA,4,2215754532.1800003,432
2018-01-01,BAC,5,1433231865.2210002,432
2018-01-01,GOOGL,6,1360695030.2399998,432
2018-01-01,MSFT,7,1340664191.2139997,432
2018-01-01,GOOG,8,1181818411.1599998,432
2018-01-01,JPM,9,964814043.769,432
2018-01-01,NFLX,10,906471032.0,432
2018-01-01,GE,11,824345439.1506699,432
2018-01-01,MU,12,775691306.827,432
2018-01-01,C,13,749916123.137,432
2018-01-01,WFC,14,712770959.47,432
2018-01-01,AMD,15,673766214.5,432
2018-01-01,INTC,16,665378859.03,432
2018-01-01,DIS,17,640488505.0220001,432
2018-01-01,V,18,627878086.2155,432
2018-01-01,BA,19,579025674.0320001,432
2018-01-01,GS,20,550728136.693,432
2018-01-01,JNJ,21,550188477.3945,432
2018-01-01,BRK.B,22,547976442.926,432
2018-01-01,XOM,23,545454344.462,432
2018-01-01,WMT,24,526442121.10080004,432
2018-01-01,CMCSA,25,525204498.08684003,432
2018-01-01,T,26,492485260.28761,432
2018-01-01,HD,27,490283019.98249996,432
2018-01-01,CHTR,28,482429732.6175,432
2018-01-01,PG,29,467457632.50649995,432
2018-01-01,CSCO,30,465064571.245,432
2018-01-01,ORCL,31,454873705.987,432
2018-01-01,AVGO,32,450112314.88,432
2018-01-01,BKNG,33,444910918.95000005,432
2018-01-01,UNH,34,442437072.90900004,432
2018-01-01,MRK,35,417923207.118025,432
2018-01-01,VZ,36,417854075.8095,432
2018-01-01,GILD,37,414302001.0875,432
2018-01-01,NKE,38,406667859.23399997,432
2018-01-01,PFE,39,403219717.183635,432
2018-01-01,IBM,40,398582083.306369,432
2018-01-01,CVX,41,396970025.937325,432
2018-01-01,SBUX,42,379519785.2025,432
2018-01-01,BIIB,43,376514608.233,432
2018-01-01,QCOM,44,376266812.9985,432
2018-01-01,AMAT,45,372260080.326,432
2018-01-01,SLB,46,367727628.105,432
2018-01-01,AMGN,47,366391796.12549996,432
2018-01-01,MCD,48,364783396.819,432
2018-01-01,COST,49,355342974.0865,432
2018-01-01,PYPL,50,355270942.173,432
2018-01-01,KO,51,351523366.53991,432
2018-01-01,CVS,52,349526964.49654996,432
2018-01-01,MA,53,348205103.9885,432
2018-01-01,CAT,54,345177961.17999995,432
2018-01-01,CRM,55,344612039.389,432
2018-01-01,CMG,56,342888367.5,432
2018-01-01,LOW,57,337806016.3865,432
2018-01-01,HAL,58,317493137.6435,432
2018-01-01,REGN,59,316107929.59650004,432
2018-01-01,DAL,60,314870287.16185,432
2018-01-01,MS,61,306734590.775605,432
2018-01-01,UNP,62,294358957.40900004,432
2018-01-01,CSX,63,293077815.5955,432
2018-01-01,ADBE,64,285711551.0,432
2018-01-01,MDT,65,284811955.533,432
2018-01-01,WDC,66,282854169.00637,432
2018-01-01,BMY,67,275712701.97,432
2018-01-01,PEP,68,275454386.09000003,432
2018-01-01,PM,69,274351788.039,432
2018-01-01,ABBV,70,270557665.69449997,432
2018-01-01,TXN,71,268454337.3545,432
2018-01-01,LRCX,72,266431535.90499997,432
2018-01-01,TGT,73,266415969.574,432
2018-01-01,F,74,265294723.23409998,432
2018-01-01,RTX,75,261839325.08512503,432
2018-01-01,UAL,76,261179123.5,432
2018-01-01,AIG,77,257471401.0255,432
2018-01-01,MMM,78,256235334.93699503,432
2018-01-01,AXP,79,246397859.40899998,432
2018-01-01,ABT,80,246045837.536,432
2018-01-01,MDLZ,81,244579653.891,432
2018-01-01,APC,82,242568241.700525,432
2018-01-01,AAL,83,241922503.968,432
2018-01-01,COP,84,241735420.87100002,432
2018-01-01,EBAY,85,240333530.01353002,432
2018-01-01,LUV,86,237927113.854,432
2018-01-01,FCX,87,235081281.99150002,432
2018-01-01,LLY,88,234997549.81,432
2018-01-01,TMO,89,231643735.2,432
2018-01-01,MCK,90,223426184.97750002,432
2018-01-01,FDX,91,222809752.11834002,432
2018-01-01,USB,92,216529733.6921,432
2018-01-01,ACN,93,214762605.6135,432
2018-01-01,LMT,94,214505656.887,432
2018-01-01,DE,95,212481445.62233502,432
2018-01-01,OXY,96,209828822.46021003,432
2018-01-01,KR,97,207061791.61905003,432
2018-01-01,EOG,98,201099816.3235,432
2018-01-01,WYNN,99,200437287.177,432
2018-01-01,PSKY,100,187496270.333,432
2019-01-01,AMZN,1,8328344346.625999,445
2019-01-01,AAPL,2,5518917873.129999,445
2019-01-01,META,3,3681304335.7703,445
2019-01-01,NFLX,4,3203871237.0,445
2019-01-01,NVDA,5,2717311347.252,445
2019-01-01,MSFT,6,2607977251.77,445
2019-01-01,GOOGL,7,1995893180.52,445
2019-01-01,MU,8,1710191434.581,445
2019-01-01,GOOG,9,1664785276.328,445
2019-01-01,BAC,10,1550734641.6550002,445
2019-01-01,BA,11,1331594558.8445,445
2019-01-01,JPM,12,1257285598.8730001,445
2019-01-01,INTC,13,1121906831.5005,445
2019-01-01,AMD,14,1073664143.0,445
2019-01-01,V,15,951089534.9140501,445
2019-01-01,WFC,16,880673920.8605,445
2019-01-01,GE,17,867809657.8273101,445
2019-01-01,C,18,854681518.4284999,445
2019-01-01,BRK.B,19,840120779.358,445
2019-01-01,CSCO,20,768367322.416,445
2019-01-01,DIS,21,755819675.6132,445
2019-01-01,ORCL,22,716787332.7497499,445
2019-01-01,JNJ,23,703402392.0020001,445
2019-01-01,HD,24,702408360.177,445
2019-01-01,XOM,25,700473723.432,445
2019-01-01,ADBE,26,689640176.2618,445
2019-01-01,CRM,27,675978383.8599999,445
2019-01-01,WMT,28,673346925.6075001,445
2019-01-01,AVGO,29,666678935.0419999,445
2019-01-01,PYPL,30,654139413.1524999,445
2019-01-01,MA,31,647869712.3215001,445
2019-01-01,UNH,32,635827765.4785,445
2019-01-01,T,33,632182154.005355,445
2019-01-01,CMCSA,34,625379203.49701,445
2019-01-01,CAT,35,587962090.097,445
2019-01-01,GS,36,578538793.42305,445
2019-01-01,PG,37,570519052.511,445
2019-01-01,QCOM,38,570199524.7025,445
2019-01-01,PFE,39,553111178.97135,445
2019-01-01,CVX,40,530421805.49606997,445
2019-01-01,AMAT,41,518802903.54915,445
2019-01-01,MRK,42,508244997.5551,445
2019-01-01,VZ,43,500854979.8089,445
2019-01-01,MCD,44,499101101.61600006,445
2019-01-01,BKNG,45,477479134.65,445
2019-01-01,UNP,46,475545428.823,445
2019-01-01,LRCX,47,473890595.90999997,445
2019-01-01,SBUX,48,458255882.9745,445
2019-01-01,TXN,49,456910486.77349997,445
2019-01-01,IBM,50,452537387.005405,445
2019-01-01,NKE,51,432445153.566,445
2019-01-01,RTX,52,426292772.83991146,445
2019-01-01,BIIB,53,423633737.5,445
2019-01-01,AMGN,54,422564785.525,445
2019-01-01,KO,55,412639642.079645,445
2019-01-01,ABBV,56,410811101.34,445
2019-01-01,CVS,57,410694988.39277,445
2019-01-01,LOW,58,410492306.482,445
2019-01-01,CHTR,59,404102608.8152,445
2019-01-01,SLB,60,400905612.49249995,445
2019-01-01,COST,61,400607443.084,445
2019-01-01,PEP,62,387243932.28989995,445
2019-01-01,EA,63,385052883.10179996,445
2019-01-01,MMM,64,372120615.35799503,445
2019-01-01,MS,65,367877391.14,445
2019-01-01,GILD,66,366547174.49399996,445
2019-01-01,CI,67,362957314.09650004,445
2019-01-01,LMT,68,349529973.171,445
2019-01-01,ISRG,69,340057435.00469995,445
2019-01-01,MDT,70,339573876.5025,445
2019-01-01,WYNN,71,330719612.16849995,445
2019-01-01,HAL,72,330054944.219,445
2019-01-01,LLY,73,328195762.6875,445
2019-01-01,DAL,74,325257215.839,445
2019-01-01,COP,75,324537120.663,445
2019-01-01,ABT,76,324497422.92663,445
2019-01-01,PM,77,324259877.91400003,445
2019-01-01,SCHW,78,314033124.47596,445
2019-01-01,FDX,79,313070001.968427,445
2019-01-01,DE,80,311785209.4752,445
2019-01-01,EBAY,81,307931768.195,445
2019-01-01,CSX,82,302984266.599,445
2019-01-01,TGT,83,300198828.43369997,445
2019-01-01,TMO,84,299230126.6505,445
2019-01-01,BMY,85,298025651.234,445
2019-01-01,AXP,86,296158571.954,445
2019-01-01,OXY,87,293858984.6125,445
2019-01-01,CMG,88,293438600.5,445
2019-01-01,F,89,290095543.08000004,445
2019-01-01,ACN,90,280575687.27900004,445
2019-01-01,APC,91,276262839.56596005,445
2019-01-01,EOG,92,275550918.9435,445
2019-01-01,MDLZ,93,262124845.56100002,445
2019-01-01,REGN,94,257850816.442,445
2019-01-01,WDC,95,256051233.9681915,445
2019-01-01,UAL,96,255221347.0,445
2019-01-01,USB,97,250231203.1245,445
2019-01-01,FCX,98,248279591.8495,445
2019-01-01,AAL,99,248016990.65600002,445
2019-01-01,LUV,100,235944781.5865,445
2020-01-01,AMZN,1,6139864657.5,455
2020-01-01,AAPL,2,5021743277.25,455
2020-01-01,MSFT,3,2850085447.942,455
2020-01-01,META,4,2546394689.12,455
2020-01-01,NFLX,5,2119914557.0,455
2020-01-01,NVDA,6,1726999232.022,455
2020-01-01,AMD,7,1714633069.5,455
2020-01-01,GOOGL,8,1611078297.9980001,455
2020-01-01,GOOG,9,1529958265.8200002,455
2020-01-01,BA,10,1507449163.409,455
2020-01-01,BAC,11,1238424180.148,455
2020-01-01,V,12,1132620025.723,455
2020-01-01,DIS,13,1048851142.4554999,455
2020-01-01,JPM,14,1029359357.0879999,455
2020-01-01,MU,15,969232767.6370001,455
2020-01-01,INTC,16,880222805.5715001,455
2020-01-01,UNH,17,839959613.3525,455
2020-01-01,CSCO,18,773033116.661,455
2020-01-01,MA,19,770523783.5209999,455
2020-01-01,WFC,20,762786923.5545,455
2020-01-01,BRK.B,21,746645170.0,455
2020-01-01,CRM,22,746259306.3445,455
2020-01-01,JNJ,23,721587155.109,455
2020-01-01,C,24,681059502.599,455
2020-01-01,ADBE,25,672673981.037,455
2020-01-01,PG,26,639300692.2125,455
2020-01-01,PYPL,27,637783305.6201999,455
2020-01-01,HD,28,625665208.8634999,455
2020-01-01,QCOM,29,609379592.9835,455
2020-01-01,XOM,30,597493880.2415,455
2020-01-01,T,31,586442007.60829,455
2020-01-01,MRK,32,583541124.98025,455
2020-01-01,PFE,33,582376387.3897101,455
2020-01-01,CMCSA,34,559313062.942632,455
2020-01-01,ORCL,35,556106347.8994999,455
2020-01-01,WMT,36,534198076.875,455
2020-01-01,GE,37,530372116.98752,455
2020-01-01,AVGO,38,528024035.5375,455
2020-01-01,MCD,39,506215427.71414995,455
2020-01-01,BMY,40,502377413.72590005,455
2020-01-01,SBUX,41,497834076.795,455
2020-01-01,CVX,42,494640298.773595,455
2020-01-01,NKE,43,468680478.8875,455
2020-01-01,KO,44,468050358.309805,455
2020-01-01,VZ,45,455138211.7605001,455
2020-01-01,UNP,46,449413336.1781,455
2020-01-01,CAT,47,429258183.88100004,455
2020-01-01,TXN,48,425794529.2555,455
2020-01-01,NOW,49,419503301.5,455
2020-01-01,LLY,50,415729544.22450006,455
2020-01-01,COST,51,412605640.34800005,455
2020-01-01,BKNG,52,407970811.42499995,455
2020-01-01,PEP,53,404712638.717,455
2020-01-01,GS,54,403918611.32500005,455
2020-01-01,CHTR,55,403360441.4735,455
2020-01-01,CVS,56,397095965.32334995,455
2020-01-01,BIIB,57,396538745.0,455
2020-01-01,ABBV,58,391669831.552,455
2020-01-01,AMGN,59,389958349.607,455
2020-01-01,LOW,60,378669942.318,455
2020-01-01,TMO,61,376386691.29550004,455
2020-01-01,MDT,62,355636124.6915,455
2020-01-01,MMM,63,349614098.46576,455
2020-01-01,ELV,64,348480737.92150795,455
2020-01-01,CMG,65,345943404.0,455
2020-01-01,AMAT,66,341274872.5359,455
2020-01-01,ABT,67,340566889.422,455
2020-01-01,MS,68,340344356.25600004,455
2020-01-01,IBM,69,331307173.32269,455
2020-01-01,RTX,70,328865841.4796985,455
2020-01-01,TGT,71,324991405.98950005,455
2020-01-01,SLB,72,324814245.128,455
2020-01-01,LRCX,73,322697320.04,455
2020-01-01,OXY,74,322667042.7155,455
2020-01-01,AXP,75,319279106.97,455
2020-01-01,NEE,76,319011095.98399997,455
2020-01-01,DD,77,316040628.91401005,455
2020-01-01,ISRG,78,315854779.8135,455
2020-01-01,INTU,79,313139316.58765,455
2020-01-01,CI,80,312931066.49399996,455
2020-01-01,GILD,81,308050870.7448,455
2020-01-01,FISV,82,305964624.5,455
2020-01-01,EA,83,303511868.918,455
2020-01-01,LMT,84,298232765.5143,455
2020-01-01,DHR,85,296194897.019105,455
2020-01-01,COP,86,296011528.291,455
2020-01-01,DAL,87,293735927.34695,455
2020-01-01,FIS,88,291866185.3375,455
2020-01-01,SCHW,89,282591509.88885,455
2020-01-01,FDX,90,280480639.29794,455
2020-01-01,PM,91,279889549.2935,455
2020-01-01,ACN,92,277144463.0572,455
2020-01-01,CSX,93,266250227.1795,455
2020-01-01,DE,94,265328049.69770002,455
2020-01-01,EBAY,95,259659411.1775,455
2020-01-01,MDLZ,96,255580850.63910002,455
2020-01-01,F,97,248089032.093,455
2020-01-01,REGN,98,237857589.388,455
2020-01-01,HAL,99,232134318.05205,455
2020-01-01,WDC,100,231816988.51556998,455
2021-01-01,TSLA,1,14797473313.5,462
2021-01-01,AAPL,2,12384183105.984001,462
2021-01-01,AMZN,3,12243606639.0,462
2021-01-01,MSFT,4,6116540209.655001,462
2021-01-01,META,5,4578846169.6154995,462
2021-01-01,BA,6,4071897124.0445,462
2021-01-01,NVDA,7,3999117347.2799997,462
2021-01-01,AMD,8,3547771310.0,462
2021-01-01,NFLX,9,2623753148.0,462
2021-01-01,GOOGL,10,2504639040.64,462
2021-01-01,GOOG,11,2454314046.9370003,462
2021-01-01,V,12,1607129865.1525,462
2021-01-01,JPM,13,1456522895.9980001,462
2021-01-01,DIS,14,1416277444.6685,462
2021-01-01,BAC,15,1325150195.979,462
2021-01-01,INTC,16,1321195817.1515,462
2021-01-01,PYPL,17,1235139771.9475002,462
2021-01-01,MA,18,1170040787.72055,462
2021-01-01,ADBE,19,1116357797.8545,462
2021-01-01,CRM,20,1103849190.132,462
2021-01-01,BRK.B,21,1100584003.7480001,462
2021-01-01,MU,22,1030855351.8705001,462
2021-01-01,C,23,936860783.789,462
2021-01-01,UAL,24,918237842.0,462
2021-01-01,WFC,25,915195809.9236,462
2021-01-01,WMT,26,903696982.3829999,462
2021-01-01,UNH,27,902547688.744,462
2021-01-01,HD,28,882619700.60075,462
2021-01-01,XOM,29,877470260.053,462
2021-01-01,JNJ,30,870637351.5715001,462
2021-01-01,T,31,781898715.895285,462
2021-01-01,CSCO,32,774070536.2367499,462
2021-01-01,PG,33,752476061.316,462
2021-01-01,QCOM,34,750946053.5985,462
2021-01-01,AAL,35,742420680.0,462
2021-01-01,DAL,36,716328109.903,462
2021-01-01,COST,37,694815445.8795,462
2021-01-01,PFE,38,688426617.714345,462
2021-01-01,CVX,39,677183680.942045,462
2021-01-01,GE,40,674298369.043075,462
2021-01-01,CMCSA,41,662946598.832075,462
2021-01-01,NOW,42,660028090.0,462
2021-01-01,KO,43,638605988.198305,462
2021-01-01,CCL,44,623592365.7544999,462
2021-01-01,MRK,45,607913473.210824,462
2021-01-01,VZ,46,606780979.1394999,462
2021-01-01,ABBV,47,602816205.55365,462
2021-01-01,MCD,48,590011521.109,462
2021-01-01,NKE,49,585170646.3989999,462
2021-01-01,SBUX,50,582918798.9732001,462
2021-01-01,CHTR,51,578738068.3189,462
2021-01-01,BMY,52,578273413.315,462
2021-01-01,AVGO,53,577111875.9749999,462
2021-01-01,GS,54,573672258.2865,462
2021-01-01,TMO,55,551582962.344,462
2021-01-01,ORCL,56,549805176.464,462
2021-01-01,LRCX,57,542695051.5,462
2021-01-01,LOW,58,533109800.15199995,462
2021-01-01,RTX,59,521515893.4045,462
2021-01-01,GILD,60,517870509.94949996,462
2021-01-01,TXN,61,500920859.3255,462
2021-01-01,RCL,62,500849272.8995,462
2021-01-01,PEP,63,488770959.2535,462
2021-01-01,LLY,64,483038769.642,462
2021-01-01,REGN,65,477968682.731,462
2021-01-01,AMGN,66,473394078.8705,462
2021-01-01,MS,67,472559061.06799996,462
2021-01-01,IBM,68,466900916.929035,462
2021-01-01,UNP,69,466871018.839,462
2021-01-01,BKNG,70,455809812.95,462
2021-01-01,DHR,71,454611773.31389,462
2021-01-01,ABT,72,450899720.26,462
2021-01-01,NEE,73,450374769.2784,462
2021-01-01,NCLH,74,446039240.0,462
2021-01-01,TGT,75,437256749.30700004,462
2021-01-01,AMAT,76,436677954.123,462
2021-01-01,LMT,77,427887572.781,462
2021-01-01,FISV,78,426489988.5,462
2021-01-01,TMUS,79,423623744.247,462
2021-01-01,MDT,80,422680522.2255,462
2021-01-01,CAT,81,419273344.89849997,462
2021-01-01,AXP,82,416676113.2525,462
2021-01-01,EBAY,83,414206081.8505,462
2021-01-01,FIS,84,409842195.104,462
2021-01-01,FDX,85,404225392.57854605,462
2021-01-01,VRTX,86,401486133.6903,462
2021-01-01,CMG,87,394659680.5,462
2021-01-01,ACN,88,393792402.05200005,462
2021-01-01,CVS,89,392673267.021585,462
2021-01-01,LIN,90,392028372.6495,462
2021-01-01,ISRG,91,387249814.86,462
2021-01-01,OXY,92,384435574.51600003,462
2021-01-01,F,93,376946862.03,462
2021-01-01,BIIB,94,376330782.25409997,462
2021-01-01,SCHW,95,356545240.7857265,462
2021-01-01,MMM,96,355733751.72793,462
2021-01-01,ELV,97,352761890.86448,462
2021-01-01,INTU,98,347916733.74785,462
2021-01-01,CI,99,304685478.8265,462
2021-01-01,EA,100,303937834.60785,462
2022-01-01,TSLA,1,19671258007.449,470
2022-01-01,AAPL,2,11260583437.703,470
2022-01-01,AMZN,3,10536052435.576,470
2022-01-01,MSFT,4,6338382691.708,470
2022-01-01,NVDA,5,5608496836.959999,470
2022-01-01,META,6,5232576231.418,470
2022-01-01,AMD,7,4212163940.0,470
2022-01-01,GOOGL,8,3292049174.9639997,470
2022-01-01,GOOG,9,2788011404.6400003,470
2022-01-01,BA,10,2402374708.8735,470
2022-01-01,MRNA,11,2277410278.3615503,470
2022-01-01,PYPL,12,1832981032.152,470
2022-01-01,NFLX,13,1816188839.2795,470
2022-01-01,V,14,1675063488.3509998,470
2022-01-01,JPM,15,1640768075.3205,470
2022-01-01,BAC,16,1582924608.7235,470
2022-01-01,DIS,17,1452323755.8625,470
2022-01-01,MU,18,1353768873.17,470
2022-01-01,CRM,19,1280795874.315,470
2022-01-01,INTC,20,1270305127.417,470
2022-01-01,MA,21,1261417612.2124999,470
2022-01-01,BRK.B,22,1144978667.0,470
2022-01-01,ADBE,23,1130076487.111,470
2022-01-01,C,24,1096504929.5955,470
2022-01-01,XOM,25,1055599656.6035,470
2022-01-01,UNH,26,1003055554.8074999,470
2022-01-01,WFC,27,986828012.88546,470
2022-01-01,QCOM,28,979809713.24,470
2022-01-01,HD,29,963414773.1395,470
2022-01-01,JNJ,30,945101040.61795,470
2022-01-01,WMT,31,941572161.2262,470
2022-01-01,AMAT,32,917785718.6040001,470
2022-01-01,PG,33,856136447.7750001,470
2022-01-01,PFE,34,846972329.5755,470
2022-01-01,CVX,35,836491520.342433,470
2022-01-01,GS,36,810559471.0215,470
2022-01-01,CSCO,37,779583803.3264585,470
2022-01-01,T,38,777551961.3732281,470
2022-01-01,COST,39,766504879.1135001,470
2022-01-01,NKE,40,766252969.9035,470
2022-01-01,LRCX,41,753546197.8900001,470
2022-01-01,GE,42,744421868.822325,470
2022-01-01,AVGO,43,732412663.375,470
2022-01-01,CMCSA,44,731031159.2505901,470
2022-01-01,F,45,729384880.155,470
2022-01-01,ORCL,46,727938535.2160001,470
2022-01-01,CCL,47,724396433.6975,470
2022-01-01,MRK,48,717671439.3841801,470
2022-01-01,TMO,49,706669305.4052,470
2022-01-01,MS,50,684316543.6525,470
2022-01-01,FCX,51,671197225.9919999,470
2022-01-01,VZ,52,670551713.6195,470
2022-01-01,AAL,53,663553777.0,470
2022-01-01,KO,54,650964527.20538,470
2022-01-01,NOW,55,647607286.5,470
2022-01-01,TXN,56,644664787.7156,470
2022-01-01,LOW,57,607157398.882,470
2022-01-01,CHTR,58,605548184.4814999,470
2022-01-01,UAL,59,598588473.4328,470
2022-01-01,DHR,60,588650549.1530405,470
2022-01-01,LLY,61,578417772.777,470
2022-01-01,CAT,62,575444352.9300001,470
2022-01-01,ABBV,63,572807958.77915,470
2022-01-01,PEP,64,564992737.4535,470
2022-01-01,TGT,65,564627511.7105,470
2022-01-01,SBUX,66,547766389.54905,470
2022-01-01,INTU,67,544108859.9335,470
2022-01-01,MCD,68,541092551.7390001,470
2022-01-01,ABT,69,527099183.81085,470
2022-01-01,UNP,70,520263376.974,470
2022-01-01,ACN,71,518871112.46718,470
2022-01-01,BMY,72,518333044.35355,470
2022-01-01,PSKY,73,517237110.61200005,470
2022-01-01,TMUS,74,514148740.11899996,470
2022-01-01,IBM,75,506074009.6911,470
2022-01-01,AXP,76,485928292.24,470
2022-01-01,AMGN,77,484481717.95350003,470
2022-01-01,FDX,78,482129741.18457997,470
2022-01-01,NEE,79,477634665.6371,470
2022-01-01,BKNG,80,458152102.125,470
2022-01-01,DAL,81,451399911.771,470
2022-01-01,MDT,82,442483162.737,470
2022-01-01,ISRG,83,441521655.895,470
2022-01-01,FISV,84,436502195.5,470
2022-01-01,REGN,85,431675422.134,470
2022-01-01,LMT,86,419441326.332,470
2022-01-01,SCHW,87,416472544.49440503,470
2022-01-01,OXY,88,415520426.436,470
2022-01-01,LIN,89,413998055.2619,470
2022-01-01,NCLH,90,410354574.0,470
2022-01-01,RTX,91,387819872.796,470
2022-01-01,EBAY,92,383497167.01699996,470
2022-01-01,CVS,93,382261710.01405,470
2022-01-01,CMG,94,379742172.5,470
2022-01-01,FIS,95,379708809.39049995,470
2022-01-01,GILD,96,372739613.521,470
2022-01-01,ELV,97,358885160.95956504,470
2022-01-01,CI,98,352890847.1555,470
2022-01-01,VRTX,99,351151558.0,470
2022-01-01,MMM,100,346937439.15902495,470
2023-01-01,TSLA,1,20852713877.897,478
2023-01-01,AAPL,2,12757779828.4325,478
2023-01-01,NVDA,3,9261452333.73,478
2023-01-01,AMZN,4,8364994168.98,478
2023-01-01,AMD,5,7675344984.5539,478
2023-01-01,MSFT,6,7391855518.9195,478
2023-01-01,META,7,5012001694.849775,478
2023-01-01,GOOGL,8,3702526485.019,478
2023-01-01,GOOG,9,3109401204.0791097,478
2023-01-01,NFLX,10,2166128268.0,478
2023-01-01,XOM,11,1870520443.001,478
2023-01-01,BAC,12,1463846394.332,478
2023-01-01,JPM,13,1417716597.4635,478
2023-01-01,V,14,1403979557.47695,478
2023-01-01,PYPL,15,1367106771.2443,478
2023-01-01,UNH,16,1359247006.5180001,478
2023-01-01,BA,17,1298736818.5,478
2023-01-01,CVX,18,1293413541.9354699,478
2023-01-01,INTC,19,1261218765.685,478
2023-01-01,BRK.B,20,1254591633.414,478
2023-01-01,OXY,21,1209684777.13255,478
2023-01-01,ADBE,22,1197974591.2775002,478
2023-01-01,CRM,23,1161388816.676,478
2023-01-01,DIS,24,1155853979.763,478
2023-01-01,MU,25,1127162958.3874998,478
2023-01-01,AVGO,26,1116821794.145,478
2023-01-01,COST,27,1101154818.203,478
2023-01-01,HD,28,1087664767.804,478
2023-01-01,QCOM,29,1058816412.0915,478
2023-01-01,JNJ,30,1019843436.774,478
2023-01-01,MA,31,975853226.7509999,478
2023-01-01,WMT,32,925851421.287,478
2023-01-01,C,33,883088868.1700001,478
2023-01-01,PG,34,880363983.7931,478
2023-01-01,CSCO,35,850467588.956,478
2023-01-01,WFC,36,845194783.2895,478
2023-01-01,PFE,37,830952558.0404999,478
2023-01-01,KO,38,826737605.84042,478
2023-01-01,TXN,39,810386238.5225,478
2023-01-01,MRNA,40,804248000.6585,478
2023-01-01,AMAT,41,798230325.62075,478
2023-01-01,CMCSA,42,783980721.8770876,478
2023-01-01,MRK,43,777005210.5220001,478
2023-01-01,LLY,44,770860055.3255,478
2023-01-01,VZ,45,752084221.35549,478
2023-01-01,ABBV,46,748076439.7904999,478
2023-01-01,PEP,47,739774019.3205,478
2023-01-01,NOW,48,730221799.5,478
2023-01-01,TMO,49,723478504.0009999,478
2023-01-01,NKE,50,721393576.854,478
2023-01-01,GS,51,709616536.9879999,478
2023-01-01,F,52,706455791.1658001,478
2023-01-01,INTU,53,703103073.663,478
2023-01-01,BMY,54,697744741.424,478
2023-01-01,T,55,669298015.25055,478
2023-01-01,LOW,56,659022494.8564999,478
2023-01-01,COP,57,650717059.9679999,478
2023-01-01,LRCX,58,641391687.69,478
2023-01-01,MCD,59,641303650.6494,478
2023-01-01,ENPH,60,638427721.5,478
2023-01-01,SPGI,61,636898011.7865801,478
2023-01-01,DHR,62,635713068.0561194,478
2023-01-01,SBUX,63,606047228.9895,478
2023-01-01,CHTR,64,605982491.0005,478
2023-01-01,ACN,65,605502327.2420001,478
2023-01-01,MS,66,602121331.94,478
2023-01-01,TGT,67,601329001.5885,478
2023-01-01,DVN,68,587951299.033,478
2023-01-01,TMUS,69,587838961.829,478
2023-01-01,AMGN,70,583501859.6505,478
2023-01-01,UNP,71,578509761.378,478
2023-01-01,FCX,72,575655083.1375,478
2023-01-01,NEE,73,573547311.3240001,478
2023-01-01,CAT,74,562053717.939,478
2023-01-01,DE,75,552629062.190105,478
2023-01-01,LIN,76,548760950.9222,478
2023-01-01,CCL,77,548246770.1654999,478
2023-01-01,ORCL,78,514975167.62549996,478
2023-01-01,LMT,79,512879258.9145,478
2023-01-01,SCHW,80,510867820.302081,478
2023-01-01,ABT,81,507355460.61,478
2023-01-01,IBM,82,501755843.5845,478
2023-01-01,AAL,83,492919047.0,478
2023-01-01,MDT,84,489615060.5546,478
2023-01-01,AXP,85,485236522.7,478
2023-01-01,BKNG,86,476691900.45,478
2023-01-01,ISRG,87,465274738.84599996,478
2023-01-01,GE,88,459233273.3377,478
2023-01-01,GILD,89,458316899.658,478
2023-01-01,ELV,90,454699678.238155,478
2023-01-01,CVS,91,440334171.74052,478
2023-01-01,UAL,92,429965079.5,478
2023-01-01,RTX,93,425978271.685,478
2023-01-01,REGN,94,415915645.806,478
2023-01-01,FDX,95,407187539.864875,478
2023-01-01,DAL,96,407079015.69449997,478
2023-01-01,CI,97,401861034.72,478
2023-01-01,VRTX,98,387422733.0,478
2023-01-01,CMG,99,384110844.5,478
2023-01-01,MMM,100,356871503.62946004,478
2024-01-01,TSLA,1,27968717641.5,483
2024-01-01,NVDA,2,16145315160.02,483
2024-01-01,AAPL,3,9353430666.818,483
2024-01-01,MSFT,4,7536645071.825,483
2024-01-01,AMZN,5,6467590824.0,483
2024-01-01,AMD,6,5699041205.056601,483
2024-01-01,META,7,5339731242.1045,483
2024-01-01,GOOGL,8,3372652335.475,483
2024-01-01,GOOG,9,2645698276.0575,483
2024-01-01,NFLX,10,2049418140.0,483
2024-01-01,XOM,11,1566991113.548,483
2024-01-01,AVGO,12,1547512148.565,483
2024-01-01,UNH,13,1359621223.1375,483
2024-01-01,ADBE,14,1239755273.271,483
2024-01-01,JPM,15,1236950177.5095,483
2024-01-01,INTC,16,1205668182.224,483
2024-01-01,V,17,1200379971.934,483
2024-01-01,BAC,18,1162486569.9435,483
2024-01-01,LLY,19,1162421071.689,483
2024-01-01,CVX,20,1060307372.2563651,483
2024-01-01,BA,21,1053927645.3582001,483
2024-01-01,DIS,22,1045784339.8517001,483
2024-01-01,BRK.B,23,1036984228.3325,483
2024-01-01,CRM,24,1031549652.865,483
2024-01-01,JNJ,25,1011722717.994,483
2024-01-01,HD,26,923704395.8134999,483
2024-01-01,MA,27,922990868.066,483
2024-01-01,PYPL,28,877839096.325,483
2024-01-01,COST,29,846878822.4185,483
2024-01-01,MU,30,832265242.353,483
2024-01-01,QCOM,31,802378893.9045,483
2024-01-01,PG,32,800888808.0115001,483
2024-01-01,UBER,33,792886428.0,483
2024-01-01,WMT,34,779373775.4565,483
2024-01-01,CSCO,35,778717920.7,483
2024-01-01,PANW,36,754099353.0,483
2024-01-01,PEP,37,726548637.2945,483
2024-01-01,TXN,38,721660756.9005,483
2024-01-01,PFE,39,720877285.4195001,483
2024-01-01,ORCL,40,711812738.2605,483
2024-01-01,TMO,41,707009347.202,483
2024-01-01,KO,42,701228118.07537,483
2024-01-01,AMAT,43,699577672.365,483
2024-01-01,MRK,44,685667627.78,483
2024-01-01,NKE,45,684184690.93925,483
2024-01-01,WFC,46,670251925.26,483
2024-01-01,C,47,654302226.5605,483
2024-01-01,MCD,48,650781192.9575,483
2024-01-01,CMCSA,49,648021857.592135,483
2024-01-01,CAT,50,641724434.2,483
2024-01-01,INTU,51,638842901.6965001,483
2024-01-01,ABBV,52,637682694.6424999,483
2024-01-01,GS,53,635927146.037,483
2024-01-01,TMUS,54,635156428.435,483
2024-01-01,NOW,55,634885506.5,483
2024-01-01,LRCX,56,623513069.2049999,483
2024-01-01,ABNB,57,614054540.5,483
2024-01-01,DHR,58,600361863.8190801,483
2024-01-01,OXY,59,574558345.0020001,483
2024-01-01,VZ,60,573312568.2477,483
2024-01-01,SCHW,61,568427566.792,483
2024-01-01,ACN,62,567877983.3199999,483
2024-01-01,F,63,560715465.7535,483
2024-01-01,ENPH,64,560713028.5,483
2024-01-01,SBUX,65,547268365.9189999,483
2024-01-01,LIN,66,542173888.6975,483
2024-01-01,NEE,67,537445661.027,483
2024-01-01,DE,68,536472216.865695,483
2024-01-01,CVS,69,524814188.03172505,483
2024-01-01,COP,70,523321276.435,483
2024-01-01,AMGN,71,517942851.423,483
2024-01-01,MS,72,517472251.13750005,483
2024-01-01,LOW,73,511664932.25530005,483
2024-01-01,BMY,74,507848149.12160003,483
2024-01-01,GE,75,503364976.246025,483
2024-01-01,IBM,76,488757663.464,483
2024-01-01,BKNG,77,474312013.698,483
2024-01-01,UNP,78,472879615.90620005,483
2024-01-01,ABT,79,471283831.1323,483
2024-01-01,T,80,469239203.525,483
2024-01-01,LMT,81,459560903.47800004,483
2024-01-01,ELV,82,458234639.83422446,483
2024-01-01,TGT,83,447065008.3151,483
2024-01-01,CMG,84,444152761.8975,483
2024-01-01,RTX,85,441276548.25200003,483
2024-01-01,ISRG,86,434134201.3596,483
2024-01-01,AXP,87,432863048.06689,483
2024-01-01,FCX,88,420085885.63750005,483
2024-01-01,SPGI,89,419152281.39812005,483
2024-01-01,MDT,90,408987096.98,483
2024-01-01,MRNA,91,403180285.5324,483
2024-01-01,CCL,92,384598439.857,483
2024-01-01,GILD,93,381531523.8255,483
2024-01-01,CHTR,94,381465744.58949995,483
2024-01-01,REGN,95,381374062.992,483
2024-01-01,CI,96,377036724.0015,483
2024-01-01,DVN,97,375752249.603,483
2024-01-01,FDX,98,366439665.35667,483
2024-01-01,AAL,99,364318734.0,483
2024-01-01,VRTX,100,358148880.5625,483
2025-01-01,NVDA,1,35298769642.1075,490
2025-01-01,TSLA,2,18898512016.0,490
2025-01-01,AAPL,3,9989170266.086,490
2025-01-01,MSFT,4,7866476398.951,490
2025-01-01,AMD,5,7355722756.9265,490
2025-01-01,AMZN,6,6819862090.0,490
2025-01-01,META,7,6240020001.0865,490
2025-01-01,SMCI,8,4204211079.0,490
2025-01-01,GOOGL,9,3882591144.3645,490
2025-01-01,AVGO,10,3490430421.6415,490
2025-01-01,GOOG,11,2786689090.2615,490
2025-01-01,LLY,12,2163647759.815,490
2025-01-01,NFLX,13,2027016840.6605,490
2025-01-01,MU,14,1963446483.711,490
2025-01-01,UNH,15,1668570180.4109998,490
2025-01-01,V,16,1661936386.6245,490
2025-01-01,XOM,17,1645664813.605,490
2025-01-01,JPM,18,1587103819.8899999,490
2025-01-01,INTC,19,1533981739.481,490
2025-01-01,BRK.B,20,1452713583.7405,490
2025-01-01,COST,21,1450977883.289,490
2025-01-01,ADBE,22,1417734416.1069,490
2025-01-01,PLTR,23,1397674838.0,490
2025-01-01,CRM,24,1368705240.2255,490
2025-01-01,BA,25,1312767053.0,490
2025-01-01,BAC,26,1311368099.745,490
2025-01-01,QCOM,27,1252637074.8590002,490
2025-01-01,UBER,28,1149232125.5,490
2025-01-01,HD,29,1119492768.5955,490
2025-01-01,AMAT,30,1079648218.854,490
2025-01-01,MA,31,1066052132.6400001,490
2025-01-01,CRWD,32,1032517302.0,490
2025-01-01,CVX,33,1009998489.00945,490
2025-01-01,JNJ,34,990574173.1985409,490
2025-01-01,WMT,35,989066728.921,490
2025-01-01,PG,36,964543015.0385001,490
2025-01-01,PANW,37,925878525.229,490
2025-01-01,ORCL,38,915375594.9115,490
2025-01-01,NOW,39,915208409.5,490
2025-01-01,DIS,40,911834618.1759999,490
2025-01-01,WFC,41,907814151.75295,490
2025-01-01,MRK,42,891666711.0554999,490
2025-01-01,TXN,43,891489326.46425,490
2025-01-01,LRCX,44,856258654.1400001,490
2025-01-01,DELL,45,852790235.566,490
2025-01-01,GS,46,851948905.3765,490
2025-01-01,PFE,47,843205256.3873999,490
2025-01-01,CSCO,48,837997713.5815,490
2025-01-01,GE,49,824709994.75,490
2025-01-01,ABBV,50,819648152.8485,490
2025-01-01,NKE,51,816697074.497,490
2025-01-01,MCD,52,811586405.1575799,490
2025-01-01,PEP,53,804958510.9005,490
2025-01-01,TMO,54,799034606.579,490
2025-01-01,KO,55,767495534.2639999,490
2025-01-01,INTU,56,764239167.727,490
2025-01-01,CAT,57,760644016.143,490
2025-01-01,ACN,58,753950063.577,490
2025-01-01,C,59,751410111.5165,490
2025-01-01,SBUX,60,732601841.4089999,490
2025-01-01,PYPL,61,721051236.46545,490
2025-01-01,TMUS,62,690820373.972,490
2025-01-01,LIN,63,682512724.194,490
2025-01-01,CMCSA,64,679583529.5362899,490
2025-01-01,IBM,65,671757240.8769,490
2025-01-01,NEE,66,655763919.5179999,490
2025-01-01,GEV,67,635899767.622,490
2025-01-01,DHR,68,635732679.99,490
2025-01-01,AMGN,69,635354387.8600001,490
2025-01-01,CMG,70,619867721.5,490
2025-01-01,AXP,71,613850517.274,490
2025-01-01,VZ,72,603158320.993,490
2025-01-01,ANET,73,602833189.5,490
2025-01-01,BKNG,74,595490889.8000001,490
2025-01-01,MS,75,581886686.468,490
2025-01-01,RTX,76,581513990.9359,490
2025-01-01,CVS,77,580197605.3,490
2025-01-01,COP,78,575656396.6665001,490
2025-01-01,ISRG,79,558303149.854,490
2025-01-01,BMY,80,557045518.3599999,490
2025-01-01,ABNB,81,547225660.107,490
2025-01-01,ABT,82,538189892.0940499,490
2025-01-01,T,83,535732771.9515,490
2025-01-01,LOW,84,530917307.2485,490
2025-01-01,F,85,520155128.35,490
2025-01-01,UNP,86,512004993.07500005,490
2025-01-01,SPGI,87,511354460.13192,490
2025-01-01,FCX,88,506548189.26100004,490
2025-01-01,ELV,89,489976196.1625,490
2025-01-01,TGT,90,489743354.408,490
2025-01-01,DE,91,488002679.80550003,490
2025-01-01,VRTX,92,482662292.23905,490
2025-01-01,REGN,93,482568441.8665,490
2025-01-01,OXY,94,471082077.74899995,490
2025-01-01,SCHW,95,470732461.3944,490
2025-01-01,GILD,96,465698381.58299994,490
2025-01-01,CI,97,452810571.62469995,490
2025-01-01,MDT,98,451905489.67350006,490
2025-01-01,CCL,99,439318089.3943,490
2025-01-01,LMT,100,438601434.1701,490
2026-01-01,TSLA,1,31925402308.821,497
2026-01-01,NVDA,2,29934518581.8435,497
2026-01-01,AAPL,3,11024291238.1185,497
2026-01-01,PLTR,4,9195499748.5,497
2026-01-01,MSFT,5,9179067605.7445,497
2026-01-01,META,6,8791908928.983,497
2026-01-01,AMZN,7,8569014584.448999,497
2026-01-01,GOOGL,8,6499586918.9869995,497
2026-01-01,AMD,9,5900436324.0,497
2026-01-01,AVGO,10,5892055276.6575,497
2026-01-01,GOOG,11,4326089982.695499,497
2026-01-01,NFLX,12,3772618399.1184998,497
2026-01-01,UNH,13,2915871031.392,497
2026-01-01,HOOD,14,2802398803.0721,497
2026-01-01,LLY,15,2777746706.4440002,497
2026-01-01,MU,16,2510807389.4391003,497
2026-01-01,COIN,17,2509757205.4305,497
2026-01-01,ORCL,18,2447248457.953,497
2026-01-01,APP,19,2319407228.3885,497
2026-01-01,JPM,20,2263590838.0905,497
2026-01-01,BRK.B,21,2113550409.3855,497
2026-01-01,COST,22,2024850827.7405,497
2026-01-01,INTC,23,2016424824.0,497
2026-01-01,V,24,1975865727.9006,497
2026-01-01,CRM,25,1864997069.1065,497
2026-01-01,BAC,26,1641693103.6215,497
2026-01-01,XOM,27,1630749054.1475,497
2026-01-01,WMT,28,1565108980.9039998,497
2026-01-01,UBER,29,1538280018.0,497
2026-01-01,GEV,30,1426737008.9435,497
2026-01-01,SMCI,31,1419557425.5,497
2026-01-01,MA,32,1404627012.0102,497
2026-01-01,BA,33,1394355442.9485002,497
2026-01-01,GS,34,1390865687.0239,497
2026-01-01,JNJ,35,1340249650.1365,497
2026-01-01,NOW,36,1329580407.275,497
2026-01-01,ADBE,37,1314930561.3894,497
2026-01-01,CRWD,38,1260688270.7968001,497
2026-01-01,HD,39,1202594895.8695002,497
2026-01-01,AMAT,40,1191952289.957,497
2026-01-01,QCOM,41,1184477429.019,497
2026-01-01,WFC,42,1151723786.9765,497
2026-01-01,CSCO,43,1149977282.3734999,497
2026-01-01,PG,44,1147158517.622,497
2026-01-01,CVX,45,1140186964.7350001,497
2026-01-01,TXN,46,1135800182.6764998,497
2026-01-01,GE,47,1130253507.126,497
2026-01-01,C,48,1129928852.546,497
2026-01-01,LRCX,49,1108079136.4889998,497
2026-01-01,INTU,50,1084757723.9180002,497
2026-01-01,ABBV,51,1082524669.3685,497
2026-01-01,MRK,52,1065897601.1759999,497
2026-01-01,TMO,53,1037892514.8465,497
2026-01-01,CAT,54,1037081685.8339999,497
2026-01-01,KO,55,1031472902.049,497
2026-01-01,PEP,56,1027142455.35705,497
2026-01-01,IBM,57,1017921990.096,497
2026-01-01,PANW,58,1000044333.6585,497
2026-01-01,CVNA,59,980123022.0,497
2026-01-01,BKNG,60,964271074.95,497
2026-01-01,ANET,61,959321309.1285,497
2026-01-01,ACN,62,959009369.687,497
2026-01-01,PFE,63,957530736.6624999,497
2026-01-01,ISRG,64,936987968.53,497
2026-01-01,TMUS,65,936492283.0734999,497
2026-01-01,MCD,66,916885549.94975,497
2026-01-01,DIS,67,893482703.912,497
2026-01-01,NKE,68,878662475.802,497
2026-01-01,T,69,866310710.06,497
2026-01-01,LIN,70,856439830.421,497
2026-01-01,F,71,812107977.955,497
2026-01-01,VZ,72,794592907.4665,497
2026-01-01,SBUX,73,782823197.2215,497
2026-01-01,MS,74,775661177.563,497
2026-01-01,AXP,75,769253803.1975,497
2026-01-01,GILD,76,760701514.9319999,497
2026-01-01,DHR,77,760311146.7945,497
2026-01-01,SCHW,78,734203307.77775,497
2026-01-01,CMCSA,79,732851126.7395401,497
2026-01-01,ABT,80,724199615.3075001,497
2026-01-01,NEE,81,724180513.6620001,497
2026-01-01,PYPL,82,717433078.7443,497
2026-01-01,AMGN,83,711137693.5476,497
2026-01-01,DELL,84,700062184.6818,497
2026-01-01,UNP,85,688561933.089,497
2026-01-01,CMG,86,653116365.0,497
2026-01-01,RTX,87,648454850.721,497
2026-01-01,SPGI,88,641132085.4646599,497
2026-01-01,TGT,89,622185256.2035,497
2026-01-01,LMT,90,613519076.8050001,497
2026-01-01,COP,91,606987067.1977,497
2026-01-01,VRTX,92,601205925.4565,497
2026-01-01,MDT,93,598165773.113,497
2026-01-01,LOW,94,597786600.6830001,497
2026-01-01,REGN,95,594541748.4625001,497
2026-01-01,BMY,96,593122309.551,497
2026-01-01,ELV,97,589011250.3495,497
2026-01-01,DE,98,578351273.6802,497
2026-01-01,ABNB,99,568742760.289,497
2026-01-01,FCX,100,562924069.6200001,497
